401356.4063;5859412;-3806.18335
401416.6875;5859412;-3806.4104
401477;5859412;-3806.654297
401537.3125;5859412;-3806.929932
401597.5938;5859412;-3807.27002
401657.9063;5859412;-3807.705322
401718.2188;5859412;-3808.256836
401778.5;5859412;-3808.962891
401838.8125;5859412;-3809.887207
401899.0938;5859412;-3811.030762
401959.4063;5859412;-3812.411865
402019.7188;5859412;-3814.079834
402080;5859412;-3816.033447
402140.3125;5859412;-3818.158936
402200.625;5859412;-3820.402832
402260.9063;5859412;-3822.733398
402321.2188;5859412;-3825.099121
402381.5;5859412;-3827.472656
402441.8125;5859412;-3829.845215
402502.125;5859412;-3832.217041
402562.4063;5859412;-3834.594238
402622.7188;5859412;-3836.981445
402683.0313;5859412;-3839.377441
402743.3125;5859412;-3841.775635
402803.625;5859412;-3844.16626
402863.9063;5859412;-3846.539551
402924.2188;5859412;-3848.884766
402984.5313;5859412;-3851.178467
403044.8125;5859412;-3853.397705
403105.125;5859412;-3855.54834
403165.4375;5859412;-3857.629883
403225.7188;5859412;-3859.626709
403286.0313;5859412;-3861.526367
403346.3125;5859412;-3863.34375
403406.625;5859412;-3865.087891
403466.9375;5859412;-3866.754883
403527.2188;5859412;-3868.335449
403587.5313;5859412;-3869.846436
403647.8438;5859412;-3871.30542
403708.125;5859412;-3872.7146
403768.4375;5859412;-3874.083252
403828.7188;5859412;-3875.425781
403889.0313;5859412;-3876.742188
403949.3438;5859412;-3878.031494
404009.625;5859412;-3879.306152
404069.9375;5859412;-3880.572754
404130.25;5859412;-3881.830811
404190.5313;5859412;-3883.085449
404250.8438;5859412;-3884.332764
404311.125;5859412;-3885.571777
404371.4375;5859412;-3886.808594
404431.75;5859412;-3888.044922
404492.0313;5859412;-3889.276855
404552.3438;5859412;-3890.498535
404612.625;5859412;-3891.70752
404672.9375;5859412;-3892.915039
404733.25;5859412;-3894.11499
404793.5313;5859412;-3895.300537
404853.8438;5859412;-3896.485352
404914.1563;5859412;-3897.752686
404974.4375;5859412;-3901.143555
405034.75;5859412;-3902.358887
405095.0313;5859412;-3903.567383
405155.3438;5859412;-3904.743896
405215.6563;5859412;-3905.917236
405275.9375;5859412;-3907.085693
405336.25;5859412;-3908.221436
405396.5625;5859412;-3909.353027
405456.8438;5859412;-3910.480469
405517.1563;5859412;-3911.576904
405577.4375;5859412;-3912.66626
405637.75;5859412;-3913.746582
405698.0625;5859412;-3914.798828
405758.3438;5859412;-3915.841797
405818.6563;5859412;-3916.876953
405878.9688;5859412;-3917.881104
405939.25;5859412;-3918.866699
405999.5625;5859412;-3919.841553
406059.8438;5859412;-3920.740723
406120.1563;5859412;-3921.593018
406180.4688;5859412;-3922.429688
406240.75;5859412;-3923.133789
406301.0625;5859412;-3924.04541
406361.375;5859412;-3924.942383
406421.6563;5859412;-3925.830566
406481.9688;5859412;-3926.708984
406542.25;5859412;-3927.565674
406602.5625;5859412;-3928.4021
406662.875;5859412;-3929.224121
406723.1563;5859412;-3930.028809
406783.4688;5859412;-3930.819092
406843.7813;5859412;-3931.598389
406904.0625;5859412;-3932.373047
406964.375;5859412;-3933.157715
407024.6563;5859412;-3933.967285
407084.9688;5859412;-3934.821777
407145.2813;5859412;-3935.747559
407205.5625;5859412;-3936.770996
407265.875;5859412;-3937.912109
407326.1875;5859412;-3939.202393
407386.4688;5859412;-3940.629639
407446.7813;5859412;-3942.165527
407507.0625;5859412;-3943.80542
407567.375;5859412;-3945.56543
407627.6875;5859412;-3947.456787
407687.9688;5859412;-3949.507324
407748.2813;5859412;-3951.821533
407808.5938;5859412;-3954.628174
407868.875;5859412;-3958.001953
407929.1875;5859412;-3961.822754
407989.4688;5859412;-3965.930176
408049.7813;5859412;-3969.950195
408110.0938;5859412;-3973.079834
408170.375;5859412;-3974.791504
408230.6875;5859412;-3975.080811
408291;5859412;-3974.657959
408351.2813;5859412;-3973.805908
408411.5938;5859412;-3972.630615
408471.875;5859412;-3971.148193
408532.1875;5859412;-3969.397949
408592.5;5859412;-3967.560547
408652.7813;5859412;-3965.733398
408713.0938;5859412;-3963.95874
408773.4063;5859412;-3962.267822
408833.6875;5859412;-3960.651123
408894;5859412;-3959.092529
408954.2813;5859412;-3957.577881
409014.5938;5859412;-3956.112793
409074.9063;5859412;-3954.699463
409135.1875;5859412;-3953.337158
409195.5;5859412;-3952.033691
409255.8125;5859412;-3950.800537
409316.0938;5859412;-3949.616943
409376.4063;5859412;-3957.002197
401356.4063;5859472.5;-3806.531494
401416.6875;5859472.5;-3806.791504
401477;5859472.5;-3807.079102
401537.3125;5859472.5;-3807.413574
401597.5938;5859472.5;-3807.82959
401657.9063;5859472.5;-3808.347656
401718.2188;5859472.5;-3808.982178
401778.5;5859472.5;-3809.768555
401838.8125;5859472.5;-3810.780029
401899.0938;5859472.5;-3812.02002
401959.4063;5859472.5;-3813.52124
402019.7188;5859472.5;-3815.344971
402080;5859472.5;-3817.478027
402140.3125;5859472.5;-3819.759033
402200.625;5859472.5;-3822.11084
402260.9063;5859472.5;-3824.476074
402321.2188;5859472.5;-3826.779541
402381.5;5859472.5;-3829.032227
402441.8125;5859472.5;-3831.246338
402502.125;5859472.5;-3833.432129
402562.4063;5859472.5;-3835.605713
402622.7188;5859472.5;-3837.789063
402683.0313;5859472.5;-3839.989014
402743.3125;5859472.5;-3842.20459
402803.625;5859472.5;-3844.430664
402863.9063;5859472.5;-3846.658936
402924.2188;5859472.5;-3848.882568
402984.5313;5859472.5;-3851.08667
403044.8125;5859472.5;-3853.248047
403105.125;5859472.5;-3855.366211
403165.4375;5859472.5;-3857.433838
403225.7188;5859472.5;-3859.433838
403286.0313;5859472.5;-3861.348145
403346.3125;5859472.5;-3863.188477
403406.625;5859472.5;-3864.960449
403466.9375;5859472.5;-3866.658447
403527.2188;5859472.5;-3868.268799
403587.5313;5859472.5;-3869.809326
403647.8438;5859472.5;-3871.296387
403708.125;5859472.5;-3872.732422
403768.4375;5859472.5;-3874.124268
403828.7188;5859472.5;-3875.489258
403889.0313;5859472.5;-3876.824463
403949.3438;5859472.5;-3878.128906
404009.625;5859472.5;-3879.416016
404069.9375;5859472.5;-3880.692383
404130.25;5859472.5;-3881.958496
404190.5313;5859472.5;-3883.218994
404250.8438;5859472.5;-3884.469971
404311.125;5859472.5;-3885.709961
404371.4375;5859472.5;-3886.947021
404431.75;5859472.5;-3888.182861
404492.0313;5859472.5;-3889.412842
404552.3438;5859472.5;-3890.627197
404612.625;5859472.5;-3891.821777
404672.9375;5859472.5;-3893.014893
404733.25;5859472.5;-3894.200684
404793.5313;5859472.5;-3895.374268
404853.8438;5859472.5;-3896.547119
404914.1563;5859472.5;-3900.00293
404974.4375;5859472.5;-3901.204834
405034.75;5859472.5;-3902.40625
405095.0313;5859472.5;-3903.601074
405155.3438;5859472.5;-3904.765625
405215.6563;5859472.5;-3905.926514
405275.9375;5859472.5;-3907.083252
405336.25;5859472.5;-3908.208496
405396.5625;5859472.5;-3909.329834
405456.8438;5859472.5;-3910.446777
405517.1563;5859472.5;-3911.535645
405577.4375;5859472.5;-3912.616699
405637.75;5859472.5;-3913.689941
405698.0625;5859472.5;-3914.739746
405758.3438;5859472.5;-3915.780762
405818.6563;5859472.5;-3916.816406
405878.9688;5859472.5;-3917.829102
405939.25;5859472.5;-3918.828125
405999.5625;5859472.5;-3919.817627
406059.8438;5859472.5;-3920.663574
406120.1563;5859472.5;-3921.429443
406180.4688;5859472.5;-3922.178955
406240.75;5859472.5;-3922.902832
406301.0625;5859472.5;-3923.812744
406361.375;5859472.5;-3924.708984
406421.6563;5859472.5;-3925.599609
406481.9688;5859472.5;-3926.483643
406542.25;5859472.5;-3927.349609
406602.5625;5859472.5;-3928.199463
406662.875;5859472.5;-3929.039795
406723.1563;5859472.5;-3929.866455
406783.4688;5859472.5;-3930.681396
406843.7813;5859472.5;-3931.486816
406904.0625;5859472.5;-3932.284424
406964.375;5859472.5;-3933.086426
407024.6563;5859472.5;-3933.905273
407084.9688;5859472.5;-3934.752197
407145.2813;5859472.5;-3935.647949
407205.5625;5859472.5;-3936.611084
407265.875;5859472.5;-3937.654297
407326.1875;5859472.5;-3938.802246
407386.4688;5859472.5;-3940.042725
407446.7813;5859472.5;-3941.351807
407507.0625;5859472.5;-3942.725586
407567.375;5859472.5;-3944.17627
407627.6875;5859472.5;-3945.726074
407687.9688;5859472.5;-3947.412354
407748.2813;5859472.5;-3949.340576
407808.5938;5859472.5;-3951.769043
407868.875;5859472.5;-3954.790283
407929.1875;5859472.5;-3958.293945
407989.4688;5859472.5;-3962.228027
408049.7813;5859472.5;-3966.453125
408110.0938;5859472.5;-3970.178711
408170.375;5859472.5;-3972.291016
408230.6875;5859472.5;-3972.585693
408291;5859472.5;-3972.196045
408351.2813;5859472.5;-3971.476563
408411.5938;5859472.5;-3970.45752
408471.875;5859472.5;-3969.114746
408532.1875;5859472.5;-3967.470459
408592.5;5859472.5;-3965.736572
408652.7813;5859472.5;-3964.010986
408713.0938;5859472.5;-3962.332031
408773.4063;5859472.5;-3960.733643
408833.6875;5859472.5;-3959.203613
408894;5859472.5;-3957.726074
408954.2813;5859472.5;-3956.287598
409014.5938;5859472.5;-3954.892822
409074.9063;5859472.5;-3953.545166
409135.1875;5859472.5;-3952.243896
409195.5;5859472.5;-3950.998291
409255.8125;5859472.5;-3949.820068
409316.0938;5859472.5;-3957.143066
409376.4063;5859472.5;-3956.10376
401356.4063;5859533.5;-3806.876465
401416.6875;5859533.5;-3807.165283
401477;5859533.5;-3807.494385
401537.3125;5859533.5;-3807.887695
401597.5938;5859533.5;-3808.379639
401657.9063;5859533.5;-3808.977295
401718.2188;5859533.5;-3809.687988
401778.5;5859533.5;-3810.544678
401838.8125;5859533.5;-3811.629639
401899.0938;5859533.5;-3812.960938
401959.4063;5859533.5;-3814.589844
402019.7188;5859533.5;-3816.593994
402080;5859533.5;-3818.945557
402140.3125;5859533.5;-3821.424561
402200.625;5859533.5;-3823.920654
402260.9063;5859533.5;-3826.338135
402321.2188;5859533.5;-3828.577393
402381.5;5859533.5;-3830.701904
402441.8125;5859533.5;-3832.748047
402502.125;5859533.5;-3834.735107
402562.4063;5859533.5;-3836.693115
402622.7188;5859533.5;-3838.662109
402683.0313;5859533.5;-3840.657471
402743.3125;5859533.5;-3842.684082
402803.625;5859533.5;-3844.740723
402863.9063;5859533.5;-3846.818359
402924.2188;5859533.5;-3848.915771
402984.5313;5859533.5;-3851.024902
403044.8125;5859533.5;-3853.12793
403105.125;5859533.5;-3855.213135
403165.4375;5859533.5;-3857.266846
403225.7188;5859533.5;-3859.27002
403286.0313;5859533.5;-3861.200928
403346.3125;5859533.5;-3863.064941
403406.625;5859533.5;-3864.864258
403466.9375;5859533.5;-3866.591797
403527.2188;5859533.5;-3868.231201
403587.5313;5859533.5;-3869.799316
403647.8438;5859533.5;-3871.312744
403708.125;5859533.5;-3872.772217
403768.4375;5859533.5;-3874.186035
403828.7188;5859533.5;-3875.570313
403889.0313;5859533.5;-3876.922607
403949.3438;5859533.5;-3878.23999
404009.625;5859533.5;-3879.537354
404069.9375;5859533.5;-3880.822266
404130.25;5859533.5;-3882.095459
404190.5313;5859533.5;-3883.361084
404250.8438;5859533.5;-3884.614258
404311.125;5859533.5;-3885.854736
404371.4375;5859533.5;-3887.091797
404431.75;5859533.5;-3888.326172
404492.0313;5859533.5;-3889.553711
404552.3438;5859533.5;-3890.76001
404612.625;5859533.5;-3891.939697
404672.9375;5859533.5;-3893.116943
404733.25;5859533.5;-3894.288574
404793.5313;5859533.5;-3895.449707
404853.8438;5859533.5;-3898.855469
404914.1563;5859533.5;-3900.079102
404974.4375;5859533.5;-3901.267578
405034.75;5859533.5;-3902.454102
405095.0313;5859533.5;-3903.635498
405155.3438;5859533.5;-3904.787842
405215.6563;5859533.5;-3905.937012
405275.9375;5859533.5;-3907.081543
405336.25;5859533.5;-3908.196289
405396.5625;5859533.5;-3909.306885
405456.8438;5859533.5;-3910.413574
405517.1563;5859533.5;-3911.494385
405577.4375;5859533.5;-3912.567871
405637.75;5859533.5;-3913.633301
405698.0625;5859533.5;-3914.68042
405758.3438;5859533.5;-3915.720703
405818.6563;5859533.5;-3916.755371
405878.9688;5859533.5;-3917.777344
405939.25;5859533.5;-3918.789551
405999.5625;5859533.5;-3919.793457
406059.8438;5859533.5;-3920.58667
406120.1563;5859533.5;-3921.265625
406180.4688;5859533.5;-3921.766602
406240.75;5859533.5;-3922.672607
406301.0625;5859533.5;-3923.579834
406361.375;5859533.5;-3924.476563
406421.6563;5859533.5;-3925.369873
406481.9688;5859533.5;-3926.259521
406542.25;5859533.5;-3927.134277
406602.5625;5859533.5;-3927.997314
406662.875;5859533.5;-3928.85498
406723.1563;5859533.5;-3929.70166
406783.4688;5859533.5;-3930.539307
406843.7813;5859533.5;-3931.367432
406904.0625;5859533.5;-3932.184326
406964.375;5859533.5;-3932.999512
407024.6563;5859533.5;-3933.822998
407084.9688;5859533.5;-3934.658447
407145.2813;5859533.5;-3935.52002
407205.5625;5859533.5;-3936.421875
407265.875;5859533.5;-3937.368652
407326.1875;5859533.5;-3938.374268
407386.4688;5859533.5;-3939.429199
407446.7813;5859533.5;-3940.514404
407507.0625;5859533.5;-3941.621094
407567.375;5859533.5;-3942.752441
407627.6875;5859533.5;-3943.939453
407687.9688;5859533.5;-3945.229736
407748.2813;5859533.5;-3946.728271
407808.5938;5859533.5;-3948.682373
407868.875;5859533.5;-3951.175781
407929.1875;5859533.5;-3954.102783
407989.4688;5859533.5;-3957.510254
408049.7813;5859533.5;-3961.634766
408110.0938;5859533.5;-3966.170166
408170.375;5859533.5;-3968.974854
408230.6875;5859533.5;-3969.352783
408291;5859533.5;-3969.180664
408351.2813;5859533.5;-3968.804688
408411.5938;5859533.5;-3968.082031
408471.875;5859533.5;-3966.95166
408532.1875;5859533.5;-3965.445068
408592.5;5859533.5;-3963.824219
408652.7813;5859533.5;-3962.206055
408713.0938;5859533.5;-3960.630127
408773.4063;5859533.5;-3959.128418
408833.6875;5859533.5;-3957.690186
408894;5859533.5;-3956.298584
408954.2813;5859533.5;-3954.940186
409014.5938;5859533.5;-3953.618652
409074.9063;5859533.5;-3952.338623
409135.1875;5859533.5;-3951.101074
409195.5;5859533.5;-3949.915039
409255.8125;5859533.5;-3948.794922
409316.0938;5859533.5;-3956.148438
409376.4063;5859533.5;-3955.166992
401356.4063;5859594;-3807.233643
401416.6875;5859594;-3807.542236
401477;5859594;-3807.911621
401537.3125;5859594;-3808.371094
401597.5938;5859594;-3808.941895
401657.9063;5859594;-3809.616943
401718.2188;5859594;-3810.395264
401778.5;5859594;-3811.308105
401838.8125;5859594;-3812.450928
401899.0938;5859594;-3813.865967
401959.4063;5859594;-3815.631348
402019.7188;5859594;-3817.850586
402080;5859594;-3820.477783
402140.3125;5859594;-3823.211914
402200.625;5859594;-3825.894287
402260.9063;5859594;-3828.380859
402321.2188;5859594;-3830.550293
402381.5;5859594;-3832.532227
402441.8125;5859594;-3834.393799
402502.125;5859594;-3836.16626
402562.4063;5859594;-3837.893311
402622.7188;5859594;-3839.63501
402683.0313;5859594;-3841.413086
402743.3125;5859594;-3843.239258
402803.625;5859594;-3845.115723
402863.9063;5859594;-3847.032959
402924.2188;5859594;-3848.992676
402984.5313;5859594;-3850.998779
403044.8125;5859594;-3853.038818
403105.125;5859594;-3855.087402
403165.4375;5859594;-3857.124756
403225.7188;5859594;-3859.130371
403286.0313;5859594;-3861.079346
403346.3125;5859594;-3862.968018
403406.625;5859594;-3864.795166
403466.9375;5859594;-3866.551758
403527.2188;5859594;-3868.219727
403587.5313;5859594;-3869.814209
403647.8438;5859594;-3871.352539
403708.125;5859594;-3872.833984
403768.4375;5859594;-3874.267334
403828.7188;5859594;-3875.668945
403889.0313;5859594;-3877.036133
403949.3438;5859594;-3878.365479
404009.625;5859594;-3879.671875
404069.9375;5859594;-3880.964111
404130.25;5859594;-3882.242676
404190.5313;5859594;-3883.512207
404250.8438;5859594;-3884.767822
404311.125;5859594;-3886.007813
404371.4375;5859594;-3887.243164
404431.75;5859594;-3888.475586
404492.0313;5859594;-3889.700195
404552.3438;5859594;-3890.897705
404612.625;5859594;-3892.061768
404672.9375;5859594;-3893.2229
404733.25;5859594;-3894.379395
404793.5313;5859594;-3895.527344
404853.8438;5859594;-3898.949951
404914.1563;5859594;-3900.157227
404974.4375;5859594;-3901.330566
405034.75;5859594;-3902.50293
405095.0313;5859594;-3903.669922
405155.3438;5859594;-3904.80957
405215.6563;5859594;-3905.946289
405275.9375;5859594;-3907.078857
405336.25;5859594;-3908.183105
405396.5625;5859594;-3909.282959
405456.8438;5859594;-3910.37915
405517.1563;5859594;-3911.451904
405577.4375;5859594;-3912.517334
405637.75;5859594;-3913.574707
405698.0625;5859594;-3914.619385
405758.3438;5859594;-3915.658447
405818.6563;5859594;-3916.692627
405878.9688;5859594;-3917.723633
405939.25;5859594;-3918.748047
405999.5625;5859594;-3919.766846
406059.8438;5859594;-3920.506836
406120.1563;5859594;-3920.653809
406180.4688;5859594;-3921.540527
406240.75;5859594;-3922.439453
406301.0625;5859594;-3923.344482
406361.375;5859594;-3924.240967
406421.6563;5859594;-3925.136719
406481.9688;5859594;-3926.031738
406542.25;5859594;-3926.915039
406602.5625;5859594;-3927.79126
406662.875;5859594;-3928.665771
406723.1563;5859594;-3929.53125
406783.4688;5859594;-3930.388672
406843.7813;5859594;-3931.238281
406904.0625;5859594;-3932.072266
406964.375;5859594;-3932.897705
407024.6563;5859594;-3933.723145
407084.9688;5859594;-3934.546143
407145.2813;5859594;-3935.373535
407205.5625;5859594;-3936.216064
407265.875;5859594;-3937.070801
407326.1875;5859594;-3937.938965
407386.4688;5859594;-3938.814697
407446.7813;5859594;-3939.681396
407507.0625;5859594;-3940.526123
407567.375;5859594;-3941.3396
407627.6875;5859594;-3942.159668
407687.9688;5859594;-3943.039551
407748.2813;5859594;-3944.074463
407808.5938;5859594;-3945.4729
407868.875;5859594;-3947.29834
407929.1875;5859594;-3949.418457
407989.4688;5859594;-3951.824219
408049.7813;5859594;-3954.988281
408110.0938;5859594;-3959.593018
408170.375;5859594;-3963.377441
408230.6875;5859594;-3964.800537
408291;5859594;-3965.453613
408351.2813;5859594;-3965.691162
408411.5938;5859594;-3965.411621
408471.875;5859594;-3964.579834
408532.1875;5859594;-3963.259521
408592.5;5859594;-3961.782227
408652.7813;5859594;-3960.291992
408713.0938;5859594;-3958.833984
408773.4063;5859594;-3957.439697
408833.6875;5859594;-3956.100586
408894;5859594;-3954.80127
408954.2813;5859594;-3953.527344
409014.5938;5859594;-3952.282227
409074.9063;5859594;-3951.073242
409135.1875;5859594;-3949.901855
409195.5;5859594;-3948.778564
409255.8125;5859594;-3956.072998
409316.0938;5859594;-3955.104248
409376.4063;5859594;-3954.181641
401356.4063;5859654.5;-3807.672607
401416.6875;5859654.5;-3807.978271
401477;5859654.5;-3808.38501
401537.3125;5859654.5;-3808.921875
401597.5938;5859654.5;-3809.563477
401657.9063;5859654.5;-3810.293701
401718.2188;5859654.5;-3811.108887
401778.5;5859654.5;-3812.041748
401838.8125;5859654.5;-3813.208008
401899.0938;5859654.5;-3814.687012
401959.4063;5859654.5;-3816.604004
402019.7188;5859654.5;-3819.109619
402080;5859654.5;-3822.121582
402140.3125;5859654.5;-3825.212402
402200.625;5859654.5;-3828.149414
402260.9063;5859654.5;-3830.724609
402321.2188;5859654.5;-3832.811279
402381.5;5859654.5;-3834.628662
402441.8125;5859654.5;-3836.283691
402502.125;5859654.5;-3837.821289
402562.4063;5859654.5;-3839.301758
402622.7188;5859654.5;-3840.799561
402683.0313;5859654.5;-3842.343506
402743.3125;5859654.5;-3843.950684
402803.625;5859654.5;-3845.626709
402863.9063;5859654.5;-3847.362061
402924.2188;5859654.5;-3849.165283
402984.5313;5859654.5;-3851.051758
403044.8125;5859654.5;-3853.014893
403105.125;5859654.5;-3855.016357
403165.4375;5859654.5;-3857.029541
403225.7188;5859654.5;-3859.033447
403286.0313;5859654.5;-3860.998047
403346.3125;5859654.5;-3862.911133
403406.625;5859654.5;-3864.766113
403466.9375;5859654.5;-3866.552002
403527.2188;5859654.5;-3868.248291
403587.5313;5859654.5;-3869.869385
403647.8438;5859654.5;-3871.430664
403708.125;5859654.5;-3872.932861
403768.4375;5859654.5;-3874.383301
403828.7188;5859654.5;-3875.799561
403889.0313;5859654.5;-3877.179443
403949.3438;5859654.5;-3878.517578
404009.625;5859654.5;-3879.830811
404069.9375;5859654.5;-3881.128174
404130.25;5859654.5;-3882.4104
404190.5313;5859654.5;-3883.680664
404250.8438;5859654.5;-3884.932861
404311.125;5859654.5;-3886.16748
404371.4375;5859654.5;-3887.393555
404431.75;5859654.5;-3888.612793
404492.0313;5859654.5;-3889.822754
404552.3438;5859654.5;-3891.008789
404612.625;5859654.5;-3892.164551
404672.9375;5859654.5;-3893.316895
404733.25;5859654.5;-3894.463379
404793.5313;5859654.5;-3897.862305
404853.8438;5859654.5;-3899.062012
404914.1563;5859654.5;-3900.251709
404974.4375;5859654.5;-3901.409668
405034.75;5859654.5;-3902.566406
405095.0313;5859654.5;-3903.718262
405155.3438;5859654.5;-3904.844482
405215.6563;5859654.5;-3905.96875
405275.9375;5859654.5;-3907.088623
405336.25;5859654.5;-3908.183838
405396.5625;5859654.5;-3909.275391
405456.8438;5859654.5;-3910.363037
405517.1563;5859654.5;-3911.433105
405577.4375;5859654.5;-3912.49707
405637.75;5859654.5;-3913.553467
405698.0625;5859654.5;-3914.614746
405758.3438;5859654.5;-3915.675049
405818.6563;5859654.5;-3916.732422
405878.9688;5859654.5;-3917.851074
405939.25;5859654.5;-3918.989014
405999.5625;5859654.5;-3920.12793
406059.8438;5859654.5;-3920.764404
406120.1563;5859654.5;-3920.404053
406180.4688;5859654.5;-3921.285889
406240.75;5859654.5;-3922.180176
406301.0625;5859654.5;-3923.08252
406361.375;5859654.5;-3923.977539
406421.6563;5859654.5;-3924.875
406481.9688;5859654.5;-3925.774414
406542.25;5859654.5;-3926.665039
406602.5625;5859654.5;-3927.552979
406662.875;5859654.5;-3928.442383
406723.1563;5859654.5;-3929.324463
406783.4688;5859654.5;-3930.201172
406843.7813;5859654.5;-3931.070557
406904.0625;5859654.5;-3931.920654
406964.375;5859654.5;-3932.756836
407024.6563;5859654.5;-3933.585205
407084.9688;5859654.5;-3934.398438
407145.2813;5859654.5;-3935.19873
407205.5625;5859654.5;-3935.991211
407265.875;5859654.5;-3936.76709
407326.1875;5859654.5;-3937.514893
407386.4688;5859654.5;-3938.230713
407446.7813;5859654.5;-3938.902344
407507.0625;5859654.5;-3939.512451
407567.375;5859654.5;-3940.039063
407627.6875;5859654.5;-3940.521484
407687.9688;5859654.5;-3941.012939
407748.2813;5859654.5;-3941.598145
407808.5938;5859654.5;-3942.471924
407868.875;5859654.5;-3943.73999
407929.1875;5859654.5;-3945.268799
407989.4688;5859654.5;-3946.955322
408049.7813;5859654.5;-3949.133057
408110.0938;5859654.5;-3952.83667
408170.375;5859654.5;-3956.83374
408230.6875;5859654.5;-3959.494385
408291;5859654.5;-3961.203857
408351.2813;5859654.5;-3962.140137
408411.5938;5859654.5;-3962.360107
408471.875;5859654.5;-3961.886719
408532.1875;5859654.5;-3960.813232
408592.5;5859654.5;-3959.529297
408652.7813;5859654.5;-3958.206055
408713.0938;5859654.5;-3956.896484
408773.4063;5859654.5;-3955.630615
408833.6875;5859654.5;-3954.405518
408894;5859654.5;-3953.208496
408954.2813;5859654.5;-3952.026855
409014.5938;5859654.5;-3950.864502
409074.9063;5859654.5;-3949.730469
409135.1875;5859654.5;-3948.628906
409195.5;5859654.5;-3955.848145
409255.8125;5859654.5;-3954.890137
409316.0938;5859654.5;-3953.980469
409376.4063;5859654.5;-3953.117188
401356.4063;5859715;-3808.270996
401416.6875;5859715;-3808.555176
401477;5859715;-3808.985107
401537.3125;5859715;-3809.587891
401597.5938;5859715;-3810.264404
401657.9063;5859715;-3810.993652
401718.2188;5859715;-3811.783203
401778.5;5859715;-3812.670898
401838.8125;5859715;-3813.799561
401899.0938;5859715;-3815.304199
401959.4063;5859715;-3817.390381
402019.7188;5859715;-3820.281006
402080;5859715;-3823.827881
402140.3125;5859715;-3827.403809
402200.625;5859715;-3830.668945
402260.9063;5859715;-3833.340332
402321.2188;5859715;-3835.324707
402381.5;5859715;-3836.959961
402441.8125;5859715;-3838.396973
402502.125;5859715;-3839.697266
402562.4063;5859715;-3840.934814
402622.7188;5859715;-3842.186279
402683.0313;5859715;-3843.484619
402743.3125;5859715;-3844.853271
402803.625;5859715;-3846.304688
402863.9063;5859715;-3847.83374
402924.2188;5859715;-3849.457764
402984.5313;5859715;-3851.20752
403044.8125;5859715;-3853.078613
403105.125;5859715;-3855.018066
403165.4375;5859715;-3856.994385
403225.7188;5859715;-3858.986084
403286.0313;5859715;-3860.960449
403346.3125;5859715;-3862.894043
403406.625;5859715;-3864.775635
403466.9375;5859715;-3866.590332
403527.2188;5859715;-3868.314453
403587.5313;5859715;-3869.960205
403647.8438;5859715;-3871.542969
403708.125;5859715;-3873.063721
403768.4375;5859715;-3874.529297
403828.7188;5859715;-3875.957764
403889.0313;5859715;-3877.346436
403949.3438;5859715;-3878.691406
404009.625;5859715;-3880.009277
404069.9375;5859715;-3881.30957
404130.25;5859715;-3882.593262
404190.5313;5859715;-3883.862061
404250.8438;5859715;-3885.109619
404311.125;5859715;-3886.337158
404371.4375;5859715;-3887.552246
404431.75;5859715;-3888.756348
404492.0313;5859715;-3889.950684
404552.3438;5859715;-3891.123291
404612.625;5859715;-3892.27002
404672.9375;5859715;-3893.41333
404733.25;5859715;-3895.884521
404793.5313;5859715;-3897.996338
404853.8438;5859715;-3899.177246
404914.1563;5859715;-3900.348145
404974.4375;5859715;-3901.489502
405034.75;5859715;-3902.629883
405095.0313;5859715;-3903.766113
405155.3438;5859715;-3904.87915
405215.6563;5859715;-3905.989502
405275.9375;5859715;-3907.09668
405336.25;5859715;-3908.182861
405396.5625;5859715;-3909.265137
405456.8438;5859715;-3910.343262
405517.1563;5859715;-3911.411377
405577.4375;5859715;-3912.474854
405637.75;5859715;-3913.530273
405698.0625;5859715;-3914.609863
405758.3438;5859715;-3915.693115
405818.6563;5859715;-3916.775146
405878.9688;5859715;-3917.990234
405939.25;5859715;-3919.253418
405999.5625;5859715;-3920.526367
406059.8438;5859715;-3919.256348
406120.1563;5859715;-3920.13916
406180.4688;5859715;-3921.015625
406240.75;5859715;-3921.905762
406301.0625;5859715;-3922.804199
406361.375;5859715;-3923.697754
406421.6563;5859715;-3924.595459
406481.9688;5859715;-3925.498047
406542.25;5859715;-3926.394775
406602.5625;5859715;-3927.293213
406662.875;5859715;-3928.196533
406723.1563;5859715;-3929.094727
406783.4688;5859715;-3929.989502
406843.7813;5859715;-3930.877686
406904.0625;5859715;-3931.745605
406964.375;5859715;-3932.595947
407024.6563;5859715;-3933.43335
407084.9688;5859715;-3934.246094
407145.2813;5859715;-3935.031982
407205.5625;5859715;-3935.792725
407265.875;5859715;-3936.512207
407326.1875;5859715;-3937.167969
407386.4688;5859715;-3937.758789
407446.7813;5859715;-3938.275635
407507.0625;5859715;-3938.698486
407567.375;5859715;-3938.993896
407627.6875;5859715;-3939.198975
407687.9688;5859715;-3939.362305
407748.2813;5859715;-3939.553955
407808.5938;5859715;-3939.969727
407868.875;5859715;-3940.813965
407929.1875;5859715;-3942.024658
407989.4688;5859715;-3943.566406
408049.7813;5859715;-3945.622559
408110.0938;5859715;-3948.654541
408170.375;5859715;-3952.117188
408230.6875;5859715;-3955.09082
408291;5859715;-3957.262939
408351.2813;5859715;-3958.593262
408411.5938;5859715;-3959.154297
408471.875;5859715;-3958.978027
408532.1875;5859715;-3958.156006
408592.5;5859715;-3957.091797
408652.7813;5859715;-3955.964111
408713.0938;5859715;-3954.826904
408773.4063;5859715;-3953.707764
408833.6875;5859715;-3952.608887
408894;5859715;-3951.523193
408954.2813;5859715;-3950.439941
409014.5938;5859715;-3949.36377
409074.9063;5859715;-3948.307617
409135.1875;5859715;-3955.477539
409195.5;5859715;-3954.527832
409255.8125;5859715;-3953.630615
409316.0938;5859715;-3952.780273
409376.4063;5859715;-3951.97583
401356.4063;5859775.5;-3809.089355
401416.6875;5859775.5;-3809.387695
401477;5859775.5;-3809.815186
401537.3125;5859775.5;-3810.39624
401597.5938;5859775.5;-3811.028809
401657.9063;5859775.5;-3811.687988
401718.2188;5859775.5;-3812.380859
401778.5;5859775.5;-3813.154053
401838.8125;5859775.5;-3814.165771
401899.0938;5859775.5;-3815.630859
401959.4063;5859775.5;-3817.892334
402019.7188;5859775.5;-3821.280029
402080;5859775.5;-3825.543213
402140.3125;5859775.5;-3829.740234
402200.625;5859775.5;-3833.390625
402260.9063;5859775.5;-3836.131836
402321.2188;5859775.5;-3837.984619
402381.5;5859775.5;-3839.425049
402441.8125;5859775.5;-3840.648193
402502.125;5859775.5;-3841.732422
402562.4063;5859775.5;-3842.752686
402622.7188;5859775.5;-3843.77002
402683.0313;5859775.5;-3844.818848
402743.3125;5859775.5;-3845.931885
402803.625;5859775.5;-3847.135498
402863.9063;5859775.5;-3848.436279
402924.2188;5859775.5;-3849.864502
402984.5313;5859775.5;-3851.467529
403044.8125;5859775.5;-3853.237549
403105.125;5859775.5;-3855.104248
403165.4375;5859775.5;-3857.032227
403225.7188;5859775.5;-3859.000732
403286.0313;5859775.5;-3860.977051
403346.3125;5859775.5;-3862.925537
403406.625;5859775.5;-3864.829346
403466.9375;5859775.5;-3866.67041
403527.2188;5859775.5;-3868.420654
403587.5313;5859775.5;-3870.089355
403647.8438;5859775.5;-3871.691895
403708.125;5859775.5;-3873.228027
403768.4375;5859775.5;-3874.705811
403828.7188;5859775.5;-3876.143311
403889.0313;5859775.5;-3877.53833
403949.3438;5859775.5;-3878.887207
404009.625;5859775.5;-3880.205811
404069.9375;5859775.5;-3881.506592
404130.25;5859775.5;-3882.790039
404190.5313;5859775.5;-3884.054932
404250.8438;5859775.5;-3885.296387
404311.125;5859775.5;-3886.516602
404371.4375;5859775.5;-3887.719238
404431.75;5859775.5;-3888.907715
404492.0313;5859775.5;-3890.084473
404552.3438;5859775.5;-3891.242676
404612.625;5859775.5;-3892.380371
404672.9375;5859775.5;-3893.513184
404733.25;5859775.5;-3896.969727
404793.5313;5859775.5;-3898.13208
404853.8438;5859775.5;-3899.292969
404914.1563;5859775.5;-3900.445068
404974.4375;5859775.5;-3901.568848
405034.75;5859775.5;-3902.692383
405095.0313;5859775.5;-3903.812012
405155.3438;5859775.5;-3904.9104
405215.6563;5859775.5;-3906.007324
405275.9375;5859775.5;-3907.100342
405336.25;5859775.5;-3908.176758
405396.5625;5859775.5;-3909.249023
405456.8438;5859775.5;-3910.318115
405517.1563;5859775.5;-3911.384033
405577.4375;5859775.5;-3912.445068
405637.75;5859775.5;-3913.499268
405698.0625;5859775.5;-3914.596191
405758.3438;5859775.5;-3915.70166
405818.6563;5859775.5;-3916.808105
405878.9688;5859775.5;-3918.119629
405939.25;5859775.5;-3919.509033
405999.5625;5859775.5;-3918.114746
406059.8438;5859775.5;-3918.984619
406120.1563;5859775.5;-3919.860352
406180.4688;5859775.5;-3920.730713
406240.75;5859775.5;-3921.61499
406301.0625;5859775.5;-3922.508301
406361.375;5859775.5;-3923.398682
406421.6563;5859775.5;-3924.29541
406481.9688;5859775.5;-3925.199219
406542.25;5859775.5;-3926.101563
406602.5625;5859775.5;-3927.009766
406662.875;5859775.5;-3927.926025
406723.1563;5859775.5;-3928.840088
406783.4688;5859775.5;-3929.752197
406843.7813;5859775.5;-3930.660889
406904.0625;5859775.5;-3931.549316
406964.375;5859775.5;-3932.418457
407024.6563;5859775.5;-3933.273438
407084.9688;5859775.5;-3934.098389
407145.2813;5859775.5;-3934.887207
407205.5625;5859775.5;-3935.638184
407265.875;5859775.5;-3936.328125
407326.1875;5859775.5;-3936.926514
407386.4688;5859775.5;-3937.432861
407446.7813;5859775.5;-3937.840088
407507.0625;5859775.5;-3938.126709
407567.375;5859775.5;-3938.249023
407627.6875;5859775.5;-3938.237061
407687.9688;5859775.5;-3938.134033
407748.2813;5859775.5;-3937.992676
407808.5938;5859775.5;-3938.01416
407868.875;5859775.5;-3938.508545
407929.1875;5859775.5;-3939.495605
407989.4688;5859775.5;-3940.955566
408049.7813;5859775.5;-3942.968506
408110.0938;5859775.5;-3945.62207
408170.375;5859775.5;-3948.617188
408230.6875;5859775.5;-3951.499512
408291;5859775.5;-3953.734375
408351.2813;5859775.5;-3955.188477
408411.5938;5859775.5;-3955.922607
408471.875;5859775.5;-3955.961914
408532.1875;5859775.5;-3955.373779
408592.5;5859775.5;-3954.53418
408652.7813;5859775.5;-3953.613281
408713.0938;5859775.5;-3952.660889
408773.4063;5859775.5;-3951.698486
408833.6875;5859775.5;-3950.731689
408894;5859775.5;-3949.760742
408954.2813;5859775.5;-3948.77832
409014.5938;5859775.5;-3947.789551
409074.9063;5859775.5;-3946.8125
409135.1875;5859775.5;-3954.021484
409195.5;5859775.5;-3953.13623
409255.8125;5859775.5;-3952.300781
409316.0938;5859775.5;-3951.51001
409376.4063;5859775.5;-3950.763916
401356.4063;5859836.5;-3810.120361
401416.6875;5859836.5;-3810.459717
401477;5859836.5;-3810.855713
401537.3125;5859836.5;-3811.330566
401597.5938;5859836.5;-3811.844238
401657.9063;5859836.5;-3812.367676
401718.2188;5859836.5;-3812.905762
401778.5;5859836.5;-3813.510254
401838.8125;5859836.5;-3814.283691
401899.0938;5859836.5;-3815.560303
401959.4063;5859836.5;-3817.923828
402019.7188;5859836.5;-3821.973389
402080;5859836.5;-3827.288818
402140.3125;5859836.5;-3832.289063
402200.625;5859836.5;-3836.336182
402260.9063;5859836.5;-3839.022949
402321.2188;5859836.5;-3840.666748
402381.5;5859836.5;-3841.896729
402441.8125;5859836.5;-3842.930176
402502.125;5859836.5;-3843.847656
402562.4063;5859836.5;-3844.705566
402622.7188;5859836.5;-3845.518799
402683.0313;5859836.5;-3846.320557
402743.3125;5859836.5;-3847.158936
402803.625;5859836.5;-3848.089355
402863.9063;5859836.5;-3849.141113
402924.2188;5859836.5;-3850.365479
402984.5313;5859836.5;-3851.827148
403044.8125;5859836.5;-3853.5
403105.125;5859836.5;-3855.293457
403165.4375;5859836.5;-3857.166748
403225.7188;5859836.5;-3859.103027
403286.0313;5859836.5;-3861.071533
403346.3125;5859836.5;-3863.027344
403406.625;5859836.5;-3864.948242
403466.9375;5859836.5;-3866.811035
403527.2188;5859836.5;-3868.58374
403587.5313;5859836.5;-3870.271973
403647.8438;5859836.5;-3871.890381
403708.125;5859836.5;-3873.438232
403768.4375;5859836.5;-3874.92334
403828.7188;5859836.5;-3876.365234
403889.0313;5859836.5;-3877.762207
403949.3438;5859836.5;-3879.109619
404009.625;5859836.5;-3880.426025
404069.9375;5859836.5;-3881.724609
404130.25;5859836.5;-3883.004883
404190.5313;5859836.5;-3884.263428
404250.8438;5859836.5;-3885.495117
404311.125;5859836.5;-3886.704102
404371.4375;5859836.5;-3887.893799
404431.75;5859836.5;-3889.066406
404492.0313;5859836.5;-3890.22583
404552.3438;5859836.5;-3891.368164
404612.625;5859836.5;-3892.491211
404672.9375;5859836.5;-3895.971436
404733.25;5859836.5;-3897.151611
404793.5313;5859836.5;-3898.291016
404853.8438;5859836.5;-3899.429688
404914.1563;5859836.5;-3900.560303
404974.4375;5859836.5;-3901.665527
405034.75;5859836.5;-3902.770508
405095.0313;5859836.5;-3903.872314
405155.3438;5859836.5;-3904.956543
405215.6563;5859836.5;-3906.039063
405275.9375;5859836.5;-3907.119141
405336.25;5859836.5;-3908.186768
405396.5625;5859836.5;-3909.251465
405456.8438;5859836.5;-3910.311768
405517.1563;5859836.5;-3911.37207
405577.4375;5859836.5;-3912.427246
405637.75;5859836.5;-3913.476563
405698.0625;5859836.5;-3914.556641
405758.3438;5859836.5;-3915.644043
405818.6563;5859836.5;-3916.734131
405878.9688;5859836.5;-3918.036133
405939.25;5859836.5;-3917.016602
405999.5625;5859836.5;-3917.848877
406059.8438;5859836.5;-3918.704346
406120.1563;5859836.5;-3919.567627
406180.4688;5859836.5;-3920.42627
406240.75;5859836.5;-3921.300293
406301.0625;5859836.5;-3922.184814
406361.375;5859836.5;-3923.067383
406421.6563;5859836.5;-3923.958984
406481.9688;5859836.5;-3924.861572
406542.25;5859836.5;-3925.765869
406602.5625;5859836.5;-3926.680176
406662.875;5859836.5;-3927.60791
406723.1563;5859836.5;-3928.536133
406783.4688;5859836.5;-3929.465088
406843.7813;5859836.5;-3930.395264
406904.0625;5859836.5;-3931.309082
406964.375;5859836.5;-3932.206055
407024.6563;5859836.5;-3933.090332
407084.9688;5859836.5;-3933.943848
407145.2813;5859836.5;-3934.75708
407205.5625;5859836.5;-3935.526123
407265.875;5859836.5;-3936.221191
407326.1875;5859836.5;-3936.803467
407386.4688;5859836.5;-3937.272461
407446.7813;5859836.5;-3937.622559
407507.0625;5859836.5;-3937.828613
407567.375;5859836.5;-3937.835205
407627.6875;5859836.5;-3937.666016
407687.9688;5859836.5;-3937.35376
407748.2813;5859836.5;-3936.939453
407808.5938;5859836.5;-3936.610596
407868.875;5859836.5;-3936.753662
407929.1875;5859836.5;-3937.544434
407989.4688;5859836.5;-3938.962891
408049.7813;5859836.5;-3940.894043
408110.0938;5859836.5;-3943.27832
408170.375;5859836.5;-3945.918457
408230.6875;5859836.5;-3948.524414
408291;5859836.5;-3950.58667
408351.2813;5859836.5;-3951.981689
408411.5938;5859836.5;-3952.763184
408471.875;5859836.5;-3952.942627
408532.1875;5859836.5;-3952.555664
408592.5;5859836.5;-3951.927734
408652.7813;5859836.5;-3951.208008
408713.0938;5859836.5;-3950.439453
408773.4063;5859836.5;-3949.632813
408833.6875;5859836.5;-3948.797607
408894;5859836.5;-3947.940674
408954.2813;5859836.5;-3947.057861
409014.5938;5859836.5;-3946.156982
409074.9063;5859836.5;-3953.339355
409135.1875;5859836.5;-3952.488281
409195.5;5859836.5;-3951.667969
409255.8125;5859836.5;-3950.893555
409316.0938;5859836.5;-3950.161865
409376.4063;5859836.5;-3949.472168
401356.4063;5859897;-3811.289307
401416.6875;5859897;-3811.628906
401477;5859897;-3811.975098
401537.3125;5859897;-3812.343994
401597.5938;5859897;-3812.723877
401657.9063;5859897;-3813.085449
401718.2188;5859897;-3813.446533
401778.5;5859897;-3813.824951
401838.8125;5859897;-3814.165283
401899.0938;5859897;-3814.908447
401959.4063;5859897;-3816.997314
402019.7188;5859897;-3821.988281
402080;5859897;-3829.184326
402140.3125;5859897;-3835.33667
402200.625;5859897;-3839.65918
402260.9063;5859897;-3841.980225
402321.2188;5859897;-3843.200195
402381.5;5859897;-3844.158691
402441.8125;5859897;-3845.041992
402502.125;5859897;-3845.888672
402562.4063;5859897;-3846.684082
402622.7188;5859897;-3847.345459
402683.0313;5859897;-3847.899414
402743.3125;5859897;-3848.426025
402803.625;5859897;-3849.042725
402863.9063;5859897;-3849.825439
402924.2188;5859897;-3850.853516
402984.5313;5859897;-3852.209961
403044.8125;5859897;-3853.823975
403105.125;5859897;-3855.570313
403165.4375;5859897;-3857.404053
403225.7188;5859897;-3859.310547
403286.0313;5859897;-3861.265625
403346.3125;5859897;-3863.221191
403406.625;5859897;-3865.150635
403466.9375;5859897;-3867.028564
403527.2188;5859897;-3868.817871
403587.5313;5859897;-3870.520752
403647.8438;5859897;-3872.149658
403708.125;5859897;-3873.702393
403768.4375;5859897;-3875.188721
403828.7188;5859897;-3876.628662
403889.0313;5859897;-3878.020264
403949.3438;5859897;-3879.359863
404009.625;5859897;-3880.668945
404069.9375;5859897;-3881.960205
404130.25;5859897;-3883.233887
404190.5313;5859897;-3884.482178
404250.8438;5859897;-3885.701904
404311.125;5859897;-3886.898193
404371.4375;5859897;-3888.072998
404431.75;5859897;-3889.229004
404492.0313;5859897;-3890.371094
404552.3438;5859897;-3891.496094
404612.625;5859897;-3892.602295
404672.9375;5859897;-3896.183594
404733.25;5859897;-3897.338135
404793.5313;5859897;-3898.453125
404853.8438;5859897;-3899.568604
404914.1563;5859897;-3900.676758
404974.4375;5859897;-3901.761475
405034.75;5859897;-3902.847412
405095.0313;5859897;-3903.930908
405155.3438;5859897;-3905.000488
405215.6563;5859897;-3906.069092
405275.9375;5859897;-3907.13501
405336.25;5859897;-3908.194336
405396.5625;5859897;-3909.249756
405456.8438;5859897;-3910.301514
405517.1563;5859897;-3911.354248
405577.4375;5859897;-3912.403076
405637.75;5859897;-3913.445557
405698.0625;5859897;-3914.499512
405758.3438;5859897;-3915.558838
405818.6563;5859897;-3916.621094
405878.9688;5859897;-3917.887695
405939.25;5859897;-3916.747559
405999.5625;5859897;-3917.563965
406059.8438;5859897;-3918.403809
406120.1563;5859897;-3919.251709
406180.4688;5859897;-3920.095947
406240.75;5859897;-3920.956055
406301.0625;5859897;-3921.828125
406361.375;5859897;-3922.699707
406421.6563;5859897;-3923.58374
406481.9688;5859897;-3924.481689
406542.25;5859897;-3925.385254
406602.5625;5859897;-3926.304932
406662.875;5859897;-3927.243164
406723.1563;5859897;-3928.184326
406783.4688;5859897;-3929.131348
406843.7813;5859897;-3930.08667
406904.0625;5859897;-3931.032471
406964.375;5859897;-3931.968262
407024.6563;5859897;-3932.897949
407084.9688;5859897;-3933.801758
407145.2813;5859897;-3934.667725
407205.5625;5859897;-3935.48877
407265.875;5859897;-3936.231201
407326.1875;5859897;-3936.8479
407386.4688;5859897;-3937.336182
407446.7813;5859897;-3937.687256
407507.0625;5859897;-3937.872559
407567.375;5859897;-3937.82251
407627.6875;5859897;-3937.557373
407687.9688;5859897;-3937.101807
407748.2813;5859897;-3936.476318
407808.5938;5859897;-3935.829346
407868.875;5859897;-3935.608643
407929.1875;5859897;-3936.211426
407989.4688;5859897;-3937.617188
408049.7813;5859897;-3939.446533
408110.0938;5859897;-3941.554688
408170.375;5859897;-3943.822998
408230.6875;5859897;-3946.047852
408291;5859897;-3947.819092
408351.2813;5859897;-3949.05127
408411.5938;5859897;-3949.788574
408471.875;5859897;-3950.033447
408532.1875;5859897;-3949.799316
408592.5;5859897;-3949.348877
408652.7813;5859897;-3948.805176
408713.0938;5859897;-3948.200684
408773.4063;5859897;-3947.5354
408833.6875;5859897;-3946.820313
408894;5859897;-3946.068848
408954.2813;5859897;-3945.279053
409014.5938;5859897;-3952.459961
409074.9063;5859897;-3951.664795
409135.1875;5859897;-3950.881348
409195.5;5859897;-3950.125732
409255.8125;5859897;-3949.411377
409316.0938;5859897;-3948.737305
409376.4063;5859897;-3948.103027
401356.4063;5859957.5;-3812.55957
401416.6875;5859957.5;-3812.873047
401477;5859957.5;-3813.168457
401537.3125;5859957.5;-3813.453857
401597.5938;5859957.5;-3813.7146
401657.9063;5859957.5;-3813.927246
401718.2188;5859957.5;-3814.095947
401778.5;5859957.5;-3814.169434
401838.8125;5859957.5;-3813.953857
401899.0938;5859957.5;-3813.855957
401959.4063;5859957.5;-3815.257568
402019.7188;5859957.5;-3821.45166
402080;5859957.5;-3831.453857
402140.3125;5859957.5;-3839.048828
402200.625;5859957.5;-3843.226074
402260.9063;5859957.5;-3844.811035
402321.2188;5859957.5;-3845.413818
402381.5;5859957.5;-3846.046631
402441.8125;5859957.5;-3846.836182
402502.125;5859957.5;-3847.734619
402562.4063;5859957.5;-3848.583008
402622.7188;5859957.5;-3849.138184
402683.0313;5859957.5;-3849.417236
402743.3125;5859957.5;-3849.560547
402803.625;5859957.5;-3849.801514
402863.9063;5859957.5;-3850.292725
402924.2188;5859957.5;-3851.149658
402984.5313;5859957.5;-3852.466797
403044.8125;5859957.5;-3854.095947
403105.125;5859957.5;-3855.856445
403165.4375;5859957.5;-3857.693359
403225.7188;5859957.5;-3859.594971
403286.0313;5859957.5;-3861.543213
403346.3125;5859957.5;-3863.497559
403406.625;5859957.5;-3865.432373
403466.9375;5859957.5;-3867.320068
403527.2188;5859957.5;-3869.120117
403587.5313;5859957.5;-3870.831299
403647.8438;5859957.5;-3872.4646
403708.125;5859957.5;-3874.016602
403768.4375;5859957.5;-3875.496826
403828.7188;5859957.5;-3876.927246
403889.0313;5859957.5;-3878.307129
403949.3438;5859957.5;-3879.631836
404009.625;5859957.5;-3880.92749
404069.9375;5859957.5;-3882.206787
404130.25;5859957.5;-3883.468994
404190.5313;5859957.5;-3884.704346
404250.8438;5859957.5;-3885.909668
404311.125;5859957.5;-3887.091797
404371.4375;5859957.5;-3888.251465
404431.75;5859957.5;-3889.389893
404492.0313;5859957.5;-3890.51416
404552.3438;5859957.5;-3891.621094
404612.625;5859957.5;-3895.243408
404672.9375;5859957.5;-3896.39209
404733.25;5859957.5;-3897.520264
404793.5313;5859957.5;-3898.610596
404853.8438;5859957.5;-3899.701416
404914.1563;5859957.5;-3900.787109
404974.4375;5859957.5;-3901.851807
405034.75;5859957.5;-3902.917725
405095.0313;5859957.5;-3903.98291
405155.3438;5859957.5;-3905.036865
405215.6563;5859957.5;-3906.091064
405275.9375;5859957.5;-3907.142578
405336.25;5859957.5;-3908.192383
405396.5625;5859957.5;-3909.23877
405456.8438;5859957.5;-3910.281738
405517.1563;5859957.5;-3911.32666
405577.4375;5859957.5;-3912.367432
405637.75;5859957.5;-3913.4021
405698.0625;5859957.5;-3914.428955
405758.3438;5859957.5;-3915.458984
405818.6563;5859957.5;-3916.491699
405878.9688;5859957.5;-3915.655029
405939.25;5859957.5;-3916.460449
405999.5625;5859957.5;-3917.259766
406059.8438;5859957.5;-3918.081787
406120.1563;5859957.5;-3918.912109
406180.4688;5859957.5;-3919.73999
406240.75;5859957.5;-3920.584229
406301.0625;5859957.5;-3921.441162
406361.375;5859957.5;-3922.299805
406421.6563;5859957.5;-3923.173828
406481.9688;5859957.5;-3924.065186
406542.25;5859957.5;-3924.966064
406602.5625;5859957.5;-3925.888916
406662.875;5859957.5;-3926.83667
406723.1563;5859957.5;-3927.791016
406783.4688;5859957.5;-3928.756592
406843.7813;5859957.5;-3929.739258
406904.0625;5859957.5;-3930.724365
406964.375;5859957.5;-3931.709473
407024.6563;5859957.5;-3932.697998
407084.9688;5859957.5;-3933.669434
407145.2813;5859957.5;-3934.610352
407205.5625;5859957.5;-3935.511475
407265.875;5859957.5;-3936.334473
407326.1875;5859957.5;-3937.025391
407386.4688;5859957.5;-3937.576904
407446.7813;5859957.5;-3937.974365
407507.0625;5859957.5;-3938.179932
407567.375;5859957.5;-3938.114258
407627.6875;5859957.5;-3937.802002
407687.9688;5859957.5;-3937.268555
407748.2813;5859957.5;-3936.525879
407808.5938;5859957.5;-3935.712646
407868.875;5859957.5;-3935.306152
407929.1875;5859957.5;-3935.710449
407989.4688;5859957.5;-3936.89502
408049.7813;5859957.5;-3938.449951
408110.0938;5859957.5;-3940.205566
408170.375;5859957.5;-3942.067383
408230.6875;5859957.5;-3943.880127
408291;5859957.5;-3945.332031
408351.2813;5859957.5;-3946.366211
408411.5938;5859957.5;-3947.016846
408471.875;5859957.5;-3947.281738
408532.1875;5859957.5;-3947.159912
408592.5;5859957.5;-3946.852295
408652.7813;5859957.5;-3946.45459
408713.0938;5859957.5;-3945.987793
408773.4063;5859957.5;-3945.442139
408833.6875;5859957.5;-3944.830566
408894;5859957.5;-3944.170898
408954.2813;5859957.5;-3943.464844
409014.5938;5859957.5;-3950.67041
409074.9063;5859957.5;-3949.943848
409135.1875;5859957.5;-3949.225586
409195.5;5859957.5;-3948.531982
409255.8125;5859957.5;-3947.876953
409316.0938;5859957.5;-3947.258789
409376.4063;5859957.5;-3946.676514
401356.4063;5860018;-3813.927002
401416.6875;5860018;-3814.219238
401477;5860018;-3814.477539
401537.3125;5860018;-3814.706787
401597.5938;5860018;-3814.890137
401657.9063;5860018;-3815.015137
401718.2188;5860018;-3815.05835
401778.5;5860018;-3814.916992
401838.8125;5860018;-3814.42334
401899.0938;5860018;-3814.120605
401959.4063;5860018;-3815.71167
402019.7188;5860018;-3823.018066
402080;5860018;-3834.797607
402140.3125;5860018;-3842.96875
402200.625;5860018;-3846.315186
402260.9063;5860018;-3846.938721
402321.2188;5860018;-3846.975098
402381.5;5860018;-3847.392334
402441.8125;5860018;-3848.229004
402502.125;5860018;-3849.34375
402562.4063;5860018;-3850.366455
402622.7188;5860018;-3850.845947
402683.0313;5860018;-3850.790283
402743.3125;5860018;-3850.434082
402803.625;5860018;-3850.201172
402863.9063;5860018;-3850.369141
402924.2188;5860018;-3851.092529
402984.5313;5860018;-3852.462158
403044.8125;5860018;-3854.209961
403105.125;5860018;-3856.076416
403165.4375;5860018;-3857.990234
403225.7188;5860018;-3859.933594
403286.0313;5860018;-3861.897461
403346.3125;5860018;-3863.860107
403406.625;5860018;-3865.801025
403466.9375;5860018;-3867.695313
403527.2188;5860018;-3869.500732
403587.5313;5860018;-3871.213867
403647.8438;5860018;-3872.843018
403708.125;5860018;-3874.38623
403768.4375;5860018;-3875.852539
403828.7188;5860018;-3877.265625
403889.0313;5860018;-3878.625
403949.3438;5860018;-3879.927734
404009.625;5860018;-3881.204346
404069.9375;5860018;-3882.466553
404130.25;5860018;-3883.713623
404190.5313;5860018;-3884.928711
404250.8438;5860018;-3886.111084
404311.125;5860018;-3887.271484
404371.4375;5860018;-3888.411377
404431.75;5860018;-3889.531738
404492.0313;5860018;-3890.635986
404552.3438;5860018;-3891.724854
404612.625;5860018;-3895.502197
404672.9375;5860018;-3896.622314
404733.25;5860018;-3897.721924
404793.5313;5860018;-3898.7854
404853.8438;5860018;-3899.850098
404914.1563;5860018;-3900.911377
404974.4375;5860018;-3901.95459
405034.75;5860018;-3902.999756
405095.0313;5860018;-3904.045166
405155.3438;5860018;-3905.08374
405215.6563;5860018;-3906.121826
405275.9375;5860018;-3907.157959
405336.25;5860018;-3908.195313
405396.5625;5860018;-3909.229248
405456.8438;5860018;-3910.258301
405517.1563;5860018;-3911.293457
405577.4375;5860018;-3912.324951
405637.75;5860018;-3913.349365
405698.0625;5860018;-3914.346436
405758.3438;5860018;-3915.343506
405818.6563;5860018;-3914.56543
405878.9688;5860018;-3915.368896
405939.25;5860018;-3916.158936
405999.5625;5860018;-3916.942871
406059.8438;5860018;-3917.744873
406120.1563;5860018;-3918.553223
406180.4688;5860018;-3919.359131
406240.75;5860018;-3920.182861
406301.0625;5860018;-3921.02002
406361.375;5860018;-3921.860352
406421.6563;5860018;-3922.718506
406481.9688;5860018;-3923.5979
406542.25;5860018;-3924.491455
406602.5625;5860018;-3925.414551
406662.875;5860018;-3926.368652
406723.1563;5860018;-3927.333984
406783.4688;5860018;-3928.316895
406843.7813;5860018;-3929.330078
406904.0625;5860018;-3930.359619
406964.375;5860018;-3931.4021
407024.6563;5860018;-3932.460693
407084.9688;5860018;-3933.514648
407145.2813;5860018;-3934.54834
407205.5625;5860018;-3935.552734
407265.875;5860018;-3936.485352
407326.1875;5860018;-3937.28833
407386.4688;5860018;-3937.942871
407446.7813;5860018;-3938.423828
407507.0625;5860018;-3938.684326
407567.375;5860018;-3938.636475
407627.6875;5860018;-3938.32373
407687.9688;5860018;-3937.775635
407748.2813;5860018;-3937.004639
407808.5938;5860018;-3936.169189
407868.875;5860018;-3935.738281
407929.1875;5860018;-3935.919434
407989.4688;5860018;-3936.673584
408049.7813;5860018;-3937.795166
408110.0938;5860018;-3939.128906
408170.375;5860018;-3940.559814
408230.6875;5860018;-3941.959717
408291;5860018;-3943.094727
408351.2813;5860018;-3943.921631
408411.5938;5860018;-3944.464844
408471.875;5860018;-3944.719727
408532.1875;5860018;-3944.675781
408592.5;5860018;-3944.476563
408652.7813;5860018;-3944.191406
408713.0938;5860018;-3943.832764
408773.4063;5860018;-3943.382568
408833.6875;5860018;-3942.855713
408894;5860018;-3942.273926
408954.2813;5860018;-3949.481689
409014.5938;5860018;-3948.836426
409074.9063;5860018;-3948.173828
409135.1875;5860018;-3947.517822
409195.5;5860018;-3946.883789
409255.8125;5860018;-3946.2854
409316.0938;5860018;-3945.719727
409376.4063;5860018;-3945.187012
401356.4063;5860078.5;-3815.394043
401416.6875;5860078.5;-3815.687256
401477;5860078.5;-3815.941162
401537.3125;5860078.5;-3816.156494
401597.5938;5860078.5;-3816.325928
401657.9063;5860078.5;-3816.463623
401718.2188;5860078.5;-3816.558594
401778.5;5860078.5;-3816.523926
401838.8125;5860078.5;-3816.30957
401899.0938;5860078.5;-3816.648926
401959.4063;5860078.5;-3819.20166
402019.7188;5860078.5;-3826.470459
402080;5860078.5;-3837.124756
402140.3125;5860078.5;-3844.506348
402200.625;5860078.5;-3847.382568
402260.9063;5860078.5;-3847.690674
402321.2188;5860078.5;-3847.589111
402381.5;5860078.5;-3848.053711
402441.8125;5860078.5;-3849.151367
402502.125;5860078.5;-3850.679688
402562.4063;5860078.5;-3851.995605
402622.7188;5860078.5;-3852.424072
402683.0313;5860078.5;-3851.955078
402743.3125;5860078.5;-3850.931396
402803.625;5860078.5;-3850.078857
402863.9063;5860078.5;-3849.882324
402924.2188;5860078.5;-3850.531982
402984.5313;5860078.5;-3852.070557
403044.8125;5860078.5;-3854.066895
403105.125;5860078.5;-3856.157715
403165.4375;5860078.5;-3858.244629
403225.7188;5860078.5;-3860.298828
403286.0313;5860078.5;-3862.314941
403346.3125;5860078.5;-3864.304199
403406.625;5860078.5;-3866.258789
403466.9375;5860078.5;-3868.158691
403527.2188;5860078.5;-3869.963379
403587.5313;5860078.5;-3871.670654
403647.8438;5860078.5;-3873.28833
403708.125;5860078.5;-3874.813721
403768.4375;5860078.5;-3876.255859
403828.7188;5860078.5;-3877.641602
403889.0313;5860078.5;-3878.970215
403949.3438;5860078.5;-3880.241211
404009.625;5860078.5;-3881.491211
404069.9375;5860078.5;-3882.730713
404130.25;5860078.5;-3883.958008
404190.5313;5860078.5;-3885.146973
404250.8438;5860078.5;-3886.301758
404311.125;5860078.5;-3887.436279
404371.4375;5860078.5;-3888.554443
404431.75;5860078.5;-3889.656006
404492.0313;5860078.5;-3890.740723
404552.3438;5860078.5;-3894.659912
404612.625;5860078.5;-3895.76001
404672.9375;5860078.5;-3896.851318
404733.25;5860078.5;-3897.922607
404793.5313;5860078.5;-3898.958984
404853.8438;5860078.5;-3899.996094
404914.1563;5860078.5;-3901.032227
404974.4375;5860078.5;-3902.053711
405034.75;5860078.5;-3903.077881
405095.0313;5860078.5;-3904.102295
405155.3438;5860078.5;-3905.125244
405215.6563;5860078.5;-3906.148193
405275.9375;5860078.5;-3907.168457
405336.25;5860078.5;-3908.191895
405396.5625;5860078.5;-3909.210938
405456.8438;5860078.5;-3910.225342
405517.1563;5860078.5;-3911.250244
405577.4375;5860078.5;-3912.270752
405637.75;5860078.5;-3913.283447
405698.0625;5860078.5;-3914.248291
405758.3438;5860078.5;-3913.544434
405818.6563;5860078.5;-3914.268555
405878.9688;5860078.5;-3915.062744
405939.25;5860078.5;-3915.83667
405999.5625;5860078.5;-3916.604492
406059.8438;5860078.5;-3917.384521
406120.1563;5860078.5;-3918.166992
406180.4688;5860078.5;-3918.947754
406240.75;5860078.5;-3919.746582
406301.0625;5860078.5;-3920.559814
406361.375;5860078.5;-3921.377686
406421.6563;5860078.5;-3922.216553
406481.9688;5860078.5;-3923.080078
406542.25;5860078.5;-3923.962891
406602.5625;5860078.5;-3924.881592
406662.875;5860078.5;-3925.840576
406723.1563;5860078.5;-3926.815918
406783.4688;5860078.5;-3927.816895
406843.7813;5860078.5;-3928.862549
406904.0625;5860078.5;-3929.94165
406964.375;5860078.5;-3931.04834
407024.6563;5860078.5;-3932.186279
407084.9688;5860078.5;-3933.333496
407145.2813;5860078.5;-3934.474365
407205.5625;5860078.5;-3935.600098
407265.875;5860078.5;-3936.666992
407326.1875;5860078.5;-3937.61377
407386.4688;5860078.5;-3938.407471
407446.7813;5860078.5;-3939.007813
407507.0625;5860078.5;-3939.355225
407567.375;5860078.5;-3939.356934
407627.6875;5860078.5;-3939.086914
407687.9688;5860078.5;-3938.571289
407748.2813;5860078.5;-3937.809814
407808.5938;5860078.5;-3936.949463
407868.875;5860078.5;-3936.432617
407929.1875;5860078.5;-3936.358398
407989.4688;5860078.5;-3936.692871
408049.7813;5860078.5;-3937.371338
408110.0938;5860078.5;-3938.261963
408170.375;5860078.5;-3939.259766
408230.6875;5860078.5;-3940.265137
408291;5860078.5;-3941.100098
408351.2813;5860078.5;-3941.722656
408411.5938;5860078.5;-3942.146729
408471.875;5860078.5;-3942.366699
408532.1875;5860078.5;-3942.36499
408592.5;5860078.5;-3942.235107
408652.7813;5860078.5;-3942.024902
408713.0938;5860078.5;-3941.73999
408773.4063;5860078.5;-3941.35791
408833.6875;5860078.5;-3940.895508
408894;5860078.5;-3940.375488
408954.2813;5860078.5;-3947.558594
409014.5938;5860078.5;-3946.971924
409074.9063;5860078.5;-3946.367676
409135.1875;5860078.5;-3945.769531
409195.5;5860078.5;-3945.192383
409255.8125;5860078.5;-3944.646973
409316.0938;5860078.5;-3944.13208
409376.4063;5860078.5;-3943.645508
401356.4063;5860139.5;-3816.952637
401416.6875;5860139.5;-3817.285889
401477;5860139.5;-3817.584961
401537.3125;5860139.5;-3817.846436
401597.5938;5860139.5;-3818.074951
401657.9063;5860139.5;-3818.319336
401718.2188;5860139.5;-3818.613037
401778.5;5860139.5;-3818.956055
401838.8125;5860139.5;-3819.397705
401899.0938;5860139.5;-3820.494873
401959.4063;5860139.5;-3823.459961
402019.7188;5860139.5;-3829.459229
402080;5860139.5;-3837.289307
402140.3125;5860139.5;-3843.170654
402200.625;5860139.5;-3846.162598
402260.9063;5860139.5;-3846.974609
402321.2188;5860139.5;-3847.280518
402381.5;5860139.5;-3848.089355
402441.8125;5860139.5;-3849.616211
402502.125;5860139.5;-3851.662109
402562.4063;5860139.5;-3853.326172
402622.7188;5860139.5;-3853.715088
402683.0313;5860139.5;-3852.774658
402743.3125;5860139.5;-3850.896484
402803.625;5860139.5;-3849.266113
402863.9063;5860139.5;-3848.713135
402924.2188;5860139.5;-3849.415039
402984.5313;5860139.5;-3851.271484
403044.8125;5860139.5;-3853.647217
403105.125;5860139.5;-3856.077148
403165.4375;5860139.5;-3858.434326
403225.7188;5860139.5;-3860.671143
403286.0313;5860139.5;-3862.783936
403346.3125;5860139.5;-3864.822754
403406.625;5860139.5;-3866.802246
403466.9375;5860139.5;-3868.708984
403527.2188;5860139.5;-3870.508057
403587.5313;5860139.5;-3872.20166
403647.8438;5860139.5;-3873.798584
403708.125;5860139.5;-3875.295654
403768.4375;5860139.5;-3876.703125
403828.7188;5860139.5;-3878.049805
403889.0313;5860139.5;-3879.335693
403949.3438;5860139.5;-3880.563232
404009.625;5860139.5;-3881.776123
404069.9375;5860139.5;-3882.984375
404130.25;5860139.5;-3884.186035
404190.5313;5860139.5;-3885.344727
404250.8438;5860139.5;-3886.470459
404311.125;5860139.5;-3887.579102
404371.4375;5860139.5;-3888.676025
404431.75;5860139.5;-3889.76001
404492.0313;5860139.5;-3890.824463
404552.3438;5860139.5;-3894.925537
404612.625;5860139.5;-3895.997314
404672.9375;5860139.5;-3897.060059
404733.25;5860139.5;-3898.103516
404793.5313;5860139.5;-3899.112305
404853.8438;5860139.5;-3900.123291
404914.1563;5860139.5;-3901.134521
404974.4375;5860139.5;-3902.135254
405034.75;5860139.5;-3903.138428
405095.0313;5860139.5;-3904.144287
405155.3438;5860139.5;-3905.1521
405215.6563;5860139.5;-3906.158936
405275.9375;5860139.5;-3907.164307
405336.25;5860139.5;-3908.17334
405396.5625;5860139.5;-3909.177734
405456.8438;5860139.5;-3910.17627
405517.1563;5860139.5;-3911.189941
405577.4375;5860139.5;-3912.198975
405637.75;5860139.5;-3913.199463
405698.0625;5860139.5;-3914.130371
405758.3438;5860139.5;-3913.10498
405818.6563;5860139.5;-3913.950439
405878.9688;5860139.5;-3914.73291
405939.25;5860139.5;-3915.489014
405999.5625;5860139.5;-3916.238525
406059.8438;5860139.5;-3916.99292
406120.1563;5860139.5;-3917.747314
406180.4688;5860139.5;-3918.5
406240.75;5860139.5;-3919.270264
406301.0625;5860139.5;-3920.055908
406361.375;5860139.5;-3920.847656
406421.6563;5860139.5;-3921.663574
406481.9688;5860139.5;-3922.508789
406542.25;5860139.5;-3923.376221
406602.5625;5860139.5;-3924.289063
406662.875;5860139.5;-3925.250244
406723.1563;5860139.5;-3926.234131
406783.4688;5860139.5;-3927.252197
406843.7813;5860139.5;-3928.331299
406904.0625;5860139.5;-3929.461426
406964.375;5860139.5;-3930.634277
407024.6563;5860139.5;-3931.852783
407084.9688;5860139.5;-3933.093506
407145.2813;5860139.5;-3934.342285
407205.5625;5860139.5;-3935.592041
407265.875;5860139.5;-3936.801514
407326.1875;5860139.5;-3937.907227
407386.4688;5860139.5;-3938.862305
407446.7813;5860139.5;-3939.608154
407507.0625;5860139.5;-3940.069092
407567.375;5860139.5;-3940.14209
407627.6875;5860139.5;-3939.939453
407687.9688;5860139.5;-3939.438477
407748.2813;5860139.5;-3938.623779
407808.5938;5860139.5;-3937.675537
407868.875;5860139.5;-3936.999268
407929.1875;5860139.5;-3936.671631
407989.4688;5860139.5;-3936.665527
408049.7813;5860139.5;-3936.958496
408110.0938;5860139.5;-3937.454346
408170.375;5860139.5;-3938.071289
408230.6875;5860139.5;-3938.734131
408291;5860139.5;-3939.305176
408351.2813;5860139.5;-3939.740967
408411.5938;5860139.5;-3940.045898
408471.875;5860139.5;-3940.212891
408532.1875;5860139.5;-3940.219238
408592.5;5860139.5;-3940.12085
408652.7813;5860139.5;-3939.948975
408713.0938;5860139.5;-3939.704346
408773.4063;5860139.5;-3939.365479
408833.6875;5860139.5;-3938.94873
408894;5860139.5;-3946.125488
408954.2813;5860139.5;-3945.625488
409014.5938;5860139.5;-3945.0896
409074.9063;5860139.5;-3944.538818
409135.1875;5860139.5;-3943.994629
409195.5;5860139.5;-3943.470947
409255.8125;5860139.5;-3942.97583
409316.0938;5860139.5;-3942.507568
409376.4063;5860139.5;-3942.065186
401356.4063;5860200;-3818.554932
401416.6875;5860200;-3818.962158
401477;5860200;-3819.347412
401537.3125;5860200;-3819.704346
401597.5938;5860200;-3820.043457
401657.9063;5860200;-3820.438721
401718.2188;5860200;-3820.953613
401778.5;5860200;-3821.659912
401838.8125;5860200;-3822.67749
401899.0938;5860200;-3824.320801
401959.4063;5860200;-3827.296387
402019.7188;5860200;-3832.102783
402080;5860200;-3837.685791
402140.3125;5860200;-3842.151123
402200.625;5860200;-3844.945068
402260.9063;5860200;-3846.135986
402321.2188;5860200;-3846.860352
402381.5;5860200;-3847.995605
402441.8125;5860200;-3849.812744
402502.125;5860200;-3852.14502
402562.4063;5860200;-3853.977783
402622.7188;5860200;-3854.271973
402683.0313;5860200;-3852.920166
402743.3125;5860200;-3850.063721
402803.625;5860200;-3847.61499
402863.9063;5860200;-3846.935303
402924.2188;5860200;-3847.962402
402984.5313;5860200;-3850.311279
403044.8125;5860200;-3853.14502
403105.125;5860200;-3855.962646
403165.4375;5860200;-3858.62915
403225.7188;5860200;-3861.07959
403286.0313;5860200;-3863.30835
403346.3125;5860200;-3865.408936
403406.625;5860200;-3867.417236
403466.9375;5860200;-3869.328857
403527.2188;5860200;-3871.117188
403587.5313;5860200;-3872.790283
403647.8438;5860200;-3874.35791
403708.125;5860200;-3875.817871
403768.4375;5860200;-3877.179688
403828.7188;5860200;-3878.476074
403889.0313;5860200;-3879.707275
403949.3438;5860200;-3880.878906
404009.625;5860200;-3882.039307
404069.9375;5860200;-3883.200928
404130.25;5860200;-3884.363037
404190.5313;5860200;-3885.485596
404250.8438;5860200;-3886.579346
404311.125;5860200;-3887.661377
404371.4375;5860200;-3888.738281
404431.75;5860200;-3889.806396
404492.0313;5860200;-3894.102539
404552.3438;5860200;-3895.199463
404612.625;5860200;-3896.240967
404672.9375;5860200;-3897.273682
404733.25;5860200;-3898.286865
404793.5313;5860200;-3899.266602
404853.8438;5860200;-3900.248779
404914.1563;5860200;-3901.233643
404974.4375;5860200;-3902.21167
405034.75;5860200;-3903.192627
405095.0313;5860200;-3904.175781
405155.3438;5860200;-3905.162354
405215.6563;5860200;-3906.146973
405275.9375;5860200;-3907.12793
405336.25;5860200;-3908.100098
405396.5625;5860200;-3909.066406
405456.8438;5860200;-3910.024658
405517.1563;5860200;-3911.034912
405577.4375;5860200;-3912.040771
405637.75;5860200;-3913.035645
405698.0625;5860200;-3911.867676
405758.3438;5860200;-3912.720703
405818.6563;5860200;-3913.566162
405878.9688;5860200;-3914.338867
405939.25;5860200;-3915.082275
405999.5625;5860200;-3915.817627
406059.8438;5860200;-3916.550293
406120.1563;5860200;-3917.278809
406180.4688;5860200;-3918.005371
406240.75;5860200;-3918.747803
406301.0625;5860200;-3919.50415
406361.375;5860200;-3920.267578
406421.6563;5860200;-3921.056885
406481.9688;5860200;-3921.878174
406542.25;5860200;-3922.727051
406602.5625;5860200;-3923.628906
406662.875;5860200;-3924.588135
406723.1563;5860200;-3925.576416
406783.4688;5860200;-3926.608887
406843.7813;5860200;-3927.717773
406904.0625;5860200;-3928.894775
406964.375;5860200;-3930.127441
407024.6563;5860200;-3931.417969
407084.9688;5860200;-3932.740967
407145.2813;5860200;-3934.080811
407205.5625;5860200;-3935.437988
407265.875;5860200;-3936.772705
407326.1875;5860200;-3938.0271
407386.4688;5860200;-3939.141846
407446.7813;5860200;-3940.044434
407507.0625;5860200;-3940.638672
407567.375;5860200;-3940.786133
407627.6875;5860200;-3940.624756
407687.9688;5860200;-3940.072021
407748.2813;5860200;-3939.126465
407808.5938;5860200;-3938.0625
407868.875;5860200;-3937.241455
407929.1875;5860200;-3936.711182
407989.4688;5860200;-3936.442139
408049.7813;5860200;-3936.426758
408110.0938;5860200;-3936.599365
408170.375;5860200;-3936.901855
408230.6875;5860200;-3937.277588
408291;5860200;-3937.622803
408351.2813;5860200;-3937.893311
408411.5938;5860200;-3938.085693
408471.875;5860200;-3938.191895
408532.1875;5860200;-3938.186279
408592.5;5860200;-3938.096191
408652.7813;5860200;-3937.940186
408713.0938;5860200;-3937.718018
408773.4063;5860200;-3937.407959
408833.6875;5860200;-3944.557861
408894;5860200;-3944.13916
408954.2813;5860200;-3943.68042
409014.5938;5860200;-3943.19165
409074.9063;5860200;-3942.690186
409135.1875;5860200;-3942.196777
409195.5;5860200;-3941.722656
409255.8125;5860200;-3941.273926
409316.0938;5860200;-3940.849121
409376.4063;5860200;-3940.446533
401356.4063;5860260.5;-3820.164551
401416.6875;5860260.5;-3820.67334
401477;5860260.5;-3821.177979
401537.3125;5860260.5;-3821.66748
401597.5938;5860260.5;-3822.155273
401657.9063;5860260.5;-3822.72168
401718.2188;5860260.5;-3823.448242
401778.5;5860260.5;-3824.435547
401838.8125;5860260.5;-3825.821777
401899.0938;5860260.5;-3827.734375
401959.4063;5860260.5;-3830.501953
402019.7188;5860260.5;-3834.309326
402080;5860260.5;-3838.380127
402140.3125;5860260.5;-3841.769043
402200.625;5860260.5;-3844.180908
402260.9063;5860260.5;-3845.547852
402321.2188;5860260.5;-3846.534424
402381.5;5860260.5;-3847.828369
402441.8125;5860260.5;-3849.648682
402502.125;5860260.5;-3851.849365
402562.4063;5860260.5;-3853.460938
402622.7188;5860260.5;-3853.472168
402683.0313;5860260.5;-3851.669678
402743.3125;5860260.5;-3847.645264
402803.625;5860260.5;-3844.661377
402863.9063;5860260.5;-3844.483887
402924.2188;5860260.5;-3846.304199
402984.5313;5860260.5;-3849.360107
403044.8125;5860260.5;-3852.704346
403105.125;5860260.5;-3855.912842
403165.4375;5860260.5;-3858.885498
403225.7188;5860260.5;-3861.549316
403286.0313;5860260.5;-3863.896484
403346.3125;5860260.5;-3866.05957
403406.625;5860260.5;-3868.094238
403466.9375;5860260.5;-3870.005371
403527.2188;5860260.5;-3871.776611
403587.5313;5860260.5;-3873.422852
403647.8438;5860260.5;-3874.954346
403708.125;5860260.5;-3876.36792
403768.4375;5860260.5;-3877.675781
403828.7188;5860260.5;-3878.909912
403889.0313;5860260.5;-3880.074951
403949.3438;5860260.5;-3881.179932
404009.625;5860260.5;-3882.276123
404069.9375;5860260.5;-3883.379639
404130.25;5860260.5;-3884.493652
404190.5313;5860260.5;-3885.574463
404250.8438;5860260.5;-3886.636963
404311.125;5860260.5;-3887.691895
404371.4375;5860260.5;-3888.749756
404431.75;5860260.5;-3891.449707
404492.0313;5860260.5;-3894.394775
404552.3438;5860260.5;-3895.464355
404612.625;5860260.5;-3896.474854
404672.9375;5860260.5;-3897.476318
404733.25;5860260.5;-3898.458984
404793.5313;5860260.5;-3899.408447
404853.8438;5860260.5;-3900.362305
404914.1563;5860260.5;-3901.320068
404974.4375;5860260.5;-3902.275391
405034.75;5860260.5;-3903.233887
405095.0313;5860260.5;-3904.194092
405155.3438;5860260.5;-3905.155029
405215.6563;5860260.5;-3906.113525
405275.9375;5860260.5;-3907.066406
405336.25;5860260.5;-3907.988525
405396.5625;5860260.5;-3908.9021
405456.8438;5860260.5;-3909.805908
405517.1563;5860260.5;-3910.817383
405577.4375;5860260.5;-3911.824707
405637.75;5860260.5;-3910.57251
405698.0625;5860260.5;-3911.444824
405758.3438;5860260.5;-3912.294434
405818.6563;5860260.5;-3913.134521
405878.9688;5860260.5;-3913.898193
405939.25;5860260.5;-3914.630615
405999.5625;5860260.5;-3915.354004
406059.8438;5860260.5;-3916.066162
406120.1563;5860260.5;-3916.769775
406180.4688;5860260.5;-3917.470947
406240.75;5860260.5;-3918.183838
406301.0625;5860260.5;-3918.908936
406361.375;5860260.5;-3919.64209
406421.6563;5860260.5;-3920.401367
406481.9688;5860260.5;-3921.194824
406542.25;5860260.5;-3922.020752
406602.5625;5860260.5;-3922.907471
406662.875;5860260.5;-3923.860352
406723.1563;5860260.5;-3924.849365
406783.4688;5860260.5;-3925.891602
406843.7813;5860260.5;-3927.026855
406904.0625;5860260.5;-3928.24292
406964.375;5860260.5;-3929.524658
407024.6563;5860260.5;-3930.87207
407084.9688;5860260.5;-3932.253662
407145.2813;5860260.5;-3933.657227
407205.5625;5860260.5;-3935.087891
407265.875;5860260.5;-3936.510742
407326.1875;5860260.5;-3937.878174
407386.4688;5860260.5;-3939.133789
407446.7813;5860260.5;-3940.207275
407507.0625;5860260.5;-3940.967285
407567.375;5860260.5;-3941.150391
407627.6875;5860260.5;-3940.892578
407687.9688;5860260.5;-3940.202881
407748.2813;5860260.5;-3939.149414
407808.5938;5860260.5;-3938.024414
407868.875;5860260.5;-3937.115479
407929.1875;5860260.5;-3936.446533
407989.4688;5860260.5;-3935.986816
408049.7813;5860260.5;-3935.737793
408110.0938;5860260.5;-3935.659424
408170.375;5860260.5;-3935.710449
408230.6875;5860260.5;-3935.852539
408291;5860260.5;-3936.009033
408351.2813;5860260.5;-3936.135742
408411.5938;5860260.5;-3936.224609
408471.875;5860260.5;-3936.267334
408532.1875;5860260.5;-3936.235107
408592.5;5860260.5;-3936.136963
408652.7813;5860260.5;-3935.982178
408713.0938;5860260.5;-3935.769531
408773.4063;5860260.5;-3935.478516
408833.6875;5860260.5;-3942.543701
408894;5860260.5;-3942.154785
408954.2813;5860260.5;-3941.733154
409014.5938;5860260.5;-3941.287354
409074.9063;5860260.5;-3940.831787
409135.1875;5860260.5;-3940.385498
409195.5;5860260.5;-3939.957275
409255.8125;5860260.5;-3939.551758
409316.0938;5860260.5;-3939.166748
409376.4063;5860260.5;-3938.800781
401356.4063;5860321;-3821.732422
401416.6875;5860321;-3822.361328
401477;5860321;-3823.004883
401537.3125;5860321;-3823.651123
401597.5938;5860321;-3824.30957
401657.9063;5860321;-3825.052246
401718.2188;5860321;-3825.960693
401778.5;5860321;-3827.137695
401838.8125;5860321;-3828.705322
401899.0938;5860321;-3830.672119
401959.4063;5860321;-3833.146484
402019.7188;5860321;-3836.165527
402080;5860321;-3839.228516
402140.3125;5860321;-3841.863281
402200.625;5860321;-3843.897217
402260.9063;5860321;-3845.240479
402321.2188;5860321;-3846.233154
402381.5;5860321;-3847.391113
402441.8125;5860321;-3848.868164
402502.125;5860321;-3850.512939
402562.4063;5860321;-3851.424316
402622.7188;5860321;-3850.619873
402683.0313;5860321;-3847.762695
402743.3125;5860321;-3842.777344
402803.625;5860321;-3840.38208
402863.9063;5860321;-3841.762207
402924.2188;5860321;-3844.856201
402984.5313;5860321;-3848.714355
403044.8125;5860321;-3852.531006
403105.125;5860321;-3856.064209
403165.4375;5860321;-3859.284912
403225.7188;5860321;-3862.125977
403286.0313;5860321;-3864.571289
403346.3125;5860321;-3866.780518
403406.625;5860321;-3868.826904
403466.9375;5860321;-3870.725342
403527.2188;5860321;-3872.469971
403587.5313;5860321;-3874.081543
403647.8438;5860321;-3875.569336
403708.125;5860321;-3876.93042
403768.4375;5860321;-3878.173584
403828.7188;5860321;-3879.335693
403889.0313;5860321;-3880.422119
403949.3438;5860321;-3881.448486
404009.625;5860321;-3882.471191
404069.9375;5860321;-3883.511475
404130.25;5860321;-3884.57373
404190.5313;5860321;-3885.614014
404250.8438;5860321;-3886.64624
404311.125;5860321;-3887.67627
404371.4375;5860321;-3888.716797
404431.75;5860321;-3893.545166
404492.0313;5860321;-3894.644043
404552.3438;5860321;-3895.687744
404612.625;5860321;-3896.667236
404672.9375;5860321;-3897.637451
404733.25;5860321;-3898.591309
404793.5313;5860321;-3899.512695
404853.8438;5860321;-3900.44043
404914.1563;5860321;-3901.374512
404974.4375;5860321;-3902.309326
405034.75;5860321;-3903.247803
405095.0313;5860321;-3904.187012
405155.3438;5860321;-3905.124756
405215.6563;5860321;-3906.05835
405275.9375;5860321;-3906.983887
405336.25;5860321;-3907.857422
405396.5625;5860321;-3908.719727
405456.8438;5860321;-3909.569824
405517.1563;5860321;-3910.582031
405577.4375;5860321;-3911.591064
405637.75;5860321;-3913.456543
405698.0625;5860321;-3911.000488
405758.3438;5860321;-3911.845215
405818.6563;5860321;-3912.678711
405878.9688;5860321;-3913.431885
405939.25;5860321;-3914.151611
405999.5625;5860321;-3914.860596
406059.8438;5860321;-3915.549072
406120.1563;5860321;-3916.225098
406180.4688;5860321;-3916.897949
406240.75;5860321;-3917.578613
406301.0625;5860321;-3918.268311
406361.375;5860321;-3918.966797
406421.6563;5860321;-3919.692627
406481.9688;5860321;-3920.454346
406542.25;5860321;-3921.251709
406602.5625;5860321;-3922.118896
406662.875;5860321;-3923.059814
406723.1563;5860321;-3924.044434
406783.4688;5860321;-3925.09082
406843.7813;5860321;-3926.244385
406904.0625;5860321;-3927.487793
406964.375;5860321;-3928.799316
407024.6563;5860321;-3930.177002
407084.9688;5860321;-3931.580566
407145.2813;5860321;-3932.996582
407205.5625;5860321;-3934.437744
407265.875;5860321;-3935.873291
407326.1875;5860321;-3937.269043
407386.4688;5860321;-3938.60498
407446.7813;5860321;-3939.857178
407507.0625;5860321;-3940.856689
407567.375;5860321;-3941.083008
407627.6875;5860321;-3940.611084
407687.9688;5860321;-3939.714111
407748.2813;5860321;-3938.587402
407808.5938;5860321;-3937.4646
407868.875;5860321;-3936.53418
407929.1875;5860321;-3935.798584
407989.4688;5860321;-3935.229004
408049.7813;5860321;-3934.830078
408110.0938;5860321;-3934.57959
408170.375;5860321;-3934.450439
408230.6875;5860321;-3934.418457
408291;5860321;-3934.427734
408351.2813;5860321;-3934.438232
408411.5938;5860321;-3934.4375
408471.875;5860321;-3934.416504
408532.1875;5860321;-3934.348633
408592.5;5860321;-3934.22998
408652.7813;5860321;-3934.06543
408713.0938;5860321;-3933.851807
408773.4063;5860321;-3940.871582
408833.6875;5860321;-3940.54834
408894;5860321;-3940.184814
408954.2813;5860321;-3939.794678
409014.5938;5860321;-3939.387695
409074.9063;5860321;-3938.974609
409135.1875;5860321;-3938.571045
409195.5;5860321;-3938.184814
409255.8125;5860321;-3937.818359
409316.0938;5860321;-3937.469971
409376.4063;5860321;-3937.137207
401356.4063;5860381.5;-3823.177246
401416.6875;5860381.5;-3823.912354
401477;5860381.5;-3824.682617
401537.3125;5860381.5;-3825.47583
401597.5938;5860381.5;-3826.297607
401657.9063;5860381.5;-3827.197266
401718.2188;5860381.5;-3828.239746
401778.5;5860381.5;-3829.51416
401838.8125;5860381.5;-3831.121582
401899.0938;5860381.5;-3833.025635
401959.4063;5860381.5;-3835.240723
402019.7188;5860381.5;-3837.739746
402080;5860381.5;-3840.189941
402140.3125;5860381.5;-3842.314697
402200.625;5860381.5;-3843.98999
402260.9063;5860381.5;-3845.120605
402321.2188;5860381.5;-3845.87207
402381.5;5860381.5;-3846.632813
402441.8125;5860381.5;-3847.514893
402502.125;5860381.5;-3848.37915
402562.4063;5860381.5;-3848.473389
402622.7188;5860381.5;-3847.005615
402683.0313;5860381.5;-3843.894531
402743.3125;5860381.5;-3839.745117
402803.625;5860381.5;-3838.689209
402863.9063;5860381.5;-3841.070313
402924.2188;5860381.5;-3844.810791
402984.5313;5860381.5;-3849.005127
403044.8125;5860381.5;-3852.984619
403105.125;5860381.5;-3856.633545
403165.4375;5860381.5;-3859.954346
403225.7188;5860381.5;-3862.876221
403286.0313;5860381.5;-3865.358887
403346.3125;5860381.5;-3867.568848
403406.625;5860381.5;-3869.590088
403466.9375;5860381.5;-3871.449707
403527.2188;5860381.5;-3873.152588
403587.5313;5860381.5;-3874.721924
403647.8438;5860381.5;-3876.163574
403708.125;5860381.5;-3877.468994
403768.4375;5860381.5;-3878.642334
403828.7188;5860381.5;-3879.722656
403889.0313;5860381.5;-3880.71875
403949.3438;5860381.5;-3881.654541
404009.625;5860381.5;-3882.579102
404069.9375;5860381.5;-3883.528076
404130.25;5860381.5;-3884.515869
404190.5313;5860381.5;-3885.513428
404250.8438;5860381.5;-3886.525635
404311.125;5860381.5;-3887.540039
404371.4375;5860381.5;-3892.671875
404431.75;5860381.5;-3893.7771
404492.0313;5860381.5;-3894.85083
404552.3438;5860381.5;-3895.864746
404612.625;5860381.5;-3896.810547
404672.9375;5860381.5;-3897.748291
404733.25;5860381.5;-3898.672363
404793.5313;5860381.5;-3899.56665
404853.8438;5860381.5;-3900.469238
404914.1563;5860381.5;-3901.381104
404974.4375;5860381.5;-3902.295654
405034.75;5860381.5;-3903.212646
405095.0313;5860381.5;-3904.128906
405155.3438;5860381.5;-3905.030762
405215.6563;5860381.5;-3905.925049
405275.9375;5860381.5;-3906.806641
405336.25;5860381.5;-3907.574707
405396.5625;5860381.5;-3908.327881
405456.8438;5860381.5;-3909.063477
405517.1563;5860381.5;-3910.049316
405577.4375;5860381.5;-3912.205811
405637.75;5860381.5;-3913.268555
405698.0625;5860381.5;-3914.323486
405758.3438;5860381.5;-3911.328369
405818.6563;5860381.5;-3912.147461
405878.9688;5860381.5;-3912.88916
405939.25;5860381.5;-3913.595703
405999.5625;5860381.5;-3914.290039
406059.8438;5860381.5;-3914.955322
406120.1563;5860381.5;-3915.602783
406180.4688;5860381.5;-3916.246582
406240.75;5860381.5;-3916.89209
406301.0625;5860381.5;-3917.542725
406361.375;5860381.5;-3918.202881
406421.6563;5860381.5;-3918.88916
406481.9688;5860381.5;-3919.611328
406542.25;5860381.5;-3920.373291
406602.5625;5860381.5;-3921.212158
406662.875;5860381.5;-3922.132568
406723.1563;5860381.5;-3923.101318
406783.4688;5860381.5;-3924.140869
406843.7813;5860381.5;-3925.297607
406904.0625;5860381.5;-3926.544434
406964.375;5860381.5;-3927.854736
407024.6563;5860381.5;-3929.22168
407084.9688;5860381.5;-3930.590332
407145.2813;5860381.5;-3931.939453
407205.5625;5860381.5;-3933.283936
407265.875;5860381.5;-3934.588867
407326.1875;5860381.5;-3935.831299
407386.4688;5860381.5;-3937.076416
407446.7813;5860381.5;-3938.429688
407507.0625;5860381.5;-3939.795654
407567.375;5860381.5;-3940.20166
407627.6875;5860381.5;-3939.557373
407687.9688;5860381.5;-3938.494629
407748.2813;5860381.5;-3937.318115
407808.5938;5860381.5;-3936.233887
407868.875;5860381.5;-3935.349854
407929.1875;5860381.5;-3934.634766
407989.4688;5860381.5;-3934.052734
408049.7813;5860381.5;-3933.603516
408110.0938;5860381.5;-3933.273682
408170.375;5860381.5;-3933.047119
408230.6875;5860381.5;-3932.910889
408291;5860381.5;-3932.825684
408351.2813;5860381.5;-3932.755371
408411.5938;5860381.5;-3932.6875
408471.875;5860381.5;-3932.613525
408532.1875;5860381.5;-3932.51001
408592.5;5860381.5;-3932.368408
408652.7813;5860381.5;-3932.19043
408713.0938;5860381.5;-3939.153564
408773.4063;5860381.5;-3938.885254
408833.6875;5860381.5;-3938.574463
408894;5860381.5;-3938.232178
408954.2813;5860381.5;-3937.870117
409014.5938;5860381.5;-3937.496582
409074.9063;5860381.5;-3937.119873
409135.1875;5860381.5;-3936.753174
409195.5;5860381.5;-3936.402344
409255.8125;5860381.5;-3936.069336
409316.0938;5860381.5;-3935.751953
409376.4063;5860381.5;-3935.448486
401356.4063;5860442.5;-3824.499268
401416.6875;5860442.5;-3825.319336
401477;5860442.5;-3826.189453
401537.3125;5860442.5;-3827.101318
401597.5938;5860442.5;-3828.057861
401657.9063;5860442.5;-3829.088867
401718.2188;5860442.5;-3830.235596
401778.5;5860442.5;-3831.564453
401838.8125;5860442.5;-3833.15332
401899.0938;5860442.5;-3834.956055
401959.4063;5860442.5;-3836.949463
402019.7188;5860442.5;-3839.07959
402080;5860442.5;-3841.107666
402140.3125;5860442.5;-3842.850342
402200.625;5860442.5;-3844.213135
402260.9063;5860442.5;-3845.102539
402321.2188;5860442.5;-3845.58374
402381.5;5860442.5;-3845.959961
402441.8125;5860442.5;-3846.327393
402502.125;5860442.5;-3846.584717
402562.4063;5860442.5;-3846.217773
402622.7188;5860442.5;-3844.778564
402683.0313;5860442.5;-3842.485596
402743.3125;5860442.5;-3840.171875
402803.625;5860442.5;-3840.154297
402863.9063;5860442.5;-3842.428467
402924.2188;5860442.5;-3845.925781
402984.5313;5860442.5;-3849.934082
403044.8125;5860442.5;-3853.812744
403105.125;5860442.5;-3857.425781
403165.4375;5860442.5;-3860.747314
403225.7188;5860442.5;-3863.6875
403286.0313;5860442.5;-3866.165771
403346.3125;5860442.5;-3868.342529
403406.625;5860442.5;-3870.311768
403466.9375;5860442.5;-3872.115234
403527.2188;5860442.5;-3873.770508
403587.5313;5860442.5;-3875.297607
403647.8438;5860442.5;-3876.698242
403708.125;5860442.5;-3877.954102
403768.4375;5860442.5;-3879.060059
403828.7188;5860442.5;-3880.057129
403889.0313;5860442.5;-3880.958984
403949.3438;5860442.5;-3881.79834
404009.625;5860442.5;-3882.606689
404069.9375;5860442.5;-3883.44458
404130.25;5860442.5;-3884.342773
404190.5313;5860442.5;-3885.299316
404250.8438;5860442.5;-3886.302002
404311.125;5860442.5;-3887.308105
404371.4375;5860442.5;-3892.902344
404431.75;5860442.5;-3893.980957
404492.0313;5860442.5;-3895.023438
404552.3438;5860442.5;-3896.001709
404612.625;5860442.5;-3896.909668
404672.9375;5860442.5;-3897.812744
404733.25;5860442.5;-3898.706787
404793.5313;5860442.5;-3899.573975
404853.8438;5860442.5;-3900.454102
404914.1563;5860442.5;-3901.345947
404974.4375;5860442.5;-3902.23999
405034.75;5860442.5;-3903.13623
405095.0313;5860442.5;-3904.0271
405155.3438;5860442.5;-3904.88208
405215.6563;5860442.5;-3905.726074
405275.9375;5860442.5;-3906.549561
405336.25;5860442.5;-3907.165771
405396.5625;5860442.5;-3907.761963
405456.8438;5860442.5;-3908.336914
405517.1563;5860442.5;-3910.897217
405577.4375;5860442.5;-3911.970215
405637.75;5860442.5;-3913.023438
405698.0625;5860442.5;-3914.057861
405758.3438;5860442.5;-3915.078369
405818.6563;5860442.5;-3911.556152
405878.9688;5860442.5;-3912.2854
405939.25;5860442.5;-3912.979736
405999.5625;5860442.5;-3913.659424
406059.8438;5860442.5;-3914.302002
406120.1563;5860442.5;-3914.921631
406180.4688;5860442.5;-3915.536133
406240.75;5860442.5;-3916.145508
406301.0625;5860442.5;-3916.75415
406361.375;5860442.5;-3917.372559
406421.6563;5860442.5;-3918.015869
406481.9688;5860442.5;-3918.693604
406542.25;5860442.5;-3919.413818
406602.5625;5860442.5;-3920.216309
406662.875;5860442.5;-3921.107666
406723.1563;5860442.5;-3922.052734
406783.4688;5860442.5;-3923.074951
406843.7813;5860442.5;-3924.223633
406904.0625;5860442.5;-3925.460938
406964.375;5860442.5;-3926.754395
407024.6563;5860442.5;-3928.094482
407084.9688;5860442.5;-3929.406982
407145.2813;5860442.5;-3930.655518
407205.5625;5860442.5;-3931.847412
407265.875;5860442.5;-3932.922363
407326.1875;5860442.5;-3933.835938
407386.4688;5860442.5;-3934.734619
407446.7813;5860442.5;-3935.904785
407507.0625;5860442.5;-3937.594971
407567.375;5860442.5;-3938.281494
407627.6875;5860442.5;-3937.592285
407687.9688;5860442.5;-3936.546143
407748.2813;5860442.5;-3935.483643
407808.5938;5860442.5;-3934.546387
407868.875;5860442.5;-3933.784912
407929.1875;5860442.5;-3933.154541
407989.4688;5860442.5;-3932.618652
408049.7813;5860442.5;-3932.173828
408110.0938;5860442.5;-3931.813965
408170.375;5860442.5;-3931.534912
408230.6875;5860442.5;-3931.334473
408291;5860442.5;-3931.185059
408351.2813;5860442.5;-3931.056641
408411.5938;5860442.5;-3930.938232
408471.875;5860442.5;-3930.821289
408532.1875;5860442.5;-3930.688232
408592.5;5860442.5;-3930.527832
408652.7813;5860442.5;-3937.409912
408713.0938;5860442.5;-3937.182861
408773.4063;5860442.5;-3936.915771
408833.6875;5860442.5;-3936.617432
408894;5860442.5;-3936.293945
408954.2813;5860442.5;-3935.95752
409014.5938;5860442.5;-3935.614014
409074.9063;5860442.5;-3935.269775
409135.1875;5860442.5;-3934.935547
409195.5;5860442.5;-3934.615723
409255.8125;5860442.5;-3934.312012
409316.0938;5860442.5;-3934.021973
409376.4063;5860442.5;-3933.743652
401356.4063;5860503;-3825.718018
401416.6875;5860503;-3826.602295
401477;5860503;-3827.546143
401537.3125;5860503;-3828.545654
401597.5938;5860503;-3829.604248
401657.9063;5860503;-3830.735596
401718.2188;5860503;-3831.962158
401778.5;5860503;-3833.323975
401838.8125;5860503;-3834.872559
401899.0938;5860503;-3836.564697
401959.4063;5860503;-3838.363525
402019.7188;5860503;-3840.205566
402080;5860503;-3841.909668
402140.3125;5860503;-3843.352783
402200.625;5860503;-3844.465576
402260.9063;5860503;-3845.156006
402321.2188;5860503;-3845.425537
402381.5;5860503;-3845.521729
402441.8125;5860503;-3845.535156
402502.125;5860503;-3845.422852
402562.4063;5860503;-3844.914795
402622.7188;5860503;-3843.846924
402683.0313;5860503;-3842.530029
402743.3125;5860503;-3841.66333
402803.625;5860503;-3842.343018
402863.9063;5860503;-3844.433838
402924.2188;5860503;-3847.520508
402984.5313;5860503;-3851.152588
403044.8125;5860503;-3854.809814
403105.125;5860503;-3858.301758
403165.4375;5860503;-3861.562012
403225.7188;5860503;-3864.481445
403286.0313;5860503;-3866.927734
403346.3125;5860503;-3869.045654
403406.625;5860503;-3870.947021
403466.9375;5860503;-3872.688721
403527.2188;5860503;-3874.29834
403587.5313;5860503;-3875.789063
403647.8438;5860503;-3877.15918
403708.125;5860503;-3878.378174
403768.4375;5860503;-3879.424072
403828.7188;5860503;-3880.338135
403889.0313;5860503;-3881.138672
403949.3438;5860503;-3881.875488
404009.625;5860503;-3882.568115
404069.9375;5860503;-3883.299316
404130.25;5860503;-3884.115234
404190.5313;5860503;-3885.039551
404250.8438;5860503;-3886.037842
404311.125;5860503;-3891.919922
404371.4375;5860503;-3893.089111
404431.75;5860503;-3894.13623
404492.0313;5860503;-3895.142822
404552.3438;5860503;-3896.081787
404612.625;5860503;-3896.948975
404672.9375;5860503;-3897.817139
404733.25;5860503;-3898.682617
404793.5313;5860503;-3899.526611
404853.8438;5860503;-3900.388672
404914.1563;5860503;-3901.265137
404974.4375;5860503;-3902.144287
405034.75;5860503;-3903.023926
405095.0313;5860503;-3903.894531
405155.3438;5860503;-3904.707031
405215.6563;5860503;-3905.503662
405275.9375;5860503;-3906.271729
405336.25;5860503;-3906.742188
405396.5625;5860503;-3907.188965
405456.8438;5860503;-3907.612305
405517.1563;5860503;-3910.651123
405577.4375;5860503;-3911.717773
405637.75;5860503;-3912.761719
405698.0625;5860503;-3913.775146
405758.3438;5860503;-3914.77124
405818.6563;5860503;-3912.221191
405878.9688;5860503;-3911.662354
405939.25;5860503;-3912.343262
405999.5625;5860503;-3913.007813
406059.8438;5860503;-3913.625488
406120.1563;5860503;-3914.215576
406180.4688;5860503;-3914.798584
406240.75;5860503;-3915.369141
406301.0625;5860503;-3915.933838
406361.375;5860503;-3916.507568
406421.6563;5860503;-3917.104248
406481.9688;5860503;-3917.733154
406542.25;5860503;-3918.406738
406602.5625;5860503;-3919.167236
406662.875;5860503;-3920.022461
406723.1563;5860503;-3920.935547
406783.4688;5860503;-3921.932373
406843.7813;5860503;-3923.062988
406904.0625;5860503;-3924.281982
406964.375;5860503;-3925.552246
407024.6563;5860503;-3926.860107
407084.9688;5860503;-3928.114502
407145.2813;5860503;-3929.261475
407205.5625;5860503;-3930.299561
407265.875;5860503;-3931.140625
407326.1875;5860503;-3931.679443
407386.4688;5860503;-3932.049316
407446.7813;5860503;-3932.575684
407507.0625;5860503;-3934.001465
407567.375;5860503;-3934.967773
407627.6875;5860503;-3934.662598
407687.9688;5860503;-3933.983887
407748.2813;5860503;-3933.241943
407808.5938;5860503;-3932.558838
407868.875;5860503;-3931.979004
407929.1875;5860503;-3931.474609
407989.4688;5860503;-3931.018555
408049.7813;5860503;-3930.607422
408110.0938;5860503;-3930.246094
408170.375;5860503;-3929.941895
408230.6875;5860503;-3929.700195
408291;5860503;-3929.505615
408351.2813;5860503;-3929.333984
408411.5938;5860503;-3929.176758
408471.875;5860503;-3929.0271
408532.1875;5860503;-3928.870117
408592.5;5860503;-3928.696045
408652.7813;5860503;-3935.462158
408713.0938;5860503;-3935.226807
408773.4063;5860503;-3934.963379
408833.6875;5860503;-3934.676025
408894;5860503;-3934.37207
408954.2813;5860503;-3934.059082
409014.5938;5860503;-3933.743164
409074.9063;5860503;-3933.428955
409135.1875;5860503;-3933.124268
409195.5;5860503;-3932.833496
409255.8125;5860503;-3932.555908
409316.0938;5860503;-3932.29126
409376.4063;5860503;-3932.035889
401356.4063;5860563.5;-3826.828613
401416.6875;5860563.5;-3827.75415
401477;5860563.5;-3828.743408
401537.3125;5860563.5;-3829.796143
401597.5938;5860563.5;-3830.919434
401657.9063;5860563.5;-3832.114502
401718.2188;5860563.5;-3833.388428
401778.5;5860563.5;-3834.760742
401838.8125;5860563.5;-3836.257324
401899.0938;5860563.5;-3837.840088
401959.4063;5860563.5;-3839.469971
402019.7188;5860563.5;-3841.086914
402080;5860563.5;-3842.547852
402140.3125;5860563.5;-3843.77417
402200.625;5860563.5;-3844.714355
402260.9063;5860563.5;-3845.279785
402321.2188;5860563.5;-3845.431885
402381.5;5860563.5;-3845.378418
402441.8125;5860563.5;-3845.208984
402502.125;5860563.5;-3844.936523
402562.4063;5860563.5;-3844.488525
402622.7188;5860563.5;-3843.878418
402683.0313;5860563.5;-3843.375
402743.3125;5860563.5;-3843.428223
402803.625;5860563.5;-3844.520752
402863.9063;5860563.5;-3846.499023
402924.2188;5860563.5;-3849.216553
402984.5313;5860563.5;-3852.4729
403044.8125;5860563.5;-3855.866455
403105.125;5860563.5;-3859.173584
403165.4375;5860563.5;-3862.313477
403225.7188;5860563.5;-3865.167725
403286.0313;5860563.5;-3867.553955
403346.3125;5860563.5;-3869.597168
403406.625;5860563.5;-3871.429199
403466.9375;5860563.5;-3873.119141
403527.2188;5860563.5;-3874.695801
403587.5313;5860563.5;-3876.168457
403647.8438;5860563.5;-3877.537109
403708.125;5860563.5;-3878.758301
403768.4375;5860563.5;-3879.763672
403828.7188;5860563.5;-3880.599365
403889.0313;5860563.5;-3881.294678
403949.3438;5860563.5;-3881.928467
404009.625;5860563.5;-3882.49585
404069.9375;5860563.5;-3883.109131
404130.25;5860563.5;-3883.835938
404190.5313;5860563.5;-3884.730469
404250.8438;5860563.5;-3889.2146
404311.125;5860563.5;-3892.113525
404371.4375;5860563.5;-3893.253662
404431.75;5860563.5;-3894.256348
404492.0313;5860563.5;-3895.213135
404552.3438;5860563.5;-3896.102539
404612.625;5860563.5;-3896.92334
404672.9375;5860563.5;-3897.75415
404733.25;5860563.5;-3898.593262
404793.5313;5860563.5;-3899.416992
404853.8438;5860563.5;-3900.265869
404914.1563;5860563.5;-3901.132324
404974.4375;5860563.5;-3902.003418
405034.75;5860563.5;-3902.873047
405095.0313;5860563.5;-3903.731201
405155.3438;5860563.5;-3904.530518
405215.6563;5860563.5;-3905.310303
405275.9375;5860563.5;-3906.057373
405336.25;5860563.5;-3906.509277
405396.5625;5860563.5;-3906.93457
405456.8438;5860563.5;-3909.286865
405517.1563;5860563.5;-3910.369873
405577.4375;5860563.5;-3911.433105
405637.75;5860563.5;-3912.470215
405698.0625;5860563.5;-3913.466064
405758.3438;5860563.5;-3914.441895
405818.6563;5860563.5;-3915.400635
405878.9688;5860563.5;-3911.006348
405939.25;5860563.5;-3911.666504
405999.5625;5860563.5;-3912.307617
406059.8438;5860563.5;-3912.895752
406120.1563;5860563.5;-3913.451172
406180.4688;5860563.5;-3913.998047
406240.75;5860563.5;-3914.525146
406301.0625;5860563.5;-3915.041992
406361.375;5860563.5;-3915.567383
406421.6563;5860563.5;-3916.112793
406481.9688;5860563.5;-3916.687988
406542.25;5860563.5;-3917.309082
406602.5625;5860563.5;-3918.020264
406662.875;5860563.5;-3918.829834
406723.1563;5860563.5;-3919.700684
406783.4688;5860563.5;-3920.6604
406843.7813;5860563.5;-3921.76123
406904.0625;5860563.5;-3922.950439
406964.375;5860563.5;-3924.189209
407024.6563;5860563.5;-3925.46167
407084.9688;5860563.5;-3926.662109
407145.2813;5860563.5;-3927.734863
407205.5625;5860563.5;-3928.685303
407265.875;5860563.5;-3929.39917
407326.1875;5860563.5;-3929.692871
407386.4688;5860563.5;-3929.688721
407446.7813;5860563.5;-3929.518799
407507.0625;5860563.5;-3930.015869
407567.375;5860563.5;-3930.865723
407627.6875;5860563.5;-3931.112549
407687.9688;5860563.5;-3930.984375
407748.2813;5860563.5;-3930.678223
407808.5938;5860563.5;-3930.319336
407868.875;5860563.5;-3929.965576
407929.1875;5860563.5;-3929.61792
407989.4688;5860563.5;-3929.265869
408049.7813;5860563.5;-3928.911865
408110.0938;5860563.5;-3928.573486
408170.375;5860563.5;-3928.268311
408230.6875;5860563.5;-3928.008057
408291;5860563.5;-3927.786865
408351.2813;5860563.5;-3927.587646
408411.5938;5860563.5;-3927.405029
408471.875;5860563.5;-3927.232666
408532.1875;5860563.5;-3927.060303
408592.5;5860563.5;-3933.755859
408652.7813;5860563.5;-3933.531006
408713.0938;5860563.5;-3933.290771
408773.4063;5860563.5;-3933.030518
408833.6875;5860563.5;-3932.754883
408894;5860563.5;-3932.467529
408954.2813;5860563.5;-3932.176025
409014.5938;5860563.5;-3931.884521
409074.9063;5860563.5;-3931.595947
409135.1875;5860563.5;-3931.317139
409195.5;5860563.5;-3931.050781
409255.8125;5860563.5;-3930.796875
409316.0938;5860563.5;-3930.553711
409376.4063;5860563.5;-3930.318848
401356.4063;5860624;-3827.805664
401416.6875;5860624;-3828.737793
401477;5860624;-3829.735107
401537.3125;5860624;-3830.797363
401597.5938;5860624;-3831.935791
401657.9063;5860624;-3833.144287
401718.2188;5860624;-3834.421387
401778.5;5860624;-3835.770996
401838.8125;5860624;-3837.203613
401899.0938;5860624;-3838.683594
401959.4063;5860624;-3840.17749
402019.7188;5860624;-3841.631836
402080;5860624;-3842.935791
402140.3125;5860624;-3844.038818
402200.625;5860624;-3844.902344
402260.9063;5860624;-3845.444336
402321.2188;5860624;-3845.60498
402381.5;5860624;-3845.555176
402441.8125;5860624;-3845.379883
402502.125;5860624;-3845.122314
402562.4063;5860624;-3844.828857
402622.7188;5860624;-3844.5979
402683.0313;5860624;-3844.620361
402743.3125;5860624;-3845.16626
402803.625;5860624;-3846.442139
402863.9063;5860624;-3848.32666
402924.2188;5860624;-3850.774414
402984.5313;5860624;-3853.706055
403044.8125;5860624;-3856.803467
403105.125;5860624;-3859.858398
403165.4375;5860624;-3862.794922
403225.7188;5860624;-3865.501953
403286.0313;5860624;-3867.797363
403346.3125;5860624;-3869.78418
403406.625;5860624;-3871.581543
403466.9375;5860624;-3873.258301
403527.2188;5860624;-3874.842041
403587.5313;5860624;-3876.34668
403647.8438;5860624;-3877.788818
403708.125;5860624;-3879.099365
403768.4375;5860624;-3880.104736
403828.7188;5860624;-3880.856201
403889.0313;5860624;-3881.418945
403949.3438;5860624;-3881.929443
404009.625;5860624;-3882.357422
404069.9375;5860624;-3882.849854
404130.25;5860624;-3883.49292
404190.5313;5860624;-3884.368164
404250.8438;5860624;-3891.05127
404311.125;5860624;-3892.295166
404371.4375;5860624;-3893.379395
404431.75;5860624;-3894.305908
404492.0313;5860624;-3895.18457
404552.3438;5860624;-3896.002686
404612.625;5860624;-3896.764404
404672.9375;5860624;-3897.553711
404733.25;5860624;-3898.369873
404793.5313;5860624;-3899.181641
404853.8438;5860624;-3900.028076
404914.1563;5860624;-3900.897705
404974.4375;5860624;-3901.772217
405034.75;5860624;-3902.643555
405095.0313;5860624;-3903.505859
405155.3438;5860624;-3904.332764
405215.6563;5860624;-3905.136475
405275.9375;5860624;-3905.909424
405336.25;5860624;-3906.506592
405396.5625;5860624;-3907.828125
405456.8438;5860624;-3908.947998
405517.1563;5860624;-3910.037354
405577.4375;5860624;-3911.102783
405637.75;5860624;-3912.135498
405698.0625;5860624;-3913.119873
405758.3438;5860624;-3914.081055
405818.6563;5860624;-3915.022217
405878.9688;5860624;-3915.897461
405939.25;5860624;-3910.936279
405999.5625;5860624;-3911.544678
406059.8438;5860624;-3912.095703
406120.1563;5860624;-3912.609375
406180.4688;5860624;-3913.112305
406240.75;5860624;-3913.591553
406301.0625;5860624;-3914.056152
406361.375;5860624;-3914.527588
406421.6563;5860624;-3915.014648
406481.9688;5860624;-3915.529053
406542.25;5860624;-3916.087402
406602.5625;5860624;-3916.734619
406662.875;5860624;-3917.480957
406723.1563;5860624;-3918.287842
406783.4688;5860624;-3919.185059
406843.7813;5860624;-3920.228027
406904.0625;5860624;-3921.356445
406964.375;5860624;-3922.533936
407024.6563;5860624;-3923.750732
407084.9688;5860624;-3924.905762
407145.2813;5860624;-3925.986572
407205.5625;5860624;-3927.032959
407265.875;5860624;-3927.890137
407326.1875;5860624;-3928.180176
407386.4688;5860624;-3928.030029
407446.7813;5860624;-3927.628906
407507.0625;5860624;-3927.440918
407567.375;5860624;-3927.74292
407627.6875;5860624;-3927.967529
407687.9688;5860624;-3928.050781
407748.2813;5860624;-3928.037598
407808.5938;5860624;-3927.953369
407868.875;5860624;-3927.807373
407929.1875;5860624;-3927.610352
407989.4688;5860624;-3927.364746
408049.7813;5860624;-3927.080566
408110.0938;5860624;-3926.78418
408170.375;5860624;-3926.500732
408230.6875;5860624;-3926.246338
408291;5860624;-3926.020508
408351.2813;5860624;-3925.812744
408411.5938;5860624;-3925.621094
408471.875;5860624;-3925.44043
408532.1875;5860624;-3932.084717
408592.5;5860624;-3931.858887
408652.7813;5860624;-3931.625244
408713.0938;5860624;-3931.382324
408773.4063;5860624;-3931.126465
408833.6875;5860624;-3930.86084
408894;5860624;-3930.588135
408954.2813;5860624;-3930.314209
409014.5938;5860624;-3930.042725
409074.9063;5860624;-3929.775391
409135.1875;5860624;-3929.517334
409195.5;5860624;-3929.270508
409255.8125;5860624;-3929.035645
409316.0938;5860624;-3928.809814
409376.4063;5860624;-3928.591553
401356.4063;5860685;-3828.666992
401416.6875;5860685;-3829.578125
401477;5860685;-3830.550537
401537.3125;5860685;-3831.587158
401597.5938;5860685;-3832.699219
401657.9063;5860685;-3833.879639
401718.2188;5860685;-3835.120361
401778.5;5860685;-3836.419434
401838.8125;5860685;-3837.774658
401899.0938;5860685;-3839.15625
401959.4063;5860685;-3840.535156
402019.7188;5860685;-3841.868164
402080;5860685;-3843.06958
402140.3125;5860685;-3844.108398
402200.625;5860685;-3844.955811
402260.9063;5860685;-3845.539795
402321.2188;5860685;-3845.79541
402381.5;5860685;-3845.856689
402441.8125;5860685;-3845.794922
402502.125;5860685;-3845.65918
402562.4063;5860685;-3845.547852
402622.7188;5860685;-3845.595703
402683.0313;5860685;-3845.932373
402743.3125;5860685;-3846.71875
402803.625;5860685;-3848.049561
402863.9063;5860685;-3849.830322
402924.2188;5860685;-3852.049072
402984.5313;5860685;-3854.671387
403044.8125;5860685;-3857.452148
403105.125;5860685;-3860.2146
403165.4375;5860685;-3862.890869
403225.7188;5860685;-3865.390869
403286.0313;5860685;-3867.577393
403346.3125;5860685;-3869.52832
403406.625;5860685;-3871.325439
403466.9375;5860685;-3873.025879
403527.2188;5860685;-3874.656006
403587.5313;5860685;-3876.245361
403647.8438;5860685;-3877.838379
403708.125;5860685;-3879.335693
403768.4375;5860685;-3880.372803
403828.7188;5860685;-3881.002197
403889.0313;5860685;-3881.388672
403949.3438;5860685;-3881.745361
404009.625;5860685;-3882.042725
404069.9375;5860685;-3882.45752
404130.25;5860685;-3883.072754
404190.5313;5860685;-3889.941895
404250.8438;5860685;-3891.223877
404311.125;5860685;-3892.418213
404371.4375;5860685;-3893.409424
404431.75;5860685;-3894.217285
404492.0313;5860685;-3894.980225
404552.3438;5860685;-3895.698242
404612.625;5860685;-3896.384521
404672.9375;5860685;-3897.129883
404733.25;5860685;-3897.931152
404793.5313;5860685;-3898.747314
404853.8438;5860685;-3899.611572
404914.1563;5860685;-3900.504883
404974.4375;5860685;-3901.402588
405034.75;5860685;-3902.292969
405095.0313;5860685;-3903.173096
405155.3438;5860685;-3904.041748
405215.6563;5860685;-3904.880615
405275.9375;5860685;-3905.691162
405336.25;5860685;-3906.445313
405396.5625;5860685;-3907.420654
405456.8438;5860685;-3908.566895
405517.1563;5860685;-3909.667725
405577.4375;5860685;-3910.737793
405637.75;5860685;-3911.769531
405698.0625;5860685;-3912.743652
405758.3438;5860685;-3913.69043
405818.6563;5860685;-3914.614258
405878.9688;5860685;-3915.466309
405939.25;5860685;-3916.273926
405999.5625;5860685;-3910.75
406059.8438;5860685;-3911.261719
406120.1563;5860685;-3911.732178
406180.4688;5860685;-3912.189453
406240.75;5860685;-3912.617432
406301.0625;5860685;-3913.026611
406361.375;5860685;-3913.439209
406421.6563;5860685;-3913.863037
406481.9688;5860685;-3914.307861
406542.25;5860685;-3914.790771
406602.5625;5860685;-3915.355957
406662.875;5860685;-3916.015137
406723.1563;5860685;-3916.728027
406783.4688;5860685;-3917.526123
406843.7813;5860685;-3918.463135
406904.0625;5860685;-3919.472656
406964.375;5860685;-3920.52832
407024.6563;5860685;-3921.635498
407084.9688;5860685;-3922.728027
407145.2813;5860685;-3923.87793
407205.5625;5860685;-3925.192871
407265.875;5860685;-3926.478027
407326.1875;5860685;-3926.954346
407386.4688;5860685;-3926.615723
407446.7813;5860685;-3925.978516
407507.0625;5860685;-3925.427734
407567.375;5860685;-3925.323975
407627.6875;5860685;-3925.403564
407687.9688;5860685;-3925.520752
407748.2813;5860685;-3925.640625
407808.5938;5860685;-3925.702637
407868.875;5860685;-3925.675049
407929.1875;5860685;-3925.56958
407989.4688;5860685;-3925.397461
408049.7813;5860685;-3925.171875
408110.0938;5860685;-3924.919434
408170.375;5860685;-3924.666748
408230.6875;5860685;-3924.431641
408291;5860685;-3924.21582
408351.2813;5860685;-3924.013428
408411.5938;5860685;-3923.826416
408471.875;5860685;-3930.442627
408532.1875;5860685;-3930.210449
408592.5;5860685;-3929.977539
408652.7813;5860685;-3929.740723
408713.0938;5860685;-3929.498291
408773.4063;5860685;-3929.248291
408833.6875;5860685;-3928.99292
408894;5860685;-3928.733643
408954.2813;5860685;-3928.474854
409014.5938;5860685;-3928.219727
409074.9063;5860685;-3927.969727
409135.1875;5860685;-3927.729004
409195.5;5860685;-3927.499023
409255.8125;5860685;-3927.280029
409316.0938;5860685;-3927.069092
409376.4063;5860685;-3926.86499
401356.4063;5860745.5;-3829.451416
401416.6875;5860745.5;-3830.325928
401477;5860745.5;-3831.254883
401537.3125;5860745.5;-3832.244385
401597.5938;5860745.5;-3833.306396
401657.9063;5860745.5;-3834.432861
401718.2188;5860745.5;-3835.614258
401778.5;5860745.5;-3836.84375
401838.8125;5860745.5;-3838.114258
401899.0938;5860745.5;-3839.398926
401959.4063;5860745.5;-3840.673828
402019.7188;5860745.5;-3841.904785
402080;5860745.5;-3843.030518
402140.3125;5860745.5;-3844.029297
402200.625;5860745.5;-3844.881348
402260.9063;5860745.5;-3845.529297
402321.2188;5860745.5;-3845.911377
402381.5;5860745.5;-3846.129639
402441.8125;5860745.5;-3846.236084
402502.125;5860745.5;-3846.274414
402562.4063;5860745.5;-3846.351807
402622.7188;5860745.5;-3846.61084
402683.0313;5860745.5;-3847.143555
402743.3125;5860745.5;-3848.046631
402803.625;5860745.5;-3849.367188
402863.9063;5860745.5;-3851.030518
402924.2188;5860745.5;-3853.033203
402984.5313;5860745.5;-3855.36084
403044.8125;5860745.5;-3857.830078
403105.125;5860745.5;-3860.297363
403165.4375;5860745.5;-3862.706787
403225.7188;5860745.5;-3864.991699
403286.0313;5860745.5;-3867.060547
403346.3125;5860745.5;-3868.968262
403406.625;5860745.5;-3870.764648
403466.9375;5860745.5;-3872.488281
403527.2188;5860745.5;-3874.162598
403587.5313;5860745.5;-3875.829346
403647.8438;5860745.5;-3877.566895
403708.125;5860745.5;-3879.248535
403768.4375;5860745.5;-3880.302002
403828.7188;5860745.5;-3880.753906
403889.0313;5860745.5;-3880.926758
403949.3438;5860745.5;-3881.108398
404009.625;5860745.5;-3881.339111
404069.9375;5860745.5;-3881.791504
404130.25;5860745.5;-3882.494385
404190.5313;5860745.5;-3890.042236
404250.8438;5860745.5;-3891.334961
404311.125;5860745.5;-3892.457764
404371.4375;5860745.5;-3893.31543
404431.75;5860745.5;-3893.958008
404492.0313;5860745.5;-3894.567627
404552.3438;5860745.5;-3895.162842
404612.625;5860745.5;-3895.761963
404672.9375;5860745.5;-3896.466797
404733.25;5860745.5;-3897.267822
404793.5313;5860745.5;-3898.107422
404853.8438;5860745.5;-3899.011719
404914.1563;5860745.5;-3899.950439
404974.4375;5860745.5;-3900.883789
405034.75;5860745.5;-3901.801758
405095.0313;5860745.5;-3902.706299
405155.3438;5860745.5;-3903.606934
405215.6563;5860745.5;-3904.473633
405275.9375;5860745.5;-3905.312744
405336.25;5860745.5;-3905.743408
405396.5625;5860745.5;-3906.956055
405456.8438;5860745.5;-3908.137939
405517.1563;5860745.5;-3909.257324
405577.4375;5860745.5;-3910.339355
405637.75;5860745.5;-3911.374512
405698.0625;5860745.5;-3912.341064
405758.3438;5860745.5;-3913.275879
405818.6563;5860745.5;-3914.185303
405878.9688;5860745.5;-3915.015137
405939.25;5860745.5;-3915.795898
405999.5625;5860745.5;-3916.549316
406059.8438;5860745.5;-3910.381104
406120.1563;5860745.5;-3910.803955
406180.4688;5860745.5;-3911.210205
406240.75;5860745.5;-3911.583008
406301.0625;5860745.5;-3911.932129
406361.375;5860745.5;-3912.281738
406421.6563;5860745.5;-3912.636475
406481.9688;5860745.5;-3913.005127
406542.25;5860745.5;-3913.404053
406602.5625;5860745.5;-3913.874023
406662.875;5860745.5;-3914.42749
406723.1563;5860745.5;-3915.02417
406783.4688;5860745.5;-3915.694336
406843.7813;5860745.5;-3916.486084
406904.0625;5860745.5;-3917.324951
406964.375;5860745.5;-3918.196289
407024.6563;5860745.5;-3919.125
407084.9688;5860745.5;-3920.080078
407145.2813;5860745.5;-3921.222412
407205.5625;5860745.5;-3922.776123
407265.875;5860745.5;-3924.547363
407326.1875;5860745.5;-3925.330566
407386.4688;5860745.5;-3924.927246
407446.7813;5860745.5;-3924.151611
407507.0625;5860745.5;-3923.440186
407567.375;5860745.5;-3923.148926
407627.6875;5860745.5;-3923.133545
407687.9688;5860745.5;-3923.241455
407748.2813;5860745.5;-3923.409424
407808.5938;5860745.5;-3923.535889
407868.875;5860745.5;-3923.567871
407929.1875;5860745.5;-3923.515869
407989.4688;5860745.5;-3923.396484
408049.7813;5860745.5;-3923.222412
408110.0938;5860745.5;-3923.01416
408170.375;5860745.5;-3922.798096
408230.6875;5860745.5;-3922.59082
408291;5860745.5;-3922.394287
408351.2813;5860745.5;-3922.207275
408411.5938;5860745.5;-3928.842529
408471.875;5860745.5;-3928.593506
408532.1875;5860745.5;-3928.355469
408592.5;5860745.5;-3928.119141
408652.7813;5860745.5;-3927.881348
408713.0938;5860745.5;-3927.640625
408773.4063;5860745.5;-3927.39624
408833.6875;5860745.5;-3927.149658
408894;5860745.5;-3926.901611
408954.2813;5860745.5;-3926.655029
409014.5938;5860745.5;-3926.41333
409074.9063;5860745.5;-3926.177734
409135.1875;5860745.5;-3925.951172
409195.5;5860745.5;-3925.734131
409255.8125;5860745.5;-3925.527832
409316.0938;5860745.5;-3925.32959
409376.4063;5860745.5;-3925.136719
401356.4063;5860806;-3830.183594
401416.6875;5860806;-3831.010742
401477;5860806;-3831.887451
401537.3125;5860806;-3832.818359
401597.5938;5860806;-3833.816895
401657.9063;5860806;-3834.875
401718.2188;5860806;-3835.983887
401778.5;5860806;-3837.132568
401838.8125;5860806;-3838.312744
401899.0938;5860806;-3839.501709
401959.4063;5860806;-3840.678711
402019.7188;5860806;-3841.818115
402080;5860806;-3842.875977
402140.3125;5860806;-3843.840088
402200.625;5860806;-3844.696289
402260.9063;5860806;-3845.401611
402321.2188;5860806;-3845.906494
402381.5;5860806;-3846.282959
402441.8125;5860806;-3846.568604
402502.125;5860806;-3846.79541
402562.4063;5860806;-3847.057129
402622.7188;5860806;-3847.484375
402683.0313;5860806;-3848.14502
402743.3125;5860806;-3849.101318
402803.625;5860806;-3850.379395
402863.9063;5860806;-3851.919434
402924.2188;5860806;-3853.721191
402984.5313;5860806;-3855.778809
403044.8125;5860806;-3857.961914
403105.125;5860806;-3860.157715
403165.4375;5860806;-3862.319824
403225.7188;5860806;-3864.404053
403286.0313;5860806;-3866.352051
403346.3125;5860806;-3868.199463
403406.625;5860806;-3869.973389
403466.9375;5860806;-3871.694092
403527.2188;5860806;-3873.372559
403587.5313;5860806;-3875.043701
403647.8438;5860806;-3876.763916
403708.125;5860806;-3878.416016
403768.4375;5860806;-3879.438721
403828.7188;5860806;-3879.775635
403889.0313;5860806;-3879.789063
403949.3438;5860806;-3879.813477
404009.625;5860806;-3880.102295
404069.9375;5860806;-3880.762207
404130.25;5860806;-3888.411865
404190.5313;5860806;-3890.044678
404250.8438;5860806;-3891.354492
404311.125;5860806;-3892.381348
404371.4375;5860806;-3893.05835
404431.75;5860806;-3893.480713
404492.0313;5860806;-3893.898438
404552.3438;5860806;-3894.349609
404612.625;5860806;-3894.860596
404672.9375;5860806;-3895.536377
404733.25;5860806;-3896.358887
404793.5313;5860806;-3897.245605
404853.8438;5860806;-3898.217041
404914.1563;5860806;-3899.221191
404974.4375;5860806;-3900.197021
405034.75;5860806;-3901.147217
405095.0313;5860806;-3902.07251
405155.3438;5860806;-3902.977783
405215.6563;5860806;-3903.844238
405275.9375;5860806;-3903.847412
405336.25;5860806;-3905.152832
405396.5625;5860806;-3906.421387
405456.8438;5860806;-3907.651367
405517.1563;5860806;-3908.800781
405577.4375;5860806;-3909.9021
405637.75;5860806;-3910.947754
405698.0625;5860806;-3911.912842
405758.3438;5860806;-3912.841064
405818.6563;5860806;-3913.739014
405878.9688;5860806;-3914.550049
405939.25;5860806;-3915.30542
405999.5625;5860806;-3916.030029
406059.8438;5860806;-3916.680664
406120.1563;5860806;-3909.807129
406180.4688;5860806;-3910.155273
406240.75;5860806;-3910.46582
406301.0625;5860806;-3910.750244
406361.375;5860806;-3911.031006
406421.6563;5860806;-3911.312256
406481.9688;5860806;-3911.600342
406542.25;5860806;-3911.908203
406602.5625;5860806;-3912.274658
406662.875;5860806;-3912.712646
406723.1563;5860806;-3913.177979
406783.4688;5860806;-3913.701172
406843.7813;5860806;-3914.31958
406904.0625;5860806;-3914.945557
406964.375;5860806;-3915.577637
407024.6563;5860806;-3916.257568
407084.9688;5860806;-3916.961182
407145.2813;5860806;-3917.875244
407205.5625;5860806;-3919.319824
407265.875;5860806;-3921.175781
407326.1875;5860806;-3922.244873
407386.4688;5860806;-3922.182861
407446.7813;5860806;-3921.678223
407507.0625;5860806;-3921.123291
407567.375;5860806;-3920.871094
407627.6875;5860806;-3920.870117
407687.9688;5860806;-3921.002197
407748.2813;5860806;-3921.209229
407808.5938;5860806;-3921.376221
407868.875;5860806;-3921.449463
407929.1875;5860806;-3921.44165
407989.4688;5860806;-3921.371826
408049.7813;5860806;-3921.249268
408110.0938;5860806;-3921.089844
408170.375;5860806;-3920.914795
408230.6875;5860806;-3920.741455
408291;5860806;-3920.571045
408351.2813;5860806;-3927.287598
408411.5938;5860806;-3927.023682
408471.875;5860806;-3926.771484
408532.1875;5860806;-3926.529785
408592.5;5860806;-3926.290771
408652.7813;5860806;-3926.052246
408713.0938;5860806;-3925.813477
408773.4063;5860806;-3925.573242
408833.6875;5860806;-3925.332275
408894;5860806;-3925.092041
408954.2813;5860806;-3924.854736
409014.5938;5860806;-3924.623047
409074.9063;5860806;-3924.398193
409135.1875;5860806;-3924.181885
409195.5;5860806;-3923.975342
409255.8125;5860806;-3923.779541
409316.0938;5860806;-3923.590332
409376.4063;5860806;-3923.40625
401356.4063;5860866.5;-3830.874268
401416.6875;5860866.5;-3831.648682
401477;5860866.5;-3832.465576
401537.3125;5860866.5;-3833.331543
401597.5938;5860866.5;-3834.258789
401657.9063;5860866.5;-3835.240479
401718.2188;5860866.5;-3836.267822
401778.5;5860866.5;-3837.330566
401838.8125;5860866.5;-3838.418701
401899.0938;5860866.5;-3839.512451
401959.4063;5860866.5;-3840.596191
402019.7188;5860866.5;-3841.648926
402080;5860866.5;-3842.640137
402140.3125;5860866.5;-3843.564209
402200.625;5860866.5;-3844.411621
402260.9063;5860866.5;-3845.152344
402321.2188;5860866.5;-3845.750732
402381.5;5860866.5;-3846.257568
402441.8125;5860866.5;-3846.697998
402502.125;5860866.5;-3847.093262
402562.4063;5860866.5;-3847.519531
402622.7188;5860866.5;-3848.081543
402683.0313;5860866.5;-3848.830322
402743.3125;5860866.5;-3849.806885
402803.625;5860866.5;-3851.02832
402863.9063;5860866.5;-3852.449219
402924.2188;5860866.5;-3854.071289
402984.5313;5860866.5;-3855.895508
403044.8125;5860866.5;-3857.83252
403105.125;5860866.5;-3859.795166
403165.4375;5860866.5;-3861.745361
403225.7188;5860866.5;-3863.652832
403286.0313;5860866.5;-3865.480713
403346.3125;5860866.5;-3867.246582
403406.625;5860866.5;-3868.965576
403466.9375;5860866.5;-3870.641602
403527.2188;5860866.5;-3872.269531
403587.5313;5860866.5;-3873.85498
403647.8438;5860866.5;-3875.398438
403708.125;5860866.5;-3876.819824
403768.4375;5860866.5;-3877.785645
403828.7188;5860866.5;-3878.170654
403889.0313;5860866.5;-3878.22583
403949.3438;5860866.5;-3878.270752
404009.625;5860866.5;-3878.732666
404069.9375;5860866.5;-3883.068604
404130.25;5860866.5;-3888.179199
404190.5313;5860866.5;-3889.942139
404250.8438;5860866.5;-3891.266357
404311.125;5860866.5;-3892.169434
404371.4375;5860866.5;-3892.602051
404431.75;5860866.5;-3892.733154
404492.0313;5860866.5;-3892.90625
404552.3438;5860866.5;-3893.190918
404612.625;5860866.5;-3893.614258
404672.9375;5860866.5;-3894.282471
404733.25;5860866.5;-3895.158203
404793.5313;5860866.5;-3896.128906
404853.8438;5860866.5;-3897.203369
404914.1563;5860866.5;-3898.303467
404974.4375;5860866.5;-3899.342041
405034.75;5860866.5;-3900.338379
405095.0313;5860866.5;-3901.295898
405155.3438;5860866.5;-3902.21582
405215.6563;5860866.5;-3903.09375
405275.9375;5860866.5;-3903.092773
405336.25;5860866.5;-3904.475342
405396.5625;5860866.5;-3905.813721
405456.8438;5860866.5;-3907.104248
405517.1563;5860866.5;-3908.293457
405577.4375;5860866.5;-3909.422852
405637.75;5860866.5;-3910.483887
405698.0625;5860866.5;-3911.452148
405758.3438;5860866.5;-3912.377197
405818.6563;5860866.5;-3913.267578
405878.9688;5860866.5;-3914.061768
405939.25;5860866.5;-3914.794189
405999.5625;5860866.5;-3915.490967
406059.8438;5860866.5;-3916.109375
406120.1563;5860866.5;-3916.673096
406180.4688;5860866.5;-3909.084229
406240.75;5860866.5;-3909.333984
406301.0625;5860866.5;-3909.554199
406361.375;5860866.5;-3909.767334
406421.6563;5860866.5;-3909.975586
406481.9688;5860866.5;-3910.183105
406542.25;5860866.5;-3910.399902
406602.5625;5860866.5;-3910.660645
406662.875;5860866.5;-3910.979004
406723.1563;5860866.5;-3911.306641
406783.4688;5860866.5;-3911.672119
406843.7813;5860866.5;-3912.099121
406904.0625;5860866.5;-3912.48291
406964.375;5860866.5;-3912.834717
407024.6563;5860866.5;-3913.205566
407084.9688;5860866.5;-3913.52417
407145.2813;5860866.5;-3913.908936
407205.5625;5860866.5;-3914.851563
407265.875;5860866.5;-3916.382324
407326.1875;5860866.5;-3917.627441
407386.4688;5860866.5;-3918.195557
407446.7813;5860866.5;-3918.324463
407507.0625;5860866.5;-3918.242188
407567.375;5860866.5;-3918.267822
407627.6875;5860866.5;-3918.432129
407687.9688;5860866.5;-3918.676514
407748.2813;5860866.5;-3918.963135
407808.5938;5860866.5;-3919.185059
407868.875;5860866.5;-3919.307129
407929.1875;5860866.5;-3919.349609
407989.4688;5860866.5;-3919.333252
408049.7813;5860866.5;-3919.265137
408110.0938;5860866.5;-3919.155029
408170.375;5860866.5;-3919.024414
408230.6875;5860866.5;-3918.888916
408291;5860866.5;-3925.740234
408351.2813;5860866.5;-3925.470459
408411.5938;5860866.5;-3925.209717
408471.875;5860866.5;-3924.957764
408532.1875;5860866.5;-3924.715088
408592.5;5860866.5;-3924.47583
408652.7813;5860866.5;-3924.237793
408713.0938;5860866.5;-3924.000977
408773.4063;5860866.5;-3923.76416
408833.6875;5860866.5;-3923.528809
408894;5860866.5;-3923.295654
408954.2813;5860866.5;-3923.066162
409014.5938;5860866.5;-3922.843018
409074.9063;5860866.5;-3922.627441
409135.1875;5860866.5;-3922.420166
409195.5;5860866.5;-3922.222656
409255.8125;5860866.5;-3922.034668
409316.0938;5860866.5;-3921.854004
409376.4063;5860866.5;-3921.677002
401356.4063;5860927;-3831.535156
401416.6875;5860927;-3832.251953
401477;5860927;-3833.006104
401537.3125;5860927;-3833.803711
401597.5938;5860927;-3834.65625
401657.9063;5860927;-3835.558105
401718.2188;5860927;-3836.500977
401778.5;5860927;-3837.475586
401838.8125;5860927;-3838.472656
401899.0938;5860927;-3839.474121
401959.4063;5860927;-3840.467529
402019.7188;5860927;-3841.4375
402080;5860927;-3842.362549
402140.3125;5860927;-3843.240723
402200.625;5860927;-3844.066406
402260.9063;5860927;-3844.821289
402321.2188;5860927;-3845.481689
402381.5;5860927;-3846.082764
402441.8125;5860927;-3846.639404
402502.125;5860927;-3847.167969
402562.4063;5860927;-3847.725586
402622.7188;5860927;-3848.391357
402683.0313;5860927;-3849.200684
402743.3125;5860927;-3850.181396
402803.625;5860927;-3851.344238
402863.9063;5860927;-3852.65625
402924.2188;5860927;-3854.12207
402984.5313;5860927;-3855.748535
403044.8125;5860927;-3857.476318
403105.125;5860927;-3859.23999
403165.4375;5860927;-3861.006592
403225.7188;5860927;-3862.755615
403286.0313;5860927;-3864.46167
403346.3125;5860927;-3866.130371
403406.625;5860927;-3867.766602
403466.9375;5860927;-3869.364502
403527.2188;5860927;-3870.908936
403587.5313;5860927;-3872.386475
403647.8438;5860927;-3873.761719
403708.125;5860927;-3874.980225
403768.4375;5860927;-3875.887695
403828.7188;5860927;-3876.32959
403889.0313;5860927;-3876.516602
403949.3438;5860927;-3876.73291
404009.625;5860927;-3877.399658
404069.9375;5860927;-3885.672119
404130.25;5860927;-3887.705078
404190.5313;5860927;-3889.549072
404250.8438;5860927;-3890.932617
404311.125;5860927;-3891.698486
404371.4375;5860927;-3891.791992
404431.75;5860927;-3891.583252
404492.0313;5860927;-3891.49707
404552.3438;5860927;-3891.618164
404612.625;5860927;-3891.977051
404672.9375;5860927;-3892.679199
404733.25;5860927;-3893.65918
404793.5313;5860927;-3894.765381
404853.8438;5860927;-3895.98877
404914.1563;5860927;-3897.214844
404974.4375;5860927;-3898.329102
405034.75;5860927;-3899.377197
405095.0313;5860927;-3900.370605
405155.3438;5860927;-3901.311279
405215.6563;5860927;-3900.626953
405275.9375;5860927;-3902.21582
405336.25;5860927;-3903.692871
405396.5625;5860927;-3905.118164
405456.8438;5860927;-3906.484131
405517.1563;5860927;-3907.725342
405577.4375;5860927;-3908.893066
405637.75;5860927;-3909.977783
405698.0625;5860927;-3910.954102
405758.3438;5860927;-3911.882324
405818.6563;5860927;-3912.769531
405878.9688;5860927;-3913.551514
405939.25;5860927;-3914.264648
405999.5625;5860927;-3914.937012
406059.8438;5860927;-3915.525635
406120.1563;5860927;-3916.055176
406180.4688;5860927;-3916.560059
406240.75;5860927;-3908.174561
406301.0625;5860927;-3908.329834
406361.375;5860927;-3908.475098
406421.6563;5860927;-3908.610596
406481.9688;5860927;-3908.73999
406542.25;5860927;-3908.868164
406602.5625;5860927;-3909.027588
406662.875;5860927;-3909.232666
406723.1563;5860927;-3909.429932
406783.4688;5860927;-3909.645264
406843.7813;5860927;-3909.891357
406904.0625;5860927;-3910.043701
406964.375;5860927;-3910.129395
407024.6563;5860927;-3910.202393
407084.9688;5860927;-3910.110596
407145.2813;5860927;-3909.915527
407205.5625;5860927;-3910.398682
407265.875;5860927;-3911.700439
407326.1875;5860927;-3913.037598
407386.4688;5860927;-3914.02832
407446.7813;5860927;-3914.675049
407507.0625;5860927;-3915.079834
407567.375;5860927;-3915.458496
407627.6875;5860927;-3915.861572
407687.9688;5860927;-3916.272217
407748.2813;5860927;-3916.671387
407808.5938;5860927;-3916.967041
407868.875;5860927;-3917.150146
407929.1875;5860927;-3917.251709
407989.4688;5860927;-3917.293213
408049.7813;5860927;-3917.281738
408110.0938;5860927;-3917.223633
408170.375;5860927;-3917.138184
408230.6875;5860927;-3924.199463
408291;5860927;-3923.931396
408351.2813;5860927;-3923.668213
408411.5938;5860927;-3923.411865
408471.875;5860927;-3923.162598
408532.1875;5860927;-3922.919922
408592.5;5860927;-3922.680908
408652.7813;5860927;-3922.443848
408713.0938;5860927;-3922.208008
408773.4063;5860927;-3921.973877
408833.6875;5860927;-3921.74292
408894;5860927;-3921.515137
408954.2813;5860927;-3921.291992
409014.5938;5860927;-3921.075928
409074.9063;5860927;-3920.867676
409135.1875;5860927;-3920.667969
409195.5;5860927;-3920.476563
409255.8125;5860927;-3920.296387
409316.0938;5860927;-3920.121826
409376.4063;5860927;-3919.95166
401356.4063;5860988;-3832.170898
401416.6875;5860988;-3832.827393
401477;5860988;-3833.516602
401537.3125;5860988;-3834.243896
401597.5938;5860988;-3835.02002
401657.9063;5860988;-3835.841797
401718.2188;5860988;-3836.700195
401778.5;5860988;-3837.587891
401838.8125;5860988;-3838.49585
401899.0938;5860988;-3839.408936
401959.4063;5860988;-3840.315674
402019.7188;5860988;-3841.206543
402080;5860988;-3842.066406
402140.3125;5860988;-3842.894531
402200.625;5860988;-3843.688721
402260.9063;5860988;-3844.438477
402321.2188;5860988;-3845.131836
402381.5;5860988;-3845.790527
402441.8125;5860988;-3846.425049
402502.125;5860988;-3847.046387
402562.4063;5860988;-3847.696533
402622.7188;5860988;-3848.432617
402683.0313;5860988;-3849.277588
402743.3125;5860988;-3850.249512
402803.625;5860988;-3851.354492
402863.9063;5860988;-3852.570557
402924.2188;5860988;-3853.903564
402984.5313;5860988;-3855.363525
403044.8125;5860988;-3856.914307
403105.125;5860988;-3858.505371
403165.4375;5860988;-3860.110352
403225.7188;5860988;-3861.713379
403286.0313;5860988;-3863.294434
403346.3125;5860988;-3864.851807
403406.625;5860988;-3866.38501
403466.9375;5860988;-3867.875
403527.2188;5860988;-3869.310547
403587.5313;5860988;-3870.670654
403647.8438;5860988;-3871.901367
403708.125;5860988;-3872.976563
403768.4375;5860988;-3873.835205
403828.7188;5860988;-3874.361816
403889.0313;5860988;-3874.753906
403949.3438;5860988;-3875.236572
404009.625;5860988;-3882.68457
404069.9375;5860988;-3884.623047
404130.25;5860988;-3886.641357
404190.5313;5860988;-3888.5271
404250.8438;5860988;-3890.016846
404311.125;5860988;-3890.638184
404371.4375;5860988;-3890.330078
404431.75;5860988;-3889.793213
404492.0313;5860988;-3889.512695
404552.3438;5860988;-3889.53418
404612.625;5860988;-3889.892334
404672.9375;5860988;-3890.700928
404733.25;5860988;-3891.855713
404793.5313;5860988;-3893.161621
404853.8438;5860988;-3894.587646
404914.1563;5860988;-3895.968506
404974.4375;5860988;-3897.162109
405034.75;5860988;-3898.257324
405095.0313;5860988;-3899.281738
405155.3438;5860988;-3900.24707
405215.6563;5860988;-3899.454834
405275.9375;5860988;-3901.175537
405336.25;5860988;-3902.769043
405396.5625;5860988;-3904.304443
405456.8438;5860988;-3905.769043
405517.1563;5860988;-3907.078857
405577.4375;5860988;-3908.297852
405637.75;5860988;-3909.41626
405698.0625;5860988;-3910.409668
405758.3438;5860988;-3911.347412
405818.6563;5860988;-3912.239502
405878.9688;5860988;-3913.01709
405939.25;5860988;-3913.717529
405999.5625;5860988;-3914.371826
406059.8438;5860988;-3914.938232
406120.1563;5860988;-3915.440186
406180.4688;5860988;-3915.912109
406240.75;5860988;-3906.956055
406301.0625;5860988;-3907.041504
406361.375;5860988;-3907.114746
406421.6563;5860988;-3907.177002
406481.9688;5860988;-3907.22998
406542.25;5860988;-3907.275146
406602.5625;5860988;-3907.343994
406662.875;5860988;-3907.452881
406723.1563;5860988;-3907.539795
406783.4688;5860988;-3907.632813
406843.7813;5860988;-3907.736084
406904.0625;5860988;-3907.706299
406964.375;5860988;-3907.583008
407024.6563;5860988;-3907.438477
407084.9688;5860988;-3907.129639
407145.2813;5860988;-3906.707275
407205.5625;5860988;-3906.908203
407265.875;5860988;-3907.901367
407326.1875;5860988;-3909.116943
407386.4688;5860988;-3910.251221
407446.7813;5860988;-3911.205078
407507.0625;5860988;-3911.975098
407567.375;5860988;-3912.660156
407627.6875;5860988;-3913.288574
407687.9688;5860988;-3913.86084
407748.2813;5860988;-3914.374023
407808.5938;5860988;-3914.748535
407868.875;5860988;-3914.998779
407929.1875;5860988;-3915.162842
407989.4688;5860988;-3915.265869
408049.7813;5860988;-3915.313477
408110.0938;5860988;-3915.307373
408170.375;5860988;-3922.668701
408230.6875;5860988;-3922.417725
408291;5860988;-3922.161133
408351.2813;5860988;-3921.905273
408411.5938;5860988;-3921.653076
408471.875;5860988;-3921.405518
408532.1875;5860988;-3921.162354
408592.5;5860988;-3920.922607
408652.7813;5860988;-3920.684326
408713.0938;5860988;-3920.448486
408773.4063;5860988;-3920.215576
408833.6875;5860988;-3919.986328
408894;5860988;-3919.761719
408954.2813;5860988;-3919.541748
409014.5938;5860988;-3919.32959
409074.9063;5860988;-3919.125732
409135.1875;5860988;-3918.930664
409195.5;5860988;-3918.743896
409255.8125;5860988;-3918.568115
409316.0938;5860988;-3918.397705
409376.4063;5860988;-3918.231934
401356.4063;5861048.5;-3832.785645
401416.6875;5861048.5;-3833.380859
401477;5861048.5;-3834.00415
401537.3125;5861048.5;-3834.661377
401597.5938;5861048.5;-3835.361816
401657.9063;5861048.5;-3836.103516
401718.2188;5861048.5;-3836.879639
401778.5;5861048.5;-3837.682617
401838.8125;5861048.5;-3838.505615
401899.0938;5861048.5;-3839.334473
401959.4063;5861048.5;-3840.160889
402019.7188;5861048.5;-3840.977295
402080;5861048.5;-3841.772705
402140.3125;5861048.5;-3842.547363
402200.625;5861048.5;-3843.30127
402260.9063;5861048.5;-3844.029785
402321.2188;5861048.5;-3844.727539
402381.5;5861048.5;-3845.409912
402441.8125;5861048.5;-3846.08252
402502.125;5861048.5;-3846.753662
402562.4063;5861048.5;-3847.455566
402622.7188;5861048.5;-3848.226807
402683.0313;5861048.5;-3849.082031
402743.3125;5861048.5;-3850.031494
402803.625;5861048.5;-3851.080078
402863.9063;5861048.5;-3852.211182
402924.2188;5861048.5;-3853.432617
402984.5313;5861048.5;-3854.755127
403044.8125;5861048.5;-3856.158447
403105.125;5861048.5;-3857.601074
403165.4375;5861048.5;-3859.061523
403225.7188;5861048.5;-3860.528076
403286.0313;5861048.5;-3861.982178
403346.3125;5861048.5;-3863.418457
403406.625;5861048.5;-3864.832275
403466.9375;5861048.5;-3866.195557
403527.2188;5861048.5;-3867.504883
403587.5313;5861048.5;-3868.741943
403647.8438;5861048.5;-3869.841309
403708.125;5861048.5;-3870.806152
403768.4375;5861048.5;-3871.621582
403828.7188;5861048.5;-3872.195313
403889.0313;5861048.5;-3872.710449
403949.3438;5861048.5;-3874.19873
404009.625;5861048.5;-3881.230469
404069.9375;5861048.5;-3882.993408
404130.25;5861048.5;-3884.88208
404190.5313;5861048.5;-3886.60083
404250.8438;5861048.5;-3887.915283
404311.125;5861048.5;-3888.375977
404371.4375;5861048.5;-3887.937256
404431.75;5861048.5;-3887.306885
404492.0313;5861048.5;-3886.959961
404552.3438;5861048.5;-3886.940186
404612.625;5861048.5;-3887.366943
404672.9375;5861048.5;-3888.375977
404733.25;5861048.5;-3889.771973
404793.5313;5861048.5;-3891.331299
404853.8438;5861048.5;-3893.002197
404914.1563;5861048.5;-3894.549316
404974.4375;5861048.5;-3895.804199
405034.75;5861048.5;-3896.92041
405095.0313;5861048.5;-3897.954346
405155.3438;5861048.5;-3896.178223
405215.6563;5861048.5;-3898.056396
405275.9375;5861048.5;-3899.923584
405336.25;5861048.5;-3901.654541
405396.5625;5861048.5;-3903.322754
405456.8438;5861048.5;-3904.907959
405517.1563;5861048.5;-3906.306152
405577.4375;5861048.5;-3907.592773
405637.75;5861048.5;-3908.756592
405698.0625;5861048.5;-3909.777588
405758.3438;5861048.5;-3910.73584
405818.6563;5861048.5;-3911.643066
405878.9688;5861048.5;-3912.42749
405939.25;5861048.5;-3913.126221
405999.5625;5861048.5;-3913.771973
406059.8438;5861048.5;-3914.322998
406120.1563;5861048.5;-3914.802246
406180.4688;5861048.5;-3915.246094
406240.75;5861048.5;-3915.638916
406301.0625;5861048.5;-3905.746826
406361.375;5861048.5;-3905.751953
406421.6563;5861048.5;-3905.74707
406481.9688;5861048.5;-3905.734131
406542.25;5861048.5;-3905.709717
406602.5625;5861048.5;-3905.707275
406662.875;5861048.5;-3905.745117
406723.1563;5861048.5;-3905.753418
406783.4688;5861048.5;-3905.761963
406843.7813;5861048.5;-3905.773682
406904.0625;5861048.5;-3905.631836
406964.375;5861048.5;-3905.381836
407024.6563;5861048.5;-3905.118896
407084.9688;5861048.5;-3904.784424
407145.2813;5861048.5;-3904.465332
407205.5625;5861048.5;-3904.547119
407265.875;5861048.5;-3905.147949
407326.1875;5861048.5;-3906.090088
407386.4688;5861048.5;-3907.177979
407446.7813;5861048.5;-3908.238525
407507.0625;5861048.5;-3909.199707
407567.375;5861048.5;-3910.073486
407627.6875;5861048.5;-3910.851074
407687.9688;5861048.5;-3911.535645
407748.2813;5861048.5;-3912.134521
407808.5938;5861048.5;-3912.575928
407868.875;5861048.5;-3912.885742
407929.1875;5861048.5;-3913.106934
407989.4688;5861048.5;-3913.265381
408049.7813;5861048.5;-3913.367188
408110.0938;5861048.5;-3921.092773
408170.375;5861048.5;-3920.879395
408230.6875;5861048.5;-3920.645752
408291;5861048.5;-3920.400391
408351.2813;5861048.5;-3920.151367
408411.5938;5861048.5;-3919.904785
408471.875;5861048.5;-3919.658936
408532.1875;5861048.5;-3919.415283
408592.5;5861048.5;-3919.174805
408652.7813;5861048.5;-3918.936768
408713.0938;5861048.5;-3918.700684
408773.4063;5861048.5;-3918.467773
408833.6875;5861048.5;-3918.239746
408894;5861048.5;-3918.01709
408954.2813;5861048.5;-3917.800293
409014.5938;5861048.5;-3917.590332
409074.9063;5861048.5;-3917.390381
409135.1875;5861048.5;-3917.198486
409195.5;5861048.5;-3917.014893
409255.8125;5861048.5;-3916.842773
409316.0938;5861048.5;-3916.676025
409376.4063;5861048.5;-3916.51416
401356.4063;5861109;-3833.384766
401416.6875;5861109;-3833.918945
401477;5861109;-3834.478027
401537.3125;5861109;-3835.066895
401597.5938;5861109;-3835.695068
401657.9063;5861109;-3836.36084
401718.2188;5861109;-3837.05835
401778.5;5861109;-3837.781494
401838.8125;5861109;-3838.525391
401899.0938;5861109;-3839.276123
401959.4063;5861109;-3840.028076
402019.7188;5861109;-3840.773926
402080;5861109;-3841.507324
402140.3125;5861109;-3842.228516
402200.625;5861109;-3842.936768
402260.9063;5861109;-3843.631592
402321.2188;5861109;-3844.3125
402381.5;5861109;-3844.989746
402441.8125;5861109;-3845.666504
402502.125;5861109;-3846.350342
402562.4063;5861109;-3847.066406
402622.7188;5861109;-3847.840576
402683.0313;5861109;-3848.682129
402743.3125;5861109;-3849.597412
402803.625;5861109;-3850.587402
402863.9063;5861109;-3851.641846
402924.2188;5861109;-3852.76709
402984.5313;5861109;-3853.973633
403044.8125;5861109;-3855.249268
403105.125;5861109;-3856.560303
403165.4375;5861109;-3857.889404
403225.7188;5861109;-3859.225586
403286.0313;5861109;-3860.550537
403346.3125;5861109;-3861.858154
403406.625;5861109;-3863.142822
403466.9375;5861109;-3864.368896
403527.2188;5861109;-3865.540527
403587.5313;5861109;-3866.647217
403647.8438;5861109;-3867.617676
403708.125;5861109;-3868.478271
403768.4375;5861109;-3869.234375
403828.7188;5861109;-3869.804443
403889.0313;5861109;-3870.348389
403949.3438;5861109;-3877.530029
404009.625;5861109;-3879.007813
404069.9375;5861109;-3880.593506
404130.25;5861109;-3882.230225
404190.5313;5861109;-3883.594238
404250.8438;5861109;-3884.489746
404311.125;5861109;-3884.820557
404371.4375;5861109;-3884.571533
404431.75;5861109;-3884.119629
404492.0313;5861109;-3883.849854
404552.3438;5861109;-3883.858398
404612.625;5861109;-3884.427246
404672.9375;5861109;-3885.726318
404733.25;5861109;-3887.420166
404793.5313;5861109;-3889.258301
404853.8438;5861109;-3891.190186
404914.1563;5861109;-3892.88208
404974.4375;5861109;-3894.148438
405034.75;5861109;-3895.245361
405095.0313;5861109;-3896.264893
405155.3438;5861109;-3894.308594
405215.6563;5861109;-3896.329834
405275.9375;5861109;-3898.368896
405336.25;5861109;-3900.269043
405396.5625;5861109;-3902.10498
405456.8438;5861109;-3903.842529
405517.1563;5861109;-3905.355713
405577.4375;5861109;-3906.730957
405637.75;5861109;-3907.956055
405698.0625;5861109;-3909.017822
405758.3438;5861109;-3910.009766
405818.6563;5861109;-3910.947266
405878.9688;5861109;-3911.755127
405939.25;5861109;-3912.468506
405999.5625;5861109;-3913.119873
406059.8438;5861109;-3913.669189
406120.1563;5861109;-3914.13623
406180.4688;5861109;-3914.558594
406240.75;5861109;-3914.926758
406301.0625;5861109;-3915.255859
406361.375;5861109;-3904.378174
406421.6563;5861109;-3904.314941
406481.9688;5861109;-3904.248779
406542.25;5861109;-3904.173828
406602.5625;5861109;-3904.126953
406662.875;5861109;-3904.128418
406723.1563;5861109;-3904.100342
406783.4688;5861109;-3904.076904
406843.7813;5861109;-3904.067871
406904.0625;5861109;-3903.902832
406964.375;5861109;-3903.624512
407024.6563;5861109;-3903.325195
407084.9688;5861109;-3902.973877
407145.2813;5861109;-3902.714111
407205.5625;5861109;-3902.743652
407265.875;5861109;-3903.136719
407326.1875;5861109;-3903.896973
407386.4688;5861109;-3904.882324
407446.7813;5861109;-3905.912598
407507.0625;5861109;-3906.905273
407567.375;5861109;-3907.832275
407627.6875;5861109;-3908.657471
407687.9688;5861109;-3909.383057
407748.2813;5861109;-3910.020752
407808.5938;5861109;-3910.501221
407868.875;5861109;-3910.852783
407929.1875;5861109;-3911.116943
407989.4688;5861109;-3911.31958
408049.7813;5861109;-3919.477539
408110.0938;5861109;-3919.31543
408170.375;5861109;-3919.11792
408230.6875;5861109;-3918.897949
408291;5861109;-3918.661133
408351.2813;5861109;-3918.416992
408411.5938;5861109;-3918.173828
408471.875;5861109;-3917.929688
408532.1875;5861109;-3917.685059
408592.5;5861109;-3917.443359
408652.7813;5861109;-3917.203857
408713.0938;5861109;-3916.967529
408773.4063;5861109;-3916.733887
408833.6875;5861109;-3916.506348
408894;5861109;-3916.284912
408954.2813;5861109;-3916.069336
409014.5938;5861109;-3915.861084
409074.9063;5861109;-3915.663574
409135.1875;5861109;-3915.473633
409195.5;5861109;-3915.291992
409255.8125;5861109;-3915.122803
409316.0938;5861109;-3914.95874
409376.4063;5861109;-3914.798828
401356.4063;5861169.5;-3833.972656
401416.6875;5861169.5;-3834.447998
401477;5861169.5;-3834.944824
401537.3125;5861169.5;-3835.468506
401597.5938;5861169.5;-3836.027832
401657.9063;5861169.5;-3836.621338
401718.2188;5861169.5;-3837.244385
401778.5;5861169.5;-3837.89209
401838.8125;5861169.5;-3838.561279
401899.0938;5861169.5;-3839.239014
401959.4063;5861169.5;-3839.920166
402019.7188;5861169.5;-3840.600586
402080;5861169.5;-3841.274902
402140.3125;5861169.5;-3841.942139
402200.625;5861169.5;-3842.603271
402260.9063;5861169.5;-3843.258789
402321.2188;5861169.5;-3843.911377
402381.5;5861169.5;-3844.568115
402441.8125;5861169.5;-3845.230225
402502.125;5861169.5;-3845.905029
402562.4063;5861169.5;-3846.611816
402622.7188;5861169.5;-3847.369629
402683.0313;5861169.5;-3848.182373
402743.3125;5861169.5;-3849.053223
402803.625;5861169.5;-3849.983398
402863.9063;5861169.5;-3850.963379
402924.2188;5861169.5;-3851.999756
402984.5313;5861169.5;-3853.101074
403044.8125;5861169.5;-3854.259033
403105.125;5861169.5;-3855.446289
403165.4375;5861169.5;-3856.648438
403225.7188;5861169.5;-3857.856445
403286.0313;5861169.5;-3859.051758
403346.3125;5861169.5;-3860.22876
403406.625;5861169.5;-3861.381104
403466.9375;5861169.5;-3862.473145
403527.2188;5861169.5;-3863.510498
403587.5313;5861169.5;-3864.487549
403647.8438;5861169.5;-3865.341309
403708.125;5861169.5;-3866.107666
403768.4375;5861169.5;-3866.799316
403828.7188;5861169.5;-3867.345703
403889.0313;5861169.5;-3873.694336
403949.3438;5861169.5;-3874.912109
404009.625;5861169.5;-3876.202148
404069.9375;5861169.5;-3877.535645
404130.25;5861169.5;-3878.877441
404190.5313;5861169.5;-3879.941895
404250.8438;5861169.5;-3880.563477
404311.125;5861169.5;-3880.834961
404371.4375;5861169.5;-3880.754395
404431.75;5861169.5;-3880.509033
404492.0313;5861169.5;-3880.425781
404552.3438;5861169.5;-3880.602783
404612.625;5861169.5;-3881.338867
404672.9375;5861169.5;-3882.829346
404733.25;5861169.5;-3884.744385
404793.5313;5861169.5;-3886.82251
404853.8438;5861169.5;-3889.02417
404914.1563;5861169.5;-3890.821289
404974.4375;5861169.5;-3892.029053
405034.75;5861169.5;-3893.100098
405095.0313;5861169.5;-3889.97168
405155.3438;5861169.5;-3892.0625
405215.6563;5861169.5;-3894.267578
405275.9375;5861169.5;-3896.522949
405336.25;5861169.5;-3898.636963
405396.5625;5861169.5;-3900.682129
405456.8438;5861169.5;-3902.60791
405517.1563;5861169.5;-3904.262451
405577.4375;5861169.5;-3905.744141
405637.75;5861169.5;-3907.040283
405698.0625;5861169.5;-3908.151855
405758.3438;5861169.5;-3909.187012
405818.6563;5861169.5;-3910.165771
405878.9688;5861169.5;-3911.012207
405939.25;5861169.5;-3911.75708
405999.5625;5861169.5;-3912.429932
406059.8438;5861169.5;-3912.991943
406120.1563;5861169.5;-3913.458008
406180.4688;5861169.5;-3913.866943
406240.75;5861169.5;-3914.216553
406301.0625;5861169.5;-3914.523926
406361.375;5861169.5;-3914.81543
406421.6563;5861169.5;-3902.845703
406481.9688;5861169.5;-3902.739258
406542.25;5861169.5;-3902.629883
406602.5625;5861169.5;-3902.562012
406662.875;5861169.5;-3902.557861
406723.1563;5861169.5;-3902.52832
406783.4688;5861169.5;-3902.515137
406843.7813;5861169.5;-3902.538574
406904.0625;5861169.5;-3902.416992
406964.375;5861169.5;-3902.18457
407024.6563;5861169.5;-3901.91333
407084.9688;5861169.5;-3901.568115
407145.2813;5861169.5;-3901.316895
407205.5625;5861169.5;-3901.308105
407265.875;5861169.5;-3901.600586
407326.1875;5861169.5;-3902.225098
407386.4688;5861169.5;-3903.083008
407446.7813;5861169.5;-3904.016113
407507.0625;5861169.5;-3904.947266
407567.375;5861169.5;-3905.846191
407627.6875;5861169.5;-3906.655518
407687.9688;5861169.5;-3907.373779
407748.2813;5861169.5;-3908.02002
407808.5938;5861169.5;-3908.52002
407868.875;5861169.5;-3908.900879
407929.1875;5861169.5;-3909.201416
407989.4688;5861169.5;-3917.840332
408049.7813;5861169.5;-3917.750732
408110.0938;5861169.5;-3917.603027
408170.375;5861169.5;-3917.414795
408230.6875;5861169.5;-3917.203857
408291;5861169.5;-3916.97168
408351.2813;5861169.5;-3916.728516
408411.5938;5861169.5;-3916.485107
408471.875;5861169.5;-3916.239258
408532.1875;5861169.5;-3915.991699
408592.5;5861169.5;-3915.74707
408652.7813;5861169.5;-3915.504883
408713.0938;5861169.5;-3915.265625
408773.4063;5861169.5;-3915.031006
408833.6875;5861169.5;-3914.801758
408894;5861169.5;-3914.579834
408954.2813;5861169.5;-3914.363281
409014.5938;5861169.5;-3914.155518
409074.9063;5861169.5;-3913.958496
409135.1875;5861169.5;-3913.769043
409195.5;5861169.5;-3913.587891
409255.8125;5861169.5;-3913.419678
409316.0938;5861169.5;-3913.25708
409376.4063;5861169.5;-3913.098389
401356.4063;5861230;-3834.554688
401416.6875;5861230;-3834.971924
401477;5861230;-3835.40918
401537.3125;5861230;-3835.871338
401597.5938;5861230;-3836.364746
401657.9063;5861230;-3836.889404
401718.2188;5861230;-3837.441895
401778.5;5861230;-3838.018311
401838.8125;5861230;-3838.616211
401899.0938;5861230;-3839.224365
401959.4063;5861230;-3839.838867
402019.7188;5861230;-3840.456787
402080;5861230;-3841.072998
402140.3125;5861230;-3841.687256
402200.625;5861230;-3842.300537
402260.9063;5861230;-3842.913574
402321.2188;5861230;-3843.531982
402381.5;5861230;-3844.158447
402441.8125;5861230;-3844.794678
402502.125;5861230;-3845.446045
402562.4063;5861230;-3846.130127
402622.7188;5861230;-3846.85791
402683.0313;5861230;-3847.631592
402743.3125;5861230;-3848.452393
402803.625;5861230;-3849.319092
402863.9063;5861230;-3850.224609
402924.2188;5861230;-3851.175049
402984.5313;5861230;-3852.17627
403044.8125;5861230;-3853.221436
403105.125;5861230;-3854.289063
403165.4375;5861230;-3855.367432
403225.7188;5861230;-3856.447754
403286.0313;5861230;-3857.512207
403346.3125;5861230;-3858.556885
403406.625;5861230;-3859.575439
403466.9375;5861230;-3860.531738
403527.2188;5861230;-3861.432373
403587.5313;5861230;-3862.277588
403647.8438;5861230;-3863.008545
403708.125;5861230;-3863.667725
403768.4375;5861230;-3864.27002
403828.7188;5861230;-3864.755127
403889.0313;5861230;-3871.014404
403949.3438;5861230;-3872.067627
404009.625;5861230;-3873.135254
404069.9375;5861230;-3874.200928
404130.25;5861230;-3875.24707
404190.5313;5861230;-3876.054688
404250.8438;5861230;-3876.520996
404311.125;5861230;-3876.771484
404371.4375;5861230;-3876.80249
404431.75;5861230;-3876.751953
404492.0313;5861230;-3876.901123
404552.3438;5861230;-3877.328857
404612.625;5861230;-3878.199463
404672.9375;5861230;-3879.724854
404733.25;5861230;-3881.720215
404793.5313;5861230;-3883.958008
404853.8438;5861230;-3886.400146
404914.1563;5861230;-3888.249023
404974.4375;5861230;-3889.331787
405034.75;5861230;-3885.045654
405095.0313;5861230;-3887.101074
405155.3438;5861230;-3889.377441
405215.6563;5861230;-3891.824707
405275.9375;5861230;-3894.352783
405336.25;5861230;-3896.733887
405396.5625;5861230;-3899.034424
405456.8438;5861230;-3901.184326
405517.1563;5861230;-3903.006104
405577.4375;5861230;-3904.609863
405637.75;5861230;-3905.987061
405698.0625;5861230;-3907.155273
405758.3438;5861230;-3908.24292
405818.6563;5861230;-3909.274902
405878.9688;5861230;-3910.175049
405939.25;5861230;-3910.968018
405999.5625;5861230;-3911.678955
406059.8438;5861230;-3912.26709
406120.1563;5861230;-3912.741943
406180.4688;5861230;-3913.143555
406240.75;5861230;-3913.477295
406301.0625;5861230;-3913.764893
406361.375;5861230;-3914.035889
406421.6563;5861230;-3914.265625
406481.9688;5861230;-3901.227783
406542.25;5861230;-3901.096191
406602.5625;5861230;-3901.020264
406662.875;5861230;-3901.024902
406723.1563;5861230;-3901.011719
406783.4688;5861230;-3901.029053
406843.7813;5861230;-3901.106934
406904.0625;5861230;-3901.054199
406964.375;5861230;-3900.902344
407024.6563;5861230;-3900.694336
407084.9688;5861230;-3900.385742
407145.2813;5861230;-3900.155762
407205.5625;5861230;-3900.126709
407265.875;5861230;-3900.349365
407326.1875;5861230;-3900.85376
407386.4688;5861230;-3901.580078
407446.7813;5861230;-3902.388672
407507.0625;5861230;-3903.215088
407567.375;5861230;-3904.042969
407627.6875;5861230;-3904.800537
407687.9688;5861230;-3905.481934
407748.2813;5861230;-3906.111816
407808.5938;5861230;-3906.614746
407868.875;5861230;-3907.010742
407929.1875;5861230;-3907.336426
407989.4688;5861230;-3916.124268
408049.7813;5861230;-3916.050293
408110.0938;5861230;-3915.910156
408170.375;5861230;-3915.726807
408230.6875;5861230;-3915.52124
408291;5861230;-3915.290527
408351.2813;5861230;-3915.046387
408411.5938;5861230;-3914.801758
408471.875;5861230;-3914.553223
408532.1875;5861230;-3914.302734
408592.5;5861230;-3914.054443
408652.7813;5861230;-3913.809082
408713.0938;5861230;-3913.567139
408773.4063;5861230;-3913.330566
408833.6875;5861230;-3913.099609
408894;5861230;-3912.876953
408954.2813;5861230;-3912.659668
409014.5938;5861230;-3912.451416
409074.9063;5861230;-3912.254639
409135.1875;5861230;-3912.065186
409195.5;5861230;-3911.883789
409255.8125;5861230;-3911.716064
409316.0938;5861230;-3911.554199
409376.4063;5861230;-3911.396484
401356.4063;5861291;-3835.128662
401416.6875;5861291;-3835.490967
401477;5861291;-3835.871826
401537.3125;5861291;-3836.274414
401597.5938;5861291;-3836.706055
401657.9063;5861291;-3837.16626
401718.2188;5861291;-3837.651855
401778.5;5861291;-3838.161621
401838.8125;5861291;-3838.692139
401899.0938;5861291;-3839.234375
401959.4063;5861291;-3839.7854
402019.7188;5861291;-3840.343018
402080;5861291;-3840.903076
402140.3125;5861291;-3841.465332
402200.625;5861291;-3842.029785
402260.9063;5861291;-3842.598145
402321.2188;5861291;-3843.177002
402381.5;5861291;-3843.766602
402441.8125;5861291;-3844.367432
402502.125;5861291;-3844.985352
402562.4063;5861291;-3845.634277
402622.7188;5861291;-3846.321777
402683.0313;5861291;-3847.047363
402743.3125;5861291;-3847.811279
402803.625;5861291;-3848.611816
402863.9063;5861291;-3849.442871
402924.2188;5861291;-3850.308105
402984.5313;5861291;-3851.21167
403044.8125;5861291;-3852.147705
403105.125;5861291;-3853.098389
403165.4375;5861291;-3854.054932
403225.7188;5861291;-3855.009033
403286.0313;5861291;-3855.942139
403346.3125;5861291;-3856.854004
403406.625;5861291;-3857.738281
403466.9375;5861291;-3858.55835
403527.2188;5861291;-3859.322266
403587.5313;5861291;-3860.032715
403647.8438;5861291;-3860.63501
403708.125;5861291;-3861.175537
403768.4375;5861291;-3861.669434
403828.7188;5861291;-3867.351807
403889.0313;5861291;-3868.195313
403949.3438;5861291;-3869.052246
404009.625;5861291;-3869.887451
404069.9375;5861291;-3870.694824
404130.25;5861291;-3871.469971
404190.5313;5861291;-3872.050537
404250.8438;5861291;-3872.396729
404311.125;5861291;-3872.632324
404371.4375;5861291;-3872.750488
404431.75;5861291;-3872.86084
404492.0313;5861291;-3873.185059
404552.3438;5861291;-3873.775635
404612.625;5861291;-3874.715088
404672.9375;5861291;-3876.208252
404733.25;5861291;-3878.138184
404793.5313;5861291;-3880.276367
404853.8438;5861291;-3882.630127
404914.1563;5861291;-3884.466309
404974.4375;5861291;-3885.642334
405034.75;5861291;-3881.293457
405095.0313;5861291;-3883.561768
405155.3438;5861291;-3886.12085
405215.6563;5861291;-3888.898926
405275.9375;5861291;-3891.781982
405336.25;5861291;-3894.506592
405396.5625;5861291;-3897.127686
405456.8438;5861291;-3899.54541
405517.1563;5861291;-3901.559326
405577.4375;5861291;-3903.296387
405637.75;5861291;-3904.759766
405698.0625;5861291;-3905.992188
405758.3438;5861291;-3907.141357
405818.6563;5861291;-3908.240234
405878.9688;5861291;-3909.212158
405939.25;5861291;-3910.074219
405999.5625;5861291;-3910.843018
406059.8438;5861291;-3911.474854
406120.1563;5861291;-3911.969482
406180.4688;5861291;-3912.369141
406240.75;5861291;-3912.689941
406301.0625;5861291;-3912.958008
406361.375;5861291;-3913.209229
406421.6563;5861291;-3913.426514
406481.9688;5861291;-3901.151123
406542.25;5861291;-3899.55249
406602.5625;5861291;-3899.477295
406662.875;5861291;-3899.501953
406723.1563;5861291;-3899.523193
406783.4688;5861291;-3899.593262
406843.7813;5861291;-3899.734131
406904.0625;5861291;-3899.740967
406964.375;5861291;-3899.654297
407024.6563;5861291;-3899.522949
407084.9688;5861291;-3899.294678
407145.2813;5861291;-3899.121094
407205.5625;5861291;-3899.096924
407265.875;5861291;-3899.270752
407326.1875;5861291;-3899.672119
407386.4688;5861291;-3900.271729
407446.7813;5861291;-3900.94751
407507.0625;5861291;-3901.649414
407567.375;5861291;-3902.383545
407627.6875;5861291;-3903.067871
407687.9688;5861291;-3903.691406
407748.2813;5861291;-3904.289307
407808.5938;5861291;-3904.781738
407868.875;5861291;-3905.182861
407929.1875;5861291;-3914.465332
407989.4688;5861291;-3914.442383
408049.7813;5861291;-3914.376465
408110.0938;5861291;-3914.238281
408170.375;5861291;-3914.054688
408230.6875;5861291;-3913.851074
408291;5861291;-3913.619629
408351.2813;5861291;-3913.372559
408411.5938;5861291;-3913.124512
408471.875;5861291;-3912.873047
408532.1875;5861291;-3912.61792
408592.5;5861291;-3912.366211
408652.7813;5861291;-3912.11792
408713.0938;5861291;-3911.873047
408773.4063;5861291;-3911.633545
408833.6875;5861291;-3911.400879
408894;5861291;-3911.176758
408954.2813;5861291;-3910.95874
409014.5938;5861291;-3910.749268
409074.9063;5861291;-3910.552246
409135.1875;5861291;-3910.362793
409195.5;5861291;-3910.180908
409255.8125;5861291;-3910.013916
409316.0938;5861291;-3909.852051
409376.4063;5861291;-3909.69458
401356.4063;5861351.5;-3835.688477
401416.6875;5861351.5;-3835.998779
401477;5861351.5;-3836.32666
401537.3125;5861351.5;-3836.674561
401597.5938;5861351.5;-3837.048584
401657.9063;5861351.5;-3837.448975
401718.2188;5861351.5;-3837.873047
401778.5;5861351.5;-3838.319824
401838.8125;5861351.5;-3838.787354
401899.0938;5861351.5;-3839.267578
401959.4063;5861351.5;-3839.758545
402019.7188;5861351.5;-3840.258057
402080;5861351.5;-3840.763428
402140.3125;5861351.5;-3841.273926
402200.625;5861351.5;-3841.789551
402260.9063;5861351.5;-3842.311035
402321.2188;5861351.5;-3842.845947
402381.5;5861351.5;-3843.393066
402441.8125;5861351.5;-3843.951904
402502.125;5861351.5;-3844.527344
402562.4063;5861351.5;-3845.132568
402622.7188;5861351.5;-3845.770264
402683.0313;5861351.5;-3846.440674
402743.3125;5861351.5;-3847.142578
402803.625;5861351.5;-3847.873535
402863.9063;5861351.5;-3848.628418
402924.2188;5861351.5;-3849.408691
402984.5313;5861351.5;-3850.217529
403044.8125;5861351.5;-3851.047607
403105.125;5861351.5;-3851.88501
403165.4375;5861351.5;-3852.723145
403225.7188;5861351.5;-3853.553223
403286.0313;5861351.5;-3854.358887
403346.3125;5861351.5;-3855.140625
403406.625;5861351.5;-3855.893311
403466.9375;5861351.5;-3856.583008
403527.2188;5861351.5;-3857.215332
403587.5313;5861351.5;-3857.794678
403647.8438;5861351.5;-3858.273682
403708.125;5861351.5;-3858.695801
403768.4375;5861351.5;-3859.951416
403828.7188;5861351.5;-3864.547119
403889.0313;5861351.5;-3865.216064
403949.3438;5861351.5;-3865.876465
404009.625;5861351.5;-3866.496094
404069.9375;5861351.5;-3867.079346
404130.25;5861351.5;-3867.627686
404190.5313;5861351.5;-3868.021729
404250.8438;5861351.5;-3868.261719
404311.125;5861351.5;-3868.460449
404371.4375;5861351.5;-3868.610352
404431.75;5861351.5;-3868.802002
404492.0313;5861351.5;-3869.20459
404552.3438;5861351.5;-3869.828613
404612.625;5861351.5;-3870.715088
404672.9375;5861351.5;-3872.045654
404733.25;5861351.5;-3873.692383
404793.5313;5861351.5;-3875.409912
404853.8438;5861351.5;-3877.302734
404914.1563;5861351.5;-3879.046875
404974.4375;5861351.5;-3874.0271
405034.75;5861351.5;-3876.508057
405095.0313;5861351.5;-3879.135254
405155.3438;5861351.5;-3882.113525
405215.6563;5861351.5;-3885.350342
405275.9375;5861351.5;-3888.707764
405336.25;5861351.5;-3891.887939
405396.5625;5861351.5;-3894.920166
405456.8438;5861351.5;-3897.656738
405517.1563;5861351.5;-3899.880371
405577.4375;5861351.5;-3901.744629
405637.75;5861351.5;-3903.290039
405698.0625;5861351.5;-3904.590088
405758.3438;5861351.5;-3905.812744
405818.6563;5861351.5;-3906.995361
405878.9688;5861351.5;-3908.064697
405939.25;5861351.5;-3909.024902
405999.5625;5861351.5;-3909.878174
406059.8438;5861351.5;-3910.57251
406120.1563;5861351.5;-3911.09668
406180.4688;5861351.5;-3911.494873
406240.75;5861351.5;-3911.795654
406301.0625;5861351.5;-3912.0354
406361.375;5861351.5;-3912.257813
406421.6563;5861351.5;-3912.458252
406481.9688;5861351.5;-3912.6521
406542.25;5861351.5;-3897.97876
406602.5625;5861351.5;-3897.914307
406662.875;5861351.5;-3897.980469
406723.1563;5861351.5;-3898.074707
406783.4688;5861351.5;-3898.243164
406843.7813;5861351.5;-3898.459717
406904.0625;5861351.5;-3898.492676
406964.375;5861351.5;-3898.427734
407024.6563;5861351.5;-3898.356201
407084.9688;5861351.5;-3898.227051
407145.2813;5861351.5;-3898.129639
407205.5625;5861351.5;-3898.123535
407265.875;5861351.5;-3898.262451
407326.1875;5861351.5;-3898.574951
407386.4688;5861351.5;-3899.061523
407446.7813;5861351.5;-3899.611328
407507.0625;5861351.5;-3900.188477
407567.375;5861351.5;-3900.828857
407627.6875;5861351.5;-3901.436035
407687.9688;5861351.5;-3901.995605
407748.2813;5861351.5;-3902.567383
407808.5938;5861351.5;-3903.059326
407868.875;5861351.5;-3912.858887
407929.1875;5861351.5;-3912.872314
407989.4688;5861351.5;-3912.838623
408049.7813;5861351.5;-3912.769531
408110.0938;5861351.5;-3912.625244
408170.375;5861351.5;-3912.433594
408230.6875;5861351.5;-3912.226318
408291;5861351.5;-3911.98999
408351.2813;5861351.5;-3911.734863
408411.5938;5861351.5;-3911.480225
408471.875;5861351.5;-3911.222412
408532.1875;5861351.5;-3910.962646
408592.5;5861351.5;-3910.706055
408652.7813;5861351.5;-3910.453857
408713.0938;5861351.5;-3910.206055
408773.4063;5861351.5;-3909.964355
408833.6875;5861351.5;-3909.729492
408894;5861351.5;-3909.50415
408954.2813;5861351.5;-3909.284912
409014.5938;5861351.5;-3909.074707
409074.9063;5861351.5;-3908.877197
409135.1875;5861351.5;-3908.687256
409195.5;5861351.5;-3908.505371
409255.8125;5861351.5;-3908.337891
409316.0938;5861351.5;-3908.175781
409376.4063;5861351.5;-3908.018555
401356.4063;5861412;-3836.235596
401416.6875;5861412;-3836.496826
401477;5861412;-3836.774658
401537.3125;5861412;-3837.071289
401597.5938;5861412;-3837.391846
401657.9063;5861412;-3837.736084
401718.2188;5861412;-3838.102051
401778.5;5861412;-3838.489502
401838.8125;5861412;-3838.897461
401899.0938;5861412;-3839.318359
401959.4063;5861412;-3839.750977
402019.7188;5861412;-3840.193848
402080;5861412;-3840.645508
402140.3125;5861412;-3841.104004
402200.625;5861412;-3841.569336
402260.9063;5861412;-3842.042969
402321.2188;5861412;-3842.531494
402381.5;5861412;-3843.032471
402441.8125;5861412;-3843.54541
402502.125;5861412;-3844.073975
402562.4063;5861412;-3844.629395
402622.7188;5861412;-3845.212891
402683.0313;5861412;-3845.823242
402743.3125;5861412;-3846.458984
402803.625;5861412;-3847.11792
402863.9063;5861412;-3847.794434
402924.2188;5861412;-3848.48999
402984.5313;5861412;-3849.203857
403044.8125;5861412;-3849.929688
403105.125;5861412;-3850.655518
403165.4375;5861412;-3851.376465
403225.7188;5861412;-3852.085449
403286.0313;5861412;-3852.765625
403346.3125;5861412;-3853.419434
403406.625;5861412;-3854.042725
403466.9375;5861412;-3854.60376
403527.2188;5861412;-3855.106201
403587.5313;5861412;-3855.555176
403647.8438;5861412;-3855.909424
403708.125;5861412;-3856.208008
403768.4375;5861412;-3857.295898
403828.7188;5861412;-3857.623779
403889.0313;5861412;-3862.213623
403949.3438;5861412;-3862.67627
404009.625;5861412;-3863.089111
404069.9375;5861412;-3863.464844
404130.25;5861412;-3863.807617
404190.5313;5861412;-3864.032471
404250.8438;5861412;-3864.1604
404311.125;5861412;-3864.289795
404371.4375;5861412;-3864.416016
404431.75;5861412;-3864.612793
404492.0313;5861412;-3865.010986
404552.3438;5861412;-3865.574951
404612.625;5861412;-3866.314209
404672.9375;5861412;-3867.381592
404733.25;5861412;-3868.636719
404793.5313;5861412;-3869.868408
404853.8438;5861412;-3871.282471
404914.1563;5861412;-3872.872314
404974.4375;5861412;-3868.066162
405034.75;5861412;-3870.874512
405095.0313;5861412;-3873.911865
405155.3438;5861412;-3877.389893
405215.6563;5861412;-3881.171143
405275.9375;5861412;-3885.089844
405336.25;5861412;-3888.813965
405396.5625;5861412;-3892.34082
405456.8438;5861412;-3895.436279
405517.1563;5861412;-3897.866455
405577.4375;5861412;-3899.837646
405637.75;5861412;-3901.460449
405698.0625;5861412;-3902.843506
405758.3438;5861412;-3904.16333
405818.6563;5861412;-3905.462158
405878.9688;5861412;-3906.665771
405939.25;5861412;-3907.761719
405999.5625;5861412;-3908.732666
406059.8438;5861412;-3909.514893
406120.1563;5861412;-3910.082031
406180.4688;5861412;-3910.480469
406240.75;5861412;-3910.758789
406301.0625;5861412;-3910.963135
406361.375;5861412;-3911.155762
406421.6563;5861412;-3911.346924
406481.9688;5861412;-3911.555176
406542.25;5861412;-3911.804443
406602.5625;5861412;-3896.257568
406662.875;5861412;-3896.355469
406723.1563;5861412;-3896.53833
406783.4688;5861412;-3896.86377
406843.7813;5861412;-3897.195068
406904.0625;5861412;-3897.242676
406964.375;5861412;-3897.188232
407024.6563;5861412;-3897.162842
407084.9688;5861412;-3897.117676
407145.2813;5861412;-3897.088623
407205.5625;5861412;-3897.104248
407265.875;5861412;-3897.218018
407326.1875;5861412;-3897.457031
407386.4688;5861412;-3897.848633
407446.7813;5861412;-3898.289795
407507.0625;5861412;-3898.754395
407567.375;5861412;-3899.307861
407627.6875;5861412;-3899.84082
407687.9688;5861412;-3900.337646
407748.2813;5861412;-3900.882568
407808.5938;5861412;-3911.268799
407868.875;5861412;-3911.309326
407929.1875;5861412;-3911.295654
407989.4688;5861412;-3911.248535
408049.7813;5861412;-3911.172852
408110.0938;5861412;-3911.018555
408170.375;5861412;-3910.81665
408230.6875;5861412;-3910.603516
408291;5861412;-3910.360352
408351.2813;5861412;-3910.097168
408411.5938;5861412;-3909.835205
408471.875;5861412;-3909.571045
408532.1875;5861412;-3909.30542
408592.5;5861412;-3909.044189
408652.7813;5861412;-3908.788086
408713.0938;5861412;-3908.537354
408773.4063;5861412;-3908.292969
408833.6875;5861412;-3908.056152
408894;5861412;-3907.82959
408954.2813;5861412;-3907.609375
409014.5938;5861412;-3907.397949
409074.9063;5861412;-3907.199951
409135.1875;5861412;-3907.009277
409195.5;5861412;-3906.826172
409255.8125;5861412;-3906.658691
409316.0938;5861412;-3906.49585
409376.4063;5861412;-3906.338623
401356.4063;5861472.5;-3836.769531
401416.6875;5861472.5;-3836.984375
401477;5861472.5;-3837.215088
401537.3125;5861472.5;-3837.462891
401597.5938;5861472.5;-3837.732666
401657.9063;5861472.5;-3838.023438
401718.2188;5861472.5;-3838.334473
401778.5;5861472.5;-3838.665527
401838.8125;5861472.5;-3839.015869
401899.0938;5861472.5;-3839.379639
401959.4063;5861472.5;-3839.755615
402019.7188;5861472.5;-3840.143311
402080;5861472.5;-3840.540771
402140.3125;5861472.5;-3840.94751
402200.625;5861472.5;-3841.362305
402260.9063;5861472.5;-3841.786377
402321.2188;5861472.5;-3842.226074
402381.5;5861472.5;-3842.678955
402441.8125;5861472.5;-3843.142578
402502.125;5861472.5;-3843.62085
402562.4063;5861472.5;-3844.122803
402622.7188;5861472.5;-3844.648438
402683.0313;5861472.5;-3845.196289
402743.3125;5861472.5;-3845.763916
402803.625;5861472.5;-3846.348633
402863.9063;5861472.5;-3846.945801
402924.2188;5861472.5;-3847.55542
402984.5313;5861472.5;-3848.176025
403044.8125;5861472.5;-3848.79834
403105.125;5861472.5;-3849.414063
403165.4375;5861472.5;-3850.020996
403225.7188;5861472.5;-3850.611572
403286.0313;5861472.5;-3851.168945
403346.3125;5861472.5;-3851.69751
403406.625;5861472.5;-3852.193604
403466.9375;5861472.5;-3852.628418
403527.2188;5861472.5;-3853.003174
403587.5313;5861472.5;-3853.322754
403647.8438;5861472.5;-3853.552246
403708.125;5861472.5;-3854.41626
403768.4375;5861472.5;-3854.646973
403828.7188;5861472.5;-3854.833984
403889.0313;5861472.5;-3854.986328
403949.3438;5861472.5;-3859.485107
404009.625;5861472.5;-3859.699219
404069.9375;5861472.5;-3859.876709
404130.25;5861472.5;-3860.024658
404190.5313;5861472.5;-3860.086182
404250.8438;5861472.5;-3860.093018
404311.125;5861472.5;-3860.128174
404371.4375;5861472.5;-3860.187744
404431.75;5861472.5;-3860.331787
404492.0313;5861472.5;-3860.655762
404552.3438;5861472.5;-3861.0896
404612.625;5861472.5;-3861.609863
404672.9375;5861472.5;-3862.340332
404733.25;5861472.5;-3863.131348
404793.5313;5861472.5;-3863.825195
404853.8438;5861472.5;-3864.754883
404914.1563;5861472.5;-3859.025146
404974.4375;5861472.5;-3861.616211
405034.75;5861472.5;-3864.612793
405095.0313;5861472.5;-3868.075439
405155.3438;5861472.5;-3872.088623
405215.6563;5861472.5;-3876.448975
405275.9375;5861472.5;-3880.963623
405336.25;5861472.5;-3885.275879
405396.5625;5861472.5;-3889.361816
405456.8438;5861472.5;-3892.837891
405517.1563;5861472.5;-3895.447754
405577.4375;5861472.5;-3897.508545
405637.75;5861472.5;-3899.214355
405698.0625;5861472.5;-3900.707764
405758.3438;5861472.5;-3902.162354
405818.6563;5861472.5;-3903.616943
405878.9688;5861472.5;-3904.997559
405939.25;5861472.5;-3906.268799
405999.5625;5861472.5;-3907.391357
406059.8438;5861472.5;-3908.2854
406120.1563;5861472.5;-3908.904785
406180.4688;5861472.5;-3909.301514
406240.75;5861472.5;-3909.549561
406301.0625;5861472.5;-3909.712646
406361.375;5861472.5;-3909.876465
406421.6563;5861472.5;-3910.076172
406481.9688;5861472.5;-3910.32666
406542.25;5861472.5;-3910.630127
406602.5625;5861472.5;-3910.727783
406662.875;5861472.5;-3894.567139
406723.1563;5861472.5;-3894.78833
406783.4688;5861472.5;-3895.281494
406843.7813;5861472.5;-3895.782959
406904.0625;5861472.5;-3895.878418
406964.375;5861472.5;-3895.869629
407024.6563;5861472.5;-3895.912598
407084.9688;5861472.5;-3895.950928
407145.2813;5861472.5;-3895.988281
407205.5625;5861472.5;-3896.026611
407265.875;5861472.5;-3896.12085
407326.1875;5861472.5;-3896.297119
407386.4688;5861472.5;-3896.606934
407446.7813;5861472.5;-3896.952881
407507.0625;5861472.5;-3897.31665
407567.375;5861472.5;-3897.792236
407627.6875;5861472.5;-3898.256104
407687.9688;5861472.5;-3898.692871
407748.2813;5861472.5;-3909.747559
407808.5938;5861472.5;-3909.779541
407868.875;5861472.5;-3909.764648
407929.1875;5861472.5;-3909.723389
407989.4688;5861472.5;-3909.660645
408049.7813;5861472.5;-3909.577881
408110.0938;5861472.5;-3909.411865
408170.375;5861472.5;-3909.19873
408230.6875;5861472.5;-3908.97876
408291;5861472.5;-3908.728271
408351.2813;5861472.5;-3908.456299
408411.5938;5861472.5;-3908.187012
408471.875;5861472.5;-3907.915771
408532.1875;5861472.5;-3907.64502
408592.5;5861472.5;-3907.379395
408652.7813;5861472.5;-3907.118896
408713.0938;5861472.5;-3906.865723
408773.4063;5861472.5;-3906.618652
408833.6875;5861472.5;-3906.380127
408894;5861472.5;-3906.152588
408954.2813;5861472.5;-3905.93042
409014.5938;5861472.5;-3905.717773
409074.9063;5861472.5;-3905.519287
409135.1875;5861472.5;-3905.327637
409195.5;5861472.5;-3905.143311
409255.8125;5861472.5;-3904.975342
409316.0938;5861472.5;-3904.812256
409376.4063;5861472.5;-3904.654541
401356.4063;5861533.5;-3837.283447
401416.6875;5861533.5;-3837.454834
401477;5861533.5;-3837.640869
401537.3125;5861533.5;-3837.842529
401597.5938;5861533.5;-3838.064453
401657.9063;5861533.5;-3838.304932
401718.2188;5861533.5;-3838.563477
401778.5;5861533.5;-3838.84082
401838.8125;5861533.5;-3839.13623
401899.0938;5861533.5;-3839.444092
401959.4063;5861533.5;-3839.764648
402019.7188;5861533.5;-3840.097656
402080;5861533.5;-3840.44165
402140.3125;5861533.5;-3840.796143
402200.625;5861533.5;-3841.158936
402260.9063;5861533.5;-3841.532471
402321.2188;5861533.5;-3841.921875
402381.5;5861533.5;-3842.323242
402441.8125;5861533.5;-3842.735107
402502.125;5861533.5;-3843.160889
402562.4063;5861533.5;-3843.607178
402622.7188;5861533.5;-3844.071777
402683.0313;5861533.5;-3844.554932
402743.3125;5861533.5;-3845.053711
402803.625;5861533.5;-3845.563477
402863.9063;5861533.5;-3846.081543
402924.2188;5861533.5;-3846.607178
402984.5313;5861533.5;-3847.135986
403044.8125;5861533.5;-3847.65918
403105.125;5861533.5;-3848.169434
403165.4375;5861533.5;-3848.666748
403225.7188;5861533.5;-3849.143799
403286.0313;5861533.5;-3849.582031
403346.3125;5861533.5;-3849.989746
403406.625;5861533.5;-3850.363525
403466.9375;5861533.5;-3850.673096
403527.2188;5861533.5;-3850.921387
403587.5313;5861533.5;-3851.113281
403647.8438;5861533.5;-3851.790283
403708.125;5861533.5;-3851.929443
403768.4375;5861533.5;-3852.020996
403828.7188;5861533.5;-3852.065918
403889.0313;5861533.5;-3852.070313
403949.3438;5861533.5;-3852.029053
404009.625;5861533.5;-3856.328857
404069.9375;5861533.5;-3856.32666
404130.25;5861533.5;-3856.296631
404190.5313;5861533.5;-3856.20459
404250.8438;5861533.5;-3856.084473
404311.125;5861533.5;-3856.00415
404371.4375;5861533.5;-3855.962891
404431.75;5861533.5;-3856.005127
404492.0313;5861533.5;-3856.194336
404552.3438;5861533.5;-3856.436768
404612.625;5861533.5;-3856.684082
404672.9375;5861533.5;-3857.025879
404733.25;5861533.5;-3857.32251
404793.5313;5861533.5;-3857.489258
404853.8438;5861533.5;-3857.965576
404914.1563;5861533.5;-3851.962402
404974.4375;5861533.5;-3854.688477
405034.75;5861533.5;-3857.992432
405095.0313;5861533.5;-3861.817383
405155.3438;5861533.5;-3866.32251
405215.6563;5861533.5;-3871.25293
405275.9375;5861533.5;-3876.342041
405336.25;5861533.5;-3881.218018
405396.5625;5861533.5;-3885.859131
405456.8438;5861533.5;-3889.698242
405517.1563;5861533.5;-3892.460938
405577.4375;5861533.5;-3894.623291
405637.75;5861533.5;-3896.451904
405698.0625;5861533.5;-3898.099609
405758.3438;5861533.5;-3899.735107
405818.6563;5861533.5;-3901.393799
405878.9688;5861533.5;-3902.994873
405939.25;5861533.5;-3904.481201
405999.5625;5861533.5;-3905.785645
406059.8438;5861533.5;-3906.810303
406120.1563;5861533.5;-3907.480225
406180.4688;5861533.5;-3907.85791
406240.75;5861533.5;-3908.061523
406301.0625;5861533.5;-3908.179932
406361.375;5861533.5;-3908.33252
406421.6563;5861533.5;-3908.592529
406481.9688;5861533.5;-3908.9729
406542.25;5861533.5;-3909.376953
406602.5625;5861533.5;-3909.42749
406662.875;5861533.5;-3892.526855
406723.1563;5861533.5;-3892.563965
406783.4688;5861533.5;-3893.031006
406843.7813;5861533.5;-3893.741699
406904.0625;5861533.5;-3894.064697
406964.375;5861533.5;-3894.232178
407024.6563;5861533.5;-3894.411133
407084.9688;5861533.5;-3894.553711
407145.2813;5861533.5;-3894.664307
407205.5625;5861533.5;-3894.749756
407265.875;5861533.5;-3894.851318
407326.1875;5861533.5;-3894.993652
407386.4688;5861533.5;-3895.255859
407446.7813;5861533.5;-3895.539795
407507.0625;5861533.5;-3895.835938
407567.375;5861533.5;-3896.261475
407627.6875;5861533.5;-3896.681641
407687.9688;5861533.5;-3897.082031
407748.2813;5861533.5;-3908.529297
407808.5938;5861533.5;-3908.479248
407868.875;5861533.5;-3908.396973
407929.1875;5861533.5;-3908.291504
407989.4688;5861533.5;-3908.170654
408049.7813;5861533.5;-3908.037598
408110.0938;5861533.5;-3907.835693
408170.375;5861533.5;-3907.597168
408230.6875;5861533.5;-3907.356445
408291;5861533.5;-3907.093262
408351.2813;5861533.5;-3906.812256
408411.5938;5861533.5;-3906.535889
408471.875;5861533.5;-3906.259766
408532.1875;5861533.5;-3905.986328
408592.5;5861533.5;-3905.718506
408652.7813;5861533.5;-3905.457275
408713.0938;5861533.5;-3905.203857
408773.4063;5861533.5;-3904.957031
408833.6875;5861533.5;-3904.718506
408894;5861533.5;-3904.491211
408954.2813;5861533.5;-3904.270508
409014.5938;5861533.5;-3904.058594
409074.9063;5861533.5;-3903.861084
409135.1875;5861533.5;-3903.670166
409195.5;5861533.5;-3903.486816
409255.8125;5861533.5;-3903.318848
409316.0938;5861533.5;-3903.156738
409376.4063;5861533.5;-3902.999756
401356.4063;5861594;-3837.77002
401416.6875;5861594;-3837.901367
401477;5861594;-3838.046875
401537.3125;5861594;-3838.206299
401597.5938;5861594;-3838.383545
401657.9063;5861594;-3838.577393
401718.2188;5861594;-3838.787109
401778.5;5861594;-3839.013428
401838.8125;5861594;-3839.256836
401899.0938;5861594;-3839.512207
401959.4063;5861594;-3839.779541
402019.7188;5861594;-3840.059082
402080;5861594;-3840.349854
402140.3125;5861594;-3840.650879
402200.625;5861594;-3840.961182
402260.9063;5861594;-3841.281738
402321.2188;5861594;-3841.617432
402381.5;5861594;-3841.965088
402441.8125;5861594;-3842.321777
402502.125;5861594;-3842.690674
402562.4063;5861594;-3843.077393
402622.7188;5861594;-3843.479004
402683.0313;5861594;-3843.894775
402743.3125;5861594;-3844.322021
402803.625;5861594;-3844.756104
402863.9063;5861594;-3845.194824
402924.2188;5861594;-3845.637451
402984.5313;5861594;-3846.077637
403044.8125;5861594;-3846.504395
403105.125;5861594;-3846.914551
403165.4375;5861594;-3847.308105
403225.7188;5861594;-3847.67749
403286.0313;5861594;-3848.00415
403346.3125;5861594;-3848.298096
403406.625;5861594;-3848.556152
403466.9375;5861594;-3848.748047
403527.2188;5861594;-3848.876221
403587.5313;5861594;-3849.427979
403647.8438;5861594;-3849.488281
403708.125;5861594;-3849.495605
403768.4375;5861594;-3849.452637
403828.7188;5861594;-3849.360596
403889.0313;5861594;-3849.223633
403949.3438;5861594;-3849.033936
404009.625;5861594;-3848.789551
404069.9375;5861594;-3852.880859
404130.25;5861594;-3852.68457
404190.5313;5861594;-3852.444824
404250.8438;5861594;-3852.190918
404311.125;5861594;-3851.976074
404371.4375;5861594;-3851.800781
404431.75;5861594;-3851.695557
404492.0313;5861594;-3851.696777
404552.3438;5861594;-3851.695068
404612.625;5861594;-3851.624023
404672.9375;5861594;-3851.545654
404733.25;5861594;-3851.321533
404793.5313;5861594;-3850.918213
404853.8438;5861594;-3850.868652
404914.1563;5861594;-3844.390381
404974.4375;5861594;-3847.33374
405034.75;5861594;-3850.97998
405095.0313;5861594;-3855.192627
405155.3438;5861594;-3860.091309
405215.6563;5861594;-3865.396973
405275.9375;5861594;-3870.88916
405336.25;5861594;-3876.104492
405396.5625;5861594;-3881.056396
405456.8438;5861594;-3885.184082
405517.1563;5861594;-3888.21167
405577.4375;5861594;-3890.633301
405637.75;5861594;-3892.723145
405698.0625;5861594;-3894.631104
405758.3438;5861594;-3896.537109
405818.6563;5861594;-3898.479492
405878.9688;5861594;-3900.375
405939.25;5861594;-3902.142822
405999.5625;5861594;-3903.692383
406059.8438;5861594;-3904.896729
406120.1563;5861594;-3905.625
406180.4688;5861594;-3905.959717
406240.75;5861594;-3906.100586
406301.0625;5861594;-3906.185303
406361.375;5861594;-3906.384033
406421.6563;5861594;-3906.813965
406481.9688;5861594;-3907.463379
406542.25;5861594;-3908.131592
406602.5625;5861594;-3908.224854
406662.875;5861594;-3907.676025
406723.1563;5861594;-3890.176025
406783.4688;5861594;-3890.36499
406843.7813;5861594;-3891.239746
406904.0625;5861594;-3891.924316
406964.375;5861594;-3892.377686
407024.6563;5861594;-3892.749512
407084.9688;5861594;-3893.017578
407145.2813;5861594;-3893.210693
407205.5625;5861594;-3893.349609
407265.875;5861594;-3893.46582
407326.1875;5861594;-3893.58667
407386.4688;5861594;-3893.814941
407446.7813;5861594;-3894.053467
407507.0625;5861594;-3894.296143
407567.375;5861594;-3894.685059
407627.6875;5861594;-3895.07251
407687.9688;5861594;-3907.422119
407748.2813;5861594;-3907.298584
407808.5938;5861594;-3907.169678
407868.875;5861594;-3907.021484
407929.1875;5861594;-3906.851807
407989.4688;5861594;-3906.671143
408049.7813;5861594;-3906.484619
408110.0938;5861594;-3906.24585
408170.375;5861594;-3905.981201
408230.6875;5861594;-3905.720215
408291;5861594;-3905.443115
408351.2813;5861594;-3905.154785
408411.5938;5861594;-3904.871826
408471.875;5861594;-3904.591309
408532.1875;5861594;-3904.315918
408592.5;5861594;-3904.047363
408652.7813;5861594;-3903.785889
408713.0938;5861594;-3903.532715
408773.4063;5861594;-3903.286133
408833.6875;5861594;-3903.048584
408894;5861594;-3902.822754
408954.2813;5861594;-3902.602295
409014.5938;5861594;-3902.391357
409074.9063;5861594;-3902.195801
409135.1875;5861594;-3902.005127
409195.5;5861594;-3901.822266
409255.8125;5861594;-3901.655518
409316.0938;5861594;-3901.493896
409376.4063;5861594;-3901.337402
401356.4063;5861654.5;-3838.226807
401416.6875;5861654.5;-3838.320557
401477;5861654.5;-3838.427734
401537.3125;5861654.5;-3838.54834
401597.5938;5861654.5;-3838.68335
401657.9063;5861654.5;-3838.833984
401718.2188;5861654.5;-3838.997559
401778.5;5861654.5;-3839.176025
401838.8125;5861654.5;-3839.369629
401899.0938;5861654.5;-3839.573975
401959.4063;5861654.5;-3839.789795
402019.7188;5861654.5;-3840.016357
402080;5861654.5;-3840.253906
402140.3125;5861654.5;-3840.501465
402200.625;5861654.5;-3840.757813
402260.9063;5861654.5;-3841.023682
402321.2188;5861654.5;-3841.303711
402381.5;5861654.5;-3841.594971
402441.8125;5861654.5;-3841.893799
402502.125;5861654.5;-3842.203857
402562.4063;5861654.5;-3842.528564
402622.7188;5861654.5;-3842.864746
402683.0313;5861654.5;-3843.211426
402743.3125;5861654.5;-3843.567139
402803.625;5861654.5;-3843.92627
402863.9063;5861654.5;-3844.287109
402924.2188;5861654.5;-3844.64917
402984.5313;5861654.5;-3845.004395
403044.8125;5861654.5;-3845.341309
403105.125;5861654.5;-3845.656982
403165.4375;5861654.5;-3845.953613
403225.7188;5861654.5;-3846.224365
403286.0313;5861654.5;-3846.44751
403346.3125;5861654.5;-3846.636475
403406.625;5861654.5;-3846.787842
403466.9375;5861654.5;-3846.870605
403527.2188;5861654.5;-3846.887695
403587.5313;5861654.5;-3847.323486
403647.8438;5861654.5;-3847.263428
403708.125;5861654.5;-3847.148193
403768.4375;5861654.5;-3846.979492
403828.7188;5861654.5;-3846.759521
403889.0313;5861654.5;-3846.490967
403949.3438;5861654.5;-3846.166504
404009.625;5861654.5;-3845.784424
404069.9375;5861654.5;-3845.366943
404130.25;5861654.5;-3849.248047
404190.5313;5861654.5;-3848.872803
404250.8438;5861654.5;-3848.491943
404311.125;5861654.5;-3848.143066
404371.4375;5861654.5;-3847.829834
404431.75;5861654.5;-3847.572998
404492.0313;5861654.5;-3847.388428
404552.3438;5861654.5;-3847.161133
404612.625;5861654.5;-3846.817627
404672.9375;5861654.5;-3846.398193
404733.25;5861654.5;-3845.743408
404793.5313;5861654.5;-3844.818359
404853.8438;5861654.5;-3835.562256
404914.1563;5861654.5;-3837.08252
404974.4375;5861654.5;-3840.313477
405034.75;5861654.5;-3844.286133
405095.0313;5861654.5;-3848.763916
405155.3438;5861654.5;-3853.856934
405215.6563;5861654.5;-3859.316895
405275.9375;5861654.5;-3864.884033
405336.25;5861654.5;-3870.130859
405396.5625;5861654.5;-3875.077148
405456.8438;5861654.5;-3879.362305
405517.1563;5861654.5;-3882.718994
405577.4375;5861654.5;-3885.514404
405637.75;5861654.5;-3887.966064
405698.0625;5861654.5;-3890.210938
405758.3438;5861654.5;-3892.447998
405818.6563;5861654.5;-3894.726807
405878.9688;5861654.5;-3896.9646
405939.25;5861654.5;-3899.071777
405999.5625;5861654.5;-3900.939941
406059.8438;5861654.5;-3902.393555
406120.1563;5861654.5;-3903.184814
406180.4688;5861654.5;-3903.426025
406240.75;5861654.5;-3903.467529
406301.0625;5861654.5;-3903.530762
406361.375;5861654.5;-3903.848389
406421.6563;5861654.5;-3904.579834
406481.9688;5861654.5;-3905.704834
406542.25;5861654.5;-3906.951904
406602.5625;5861654.5;-3907.528809
406662.875;5861654.5;-3907.056641
406723.1563;5861654.5;-3906.220459
406783.4688;5861654.5;-3888.556641
406843.7813;5861654.5;-3889.240723
406904.0625;5861654.5;-3889.970703
406964.375;5861654.5;-3890.531494
407024.6563;5861654.5;-3891.011719
407084.9688;5861654.5;-3891.370117
407145.2813;5861654.5;-3891.631348
407205.5625;5861654.5;-3891.818115
407265.875;5861654.5;-3891.950439
407326.1875;5861654.5;-3892.055176
407386.4688;5861654.5;-3892.259521
407446.7813;5861654.5;-3892.462158
407507.0625;5861654.5;-3892.663086
407567.375;5861654.5;-3893.0271
407627.6875;5861654.5;-3906.474121
407687.9688;5861654.5;-3906.215332
407748.2813;5861654.5;-3906.017334
407808.5938;5861654.5;-3905.816895
407868.875;5861654.5;-3905.606445
407929.1875;5861654.5;-3905.375244
407989.4688;5861654.5;-3905.137451
408049.7813;5861654.5;-3904.899902
408110.0938;5861654.5;-3904.626709
408170.375;5861654.5;-3904.337891
408230.6875;5861654.5;-3904.057373
408291;5861654.5;-3903.769531
408351.2813;5861654.5;-3903.474609
408411.5938;5861654.5;-3903.186768
408471.875;5861654.5;-3902.903564
408532.1875;5861654.5;-3902.628662
408592.5;5861654.5;-3902.360352
408652.7813;5861654.5;-3902.098877
408713.0938;5861654.5;-3901.846924
408773.4063;5861654.5;-3901.602295
408833.6875;5861654.5;-3901.366211
408894;5861654.5;-3901.142334
408954.2813;5861654.5;-3900.923584
409014.5938;5861654.5;-3900.713623
409074.9063;5861654.5;-3900.519043
409135.1875;5861654.5;-3900.32959
409195.5;5861654.5;-3900.147217
409255.8125;5861654.5;-3899.981201
409316.0938;5861654.5;-3899.820068
409376.4063;5861654.5;-3899.664063
401356.4063;5861715;-3838.657471
401416.6875;5861715;-3838.71582
401477;5861715;-3838.786621
401537.3125;5861715;-3838.869141
401597.5938;5861715;-3838.965088
401657.9063;5861715;-3839.072998
401718.2188;5861715;-3839.192383
401778.5;5861715;-3839.324951
401838.8125;5861715;-3839.469971
401899.0938;5861715;-3839.623779
401959.4063;5861715;-3839.788818
402019.7188;5861715;-3839.963135
402080;5861715;-3840.147705
402140.3125;5861715;-3840.341309
402200.625;5861715;-3840.543213
402260.9063;5861715;-3840.753662
402321.2188;5861715;-3840.977295
402381.5;5861715;-3841.210938
402441.8125;5861715;-3841.450928
402502.125;5861715;-3841.700439
402562.4063;5861715;-3841.962891
402622.7188;5861715;-3842.233643
402683.0313;5861715;-3842.512207
402743.3125;5861715;-3842.79834
402803.625;5861715;-3843.084961
402863.9063;5861715;-3843.371094
402924.2188;5861715;-3843.656982
402984.5313;5861715;-3843.931885
403044.8125;5861715;-3844.185059
403105.125;5861715;-3844.412598
403165.4375;5861715;-3844.619873
403225.7188;5861715;-3844.798584
403286.0313;5861715;-3844.925049
403346.3125;5861715;-3845.014893
403406.625;5861715;-3845.066406
403466.9375;5861715;-3845.045898
403527.2188;5861715;-3845.410645
403587.5313;5861715;-3845.285645
403647.8438;5861715;-3845.11084
403708.125;5861715;-3844.878174
403768.4375;5861715;-3844.589355
403828.7188;5861715;-3844.247803
403889.0313;5861715;-3843.85498
403949.3438;5861715;-3843.402588
404009.625;5861715;-3842.891113
404069.9375;5861715;-3842.344971
404130.25;5861715;-3841.773193
404190.5313;5861715;-3845.405762
404250.8438;5861715;-3844.894043
404311.125;5861715;-3844.407227
404371.4375;5861715;-3843.950439
404431.75;5861715;-3843.537354
404492.0313;5861715;-3843.172363
404552.3438;5861715;-3842.745361
404612.625;5861715;-3842.186768
404672.9375;5861715;-3841.528809
404733.25;5861715;-3840.618408
404793.5313;5861715;-3839.437744
404853.8438;5861715;-3838.49707
404914.1563;5861715;-3831.603271
404974.4375;5861715;-3834.801025
405034.75;5861715;-3838.768311
405095.0313;5861715;-3843.218994
405155.3438;5861715;-3848.239746
405215.6563;5861715;-3853.602539
405275.9375;5861715;-3859.038574
405336.25;5861715;-3864.097168
405396.5625;5861715;-3868.891357
405456.8438;5861715;-3873.197266
405517.1563;5861715;-3876.768066
405577.4375;5861715;-3879.873779
405637.75;5861715;-3882.657227
405698.0625;5861715;-3885.220947
405758.3438;5861715;-3887.772705
405818.6563;5861715;-3890.370361
405878.9688;5861715;-3892.938721
405939.25;5861715;-3895.395264
405999.5625;5861715;-3897.628174
406059.8438;5861715;-3899.406738
406120.1563;5861715;-3900.253174
406180.4688;5861715;-3900.307129
406240.75;5861715;-3900.178223
406301.0625;5861715;-3900.175781
406361.375;5861715;-3900.58252
406421.6563;5861715;-3901.587158
406481.9688;5861715;-3903.19873
406542.25;5861715;-3905.192139
406602.5625;5861715;-3906.752197
406662.875;5861715;-3906.888184
406723.1563;5861715;-3906.024414
406783.4688;5861715;-3887.459229
406843.7813;5861715;-3887.661133
406904.0625;5861715;-3888.145508
406964.375;5861715;-3888.647217
407024.6563;5861715;-3889.159424
407084.9688;5861715;-3889.569336
407145.2813;5861715;-3889.876709
407205.5625;5861715;-3890.115723
407265.875;5861715;-3890.272461
407326.1875;5861715;-3890.373047
407386.4688;5861715;-3890.574707
407446.7813;5861715;-3890.76416
407507.0625;5861715;-3890.947021
407567.375;5861715;-3905.410645
407627.6875;5861715;-3905.120605
407687.9688;5861715;-3904.823242
407748.2813;5861715;-3904.564209
407808.5938;5861715;-3904.308594
407868.875;5861715;-3904.052734
407929.1875;5861715;-3903.779053
407989.4688;5861715;-3903.502441
408049.7813;5861715;-3903.231445
408110.0938;5861715;-3902.936768
408170.375;5861715;-3902.634277
408230.6875;5861715;-3902.344482
408291;5861715;-3902.053223
408351.2813;5861715;-3901.759033
408411.5938;5861715;-3901.472412
408471.875;5861715;-3901.191895
408532.1875;5861715;-3900.920898
408592.5;5861715;-3900.656982
408652.7813;5861715;-3900.400635
408713.0938;5861715;-3900.153809
408773.4063;5861715;-3899.914307
408833.6875;5861715;-3899.683105
408894;5861715;-3899.464355
408954.2813;5861715;-3899.250244
409014.5938;5861715;-3899.044434
409074.9063;5861715;-3898.85376
409135.1875;5861715;-3898.667725
409195.5;5861715;-3898.488281
409255.8125;5861715;-3898.325439
409316.0938;5861715;-3898.166748
409376.4063;5861715;-3898.013428
401356.4063;5861775.5;-3839.066162
401416.6875;5861775.5;-3839.091064
401477;5861775.5;-3839.127441
401537.3125;5861775.5;-3839.174072
401597.5938;5861775.5;-3839.231201
401657.9063;5861775.5;-3839.29834
401718.2188;5861775.5;-3839.374512
401778.5;5861775.5;-3839.461914
401838.8125;5861775.5;-3839.559082
401899.0938;5861775.5;-3839.663818
401959.4063;5861775.5;-3839.777832
402019.7188;5861775.5;-3839.900879
402080;5861775.5;-3840.031982
402140.3125;5861775.5;-3840.171143
402200.625;5861775.5;-3840.318848
402260.9063;5861775.5;-3840.4729
402321.2188;5861775.5;-3840.638916
402381.5;5861775.5;-3840.814697
402441.8125;5861775.5;-3840.994873
402502.125;5861775.5;-3841.184326
402562.4063;5861775.5;-3841.384033
402622.7188;5861775.5;-3841.589111
402683.0313;5861775.5;-3841.800781
402743.3125;5861775.5;-3842.018066
402803.625;5861775.5;-3842.233643
402863.9063;5861775.5;-3842.44751
402924.2188;5861775.5;-3842.658936
402984.5313;5861775.5;-3842.857666
403044.8125;5861775.5;-3843.03125
403105.125;5861775.5;-3843.175781
403165.4375;5861775.5;-3843.29834
403225.7188;5861775.5;-3843.391357
403286.0313;5861775.5;-3843.425781
403346.3125;5861775.5;-3843.423584
403406.625;5861775.5;-3843.381104
403466.9375;5861775.5;-3843.707031
403527.2188;5861775.5;-3843.537598
403587.5313;5861775.5;-3843.303223
403647.8438;5861775.5;-3843.019775
403708.125;5861775.5;-3842.675781
403768.4375;5861775.5;-3842.272949
403828.7188;5861775.5;-3841.815918
403889.0313;5861775.5;-3841.30542
403949.3438;5861775.5;-3840.73291
404009.625;5861775.5;-3840.101074
404069.9375;5861775.5;-3839.434814
404130.25;5861775.5;-3838.744141
404190.5313;5861775.5;-3838.016113
404250.8438;5861775.5;-3841.43457
404311.125;5861775.5;-3840.821045
404371.4375;5861775.5;-3840.235107
404431.75;5861775.5;-3839.686523
404492.0313;5861775.5;-3839.172119
404552.3438;5861775.5;-3838.591064
404612.625;5861775.5;-3837.886719
404672.9375;5861775.5;-3837.109131
404733.25;5861775.5;-3836.145996
404793.5313;5861775.5;-3834.761963
404853.8438;5861775.5;-3834.195801
404914.1563;5861775.5;-3834.903564
404974.4375;5861775.5;-3830.367432
405034.75;5861775.5;-3834.041504
405095.0313;5861775.5;-3838.241211
405155.3438;5861775.5;-3843.009521
405215.6563;5861775.5;-3848.127197
405275.9375;5861775.5;-3853.312744
405336.25;5861775.5;-3858.130615
405396.5625;5861775.5;-3862.710449
405456.8438;5861775.5;-3866.952393
405517.1563;5861775.5;-3870.618408
405577.4375;5861775.5;-3873.93042
405637.75;5861775.5;-3876.9729
405698.0625;5861775.5;-3879.803223
405758.3438;5861775.5;-3882.626953
405818.6563;5861775.5;-3885.501709
405878.9688;5861775.5;-3888.356934
405939.25;5861775.5;-3891.123535
405999.5625;5861775.5;-3893.715088
406059.8438;5861775.5;-3895.848389
406120.1563;5861775.5;-3896.748779
406180.4688;5861775.5;-3896.573975
406240.75;5861775.5;-3896.24585
406301.0625;5861775.5;-3896.146484
406361.375;5861775.5;-3896.559814
406421.6563;5861775.5;-3897.688232
406481.9688;5861775.5;-3899.614746
406542.25;5861775.5;-3902.275391
406602.5625;5861775.5;-3905.041504
406662.875;5861775.5;-3906.25
406723.1563;5861775.5;-3905.557861
406783.4688;5861775.5;-3904.462158
406843.7813;5861775.5;-3890.220947
406904.0625;5861775.5;-3886.306885
406964.375;5861775.5;-3886.713623
407024.6563;5861775.5;-3887.231689
407084.9688;5861775.5;-3887.679443
407145.2813;5861775.5;-3888.026367
407205.5625;5861775.5;-3888.317627
407265.875;5861775.5;-3888.501221
407326.1875;5861775.5;-3888.600586
407386.4688;5861775.5;-3888.803223
407446.7813;5861775.5;-3888.985352
407507.0625;5861775.5;-3904.338135
407567.375;5861775.5;-3904.016846
407627.6875;5861775.5;-3903.688721
407687.9688;5861775.5;-3903.356934
407748.2813;5861775.5;-3903.044189
407808.5938;5861775.5;-3902.740234
407868.875;5861775.5;-3902.444824
407929.1875;5861775.5;-3902.134033
407989.4688;5861775.5;-3901.823975
408049.7813;5861775.5;-3901.526367
408110.0938;5861775.5;-3901.2146
408170.375;5861775.5;-3900.902588
408230.6875;5861775.5;-3900.606934
408291;5861775.5;-3900.314697
408351.2813;5861775.5;-3900.022949
408411.5938;5861775.5;-3899.739746
408471.875;5861775.5;-3899.463867
408532.1875;5861775.5;-3899.19873
408592.5;5861775.5;-3898.941162
408652.7813;5861775.5;-3898.69165
408713.0938;5861775.5;-3898.451416
408773.4063;5861775.5;-3898.218018
408833.6875;5861775.5;-3897.99292
408894;5861775.5;-3897.779785
408954.2813;5861775.5;-3897.570801
409014.5938;5861775.5;-3897.369873
409074.9063;5861775.5;-3897.18335
409135.1875;5861775.5;-3897.001465
409195.5;5861775.5;-3896.825439
409255.8125;5861775.5;-3896.665527
409316.0938;5861775.5;-3896.510498
409376.4063;5861775.5;-3896.359619
401356.4063;5861836.5;-3839.453125
401416.6875;5861836.5;-3839.446533
401477;5861836.5;-3839.449463
401537.3125;5861836.5;-3839.460938
401597.5938;5861836.5;-3839.481201
401657.9063;5861836.5;-3839.508057
401718.2188;5861836.5;-3839.541748
401778.5;5861836.5;-3839.584961
401838.8125;5861836.5;-3839.635254
401899.0938;5861836.5;-3839.690918
401959.4063;5861836.5;-3839.755371
402019.7188;5861836.5;-3839.82666
402080;5861836.5;-3839.904053
402140.3125;5861836.5;-3839.989502
402200.625;5861836.5;-3840.081055
402260.9063;5861836.5;-3840.178955
402321.2188;5861836.5;-3840.287109
402381.5;5861836.5;-3840.403809
402441.8125;5861836.5;-3840.52417
402502.125;5861836.5;-3840.652588
402562.4063;5861836.5;-3840.790039
402622.7188;5861836.5;-3840.93042
402683.0313;5861836.5;-3841.075684
402743.3125;5861836.5;-3841.225586
402803.625;5861836.5;-3841.37207
402863.9063;5861836.5;-3841.515869
402924.2188;5861836.5;-3841.656738
402984.5313;5861836.5;-3841.782715
403044.8125;5861836.5;-3841.881104
403105.125;5861836.5;-3841.948242
403165.4375;5861836.5;-3841.991943
403225.7188;5861836.5;-3842.005371
403286.0313;5861836.5;-3841.95459
403346.3125;5861836.5;-3841.865967
403406.625;5861836.5;-3841.736816
403466.9375;5861836.5;-3843.950439
403527.2188;5861836.5;-3841.720215
403587.5313;5861836.5;-3841.383545
403647.8438;5861836.5;-3840.998047
403708.125;5861836.5;-3840.550049
403768.4375;5861836.5;-3840.040039
403828.7188;5861836.5;-3839.474365
403889.0313;5861836.5;-3838.853516
403949.3438;5861836.5;-3838.169189
404009.625;5861836.5;-3837.425537
404069.9375;5861836.5;-3836.648438
404130.25;5861836.5;-3835.848389
404190.5313;5861836.5;-3835.011719
404250.8438;5861836.5;-3834.158447
404311.125;5861836.5;-3837.415283
404371.4375;5861836.5;-3836.722656
404431.75;5861836.5;-3836.06958
404492.0313;5861836.5;-3835.446045
404552.3438;5861836.5;-3834.764648
404612.625;5861836.5;-3833.98584
404672.9375;5861836.5;-3833.196045
404733.25;5861836.5;-3832.339355
404793.5313;5861836.5;-3831.214111
404853.8438;5861836.5;-3830.840332
404914.1563;5861836.5;-3831.440918
404974.4375;5861836.5;-3833.08667
405034.75;5861836.5;-3830.026611
405095.0313;5861836.5;-3833.821289
405155.3438;5861836.5;-3838.195801
405215.6563;5861836.5;-3842.948486
405275.9375;5861836.5;-3847.790527
405336.25;5861836.5;-3852.300293
405396.5625;5861836.5;-3856.634521
405456.8438;5861836.5;-3860.731934
405517.1563;5861836.5;-3864.376465
405577.4375;5861836.5;-3867.77417
405637.75;5861836.5;-3870.977539
405698.0625;5861836.5;-3873.997314
405758.3438;5861836.5;-3877.02124
405818.6563;5861836.5;-3880.095703
405878.9688;5861836.5;-3883.131836
405939.25;5861836.5;-3886.045898
405999.5625;5861836.5;-3888.753174
406059.8438;5861836.5;-3890.975098
406120.1563;5861836.5;-3891.926758
406180.4688;5861836.5;-3891.768555
406240.75;5861836.5;-3891.438721
406301.0625;5861836.5;-3891.31665
406361.375;5861836.5;-3891.67334
406421.6563;5861836.5;-3892.728271
406481.9688;5861836.5;-3894.590576
406542.25;5861836.5;-3897.233398
406602.5625;5861836.5;-3900.492188
406662.875;5861836.5;-3902.880371
406723.1563;5861836.5;-3903.220703
406783.4688;5861836.5;-3902.702637
406843.7813;5861836.5;-3902.436523
406904.0625;5861836.5;-3887.654297
406964.375;5861836.5;-3884.632324
407024.6563;5861836.5;-3885.189941
407084.9688;5861836.5;-3885.687744
407145.2813;5861836.5;-3886.081299
407205.5625;5861836.5;-3886.429443
407265.875;5861836.5;-3886.643066
407326.1875;5861836.5;-3886.742676
407386.4688;5861836.5;-3886.94458
407446.7813;5861836.5;-3887.117676
407507.0625;5861836.5;-3902.89624
407567.375;5861836.5;-3902.538086
407627.6875;5861836.5;-3902.178467
407687.9688;5861836.5;-3901.820801
407748.2813;5861836.5;-3901.461426
407808.5938;5861836.5;-3901.115234
407868.875;5861836.5;-3900.786133
407929.1875;5861836.5;-3900.443848
407989.4688;5861836.5;-3900.105469
408049.7813;5861836.5;-3899.784424
408110.0938;5861836.5;-3899.459717
408170.375;5861836.5;-3899.141602
408230.6875;5861836.5;-3898.843262
408291;5861836.5;-3898.552734
408351.2813;5861836.5;-3898.266113
408411.5938;5861836.5;-3897.988525
408471.875;5861836.5;-3897.719482
408532.1875;5861836.5;-3897.46167
408592.5;5861836.5;-3897.21167
408652.7813;5861836.5;-3896.969727
408713.0938;5861836.5;-3896.736816
408773.4063;5861836.5;-3896.510254
408833.6875;5861836.5;-3896.291748
408894;5861836.5;-3896.085205
408954.2813;5861836.5;-3895.882813
409014.5938;5861836.5;-3895.686768
409074.9063;5861836.5;-3895.505127
409135.1875;5861836.5;-3895.327637
409195.5;5861836.5;-3895.155029
409255.8125;5861836.5;-3894.998779
409316.0938;5861836.5;-3894.846436
409376.4063;5861836.5;-3894.698242
401356.4063;5861897;-3839.81665
401416.6875;5861897;-3839.780273
401477;5861897;-3839.751221
401537.3125;5861897;-3839.728516
401597.5938;5861897;-3839.711914
401657.9063;5861897;-3839.700195
401718.2188;5861897;-3839.692627
401778.5;5861897;-3839.691895
401838.8125;5861897;-3839.695557
401899.0938;5861897;-3839.703125
401959.4063;5861897;-3839.717529
402019.7188;5861897;-3839.737305
402080;5861897;-3839.761475
402140.3125;5861897;-3839.792236
402200.625;5861897;-3839.829102
402260.9063;5861897;-3839.869629
402321.2188;5861897;-3839.920166
402381.5;5861897;-3839.977783
402441.8125;5861897;-3840.038574
402502.125;5861897;-3840.106445
402562.4063;5861897;-3840.182129
402622.7188;5861897;-3840.259766
402683.0313;5861897;-3840.341064
402743.3125;5861897;-3840.42627
402803.625;5861897;-3840.507324
402863.9063;5861897;-3840.584717
402924.2188;5861897;-3840.65918
402984.5313;5861897;-3840.717773
403044.8125;5861897;-3840.74707
403105.125;5861897;-3840.740723
403165.4375;5861897;-3840.711182
403225.7188;5861897;-3840.649658
403286.0313;5861897;-3840.519775
403346.3125;5861897;-3840.351074
403406.625;5861897;-3842.56958
403466.9375;5861897;-3842.391113
403527.2188;5861897;-3842.13623
403587.5313;5861897;-3839.552734
403647.8438;5861897;-3839.070801
403708.125;5861897;-3838.523438
403768.4375;5861897;-3837.911133
403828.7188;5861897;-3837.241455
403889.0313;5861897;-3836.514648
403949.3438;5861897;-3835.722412
404009.625;5861897;-3834.872559
404069.9375;5861897;-3833.990723
404130.25;5861897;-3833.08667
404190.5313;5861897;-3832.149414
404250.8438;5861897;-3831.19873
404311.125;5861897;-3830.266846
404371.4375;5861897;-3833.308594
404431.75;5861897;-3832.568848
404492.0313;5861897;-3831.864746
404552.3438;5861897;-3831.109863
404612.625;5861897;-3830.274414
404672.9375;5861897;-3829.47998
404733.25;5861897;-3828.50293
404793.5313;5861897;-3827.905762
404853.8438;5861897;-3827.689209
404914.1563;5861897;-3828.220703
404974.4375;5861897;-3829.54126
405034.75;5861897;-3831.467773
405095.0313;5861897;-3830.068115
405155.3438;5861897;-3833.962402
405215.6563;5861897;-3838.242188
405275.9375;5861897;-3842.63501
405336.25;5861897;-3846.764404
405396.5625;5861897;-3850.784912
405456.8438;5861897;-3854.65918
405517.1563;5861897;-3858.185303
405577.4375;5861897;-3861.557861
405637.75;5861897;-3864.825439
405698.0625;5861897;-3867.933594
405758.3438;5861897;-3871.054932
405818.6563;5861897;-3874.221191
405878.9688;5861897;-3877.3125
405939.25;5861897;-3880.196045
405999.5625;5861897;-3882.766357
406059.8438;5861897;-3884.794434
406120.1563;5861897;-3885.7771
406180.4688;5861897;-3885.868408
406240.75;5861897;-3885.727539
406301.0625;5861897;-3885.677979
406361.375;5861897;-3886.016357
406421.6563;5861897;-3887.050049
406481.9688;5861897;-3888.95166
406542.25;5861897;-3891.765869
406602.5625;5861897;-3895.168701
406662.875;5861897;-3898.01123
406723.1563;5861897;-3899.399414
406783.4688;5861897;-3899.838867
406843.7813;5861897;-3900.106934
406904.0625;5861897;-3900.461914
406964.375;5861897;-3882.332764
407024.6563;5861897;-3882.990967
407084.9688;5861897;-3883.574707
407145.2813;5861897;-3884.040527
407205.5625;5861897;-3884.46875
407265.875;5861897;-3884.723633
407326.1875;5861897;-3884.82373
407386.4688;5861897;-3902.121826
407446.7813;5861897;-3901.718994
407507.0625;5861897;-3901.305176
407567.375;5861897;-3900.89502
407627.6875;5861897;-3900.492676
407687.9688;5861897;-3900.098877
407748.2813;5861897;-3899.703369
407808.5938;5861897;-3899.328857
407868.875;5861897;-3898.97876
407929.1875;5861897;-3898.621826
407989.4688;5861897;-3898.273193
408049.7813;5861897;-3897.944824
408110.0938;5861897;-3897.620117
408170.375;5861897;-3897.306152
408230.6875;5861897;-3897.014648
408291;5861897;-3896.733887
408351.2813;5861897;-3896.458984
408411.5938;5861897;-3896.193604
408471.875;5861897;-3895.937012
408532.1875;5861897;-3895.692871
408592.5;5861897;-3895.455566
408652.7813;5861897;-3895.225586
408713.0938;5861897;-3895.005371
408773.4063;5861897;-3894.790283
408833.6875;5861897;-3894.583008
408894;5861897;-3894.386719
408954.2813;5861897;-3894.193359
409014.5938;5861897;-3894.006592
409074.9063;5861897;-3893.833008
409135.1875;5861897;-3893.662598
409195.5;5861897;-3893.49707
409255.8125;5861897;-3893.346191
409316.0938;5861897;-3893.199707
409376.4063;5861897;-3893.056885
401356.4063;5861957.5;-3840.158691
401416.6875;5861957.5;-3840.092529
401477;5861957.5;-3840.032715
401537.3125;5861957.5;-3839.977051
401597.5938;5861957.5;-3839.924805
401657.9063;5861957.5;-3839.874512
401718.2188;5861957.5;-3839.825195
401778.5;5861957.5;-3839.781494
401838.8125;5861957.5;-3839.739014
401899.0938;5861957.5;-3839.697998
401959.4063;5861957.5;-3839.663086
402019.7188;5861957.5;-3839.631592
402080;5861957.5;-3839.601318
402140.3125;5861957.5;-3839.578125
402200.625;5861957.5;-3839.559326
402260.9063;5861957.5;-3839.543213
402321.2188;5861957.5;-3839.535645
402381.5;5861957.5;-3839.534668
402441.8125;5861957.5;-3839.536133
402502.125;5861957.5;-3839.543945
402562.4063;5861957.5;-3839.559326
402622.7188;5861957.5;-3839.574951
402683.0313;5861957.5;-3839.594727
402743.3125;5861957.5;-3839.618652
402803.625;5861957.5;-3839.637695
402863.9063;5861957.5;-3839.653076
402924.2188;5861957.5;-3839.666992
402984.5313;5861957.5;-3839.663818
403044.8125;5861957.5;-3839.630615
403105.125;5861957.5;-3839.558105
403165.4375;5861957.5;-3839.462402
403225.7188;5861957.5;-3839.334229
403286.0313;5861957.5;-3839.132813
403346.3125;5861957.5;-3841.336182
403406.625;5861957.5;-3841.158447
403466.9375;5861957.5;-3840.893066
403527.2188;5861957.5;-3840.549072
403587.5313;5861957.5;-3840.130127
403647.8438;5861957.5;-3837.247803
403708.125;5861957.5;-3836.607422
403768.4375;5861957.5;-3835.899414
403828.7188;5861957.5;-3835.131348
403889.0313;5861957.5;-3834.303711
403949.3438;5861957.5;-3833.40918
404009.625;5861957.5;-3832.457764
404069.9375;5861957.5;-3831.476074
404130.25;5861957.5;-3830.474609
404190.5313;5861957.5;-3829.443359
404250.8438;5861957.5;-3828.405273
404311.125;5861957.5;-3827.391357
404371.4375;5861957.5;-3826.400146
404431.75;5861957.5;-3829.266602
404492.0313;5861957.5;-3828.51001
404552.3438;5861957.5;-3827.711914
404612.625;5861957.5;-3826.846924
404672.9375;5861957.5;-3826.059814
404733.25;5861957.5;-3825.27417
404793.5313;5861957.5;-3824.80835
404853.8438;5861957.5;-3824.690674
404914.1563;5861957.5;-3825.166016
404974.4375;5861957.5;-3826.251709
405034.75;5861957.5;-3827.853027
405095.0313;5861957.5;-3829.919922
405155.3438;5861957.5;-3830.081787
405215.6563;5861957.5;-3833.837891
405275.9375;5861957.5;-3837.727539
405336.25;5861957.5;-3841.426514
405396.5625;5861957.5;-3845.080078
405456.8438;5861957.5;-3848.665771
405517.1563;5861957.5;-3851.999268
405577.4375;5861957.5;-3855.26709
405637.75;5861957.5;-3858.519775
405698.0625;5861957.5;-3861.647217
405758.3438;5861957.5;-3864.797119
405818.6563;5861957.5;-3867.983398
405878.9688;5861957.5;-3871.063232
405939.25;5861957.5;-3873.86084
405999.5625;5861957.5;-3876.272461
406059.8438;5861957.5;-3878.125488
406120.1563;5861957.5;-3879.135498
406180.4688;5861957.5;-3879.450195
406240.75;5861957.5;-3879.515137
406301.0625;5861957.5;-3879.599609
406361.375;5861957.5;-3880.027832
406421.6563;5861957.5;-3881.23291
406481.9688;5861957.5;-3883.484863
406542.25;5861957.5;-3886.946289
406602.5625;5861957.5;-3890.719238
406662.875;5861957.5;-3893.540283
406723.1563;5861957.5;-3895.400879
406783.4688;5861957.5;-3896.501465
406843.7813;5861957.5;-3897.274414
406904.0625;5861957.5;-3897.98291
406964.375;5861957.5;-3898.618164
407024.6563;5861957.5;-3880.534424
407084.9688;5861957.5;-3881.266846
407145.2813;5861957.5;-3881.85791
407205.5625;5861957.5;-3882.402344
407265.875;5861957.5;-3882.713135
407326.1875;5861957.5;-3901.006592
407386.4688;5861957.5;-3900.551025
407446.7813;5861957.5;-3900.056641
407507.0625;5861957.5;-3899.562012
407567.375;5861957.5;-3899.099854
407627.6875;5861957.5;-3898.658691
407687.9688;5861957.5;-3898.234131
407748.2813;5861957.5;-3897.814697
407808.5938;5861957.5;-3897.425293
407868.875;5861957.5;-3897.066895
407929.1875;5861957.5;-3896.707031
407989.4688;5861957.5;-3896.359619
408049.7813;5861957.5;-3896.035889
408110.0938;5861957.5;-3895.719971
408170.375;5861957.5;-3895.418213
408230.6875;5861957.5;-3895.139404
408291;5861957.5;-3894.874512
408351.2813;5861957.5;-3894.616211
408411.5938;5861957.5;-3894.366699
408471.875;5861957.5;-3894.127197
408532.1875;5861957.5;-3893.899658
408592.5;5861957.5;-3893.677979
408652.7813;5861957.5;-3893.463379
408713.0938;5861957.5;-3893.257568
408773.4063;5861957.5;-3893.056885
408833.6875;5861957.5;-3892.862061
408894;5861957.5;-3892.678223
408954.2813;5861957.5;-3892.496582
409014.5938;5861957.5;-3892.319824
409074.9063;5861957.5;-3892.155518
409135.1875;5861957.5;-3891.993652
409195.5;5861957.5;-3891.835693
409255.8125;5861957.5;-3891.692383
409316.0938;5861957.5;-3891.552002
409376.4063;5861957.5;-3891.414795
401356.4063;5862018;-3840.479492
401416.6875;5862018;-3840.385254
401477;5862018;-3840.294678
401537.3125;5862018;-3840.206543
401597.5938;5862018;-3840.118896
401657.9063;5862018;-3840.030518
401718.2188;5862018;-3839.94043
401778.5;5862018;-3839.853271
401838.8125;5862018;-3839.764648
401899.0938;5862018;-3839.675781
401959.4063;5862018;-3839.59082
402019.7188;5862018;-3839.507568
402080;5862018;-3839.42334
402140.3125;5862018;-3839.345215
402200.625;5862018;-3839.270508
402260.9063;5862018;-3839.19751
402321.2188;5862018;-3839.131836
402381.5;5862018;-3839.07251
402441.8125;5862018;-3839.014648
402502.125;5862018;-3838.963623
402562.4063;5862018;-3838.919678
402622.7188;5862018;-3838.876709
402683.0313;5862018;-3838.836914
402743.3125;5862018;-3838.803711
402803.625;5862018;-3838.765381
402863.9063;5862018;-3838.724121
402924.2188;5862018;-3838.682373
402984.5313;5862018;-3838.624756
403044.8125;5862018;-3838.537109
403105.125;5862018;-3838.40625
403165.4375;5862018;-3838.253418
403225.7188;5862018;-3838.068359
403286.0313;5862018;-3837.80542
403346.3125;5862018;-3840.067139
403406.625;5862018;-3839.828857
403466.9375;5862018;-3839.487549
403527.2188;5862018;-3839.064209
403587.5313;5862018;-3838.562256
403647.8438;5862018;-3837.949463
403708.125;5862018;-3834.819824
403768.4375;5862018;-3834.022705
403828.7188;5862018;-3833.162598
403889.0313;5862018;-3832.239502
403949.3438;5862018;-3831.246582
404009.625;5862018;-3830.196533
404069.9375;5862018;-3829.118652
404130.25;5862018;-3828.023438
404190.5313;5862018;-3826.90332
404250.8438;5862018;-3825.784424
404311.125;5862018;-3824.699707
404371.4375;5862018;-3823.645264
404431.75;5862018;-3826.187256
404492.0313;5862018;-3825.402344
404552.3438;5862018;-3824.586182
404612.625;5862018;-3823.7146
404672.9375;5862018;-3822.801025
404733.25;5862018;-3822.318604
404793.5313;5862018;-3821.936768
404853.8438;5862018;-3821.86792
404914.1563;5862018;-3822.283936
404974.4375;5862018;-3823.178223
405034.75;5862018;-3824.498047
405095.0313;5862018;-3826.20752
405155.3438;5862018;-3828.369629
405215.6563;5862018;-3829.652588
405275.9375;5862018;-3833.01416
405336.25;5862018;-3836.249512
405396.5625;5862018;-3839.494629
405456.8438;5862018;-3842.739746
405517.1563;5862018;-3845.819092
405577.4375;5862018;-3848.915527
405637.75;5862018;-3852.0896
405698.0625;5862018;-3855.178467
405758.3438;5862018;-3858.310059
405818.6563;5862018;-3861.48877
405878.9688;5862018;-3864.544678
405939.25;5862018;-3867.270508
405999.5625;5862018;-3869.578369
406059.8438;5862018;-3871.346924
406120.1563;5862018;-3872.394043
406180.4688;5862018;-3872.85791
406240.75;5862018;-3873.091553
406301.0625;5862018;-3873.322266
406361.375;5862018;-3873.912354
406421.6563;5862018;-3875.531494
406481.9688;5862018;-3878.493652
406542.25;5862018;-3882.796631
406602.5625;5862018;-3886.882324
406662.875;5862018;-3889.502197
406723.1563;5862018;-3891.417725
406783.4688;5862018;-3892.859619
406843.7813;5862018;-3894.030762
406904.0625;5862018;-3895.091064
406964.375;5862018;-3896.046875
407024.6563;5862018;-3893.625732
407084.9688;5862018;-3878.722168
407145.2813;5862018;-3879.501465
407205.5625;5862018;-3880.201904
407265.875;5862018;-3899.762939
407326.1875;5862018;-3899.381592
407386.4688;5862018;-3898.816895
407446.7813;5862018;-3898.214844
407507.0625;5862018;-3897.63623
407567.375;5862018;-3897.131592
407627.6875;5862018;-3896.666992
407687.9688;5862018;-3896.229492
407748.2813;5862018;-3895.80249
407808.5938;5862018;-3895.412354
407868.875;5862018;-3895.058838
407929.1875;5862018;-3894.70874
407989.4688;5862018;-3894.373291
408049.7813;5862018;-3894.063477
408110.0938;5862018;-3893.765137
408170.375;5862018;-3893.482666
408230.6875;5862018;-3893.223633
408291;5862018;-3892.979004
408351.2813;5862018;-3892.741455
408411.5938;5862018;-3892.512207
408471.875;5862018;-3892.292969
408532.1875;5862018;-3892.084473
408592.5;5862018;-3891.880859
408652.7813;5862018;-3891.683838
408713.0938;5862018;-3891.495117
408773.4063;5862018;-3891.309082
408833.6875;5862018;-3891.12915
408894;5862018;-3890.957764
408954.2813;5862018;-3890.78833
409014.5938;5862018;-3890.622314
409074.9063;5862018;-3890.468018
409135.1875;5862018;-3890.31543
409195.5;5862018;-3890.165527
409255.8125;5862018;-3890.029297
409316.0938;5862018;-3889.895508
409376.4063;5862018;-3889.764648
401356.4063;5862078.5;-3840.782715
401416.6875;5862078.5;-3840.660889
401477;5862078.5;-3840.540771
401537.3125;5862078.5;-3840.420654
401597.5938;5862078.5;-3840.298096
401657.9063;5862078.5;-3840.171875
401718.2188;5862078.5;-3840.041504
401778.5;5862078.5;-3839.910889
401838.8125;5862078.5;-3839.776855
401899.0938;5862078.5;-3839.63916
401959.4063;5862078.5;-3839.504395
402019.7188;5862078.5;-3839.368896
402080;5862078.5;-3839.231201
402140.3125;5862078.5;-3839.0979
402200.625;5862078.5;-3838.967529
402260.9063;5862078.5;-3838.837402
402321.2188;5862078.5;-3838.714111
402381.5;5862078.5;-3838.597168
402441.8125;5862078.5;-3838.481445
402502.125;5862078.5;-3838.372803
402562.4063;5862078.5;-3838.272217
402622.7188;5862078.5;-3838.172852
402683.0313;5862078.5;-3838.077881
402743.3125;5862078.5;-3837.990234
402803.625;5862078.5;-3837.898438
402863.9063;5862078.5;-3837.804443
402924.2188;5862078.5;-3837.710938
402984.5313;5862078.5;-3837.603516
403044.8125;5862078.5;-3837.467529
403105.125;5862078.5;-3837.285645
403165.4375;5862078.5;-3837.082764
403225.7188;5862078.5;-3836.849365
403286.0313;5862078.5;-3839.099121
403346.3125;5862078.5;-3838.855469
403406.625;5862078.5;-3838.568115
403466.9375;5862078.5;-3838.16748
403527.2188;5862078.5;-3837.682129
403587.5313;5862078.5;-3837.113525
403647.8438;5862078.5;-3836.422852
403708.125;5862078.5;-3835.643555
403768.4375;5862078.5;-3832.318115
403828.7188;5862078.5;-3831.368896
403889.0313;5862078.5;-3830.351807
403949.3438;5862078.5;-3829.259766
404009.625;5862078.5;-3828.109375
404069.9375;5862078.5;-3826.931885
404130.25;5862078.5;-3825.73877
404190.5313;5862078.5;-3824.526123
404250.8438;5862078.5;-3823.325195
404311.125;5862078.5;-3822.169922
404371.4375;5862078.5;-3821.055176
404431.75;5862078.5;-3819.991699
404492.0313;5862078.5;-3822.530273
404552.3438;5862078.5;-3821.712402
404612.625;5862078.5;-3820.865479
404672.9375;5862078.5;-3820.033691
404733.25;5862078.5;-3819.588379
404793.5313;5862078.5;-3819.250732
404853.8438;5862078.5;-3819.188232
404914.1563;5862078.5;-3819.5271
404974.4375;5862078.5;-3820.244873
405034.75;5862078.5;-3821.303955
405095.0313;5862078.5;-3822.676514
405155.3438;5862078.5;-3824.408203
405215.6563;5862078.5;-3826.425537
405275.9375;5862078.5;-3828.453125
405336.25;5862078.5;-3831.216309
405396.5625;5862078.5;-3834.031494
405456.8438;5862078.5;-3836.903809
405517.1563;5862078.5;-3839.677246
405577.4375;5862078.5;-3842.546875
405637.75;5862078.5;-3845.593994
405698.0625;5862078.5;-3848.613525
405758.3438;5862078.5;-3851.717041
405818.6563;5862078.5;-3854.893555
405878.9688;5862078.5;-3857.945068
405939.25;5862078.5;-3860.647949
405999.5625;5862078.5;-3862.94873
406059.8438;5862078.5;-3864.724854
406120.1563;5862078.5;-3865.830322
406180.4688;5862078.5;-3866.390137
406240.75;5862078.5;-3866.726318
406301.0625;5862078.5;-3867.037598
406361.375;5862078.5;-3867.749023
406421.6563;5862078.5;-3869.801514
406481.9688;5862078.5;-3873.444092
406542.25;5862078.5;-3878.186279
406602.5625;5862078.5;-3882.277588
406662.875;5862078.5;-3884.865234
406723.1563;5862078.5;-3886.88501
406783.4688;5862078.5;-3888.594238
406843.7813;5862078.5;-3890.101563
406904.0625;5862078.5;-3891.522217
406964.375;5862078.5;-3892.831543
407024.6563;5862078.5;-3893.864502
407084.9688;5862078.5;-3876.121826
407145.2813;5862078.5;-3877.151855
407205.5625;5862078.5;-3878.031006
407265.875;5862078.5;-3898.00293
407326.1875;5862078.5;-3897.539551
407386.4688;5862078.5;-3896.821533
407446.7813;5862078.5;-3896.08252
407507.0625;5862078.5;-3895.408447
407567.375;5862078.5;-3894.869873
407627.6875;5862078.5;-3894.39624
407687.9688;5862078.5;-3893.959717
407748.2813;5862078.5;-3893.550049
407808.5938;5862078.5;-3893.181885
407868.875;5862078.5;-3892.852051
407929.1875;5862078.5;-3892.531738
407989.4688;5862078.5;-3892.228271
408049.7813;5862078.5;-3891.951172
408110.0938;5862078.5;-3891.686523
408170.375;5862078.5;-3891.437988
408230.6875;5862078.5;-3891.21167
408291;5862078.5;-3890.998535
408351.2813;5862078.5;-3890.791992
408411.5938;5862078.5;-3890.592773
408471.875;5862078.5;-3890.401611
408532.1875;5862078.5;-3890.219971
408592.5;5862078.5;-3890.041992
408652.7813;5862078.5;-3889.869141
408713.0938;5862078.5;-3889.702637
408773.4063;5862078.5;-3889.538086
408833.6875;5862078.5;-3889.376953
408894;5862078.5;-3889.223877
408954.2813;5862078.5;-3889.071045
409014.5938;5862078.5;-3888.920654
409074.9063;5862078.5;-3888.779785
409135.1875;5862078.5;-3888.639893
409195.5;5862078.5;-3888.501709
409255.8125;5862078.5;-3888.375732
409316.0938;5862078.5;-3888.251709
409376.4063;5862078.5;-3888.129639
401356.4063;5862139.5;-3841.074463
401416.6875;5862139.5;-3840.925293
401477;5862139.5;-3840.775879
401537.3125;5862139.5;-3840.623779
401597.5938;5862139.5;-3840.466309
401657.9063;5862139.5;-3840.302002
401718.2188;5862139.5;-3840.131104
401778.5;5862139.5;-3839.957275
401838.8125;5862139.5;-3839.777344
401899.0938;5862139.5;-3839.591309
401959.4063;5862139.5;-3839.406006
402019.7188;5862139.5;-3839.218506
402080;5862139.5;-3839.026367
402140.3125;5862139.5;-3838.838379
402200.625;5862139.5;-3838.6521
402260.9063;5862139.5;-3838.465088
402321.2188;5862139.5;-3838.28418
402381.5;5862139.5;-3838.110352
402441.8125;5862139.5;-3837.937744
402502.125;5862139.5;-3837.772217
402562.4063;5862139.5;-3837.617188
402622.7188;5862139.5;-3837.4646
402683.0313;5862139.5;-3837.317871
402743.3125;5862139.5;-3837.179932
402803.625;5862139.5;-3837.039551
402863.9063;5862139.5;-3836.898438
402924.2188;5862139.5;-3836.758301
402984.5313;5862139.5;-3836.606689
403044.8125;5862139.5;-3836.429932
403105.125;5862139.5;-3836.204834
403165.4375;5862139.5;-3835.96167
403225.7188;5862139.5;-3838.243896
403286.0313;5862139.5;-3838.001221
403346.3125;5862139.5;-3837.719238
403406.625;5862139.5;-3837.393799
403466.9375;5862139.5;-3836.949219
403527.2188;5862139.5;-3836.415039
403587.5313;5862139.5;-3835.79248
403647.8438;5862139.5;-3835.03418
403708.125;5862139.5;-3834.177979
403768.4375;5862139.5;-3833.232422
403828.7188;5862139.5;-3829.73877
403889.0313;5862139.5;-3828.62793
403949.3438;5862139.5;-3827.434814
404009.625;5862139.5;-3826.179932
404069.9375;5862139.5;-3824.897217
404130.25;5862139.5;-3823.600098
404190.5313;5862139.5;-3822.28833
404250.8438;5862139.5;-3820.998779
404311.125;5862139.5;-3819.768555
404371.4375;5862139.5;-3818.592041
404431.75;5862139.5;-3817.47876
404492.0313;5862139.5;-3816.446289
404552.3438;5862139.5;-3818.995361
404612.625;5862139.5;-3817.956055
404672.9375;5862139.5;-3817.400146
404733.25;5862139.5;-3816.97583
404793.5313;5862139.5;-3816.655518
404853.8438;5862139.5;-3816.573486
404914.1563;5862139.5;-3816.820801
404974.4375;5862139.5;-3817.365723
405034.75;5862139.5;-3818.178467
405095.0313;5862139.5;-3819.23584
405155.3438;5862139.5;-3820.562012
405215.6563;5862139.5;-3822.137451
405275.9375;5862139.5;-3824.008301
405336.25;5862139.5;-3826.300537
405396.5625;5862139.5;-3828.674072
405456.8438;5862139.5;-3831.14917
405517.1563;5862139.5;-3833.579346
405577.4375;5862139.5;-3836.177979
405637.75;5862139.5;-3839.064941
405698.0625;5862139.5;-3842.013184
405758.3438;5862139.5;-3845.121338
405818.6563;5862139.5;-3848.356445
405878.9688;5862139.5;-3851.469238
405939.25;5862139.5;-3854.192383
405999.5625;5862139.5;-3856.571777
406059.8438;5862139.5;-3858.433838
406120.1563;5862139.5;-3859.631592
406180.4688;5862139.5;-3860.279053
406240.75;5862139.5;-3860.707031
406301.0625;5862139.5;-3861.131592
406361.375;5862139.5;-3862.019775
406421.6563;5862139.5;-3864.267334
406481.9688;5862139.5;-3867.955566
406542.25;5862139.5;-3872.448975
406602.5625;5862139.5;-3876.409668
406662.875;5862139.5;-3879.312012
406723.1563;5862139.5;-3881.693115
406783.4688;5862139.5;-3883.771729
406843.7813;5862139.5;-3885.666016
406904.0625;5862139.5;-3887.495117
406964.375;5862139.5;-3889.174072
407024.6563;5862139.5;-3890.512939
407084.9688;5862139.5;-3891.686035
407145.2813;5862139.5;-3874.633301
407205.5625;5862139.5;-3895.969482
407265.875;5862139.5;-3895.957031
407326.1875;5862139.5;-3895.378174
407386.4688;5862139.5;-3894.485596
407446.7813;5862139.5;-3893.614014
407507.0625;5862139.5;-3892.868652
407567.375;5862139.5;-3892.329834
407627.6875;5862139.5;-3891.88208
407687.9688;5862139.5;-3891.477539
407748.2813;5862139.5;-3891.115967
407808.5938;5862139.5;-3890.794678
407868.875;5862139.5;-3890.506836
407929.1875;5862139.5;-3890.233887
407989.4688;5862139.5;-3889.978027
408049.7813;5862139.5;-3889.747314
408110.0938;5862139.5;-3889.528076
408170.375;5862139.5;-3889.323975
408230.6875;5862139.5;-3889.13916
408291;5862139.5;-3888.965088
408351.2813;5862139.5;-3888.795898
408411.5938;5862139.5;-3888.632324
408471.875;5862139.5;-3888.47583
408532.1875;5862139.5;-3888.325439
408592.5;5862139.5;-3888.176758
408652.7813;5862139.5;-3888.031738
408713.0938;5862139.5;-3887.891846
408773.4063;5862139.5;-3887.750977
408833.6875;5862139.5;-3887.612061
408894;5862139.5;-3887.47998
408954.2813;5862139.5;-3887.346191
409014.5938;5862139.5;-3887.213135
409074.9063;5862139.5;-3887.088623
409135.1875;5862139.5;-3886.963135
409195.5;5862139.5;-3886.838135
409255.8125;5862139.5;-3886.724121
409316.0938;5862139.5;-3886.611084
409376.4063;5862139.5;-3886.499268
401356.4063;5862200;-3841.357422
401416.6875;5862200;-3841.181641
401477;5862200;-3841.003174
401537.3125;5862200;-3840.819092
401597.5938;5862200;-3840.626953
401657.9063;5862200;-3840.425049
401718.2188;5862200;-3840.213135
401778.5;5862200;-3839.996338
401838.8125;5862200;-3839.769287
401899.0938;5862200;-3839.53418
401959.4063;5862200;-3839.299072
402019.7188;5862200;-3839.058838
402080;5862200;-3838.812256
402140.3125;5862200;-3838.568359
402200.625;5862200;-3838.325684
402260.9063;5862200;-3838.080811
402321.2188;5862200;-3837.843262
402381.5;5862200;-3837.612793
402441.8125;5862200;-3837.383789
402502.125;5862200;-3837.163818
402562.4063;5862200;-3836.955078
402622.7188;5862200;-3836.751953
402683.0313;5862200;-3836.557129
402743.3125;5862200;-3836.373047
402803.625;5862200;-3836.189697
402863.9063;5862200;-3836.006592
402924.2188;5862200;-3835.826172
402984.5313;5862200;-3835.638428
403044.8125;5862200;-3835.428467
403105.125;5862200;-3835.169434
403165.4375;5862200;-3834.894043
403225.7188;5862200;-3837.248047
403286.0313;5862200;-3836.977539
403346.3125;5862200;-3836.668945
403406.625;5862200;-3836.316895
403466.9375;5862200;-3835.839355
403527.2188;5862200;-3835.267578
403587.5313;5862200;-3834.60083
403647.8438;5862200;-3833.782715
403708.125;5862200;-3832.856445
403768.4375;5862200;-3831.830811
403828.7188;5862200;-3830.698486
403889.0313;5862200;-3827.053955
403949.3438;5862200;-3825.756836
404009.625;5862200;-3824.391602
404069.9375;5862200;-3822.998291
404130.25;5862200;-3821.590088
404190.5313;5862200;-3820.171387
404250.8438;5862200;-3818.786621
404311.125;5862200;-3817.475342
404371.4375;5862200;-3816.232422
404431.75;5862200;-3815.066162
404492.0313;5862200;-3813.994141
404552.3438;5862200;-3812.996094
404612.625;5862200;-3815.396729
404672.9375;5862200;-3814.848145
404733.25;5862200;-3814.429688
404793.5313;5862200;-3814.110596
404853.8438;5862200;-3813.992676
404914.1563;5862200;-3814.140625
404974.4375;5862200;-3814.516602
405034.75;5862200;-3815.097168
405095.0313;5862200;-3815.860596
405155.3438;5862200;-3816.808105
405215.6563;5862200;-3817.960205
405275.9375;5862200;-3819.22998
405336.25;5862200;-3821.491455
405396.5625;5862200;-3823.412842
405456.8438;5862200;-3825.467041
405517.1563;5862200;-3827.514648
405577.4375;5862200;-3829.79541
405637.75;5862200;-3832.485596
405698.0625;5862200;-3835.372314
405758.3438;5862200;-3838.539307
405818.6563;5862200;-3841.918701
405878.9688;5862200;-3845.176758
405939.25;5862200;-3847.9646
405999.5625;5862200;-3850.48999
406059.8438;5862200;-3852.503906
406120.1563;5862200;-3853.849854
406180.4688;5862200;-3854.604736
406240.75;5862200;-3855.122803
406301.0625;5862200;-3855.677246
406361.375;5862200;-3856.825928
406421.6563;5862200;-3859.162354
406481.9688;5862200;-3862.557129
406542.25;5862200;-3866.558105
406602.5625;5862200;-3870.305176
406662.875;5862200;-3873.431641
406723.1563;5862200;-3876.158691
406783.4688;5862200;-3878.62793
406843.7813;5862200;-3880.933594
406904.0625;5862200;-3883.186523
406964.375;5862200;-3885.213623
407024.6563;5862200;-3886.807373
407084.9688;5862200;-3888.249512
407145.2813;5862200;-3892.73291
407205.5625;5862200;-3893.536865
407265.875;5862200;-3893.489014
407326.1875;5862200;-3892.773438
407386.4688;5862200;-3891.726563
407446.7813;5862200;-3890.775879
407507.0625;5862200;-3890.026367
407567.375;5862200;-3889.547363
407627.6875;5862200;-3889.173828
407687.9688;5862200;-3888.841797
407748.2813;5862200;-3888.561279
407808.5938;5862200;-3888.309326
407868.875;5862200;-3888.080322
407929.1875;5862200;-3887.867188
407989.4688;5862200;-3887.670898
408049.7813;5862200;-3887.494629
408110.0938;5862200;-3887.328857
408170.375;5862200;-3887.175537
408230.6875;5862200;-3887.037109
408291;5862200;-3886.905762
408351.2813;5862200;-3886.777588
408411.5938;5862200;-3886.652832
408471.875;5862200;-3886.532715
408532.1875;5862200;-3886.416016
408592.5;5862200;-3886.299316
408652.7813;5862200;-3886.183838
408713.0938;5862200;-3886.070801
408773.4063;5862200;-3885.955322
408833.6875;5862200;-3885.839844
408894;5862200;-3885.72876
408954.2813;5862200;-3885.614746
409014.5938;5862200;-3885.5
409074.9063;5862200;-3885.391357
409135.1875;5862200;-3885.280762
409195.5;5862200;-3885.169678
409255.8125;5862200;-3885.067871
409316.0938;5862200;-3884.96582
409376.4063;5862200;-3884.864258
401356.4063;5862260.5;-3841.635742
401416.6875;5862260.5;-3841.43335
401477;5862260.5;-3841.22583
401537.3125;5862260.5;-3841.010254
401597.5938;5862260.5;-3840.783203
401657.9063;5862260.5;-3840.543213
401718.2188;5862260.5;-3840.290039
401778.5;5862260.5;-3840.029785
401838.8125;5862260.5;-3839.755859
401899.0938;5862260.5;-3839.471436
401959.4063;5862260.5;-3839.185303
402019.7188;5862260.5;-3838.892334
402080;5862260.5;-3838.589844
402140.3125;5862260.5;-3838.290283
402200.625;5862260.5;-3837.990967
402260.9063;5862260.5;-3837.688477
402321.2188;5862260.5;-3837.393311
402381.5;5862260.5;-3837.106934
402441.8125;5862260.5;-3836.823486
402502.125;5862260.5;-3836.550049
402562.4063;5862260.5;-3836.291992
402622.7188;5862260.5;-3836.042236
402683.0313;5862260.5;-3835.803467
402743.3125;5862260.5;-3835.577148
402803.625;5862260.5;-3835.354736
402863.9063;5862260.5;-3835.135254
402924.2188;5862260.5;-3834.919922
402984.5313;5862260.5;-3834.70166
403044.8125;5862260.5;-3834.466797
403105.125;5862260.5;-3834.182861
403165.4375;5862260.5;-3836.474365
403225.7188;5862260.5;-3836.306152
403286.0313;5862260.5;-3836.02002
403346.3125;5862260.5;-3835.69751
403406.625;5862260.5;-3835.331543
403466.9375;5862260.5;-3834.835693
403527.2188;5862260.5;-3834.240479
403587.5313;5862260.5;-3833.541504
403647.8438;5862260.5;-3832.676514
403708.125;5862260.5;-3831.690918
403768.4375;5862260.5;-3830.593506
403828.7188;5862260.5;-3829.370361
403889.0313;5862260.5;-3828.041504
403949.3438;5862260.5;-3824.26416
404009.625;5862260.5;-3822.78125
404069.9375;5862260.5;-3821.26709
404130.25;5862260.5;-3819.737793
404190.5313;5862260.5;-3818.199951
404250.8438;5862260.5;-3816.708984
404311.125;5862260.5;-3815.307373
404371.4375;5862260.5;-3813.989502
404431.75;5862260.5;-3812.764648
404492.0313;5862260.5;-3811.646729
404552.3438;5862260.5;-3810.611328
404612.625;5862260.5;-3809.659912
404672.9375;5862260.5;-3812.487061
404733.25;5862260.5;-3812.064453
404793.5313;5862260.5;-3811.730957
404853.8438;5862260.5;-3811.565918
404914.1563;5862260.5;-3811.610352
404974.4375;5862260.5;-3811.825684
405034.75;5862260.5;-3812.192139
405095.0313;5862260.5;-3812.686035
405155.3438;5862260.5;-3813.271973
405215.6563;5862260.5;-3814.014404
405275.9375;5862260.5;-3814.848877
405336.25;5862260.5;-3815.614258
405396.5625;5862260.5;-3818.15918
405456.8438;5862260.5;-3819.74292
405517.1563;5862260.5;-3821.346436
405577.4375;5862260.5;-3823.234863
405637.75;5862260.5;-3825.665527
405698.0625;5862260.5;-3828.53418
405758.3438;5862260.5;-3831.865967
405818.6563;5862260.5;-3835.52832
405878.9688;5862260.5;-3839.047119
405939.25;5862260.5;-3841.886475
405999.5625;5862260.5;-3844.645752
406059.8438;5862260.5;-3846.921143
406120.1563;5862260.5;-3848.542236
406180.4688;5862260.5;-3849.494141
406240.75;5862260.5;-3850.10791
406301.0625;5862260.5;-3850.698242
406361.375;5862260.5;-3851.985107
406421.6563;5862260.5;-3854.310303
406481.9688;5862260.5;-3857.339844
406542.25;5862260.5;-3860.806641
406602.5625;5862260.5;-3864.243408
406662.875;5862260.5;-3867.422119
406723.1563;5862260.5;-3870.383301
406783.4688;5862260.5;-3873.166504
406843.7813;5862260.5;-3875.802734
406904.0625;5862260.5;-3878.358398
406964.375;5862260.5;-3880.660645
407024.6563;5862260.5;-3882.511719
407084.9688;5862260.5;-3887.254395
407145.2813;5862260.5;-3889.425781
407205.5625;5862260.5;-3890.386475
407265.875;5862260.5;-3890.12915
407326.1875;5862260.5;-3889.254883
407386.4688;5862260.5;-3888.166016
407446.7813;5862260.5;-3887.287354
407507.0625;5862260.5;-3886.677246
407567.375;5862260.5;-3886.363037
407627.6875;5862260.5;-3886.144775
407687.9688;5862260.5;-3885.950195
407748.2813;5862260.5;-3885.796387
407808.5938;5862260.5;-3885.64624
407868.875;5862260.5;-3885.502441
407929.1875;5862260.5;-3885.369629
407989.4688;5862260.5;-3885.249268
408049.7813;5862260.5;-3885.143066
408110.0938;5862260.5;-3885.044189
408170.375;5862260.5;-3884.951904
408230.6875;5862260.5;-3884.868896
408291;5862260.5;-3884.788818
408351.2813;5862260.5;-3884.708252
408411.5938;5862260.5;-3884.629395
408471.875;5862260.5;-3884.552246
408532.1875;5862260.5;-3884.474121
408592.5;5862260.5;-3884.392578
408652.7813;5862260.5;-3884.311035
408713.0938;5862260.5;-3884.229248
408773.4063;5862260.5;-3884.142822
408833.6875;5862260.5;-3884.053955
408894;5862260.5;-3883.966797
408954.2813;5862260.5;-3883.875488
409014.5938;5862260.5;-3883.781494
409074.9063;5862260.5;-3883.69165
409135.1875;5862260.5;-3883.598633
409195.5;5862260.5;-3883.50293
409255.8125;5862260.5;-3883.415039
409316.0938;5862260.5;-3883.326172
409376.4063;5862260.5;-3883.237305
401356.4063;5862321;-3841.911377
401416.6875;5862321;-3841.68335
401477;5862321;-3841.446533
401537.3125;5862321;-3841.199463
401597.5938;5862321;-3840.937988
401657.9063;5862321;-3840.659912
401718.2188;5862321;-3840.365234
401778.5;5862321;-3840.061035
401838.8125;5862321;-3839.739502
401899.0938;5862321;-3839.405518
401959.4063;5862321;-3839.067627
402019.7188;5862321;-3838.720459
402080;5862321;-3838.361816
402140.3125;5862321;-3838.005127
402200.625;5862321;-3837.647949
402260.9063;5862321;-3837.287354
402321.2188;5862321;-3836.935303
402381.5;5862321;-3836.593506
402441.8125;5862321;-3836.256104
402502.125;5862321;-3835.931885
402562.4063;5862321;-3835.62793
402622.7188;5862321;-3835.337402
402683.0313;5862321;-3835.060791
402743.3125;5862321;-3834.798584
402803.625;5862321;-3834.545166
402863.9063;5862321;-3834.297363
402924.2188;5862321;-3834.056152
402984.5313;5862321;-3833.818359
403044.8125;5862321;-3833.570801
403105.125;5862321;-3835.779541
403165.4375;5862321;-3835.633545
403225.7188;5862321;-3835.465332
403286.0313;5862321;-3835.182129
403346.3125;5862321;-3834.864502
403406.625;5862321;-3834.504395
403466.9375;5862321;-3834.010742
403527.2188;5862321;-3833.411133
403587.5313;5862321;-3832.69873
403647.8438;5862321;-3831.803711
403708.125;5862321;-3830.772217
403768.4375;5862321;-3829.613037
403828.7188;5862321;-3828.304199
403889.0313;5862321;-3826.869873
403949.3438;5862321;-3825.302979
404009.625;5862321;-3821.421143
404069.9375;5862321;-3819.768799
404130.25;5862321;-3818.098389
404190.5313;5862321;-3816.421875
404250.8438;5862321;-3814.804443
404311.125;5862321;-3813.296387
404371.4375;5862321;-3811.890625
404431.75;5862321;-3810.596924
404492.0313;5862321;-3809.425537
404552.3438;5862321;-3808.345703
404612.625;5862321;-3807.353271
404672.9375;5862321;-3806.486816
404733.25;5862321;-3809.86377
404793.5313;5862321;-3809.504395
404853.8438;5862321;-3809.284668
404914.1563;5862321;-3809.229736
404974.4375;5862321;-3809.300049
405034.75;5862321;-3809.480469
405095.0313;5862321;-3809.739502
405155.3438;5862321;-3809.998535
405215.6563;5862321;-3810.362549
405275.9375;5862321;-3810.781982
405336.25;5862321;-3811.071045
405396.5625;5862321;-3811.425293
405456.8438;5862321;-3814.125488
405517.1563;5862321;-3815.200928
405577.4375;5862321;-3816.591309
405637.75;5862321;-3818.684326
405698.0625;5862321;-3821.626465
405758.3438;5862321;-3825.304443
405818.6563;5862321;-3829.444824
405878.9688;5862321;-3833.343262
405939.25;5862321;-3836.216064
405999.5625;5862321;-3839.289307
406059.8438;5862321;-3841.967041
406120.1563;5862321;-3844.080811
406180.4688;5862321;-3845.41626
406240.75;5862321;-3846.228027
406301.0625;5862321;-3846.854736
406361.375;5862321;-3848.037842
406421.6563;5862321;-3850.033203
406481.9688;5862321;-3852.523193
406542.25;5862321;-3855.384766
406602.5625;5862321;-3858.458008
406662.875;5862321;-3861.534912
406723.1563;5862321;-3864.552002
406783.4688;5862321;-3867.501221
406843.7813;5862321;-3870.312744
406904.0625;5862321;-3872.976563
406964.375;5862321;-3875.408691
407024.6563;5862321;-3879.841064
407084.9688;5862321;-3882.588867
407145.2813;5862321;-3885.281738
407205.5625;5862321;-3886.321777
407265.875;5862321;-3885.6604
407326.1875;5862321;-3884.595215
407386.4688;5862321;-3883.651611
407446.7813;5862321;-3883.108154
407507.0625;5862321;-3882.829346
407567.375;5862321;-3882.797852
407627.6875;5862321;-3882.818848
407687.9688;5862321;-3882.824707
407748.2813;5862321;-3882.840088
407808.5938;5862321;-3882.822021
407868.875;5862321;-3882.786865
407929.1875;5862321;-3882.75415
407989.4688;5862321;-3882.726318
408049.7813;5862321;-3882.704102
408110.0938;5862321;-3882.682861
408170.375;5862321;-3882.662109
408230.6875;5862321;-3882.643555
408291;5862321;-3882.621826
408351.2813;5862321;-3882.596191
408411.5938;5862321;-3882.568848
408471.875;5862321;-3882.538818
408532.1875;5862321;-3882.503662
408592.5;5862321;-3882.462646
408652.7813;5862321;-3882.417725
408713.0938;5862321;-3882.370605
408773.4063;5862321;-3882.31543
408833.6875;5862321;-3882.256104
408894;5862321;-3882.195557
408954.2813;5862321;-3882.12915
409014.5938;5862321;-3882.057861
409074.9063;5862321;-3881.988281
409135.1875;5862321;-3881.914063
409195.5;5862321;-3881.836426
409255.8125;5862321;-3881.763916
409316.0938;5862321;-3881.689697
409376.4063;5862321;-3881.614014
401356.4063;5862381.5;-3842.189941
401416.6875;5862381.5;-3841.935791
401477;5862381.5;-3841.671143
401537.3125;5862381.5;-3841.392578
401597.5938;5862381.5;-3841.09668
401657.9063;5862381.5;-3840.780518
401718.2188;5862381.5;-3840.444336
401778.5;5862381.5;-3840.095947
401838.8125;5862381.5;-3839.727051
401899.0938;5862381.5;-3839.342285
401959.4063;5862381.5;-3838.951904
402019.7188;5862381.5;-3838.549805
402080;5862381.5;-3838.133545
402140.3125;5862381.5;-3837.718506
402200.625;5862381.5;-3837.30249
402260.9063;5862381.5;-3836.882813
402321.2188;5862381.5;-3836.4729
402381.5;5862381.5;-3836.075684
402441.8125;5862381.5;-3835.684814
402502.125;5862381.5;-3835.311279
402562.4063;5862381.5;-3834.963867
402622.7188;5862381.5;-3834.636475
402683.0313;5862381.5;-3834.328857
402743.3125;5862381.5;-3834.038086
402803.625;5862381.5;-3833.761475
402863.9063;5862381.5;-3833.494629
402924.2188;5862381.5;-3833.238281
402984.5313;5862381.5;-3832.99292
403044.8125;5862381.5;-3832.745117
403105.125;5862381.5;-3835.027588
403165.4375;5862381.5;-3834.893066
403225.7188;5862381.5;-3834.742432
403286.0313;5862381.5;-3834.480225
403346.3125;5862381.5;-3834.186768
403406.625;5862381.5;-3833.851807
403466.9375;5862381.5;-3833.380615
403527.2188;5862381.5;-3832.796875
403587.5313;5862381.5;-3832.088867
403647.8438;5862381.5;-3831.179199
403708.125;5862381.5;-3830.115723
403768.4375;5862381.5;-3828.904297
403828.7188;5862381.5;-3827.514893
403889.0313;5862381.5;-3825.973877
403949.3438;5862381.5;-3824.269287
404009.625;5862381.5;-3822.41748
404069.9375;5862381.5;-3818.489502
404130.25;5862381.5;-3816.65332
404190.5313;5862381.5;-3814.812012
404250.8438;5862381.5;-3813.045166
404311.125;5862381.5;-3811.412109
404371.4375;5862381.5;-3809.906006
404431.75;5862381.5;-3808.534912
404492.0313;5862381.5;-3807.305664
404552.3438;5862381.5;-3806.17749
404612.625;5862381.5;-3805.141846
404672.9375;5862381.5;-3804.231201
404733.25;5862381.5;-3803.453125
404793.5313;5862381.5;-3807.36792
404853.8438;5862381.5;-3807.095703
404914.1563;5862381.5;-3806.953125
404974.4375;5862381.5;-3806.902344
405034.75;5862381.5;-3806.928223
405095.0313;5862381.5;-3806.993896
405155.3438;5862381.5;-3806.97583
405215.6563;5862381.5;-3807.010986
405275.9375;5862381.5;-3807.057617
405336.25;5862381.5;-3806.897461
405396.5625;5862381.5;-3806.754639
405456.8438;5862381.5;-3806.67334
405517.1563;5862381.5;-3809.392578
405577.4375;5862381.5;-3810.226318
405637.75;5862381.5;-3811.960693
405698.0625;5862381.5;-3815.166992
405758.3438;5862381.5;-3819.43335
405818.6563;5862381.5;-3824.227051
405878.9688;5862381.5;-3828.497314
405939.25;5862381.5;-3831.263672
405999.5625;5862381.5;-3834.561035
406059.8438;5862381.5;-3837.661621
406120.1563;5862381.5;-3840.447266
406180.4688;5862381.5;-3842.319824
406240.75;5862381.5;-3843.391113
406301.0625;5862381.5;-3844.082275
406361.375;5862381.5;-3844.9729
406421.6563;5862381.5;-3846.334473
406481.9688;5862381.5;-3848.083252
406542.25;5862381.5;-3850.238037
406602.5625;5862381.5;-3852.884277
406662.875;5862381.5;-3855.799316
406723.1563;5862381.5;-3858.808594
406783.4688;5862381.5;-3861.826416
406843.7813;5862381.5;-3864.724365
406904.0625;5862381.5;-3867.439209
406964.375;5862381.5;-3871.625
407024.6563;5862381.5;-3874.386475
407084.9688;5862381.5;-3877.131348
407145.2813;5862381.5;-3879.794922
407205.5625;5862381.5;-3880.844238
407265.875;5862381.5;-3880.240967
407326.1875;5862381.5;-3879.349609
407386.4688;5862381.5;-3878.790527
407446.7813;5862381.5;-3878.775391
407507.0625;5862381.5;-3878.919434
407567.375;5862381.5;-3879.184326
407627.6875;5862381.5;-3879.441162
407687.9688;5862381.5;-3879.646484
407748.2813;5862381.5;-3879.831543
407808.5938;5862381.5;-3879.94873
407868.875;5862381.5;-3880.027588
407929.1875;5862381.5;-3880.099854
407989.4688;5862381.5;-3880.169434
408049.7813;5862381.5;-3880.236328
408110.0938;5862381.5;-3880.297119
408170.375;5862381.5;-3880.351807
408230.6875;5862381.5;-3880.401123
408291;5862381.5;-3880.439941
408351.2813;5862381.5;-3880.470703
408411.5938;5862381.5;-3880.496582
408471.875;5862381.5;-3880.516113
408532.1875;5862381.5;-3880.525391
408592.5;5862381.5;-3880.525146
408652.7813;5862381.5;-3880.519043
408713.0938;5862381.5;-3880.507324
408773.4063;5862381.5;-3880.484619
408833.6875;5862381.5;-3880.454834
408894;5862381.5;-3880.421387
408954.2813;5862381.5;-3880.380127
409014.5938;5862381.5;-3880.332031
409074.9063;5862381.5;-3880.282959
409135.1875;5862381.5;-3880.227783
409195.5;5862381.5;-3880.167969
409255.8125;5862381.5;-3880.111572
409316.0938;5862381.5;-3880.051514
409376.4063;5862381.5;-3879.989502
401356.4063;5862442.5;-3842.475586
401416.6875;5862442.5;-3842.196289
401477;5862442.5;-3841.90332
401537.3125;5862442.5;-3841.59375
401597.5938;5862442.5;-3841.262451
401657.9063;5862442.5;-3840.907715
401718.2188;5862442.5;-3840.530762
401778.5;5862442.5;-3840.137207
401838.8125;5862442.5;-3839.719971
401899.0938;5862442.5;-3839.283203
401959.4063;5862442.5;-3838.839111
402019.7188;5862442.5;-3838.379883
402080;5862442.5;-3837.904297
402140.3125;5862442.5;-3837.428467
402200.625;5862442.5;-3836.951904
402260.9063;5862442.5;-3836.470459
402321.2188;5862442.5;-3836.001709
402381.5;5862442.5;-3835.549316
402441.8125;5862442.5;-3835.105713
402502.125;5862442.5;-3834.684814
402562.4063;5862442.5;-3834.300049
402622.7188;5862442.5;-3833.943115
402683.0313;5862442.5;-3833.609375
402743.3125;5862442.5;-3833.293701
402803.625;5862442.5;-3832.998291
402863.9063;5862442.5;-3832.718018
402924.2188;5862442.5;-3832.451416
402984.5313;5862442.5;-3832.204102
403044.8125;5862442.5;-3834.453613
403105.125;5862442.5;-3834.333252
403165.4375;5862442.5;-3834.21582
403225.7188;5862442.5;-3834.090332
403286.0313;5862442.5;-3833.862549
403346.3125;5862442.5;-3833.607422
403406.625;5862442.5;-3833.313232
403466.9375;5862442.5;-3832.881104
403527.2188;5862442.5;-3832.329834
403587.5313;5862442.5;-3831.641846
403647.8438;5862442.5;-3830.733643
403708.125;5862442.5;-3829.651611
403768.4375;5862442.5;-3828.398682
403828.7188;5862442.5;-3826.937012
403889.0313;5862442.5;-3825.29248
403949.3438;5862442.5;-3823.443604
404009.625;5862442.5;-3821.410889
404069.9375;5862442.5;-3819.301025
404130.25;5862442.5;-3815.369873
404190.5313;5862442.5;-3813.337158
404250.8438;5862442.5;-3811.398926
404311.125;5862442.5;-3809.625
404371.4375;5862442.5;-3808.008789
404431.75;5862442.5;-3806.557129
404492.0313;5862442.5;-3805.269531
404552.3438;5862442.5;-3804.093262
404612.625;5862442.5;-3803.01416
404672.9375;5862442.5;-3802.059814
404733.25;5862442.5;-3801.22583
404793.5313;5862442.5;-3800.495117
404853.8438;5862442.5;-3805.072754
404914.1563;5862442.5;-3804.856934
404974.4375;5862442.5;-3804.702637
405034.75;5862442.5;-3804.599121
405095.0313;5862442.5;-3804.505859
405155.3438;5862442.5;-3804.268555
405215.6563;5862442.5;-3804.037354
405275.9375;5862442.5;-3803.772705
405336.25;5862442.5;-3803.236084
405396.5625;5862442.5;-3802.663818
405456.8438;5862442.5;-3802.091064
405517.1563;5862442.5;-3801.781982
405577.4375;5862442.5;-3804.177979
405637.75;5862442.5;-3805.5271
405698.0625;5862442.5;-3809.335693
405758.3438;5862442.5;-3814.459961
405818.6563;5862442.5;-3820.044678
405878.9688;5862442.5;-3824.573975
405939.25;5862442.5;-3826.914551
405999.5625;5862442.5;-3830.158936
406059.8438;5862442.5;-3833.551758
406120.1563;5862442.5;-3837.052246
406180.4688;5862442.5;-3839.498291
406240.75;5862442.5;-3840.790283
406301.0625;5862442.5;-3841.504883
406361.375;5862442.5;-3842.072021
406421.6563;5862442.5;-3842.77832
406481.9688;5862442.5;-3843.748047
406542.25;5862442.5;-3845.157959
406602.5625;5862442.5;-3847.352295
406662.875;5862442.5;-3850.113281
406723.1563;5862442.5;-3853.13208
406783.4688;5862442.5;-3856.242188
406843.7813;5862442.5;-3859.229492
406904.0625;5862442.5;-3861.972656
406964.375;5862442.5;-3865.978027
407024.6563;5862442.5;-3868.671143
407084.9688;5862442.5;-3871.146729
407145.2813;5862442.5;-3873.333008
407205.5625;5862442.5;-3874.43335
407265.875;5862442.5;-3874.466797
407326.1875;5862442.5;-3874.206543
407386.4688;5862442.5;-3874.136475
407446.7813;5862442.5;-3874.52417
407507.0625;5862442.5;-3875.008057
407567.375;5862442.5;-3875.53418
407627.6875;5862442.5;-3876.011475
407687.9688;5862442.5;-3876.410156
407748.2813;5862442.5;-3876.76001
407808.5938;5862442.5;-3877.014893
407868.875;5862442.5;-3877.214844
407929.1875;5862442.5;-3877.397461
407989.4688;5862442.5;-3877.569336
408049.7813;5862442.5;-3877.730469
408110.0938;5862442.5;-3877.877197
408170.375;5862442.5;-3878.010986
408230.6875;5862442.5;-3878.130859
408291;5862442.5;-3878.233643
408351.2813;5862442.5;-3878.324219
408411.5938;5862442.5;-3878.40625
408471.875;5862442.5;-3878.477295
408532.1875;5862442.5;-3878.533203
408592.5;5862442.5;-3878.576172
408652.7813;5862442.5;-3878.610107
408713.0938;5862442.5;-3878.63501
408773.4063;5862442.5;-3878.646729
408833.6875;5862442.5;-3878.647949
408894;5862442.5;-3878.643311
408954.2813;5862442.5;-3878.628662
409014.5938;5862442.5;-3878.60498
409074.9063;5862442.5;-3878.577881
409135.1875;5862442.5;-3878.542969
409195.5;5862442.5;-3878.501465
409255.8125;5862442.5;-3878.46167
409316.0938;5862442.5;-3878.417236
409376.4063;5862442.5;-3878.370117
401356.4063;5862503;-3842.771973
401416.6875;5862503;-3842.467285
401477;5862503;-3842.14624
401537.3125;5862503;-3841.805908
401597.5938;5862503;-3841.439453
401657.9063;5862503;-3841.046631
401718.2188;5862503;-3840.627197
401778.5;5862503;-3840.188721
401838.8125;5862503;-3839.721924
401899.0938;5862503;-3839.232666
401959.4063;5862503;-3838.732666
402019.7188;5862503;-3838.2146
402080;5862503;-3837.67749
402140.3125;5862503;-3837.138916
402200.625;5862503;-3836.598389
402260.9063;5862503;-3836.052979
402321.2188;5862503;-3835.523926
402381.5;5862503;-3835.015625
402441.8125;5862503;-3834.52002
402502.125;5862503;-3834.054688
402562.4063;5862503;-3833.637207
402622.7188;5862503;-3833.25708
402683.0313;5862503;-3832.903809
402743.3125;5862503;-3832.56665
402803.625;5862503;-3832.25708
402863.9063;5862503;-3831.967773
402924.2188;5862503;-3831.697266
402984.5313;5862503;-3833.783691
403044.8125;5862503;-3833.802979
403105.125;5862503;-3833.697754
403165.4375;5862503;-3833.603027
403225.7188;5862503;-3833.508545
403286.0313;5862503;-3833.328613
403346.3125;5862503;-3833.126953
403406.625;5862503;-3832.888428
403466.9375;5862503;-3832.513428
403527.2188;5862503;-3832.012695
403587.5313;5862503;-3831.363037
403647.8438;5862503;-3830.474854
403708.125;5862503;-3829.391602
403768.4375;5862503;-3828.110107
403828.7188;5862503;-3826.587158
403889.0313;5862503;-3824.843018
403949.3438;5862503;-3822.842529
404009.625;5862503;-3820.609863
404069.9375;5862503;-3818.277832
404130.25;5862503;-3815.905029
404190.5313;5862503;-3811.992188
404250.8438;5862503;-3809.856201
404311.125;5862503;-3807.92334
404371.4375;5862503;-3806.187988
404431.75;5862503;-3804.653809
404492.0313;5862503;-3803.311279
404552.3438;5862503;-3802.092529
404612.625;5862503;-3800.974121
404672.9375;5862503;-3799.979492
404733.25;5862503;-3799.093262
404793.5313;5862503;-3798.294434
404853.8438;5862503;-3803.229736
404914.1563;5862503;-3802.959229
404974.4375;5862503;-3802.723633
405034.75;5862503;-3802.520264
405095.0313;5862503;-3802.307861
405155.3438;5862503;-3801.914307
405215.6563;5862503;-3801.490234
405275.9375;5862503;-3800.994141
405336.25;5862503;-3800.181885
405396.5625;5862503;-3799.278564
405456.8438;5862503;-3798.307129
405517.1563;5862503;-3797.550049
405577.4375;5862503;-3797.022705
405637.75;5862503;-3799.852783
405698.0625;5862503;-3804.62793
405758.3438;5862503;-3810.863037
405818.6563;5862503;-3817.265137
405878.9688;5862503;-3821.773193
405939.25;5862503;-3824.449463
405999.5625;5862503;-3825.874756
406059.8438;5862503;-3829.170654
406120.1563;5862503;-3833.119141
406180.4688;5862503;-3836.131104
406240.75;5862503;-3837.854248
406301.0625;5862503;-3838.734131
406361.375;5862503;-3839.073486
406421.6563;5862503;-3839.198975
406481.9688;5862503;-3839.409424
406542.25;5862503;-3840.064697
406602.5625;5862503;-3841.768555
406662.875;5862503;-3844.427246
406723.1563;5862503;-3847.556885
406783.4688;5862503;-3850.812012
406843.7813;5862503;-3853.885986
406904.0625;5862503;-3857.392822
406964.375;5862503;-3860.195557
407024.6563;5862503;-3862.844727
407084.9688;5862503;-3865.185791
407145.2813;5862503;-3867.112549
407205.5625;5862503;-3868.366211
407265.875;5862503;-3869.01123
407326.1875;5862503;-3869.425781
407386.4688;5862503;-3869.814697
407446.7813;5862503;-3870.436768
407507.0625;5862503;-3871.153564
407567.375;5862503;-3871.893799
407627.6875;5862503;-3872.564941
407687.9688;5862503;-3873.144043
407748.2813;5862503;-3873.646973
407808.5938;5862503;-3874.03833
407868.875;5862503;-3874.363037
407929.1875;5862503;-3874.658936
407989.4688;5862503;-3874.935791
408049.7813;5862503;-3875.194824
408110.0938;5862503;-3875.431152
408170.375;5862503;-3875.645752
408230.6875;5862503;-3875.839355
408291;5862503;-3876.008545
408351.2813;5862503;-3876.1604
408411.5938;5862503;-3876.300537
408471.875;5862503;-3876.425537
408532.1875;5862503;-3876.529541
408592.5;5862503;-3876.617432
408652.7813;5862503;-3876.693115
408713.0938;5862503;-3876.756836
408773.4063;5862503;-3876.804199
408833.6875;5862503;-3876.837402
408894;5862503;-3876.862793
408954.2813;5862503;-3876.876221
409014.5938;5862503;-3876.87793
409074.9063;5862503;-3876.873291
409135.1875;5862503;-3876.859863
409195.5;5862503;-3876.838867
409255.8125;5862503;-3876.816406
409316.0938;5862503;-3876.788574
409376.4063;5862503;-3876.75708
401356.4063;5862563.5;-3843.085693
401416.6875;5862563.5;-3842.755859
401477;5862563.5;-3842.406982
401537.3125;5862563.5;-3842.036377
401597.5938;5862563.5;-3841.636475
401657.9063;5862563.5;-3841.205566
401718.2188;5862563.5;-3840.745117
401778.5;5862563.5;-3840.26123
401838.8125;5862563.5;-3839.744141
401899.0938;5862563.5;-3839.201416
401959.4063;5862563.5;-3838.645752
402019.7188;5862563.5;-3838.067383
402080;5862563.5;-3837.46582
402140.3125;5862563.5;-3836.862061
402200.625;5862563.5;-3836.255859
402260.9063;5862563.5;-3835.643066
402321.2188;5862563.5;-3835.05127
402381.5;5862563.5;-3834.486572
402441.8125;5862563.5;-3833.937988
402502.125;5862563.5;-3833.427979
402562.4063;5862563.5;-3832.980225
402622.7188;5862563.5;-3832.58252
402683.0313;5862563.5;-3832.216553
402743.3125;5862563.5;-3831.865723
402803.625;5862563.5;-3831.551025
402863.9063;5862563.5;-3831.261719
402924.2188;5862563.5;-3830.996338
402984.5313;5862563.5;-3833.211426
403044.8125;5862563.5;-3833.227539
403105.125;5862563.5;-3833.148438
403165.4375;5862563.5;-3833.088379
403225.7188;5862563.5;-3833.039307
403286.0313;5862563.5;-3832.924561
403346.3125;5862563.5;-3832.796387
403406.625;5862563.5;-3832.637451
403466.9375;5862563.5;-3832.345215
403527.2188;5862563.5;-3831.924316
403587.5313;5862563.5;-3831.343018
403647.8438;5862563.5;-3830.504639
403708.125;5862563.5;-3829.44873
403768.4375;5862563.5;-3828.162354
403828.7188;5862563.5;-3826.594482
403889.0313;5862563.5;-3824.753174
403949.3438;5862563.5;-3822.58252
404009.625;5862563.5;-3820.111816
404069.9375;5862563.5;-3817.51001
404130.25;5862563.5;-3814.850586
404190.5313;5862563.5;-3812.16333
404250.8438;5862563.5;-3808.412109
404311.125;5862563.5;-3806.291992
404371.4375;5862563.5;-3804.427002
404431.75;5862563.5;-3802.814209
404492.0313;5862563.5;-3801.430176
404552.3438;5862563.5;-3800.185303
404612.625;5862563.5;-3799.046143
404672.9375;5862563.5;-3798.028076
404733.25;5862563.5;-3797.104004
404793.5313;5862563.5;-3796.251221
404853.8438;5862563.5;-3795.458008
404914.1563;5862563.5;-3801.260498
404974.4375;5862563.5;-3800.980713
405034.75;5862563.5;-3800.728271
405095.0313;5862563.5;-3800.459229
405155.3438;5862563.5;-3799.990723
405215.6563;5862563.5;-3799.480469
405275.9375;5862563.5;-3798.885498
405336.25;5862563.5;-3797.952148
405396.5625;5862563.5;-3796.9021
405456.8438;5862563.5;-3795.751221
405517.1563;5862563.5;-3794.74585
405577.4375;5862563.5;-3794.152832
405637.75;5862563.5;-3795.872803
405698.0625;5862563.5;-3802.599365
405758.3438;5862563.5;-3809.544922
405818.6563;5862563.5;-3816.460205
405878.9688;5862563.5;-3820.309814
405939.25;5862563.5;-3821.459229
405999.5625;5862563.5;-3821.339111
406059.8438;5862563.5;-3824.157959
406120.1563;5862563.5;-3828.443848
406180.4688;5862563.5;-3832.083008
406240.75;5862563.5;-3834.467529
406301.0625;5862563.5;-3835.691406
406361.375;5862563.5;-3835.967285
406421.6563;5862563.5;-3835.663818
406481.9688;5862563.5;-3835.197754
406542.25;5862563.5;-3835.049316
406602.5625;5862563.5;-3836.052002
406662.875;5862563.5;-3838.612549
406723.1563;5862563.5;-3842.08667
406783.4688;5862563.5;-3845.622559
406843.7813;5862563.5;-3848.807129
406904.0625;5862563.5;-3851.817627
406964.375;5862563.5;-3854.573975
407024.6563;5862563.5;-3857.178467
407084.9688;5862563.5;-3859.480713
407145.2813;5862563.5;-3861.43457
407205.5625;5862563.5;-3862.948486
407265.875;5862563.5;-3864.052979
407326.1875;5862563.5;-3864.973145
407386.4688;5862563.5;-3865.743896
407446.7813;5862563.5;-3866.600098
407507.0625;5862563.5;-3867.523438
407567.375;5862563.5;-3868.420166
407627.6875;5862563.5;-3869.23291
407687.9688;5862563.5;-3869.953125
407748.2813;5862563.5;-3870.58252
407808.5938;5862563.5;-3871.094482
407868.875;5862563.5;-3871.535889
407929.1875;5862563.5;-3871.939209
407989.4688;5862563.5;-3872.317383
408049.7813;5862563.5;-3872.671143
408110.0938;5862563.5;-3872.994385
408170.375;5862563.5;-3873.289063
408230.6875;5862563.5;-3873.55542
408291;5862563.5;-3873.790039
408351.2813;5862563.5;-3874.002686
408411.5938;5862563.5;-3874.200684
408471.875;5862563.5;-3874.378906
408532.1875;5862563.5;-3874.53125
408592.5;5862563.5;-3874.663818
408652.7813;5862563.5;-3874.781494
408713.0938;5862563.5;-3874.883057
408773.4063;5862563.5;-3874.965576
408833.6875;5862563.5;-3875.032227
408894;5862563.5;-3875.08667
408954.2813;5862563.5;-3875.128174
409014.5938;5862563.5;-3875.155029
409074.9063;5862563.5;-3875.17334
409135.1875;5862563.5;-3875.181641
409195.5;5862563.5;-3875.180176
409255.8125;5862563.5;-3875.175293
409316.0938;5862563.5;-3875.163818
409376.4063;5862563.5;-3875.147705
401356.4063;5862624;-3843.425537
401416.6875;5862624;-3843.072021
401477;5862624;-3842.696289
401537.3125;5862624;-3842.295898
401597.5938;5862624;-3841.862061
401657.9063;5862624;-3841.394043
401718.2188;5862624;-3840.891846
401778.5;5862624;-3840.362061
401838.8125;5862624;-3839.794189
401899.0938;5862624;-3839.196533
401959.4063;5862624;-3838.581055
402019.7188;5862624;-3837.938232
402080;5862624;-3837.267578
402140.3125;5862624;-3836.593506
402200.625;5862624;-3835.915039
402260.9063;5862624;-3835.229492
402321.2188;5862624;-3834.571045
402381.5;5862624;-3833.947021
402441.8125;5862624;-3833.344971
402502.125;5862624;-3832.794922
402562.4063;5862624;-3832.327637
402622.7188;5862624;-3831.925293
402683.0313;5862624;-3831.556885
402743.3125;5862624;-3831.192871
402803.625;5862624;-3830.872803
402863.9063;5862624;-3830.586914
402924.2188;5862624;-3832.662598
402984.5313;5862624;-3832.660645
403044.8125;5862624;-3832.687012
403105.125;5862624;-3832.643311
403165.4375;5862624;-3832.628906
403225.7188;5862624;-3832.638916
403286.0313;5862624;-3832.607422
403346.3125;5862624;-3832.575684
403406.625;5862624;-3832.523682
403466.9375;5862624;-3832.349121
403527.2188;5862624;-3832.049316
403587.5313;5862624;-3831.58252
403647.8438;5862624;-3830.843018
403708.125;5862624;-3829.861328
403768.4375;5862624;-3828.611084
403828.7188;5862624;-3827.0271
403889.0313;5862624;-3825.097412
403949.3438;5862624;-3822.733887
404009.625;5862624;-3819.973389
404069.9375;5862624;-3817.033936
404130.25;5862624;-3814.011475
404190.5313;5862624;-3810.956299
404250.8438;5862624;-3808.097168
404311.125;5862624;-3804.689453
404371.4375;5862624;-3802.685303
404431.75;5862624;-3801.010254
404492.0313;5862624;-3799.616699
404552.3438;5862624;-3798.382813
404612.625;5862624;-3797.259277
404672.9375;5862624;-3796.250732
404733.25;5862624;-3795.3125
404793.5313;5862624;-3794.425293
404853.8438;5862624;-3793.581055
404914.1563;5862624;-3792.816162
404974.4375;5862624;-3799.540283
405034.75;5862624;-3799.292969
405095.0313;5862624;-3799.042236
405155.3438;5862624;-3798.610107
405215.6563;5862624;-3798.17334
405275.9375;5862624;-3797.692627
405336.25;5862624;-3796.920898
405396.5625;5862624;-3796.116211
405456.8438;5862624;-3795.349609
405517.1563;5862624;-3794.941162
405577.4375;5862624;-3795.175781
405637.75;5862624;-3797.525635
405698.0625;5862624;-3802.896729
405758.3438;5862624;-3809.361328
405818.6563;5862624;-3816.110352
405878.9688;5862624;-3818.777588
405939.25;5862624;-3817.955811
405999.5625;5862624;-3815.949951
406059.8438;5862624;-3818.46582
406120.1563;5862624;-3823.813477
406180.4688;5862624;-3828.347168
406240.75;5862624;-3831.326172
406301.0625;5862624;-3832.823975
406361.375;5862624;-3833.110107
406421.6563;5862624;-3832.564941
406481.9688;5862624;-3831.55249
406542.25;5862624;-3830.495117
406602.5625;5862624;-3830.475098
406662.875;5862624;-3832.767822
406723.1563;5862624;-3836.710449
406783.4688;5862624;-3840.006836
406843.7813;5862624;-3843.545898
406904.0625;5862624;-3846.577393
406964.375;5862624;-3849.322266
407024.6563;5862624;-3851.915039
407084.9688;5862624;-3854.236084
407145.2813;5862624;-3856.279297
407205.5625;5862624;-3858.041504
407265.875;5862624;-3859.496094
407326.1875;5862624;-3860.766113
407386.4688;5862624;-3861.849854
407446.7813;5862624;-3862.940918
407507.0625;5862624;-3864.042969
407567.375;5862624;-3865.064697
407627.6875;5862624;-3865.992188
407687.9688;5862624;-3866.830078
407748.2813;5862624;-3867.570068
407808.5938;5862624;-3868.192383
407868.875;5862624;-3868.742676
407929.1875;5862624;-3869.247559
407989.4688;5862624;-3869.722168
408049.7813;5862624;-3870.166748
408110.0938;5862624;-3870.57373
408170.375;5862624;-3870.945068
408230.6875;5862624;-3871.282227
408291;5862624;-3871.580811
408351.2813;5862624;-3871.853516
408411.5938;5862624;-3872.10791
408471.875;5862624;-3872.339355
408532.1875;5862624;-3872.538818
408592.5;5862624;-3872.716064
408652.7813;5862624;-3872.874756
408713.0938;5862624;-3873.015381
408773.4063;5862624;-3873.133057
408833.6875;5862624;-3873.232178
408894;5862624;-3873.31665
408954.2813;5862624;-3873.385986
409014.5938;5862624;-3873.438477
409074.9063;5862624;-3873.480469
409135.1875;5862624;-3873.51001
409195.5;5862624;-3873.52832
409255.8125;5862624;-3873.54126
409316.0938;5862624;-3873.546631
409376.4063;5862624;-3873.54541
401356.4063;5862685;-3843.791504
401416.6875;5862685;-3843.414063
401477;5862685;-3843.012451
401537.3125;5862685;-3842.58252
401597.5938;5862685;-3842.114258
401657.9063;5862685;-3841.608398
401718.2188;5862685;-3841.06543
401778.5;5862685;-3840.488037
401838.8125;5862685;-3839.867432
401899.0938;5862685;-3839.211914
401959.4063;5862685;-3838.533203
402019.7188;5862685;-3837.821533
402080;5862685;-3837.076416
402140.3125;5862685;-3836.325439
402200.625;5862685;-3835.568359
402260.9063;5862685;-3834.803223
402321.2188;5862685;-3834.073975
402381.5;5862685;-3833.389893
402441.8125;5862685;-3832.733643
402502.125;5862685;-3832.148926
402562.4063;5862685;-3831.67627
402622.7188;5862685;-3831.285889
402683.0313;5862685;-3830.923828
402743.3125;5862685;-3830.539307
402803.625;5862685;-3830.20752
402863.9063;5862685;-3829.919678
402924.2188;5862685;-3832.075928
402984.5313;5862685;-3832.085205
403044.8125;5862685;-3832.13208
403105.125;5862685;-3832.127441
403165.4375;5862685;-3832.162598
403225.7188;5862685;-3832.23999
403286.0313;5862685;-3832.301758
403346.3125;5862685;-3832.384033
403406.625;5862685;-3832.463379
403466.9375;5862685;-3832.436768
403527.2188;5862685;-3832.297852
403587.5313;5862685;-3831.990967
403647.8438;5862685;-3831.39917
403708.125;5862685;-3830.540283
403768.4375;5862685;-3829.368652
403828.7188;5862685;-3827.801025
403889.0313;5862685;-3825.797119
403949.3438;5862685;-3823.221191
404009.625;5862685;-3820.122314
404069.9375;5862685;-3816.781982
404130.25;5862685;-3813.323242
404190.5313;5862685;-3809.827637
404250.8438;5862685;-3806.600586
404311.125;5862685;-3803.840576
404371.4375;5862685;-3800.920166
404431.75;5862685;-3799.208008
404492.0313;5862685;-3797.84375
404552.3438;5862685;-3796.664795
404612.625;5862685;-3795.5979
404672.9375;5862685;-3794.62915
404733.25;5862685;-3793.69751
404793.5313;5862685;-3792.786621
404853.8438;5862685;-3791.898438
404914.1563;5862685;-3791.087158
404974.4375;5862685;-3790.431396
405034.75;5862685;-3798.104736
405095.0313;5862685;-3797.912109
405155.3438;5862685;-3797.584229
405215.6563;5862685;-3797.317871
405275.9375;5862685;-3797.074707
405336.25;5862685;-3796.605225
405396.5625;5862685;-3796.221191
405456.8438;5862685;-3796.030762
405517.1563;5862685;-3796.274658
405577.4375;5862685;-3797.248291
405637.75;5862685;-3799.810059
405698.0625;5862685;-3804.044678
405758.3438;5862685;-3808.706543
405818.6563;5862685;-3814.4646
405878.9688;5862685;-3816.617188
405939.25;5862685;-3815.087402
405999.5625;5862685;-3811.687988
406059.8438;5862685;-3813.798584
406120.1563;5862685;-3820.415771
406180.4688;5862685;-3825.796387
406240.75;5862685;-3829
406301.0625;5862685;-3830.452881
406361.375;5862685;-3830.617188
406421.6563;5862685;-3829.921143
406481.9688;5862685;-3828.582275
406542.25;5862685;-3826.973877
406602.5625;5862685;-3826.357178
406662.875;5862685;-3828.236328
406723.1563;5862685;-3832.040283
406783.4688;5862685;-3835.007324
406843.7813;5862685;-3838.644043
406904.0625;5862685;-3841.718018
406964.375;5862685;-3844.464111
407024.6563;5862685;-3847.048584
407084.9688;5862685;-3849.404297
407145.2813;5862685;-3851.547852
407205.5625;5862685;-3853.511475
407265.875;5862685;-3855.231445
407326.1875;5862685;-3856.758545
407386.4688;5862685;-3858.090576
407446.7813;5862685;-3859.378662
407507.0625;5862685;-3860.625977
407567.375;5862685;-3861.759277
407627.6875;5862685;-3862.797607
407687.9688;5862685;-3863.747803
407748.2813;5862685;-3864.593506
407808.5938;5862685;-3865.321777
407868.875;5862685;-3865.976074
407929.1875;5862685;-3866.578369
407989.4688;5862685;-3867.145264
408049.7813;5862685;-3867.677246
408110.0938;5862685;-3868.164795
408170.375;5862685;-3868.61084
408230.6875;5862685;-3869.01709
408291;5862685;-3869.378174
408351.2813;5862685;-3869.709229
408411.5938;5862685;-3870.019775
408471.875;5862685;-3870.303223
408532.1875;5862685;-3870.550049
408592.5;5862685;-3870.77124
408652.7813;5862685;-3870.971924
408713.0938;5862685;-3871.150635
408773.4063;5862685;-3871.303955
408833.6875;5862685;-3871.436035
408894;5862685;-3871.550781
408954.2813;5862685;-3871.648438
409014.5938;5862685;-3871.727295
409074.9063;5862685;-3871.79248
409135.1875;5862685;-3871.843994
409195.5;5862685;-3871.883057
409255.8125;5862685;-3871.913818
409316.0938;5862685;-3871.936279
409376.4063;5862685;-3871.950928
401356.4063;5862745.5;-3844.181396
401416.6875;5862745.5;-3843.78125
401477;5862745.5;-3843.35376
401537.3125;5862745.5;-3842.895752
401597.5938;5862745.5;-3842.395508
401657.9063;5862745.5;-3841.853271
401718.2188;5862745.5;-3841.269531
401778.5;5862745.5;-3840.645752
401838.8125;5862745.5;-3839.972412
401899.0938;5862745.5;-3839.258789
401959.4063;5862745.5;-3838.516357
402019.7188;5862745.5;-3837.734131
402080;5862745.5;-3836.911865
402140.3125;5862745.5;-3836.080811
402200.625;5862745.5;-3835.241455
402260.9063;5862745.5;-3834.39209
402321.2188;5862745.5;-3833.587646
402381.5;5862745.5;-3832.839844
402441.8125;5862745.5;-3832.126221
402502.125;5862745.5;-3831.505859
402562.4063;5862745.5;-3831.029053
402622.7188;5862745.5;-3830.653809
402683.0313;5862745.5;-3830.303467
402743.3125;5862745.5;-3829.904053
402803.625;5862745.5;-3829.564453
402863.9063;5862745.5;-3831.549072
402924.2188;5862745.5;-3831.514404
402984.5313;5862745.5;-3831.532227
403044.8125;5862745.5;-3831.593994
403105.125;5862745.5;-3831.622803
403165.4375;5862745.5;-3831.704102
403225.7188;5862745.5;-3831.848145
403286.0313;5862745.5;-3832.01123
403346.3125;5862745.5;-3832.222168
403406.625;5862745.5;-3832.455322
403466.9375;5862745.5;-3832.610107
403527.2188;5862745.5;-3832.675781
403587.5313;5862745.5;-3832.579102
403647.8438;5862745.5;-3832.188965
403708.125;5862745.5;-3831.506592
403768.4375;5862745.5;-3830.460693
403828.7188;5862745.5;-3828.944824
403889.0313;5862745.5;-3826.880127
403949.3438;5862745.5;-3824.068604
404009.625;5862745.5;-3820.573486
404069.9375;5862745.5;-3816.754639
404130.25;5862745.5;-3812.773193
404190.5313;5862745.5;-3808.749756
404250.8438;5862745.5;-3805.091797
404311.125;5862745.5;-3802.04834
404371.4375;5862745.5;-3799.680908
404431.75;5862745.5;-3797.940186
404492.0313;5862745.5;-3796.106201
404552.3438;5862745.5;-3795.033203
404612.625;5862745.5;-3794.070557
404672.9375;5862745.5;-3793.178955
404733.25;5862745.5;-3792.273682
404793.5313;5862745.5;-3791.347656
404853.8438;5862745.5;-3790.415771
404914.1563;5862745.5;-3789.556396
404974.4375;5862745.5;-3788.88501
405034.75;5862745.5;-3788.301025
405095.0313;5862745.5;-3797.018311
405155.3438;5862745.5;-3796.831787
405215.6563;5862745.5;-3796.789795
405275.9375;5862745.5;-3796.845947
405336.25;5862745.5;-3796.741943
405396.5625;5862745.5;-3796.822021
405456.8438;5862745.5;-3797.203369
405517.1563;5862745.5;-3798.006348
405577.4375;5862745.5;-3799.452393
405637.75;5862745.5;-3802.000488
405698.0625;5862745.5;-3805.418213
405758.3438;5862745.5;-3809.366943
405818.6563;5862745.5;-3812.987305
405878.9688;5862745.5;-3815.92749
405939.25;5862745.5;-3815.427002
405999.5625;5862745.5;-3811.929688
406059.8438;5862745.5;-3813.25293
406120.1563;5862745.5;-3819.451904
406180.4688;5862745.5;-3824.602539
406240.75;5862745.5;-3827.472656
406301.0625;5862745.5;-3828.561035
406361.375;5862745.5;-3828.400146
406421.6563;5862745.5;-3827.507813
406481.9688;5862745.5;-3826.094727
406542.25;5862745.5;-3824.549072
406602.5625;5862745.5;-3824.044922
406662.875;5862745.5;-3825.510986
406723.1563;5862745.5;-3826.944336
406783.4688;5862745.5;-3830.684082
406843.7813;5862745.5;-3834.187012
406904.0625;5862745.5;-3837.21582
406964.375;5862745.5;-3839.928711
407024.6563;5862745.5;-3842.490723
407084.9688;5862745.5;-3844.871826
407145.2813;5862745.5;-3847.098877
407205.5625;5862745.5;-3849.225098
407265.875;5862745.5;-3851.150146
407326.1875;5862745.5;-3852.880615
407386.4688;5862745.5;-3854.425537
407446.7813;5862745.5;-3855.888428
407507.0625;5862745.5;-3857.272461
407567.375;5862745.5;-3858.517578
407627.6875;5862745.5;-3859.662598
407687.9688;5862745.5;-3860.721436
407748.2813;5862745.5;-3861.668945
407808.5938;5862745.5;-3862.499512
407868.875;5862745.5;-3863.254639
407929.1875;5862745.5;-3863.949707
407989.4688;5862745.5;-3864.605225
408049.7813;5862745.5;-3865.220215
408110.0938;5862745.5;-3865.78418
408170.375;5862745.5;-3866.30127
408230.6875;5862745.5;-3866.773438
408291;5862745.5;-3867.195801
408351.2813;5862745.5;-3867.583252
408411.5938;5862745.5;-3867.947998
408471.875;5862745.5;-3868.281982
408532.1875;5862745.5;-3868.575195
408592.5;5862745.5;-3868.840088
408652.7813;5862745.5;-3869.080566
408713.0938;5862745.5;-3869.296875
408773.4063;5862745.5;-3869.485352
408833.6875;5862745.5;-3869.649902
408894;5862745.5;-3869.794434
408954.2813;5862745.5;-3869.920166
409014.5938;5862745.5;-3870.024658
409074.9063;5862745.5;-3870.113037
409135.1875;5862745.5;-3870.186523
409195.5;5862745.5;-3870.245361
409255.8125;5862745.5;-3870.293945
409316.0938;5862745.5;-3870.333008
409376.4063;5862745.5;-3870.36377
401356.4063;5862806;-3844.605469
401416.6875;5862806;-3844.182373
401477;5862806;-3843.72998
401537.3125;5862806;-3843.244629
401597.5938;5862806;-3842.712646
401657.9063;5862806;-3842.134766
401718.2188;5862806;-3841.511475
401778.5;5862806;-3840.84082
401838.8125;5862806;-3840.113037
401899.0938;5862806;-3839.340332
401959.4063;5862806;-3838.530273
402019.7188;5862806;-3837.672852
402080;5862806;-3836.766602
402140.3125;5862806;-3835.8479
402200.625;5862806;-3834.917725
402260.9063;5862806;-3833.975098
402321.2188;5862806;-3833.085938
402381.5;5862806;-3832.263672
402441.8125;5862806;-3831.484131
402502.125;5862806;-3830.814209
402562.4063;5862806;-3830.313721
402622.7188;5862806;-3829.937256
402683.0313;5862806;-3829.597168
402743.3125;5862806;-3829.205811
402803.625;5862806;-3830.960693
402863.9063;5862806;-3830.96167
402924.2188;5862806;-3830.93335
402984.5313;5862806;-3830.953369
403044.8125;5862806;-3831.019287
403105.125;5862806;-3831.066406
403165.4375;5862806;-3831.180908
403225.7188;5862806;-3831.384277
403286.0313;5862806;-3831.653809
403346.3125;5862806;-3832.011719
403406.625;5862806;-3832.43042
403466.9375;5862806;-3832.813477
403527.2188;5862806;-3833.147705
403587.5313;5862806;-3833.333496
403647.8438;5862806;-3833.222168
403708.125;5862806;-3832.793945
403768.4375;5862806;-3831.942871
403828.7188;5862806;-3830.530518
403889.0313;5862806;-3828.427246
403949.3438;5862806;-3825.35376
404009.625;5862806;-3821.383545
404069.9375;5862806;-3816.981934
404130.25;5862806;-3812.357666
404190.5313;5862806;-3807.691406
404250.8438;5862806;-3803.525879
404311.125;5862806;-3800.172852
404371.4375;5862806;-3797.697754
404431.75;5862806;-3796.023926
404492.0313;5862806;-3794.893311
404552.3438;5862806;-3793.532471
404612.625;5862806;-3792.747803
404672.9375;5862806;-3791.986084
404733.25;5862806;-3791.135498
404793.5313;5862806;-3790.204834
404853.8438;5862806;-3789.224854
404914.1563;5862806;-3788.304199
404974.4375;5862806;-3787.605957
405034.75;5862806;-3787.02832
405095.0313;5862806;-3786.607178
405155.3438;5862806;-3796.211914
405215.6563;5862806;-3796.397217
405275.9375;5862806;-3796.753662
405336.25;5862806;-3796.997314
405396.5625;5862806;-3797.485596
405456.8438;5862806;-3798.312744
405517.1563;5862806;-3799.498779
405577.4375;5862806;-3801.209229
405637.75;5862806;-3803.656738
405698.0625;5862806;-3806.563477
405758.3438;5862806;-3809.955811
405818.6563;5862806;-3813.751221
405878.9688;5862806;-3816.724609
405939.25;5862806;-3818.415771
405999.5625;5862806;-3815.950439
406059.8438;5862806;-3816.199707
406120.1563;5862806;-3820.387207
406180.4688;5862806;-3824.238281
406240.75;5862806;-3826.294678
406301.0625;5862806;-3826.853027
406361.375;5862806;-3826.308594
406421.6563;5862806;-3825.237793
406481.9688;5862806;-3823.967285
406542.25;5862806;-3822.821533
406602.5625;5862806;-3822.679443
406662.875;5862806;-3822.163086
406723.1563;5862806;-3824.447754
406783.4688;5862806;-3827.427002
406843.7813;5862806;-3830.477783
406904.0625;5862806;-3833.272461
406964.375;5862806;-3835.873535
407024.6563;5862806;-3838.385986
407084.9688;5862806;-3840.776123
407145.2813;5862806;-3843.061768
407205.5625;5862806;-3845.301514
407265.875;5862806;-3847.370361
407326.1875;5862806;-3849.249512
407386.4688;5862806;-3850.956543
407446.7813;5862806;-3852.559326
407507.0625;5862806;-3854.060059
407567.375;5862806;-3855.405518
407627.6875;5862806;-3856.647705
407687.9688;5862806;-3857.803711
407748.2813;5862806;-3858.844238
407808.5938;5862806;-3859.766357
407868.875;5862806;-3860.611084
407929.1875;5862806;-3861.389404
407989.4688;5862806;-3862.123535
408049.7813;5862806;-3862.813721
408110.0938;5862806;-3863.447998
408170.375;5862806;-3864.031006
408230.6875;5862806;-3864.564453
408291;5862806;-3865.043945
408351.2813;5862806;-3865.484375
408411.5938;5862806;-3865.900391
408471.875;5862806;-3866.282471
408532.1875;5862806;-3866.619385
408592.5;5862806;-3866.925293
408652.7813;5862806;-3867.204834
408713.0938;5862806;-3867.457031
408773.4063;5862806;-3867.679443
408833.6875;5862806;-3867.875
408894;5862806;-3868.04834
408954.2813;5862806;-3868.20166
409014.5938;5862806;-3868.331055
409074.9063;5862806;-3868.442627
409135.1875;5862806;-3868.537598
409195.5;5862806;-3868.615967
409255.8125;5862806;-3868.682129
409316.0938;5862806;-3868.737549
409376.4063;5862806;-3868.783691
401356.4063;5862866.5;-3845.073242
401416.6875;5862866.5;-3844.628418
401477;5862866.5;-3844.152344
401537.3125;5862866.5;-3843.641357
401597.5938;5862866.5;-3843.077881
401657.9063;5862866.5;-3842.465088
401718.2188;5862866.5;-3841.802734
401778.5;5862866.5;-3841.083252
401838.8125;5862866.5;-3840.299316
401899.0938;5862866.5;-3839.462891
401959.4063;5862866.5;-3838.579102
402019.7188;5862866.5;-3837.637207
402080;5862866.5;-3836.636719
402140.3125;5862866.5;-3835.617676
402200.625;5862866.5;-3834.581787
402260.9063;5862866.5;-3833.530518
402321.2188;5862866.5;-3832.537598
402381.5;5862866.5;-3831.621582
402441.8125;5862866.5;-3830.757324
402502.125;5862866.5;-3830.005615
402562.4063;5862866.5;-3829.434326
402622.7188;5862866.5;-3829.01416
402683.0313;5862866.5;-3828.672607
402743.3125;5862866.5;-3828.336182
402803.625;5862866.5;-3830.26416
402863.9063;5862866.5;-3830.280029
402924.2188;5862866.5;-3830.252441
402984.5313;5862866.5;-3830.258545
403044.8125;5862866.5;-3830.301514
403105.125;5862866.5;-3830.333252
403165.4375;5862866.5;-3830.449951
403225.7188;5862866.5;-3830.691162
403286.0313;5862866.5;-3831.064941
403346.3125;5862866.5;-3831.588867
403406.625;5862866.5;-3832.233643
403466.9375;5862866.5;-3832.908936
403527.2188;5862866.5;-3833.597412
403587.5313;5862866.5;-3834.165039
403647.8438;5862866.5;-3834.439697
403708.125;5862866.5;-3834.37207
403768.4375;5862866.5;-3833.80957
403828.7188;5862866.5;-3832.574707
403889.0313;5862866.5;-3830.468994
403949.3438;5862866.5;-3827.104492
404009.625;5862866.5;-3822.55957
404069.9375;5862866.5;-3817.435547
404130.25;5862866.5;-3812.01001
404190.5313;5862866.5;-3806.551758
404250.8438;5862866.5;-3801.79541
404311.125;5862866.5;-3798.124756
404371.4375;5862866.5;-3795.604492
404431.75;5862866.5;-3794.115479
404492.0313;5862866.5;-3793.294189
404552.3438;5862866.5;-3792.852539
404612.625;5862866.5;-3791.72876
404672.9375;5862866.5;-3791.16626
404733.25;5862866.5;-3790.40625
404793.5313;5862866.5;-3789.480957
404853.8438;5862866.5;-3788.442627
404914.1563;5862866.5;-3787.430908
404974.4375;5862866.5;-3786.667969
405034.75;5862866.5;-3786.064209
405095.0313;5862866.5;-3785.673096
405155.3438;5862866.5;-3785.696289
405215.6563;5862866.5;-3795.872803
405275.9375;5862866.5;-3796.447754
405336.25;5862866.5;-3796.924805
405396.5625;5862866.5;-3797.667969
405456.8438;5862866.5;-3798.750488
405517.1563;5862866.5;-3800.137939
405577.4375;5862866.5;-3801.953369
405637.75;5862866.5;-3804.225098
405698.0625;5862866.5;-3806.578613
405758.3438;5862866.5;-3809.007568
405818.6563;5862866.5;-3811.861816
405878.9688;5862866.5;-3814.611572
405939.25;5862866.5;-3817.120117
405999.5625;5862866.5;-3816.910156
406059.8438;5862866.5;-3816.727783
406120.1563;5862866.5;-3819.664307
406180.4688;5862866.5;-3822.773926
406240.75;5862866.5;-3824.462158
406301.0625;5862866.5;-3824.825195
406361.375;5862866.5;-3824.153076
406421.6563;5862866.5;-3823.09082
406481.9688;5862866.5;-3822.041504
406542.25;5862866.5;-3821.246094
406602.5625;5862866.5;-3819.854004
406662.875;5862866.5;-3820.804443
406723.1563;5862866.5;-3822.542725
406783.4688;5862866.5;-3824.872803
406843.7813;5862866.5;-3827.465332
406904.0625;5862866.5;-3830.003906
406964.375;5862866.5;-3832.466064
407024.6563;5862866.5;-3834.91333
407084.9688;5862866.5;-3837.293213
407145.2813;5862866.5;-3839.608154
407205.5625;5862866.5;-3841.903076
407265.875;5862866.5;-3844.052734
407326.1875;5862866.5;-3846.022461
407386.4688;5862866.5;-3847.825439
407446.7813;5862866.5;-3849.515381
407507.0625;5862866.5;-3851.094727
407567.375;5862866.5;-3852.513184
407627.6875;5862866.5;-3853.827881
407687.9688;5862866.5;-3855.057861
407748.2813;5862866.5;-3856.171875
407808.5938;5862866.5;-3857.167969
407868.875;5862866.5;-3858.08374
407929.1875;5862866.5;-3858.930664
407989.4688;5862866.5;-3859.72998
408049.7813;5862866.5;-3860.48291
408110.0938;5862866.5;-3861.17749
408170.375;5862866.5;-3861.816895
408230.6875;5862866.5;-3862.405029
408291;5862866.5;-3862.934082
408351.2813;5862866.5;-3863.423096
408411.5938;5862866.5;-3863.885498
408471.875;5862866.5;-3864.311035
408532.1875;5862866.5;-3864.688232
408592.5;5862866.5;-3865.032715
408652.7813;5862866.5;-3865.348633
408713.0938;5862866.5;-3865.634766
408773.4063;5862866.5;-3865.88916
408833.6875;5862866.5;-3866.11499
408894;5862866.5;-3866.31543
408954.2813;5862866.5;-3866.494873
409014.5938;5862866.5;-3866.64917
409074.9063;5862866.5;-3866.782471
409135.1875;5862866.5;-3866.897705
409195.5;5862866.5;-3866.99585
409255.8125;5862866.5;-3867.079102
409316.0938;5862866.5;-3867.150635
409376.4063;5862866.5;-3867.211182
401356.4063;5862927;-3845.586426
401416.6875;5862927;-3845.12207
401477;5862927;-3844.625732
401537.3125;5862927;-3844.092041
401597.5938;5862927;-3843.501465
401657.9063;5862927;-3842.857178
401718.2188;5862927;-3842.158936
401778.5;5862927;-3841.39502
401838.8125;5862927;-3840.556641
401899.0938;5862927;-3839.657227
401959.4063;5862927;-3838.699707
402019.7188;5862927;-3837.670654
402080;5862927;-3836.570313
402140.3125;5862927;-3835.443115
402200.625;5862927;-3834.291992
402260.9063;5862927;-3833.119385
402321.2188;5862927;-3832.009766
402381.5;5862927;-3830.986328
402441.8125;5862927;-3830.024414
402502.125;5862927;-3829.180176
402562.4063;5862927;-3828.529785
402622.7188;5862927;-3828.060791
402683.0313;5862927;-3827.717041
402743.3125;5862927;-3829.515869
402803.625;5862927;-3829.526855
402863.9063;5862927;-3829.541748
402924.2188;5862927;-3829.490234
402984.5313;5862927;-3829.446289
403044.8125;5862927;-3829.41626
403105.125;5862927;-3829.378906
403165.4375;5862927;-3829.445557
403225.7188;5862927;-3829.683594
403286.0313;5862927;-3830.145508
403346.3125;5862927;-3830.84668
403406.625;5862927;-3831.752686
403466.9375;5862927;-3832.782227
403527.2188;5862927;-3833.911865
403587.5313;5862927;-3834.95874
403647.8438;5862927;-3835.723633
403708.125;5862927;-3836.119629
403768.4375;5862927;-3835.939941
403828.7188;5862927;-3834.95752
403889.0313;5862927;-3832.891113
403949.3438;5862927;-3829.218506
404009.625;5862927;-3823.999756
404069.9375;5862927;-3818.005371
404130.25;5862927;-3811.605713
404190.5313;5862927;-3805.193359
404250.8438;5862927;-3799.767578
404311.125;5862927;-3795.790039
404371.4375;5862927;-3793.30957
404431.75;5862927;-3792.138184
404492.0313;5862927;-3791.77124
404552.3438;5862927;-3791.803223
404612.625;5862927;-3792.006592
404672.9375;5862927;-3790.709961
404733.25;5862927;-3790.060547
404793.5313;5862927;-3789.13916
404853.8438;5862927;-3788.019531
404914.1563;5862927;-3786.871094
404974.4375;5862927;-3785.979248
405034.75;5862927;-3785.283691
405095.0313;5862927;-3784.873291
405155.3438;5862927;-3784.981445
405215.6563;5862927;-3795.400879
405275.9375;5862927;-3796.124756
405336.25;5862927;-3796.740967
405396.5625;5862927;-3797.621094
405456.8438;5862927;-3798.82251
405517.1563;5862927;-3800.273926
405577.4375;5862927;-3802.081787
405637.75;5862927;-3804.175049
405698.0625;5862927;-3806.195068
405758.3438;5862927;-3808.624512
405818.6563;5862927;-3811.88208
405878.9688;5862927;-3811.926025
405939.25;5862927;-3809.099854
405999.5625;5862927;-3812.580566
406059.8438;5862927;-3814.646729
406120.1563;5862927;-3817.320557
406180.4688;5862927;-3820.045166
406240.75;5862927;-3821.73584
406301.0625;5862927;-3822.216797
406361.375;5862927;-3821.680664
406421.6563;5862927;-3820.834961
406481.9688;5862927;-3820.092773
406542.25;5862927;-3818.600586
406602.5625;5862927;-3818.596436
406662.875;5862927;-3819.42334
406723.1563;5862927;-3820.825439
406783.4688;5862927;-3822.712646
406843.7813;5862927;-3824.955566
406904.0625;5862927;-3827.265137
406964.375;5862927;-3829.579346
407024.6563;5862927;-3831.93457
407084.9688;5862927;-3834.268799
407145.2813;5862927;-3836.567871
407205.5625;5862927;-3838.866699
407265.875;5862927;-3841.041748
407326.1875;5862927;-3843.051758
407386.4688;5862927;-3844.909424
407446.7813;5862927;-3846.654785
407507.0625;5862927;-3848.288574
407567.375;5862927;-3849.764404
407627.6875;5862927;-3851.137695
407687.9688;5862927;-3852.428711
407748.2813;5862927;-3853.60498
407808.5938;5862927;-3854.663818
407868.875;5862927;-3855.640625
407929.1875;5862927;-3856.546631
407989.4688;5862927;-3857.403809
408049.7813;5862927;-3858.212646
408110.0938;5862927;-3858.960938
408170.375;5862927;-3859.652344
408230.6875;5862927;-3860.289063
408291;5862927;-3860.864746
408351.2813;5862927;-3861.398682
408411.5938;5862927;-3861.903564
408471.875;5862927;-3862.370605
408532.1875;5862927;-3862.786377
408592.5;5862927;-3863.166992
408652.7813;5862927;-3863.517578
408713.0938;5862927;-3863.836426
408773.4063;5862927;-3864.121826
408833.6875;5862927;-3864.375732
408894;5862927;-3864.603516
408954.2813;5862927;-3864.808105
409014.5938;5862927;-3864.985596
409074.9063;5862927;-3865.140381
409135.1875;5862927;-3865.276123
409195.5;5862927;-3865.392578
409255.8125;5862927;-3865.492676
409316.0938;5862927;-3865.579834
409376.4063;5862927;-3865.654785
401356.4063;5862988;-3846.14502
401416.6875;5862988;-3845.664307
401477;5862988;-3845.150391
401537.3125;5862988;-3844.598145
401597.5938;5862988;-3843.983887
401657.9063;5862988;-3843.312988
401718.2188;5862988;-3842.583984
401778.5;5862988;-3841.777588
401838.8125;5862988;-3840.886963
401899.0938;5862988;-3839.92627
401959.4063;5862988;-3838.893066
402019.7188;5862988;-3837.773926
402080;5862988;-3836.566895
402140.3125;5862988;-3835.322021
402200.625;5862988;-3834.044434
402260.9063;5862988;-3832.737305
402321.2188;5862988;-3831.496826
402381.5;5862988;-3830.35376
402441.8125;5862988;-3829.282715
402502.125;5862988;-3828.333252
402562.4063;5862988;-3827.591309
402622.7188;5862988;-3827.06543
402683.0313;5862988;-3826.712158
402743.3125;5862988;-3828.699219
402803.625;5862988;-3828.711426
402863.9063;5862988;-3828.707275
402924.2188;5862988;-3828.605713
402984.5313;5862988;-3828.469971
403044.8125;5862988;-3828.310303
403105.125;5862988;-3828.141602
403165.4375;5862988;-3828.095459
403225.7188;5862988;-3828.275635
403286.0313;5862988;-3828.798096
403346.3125;5862988;-3829.675781
403406.625;5862988;-3830.869629
403466.9375;5862988;-3832.305176
403527.2188;5862988;-3833.94751
403587.5313;5862988;-3835.556885
403647.8438;5862988;-3836.89917
403708.125;5862988;-3837.84668
403768.4375;5862988;-3838.135254
403828.7188;5862988;-3837.481201
403889.0313;5862988;-3835.510742
403949.3438;5862988;-3831.544678
404009.625;5862988;-3825.582031
404069.9375;5862988;-3818.590088
404130.25;5862988;-3811.051758
404190.5313;5862988;-3803.521729
404250.8438;5862988;-3797.365967
404311.125;5862988;-3793.121094
404371.4375;5862988;-3790.79248
404431.75;5862988;-3790.084717
404492.0313;5862988;-3790.314941
404552.3438;5862988;-3790.942871
404612.625;5862988;-3791.663086
404672.9375;5862988;-3792.02417
404733.25;5862988;-3790.085205
404793.5313;5862988;-3789.167725
404853.8438;5862988;-3787.958984
404914.1563;5862988;-3786.644531
404974.4375;5862988;-3785.565674
405034.75;5862988;-3784.699951
405095.0313;5862988;-3784.234863
405155.3438;5862988;-3784.427002
405215.6563;5862988;-3785.053467
405275.9375;5862988;-3795.656006
405336.25;5862988;-3796.305176
405396.5625;5862988;-3797.193115
405456.8438;5862988;-3798.375977
405517.1563;5862988;-3799.797852
405577.4375;5862988;-3801.568359
405637.75;5862988;-3803.5
405698.0625;5862988;-3804.981445
405758.3438;5862988;-3807.250732
405818.6563;5862988;-3813.749023
405878.9688;5862988;-3816.353027
405939.25;5862988;-3811.884521
405999.5625;5862988;-3810.825684
406059.8438;5862988;-3811.95874
406120.1563;5862988;-3814.342529
406180.4688;5862988;-3816.85498
406240.75;5862988;-3818.546875
406301.0625;5862988;-3819.200195
406361.375;5862988;-3818.938721
406421.6563;5862988;-3818.432129
406481.9688;5862988;-3818.060059
406542.25;5862988;-3817.12085
406602.5625;5862988;-3817.278076
406662.875;5862988;-3818.062012
406723.1563;5862988;-3819.282227
406783.4688;5862988;-3820.898438
406843.7813;5862988;-3822.881592
406904.0625;5862988;-3824.990967
406964.375;5862988;-3827.159424
407024.6563;5862988;-3829.409668
407084.9688;5862988;-3831.671631
407145.2813;5862988;-3833.921143
407205.5625;5862988;-3836.18335
407265.875;5862988;-3838.34082
407326.1875;5862988;-3840.350586
407386.4688;5862988;-3842.227295
407446.7813;5862988;-3843.998291
407507.0625;5862988;-3845.662109
407567.375;5862988;-3847.176514
407627.6875;5862988;-3848.592285
407687.9688;5862988;-3849.928955
407748.2813;5862988;-3851.153809
407808.5938;5862988;-3852.262695
407868.875;5862988;-3853.290527
407929.1875;5862988;-3854.24585
407989.4688;5862988;-3855.151367
408049.7813;5862988;-3856.008301
408110.0938;5862988;-3856.803955
408170.375;5862988;-3857.541016
408230.6875;5862988;-3858.22168
408291;5862988;-3858.839844
408351.2813;5862988;-3859.414063
408411.5938;5862988;-3859.958984
408471.875;5862988;-3860.463867
408532.1875;5862988;-3860.914795
408592.5;5862988;-3861.32959
408652.7813;5862988;-3861.712402
408713.0938;5862988;-3862.0625
408773.4063;5862988;-3862.375732
408833.6875;5862988;-3862.657227
408894;5862988;-3862.910645
408954.2813;5862988;-3863.13916
409014.5938;5862988;-3863.339355
409074.9063;5862988;-3863.515137
409135.1875;5862988;-3863.67041
409195.5;5862988;-3863.80542
409255.8125;5862988;-3863.921143
409316.0938;5862988;-3864.022949
409376.4063;5862988;-3864.111816
401356.4063;5863048.5;-3846.752441
401416.6875;5863048.5;-3846.257568
401477;5863048.5;-3845.72876
401537.3125;5863048.5;-3845.162109
401597.5938;5863048.5;-3844.527832
401657.9063;5863048.5;-3843.834229
401718.2188;5863048.5;-3843.077637
401778.5;5863048.5;-3842.232422
401838.8125;5863048.5;-3841.291016
401899.0938;5863048.5;-3840.268799
401959.4063;5863048.5;-3839.157227
402019.7188;5863048.5;-3837.941162
402080;5863048.5;-3836.617188
402140.3125;5863048.5;-3835.243164
402200.625;5863048.5;-3833.825928
402260.9063;5863048.5;-3832.368164
402321.2188;5863048.5;-3830.985352
402381.5;5863048.5;-3829.718018
402441.8125;5863048.5;-3828.532959
402502.125;5863048.5;-3827.466064
402562.4063;5863048.5;-3826.613525
402622.7188;5863048.5;-3826.016602
402683.0313;5863048.5;-3827.800049
402743.3125;5863048.5;-3827.752686
402803.625;5863048.5;-3827.75415
402863.9063;5863048.5;-3827.715088
402924.2188;5863048.5;-3827.537598
402984.5313;5863048.5;-3827.272461
403044.8125;5863048.5;-3826.925293
403105.125;5863048.5;-3826.555664
403165.4375;5863048.5;-3826.32251
403225.7188;5863048.5;-3826.372803
403286.0313;5863048.5;-3826.907715
403346.3125;5863048.5;-3827.942383
403406.625;5863048.5;-3829.429688
403466.9375;5863048.5;-3831.300049
403527.2188;5863048.5;-3833.498779
403587.5313;5863048.5;-3835.719727
403647.8438;5863048.5;-3837.691162
403708.125;5863048.5;-3839.245361
403768.4375;5863048.5;-3840.068359
403828.7188;5863048.5;-3839.824219
403889.0313;5863048.5;-3838.05249
403949.3438;5863048.5;-3833.908691
404009.625;5863048.5;-3827.206299
404069.9375;5863048.5;-3819.119141
404130.25;5863048.5;-3810.260986
404190.5313;5863048.5;-3801.41748
404250.8438;5863048.5;-3794.482422
404311.125;5863048.5;-3790.053955
404371.4375;5863048.5;-3788.034424
404431.75;5863048.5;-3787.945313
404492.0313;5863048.5;-3788.900146
404552.3438;5863048.5;-3790.224121
404612.625;5863048.5;-3791.5271
404672.9375;5863048.5;-3792.243652
404733.25;5863048.5;-3792.161621
404793.5313;5863048.5;-3789.564941
404853.8438;5863048.5;-3788.290527
404914.1563;5863048.5;-3786.833008
404974.4375;5863048.5;-3785.554443
405034.75;5863048.5;-3784.484619
405095.0313;5863048.5;-3783.960449
405155.3438;5863048.5;-3784.255371
405215.6563;5863048.5;-3784.968994
405275.9375;5863048.5;-3785.940186
405336.25;5863048.5;-3795.388916
405396.5625;5863048.5;-3796.163086
405456.8438;5863048.5;-3797.213379
405517.1563;5863048.5;-3798.591309
405577.4375;5863048.5;-3800.411621
405637.75;5863048.5;-3802.483398
405698.0625;5863048.5;-3803.932373
405758.3438;5863048.5;-3804.280518
405818.6563;5863048.5;-3806.824951
405878.9688;5863048.5;-3809.367188
405939.25;5863048.5;-3808.336182
405999.5625;5863048.5;-3808.871338
406059.8438;5863048.5;-3809.183594
406120.1563;5863048.5;-3811.500732
406180.4688;5863048.5;-3813.768066
406240.75;5863048.5;-3815.385254
406301.0625;5863048.5;-3816.189697
406361.375;5863048.5;-3816.216797
406421.6563;5863048.5;-3816.045898
406481.9688;5863048.5;-3815.793945
406542.25;5863048.5;-3815.60791
406602.5625;5863048.5;-3815.955811
406662.875;5863048.5;-3816.774414
406723.1563;5863048.5;-3817.925049
406783.4688;5863048.5;-3819.389648
406843.7813;5863048.5;-3821.183105
406904.0625;5863048.5;-3823.129639
406964.375;5863048.5;-3825.167725
407024.6563;5863048.5;-3827.31543
407084.9688;5863048.5;-3829.494629
407145.2813;5863048.5;-3831.674805
407205.5625;5863048.5;-3833.874023
407265.875;5863048.5;-3835.985596
407326.1875;5863048.5;-3837.967773
407386.4688;5863048.5;-3839.832275
407446.7813;5863048.5;-3841.599609
407507.0625;5863048.5;-3843.267334
407567.375;5863048.5;-3844.797119
407627.6875;5863048.5;-3846.233887
407687.9688;5863048.5;-3847.595459
407748.2813;5863048.5;-3848.85083
407808.5938;5863048.5;-3849.993896
407868.875;5863048.5;-3851.057373
407929.1875;5863048.5;-3852.050049
407989.4688;5863048.5;-3852.993896
408049.7813;5863048.5;-3853.888428
408110.0938;5863048.5;-3854.722656
408170.375;5863048.5;-3855.497314
408230.6875;5863048.5;-3856.215088
408291;5863048.5;-3856.869385
408351.2813;5863048.5;-3857.478516
408411.5938;5863048.5;-3858.057617
408471.875;5863048.5;-3858.595215
408532.1875;5863048.5;-3859.078369
408592.5;5863048.5;-3859.523193
408652.7813;5863048.5;-3859.934814
408713.0938;5863048.5;-3860.312744
408773.4063;5863048.5;-3860.652588
408833.6875;5863048.5;-3860.95874
408894;5863048.5;-3861.235352
408954.2813;5863048.5;-3861.486328
409014.5938;5863048.5;-3861.707031
409074.9063;5863048.5;-3861.902344
409135.1875;5863048.5;-3862.075684
409195.5;5863048.5;-3862.227783
409255.8125;5863048.5;-3862.358643
409316.0938;5863048.5;-3862.474609
409376.4063;5863048.5;-3862.576172
401356.4063;5863109;-3847.401367
401416.6875;5863109;-3846.895752
401477;5863109;-3846.356689
401537.3125;5863109;-3845.779541
401597.5938;5863109;-3845.132568
401657.9063;5863109;-3844.421875
401718.2188;5863109;-3843.644531
401778.5;5863109;-3842.766113
401838.8125;5863109;-3841.777588
401899.0938;5863109;-3840.696777
401959.4063;5863109;-3839.507568
402019.7188;5863109;-3838.191895
402080;5863109;-3836.743652
402140.3125;5863109;-3835.229736
402200.625;5863109;-3833.65918
402260.9063;5863109;-3832.034912
402321.2188;5863109;-3830.48999
402381.5;5863109;-3829.075195
402441.8125;5863109;-3827.753174
402502.125;5863109;-3826.544189
402562.4063;5863109;-3825.558105
402622.7188;5863109;-3824.873535
402683.0313;5863109;-3826.740723
402743.3125;5863109;-3826.686768
402803.625;5863109;-3826.670898
402863.9063;5863109;-3826.589355
402924.2188;5863109;-3826.325439
402984.5313;5863109;-3825.909424
403044.8125;5863109;-3825.331055
403105.125;5863109;-3824.693848
403165.4375;5863109;-3824.187744
403225.7188;5863109;-3824.012939
403286.0313;5863109;-3824.488525
403346.3125;5863109;-3825.638916
403406.625;5863109;-3827.404541
403466.9375;5863109;-3829.709717
403527.2188;5863109;-3832.466064
403587.5313;5863109;-3835.296143
403647.8438;5863109;-3837.891357
403708.125;5863109;-3840.053955
403768.4375;5863109;-3841.451172
403828.7188;5863109;-3841.730957
403889.0313;5863109;-3840.392334
403949.3438;5863109;-3836.412598
404009.625;5863109;-3829.123535
404069.9375;5863109;-3819.852295
404130.25;5863109;-3809.397949
404190.5313;5863109;-3798.945068
404250.8438;5863109;-3791.136475
404311.125;5863109;-3786.632324
404371.4375;5863109;-3785.119873
404431.75;5863109;-3785.78418
404492.0313;5863109;-3787.532715
404552.3438;5863109;-3789.598389
404612.625;5863109;-3791.532227
404672.9375;5863109;-3792.606201
404733.25;5863109;-3792.611084
404793.5313;5863109;-3791.924561
404853.8438;5863109;-3788.77832
404914.1563;5863109;-3787.262695
404974.4375;5863109;-3785.913818
405034.75;5863109;-3784.772949
405095.0313;5863109;-3784.188477
405155.3438;5863109;-3784.438232
405215.6563;5863109;-3785.099609
405275.9375;5863109;-3786.005127
405336.25;5863109;-3787.289795
405396.5625;5863109;-3795.02002
405456.8438;5863109;-3795.83374
405517.1563;5863109;-3797.075195
405577.4375;5863109;-3798.995605
405637.75;5863109;-3801.783936
405698.0625;5863109;-3804.773682
405758.3438;5863109;-3805.816162
405818.6563;5863109;-3805.697266
405878.9688;5863109;-3806.106445
405939.25;5863109;-3806.226074
405999.5625;5863109;-3806.900146
406059.8438;5863109;-3809.388916
406120.1563;5863109;-3809.338135
406180.4688;5863109;-3811.233398
406240.75;5863109;-3812.663086
406301.0625;5863109;-3813.479492
406361.375;5863109;-3813.666748
406421.6563;5863109;-3814.033447
406481.9688;5863109;-3813.946533
406542.25;5863109;-3814.050293
406602.5625;5863109;-3814.608643
406662.875;5863109;-3815.498535
406723.1563;5863109;-3816.630371
406783.4688;5863109;-3818.006592
406843.7813;5863109;-3819.665039
406904.0625;5863109;-3821.483154
406964.375;5863109;-3823.409668
407024.6563;5863109;-3825.456543
407084.9688;5863109;-3827.546143
407145.2813;5863109;-3829.644775
407205.5625;5863109;-3831.765869
407265.875;5863109;-3833.815186
407326.1875;5863109;-3835.753906
407386.4688;5863109;-3837.589844
407446.7813;5863109;-3839.339111
407507.0625;5863109;-3840.996826
407567.375;5863109;-3842.530762
407627.6875;5863109;-3843.97876
407687.9688;5863109;-3845.355225
407748.2813;5863109;-3846.632324
407808.5938;5863109;-3847.80249
407868.875;5863109;-3848.894775
407929.1875;5863109;-3849.919434
407989.4688;5863109;-3850.895996
408049.7813;5863109;-3851.823975
408110.0938;5863109;-3852.691406
408170.375;5863109;-3853.500244
408230.6875;5863109;-3854.251221
408291;5863109;-3854.937988
408351.2813;5863109;-3855.580322
408411.5938;5863109;-3856.190918
408471.875;5863109;-3856.76001
408532.1875;5863109;-3857.272461
408592.5;5863109;-3857.74585
408652.7813;5863109;-3858.185547
408713.0938;5863109;-3858.589355
408773.4063;5863109;-3858.954346
408833.6875;5863109;-3859.28418
408894;5863109;-3859.583252
408954.2813;5863109;-3859.855713
409014.5938;5863109;-3860.09668
409074.9063;5863109;-3860.310059
409135.1875;5863109;-3860.500977
409195.5;5863109;-3860.669922
409255.8125;5863109;-3860.815918
409316.0938;5863109;-3860.945068
409376.4063;5863109;-3861.05957
401356.4063;5863169.5;-3848.088623
401416.6875;5863169.5;-3847.575684
401477;5863169.5;-3847.030762
401537.3125;5863169.5;-3846.449463
401597.5938;5863169.5;-3845.79541
401657.9063;5863169.5;-3845.075439
401718.2188;5863169.5;-3844.283691
401778.5;5863169.5;-3843.377686
401838.8125;5863169.5;-3842.3479
401899.0938;5863169.5;-3841.211426
401959.4063;5863169.5;-3839.945557
402019.7188;5863169.5;-3838.526611
402080;5863169.5;-3836.945801
402140.3125;5863169.5;-3835.28125
402200.625;5863169.5;-3833.544189
402260.9063;5863169.5;-3831.737793
402321.2188;5863169.5;-3830.006836
402381.5;5863169.5;-3828.414795
402441.8125;5863169.5;-3826.920654
402502.125;5863169.5;-3825.535156
402562.4063;5863169.5;-3824.385986
402622.7188;5863169.5;-3823.595703
402683.0313;5863169.5;-3825.526123
402743.3125;5863169.5;-3825.470215
402803.625;5863169.5;-3825.448242
402863.9063;5863169.5;-3825.337158
402924.2188;5863169.5;-3825.000977
402984.5313;5863169.5;-3824.443359
403044.8125;5863169.5;-3823.610107
403105.125;5863169.5;-3822.644775
403165.4375;5863169.5;-3821.768066
403225.7188;5863169.5;-3821.244385
403286.0313;5863169.5;-3821.568359
403346.3125;5863169.5;-3822.784912
403406.625;5863169.5;-3824.808594
403466.9375;5863169.5;-3827.537354
403527.2188;5863169.5;-3830.822021
403587.5313;5863169.5;-3834.213135
403647.8438;5863169.5;-3837.374756
403708.125;5863169.5;-3840.102051
403768.4375;5863169.5;-3842.107666
403828.7188;5863169.5;-3843.113525
403889.0313;5863169.5;-3842.659424
403949.3438;5863169.5;-3839.54126
404009.625;5863169.5;-3832.010742
404069.9375;5863169.5;-3821.448242
404130.25;5863169.5;-3809.051514
404190.5313;5863169.5;-3796.621582
404250.8438;5863169.5;-3787.690674
404311.125;5863169.5;-3783.139648
404371.4375;5863169.5;-3782.322021
404431.75;5863169.5;-3783.768311
404492.0313;5863169.5;-3786.224854
404552.3438;5863169.5;-3788.935059
404612.625;5863169.5;-3791.441162
404672.9375;5863169.5;-3792.842285
404733.25;5863169.5;-3792.934814
404793.5313;5863169.5;-3792.289307
404853.8438;5863169.5;-3791.216064
404914.1563;5863169.5;-3787.855469
404974.4375;5863169.5;-3786.578125
405034.75;5863169.5;-3785.512451
405095.0313;5863169.5;-3784.876465
405155.3438;5863169.5;-3784.950928
405215.6563;5863169.5;-3785.450439
405275.9375;5863169.5;-3786.213623
405336.25;5863169.5;-3787.342041
405396.5625;5863169.5;-3788.606201
405456.8438;5863169.5;-3794.286865
405517.1563;5863169.5;-3795.176025
405577.4375;5863169.5;-3796.788086
405637.75;5863169.5;-3799.561523
405698.0625;5863169.5;-3803.245361
405758.3438;5863169.5;-3805.250488
405818.6563;5863169.5;-3805.130615
405878.9688;5863169.5;-3805.017334
405939.25;5863169.5;-3805.136475
405999.5625;5863169.5;-3805.717041
406059.8438;5863169.5;-3808.056396
406120.1563;5863169.5;-3809.930176
406180.4688;5863169.5;-3809.10791
406240.75;5863169.5;-3810.281738
406301.0625;5863169.5;-3811.023193
406361.375;5863169.5;-3811.788086
406421.6563;5863169.5;-3812.003906
406481.9688;5863169.5;-3812.122559
406542.25;5863169.5;-3812.479004
406602.5625;5863169.5;-3813.258301
406662.875;5863169.5;-3814.244141
406723.1563;5863169.5;-3815.384766
406783.4688;5863169.5;-3816.710693
406843.7813;5863169.5;-3818.275391
406904.0625;5863169.5;-3819.993896
406964.375;5863169.5;-3821.824463
407024.6563;5863169.5;-3823.776367
407084.9688;5863169.5;-3825.774658
407145.2813;5863169.5;-3827.787598
407205.5625;5863169.5;-3829.823975
407265.875;5863169.5;-3831.802734
407326.1875;5863169.5;-3833.686768
407386.4688;5863169.5;-3835.485107
407446.7813;5863169.5;-3837.205322
407507.0625;5863169.5;-3838.843994
407567.375;5863169.5;-3840.372559
407627.6875;5863169.5;-3841.82251
407687.9688;5863169.5;-3843.205322
407748.2813;5863169.5;-3844.497314
407808.5938;5863169.5;-3845.687744
407868.875;5863169.5;-3846.803955
407929.1875;5863169.5;-3847.854736
407989.4688;5863169.5;-3848.859131
408049.7813;5863169.5;-3849.815674
408110.0938;5863169.5;-3850.712891
408170.375;5863169.5;-3851.552002
408230.6875;5863169.5;-3852.332275
408291;5863169.5;-3853.049072
408351.2813;5863169.5;-3853.720947
408411.5938;5863169.5;-3854.36084
408471.875;5863169.5;-3854.958496
408532.1875;5863169.5;-3855.498535
408592.5;5863169.5;-3855.998047
408652.7813;5863169.5;-3856.463623
408713.0938;5863169.5;-3856.892334
408773.4063;5863169.5;-3857.281006
408833.6875;5863169.5;-3857.633057
408894;5863169.5;-3857.953613
408954.2813;5863169.5;-3858.246826
409014.5938;5863169.5;-3858.50708
409074.9063;5863169.5;-3858.738037
409135.1875;5863169.5;-3858.945801
409195.5;5863169.5;-3859.130127
409255.8125;5863169.5;-3859.290771
409316.0938;5863169.5;-3859.43335
409376.4063;5863169.5;-3859.560059
401356.4063;5863230;-3848.821533
401416.6875;5863230;-3848.307129
401477;5863230;-3847.764404
401537.3125;5863230;-3847.1875
401597.5938;5863230;-3846.5354
401657.9063;5863230;-3845.814697
401718.2188;5863230;-3845.018066
401778.5;5863230;-3844.092529
401838.8125;5863230;-3843.028809
401899.0938;5863230;-3841.843018
401959.4063;5863230;-3840.500488
402019.7188;5863230;-3838.973145
402080;5863230;-3837.249268
402140.3125;5863230;-3835.414307
402200.625;5863230;-3833.487549
402260.9063;5863230;-3831.472412
402321.2188;5863230;-3829.503418
402381.5;5863230;-3827.659424
402441.8125;5863230;-3825.907471
402502.125;5863230;-3824.280518
402562.4063;5863230;-3822.945313
402622.7188;5863230;-3822.050049
402683.0313;5863230;-3824.001709
402743.3125;5863230;-3823.988037
402803.625;5863230;-3824.018799
402863.9063;5863230;-3823.937988
402924.2188;5863230;-3823.578125
402984.5313;5863230;-3822.919678
403044.8125;5863230;-3821.825439
403105.125;5863230;-3820.459229
403165.4375;5863230;-3819.072998
403225.7188;5863230;-3818.011475
403286.0313;5863230;-3818.051025
403346.3125;5863230;-3819.268311
403406.625;5863230;-3821.532471
403466.9375;5863230;-3824.66748
403527.2188;5863230;-3828.425293
403587.5313;5863230;-3832.2854
403647.8438;5863230;-3835.904785
403708.125;5863230;-3839.114258
403768.4375;5863230;-3841.780273
403828.7188;5863230;-3843.850342
403889.0313;5863230;-3845.083008
403949.3438;5863230;-3844.072998
404009.625;5863230;-3836.921875
404069.9375;5863230;-3824.914551
404130.25;5863230;-3810.295654
404190.5313;5863230;-3795.595947
404250.8438;5863230;-3785.199951
404311.125;5863230;-3780.40918
404371.4375;5863230;-3780.214355
404431.75;5863230;-3782.250244
404492.0313;5863230;-3785.10791
404552.3438;5863230;-3788.108887
404612.625;5863230;-3790.839355
404672.9375;5863230;-3792.448242
404733.25;5863230;-3792.73584
404793.5313;5863230;-3792.253174
404853.8438;5863230;-3791.300049
404914.1563;5863230;-3789.975586
404974.4375;5863230;-3787.42749
405034.75;5863230;-3786.466553
405095.0313;5863230;-3785.81665
405155.3438;5863230;-3785.759521
405215.6563;5863230;-3786.109375
405275.9375;5863230;-3786.719238
405336.25;5863230;-3787.651611
405396.5625;5863230;-3788.696289
405456.8438;5863230;-3792.566406
405517.1563;5863230;-3792.975098
405577.4375;5863230;-3793.844238
405637.75;5863230;-3795.619873
405698.0625;5863230;-3798.809082
405758.3438;5863230;-3801.638916
405818.6563;5863230;-3802.896484
405878.9688;5863230;-3803.449463
405939.25;5863230;-3803.781494
405999.5625;5863230;-3804.379639
406059.8438;5863230;-3806.870117
406120.1563;5863230;-3808.304688
406180.4688;5863230;-3809.710205
406240.75;5863230;-3808.063721
406301.0625;5863230;-3809.037598
406361.375;5863230;-3809.649658
406421.6563;5863230;-3810.060303
406481.9688;5863230;-3810.416748
406542.25;5863230;-3810.998291
406602.5625;5863230;-3811.927979
406662.875;5863230;-3812.99585
406723.1563;5863230;-3814.172852
406783.4688;5863230;-3815.490967
406843.7813;5863230;-3817.003662
406904.0625;5863230;-3818.657471
406964.375;5863230;-3820.416016
407024.6563;5863230;-3822.286133
407084.9688;5863230;-3824.20166
407145.2813;5863230;-3826.133301
407205.5625;5863230;-3828.086914
407265.875;5863230;-3829.994385
407326.1875;5863230;-3831.821777
407386.4688;5863230;-3833.574463
407446.7813;5863230;-3835.258057
407507.0625;5863230;-3836.869385
407567.375;5863230;-3838.382324
407627.6875;5863230;-3839.822998
407687.9688;5863230;-3841.202393
407748.2813;5863230;-3842.499023
407808.5938;5863230;-3843.700195
407868.875;5863230;-3844.830078
407929.1875;5863230;-3845.898438
407989.4688;5863230;-3846.922363
408049.7813;5863230;-3847.900146
408110.0938;5863230;-3848.81958
408170.375;5863230;-3849.681641
408230.6875;5863230;-3850.486328
408291;5863230;-3851.226807
408351.2813;5863230;-3851.922852
408411.5938;5863230;-3852.58667
408471.875;5863230;-3853.208252
408532.1875;5863230;-3853.77124
408592.5;5863230;-3854.293701
408652.7813;5863230;-3854.781006
408713.0938;5863230;-3855.231201
408773.4063;5863230;-3855.640137
408833.6875;5863230;-3856.011963
408894;5863230;-3856.351318
408954.2813;5863230;-3856.662109
409014.5938;5863230;-3856.938965
409074.9063;5863230;-3857.186279
409135.1875;5863230;-3857.408936
409195.5;5863230;-3857.606689
409255.8125;5863230;-3857.779785
409316.0938;5863230;-3857.93457
409376.4063;5863230;-3858.072266
401356.4063;5863291;-3849.598145
401416.6875;5863291;-3849.091553
401477;5863291;-3848.561523
401537.3125;5863291;-3848.000732
401597.5938;5863291;-3847.363281
401657.9063;5863291;-3846.655762
401718.2188;5863291;-3845.867676
401778.5;5863291;-3844.937012
401838.8125;5863291;-3843.853271
401899.0938;5863291;-3842.630127
401959.4063;5863291;-3841.219482
402019.7188;5863291;-3839.584473
402080;5863291;-3837.710938
402140.3125;5863291;-3835.700195
402200.625;5863291;-3833.580078
402260.9063;5863291;-3831.347412
402321.2188;5863291;-3829.105713
402381.5;5863291;-3826.946045
402441.8125;5863291;-3824.849609
402502.125;5863291;-3822.874512
402562.4063;5863291;-3821.255127
402622.7188;5863291;-3820.206299
402683.0313;5863291;-3822.172119
402743.3125;5863291;-3822.27417
402803.625;5863291;-3822.460449
402863.9063;5863291;-3822.509033
402924.2188;5863291;-3822.218506
402984.5313;5863291;-3821.537109
403044.8125;5863291;-3820.214355
403105.125;5863291;-3818.366699
403165.4375;5863291;-3816.260986
403225.7188;5863291;-3814.358643
403286.0313;5863291;-3813.912354
403346.3125;5863291;-3815.058594
403406.625;5863291;-3817.55957
403466.9375;5863291;-3821.081787
403527.2188;5863291;-3825.221191
403587.5313;5863291;-3829.400879
403647.8438;5863291;-3833.297607
403708.125;5863291;-3836.827393
403768.4375;5863291;-3840.124268
403828.7188;5863291;-3843.538086
403889.0313;5863291;-3847.310303
403949.3438;5863291;-3849.658203
404009.625;5863291;-3843.708008
404069.9375;5863291;-3830.550537
404130.25;5863291;-3814.087891
404190.5313;5863291;-3797.708496
404250.8438;5863291;-3786.220947
404311.125;5863291;-3780.795654
404371.4375;5863291;-3780.240967
404431.75;5863291;-3782.056885
404492.0313;5863291;-3784.727051
404552.3438;5863291;-3787.515381
404612.625;5863291;-3790.04126
404672.9375;5863291;-3791.682373
404733.25;5863291;-3792.218506
404793.5313;5863291;-3791.964355
404853.8438;5863291;-3791.17627
404914.1563;5863291;-3789.983154
404974.4375;5863291;-3788.630859
405034.75;5863291;-3787.280273
405095.0313;5863291;-3786.663086
405155.3438;5863291;-3786.556152
405215.6563;5863291;-3786.809326
405275.9375;5863291;-3787.295166
405336.25;5863291;-3788.057129
405396.5625;5863291;-3788.928467
405456.8438;5863291;-3789.850586
405517.1563;5863291;-3790.763916
405577.4375;5863291;-3791.311768
405637.75;5863291;-3792.193848
405698.0625;5863291;-3794.584229
405758.3438;5863291;-3797.423828
405818.6563;5863291;-3799.434082
405878.9688;5863291;-3800.629639
405939.25;5863291;-3801.423584
405999.5625;5863291;-3802.28418
406059.8438;5863291;-3805.142822
406120.1563;5863291;-3806.364746
406180.4688;5863291;-3807.551025
406240.75;5863291;-3808.330078
406301.0625;5863291;-3806.895752
406361.375;5863291;-3807.64502
406421.6563;5863291;-3808.285645
406481.9688;5863291;-3808.917725
406542.25;5863291;-3809.695557
406602.5625;5863291;-3810.695801
406662.875;5863291;-3811.809082
406723.1563;5863291;-3813.023438
406783.4688;5863291;-3814.352295
406843.7813;5863291;-3815.839355
406904.0625;5863291;-3817.450684
406964.375;5863291;-3819.154541
407024.6563;5863291;-3820.954102
407084.9688;5863291;-3822.794434
407145.2813;5863291;-3824.649902
407205.5625;5863291;-3826.523926
407265.875;5863291;-3828.358887
407326.1875;5863291;-3830.124268
407386.4688;5863291;-3831.825928
407446.7813;5863291;-3833.466797
407507.0625;5863291;-3835.042969
407567.375;5863291;-3836.533203
407627.6875;5863291;-3837.958008
407687.9688;5863291;-3839.32666
407748.2813;5863291;-3840.62085
407808.5938;5863291;-3841.825928
407868.875;5863291;-3842.963623
407929.1875;5863291;-3844.043945
407989.4688;5863291;-3845.081787
408049.7813;5863291;-3846.07373
408110.0938;5863291;-3847.010742
408170.375;5863291;-3847.891113
408230.6875;5863291;-3848.7146
408291;5863291;-3849.475342
408351.2813;5863291;-3850.19165
408411.5938;5863291;-3850.875977
408471.875;5863291;-3851.517578
408532.1875;5863291;-3852.101318
408592.5;5863291;-3852.643555
408652.7813;5863291;-3853.150391
408713.0938;5863291;-3853.619629
408773.4063;5863291;-3854.047119
408833.6875;5863291;-3854.437256
408894;5863291;-3854.793457
408954.2813;5863291;-3855.121094
409014.5938;5863291;-3855.413574
409074.9063;5863291;-3855.675293
409135.1875;5863291;-3855.911865
409195.5;5863291;-3856.122559
409255.8125;5863291;-3856.306885
409316.0938;5863291;-3856.472168
409376.4063;5863291;-3856.619873
401356.4063;5863351.5;-3850.397705
401416.6875;5863351.5;-3849.905762
401477;5863351.5;-3849.396729
401537.3125;5863351.5;-3848.862793
401597.5938;5863351.5;-3848.251465
401657.9063;5863351.5;-3847.570313
401718.2188;5863351.5;-3846.806641
401778.5;5863351.5;-3845.890137
401838.8125;5863351.5;-3844.80957
401899.0938;5863351.5;-3843.572021
401959.4063;5863351.5;-3842.111816
402019.7188;5863351.5;-3840.379883
402080;5863351.5;-3838.360352
402140.3125;5863351.5;-3836.179688
402200.625;5863351.5;-3833.878906
402260.9063;5863351.5;-3831.436768
402321.2188;5863351.5;-3828.891846
402381.5;5863351.5;-3826.345703
402441.8125;5863351.5;-3823.794678
402502.125;5863351.5;-3821.3396
402562.4063;5863351.5;-3819.32666
402622.7188;5863351.5;-3818.08374
402683.0313;5863351.5;-3820.080566
402743.3125;5863351.5;-3820.451172
402803.625;5863351.5;-3820.950439
402863.9063;5863351.5;-3821.246338
402924.2188;5863351.5;-3821.116943
402984.5313;5863351.5;-3820.527344
403044.8125;5863351.5;-3819.124512
403105.125;5863351.5;-3816.808105
403165.4375;5863351.5;-3813.78833
403225.7188;5863351.5;-3810.700439
403286.0313;5863351.5;-3809.582031
403346.3125;5863351.5;-3810.649658
403406.625;5863351.5;-3813.456787
403466.9375;5863351.5;-3817.378662
403527.2188;5863351.5;-3821.817871
403587.5313;5863351.5;-3826.17041
403647.8438;5863351.5;-3830.13501
403708.125;5863351.5;-3833.684814
403768.4375;5863351.5;-3837.121338
403828.7188;5863351.5;-3841.088623
403889.0313;5863351.5;-3846.212402
403949.3438;5863351.5;-3850.508789
404009.625;5863351.5;-3845.94751
404069.9375;5863351.5;-3833.523438
404130.25;5863351.5;-3817.400391
404190.5313;5863351.5;-3801.244873
404250.8438;5863351.5;-3789.828125
404311.125;5863351.5;-3783.814209
404371.4375;5863351.5;-3782.164551
404431.75;5863351.5;-3783.111328
404492.0313;5863351.5;-3785.156738
404552.3438;5863351.5;-3787.434326
404612.625;5863351.5;-3789.550781
404672.9375;5863351.5;-3791.028564
404733.25;5863351.5;-3791.613525
404793.5313;5863351.5;-3791.452881
404853.8438;5863351.5;-3790.765381
404914.1563;5863351.5;-3789.677002
404974.4375;5863351.5;-3788.432617
405034.75;5863351.5;-3787.281982
405095.0313;5863351.5;-3787.227051
405155.3438;5863351.5;-3787.142578
405215.6563;5863351.5;-3787.36377
405275.9375;5863351.5;-3787.772949
405336.25;5863351.5;-3788.403564
405396.5625;5863351.5;-3789.161865
405456.8438;5863351.5;-3789.988281
405517.1563;5863351.5;-3790.713867
405577.4375;5863351.5;-3791.526611
405637.75;5863351.5;-3789.990723
405698.0625;5863351.5;-3791.710449
405758.3438;5863351.5;-3793.9104
405818.6563;5863351.5;-3795.831055
405878.9688;5863351.5;-3797.322754
405939.25;5863351.5;-3798.510498
405999.5625;5863351.5;-3799.671875
406059.8438;5863351.5;-3803.000488
406120.1563;5863351.5;-3804.172607
406180.4688;5863351.5;-3805.287842
406240.75;5863351.5;-3803.790039
406301.0625;5863351.5;-3804.819336
406361.375;5863351.5;-3805.726563
406421.6563;5863351.5;-3806.571289
406481.9688;5863351.5;-3807.425049
406542.25;5863351.5;-3808.371094
406602.5625;5863351.5;-3809.457031
406662.875;5863351.5;-3810.631836
406723.1563;5863351.5;-3811.892334
406783.4688;5863351.5;-3813.244141
406843.7813;5863351.5;-3814.72168
406904.0625;5863351.5;-3816.306152
406964.375;5863351.5;-3817.968994
407024.6563;5863351.5;-3819.710449
407084.9688;5863351.5;-3821.485596
407145.2813;5863351.5;-3823.273193
407205.5625;5863351.5;-3825.073975
407265.875;5863351.5;-3826.840088
407326.1875;5863351.5;-3828.545166
407386.4688;5863351.5;-3830.196045
407446.7813;5863351.5;-3831.792725
407507.0625;5863351.5;-3833.331543
407567.375;5863351.5;-3834.796631
407627.6875;5863351.5;-3836.202393
407687.9688;5863351.5;-3837.556885
407748.2813;5863351.5;-3838.844482
407808.5938;5863351.5;-3840.050049
407868.875;5863351.5;-3841.191162
407929.1875;5863351.5;-3842.278809
407989.4688;5863351.5;-3843.325439
408049.7813;5863351.5;-3844.328369
408110.0938;5863351.5;-3845.278076
408170.375;5863351.5;-3846.173584
408230.6875;5863351.5;-3847.012451
408291;5863351.5;-3847.789307
408351.2813;5863351.5;-3848.522949
408411.5938;5863351.5;-3849.224121
408471.875;5863351.5;-3849.883545
408532.1875;5863351.5;-3850.485107
408592.5;5863351.5;-3851.045166
408652.7813;5863351.5;-3851.569336
408713.0938;5863351.5;-3852.056152
408773.4063;5863351.5;-3852.500977
408833.6875;5863351.5;-3852.906738
408894;5863351.5;-3853.279297
408954.2813;5863351.5;-3853.621826
409014.5938;5863351.5;-3853.929199
409074.9063;5863351.5;-3854.204346
409135.1875;5863351.5;-3854.453369
409195.5;5863351.5;-3854.67627
409255.8125;5863351.5;-3854.87085
409316.0938;5863351.5;-3855.046143
409376.4063;5863351.5;-3855.202881
401356.4063;5863412;-3851.208252
401416.6875;5863412;-3850.736084
401477;5863412;-3850.255615
401537.3125;5863412;-3849.756104
401597.5938;5863412;-3849.181396
401657.9063;5863412;-3848.538086
401718.2188;5863412;-3847.814453
401778.5;5863412;-3846.93457
401838.8125;5863412;-3845.885986
401899.0938;5863412;-3844.664063
401959.4063;5863412;-3843.181641
402019.7188;5863412;-3841.370605
402080;5863412;-3839.209717
402140.3125;5863412;-3836.863037
402200.625;5863412;-3834.392334
402260.9063;5863412;-3831.751709
402321.2188;5863412;-3828.874268
402381.5;5863412;-3825.863525
402441.8125;5863412;-3822.744141
402502.125;5863412;-3819.727783
402562.4063;5863412;-3817.327393
402622.7188;5863412;-3815.929199
402683.0313;5863412;-3817.640381
402743.3125;5863412;-3818.482666
402803.625;5863412;-3819.459717
402863.9063;5863412;-3820.067871
402924.2188;5863412;-3820.149658
402984.5313;5863412;-3819.827637
403044.8125;5863412;-3818.681396
403105.125;5863412;-3816.121582
403165.4375;5863412;-3812.131104
403225.7188;5863412;-3807.560547
403286.0313;5863412;-3805.619385
403346.3125;5863412;-3806.610352
403406.625;5863412;-3809.740967
403466.9375;5863412;-3814.02417
403527.2188;5863412;-3818.66333
403587.5313;5863412;-3823.07251
403647.8438;5863412;-3826.995361
403708.125;5863412;-3830.435303
403768.4375;5863412;-3833.743652
403828.7188;5863412;-3837.600586
403889.0313;5863412;-3842.448242
403949.3438;5863412;-3846.351318
404009.625;5863412;-3842.715332
404069.9375;5863412;-3832.498047
404130.25;5863412;-3818.530273
404190.5313;5863412;-3803.986572
404250.8438;5863412;-3793.295898
404311.125;5863412;-3787.059082
404371.4375;5863412;-3784.559082
404431.75;5863412;-3784.635498
404492.0313;5863412;-3785.921631
404552.3438;5863412;-3787.556641
404612.625;5863412;-3789.169922
404672.9375;5863412;-3790.351563
404733.25;5863412;-3790.821777
404793.5313;5863412;-3790.644287
404853.8438;5863412;-3789.996338
404914.1563;5863412;-3788.98291
404974.4375;5863412;-3787.825195
405034.75;5863412;-3786.74292
405095.0313;5863412;-3785.820068
405155.3438;5863412;-3787.318359
405215.6563;5863412;-3787.552002
405275.9375;5863412;-3787.911377
405336.25;5863412;-3788.39624
405396.5625;5863412;-3789.022217
405456.8438;5863412;-3789.766113
405517.1563;5863412;-3790.380615
405577.4375;5863412;-3791.004395
405637.75;5863412;-3791.939453
405698.0625;5863412;-3789.638672
405758.3438;5863412;-3791.231934
405818.6563;5863412;-3792.866943
405878.9688;5863412;-3794.423584
405939.25;5863412;-3795.823486
405999.5625;5863412;-3797.179932
406059.8438;5863412;-3800.818848
406120.1563;5863412;-3802.006348
406180.4688;5863412;-3800.285645
406240.75;5863412;-3801.541016
406301.0625;5863412;-3802.6875
406361.375;5863412;-3803.758057
406421.6563;5863412;-3804.787598
406481.9688;5863412;-3805.823975
406542.25;5863412;-3806.92334
406602.5625;5863412;-3808.113281
406662.875;5863412;-3809.364502
406723.1563;5863412;-3810.682129
406783.4688;5863412;-3812.071533
406843.7813;5863412;-3813.559082
406904.0625;5863412;-3815.135254
406964.375;5863412;-3816.776123
407024.6563;5863412;-3818.476563
407084.9688;5863412;-3820.204834
407145.2813;5863412;-3821.941162
407205.5625;5863412;-3823.682617
407265.875;5863412;-3825.393066
407326.1875;5863412;-3827.048584
407386.4688;5863412;-3828.654297
407446.7813;5863412;-3830.212402
407507.0625;5863412;-3831.719238
407567.375;5863412;-3833.159424
407627.6875;5863412;-3834.546387
407687.9688;5863412;-3835.885498
407748.2813;5863412;-3837.164307
407808.5938;5863412;-3838.366699
407868.875;5863412;-3839.507813
407929.1875;5863412;-3840.599121
407989.4688;5863412;-3841.651367
408049.7813;5863412;-3842.660645
408110.0938;5863412;-3843.619141
408170.375;5863412;-3844.524658
408230.6875;5863412;-3845.375
408291;5863412;-3846.164307
408351.2813;5863412;-3846.911377
408411.5938;5863412;-3847.625732
408471.875;5863412;-3848.299072
408532.1875;5863412;-3848.914551
408592.5;5863412;-3849.489014
408652.7813;5863412;-3850.027344
408713.0938;5863412;-3850.52832
408773.4063;5863412;-3850.986328
408833.6875;5863412;-3851.405762
408894;5863412;-3851.79126
408954.2813;5863412;-3852.146484
409014.5938;5863412;-3852.465088
409074.9063;5863412;-3852.751221
409135.1875;5863412;-3853.010254
409195.5;5863412;-3853.243164
409255.8125;5863412;-3853.446289
409316.0938;5863412;-3853.629395
409376.4063;5863412;-3853.793457
401356.4063;5863472.5;-3852.009766
401416.6875;5863472.5;-3851.560547
401477;5863472.5;-3851.112061
401537.3125;5863472.5;-3850.651855
401597.5938;5863472.5;-3850.118896
401657.9063;5863472.5;-3849.522949
401718.2188;5863472.5;-3848.854492
401778.5;5863472.5;-3848.033691
401838.8125;5863472.5;-3847.047852
401899.0938;5863472.5;-3845.876709
401959.4063;5863472.5;-3844.400879
402019.7188;5863472.5;-3842.527344
402080;5863472.5;-3840.215088
402140.3125;5863472.5;-3837.697998
402200.625;5863472.5;-3835.064941
402260.9063;5863472.5;-3832.245117
402321.2188;5863472.5;-3829.033691
402381.5;5863472.5;-3825.514648
402441.8125;5863472.5;-3821.750977
402502.125;5863472.5;-3818.093018
402562.4063;5863472.5;-3815.229736
402622.7188;5863472.5;-3813.562988
402683.0313;5863472.5;-3814.975342
402743.3125;5863472.5;-3816.50293
402803.625;5863472.5;-3818.187744
402863.9063;5863472.5;-3819.132813
402924.2188;5863472.5;-3819.39209
402984.5313;5863472.5;-3819.570557
403044.8125;5863472.5;-3819.227539
403105.125;5863472.5;-3817.030762
403165.4375;5863472.5;-3812.218994
403225.7188;5863472.5;-3805.787354
403286.0313;5863472.5;-3802.837646
403346.3125;5863472.5;-3803.724609
403406.625;5863472.5;-3806.966064
403466.9375;5863472.5;-3811.366699
403527.2188;5863472.5;-3816.010742
403587.5313;5863472.5;-3820.327637
403647.8438;5863472.5;-3824.111084
403708.125;5863472.5;-3827.387451
403768.4375;5863472.5;-3830.455322
403828.7188;5863472.5;-3833.835938
403889.0313;5863472.5;-3837.591797
403949.3438;5863472.5;-3840.066406
404009.625;5863472.5;-3836.801514
404069.9375;5863472.5;-3828.722656
404130.25;5863472.5;-3817.482422
404190.5313;5863472.5;-3805.355225
404250.8438;5863472.5;-3795.940918
404311.125;5863472.5;-3789.95752
404371.4375;5863472.5;-3787.015137
404431.75;5863472.5;-3786.344727
404492.0313;5863472.5;-3786.857178
404552.3438;5863472.5;-3787.803711
404612.625;5863472.5;-3788.854736
404672.9375;5863472.5;-3789.654541
404733.25;5863472.5;-3789.913818
404793.5313;5863472.5;-3789.644775
404853.8438;5863472.5;-3788.985107
404914.1563;5863472.5;-3788.019287
404974.4375;5863472.5;-3786.933838
405034.75;5863472.5;-3785.918213
405095.0313;5863472.5;-3785.056152
405155.3438;5863472.5;-3784.591553
405215.6563;5863472.5;-3787.559082
405275.9375;5863472.5;-3787.896973
405336.25;5863472.5;-3788.241699
405396.5625;5863472.5;-3788.717285
405456.8438;5863472.5;-3789.373535
405517.1563;5863472.5;-3789.897217
405577.4375;5863472.5;-3790.382568
405637.75;5863472.5;-3791.044922
405698.0625;5863472.5;-3791.89502
405758.3438;5863472.5;-3788.861084
405818.6563;5863472.5;-3790.20874
405878.9688;5863472.5;-3791.723389
405939.25;5863472.5;-3793.22876
405999.5625;5863472.5;-3794.711914
406059.8438;5863472.5;-3798.637207
406120.1563;5863472.5;-3796.578369
406180.4688;5863472.5;-3798.01416
406240.75;5863472.5;-3799.359863
406301.0625;5863472.5;-3800.62793
406361.375;5863472.5;-3801.848389
406421.6563;5863472.5;-3803.041748
406481.9688;5863472.5;-3804.235596
406542.25;5863472.5;-3805.470703
406602.5625;5863472.5;-3806.761963
406662.875;5863472.5;-3808.088379
406723.1563;5863472.5;-3809.46582
406783.4688;5863472.5;-3810.89624
406843.7813;5863472.5;-3812.399902
406904.0625;5863472.5;-3813.974854
406964.375;5863472.5;-3815.599121
407024.6563;5863472.5;-3817.266113
407084.9688;5863472.5;-3818.953613
407145.2813;5863472.5;-3820.64502
407205.5625;5863472.5;-3822.332031
407265.875;5863472.5;-3823.991455
407326.1875;5863472.5;-3825.601318
407386.4688;5863472.5;-3827.164795
407446.7813;5863472.5;-3828.686035
407507.0625;5863472.5;-3830.161377
407567.375;5863472.5;-3831.577393
407627.6875;5863472.5;-3832.94458
407687.9688;5863472.5;-3834.269043
407748.2813;5863472.5;-3835.537598
407808.5938;5863472.5;-3836.735352
407868.875;5863472.5;-3837.875
407929.1875;5863472.5;-3838.968018
407989.4688;5863472.5;-3840.02417
408049.7813;5863472.5;-3841.038086
408110.0938;5863472.5;-3842.003174
408170.375;5863472.5;-3842.917236
408230.6875;5863472.5;-3843.776855
408291;5863472.5;-3844.576904
408351.2813;5863472.5;-3845.335693
408411.5938;5863472.5;-3846.062012
408471.875;5863472.5;-3846.747803
408532.1875;5863472.5;-3847.376465
408592.5;5863472.5;-3847.963379
408652.7813;5863472.5;-3848.514893
408713.0938;5863472.5;-3849.029053
408773.4063;5863472.5;-3849.500244
408833.6875;5863472.5;-3849.932129
408894;5863472.5;-3850.32959
408954.2813;5863472.5;-3850.696777
409014.5938;5863472.5;-3851.026855
409074.9063;5863472.5;-3851.323242
409135.1875;5863472.5;-3851.592285
409195.5;5863472.5;-3851.834229
409255.8125;5863472.5;-3852.045654
409316.0938;5863472.5;-3852.236084
409376.4063;5863472.5;-3852.407715
401356.4063;5863533.5;-3852.776123
401416.6875;5863533.5;-3852.35376
401477;5863533.5;-3851.940674
401537.3125;5863533.5;-3851.522705
401597.5938;5863533.5;-3851.038818
401657.9063;5863533.5;-3850.504639
401718.2188;5863533.5;-3849.915283
401778.5;5863533.5;-3849.191162
401838.8125;5863533.5;-3848.318848
401899.0938;5863533.5;-3847.247314
401959.4063;5863533.5;-3845.824219
402019.7188;5863533.5;-3843.9104
402080;5863533.5;-3841.376465
402140.3125;5863533.5;-3838.623291
402200.625;5863533.5;-3835.810547
402260.9063;5863533.5;-3832.863525
402321.2188;5863533.5;-3829.375977
402381.5;5863533.5;-3825.358398
402441.8125;5863533.5;-3820.913086
402502.125;5863533.5;-3816.544189
402562.4063;5863533.5;-3813.088135
402622.7188;5863533.5;-3810.898438
402683.0313;5863533.5;-3811.759766
402743.3125;5863533.5;-3814.353027
402803.625;5863533.5;-3817.374512
402863.9063;5863533.5;-3818.811035
402924.2188;5863533.5;-3818.964355
402984.5313;5863533.5;-3819.759521
403044.8125;5863533.5;-3820.813232
403105.125;5863533.5;-3819.782959
403165.4375;5863533.5;-3814.639648
403225.7188;5863533.5;-3806.411133
403286.0313;5863533.5;-3802.394531
403346.3125;5863533.5;-3803.061035
403406.625;5863533.5;-3805.966797
403466.9375;5863533.5;-3809.954102
403527.2188;5863533.5;-3814.22583
403587.5313;5863533.5;-3818.205078
403647.8438;5863533.5;-3821.686523
403708.125;5863533.5;-3824.697266
403768.4375;5863533.5;-3827.394775
403828.7188;5863533.5;-3830.008789
403889.0313;5863533.5;-3832.390137
403949.3438;5863533.5;-3833.321777
404009.625;5863533.5;-3830.105957
404069.9375;5863533.5;-3823.641357
404130.25;5863533.5;-3814.927246
404190.5313;5863533.5;-3805.33252
404250.8438;5863533.5;-3797.499023
404311.125;5863533.5;-3792.152344
404371.4375;5863533.5;-3789.108887
404431.75;5863533.5;-3787.887451
404492.0313;5863533.5;-3787.718018
404552.3438;5863533.5;-3788.007813
404612.625;5863533.5;-3788.483643
404672.9375;5863533.5;-3788.851074
404733.25;5863533.5;-3788.833984
404793.5313;5863533.5;-3788.411133
404853.8438;5863533.5;-3787.688232
404914.1563;5863533.5;-3786.72998
404974.4375;5863533.5;-3785.693115
405034.75;5863533.5;-3784.739502
405095.0313;5863533.5;-3783.957031
405155.3438;5863533.5;-3783.597656
405215.6563;5863533.5;-3783.424805
405275.9375;5863533.5;-3787.712891
405336.25;5863533.5;-3787.931885
405396.5625;5863533.5;-3788.187744
405456.8438;5863533.5;-3788.700928
405517.1563;5863533.5;-3789.149902
405577.4375;5863533.5;-3789.541992
405637.75;5863533.5;-3790.036133
405698.0625;5863533.5;-3790.625
405758.3438;5863533.5;-3786.708496
405818.6563;5863533.5;-3787.84082
405878.9688;5863533.5;-3789.269775
405939.25;5863533.5;-3790.798096
405999.5625;5863533.5;-3792.338623
406059.8438;5863533.5;-3792.725342
406120.1563;5863533.5;-3794.30249
406180.4688;5863533.5;-3795.820557
406240.75;5863533.5;-3797.264893
406301.0625;5863533.5;-3798.64917
406361.375;5863533.5;-3800.001953
406421.6563;5863533.5;-3801.333984
406481.9688;5863533.5;-3802.662109
406542.25;5863533.5;-3804.01709
406602.5625;5863533.5;-3805.401855
406662.875;5863533.5;-3806.802002
406723.1563;5863533.5;-3808.240479
406783.4688;5863533.5;-3809.716309
406843.7813;5863533.5;-3811.240479
406904.0625;5863533.5;-3812.820068
406964.375;5863533.5;-3814.435547
407024.6563;5863533.5;-3816.075928
407084.9688;5863533.5;-3817.729736
407145.2813;5863533.5;-3819.382324
407205.5625;5863533.5;-3821.022461
407265.875;5863533.5;-3822.635498
407326.1875;5863533.5;-3824.204346
407386.4688;5863533.5;-3825.729248
407446.7813;5863533.5;-3827.216064
407507.0625;5863533.5;-3828.662598
407567.375;5863533.5;-3830.054932
407627.6875;5863533.5;-3831.403076
407687.9688;5863533.5;-3832.71167
407748.2813;5863533.5;-3833.970215
407808.5938;5863533.5;-3835.161621
407868.875;5863533.5;-3836.297852
407929.1875;5863533.5;-3837.391113
407989.4688;5863533.5;-3838.44873
408049.7813;5863533.5;-3839.465576
408110.0938;5863533.5;-3840.436035
408170.375;5863533.5;-3841.356689
408230.6875;5863533.5;-3842.223389
408291;5863533.5;-3843.032959
408351.2813;5863533.5;-3843.801758
408411.5938;5863533.5;-3844.539307
408471.875;5863533.5;-3845.23584
408532.1875;5863533.5;-3845.875977
408592.5;5863533.5;-3846.474609
408652.7813;5863533.5;-3847.038086
408713.0938;5863533.5;-3847.564453
408773.4063;5863533.5;-3848.047119
408833.6875;5863533.5;-3848.490967
408894;5863533.5;-3848.899902
408954.2813;5863533.5;-3849.278076
409014.5938;5863533.5;-3849.618652
409074.9063;5863533.5;-3849.925293
409135.1875;5863533.5;-3850.204102
409195.5;5863533.5;-3850.45459
409255.8125;5863533.5;-3850.674072
409316.0938;5863533.5;-3850.872314
409376.4063;5863533.5;-3851.050781
401356.4063;5863594;-3853.474121
401416.6875;5863594;-3853.078125
401477;5863594;-3852.702393
401537.3125;5863594;-3852.331299
401597.5938;5863594;-3851.909424
401657.9063;5863594;-3851.463623
401718.2188;5863594;-3850.995117
401778.5;5863594;-3850.431641
401838.8125;5863594;-3849.743896
401899.0938;5863594;-3848.855469
401959.4063;5863594;-3847.59082
402019.7188;5863594;-3845.699463
402080;5863594;-3842.71167
402140.3125;5863594;-3839.499023
402200.625;5863594;-3836.458008
402260.9063;5863594;-3833.599365
402321.2188;5863594;-3830.126953
402381.5;5863594;-3825.818848
402441.8125;5863594;-3820.775879
402502.125;5863594;-3815.606689
402562.4063;5863594;-3811.268311
402622.7188;5863594;-3808.018066
402683.0313;5863594;-3807.397705
402743.3125;5863594;-3811.709473
402803.625;5863594;-3816.876953
402863.9063;5863594;-3819.046143
402924.2188;5863594;-3818.689697
402984.5313;5863594;-3819.490479
403044.8125;5863594;-3821.253174
403105.125;5863594;-3821.003174
403165.4375;5863594;-3816.622559
403225.7188;5863594;-3808.978516
403286.0313;5863594;-3804.911865
403346.3125;5863594;-3804.94873
403406.625;5863594;-3806.922119
403466.9375;5863594;-3809.989258
403527.2188;5863594;-3813.509277
403587.5313;5863594;-3816.872803
403647.8438;5863594;-3819.827637
403708.125;5863594;-3822.362305
403768.4375;5863594;-3824.529785
403828.7188;5863594;-3826.355469
403889.0313;5863594;-3827.631348
403949.3438;5863594;-3827.481445
404009.625;5863594;-3824.364746
404069.9375;5863594;-3819.078125
404130.25;5863594;-3812.263428
404190.5313;5863594;-3804.715576
404250.8438;5863594;-3798.280273
404311.125;5863594;-3793.596436
404371.4375;5863594;-3790.601563
404431.75;5863594;-3789.015381
404492.0313;5863594;-3788.322998
404552.3438;5863594;-3788.073242
404612.625;5863594;-3788.047119
404672.9375;5863594;-3788.009277
404733.25;5863594;-3787.710449
404793.5313;5863594;-3787.111816
404853.8438;5863594;-3786.295654
404914.1563;5863594;-3785.312988
404974.4375;5863594;-3784.292236
405034.75;5863594;-3783.395996
405095.0313;5863594;-3782.718994
405155.3438;5863594;-3782.486816
405215.6563;5863594;-3782.45459
405275.9375;5863594;-3782.356445
405336.25;5863594;-3787.092773
405396.5625;5863594;-3787.052979
405456.8438;5863594;-3787.32373
405517.1563;5863594;-3787.711182
405577.4375;5863594;-3788.055908
405637.75;5863594;-3788.466064
405698.0625;5863594;-3788.943115
405758.3438;5863594;-3789.625488
405818.6563;5863594;-3785.958008
405878.9688;5863594;-3787.266357
405939.25;5863594;-3788.737793
405999.5625;5863594;-3788.718262
406059.8438;5863594;-3790.358887
406120.1563;5863594;-3792.020752
406180.4688;5863594;-3793.633057
406240.75;5863594;-3795.182617
406301.0625;5863594;-3796.680176
406361.375;5863594;-3798.156006
406421.6563;5863594;-3799.612061
406481.9688;5863594;-3801.05835
406542.25;5863594;-3802.521729
406602.5625;5863594;-3803.994873
406662.875;5863594;-3805.467285
406723.1563;5863594;-3806.967773
406783.4688;5863594;-3808.491943
406843.7813;5863594;-3810.042969
406904.0625;5863594;-3811.635742
406964.375;5863594;-3813.251953
407024.6563;5863594;-3814.876709
407084.9688;5863594;-3816.508789
407145.2813;5863594;-3818.135742
407205.5625;5863594;-3819.741455
407265.875;5863594;-3821.320801
407326.1875;5863594;-3822.858398
407386.4688;5863594;-3824.35376
407446.7813;5863594;-3825.814697
407507.0625;5863594;-3827.237793
407567.375;5863594;-3828.611084
407627.6875;5863594;-3829.944092
407687.9688;5863594;-3831.239258
407748.2813;5863594;-3832.488037
407808.5938;5863594;-3833.673096
407868.875;5863594;-3834.80542
407929.1875;5863594;-3835.896973
407989.4688;5863594;-3836.954346
408049.7813;5863594;-3837.971924
408110.0938;5863594;-3838.944824
408170.375;5863594;-3839.868652
408230.6875;5863594;-3840.740234
408291;5863594;-3841.556152
408351.2813;5863594;-3842.331299
408411.5938;5863594;-3843.075684
408471.875;5863594;-3843.780273
408532.1875;5863594;-3844.428955
408592.5;5863594;-3845.036377
408652.7813;5863594;-3845.608398
408713.0938;5863594;-3846.142822
408773.4063;5863594;-3846.634766
408833.6875;5863594;-3847.087158
408894;5863594;-3847.504883
408954.2813;5863594;-3847.891602
409014.5938;5863594;-3848.240234
409074.9063;5863594;-3848.554199
409135.1875;5863594;-3848.840088
409195.5;5863594;-3849.097412
409255.8125;5863594;-3849.322754
409316.0938;5863594;-3849.526367
409376.4063;5863594;-3849.709717
401356.4063;5863654.5;-3854.074219
401416.6875;5863654.5;-3853.699707
401477;5863654.5;-3853.356689
401537.3125;5863654.5;-3853.029053
401597.5938;5863654.5;-3852.672119
401657.9063;5863654.5;-3852.327148
401718.2188;5863654.5;-3852.001221
401778.5;5863654.5;-3851.619141
401838.8125;5863654.5;-3851.154053
401899.0938;5863654.5;-3850.548828
401959.4063;5863654.5;-3849.6521
402019.7188;5863654.5;-3847.97876
402080;5863654.5;-3843.952881
402140.3125;5863654.5;-3839.778809
402200.625;5863654.5;-3836.416748
402260.9063;5863654.5;-3833.980469
402321.2188;5863654.5;-3830.976318
402381.5;5863654.5;-3826.611084
402441.8125;5863654.5;-3820.989014
402502.125;5863654.5;-3815.013428
402562.4063;5863654.5;-3809.836426
402622.7188;5863654.5;-3805.260498
402683.0313;5863654.5;-3802.313965
402743.3125;5863654.5;-3807.826904
402803.625;5863654.5;-3814.520508
402863.9063;5863654.5;-3817.601807
402924.2188;5863654.5;-3817.749268
402984.5313;5863654.5;-3818.557617
403044.8125;5863654.5;-3819.984131
403105.125;5863654.5;-3819.63916
403165.4375;5863654.5;-3816.549072
403225.7188;5863654.5;-3811.324707
403286.0313;5863654.5;-3808.092285
403346.3125;5863654.5;-3807.411865
403406.625;5863654.5;-3808.405762
403466.9375;5863654.5;-3810.547607
403527.2188;5863654.5;-3813.27124
403587.5313;5863654.5;-3815.963623
403647.8438;5863654.5;-3818.333496
403708.125;5863654.5;-3820.32251
403768.4375;5863654.5;-3821.904785
403828.7188;5863654.5;-3823.028809
403889.0313;5863654.5;-3823.50415
403949.3438;5863654.5;-3822.702393
404009.625;5863654.5;-3819.782471
404069.9375;5863654.5;-3815.4021
404130.25;5863654.5;-3809.990967
404190.5313;5863654.5;-3804.009521
404250.8438;5863654.5;-3798.686279
404311.125;5863654.5;-3794.554443
404371.4375;5863654.5;-3791.632813
404431.75;5863654.5;-3789.780762
404492.0313;5863654.5;-3788.667969
404552.3438;5863654.5;-3787.957031
404612.625;5863654.5;-3787.478516
404672.9375;5863654.5;-3787.051758
404733.25;5863654.5;-3786.463135
404793.5313;5863654.5;-3785.661621
404853.8438;5863654.5;-3784.713135
404914.1563;5863654.5;-3783.65918
404974.4375;5863654.5;-3782.621582
405034.75;5863654.5;-3781.741211
405095.0313;5863654.5;-3781.110596
405155.3438;5863654.5;-3780.98291
405215.6563;5863654.5;-3781.156982
405275.9375;5863654.5;-3781.303955
405336.25;5863654.5;-3781.806641
405396.5625;5863654.5;-3786.145996
405456.8438;5863654.5;-3786.08252
405517.1563;5863654.5;-3786.198242
405577.4375;5863654.5;-3786.371582
405637.75;5863654.5;-3786.667236
405698.0625;5863654.5;-3787.057129
405758.3438;5863654.5;-3787.649658
405818.6563;5863654.5;-3788.492432
405878.9688;5863654.5;-3785.211426
405939.25;5863654.5;-3784.660645
405999.5625;5863654.5;-3786.26416
406059.8438;5863654.5;-3787.98999
406120.1563;5863654.5;-3789.747559
406180.4688;5863654.5;-3791.458008
406240.75;5863654.5;-3793.118164
406301.0625;5863654.5;-3794.734863
406361.375;5863654.5;-3796.331787
406421.6563;5863654.5;-3797.904785
406481.9688;5863654.5;-3799.462646
406542.25;5863654.5;-3801.026611
406602.5625;5863654.5;-3802.585449
406662.875;5863654.5;-3804.128662
406723.1563;5863654.5;-3805.690674
406783.4688;5863654.5;-3807.264404
406843.7813;5863654.5;-3808.845459
406904.0625;5863654.5;-3810.454346
406964.375;5863654.5;-3812.075684
407024.6563;5863654.5;-3813.690674
407084.9688;5863654.5;-3815.307129
407145.2813;5863654.5;-3816.913818
407205.5625;5863654.5;-3818.490723
407265.875;5863654.5;-3820.041992
407326.1875;5863654.5;-3821.553223
407386.4688;5863654.5;-3823.022461
407446.7813;5863654.5;-3824.459717
407507.0625;5863654.5;-3825.862549
407567.375;5863654.5;-3827.218262
407627.6875;5863654.5;-3828.535645
407687.9688;5863654.5;-3829.818604
407748.2813;5863654.5;-3831.057373
407808.5938;5863654.5;-3832.235596
407868.875;5863654.5;-3833.363281
407929.1875;5863654.5;-3834.451904
407989.4688;5863654.5;-3835.507568
408049.7813;5863654.5;-3836.524902
408110.0938;5863654.5;-3837.498535
408170.375;5863654.5;-3838.425049
408230.6875;5863654.5;-3839.300293
408291;5863654.5;-3840.120117
408351.2813;5863654.5;-3840.901367
408411.5938;5863654.5;-3841.651611
408471.875;5863654.5;-3842.362793
408532.1875;5863654.5;-3843.018799
408592.5;5863654.5;-3843.633545
408652.7813;5863654.5;-3844.213135
408713.0938;5863654.5;-3844.756348
408773.4063;5863654.5;-3845.255859
408833.6875;5863654.5;-3845.71582
408894;5863654.5;-3846.141357
408954.2813;5863654.5;-3846.535889
409014.5938;5863654.5;-3846.891846
409074.9063;5863654.5;-3847.213135
409135.1875;5863654.5;-3847.505615
409195.5;5863654.5;-3847.768799
409255.8125;5863654.5;-3848.000244
409316.0938;5863654.5;-3848.209229
409376.4063;5863654.5;-3848.397217
401356.4063;5863715;-3854.557373
401416.6875;5863715;-3854.197021
401477;5863715;-3853.877441
401537.3125;5863715;-3853.585205
401597.5938;5863715;-3853.290283
401657.9063;5863715;-3853.047607
401718.2188;5863715;-3852.864502
401778.5;5863715;-3852.664307
401838.8125;5863715;-3852.461426
401899.0938;5863715;-3852.326416
401959.4063;5863715;-3852.29541
402019.7188;5863715;-3851.303467
402080;5863715;-3844.789063
402140.3125;5863715;-3838.648193
402200.625;5863715;-3835.178955
402260.9063;5863715;-3833.605469
402321.2188;5863715;-3831.504639
402381.5;5863715;-3827.307373
402441.8125;5863715;-3821.142578
402502.125;5863715;-3814.443848
402562.4063;5863715;-3808.732178
402622.7188;5863715;-3803.880371
402683.0313;5863715;-3800.179932
402743.3125;5863715;-3804.696289
402803.625;5863715;-3810.57959
402863.9063;5863715;-3814.185791
402924.2188;5863715;-3815.735596
402984.5313;5863715;-3816.877686
403044.8125;5863715;-3817.764404
403105.125;5863715;-3817.32959
403165.4375;5863715;-3815.371582
403225.7188;5863715;-3812.232422
403286.0313;5863715;-3809.98999
403346.3125;5863715;-3809.215088
403406.625;5863715;-3809.715332
403466.9375;5863715;-3811.162842
403527.2188;5863715;-3813.191162
403587.5313;5863715;-3815.262695
403647.8438;5863715;-3817.079834
403708.125;5863715;-3818.54834
403768.4375;5863715;-3819.591064
403828.7188;5863715;-3820.13916
403889.0313;5863715;-3820.045898
403949.3438;5863715;-3818.87085
404009.625;5863715;-3816.182129
404069.9375;5863715;-3812.508789
404130.25;5863715;-3808.140869
404190.5313;5863715;-3803.327881
404250.8438;5863715;-3798.851563
404311.125;5863715;-3795.154785
404371.4375;5863715;-3792.303955
404431.75;5863715;-3790.248779
404492.0313;5863715;-3788.788574
404552.3438;5863715;-3787.678223
404612.625;5863715;-3786.791992
404672.9375;5863715;-3785.99707
404733.25;5863715;-3785.114746
404793.5313;5863715;-3784.09082
404853.8438;5863715;-3782.981445
404914.1563;5863715;-3781.820801
404974.4375;5863715;-3780.697754
405034.75;5863715;-3779.753906
405095.0313;5863715;-3779.08667
405155.3438;5863715;-3778.980957
405215.6563;5863715;-3779.338623
405275.9375;5863715;-3779.830078
405336.25;5863715;-3780.799805
405396.5625;5863715;-3780.977295
405456.8438;5863715;-3784.891602
405517.1563;5863715;-3784.586914
405577.4375;5863715;-3784.50415
405637.75;5863715;-3784.653076
405698.0625;5863715;-3784.950195
405758.3438;5863715;-3785.466797
405818.6563;5863715;-3786.261963
405878.9688;5863715;-3787.286865
405939.25;5863715;-3782.074219
405999.5625;5863715;-3783.75293
406059.8438;5863715;-3785.596191
406120.1563;5863715;-3787.470215
406180.4688;5863715;-3789.287598
406240.75;5863715;-3791.065186
406301.0625;5863715;-3792.80835
406361.375;5863715;-3794.526123
406421.6563;5863715;-3796.214111
406481.9688;5863715;-3797.877686
406542.25;5863715;-3799.538818
406602.5625;5863715;-3801.181152
406662.875;5863715;-3802.793945
406723.1563;5863715;-3804.417725
406783.4688;5863715;-3806.041992
406843.7813;5863715;-3807.654053
406904.0625;5863715;-3809.282471
406964.375;5863715;-3810.912842
407024.6563;5863715;-3812.521973
407084.9688;5863715;-3814.127441
407145.2813;5863715;-3815.718018
407205.5625;5863715;-3817.270752
407265.875;5863715;-3818.797363
407326.1875;5863715;-3820.286133
407386.4688;5863715;-3821.732178
407446.7813;5863715;-3823.148438
407507.0625;5863715;-3824.532227
407567.375;5863715;-3825.871094
407627.6875;5863715;-3827.173828
407687.9688;5863715;-3828.443848
407748.2813;5863715;-3829.672607
407808.5938;5863715;-3830.843506
407868.875;5863715;-3831.96582
407929.1875;5863715;-3833.050537
407989.4688;5863715;-3834.10376
408049.7813;5863715;-3835.119385
408110.0938;5863715;-3836.09375
408170.375;5863715;-3837.02124
408230.6875;5863715;-3837.898682
408291;5863715;-3838.722412
408351.2813;5863715;-3839.508301
408411.5938;5863715;-3840.263672
408471.875;5863715;-3840.980469
408532.1875;5863715;-3841.643066
408592.5;5863715;-3842.264648
408652.7813;5863715;-3842.851074
408713.0938;5863715;-3843.401611
408773.4063;5863715;-3843.908203
408833.6875;5863715;-3844.376221
408894;5863715;-3844.808838
408954.2813;5863715;-3845.209961
409014.5938;5863715;-3845.573486
409074.9063;5863715;-3845.900879
409135.1875;5863715;-3846.199951
409195.5;5863715;-3846.469971
409255.8125;5863715;-3846.706787
409316.0938;5863715;-3846.921387
409376.4063;5863715;-3847.11377
401356.4063;5863775.5;-3854.879883
401416.6875;5863775.5;-3854.521973
401477;5863775.5;-3854.21167
401537.3125;5863775.5;-3853.939697
401597.5938;5863775.5;-3853.695068
401657.9063;5863775.5;-3853.539795
401718.2188;5863775.5;-3853.477051
401778.5;5863775.5;-3853.439453
401838.8125;5863775.5;-3853.532959
401899.0938;5863775.5;-3854.086914
401959.4063;5863775.5;-3855.507324
402019.7188;5863775.5;-3855.48584
402080;5863775.5;-3845.551514
402140.3125;5863775.5;-3836.023193
402200.625;5863775.5;-3832.585938
402260.9063;5863775.5;-3831.973877
402321.2188;5863775.5;-3830.515137
402381.5;5863775.5;-3826.583008
402441.8125;5863775.5;-3820.408936
402502.125;5863775.5;-3813.491455
402562.4063;5863775.5;-3807.546387
402622.7188;5863775.5;-3803.287598
402683.0313;5863775.5;-3800.944092
402743.3125;5863775.5;-3803.533691
402803.625;5863775.5;-3807.536865
402863.9063;5863775.5;-3810.836914
402924.2188;5863775.5;-3813.012939
402984.5313;5863775.5;-3814.374512
403044.8125;5863775.5;-3815.10498
403105.125;5863775.5;-3814.935059
403165.4375;5863775.5;-3813.912598
403225.7188;5863775.5;-3812.187256
403286.0313;5863775.5;-3810.796875
403346.3125;5863775.5;-3810.254639
403406.625;5863775.5;-3810.564453
403466.9375;5863775.5;-3811.563721
403527.2188;5863775.5;-3813.064697
403587.5313;5863775.5;-3814.630859
403647.8438;5863775.5;-3815.986084
403708.125;5863775.5;-3817.022949
403768.4375;5863775.5;-3817.640137
403828.7188;5863775.5;-3817.771973
403889.0313;5863775.5;-3817.311768
403949.3438;5863775.5;-3815.947754
404009.625;5863775.5;-3813.480957
404069.9375;5863775.5;-3810.32959
404130.25;5863775.5;-3806.69165
404190.5313;5863775.5;-3802.692627
404250.8438;5863775.5;-3798.823242
404311.125;5863775.5;-3795.452881
404371.4375;5863775.5;-3792.668701
404431.75;5863775.5;-3790.468018
404492.0313;5863775.5;-3788.737305
404552.3438;5863775.5;-3787.30249
404612.625;5863775.5;-3786.07373
404672.9375;5863775.5;-3784.952881
404733.25;5863775.5;-3783.792725
404793.5313;5863775.5;-3782.545654
404853.8438;5863775.5;-3781.246826
404914.1563;5863775.5;-3779.925049
404974.4375;5863775.5;-3778.65625
405034.75;5863775.5;-3777.567139
405095.0313;5863775.5;-3776.756836
405155.3438;5863775.5;-3776.545166
405215.6563;5863775.5;-3776.932617
405275.9375;5863775.5;-3777.608154
405336.25;5863775.5;-3778.843262
405396.5625;5863775.5;-3779.257568
405456.8438;5863775.5;-3779.10083
405517.1563;5863775.5;-3782.39624
405577.4375;5863775.5;-3782.211914
405637.75;5863775.5;-3782.261719
405698.0625;5863775.5;-3782.478271
405758.3438;5863775.5;-3782.937012
405818.6563;5863775.5;-3783.731201
405878.9688;5863775.5;-3777.997559
405939.25;5863775.5;-3779.617188
405999.5625;5863775.5;-3781.4021
406059.8438;5863775.5;-3783.364014
406120.1563;5863775.5;-3785.359619
406180.4688;5863775.5;-3787.281494
406240.75;5863775.5;-3789.165527
406301.0625;5863775.5;-3791.020264
406361.375;5863775.5;-3792.841064
406421.6563;5863775.5;-3794.626709
406481.9688;5863775.5;-3796.38208
406542.25;5863775.5;-3798.126709
406602.5625;5863775.5;-3799.8396
406662.875;5863775.5;-3801.511719
406723.1563;5863775.5;-3803.188232
406783.4688;5863775.5;-3804.85498
406843.7813;5863775.5;-3806.494141
406904.0625;5863775.5;-3808.138916
406964.375;5863775.5;-3809.776611
407024.6563;5863775.5;-3811.38208
407084.9688;5863775.5;-3812.979248
407145.2813;5863775.5;-3814.557617
407205.5625;5863775.5;-3816.091309
407265.875;5863775.5;-3817.598633
407326.1875;5863775.5;-3819.06958
407386.4688;5863775.5;-3820.496582
407446.7813;5863775.5;-3821.895508
407507.0625;5863775.5;-3823.263672
407567.375;5863775.5;-3824.588379
407627.6875;5863775.5;-3825.87793
407687.9688;5863775.5;-3827.136719
407748.2813;5863775.5;-3828.355957
407808.5938;5863775.5;-3829.519287
407868.875;5863775.5;-3830.635498
407929.1875;5863775.5;-3831.715576
407989.4688;5863775.5;-3832.765137
408049.7813;5863775.5;-3833.778564
408110.0938;5863775.5;-3834.750488
408170.375;5863775.5;-3835.678223
408230.6875;5863775.5;-3836.556396
408291;5863775.5;-3837.38208
408351.2813;5863775.5;-3838.17041
408411.5938;5863775.5;-3838.928223
408471.875;5863775.5;-3839.648438
408532.1875;5863775.5;-3840.315186
408592.5;5863775.5;-3840.941406
408652.7813;5863775.5;-3841.532959
408713.0938;5863775.5;-3842.088135
408773.4063;5863775.5;-3842.600098
408833.6875;5863775.5;-3843.073486
408894;5863775.5;-3843.51123
408954.2813;5863775.5;-3843.917969
409014.5938;5863775.5;-3844.285889
409074.9063;5863775.5;-3844.618408
409135.1875;5863775.5;-3844.922119
409195.5;5863775.5;-3845.195801
409255.8125;5863775.5;-3845.436768
409316.0938;5863775.5;-3845.654785
409376.4063;5863775.5;-3845.85083
401356.4063;5863836.5;-3854.978516
401416.6875;5863836.5;-3854.595459
401477;5863836.5;-3854.26416
401537.3125;5863836.5;-3853.978027
401597.5938;5863836.5;-3853.739258
401657.9063;5863836.5;-3853.613037
401718.2188;5863836.5;-3853.597656
401778.5;5863836.5;-3853.593262
401838.8125;5863836.5;-3853.71167
401899.0938;5863836.5;-3854.36499
401959.4063;5863836.5;-3856.103271
402019.7188;5863836.5;-3856.903564
402080;5863836.5;-3847.369141
402140.3125;5863836.5;-3836.268311
402200.625;5863836.5;-3831.425537
402260.9063;5863836.5;-3830.07959
402321.2188;5863836.5;-3828.012939
402381.5;5863836.5;-3823.978027
402441.8125;5863836.5;-3818.247314
402502.125;5863836.5;-3811.818359
402562.4063;5863836.5;-3806.197021
402622.7188;5863836.5;-3802.371338
402683.0313;5863836.5;-3800.831055
402743.3125;5863836.5;-3802.095947
402803.625;5863836.5;-3804.833008
402863.9063;5863836.5;-3807.541016
402924.2188;5863836.5;-3809.696045
402984.5313;5863836.5;-3811.19043
403044.8125;5863836.5;-3812.07373
403105.125;5863836.5;-3812.318359
403165.4375;5863836.5;-3812.043945
403225.7188;5863836.5;-3811.303711
403286.0313;5863836.5;-3810.598877
403346.3125;5863836.5;-3810.376709
403406.625;5863836.5;-3810.700195
403466.9375;5863836.5;-3811.48584
403527.2188;5863836.5;-3812.657715
403587.5313;5863836.5;-3813.87793
403647.8438;5863836.5;-3814.905518
403708.125;5863836.5;-3815.639648
403768.4375;5863836.5;-3815.973877
403828.7188;5863836.5;-3815.849365
403889.0313;5863836.5;-3815.184814
403949.3438;5863836.5;-3813.749756
404009.625;5863836.5;-3811.466797
404069.9375;5863836.5;-3808.672607
404130.25;5863836.5;-3805.51001
404190.5313;5863836.5;-3802.036865
404250.8438;5863836.5;-3798.572754
404311.125;5863836.5;-3795.427734
404371.4375;5863836.5;-3792.69165
404431.75;5863836.5;-3790.385986
404492.0313;5863836.5;-3788.448975
404552.3438;5863836.5;-3786.757813
404612.625;5863836.5;-3785.246582
404672.9375;5863836.5;-3783.840088
404733.25;5863836.5;-3782.419434
404793.5313;5863836.5;-3780.933594
404853.8438;5863836.5;-3779.408447
404914.1563;5863836.5;-3777.866699
404974.4375;5863836.5;-3776.378174
405034.75;5863836.5;-3775.05542
405095.0313;5863836.5;-3773.999268
405155.3438;5863836.5;-3773.535889
405215.6563;5863836.5;-3773.71167
405275.9375;5863836.5;-3774.302979
405336.25;5863836.5;-3775.567383
405396.5625;5863836.5;-3776.26709
405456.8438;5863836.5;-3776.509033
405517.1563;5863836.5;-3776.789307
405577.4375;5863836.5;-3779.543701
405637.75;5863836.5;-3779.588867
405698.0625;5863836.5;-3779.744629
405758.3438;5863836.5;-3780.120361
405818.6563;5863836.5;-3774.132324
405878.9688;5863836.5;-3775.44873
405939.25;5863836.5;-3777.191895
405999.5625;5863836.5;-3779.107178
406059.8438;5863836.5;-3781.216797
406120.1563;5863836.5;-3783.336914
406180.4688;5863836.5;-3785.366943
406240.75;5863836.5;-3787.357178
406301.0625;5863836.5;-3789.315674
406361.375;5863836.5;-3791.230469
406421.6563;5863836.5;-3793.104492
406481.9688;5863836.5;-3794.943604
406542.25;5863836.5;-3796.763672
406602.5625;5863836.5;-3798.54126
406662.875;5863836.5;-3800.268799
406723.1563;5863836.5;-3801.994141
406783.4688;5863836.5;-3803.700439
406843.7813;5863836.5;-3805.366211
406904.0625;5863836.5;-3807.02832
406964.375;5863836.5;-3808.674805
407024.6563;5863836.5;-3810.280273
407084.9688;5863836.5;-3811.87207
407145.2813;5863836.5;-3813.442627
407205.5625;5863836.5;-3814.962402
407265.875;5863836.5;-3816.455078
407326.1875;5863836.5;-3817.911133
407386.4688;5863836.5;-3819.322266
407446.7813;5863836.5;-3820.706055
407507.0625;5863836.5;-3822.060303
407567.375;5863836.5;-3823.37207
407627.6875;5863836.5;-3824.650146
407687.9688;5863836.5;-3825.897949
407748.2813;5863836.5;-3827.107178
407808.5938;5863836.5;-3828.262695
407868.875;5863836.5;-3829.372314
407929.1875;5863836.5;-3830.447021
407989.4688;5863836.5;-3831.491699
408049.7813;5863836.5;-3832.501465
408110.0938;5863836.5;-3833.470947
408170.375;5863836.5;-3834.396973
408230.6875;5863836.5;-3835.274658
408291;5863836.5;-3836.10083
408351.2813;5863836.5;-3836.890137
408411.5938;5863836.5;-3837.650146
408471.875;5863836.5;-3838.372559
408532.1875;5863836.5;-3839.041992
408592.5;5863836.5;-3839.671631
408652.7813;5863836.5;-3840.26709
408713.0938;5863836.5;-3840.825928
408773.4063;5863836.5;-3841.342041
408833.6875;5863836.5;-3841.819824
408894;5863836.5;-3842.261475
408954.2813;5863836.5;-3842.672607
409014.5938;5863836.5;-3843.044922
409074.9063;5863836.5;-3843.381836
409135.1875;5863836.5;-3843.689209
409195.5;5863836.5;-3843.966797
409255.8125;5863836.5;-3844.210449
409316.0938;5863836.5;-3844.431396
409376.4063;5863836.5;-3844.629883
401356.4063;5863897;-3854.870361
401416.6875;5863897;-3854.436523
401477;5863897;-3854.050781
401537.3125;5863897;-3853.707275
401597.5938;5863897;-3853.411133
401657.9063;5863897;-3853.231201
401718.2188;5863897;-3853.162109
401778.5;5863897;-3853.030762
401838.8125;5863897;-3852.869141
401899.0938;5863897;-3852.926514
401959.4063;5863897;-3853.22998
402019.7188;5863897;-3852.506104
402080;5863897;-3845.430664
402140.3125;5863897;-3836.731689
402200.625;5863897;-3831.2854
402260.9063;5863897;-3828.408203
402321.2188;5863897;-3825.161133
402381.5;5863897;-3820.714355
402441.8125;5863897;-3815.282715
402502.125;5863897;-3809.450684
402562.4063;5863897;-3804.371338
402622.7188;5863897;-3800.957031
402683.0313;5863897;-3799.573486
402743.3125;5863897;-3800.222656
402803.625;5863897;-3802.120605
402863.9063;5863897;-3804.249756
402924.2188;5863897;-3806.215576
402984.5313;5863897;-3807.794922
403044.8125;5863897;-3808.925293
403105.125;5863897;-3809.595947
403165.4375;5863897;-3809.929199
403225.7188;5863897;-3809.924805
403286.0313;5863897;-3809.787598
403346.3125;5863897;-3809.897949
403406.625;5863897;-3810.33374
403466.9375;5863897;-3811.044922
403527.2188;5863897;-3812.020508
403587.5313;5863897;-3813.010498
403647.8438;5863897;-3813.808105
403708.125;5863897;-3814.328369
403768.4375;5863897;-3814.471436
403828.7188;5863897;-3814.184082
403889.0313;5863897;-3813.403809
403949.3438;5863897;-3811.952881
404009.625;5863897;-3809.817627
404069.9375;5863897;-3807.278809
404130.25;5863897;-3804.442139
404190.5313;5863897;-3801.326904
404250.8438;5863897;-3798.148438
404311.125;5863897;-3795.16748
404371.4375;5863897;-3792.468018
404431.75;5863897;-3790.08374
404492.0313;5863897;-3787.986328
404552.3438;5863897;-3786.088379
404612.625;5863897;-3784.340576
404672.9375;5863897;-3782.685791
404733.25;5863897;-3781.018555
404793.5313;5863897;-3779.29541
404853.8438;5863897;-3777.534668
404914.1563;5863897;-3775.755859
404974.4375;5863897;-3774.033691
405034.75;5863897;-3772.479736
405095.0313;5863897;-3771.194092
405155.3438;5863897;-3770.477783
405215.6563;5863897;-3770.403809
405275.9375;5863897;-3770.918701
405336.25;5863897;-3772.271484
405396.5625;5863897;-3773.254883
405456.8438;5863897;-3773.868896
405517.1563;5863897;-3774.407959
405577.4375;5863897;-3774.862793
405637.75;5863897;-3776.995361
405698.0625;5863897;-3777.075928
405758.3438;5863897;-3771.018555
405818.6563;5863897;-3771.562744
405878.9688;5863897;-3773.080566
405939.25;5863897;-3774.988281
405999.5625;5863897;-3777.015625
406059.8438;5863897;-3779.239502
406120.1563;5863897;-3781.466553
406180.4688;5863897;-3783.575684
406240.75;5863897;-3785.655518
406301.0625;5863897;-3787.703369
406361.375;5863897;-3789.701172
406421.6563;5863897;-3791.652832
406481.9688;5863897;-3793.566406
406542.25;5863897;-3795.455078
406602.5625;5863897;-3797.291504
406662.875;5863897;-3799.06958
406723.1563;5863897;-3800.8396
406783.4688;5863897;-3802.583496
406843.7813;5863897;-3804.273682
406904.0625;5863897;-3805.952148
406964.375;5863897;-3807.609131
407024.6563;5863897;-3809.215088
407084.9688;5863897;-3810.805176
407145.2813;5863897;-3812.369873
407205.5625;5863897;-3813.878174
407265.875;5863897;-3815.358398
407326.1875;5863897;-3816.802734
407386.4688;5863897;-3818.199219
407446.7813;5863897;-3819.56958
407507.0625;5863897;-3820.911621
407567.375;5863897;-3822.210449
407627.6875;5863897;-3823.477051
407687.9688;5863897;-3824.714111
407748.2813;5863897;-3825.913818
407808.5938;5863897;-3827.061035
407868.875;5863897;-3828.164063
407929.1875;5863897;-3829.232422
407989.4688;5863897;-3830.272217
408049.7813;5863897;-3831.277832
408110.0938;5863897;-3832.243652
408170.375;5863897;-3833.167725
408230.6875;5863897;-3834.044189
408291;5863897;-3834.870117
408351.2813;5863897;-3835.660156
408411.5938;5863897;-3836.420654
408471.875;5863897;-3837.14502
408532.1875;5863897;-3837.81665
408592.5;5863897;-3838.448242
408652.7813;5863897;-3839.046875
408713.0938;5863897;-3839.609131
408773.4063;5863897;-3840.129639
408833.6875;5863897;-3840.610596
408894;5863897;-3841.056152
408954.2813;5863897;-3841.471191
409014.5938;5863897;-3841.847168
409074.9063;5863897;-3842.187744
409135.1875;5863897;-3842.498779
409195.5;5863897;-3842.779297
409255.8125;5863897;-3843.025635
409316.0938;5863897;-3843.248535
409376.4063;5863897;-3843.449219
401356.4063;5863957.5;-3854.584717
401416.6875;5863957.5;-3854.080811
401477;5863957.5;-3853.613525
401537.3125;5863957.5;-3853.175537
401597.5938;5863957.5;-3852.760254
401657.9063;5863957.5;-3852.423828
401718.2188;5863957.5;-3852.156494
401778.5;5863957.5;-3851.770508
401838.8125;5863957.5;-3851.192383
401899.0938;5863957.5;-3850.501953
401959.4063;5863957.5;-3849.557617
402019.7188;5863957.5;-3847.543945
402080;5863957.5;-3842.185303
402140.3125;5863957.5;-3835.885986
402200.625;5863957.5;-3830.515625
402260.9063;5863957.5;-3826.458496
402321.2188;5863957.5;-3822.123535
402381.5;5863957.5;-3817.224854
402441.8125;5863957.5;-3811.932129
402502.125;5863957.5;-3806.611816
402562.4063;5863957.5;-3802.101318
402622.7188;5863957.5;-3799.11499
402683.0313;5863957.5;-3797.839111
402743.3125;5863957.5;-3798.168701
402803.625;5863957.5;-3799.509766
402863.9063;5863957.5;-3801.201416
402924.2188;5863957.5;-3802.967285
402984.5313;5863957.5;-3804.592529
403044.8125;5863957.5;-3805.959229
403105.125;5863957.5;-3807.004639
403165.4375;5863957.5;-3807.817139
403225.7188;5863957.5;-3808.364014
403286.0313;5863957.5;-3808.690674
403346.3125;5863957.5;-3809.108398
403406.625;5863957.5;-3809.693848
403466.9375;5863957.5;-3810.409912
403527.2188;5863957.5;-3811.276123
403587.5313;5863957.5;-3812.109863
403647.8438;5863957.5;-3812.742676
403708.125;5863957.5;-3813.105225
403768.4375;5863957.5;-3813.109863
403828.7188;5863957.5;-3812.712402
403889.0313;5863957.5;-3811.864746
403949.3438;5863957.5;-3810.422607
404009.625;5863957.5;-3808.406982
404069.9375;5863957.5;-3806.054688
404130.25;5863957.5;-3803.450684
404190.5313;5863957.5;-3800.591309
404250.8438;5863957.5;-3797.624023
404311.125;5863957.5;-3794.767822
404371.4375;5863957.5;-3792.100586
404431.75;5863957.5;-3789.661133
404492.0313;5863957.5;-3787.440674
404552.3438;5863957.5;-3785.37793
404612.625;5863957.5;-3783.435791
404672.9375;5863957.5;-3781.566162
404733.25;5863957.5;-3779.67749
404793.5313;5863957.5;-3777.734375
404853.8438;5863957.5;-3775.748535
404914.1563;5863957.5;-3773.745605
404974.4375;5863957.5;-3771.820557
405034.75;5863957.5;-3770.086426
405095.0313;5863957.5;-3768.658691
405155.3438;5863957.5;-3767.855957
405215.6563;5863957.5;-3767.756348
405275.9375;5863957.5;-3768.282471
405336.25;5863957.5;-3769.63208
405396.5625;5863957.5;-3770.751221
405456.8438;5863957.5;-3771.574463
405517.1563;5863957.5;-3772.27002
405577.4375;5863957.5;-3772.792725
405637.75;5863957.5;-3773.195557
405698.0625;5863957.5;-3769.383789
405758.3438;5863957.5;-3769.313721
405818.6563;5863957.5;-3769.904297
405878.9688;5863957.5;-3771.491211
405939.25;5863957.5;-3773.454102
405999.5625;5863957.5;-3775.515137
406059.8438;5863957.5;-3777.771973
406120.1563;5863957.5;-3780.032227
406180.4688;5863957.5;-3782.171387
406240.75;5863957.5;-3784.283691
406301.0625;5863957.5;-3786.37915
406361.375;5863957.5;-3788.420166
406421.6563;5863957.5;-3790.416992
406481.9688;5863957.5;-3792.37793
406542.25;5863957.5;-3794.308105
406602.5625;5863957.5;-3796.180908
406662.875;5863957.5;-3797.991943
406723.1563;5863957.5;-3799.790283
406783.4688;5863957.5;-3801.556885
406843.7813;5863957.5;-3803.262207
406904.0625;5863957.5;-3804.948486
406964.375;5863957.5;-3806.608643
407024.6563;5863957.5;-3808.212646
407084.9688;5863957.5;-3809.796875
407145.2813;5863957.5;-3811.354004
407205.5625;5863957.5;-3812.85083
407265.875;5863957.5;-3814.318604
407326.1875;5863957.5;-3815.750244
407386.4688;5863957.5;-3817.134033
407446.7813;5863957.5;-3818.491699
407507.0625;5863957.5;-3819.821045
407567.375;5863957.5;-3821.108154
407627.6875;5863957.5;-3822.363281
407687.9688;5863957.5;-3823.590332
407748.2813;5863957.5;-3824.779785
407808.5938;5863957.5;-3825.918213
407868.875;5863957.5;-3827.013916
407929.1875;5863957.5;-3828.075684
407989.4688;5863957.5;-3829.109131
408049.7813;5863957.5;-3830.109619
408110.0938;5863957.5;-3831.071289
408170.375;5863957.5;-3831.991699
408230.6875;5863957.5;-3832.865967
408291;5863957.5;-3833.689941
408351.2813;5863957.5;-3834.479004
408411.5938;5863957.5;-3835.239014
408471.875;5863957.5;-3835.963623
408532.1875;5863957.5;-3836.635986
408592.5;5863957.5;-3837.268799
408652.7813;5863957.5;-3837.868164
408713.0938;5863957.5;-3838.432373
408773.4063;5863957.5;-3838.95459
408833.6875;5863957.5;-3839.437988
408894;5863957.5;-3839.885986
408954.2813;5863957.5;-3840.303223
409014.5938;5863957.5;-3840.682129
409074.9063;5863957.5;-3841.02417
409135.1875;5863957.5;-3841.336914
409195.5;5863957.5;-3841.619873
409255.8125;5863957.5;-3841.86792
409316.0938;5863957.5;-3842.092041
409376.4063;5863957.5;-3842.293213
401356.4063;5864018;-3854.143555
401416.6875;5864018;-3853.556152
401477;5864018;-3852.988281
401537.3125;5864018;-3852.427246
401597.5938;5864018;-3851.848389
401657.9063;5864018;-3851.278564
401718.2188;5864018;-3850.705322
401778.5;5864018;-3850.006104
401838.8125;5864018;-3849.071533
401899.0938;5864018;-3847.824463
401959.4063;5864018;-3846.083984
402019.7188;5864018;-3843.412598
402080;5864018;-3838.876953
402140.3125;5864018;-3833.697998
402200.625;5864018;-3828.546387
402260.9063;5864018;-3823.744385
402321.2188;5864018;-3818.724609
402381.5;5864018;-3813.555908
402441.8125;5864018;-3808.345947
402502.125;5864018;-3803.379883
402562.4063;5864018;-3799.354004
402622.7188;5864018;-3796.780518
402683.0313;5864018;-3795.691895
402743.3125;5864018;-3795.908936
402803.625;5864018;-3796.969238
402863.9063;5864018;-3798.418945
402924.2188;5864018;-3800.069824
402984.5313;5864018;-3801.763916
403044.8125;5864018;-3803.349609
403105.125;5864018;-3804.705566
403165.4375;5864018;-3805.886475
403225.7188;5864018;-3806.8396
403286.0313;5864018;-3807.532227
403346.3125;5864018;-3808.214355
403406.625;5864018;-3808.953857
403466.9375;5864018;-3809.713623
403527.2188;5864018;-3810.518311
403587.5313;5864018;-3811.239258
403647.8438;5864018;-3811.740967
403708.125;5864018;-3811.972412
403768.4375;5864018;-3811.862549
403828.7188;5864018;-3811.37793
403889.0313;5864018;-3810.481445
403949.3438;5864018;-3809.055908
404009.625;5864018;-3807.133301
404069.9375;5864018;-3804.920654
404130.25;5864018;-3802.487061
404190.5313;5864018;-3799.815674
404250.8438;5864018;-3797.008301
404311.125;5864018;-3794.251221
404371.4375;5864018;-3791.613281
404431.75;5864018;-3789.134277
404492.0313;5864018;-3786.817627
404552.3438;5864018;-3784.621826
404612.625;5864018;-3782.519775
404672.9375;5864018;-3780.466064
404733.25;5864018;-3778.384277
404793.5313;5864018;-3776.247314
404853.8438;5864018;-3774.064941
404914.1563;5864018;-3771.869873
404974.4375;5864018;-3769.782959
405034.75;5864018;-3767.92041
405095.0313;5864018;-3766.427734
405155.3438;5864018;-3765.698975
405215.6563;5864018;-3765.801514
405275.9375;5864018;-3766.422852
405336.25;5864018;-3767.678223
405396.5625;5864018;-3768.816162
405456.8438;5864018;-3769.740967
405517.1563;5864018;-3770.523438
405577.4375;5864018;-3771.10498
405637.75;5864018;-3768.528076
405698.0625;5864018;-3768.398438
405758.3438;5864018;-3768.513428
405818.6563;5864018;-3769.157959
405878.9688;5864018;-3770.616455
405939.25;5864018;-3772.471191
405999.5625;5864018;-3774.457764
406059.8438;5864018;-3776.660645
406120.1563;5864018;-3778.887695
406180.4688;5864018;-3781.008301
406240.75;5864018;-3783.12085
406301.0625;5864018;-3785.230469
406361.375;5864018;-3787.290283
406421.6563;5864018;-3789.312744
406481.9688;5864018;-3791.303711
406542.25;5864018;-3793.260498
406602.5625;5864018;-3795.156982
406662.875;5864018;-3796.990234
406723.1563;5864018;-3798.807617
406783.4688;5864018;-3800.589111
406843.7813;5864018;-3802.303223
406904.0625;5864018;-3803.993652
406964.375;5864018;-3805.65332
407024.6563;5864018;-3807.253418
407084.9688;5864018;-3808.831299
407145.2813;5864018;-3810.380127
407205.5625;5864018;-3811.866211
407265.875;5864018;-3813.322021
407326.1875;5864018;-3814.741943
407386.4688;5864018;-3816.112793
407446.7813;5864018;-3817.458252
407507.0625;5864018;-3818.775879
407567.375;5864018;-3820.05127
407627.6875;5864018;-3821.295654
407687.9688;5864018;-3822.512451
407748.2813;5864018;-3823.69165
407808.5938;5864018;-3824.821289
407868.875;5864018;-3825.90918
407929.1875;5864018;-3826.964355
407989.4688;5864018;-3827.991211
408049.7813;5864018;-3828.985596
408110.0938;5864018;-3829.942383
408170.375;5864018;-3830.858643
408230.6875;5864018;-3831.729736
408291;5864018;-3832.552002
408351.2813;5864018;-3833.338867
408411.5938;5864018;-3834.0979
408471.875;5864018;-3834.821045
408532.1875;5864018;-3835.493408
408592.5;5864018;-3836.126709
408652.7813;5864018;-3836.727051
408713.0938;5864018;-3837.29248
408773.4063;5864018;-3837.815674
408833.6875;5864018;-3838.300293
408894;5864018;-3838.750244
408954.2813;5864018;-3839.169434
409014.5938;5864018;-3839.549561
409074.9063;5864018;-3839.893311
409135.1875;5864018;-3840.208008
409195.5;5864018;-3840.491699
409255.8125;5864018;-3840.740967
409316.0938;5864018;-3840.965332
409376.4063;5864018;-3841.16748
401356.4063;5864078.5;-3853.571045
401416.6875;5864078.5;-3852.890625
401477;5864078.5;-3852.21167
401537.3125;5864078.5;-3851.516602
401597.5938;5864078.5;-3850.761963
401657.9063;5864078.5;-3849.955322
401718.2188;5864078.5;-3849.077148
401778.5;5864078.5;-3848.044189
401838.8125;5864078.5;-3846.761475
401899.0938;5864078.5;-3845.134033
401959.4063;5864078.5;-3842.968018
402019.7188;5864078.5;-3839.964355
402080;5864078.5;-3835.720703
402140.3125;5864078.5;-3830.898193
402200.625;5864078.5;-3825.80835
402260.9063;5864078.5;-3820.611328
402321.2188;5864078.5;-3815.241211
402381.5;5864078.5;-3809.899658
402441.8125;5864078.5;-3804.684082
402502.125;5864078.5;-3799.901123
402562.4063;5864078.5;-3796.263916
402622.7188;5864078.5;-3794.105225
402683.0313;5864078.5;-3793.308838
402743.3125;5864078.5;-3793.608643
402803.625;5864078.5;-3794.628174
402863.9063;5864078.5;-3796.030029
402924.2188;5864078.5;-3797.686035
402984.5313;5864078.5;-3799.485596
403044.8125;5864078.5;-3801.258789
403105.125;5864078.5;-3802.853516
403165.4375;5864078.5;-3804.302246
403225.7188;5864078.5;-3805.54541
403286.0313;5864078.5;-3806.512207
403346.3125;5864078.5;-3807.402588
403406.625;5864078.5;-3808.272949
403466.9375;5864078.5;-3809.079102
403527.2188;5864078.5;-3809.837646
403587.5313;5864078.5;-3810.462891
403647.8438;5864078.5;-3810.845947
403708.125;5864078.5;-3810.954102
403768.4375;5864078.5;-3810.735596
403828.7188;5864078.5;-3810.168701
403889.0313;5864078.5;-3809.22583
403949.3438;5864078.5;-3807.809082
404009.625;5864078.5;-3805.95459
404069.9375;5864078.5;-3803.844482
404130.25;5864078.5;-3801.536865
404190.5313;5864078.5;-3799.005615
404250.8438;5864078.5;-3796.321777
404311.125;5864078.5;-3793.641602
404371.4375;5864078.5;-3791.02832
404431.75;5864078.5;-3788.519043
404492.0313;5864078.5;-3786.125732
404552.3438;5864078.5;-3783.821533
404612.625;5864078.5;-3781.5896
404672.9375;5864078.5;-3779.385498
404733.25;5864078.5;-3777.150146
404793.5313;5864078.5;-3774.866455
404853.8438;5864078.5;-3772.53833
404914.1563;5864078.5;-3770.208984
404974.4375;5864078.5;-3768.016602
405034.75;5864078.5;-3766.069824
405095.0313;5864078.5;-3764.530029
405155.3438;5864078.5;-3763.893799
405215.6563;5864078.5;-3764.223389
405275.9375;5864078.5;-3764.996094
405336.25;5864078.5;-3766.238281
405396.5625;5864078.5;-3767.410645
405456.8438;5864078.5;-3768.399902
405517.1563;5864078.5;-3769.24292
405577.4375;5864078.5;-3767.921631
405637.75;5864078.5;-3767.929443
405698.0625;5864078.5;-3767.981689
405758.3438;5864078.5;-3768.266113
405818.6563;5864078.5;-3768.94043
405878.9688;5864078.5;-3770.237305
405939.25;5864078.5;-3771.917236
405999.5625;5864078.5;-3773.747803
406059.8438;5864078.5;-3775.82666
406120.1563;5864078.5;-3777.967041
406180.4688;5864078.5;-3780.029541
406240.75;5864078.5;-3782.115723
406301.0625;5864078.5;-3784.214355
406361.375;5864078.5;-3786.273926
406421.6563;5864078.5;-3788.305908
406481.9688;5864078.5;-3790.313721
406542.25;5864078.5;-3792.286621
406602.5625;5864078.5;-3794.198486
406662.875;5864078.5;-3796.047363
406723.1563;5864078.5;-3797.876709
406783.4688;5864078.5;-3799.667969
406843.7813;5864078.5;-3801.387695
406904.0625;5864078.5;-3803.079102
406964.375;5864078.5;-3804.737549
407024.6563;5864078.5;-3806.332764
407084.9688;5864078.5;-3807.903809
407145.2813;5864078.5;-3809.443848
407205.5625;5864078.5;-3810.919189
407265.875;5864078.5;-3812.364258
407326.1875;5864078.5;-3813.772217
407386.4688;5864078.5;-3815.131592
407446.7813;5864078.5;-3816.464844
407507.0625;5864078.5;-3817.77124
407567.375;5864078.5;-3819.034912
407627.6875;5864078.5;-3820.268555
407687.9688;5864078.5;-3821.475098
407748.2813;5864078.5;-3822.644287
407808.5938;5864078.5;-3823.765869
407868.875;5864078.5;-3824.846191
407929.1875;5864078.5;-3825.893799
407989.4688;5864078.5;-3826.914307
408049.7813;5864078.5;-3827.902588
408110.0938;5864078.5;-3828.854736
408170.375;5864078.5;-3829.766113
408230.6875;5864078.5;-3830.633545
408291;5864078.5;-3831.453125
408351.2813;5864078.5;-3832.238037
408411.5938;5864078.5;-3832.995605
408471.875;5864078.5;-3833.717529
408532.1875;5864078.5;-3834.389404
408592.5;5864078.5;-3835.022949
408652.7813;5864078.5;-3835.623535
408713.0938;5864078.5;-3836.189453
408773.4063;5864078.5;-3836.713379
408833.6875;5864078.5;-3837.199219
408894;5864078.5;-3837.650635
408954.2813;5864078.5;-3838.071045
409014.5938;5864078.5;-3838.452393
409074.9063;5864078.5;-3838.798096
409135.1875;5864078.5;-3839.114258
409195.5;5864078.5;-3839.398926
409255.8125;5864078.5;-3839.649414
409316.0938;5864078.5;-3839.875
409376.4063;5864078.5;-3840.077393
401356.4063;5864139.5;-3852.905029
401416.6875;5864139.5;-3852.130615
401477;5864139.5;-3851.340088
401537.3125;5864139.5;-3850.512451
401597.5938;5864139.5;-3849.59082
401657.9063;5864139.5;-3848.568115
401718.2188;5864139.5;-3847.423096
401778.5;5864139.5;-3846.082031
401838.8125;5864139.5;-3844.464111
401899.0938;5864139.5;-3842.51416
401959.4063;5864139.5;-3840.071289
402019.7188;5864139.5;-3836.890625
402080;5864139.5;-3832.745361
402140.3125;5864139.5;-3828.036621
402200.625;5864139.5;-3822.94751
402260.9063;5864139.5;-3817.549561
402321.2188;5864139.5;-3811.949463
402381.5;5864139.5;-3806.421143
402441.8125;5864139.5;-3801.094238
402502.125;5864139.5;-3796.344238
402562.4063;5864139.5;-3793.014648
402622.7188;5864139.5;-3791.335693
402683.0313;5864139.5;-3790.995117
402743.3125;5864139.5;-3791.528564
402803.625;5864139.5;-3792.654541
402863.9063;5864139.5;-3794.129395
402924.2188;5864139.5;-3795.86499
402984.5313;5864139.5;-3797.783447
403044.8125;5864139.5;-3799.708496
403105.125;5864139.5;-3801.48291
403165.4375;5864139.5;-3803.125488
403225.7188;5864139.5;-3804.574463
403286.0313;5864139.5;-3805.741455
403346.3125;5864139.5;-3806.787109
403406.625;5864139.5;-3807.753174
403466.9375;5864139.5;-3808.587158
403527.2188;5864139.5;-3809.294922
403587.5313;5864139.5;-3809.823486
403647.8438;5864139.5;-3810.089355
403708.125;5864139.5;-3810.076172
403768.4375;5864139.5;-3809.749512
403828.7188;5864139.5;-3809.099121
403889.0313;5864139.5;-3808.106689
403949.3438;5864139.5;-3806.689453
404009.625;5864139.5;-3804.883301
404069.9375;5864139.5;-3802.848877
404130.25;5864139.5;-3800.635986
404190.5313;5864139.5;-3798.212891
404250.8438;5864139.5;-3795.625
404311.125;5864139.5;-3793.006348
404371.4375;5864139.5;-3790.413086
404431.75;5864139.5;-3787.880615
404492.0313;5864139.5;-3785.424805
404552.3438;5864139.5;-3783.034668
404612.625;5864139.5;-3780.696533
404672.9375;5864139.5;-3778.375732
404733.25;5864139.5;-3776.029785
404793.5313;5864139.5;-3773.64917
404853.8438;5864139.5;-3771.239014
404914.1563;5864139.5;-3768.854736
404974.4375;5864139.5;-3766.640625
405034.75;5864139.5;-3764.675293
405095.0313;5864139.5;-3763.115723
405155.3438;5864139.5;-3762.567383
405215.6563;5864139.5;-3763.080566
405275.9375;5864139.5;-3763.984863
405336.25;5864139.5;-3765.23291
405396.5625;5864139.5;-3766.425293
405456.8438;5864139.5;-3767.446289
405517.1563;5864139.5;-3767.235107
405577.4375;5864139.5;-3767.540039
405637.75;5864139.5;-3767.742188
405698.0625;5864139.5;-3767.969482
405758.3438;5864139.5;-3768.382813
405818.6563;5864139.5;-3769.086182
405878.9688;5864139.5;-3770.262695
405939.25;5864139.5;-3771.776611
405999.5625;5864139.5;-3773.445801
406059.8438;5864139.5;-3775.381104
406120.1563;5864139.5;-3777.409912
406180.4688;5864139.5;-3779.391846
406240.75;5864139.5;-3781.424072
406301.0625;5864139.5;-3783.484863
406361.375;5864139.5;-3785.516602
406421.6563;5864139.5;-3787.531738
406481.9688;5864139.5;-3789.531738
406542.25;5864139.5;-3791.49707
406602.5625;5864139.5;-3793.402832
406662.875;5864139.5;-3795.248779
406723.1563;5864139.5;-3797.073486
406783.4688;5864139.5;-3798.859131
406843.7813;5864139.5;-3800.572754
406904.0625;5864139.5;-3802.255615
406964.375;5864139.5;-3803.90332
407024.6563;5864139.5;-3805.487793
407084.9688;5864139.5;-3807.045898
407145.2813;5864139.5;-3808.572754
407205.5625;5864139.5;-3810.035156
407265.875;5864139.5;-3811.466309
407326.1875;5864139.5;-3812.860596
407386.4688;5864139.5;-3814.206299
407446.7813;5864139.5;-3815.526611
407507.0625;5864139.5;-3816.820068
407567.375;5864139.5;-3818.071533
407627.6875;5864139.5;-3819.293457
407687.9688;5864139.5;-3820.489014
407748.2813;5864139.5;-3821.648193
407808.5938;5864139.5;-3822.759766
407868.875;5864139.5;-3823.832031
407929.1875;5864139.5;-3824.871338
407989.4688;5864139.5;-3825.884033
408049.7813;5864139.5;-3826.865723
408110.0938;5864139.5;-3827.811523
408170.375;5864139.5;-3828.717529
408230.6875;5864139.5;-3829.580811
408291;5864139.5;-3830.39624
408351.2813;5864139.5;-3831.178223
408411.5938;5864139.5;-3831.932861
408471.875;5864139.5;-3832.653076
408532.1875;5864139.5;-3833.322754
408592.5;5864139.5;-3833.955322
408652.7813;5864139.5;-3834.555176
408713.0938;5864139.5;-3835.120117
408773.4063;5864139.5;-3835.644287
408833.6875;5864139.5;-3836.130127
408894;5864139.5;-3836.581543
408954.2813;5864139.5;-3837.002686
409014.5938;5864139.5;-3837.384766
409074.9063;5864139.5;-3837.731201
409135.1875;5864139.5;-3838.047363
409195.5;5864139.5;-3838.333008
409255.8125;5864139.5;-3838.583984
409316.0938;5864139.5;-3838.810303
409376.4063;5864139.5;-3839.012939
401356.4063;5864200;-3852.175049
401416.6875;5864200;-3851.312256
401477;5864200;-3850.416992
401537.3125;5864200;-3849.466797
401597.5938;5864200;-3848.39917
401657.9063;5864200;-3847.195557
401718.2188;5864200;-3845.833496
401778.5;5864200;-3844.243652
401838.8125;5864200;-3842.352783
401899.0938;5864200;-3840.140137
401959.4063;5864200;-3837.489502
402019.7188;5864200;-3834.205811
402080;5864200;-3830.118652
402140.3125;5864200;-3825.493164
402200.625;5864200;-3820.431641
402260.9063;5864200;-3814.956055
402321.2188;5864200;-3809.202881
402381.5;5864200;-3803.480957
402441.8125;5864200;-3797.941895
402502.125;5864200;-3793.011475
402562.4063;5864200;-3789.729248
402622.7188;5864200;-3788.627686
402683.0313;5864200;-3789.11084
402743.3125;5864200;-3790.058105
402803.625;5864200;-3791.359131
402863.9063;5864200;-3792.951416
402924.2188;5864200;-3794.782471
402984.5313;5864200;-3796.795654
403044.8125;5864200;-3798.818115
403105.125;5864200;-3800.70166
403165.4375;5864200;-3802.459229
403225.7188;5864200;-3804.029785
403286.0313;5864200;-3805.317383
403346.3125;5864200;-3806.45166
403406.625;5864200;-3807.462891
403466.9375;5864200;-3808.290771
403527.2188;5864200;-3808.928223
403587.5313;5864200;-3809.349365
403647.8438;5864200;-3809.49292
403708.125;5864200;-3809.355957
403768.4375;5864200;-3808.919189
403828.7188;5864200;-3808.182617
403889.0313;5864200;-3807.13501
403949.3438;5864200;-3805.70459
404009.625;5864200;-3803.926025
404069.9375;5864200;-3801.941162
404130.25;5864200;-3799.792725
404190.5313;5864200;-3797.446289
404250.8438;5864200;-3794.928223
404311.125;5864200;-3792.354004
404371.4375;5864200;-3789.773682
404431.75;5864200;-3787.220459
404492.0313;5864200;-3784.715332
404552.3438;5864200;-3782.258057
404612.625;5864200;-3779.839844
404672.9375;5864200;-3777.437012
404733.25;5864200;-3775.025391
404793.5313;5864200;-3772.606445
404853.8438;5864200;-3770.186279
404914.1563;5864200;-3767.837158
404974.4375;5864200;-3765.712891
405034.75;5864200;-3763.866943
405095.0313;5864200;-3762.43335
405155.3438;5864200;-3761.968994
405215.6563;5864200;-3762.519775
405275.9375;5864200;-3763.450439
405336.25;5864200;-3764.659424
405396.5625;5864200;-3765.842773
405456.8438;5864200;-3766.456543
405517.1563;5864200;-3767.07373
405577.4375;5864200;-3767.502441
405637.75;5864200;-3767.85498
405698.0625;5864200;-3768.218994
405758.3438;5864200;-3768.729004
405818.6563;5864200;-3769.459717
405878.9688;5864200;-3770.544922
405939.25;5864200;-3771.916016
405999.5625;5864200;-3773.434814
406059.8438;5864200;-3775.223389
406120.1563;5864200;-3777.127197
406180.4688;5864200;-3779.012451
406240.75;5864200;-3780.970459
406301.0625;5864200;-3782.973389
406361.375;5864200;-3784.955322
406421.6563;5864200;-3786.93457
406481.9688;5864200;-3788.906494
406542.25;5864200;-3790.84668
406602.5625;5864200;-3792.731201
406662.875;5864200;-3794.560791
406723.1563;5864200;-3796.368896
406783.4688;5864200;-3798.137939
406843.7813;5864200;-3799.837891
406904.0625;5864200;-3801.504639
406964.375;5864200;-3803.135498
407024.6563;5864200;-3804.705078
407084.9688;5864200;-3806.247803
407145.2813;5864200;-3807.758057
407205.5625;5864200;-3809.205566
407265.875;5864200;-3810.621826
407326.1875;5864200;-3812.001221
407386.4688;5864200;-3813.332764
407446.7813;5864200;-3814.63916
407507.0625;5864200;-3815.919922
407567.375;5864200;-3817.158691
407627.6875;5864200;-3818.368652
407687.9688;5864200;-3819.552979
407748.2813;5864200;-3820.701416
407808.5938;5864200;-3821.803223
407868.875;5864200;-3822.866211
407929.1875;5864200;-3823.897217
407989.4688;5864200;-3824.901855
408049.7813;5864200;-3825.876221
408110.0938;5864200;-3826.81543
408170.375;5864200;-3827.715332
408230.6875;5864200;-3828.573242
408291;5864200;-3829.384277
408351.2813;5864200;-3830.162598
408411.5938;5864200;-3830.913574
408471.875;5864200;-3831.630615
408532.1875;5864200;-3832.298096
408592.5;5864200;-3832.928711
408652.7813;5864200;-3833.526855
408713.0938;5864200;-3834.091064
408773.4063;5864200;-3834.614502
408833.6875;5864200;-3835.099854
408894;5864200;-3835.551025
408954.2813;5864200;-3835.972168
409014.5938;5864200;-3836.354004
409074.9063;5864200;-3836.700439
409135.1875;5864200;-3837.01709
409195.5;5864200;-3837.30249
409255.8125;5864200;-3837.553223
409316.0938;5864200;-3837.779785
409376.4063;5864200;-3837.982422
401356.4063;5864260.5;-3851.415771
401416.6875;5864260.5;-3850.477783
401477;5864260.5;-3849.493896
401537.3125;5864260.5;-3848.442871
401597.5938;5864260.5;-3847.261475
401657.9063;5864260.5;-3845.925781
401718.2188;5864260.5;-3844.413086
401778.5;5864260.5;-3842.658203
401838.8125;5864260.5;-3840.59082
401899.0938;5864260.5;-3838.213379
401959.4063;5864260.5;-3835.444092
402019.7188;5864260.5;-3832.12793
402080;5864260.5;-3828.125244
402140.3125;5864260.5;-3823.622559
402200.625;5864260.5;-3818.675781
402260.9063;5864260.5;-3813.26709
402321.2188;5864260.5;-3807.501709
402381.5;5864260.5;-3801.668701
402441.8125;5864260.5;-3795.892334
402502.125;5864260.5;-3790.549561
402562.4063;5864260.5;-3786.961914
402622.7188;5864260.5;-3786.433105
402683.0313;5864260.5;-3788.069336
402743.3125;5864260.5;-3789.648438
402803.625;5864260.5;-3791.150879
402863.9063;5864260.5;-3792.824707
402924.2188;5864260.5;-3794.697754
402984.5313;5864260.5;-3796.733398
403044.8125;5864260.5;-3798.768555
403105.125;5864260.5;-3800.67041
403165.4375;5864260.5;-3802.447754
403225.7188;5864260.5;-3804.041748
403286.0313;5864260.5;-3805.355957
403346.3125;5864260.5;-3806.495117
403406.625;5864260.5;-3807.482178
403466.9375;5864260.5;-3808.252441
403527.2188;5864260.5;-3808.787842
403587.5313;5864260.5;-3809.082031
403647.8438;5864260.5;-3809.092773
403708.125;5864260.5;-3808.825684
403768.4375;5864260.5;-3808.274902
403828.7188;5864260.5;-3807.446777
403889.0313;5864260.5;-3806.334229
403949.3438;5864260.5;-3804.875488
404009.625;5864260.5;-3803.101074
404069.9375;5864260.5;-3801.137451
404130.25;5864260.5;-3799.022461
404190.5313;5864260.5;-3796.720459
404250.8438;5864260.5;-3794.244141
404311.125;5864260.5;-3791.69458
404371.4375;5864260.5;-3789.116943
404431.75;5864260.5;-3786.543945
404492.0313;5864260.5;-3783.998535
404552.3438;5864260.5;-3781.491699
404612.625;5864260.5;-3779.018799
404672.9375;5864260.5;-3776.568848
404733.25;5864260.5;-3774.139404
404793.5313;5864260.5;-3771.740967
404853.8438;5864260.5;-3769.383057
404914.1563;5864260.5;-3767.157227
404974.4375;5864260.5;-3765.220703
405034.75;5864260.5;-3763.614014
405095.0313;5864260.5;-3762.43335
405155.3438;5864260.5;-3762.044678
405215.6563;5864260.5;-3762.505127
405275.9375;5864260.5;-3763.365967
405336.25;5864260.5;-3764.482178
405396.5625;5864260.5;-3765.540527
405456.8438;5864260.5;-3766.510254
405517.1563;5864260.5;-3767.212158
405577.4375;5864260.5;-3767.718018
405637.75;5864260.5;-3768.17749
405698.0625;5864260.5;-3768.63501
405758.3438;5864260.5;-3769.211426
405818.6563;5864260.5;-3769.962891
405878.9688;5864260.5;-3770.97583
405939.25;5864260.5;-3772.223877
405999.5625;5864260.5;-3773.605469
406059.8438;5864260.5;-3775.251221
406120.1563;5864260.5;-3777.027344
406180.4688;5864260.5;-3778.807373
406240.75;5864260.5;-3780.679199
406301.0625;5864260.5;-3782.610596
406361.375;5864260.5;-3784.529053
406421.6563;5864260.5;-3786.45752
406481.9688;5864260.5;-3788.38916
406542.25;5864260.5;-3790.291748
406602.5625;5864260.5;-3792.145752
406662.875;5864260.5;-3793.951172
406723.1563;5864260.5;-3795.735352
406783.4688;5864260.5;-3797.481934
406843.7813;5864260.5;-3799.16333
406904.0625;5864260.5;-3800.810791
406964.375;5864260.5;-3802.422852
407024.6563;5864260.5;-3803.975098
407084.9688;5864260.5;-3805.500977
407145.2813;5864260.5;-3806.994141
407205.5625;5864260.5;-3808.426514
407265.875;5864260.5;-3809.827393
407326.1875;5864260.5;-3811.191895
407386.4688;5864260.5;-3812.509766
407446.7813;5864260.5;-3813.802979
407507.0625;5864260.5;-3815.070801
407567.375;5864260.5;-3816.297852
407627.6875;5864260.5;-3817.496094
407687.9688;5864260.5;-3818.669189
407748.2813;5864260.5;-3819.806885
407808.5938;5864260.5;-3820.899658
407868.875;5864260.5;-3821.953857
407929.1875;5864260.5;-3822.97583
407989.4688;5864260.5;-3823.972656
408049.7813;5864260.5;-3824.940186
408110.0938;5864260.5;-3825.87207
408170.375;5864260.5;-3826.766602
408230.6875;5864260.5;-3827.618896
408291;5864260.5;-3828.425537
408351.2813;5864260.5;-3829.199463
408411.5938;5864260.5;-3829.947021
408471.875;5864260.5;-3830.6604
408532.1875;5864260.5;-3831.325928
408592.5;5864260.5;-3831.954102
408652.7813;5864260.5;-3832.550537
408713.0938;5864260.5;-3833.112793
408773.4063;5864260.5;-3833.63501
408833.6875;5864260.5;-3834.119629
408894;5864260.5;-3834.570557
408954.2813;5864260.5;-3834.990967
409014.5938;5864260.5;-3835.372803
409074.9063;5864260.5;-3835.719238
409135.1875;5864260.5;-3836.035645
409195.5;5864260.5;-3836.321289
409255.8125;5864260.5;-3836.571289
409316.0938;5864260.5;-3836.797607
409376.4063;5864260.5;-3836.999268
401356.4063;5864321;-3850.671387
401416.6875;5864321;-3849.678955
401477;5864321;-3848.62793
401537.3125;5864321;-3847.500732
401597.5938;5864321;-3846.235107
401657.9063;5864321;-3844.807373
401718.2188;5864321;-3843.196289
401778.5;5864321;-3841.343262
401838.8125;5864321;-3839.18042
401899.0938;5864321;-3836.725098
401959.4063;5864321;-3833.918213
402019.7188;5864321;-3830.638428
402080;5864321;-3826.770996
402140.3125;5864321;-3822.457764
402200.625;5864321;-3817.732666
402260.9063;5864321;-3812.5625
402321.2188;5864321;-3807.031006
402381.5;5864321;-3801.405273
402441.8125;5864321;-3795.807373
402502.125;5864321;-3790.633057
402562.4063;5864321;-3787.265381
402622.7188;5864321;-3786.97876
402683.0313;5864321;-3788.819336
402743.3125;5864321;-3790.504395
402803.625;5864321;-3792.022705
402863.9063;5864321;-3793.670166
402924.2188;5864321;-3795.493164
402984.5313;5864321;-3797.467041
403044.8125;5864321;-3799.435791
403105.125;5864321;-3801.278809
403165.4375;5864321;-3803
403225.7188;5864321;-3804.541016
403286.0313;5864321;-3805.804688
403346.3125;5864321;-3806.880615
403406.625;5864321;-3807.785889
403466.9375;5864321;-3808.453125
403527.2188;5864321;-3808.85791
403587.5313;5864321;-3809.009521
403647.8438;5864321;-3808.878174
403708.125;5864321;-3808.478271
403768.4375;5864321;-3807.811523
403828.7188;5864321;-3806.887939
403889.0313;5864321;-3805.704102
403949.3438;5864321;-3804.205322
404009.625;5864321;-3802.417236
404069.9375;5864321;-3800.455322
404130.25;5864321;-3798.352051
404190.5313;5864321;-3796.071289
404250.8438;5864321;-3793.616699
404311.125;5864321;-3791.07666
404371.4375;5864321;-3788.494141
404431.75;5864321;-3785.899902
404492.0313;5864321;-3783.31958
404552.3438;5864321;-3780.769043
404612.625;5864321;-3778.252197
404672.9375;5864321;-3775.768311
404733.25;5864321;-3773.336182
404793.5313;5864321;-3770.972412
404853.8438;5864321;-3768.692139
404914.1563;5864321;-3766.599365
404974.4375;5864321;-3764.843018
405034.75;5864321;-3763.43457
405095.0313;5864321;-3762.449707
405155.3438;5864321;-3762.134766
405215.6563;5864321;-3762.551025
405275.9375;5864321;-3763.373291
405336.25;5864321;-3764.431885
405396.5625;5864321;-3765.543945
405456.8438;5864321;-3766.544678
405517.1563;5864321;-3767.305176
405577.4375;5864321;-3767.891602
405637.75;5864321;-3768.446777
405698.0625;5864321;-3768.991455
405758.3438;5864321;-3769.630371
405818.6563;5864321;-3770.409424
405878.9688;5864321;-3771.389404
405939.25;5864321;-3772.561768
405999.5625;5864321;-3773.851563
406059.8438;5864321;-3775.391357
406120.1563;5864321;-3777.065674
406180.4688;5864321;-3778.759521
406240.75;5864321;-3780.552734
406301.0625;5864321;-3782.412354
406361.375;5864321;-3784.265869
406421.6563;5864321;-3786.137207
406481.9688;5864321;-3788.018311
406542.25;5864321;-3789.874756
406602.5625;5864321;-3791.688232
406662.875;5864321;-3793.460205
406723.1563;5864321;-3795.211426
406783.4688;5864321;-3796.92749
406843.7813;5864321;-3798.582275
406904.0625;5864321;-3800.20459
406964.375;5864321;-3801.79248
407024.6563;5864321;-3803.32373
407084.9688;5864321;-3804.828369
407145.2813;5864321;-3806.30127
407205.5625;5864321;-3807.71582
407265.875;5864321;-3809.099609
407326.1875;5864321;-3810.447754
407386.4688;5864321;-3811.750244
407446.7813;5864321;-3813.029297
407507.0625;5864321;-3814.283203
407567.375;5864321;-3815.497314
407627.6875;5864321;-3816.683105
407687.9688;5864321;-3817.844727
407748.2813;5864321;-3818.970703
407808.5938;5864321;-3820.052979
407868.875;5864321;-3821.097656
407929.1875;5864321;-3822.111328
407989.4688;5864321;-3823.099365
408049.7813;5864321;-3824.059082
408110.0938;5864321;-3824.983643
408170.375;5864321;-3825.870361
408230.6875;5864321;-3826.717529
408291;5864321;-3827.518799
408351.2813;5864321;-3828.287598
408411.5938;5864321;-3829.030762
408471.875;5864321;-3829.740479
408532.1875;5864321;-3830.4021
408592.5;5864321;-3831.027344
408652.7813;5864321;-3831.621582
408713.0938;5864321;-3832.181641
408773.4063;5864321;-3832.702148
408833.6875;5864321;-3833.185303
408894;5864321;-3833.634766
408954.2813;5864321;-3834.054199
409014.5938;5864321;-3834.435303
409074.9063;5864321;-3834.781006
409135.1875;5864321;-3835.097168
409195.5;5864321;-3835.38208
409255.8125;5864321;-3835.631836
409316.0938;5864321;-3835.856445
409376.4063;5864321;-3836.056885
401356.4063;5864381.5;-3849.959717
401416.6875;5864381.5;-3848.929688
401477;5864381.5;-3847.830322
401537.3125;5864381.5;-3846.645508
401597.5938;5864381.5;-3845.315918
401657.9063;5864381.5;-3843.821289
401718.2188;5864381.5;-3842.143311
401778.5;5864381.5;-3840.229736
401838.8125;5864381.5;-3838.018799
401899.0938;5864381.5;-3835.537354
401959.4063;5864381.5;-3832.744873
402019.7188;5864381.5;-3829.546387
402080;5864381.5;-3825.853027
402140.3125;5864381.5;-3821.780029
402200.625;5864381.5;-3817.348389
402260.9063;5864381.5;-3812.531494
402321.2188;5864381.5;-3807.420898
402381.5;5864381.5;-3802.280273
402441.8125;5864381.5;-3797.264648
402502.125;5864381.5;-3792.858887
402562.4063;5864381.5;-3790.250244
402622.7188;5864381.5;-3789.875732
402683.0313;5864381.5;-3790.963379
402743.3125;5864381.5;-3792.234131
402803.625;5864381.5;-3793.605225
402863.9063;5864381.5;-3795.140381
402924.2188;5864381.5;-3796.845215
402984.5313;5864381.5;-3798.699463
403044.8125;5864381.5;-3800.551758
403105.125;5864381.5;-3802.286621
403165.4375;5864381.5;-3803.904053
403225.7188;5864381.5;-3805.344971
403286.0313;5864381.5;-3806.512451
403346.3125;5864381.5;-3807.483398
403406.625;5864381.5;-3808.270996
403466.9375;5864381.5;-3808.808594
403527.2188;5864381.5;-3809.065918
403587.5313;5864381.5;-3809.06543
403647.8438;5864381.5;-3808.789063
403708.125;5864381.5;-3808.254395
403768.4375;5864381.5;-3807.470215
403828.7188;5864381.5;-3806.449951
403889.0313;5864381.5;-3805.190918
403949.3438;5864381.5;-3803.644775
404009.625;5864381.5;-3801.834229
404069.9375;5864381.5;-3799.862305
404130.25;5864381.5;-3797.758789
404190.5313;5864381.5;-3795.486572
404250.8438;5864381.5;-3793.042236
404311.125;5864381.5;-3790.504395
404371.4375;5864381.5;-3787.912598
404431.75;5864381.5;-3785.295166
404492.0313;5864381.5;-3782.681396
404552.3438;5864381.5;-3780.089355
404612.625;5864381.5;-3777.52832
404672.9375;5864381.5;-3775.010986
404733.25;5864381.5;-3772.571533
404793.5313;5864381.5;-3770.233398
404853.8438;5864381.5;-3768.016113
404914.1563;5864381.5;-3766.032715
404974.4375;5864381.5;-3764.420898
405034.75;5864381.5;-3763.164795
405095.0313;5864381.5;-3762.317871
405155.3438;5864381.5;-3762.082031
405215.6563;5864381.5;-3762.51123
405275.9375;5864381.5;-3763.326416
405336.25;5864381.5;-3764.364258
405396.5625;5864381.5;-3765.457764
405456.8438;5864381.5;-3766.459229
405517.1563;5864381.5;-3767.275879
405577.4375;5864381.5;-3767.964355
405637.75;5864381.5;-3768.619141
405698.0625;5864381.5;-3769.254395
405758.3438;5864381.5;-3769.961426
405818.6563;5864381.5;-3770.776611
405878.9688;5864381.5;-3771.751221
405939.25;5864381.5;-3772.883057
405999.5625;5864381.5;-3774.117432
406059.8438;5864381.5;-3775.581299
406120.1563;5864381.5;-3777.17749
406180.4688;5864381.5;-3778.80249
406240.75;5864381.5;-3780.525879
406301.0625;5864381.5;-3782.31665
406361.375;5864381.5;-3784.107422
406421.6563;5864381.5;-3785.919678
406481.9688;5864381.5;-3787.745361
406542.25;5864381.5;-3789.550537
406602.5625;5864381.5;-3791.319092
406662.875;5864381.5;-3793.050781
406723.1563;5864381.5;-3794.763184
406783.4688;5864381.5;-3796.444336
406843.7813;5864381.5;-3798.068604
406904.0625;5864381.5;-3799.661133
406964.375;5864381.5;-3801.220459
407024.6563;5864381.5;-3802.727783
407084.9688;5864381.5;-3804.208984
407145.2813;5864381.5;-3805.658691
407205.5625;5864381.5;-3807.054199
407265.875;5864381.5;-3808.418945
407326.1875;5864381.5;-3809.749023
407386.4688;5864381.5;-3811.036133
407446.7813;5864381.5;-3812.299072
407507.0625;5864381.5;-3813.53833
407567.375;5864381.5;-3814.738525
407627.6875;5864381.5;-3815.912109
407687.9688;5864381.5;-3817.061035
407748.2813;5864381.5;-3818.175537
407808.5938;5864381.5;-3819.246582
407868.875;5864381.5;-3820.281738
407929.1875;5864381.5;-3821.285645
407989.4688;5864381.5;-3822.264893
408049.7813;5864381.5;-3823.215576
408110.0938;5864381.5;-3824.13208
408170.375;5864381.5;-3825.012695
408230.6875;5864381.5;-3825.852539
408291;5864381.5;-3826.648193
408351.2813;5864381.5;-3827.411621
408411.5938;5864381.5;-3828.149902
408471.875;5864381.5;-3828.854736
408532.1875;5864381.5;-3829.512451
408592.5;5864381.5;-3830.134766
408652.7813;5864381.5;-3830.725098
408713.0938;5864381.5;-3831.282959
408773.4063;5864381.5;-3831.801025
408833.6875;5864381.5;-3832.282227
408894;5864381.5;-3832.730469
408954.2813;5864381.5;-3833.148438
409014.5938;5864381.5;-3833.527832
409074.9063;5864381.5;-3833.872314
409135.1875;5864381.5;-3834.187744
409195.5;5864381.5;-3834.471436
409255.8125;5864381.5;-3834.720459
409316.0938;5864381.5;-3834.944092
409376.4063;5864381.5;-3835.143799
401356.4063;5864442.5;-3849.295898
401416.6875;5864442.5;-3848.242432
401477;5864442.5;-3847.111328
401537.3125;5864442.5;-3845.888184
401597.5938;5864442.5;-3844.517334
401657.9063;5864442.5;-3842.97998
401718.2188;5864442.5;-3841.263184
401778.5;5864442.5;-3839.323242
401838.8125;5864442.5;-3837.104492
401899.0938;5864442.5;-3834.641113
401959.4063;5864442.5;-3831.907959
402019.7188;5864442.5;-3828.832031
402080;5864442.5;-3825.352295
402140.3125;5864442.5;-3821.565186
402200.625;5864442.5;-3817.490479
402260.9063;5864442.5;-3813.115967
402321.2188;5864442.5;-3808.557861
402381.5;5864442.5;-3804.06958
402441.8125;5864442.5;-3799.79541
402502.125;5864442.5;-3796.126953
402562.4063;5864442.5;-3793.968506
402622.7188;5864442.5;-3793.358887
402683.0313;5864442.5;-3793.798096
402743.3125;5864442.5;-3794.684326
402803.625;5864442.5;-3795.833496
402863.9063;5864442.5;-3797.176758
402924.2188;5864442.5;-3798.700684
402984.5313;5864442.5;-3800.382324
403044.8125;5864442.5;-3802.069824
403105.125;5864442.5;-3803.651611
403165.4375;5864442.5;-3805.119629
403225.7188;5864442.5;-3806.416992
403286.0313;5864442.5;-3807.447021
403346.3125;5864442.5;-3808.276123
403406.625;5864442.5;-3808.915283
403466.9375;5864442.5;-3809.298584
403527.2188;5864442.5;-3809.394775
403587.5313;5864442.5;-3809.234131
403647.8438;5864442.5;-3808.807617
403708.125;5864442.5;-3808.136719
403768.4375;5864442.5;-3807.233887
403828.7188;5864442.5;-3806.113525
403889.0313;5864442.5;-3804.775635
403949.3438;5864442.5;-3803.176025
404009.625;5864442.5;-3801.334473
404069.9375;5864442.5;-3799.343506
404130.25;5864442.5;-3797.229492
404190.5313;5864442.5;-3794.955811
404250.8438;5864442.5;-3792.513184
404311.125;5864442.5;-3789.970703
404371.4375;5864442.5;-3787.364746
404431.75;5864442.5;-3784.7229
404492.0313;5864442.5;-3782.074951
404552.3438;5864442.5;-3779.44165
404612.625;5864442.5;-3776.837158
404672.9375;5864442.5;-3774.282959
404733.25;5864442.5;-3771.828369
404793.5313;5864442.5;-3769.502197
404853.8438;5864442.5;-3767.32666
404914.1563;5864442.5;-3765.422363
404974.4375;5864442.5;-3763.924561
405034.75;5864442.5;-3762.791748
405095.0313;5864442.5;-3762.062988
405155.3438;5864442.5;-3761.915527
405215.6563;5864442.5;-3762.38916
405275.9375;5864442.5;-3763.220947
405336.25;5864442.5;-3764.249023
405396.5625;5864442.5;-3765.332031
405456.8438;5864442.5;-3766.350342
405517.1563;5864442.5;-3767.231201
405577.4375;5864442.5;-3768.020752
405637.75;5864442.5;-3768.772461
405698.0625;5864442.5;-3769.497803
405758.3438;5864442.5;-3770.273438
405818.6563;5864442.5;-3771.128906
405878.9688;5864442.5;-3772.107422
405939.25;5864442.5;-3773.212646
405999.5625;5864442.5;-3774.405518
406059.8438;5864442.5;-3775.805664
406120.1563;5864442.5;-3777.331787
406180.4688;5864442.5;-3778.893555
406240.75;5864442.5;-3780.549561
406301.0625;5864442.5;-3782.270996
406361.375;5864442.5;-3783.996826
406421.6563;5864442.5;-3785.748291
406481.9688;5864442.5;-3787.516357
406542.25;5864442.5;-3789.267822
406602.5625;5864442.5;-3790.988037
406662.875;5864442.5;-3792.678223
406723.1563;5864442.5;-3794.350342
406783.4688;5864442.5;-3795.993896
406843.7813;5864442.5;-3797.586426
406904.0625;5864442.5;-3799.147705
406964.375;5864442.5;-3800.678467
407024.6563;5864442.5;-3802.161377
407084.9688;5864442.5;-3803.618164
407145.2813;5864442.5;-3805.04541
407205.5625;5864442.5;-3806.421387
407265.875;5864442.5;-3807.767578
407326.1875;5864442.5;-3809.079346
407386.4688;5864442.5;-3810.351074
407446.7813;5864442.5;-3811.599365
407507.0625;5864442.5;-3812.82373
407567.375;5864442.5;-3814.010498
407627.6875;5864442.5;-3815.170898
407687.9688;5864442.5;-3816.307617
407748.2813;5864442.5;-3817.410645
407808.5938;5864442.5;-3818.471436
407868.875;5864442.5;-3819.496094
407929.1875;5864442.5;-3820.490967
407989.4688;5864442.5;-3821.461426
408049.7813;5864442.5;-3822.403564
408110.0938;5864442.5;-3823.3125
408170.375;5864442.5;-3824.185547
408230.6875;5864442.5;-3825.019287
408291;5864442.5;-3825.808594
408351.2813;5864442.5;-3826.566895
408411.5938;5864442.5;-3827.299805
408471.875;5864442.5;-3828
408532.1875;5864442.5;-3828.654053
408592.5;5864442.5;-3829.272217
408652.7813;5864442.5;-3829.859619
408713.0938;5864442.5;-3830.414307
408773.4063;5864442.5;-3830.930176
408833.6875;5864442.5;-3831.409424
408894;5864442.5;-3831.855469
408954.2813;5864442.5;-3832.271729
409014.5938;5864442.5;-3832.650391
409074.9063;5864442.5;-3832.994141
409135.1875;5864442.5;-3833.307861
409195.5;5864442.5;-3833.591064
409255.8125;5864442.5;-3833.838867
409316.0938;5864442.5;-3834.062256
409376.4063;5864442.5;-3834.26123
401356.4063;5864503;-3848.703369
401416.6875;5864503;-3847.642578
401477;5864503;-3846.500732
401537.3125;5864503;-3845.263672
401597.5938;5864503;-3843.877197
401657.9063;5864503;-3842.327881
401718.2188;5864503;-3840.605713
401778.5;5864503;-3838.675781
401838.8125;5864503;-3836.491943
401899.0938;5864503;-3834.092773
401959.4063;5864503;-3831.462891
402019.7188;5864503;-3828.551758
402080;5864503;-3825.322021
402140.3125;5864503;-3821.859863
402200.625;5864503;-3818.1875
402260.9063;5864503;-3814.312256
402321.2188;5864503;-3810.363037
402381.5;5864503;-3806.553711
402441.8125;5864503;-3803.001465
402502.125;5864503;-3799.963135
402562.4063;5864503;-3798.03418
402622.7188;5864503;-3797.234619
402683.0313;5864503;-3797.279541
402743.3125;5864503;-3797.831787
402803.625;5864503;-3798.710449
402863.9063;5864503;-3799.812012
402924.2188;5864503;-3801.108154
402984.5313;5864503;-3802.570801
403044.8125;5864503;-3804.045166
403105.125;5864503;-3805.424316
403165.4375;5864503;-3806.695313
403225.7188;5864503;-3807.80249
403286.0313;5864503;-3808.650146
403346.3125;5864503;-3809.298828
403406.625;5864503;-3809.756348
403466.9375;5864503;-3809.960938
403527.2188;5864503;-3809.880371
403587.5313;5864503;-3809.551025
403647.8438;5864503;-3808.969971
403708.125;5864503;-3808.160156
403768.4375;5864503;-3807.135498
403828.7188;5864503;-3805.912354
403889.0313;5864503;-3804.490723
403949.3438;5864503;-3802.831299
404009.625;5864503;-3800.949219
404069.9375;5864503;-3798.930176
404130.25;5864503;-3796.795166
404190.5313;5864503;-3794.509521
404250.8438;5864503;-3792.058838
404311.125;5864503;-3789.505127
404371.4375;5864503;-3786.881836
404431.75;5864503;-3784.213623
404492.0313;5864503;-3781.53125
404552.3438;5864503;-3778.857178
404612.625;5864503;-3776.207275
404672.9375;5864503;-3773.611084
404733.25;5864503;-3771.12793
404793.5313;5864503;-3768.787109
404853.8438;5864503;-3766.615234
404914.1563;5864503;-3764.742188
404974.4375;5864503;-3763.313232
405034.75;5864503;-3762.275146
405095.0313;5864503;-3761.653809
405155.3438;5864503;-3761.609619
405215.6563;5864503;-3762.155273
405275.9375;5864503;-3763.033691
405336.25;5864503;-3764.081299
405396.5625;5864503;-3765.178467
405456.8438;5864503;-3766.233154
405517.1563;5864503;-3767.182373
405577.4375;5864503;-3768.061523
405637.75;5864503;-3768.900391
405698.0625;5864503;-3769.709961
405758.3438;5864503;-3770.552002
405818.6563;5864503;-3771.449951
405878.9688;5864503;-3772.443359
405939.25;5864503;-3773.538574
405999.5625;5864503;-3774.70752
406059.8438;5864503;-3776.05957
406120.1563;5864503;-3777.52832
406180.4688;5864503;-3779.034424
406240.75;5864503;-3780.62915
406301.0625;5864503;-3782.2854
406361.375;5864503;-3783.950195
406421.6563;5864503;-3785.641357
406481.9688;5864503;-3787.351807
406542.25;5864503;-3789.048584
406602.5625;5864503;-3790.720215
406662.875;5864503;-3792.366455
406723.1563;5864503;-3793.996826
406783.4688;5864503;-3795.601074
406843.7813;5864503;-3797.159668
406904.0625;5864503;-3798.689209
406964.375;5864503;-3800.189453
407024.6563;5864503;-3801.64624
407084.9688;5864503;-3803.078369
407145.2813;5864503;-3804.481445
407205.5625;5864503;-3805.837402
407265.875;5864503;-3807.164551
407326.1875;5864503;-3808.458008
407386.4688;5864503;-3809.713135
407446.7813;5864503;-3810.946045
407507.0625;5864503;-3812.155029
407567.375;5864503;-3813.328125
407627.6875;5864503;-3814.475342
407687.9688;5864503;-3815.599854
407748.2813;5864503;-3816.690674
407808.5938;5864503;-3817.740967
407868.875;5864503;-3818.755615
407929.1875;5864503;-3819.740723
407989.4688;5864503;-3820.701416
408049.7813;5864503;-3821.635498
408110.0938;5864503;-3822.536133
408170.375;5864503;-3823.401611
408230.6875;5864503;-3824.228271
408291;5864503;-3825.011475
408351.2813;5864503;-3825.763428
408411.5938;5864503;-3826.490723
408471.875;5864503;-3827.186279
408532.1875;5864503;-3827.836182
408592.5;5864503;-3828.449951
408652.7813;5864503;-3829.033936
408713.0938;5864503;-3829.585693
408773.4063;5864503;-3830.098633
408833.6875;5864503;-3830.575439
408894;5864503;-3831.019531
408954.2813;5864503;-3831.433838
409014.5938;5864503;-3831.810791
409074.9063;5864503;-3832.152832
409135.1875;5864503;-3832.465576
409195.5;5864503;-3832.747314
409255.8125;5864503;-3832.994629
409316.0938;5864503;-3833.217285
409376.4063;5864503;-3833.41626
401356.4063;5864563.5;-3848.224609
401416.6875;5864563.5;-3847.183838
401477;5864563.5;-3846.060791
401537.3125;5864563.5;-3844.841064
401597.5938;5864563.5;-3843.47583
401657.9063;5864563.5;-3841.953857
401718.2188;5864563.5;-3840.269531
401778.5;5864563.5;-3838.395264
401838.8125;5864563.5;-3836.294434
401899.0938;5864563.5;-3834.006836
401959.4063;5864563.5;-3831.527344
402019.7188;5864563.5;-3828.818848
402080;5864563.5;-3825.866211
402140.3125;5864563.5;-3822.743896
402200.625;5864563.5;-3819.476563
402260.9063;5864563.5;-3816.08667
402321.2188;5864563.5;-3812.70459
402381.5;5864563.5;-3809.485352
402441.8125;5864563.5;-3806.515381
402502.125;5864563.5;-3803.974121
402562.4063;5864563.5;-3802.254639
402622.7188;5864563.5;-3801.400635
402683.0313;5864563.5;-3801.23999
402743.3125;5864563.5;-3801.552734
402803.625;5864563.5;-3802.19751
402863.9063;5864563.5;-3803.064209
402924.2188;5864563.5;-3804.118896
402984.5313;5864563.5;-3805.331299
403044.8125;5864563.5;-3806.550781
403105.125;5864563.5;-3807.679199
403165.4375;5864563.5;-3808.703369
403225.7188;5864563.5;-3809.568848
403286.0313;5864563.5;-3810.187988
403346.3125;5864563.5;-3810.614014
403406.625;5864563.5;-3810.856201
403466.9375;5864563.5;-3810.855225
403527.2188;5864563.5;-3810.581543
403587.5313;5864563.5;-3810.072998
403647.8438;5864563.5;-3809.330811
403708.125;5864563.5;-3808.377441
403768.4375;5864563.5;-3807.228027
403828.7188;5864563.5;-3805.897705
403889.0313;5864563.5;-3804.387207
403949.3438;5864563.5;-3802.658936
404009.625;5864563.5;-3800.728516
404069.9375;5864563.5;-3798.670654
404130.25;5864563.5;-3796.505127
404190.5313;5864563.5;-3794.197754
404250.8438;5864563.5;-3791.731445
404311.125;5864563.5;-3789.161865
404371.4375;5864563.5;-3786.518799
404431.75;5864563.5;-3783.825195
404492.0313;5864563.5;-3781.110596
404552.3438;5864563.5;-3778.396484
404612.625;5864563.5;-3775.70166
404672.9375;5864563.5;-3773.057617
404733.25;5864563.5;-3770.525635
404793.5313;5864563.5;-3768.133057
404853.8438;5864563.5;-3765.910889
404914.1563;5864563.5;-3764.003418
404974.4375;5864563.5;-3762.586914
405034.75;5864563.5;-3761.612305
405095.0313;5864563.5;-3761.101807
405155.3438;5864563.5;-3761.192383
405215.6563;5864563.5;-3761.8479
405275.9375;5864563.5;-3762.805908
405336.25;5864563.5;-3763.908936
405396.5625;5864563.5;-3765.048584
405456.8438;5864563.5;-3766.151611
405517.1563;5864563.5;-3767.164795
405577.4375;5864563.5;-3768.114502
405637.75;5864563.5;-3769.020996
405698.0625;5864563.5;-3769.899414
405758.3438;5864563.5;-3770.797852
405818.6563;5864563.5;-3771.736084
405878.9688;5864563.5;-3772.75293
405939.25;5864563.5;-3773.852051
405999.5625;5864563.5;-3775.014404
406059.8438;5864563.5;-3776.335205
406120.1563;5864563.5;-3777.760498
406180.4688;5864563.5;-3779.223633
406240.75;5864563.5;-3780.765625
406301.0625;5864563.5;-3782.36377
406361.375;5864563.5;-3783.97168
406421.6563;5864563.5;-3785.606689
406481.9688;5864563.5;-3787.260742
406542.25;5864563.5;-3788.904297
406602.5625;5864563.5;-3790.527344
406662.875;5864563.5;-3792.129395
406723.1563;5864563.5;-3793.716064
406783.4688;5864563.5;-3795.280273
406843.7813;5864563.5;-3796.803955
406904.0625;5864563.5;-3798.300293
406964.375;5864563.5;-3799.769287
407024.6563;5864563.5;-3801.199219
407084.9688;5864563.5;-3802.605713
407145.2813;5864563.5;-3803.983887
407205.5625;5864563.5;-3805.319336
407265.875;5864563.5;-3806.626709
407326.1875;5864563.5;-3807.901611
407386.4688;5864563.5;-3809.139893
407446.7813;5864563.5;-3810.356934
407507.0625;5864563.5;-3811.551025
407567.375;5864563.5;-3812.709717
407627.6875;5864563.5;-3813.844238
407687.9688;5864563.5;-3814.955566
407748.2813;5864563.5;-3816.034912
407808.5938;5864563.5;-3817.073486
407868.875;5864563.5;-3818.077393
407929.1875;5864563.5;-3819.052734
407989.4688;5864563.5;-3820.004395
408049.7813;5864563.5;-3820.928955
408110.0938;5864563.5;-3821.821289
408170.375;5864563.5;-3822.678711
408230.6875;5864563.5;-3823.498047
408291;5864563.5;-3824.274414
408351.2813;5864563.5;-3825.020264
408411.5938;5864563.5;-3825.741943
408471.875;5864563.5;-3826.431641
408532.1875;5864563.5;-3827.07666
408592.5;5864563.5;-3827.686279
408652.7813;5864563.5;-3828.266357
408713.0938;5864563.5;-3828.814453
408773.4063;5864563.5;-3829.323975
408833.6875;5864563.5;-3829.797607
408894;5864563.5;-3830.239502
408954.2813;5864563.5;-3830.651123
409014.5938;5864563.5;-3831.025879
409074.9063;5864563.5;-3831.366699
409135.1875;5864563.5;-3831.677734
409195.5;5864563.5;-3831.958008
409255.8125;5864563.5;-3832.204102
409316.0938;5864563.5;-3832.425537
409376.4063;5864563.5;-3832.622803
401356.4063;5864624;-3847.844727
401416.6875;5864624;-3846.839111
401477;5864624;-3845.752197
401537.3125;5864624;-3844.572021
401597.5938;5864624;-3843.251465
401657.9063;5864624;-3841.783447
401718.2188;5864624;-3840.165771
401778.5;5864624;-3838.376709
401838.8125;5864624;-3836.388672
401899.0938;5864624;-3834.242432
401959.4063;5864624;-3831.938232
402019.7188;5864624;-3829.454102
402080;5864624;-3826.787842
402140.3125;5864624;-3824.005127
402200.625;5864624;-3821.129639
402260.9063;5864624;-3818.192871
402321.2188;5864624;-3815.320557
402381.5;5864624;-3812.616699
402441.8125;5864624;-3810.134521
402502.125;5864624;-3808.00415
402562.4063;5864624;-3806.50293
402622.7188;5864624;-3805.677246
402683.0313;5864624;-3805.411377
402743.3125;5864624;-3805.556641
402803.625;5864624;-3806.005859
402863.9063;5864624;-3806.656006
402924.2188;5864624;-3807.472656
402984.5313;5864624;-3808.422363
403044.8125;5864624;-3809.366211
403105.125;5864624;-3810.218506
403165.4375;5864624;-3810.968506
403225.7188;5864624;-3811.566895
403286.0313;5864624;-3811.932129
403346.3125;5864624;-3812.114258
403406.625;5864624;-3812.121826
403466.9375;5864624;-3811.902588
403527.2188;5864624;-3811.427246
403587.5313;5864624;-3810.734131
403647.8438;5864624;-3809.827148
403708.125;5864624;-3808.728027
403768.4375;5864624;-3807.451172
403828.7188;5864624;-3806.011475
403889.0313;5864624;-3804.407715
403949.3438;5864624;-3802.608154
404009.625;5864624;-3800.624268
404069.9375;5864624;-3798.522949
404130.25;5864624;-3796.32251
404190.5313;5864624;-3793.989746
404250.8438;5864624;-3791.506348
404311.125;5864624;-3788.92041
404371.4375;5864624;-3786.26001
404431.75;5864624;-3783.545654
404492.0313;5864624;-3780.804443
404552.3438;5864624;-3778.058594
404612.625;5864624;-3775.325928
404672.9375;5864624;-3772.637939
404733.25;5864624;-3770.053711
404793.5313;5864624;-3767.596924
404853.8438;5864624;-3765.300781
404914.1563;5864624;-3763.324219
404974.4375;5864624;-3761.877441
405034.75;5864624;-3760.948975
405095.0313;5864624;-3760.5625
405155.3438;5864624;-3760.819824
405215.6563;5864624;-3761.60791
405275.9375;5864624;-3762.655029
405336.25;5864624;-3763.815186
405396.5625;5864624;-3764.996826
405456.8438;5864624;-3766.140137
405517.1563;5864624;-3767.201416
405577.4375;5864624;-3768.203125
405637.75;5864624;-3769.158691
405698.0625;5864624;-3770.091309
405758.3438;5864624;-3771.036133
405818.6563;5864624;-3772.01001
405878.9688;5864624;-3773.050049
405939.25;5864624;-3774.15918
405999.5625;5864624;-3775.321533
406059.8438;5864624;-3776.618896
406120.1563;5864624;-3778.007324
406180.4688;5864624;-3779.432129
406240.75;5864624;-3780.925781
406301.0625;5864624;-3782.468994
406361.375;5864624;-3784.023438
406421.6563;5864624;-3785.603516
406481.9688;5864624;-3787.202393
406542.25;5864624;-3788.793945
406602.5625;5864624;-3790.368408
406662.875;5864624;-3791.92627
406723.1563;5864624;-3793.470703
406783.4688;5864624;-3794.994629
406843.7813;5864624;-3796.483887
406904.0625;5864624;-3797.947021
406964.375;5864624;-3799.385498
407024.6563;5864624;-3800.788818
407084.9688;5864624;-3802.169189
407145.2813;5864624;-3803.523682
407205.5625;5864624;-3804.838867
407265.875;5864624;-3806.127441
407326.1875;5864624;-3807.383789
407386.4688;5864624;-3808.606689
407446.7813;5864624;-3809.80835
407507.0625;5864624;-3810.987305
407567.375;5864624;-3812.133057
407627.6875;5864624;-3813.25415
407687.9688;5864624;-3814.35376
407748.2813;5864624;-3815.421143
407808.5938;5864624;-3816.449219
407868.875;5864624;-3817.443115
407929.1875;5864624;-3818.408447
407989.4688;5864624;-3819.35083
408049.7813;5864624;-3820.266602
408110.0938;5864624;-3821.150635
408170.375;5864624;-3822
408230.6875;5864624;-3822.811768
408291;5864624;-3823.582031
408351.2813;5864624;-3824.321533
408411.5938;5864624;-3825.037109
408471.875;5864624;-3825.721191
408532.1875;5864624;-3826.361084
408592.5;5864624;-3826.966553
408652.7813;5864624;-3827.542236
408713.0938;5864624;-3828.08667
408773.4063;5864624;-3828.592773
408833.6875;5864624;-3829.062988
408894;5864624;-3829.502197
408954.2813;5864624;-3829.911621
409014.5938;5864624;-3830.284424
409074.9063;5864624;-3830.623047
409135.1875;5864624;-3830.932617
409195.5;5864624;-3831.211426
409255.8125;5864624;-3831.456787
409316.0938;5864624;-3831.676758
409376.4063;5864624;-3831.872314
401356.4063;5864685;-3847.545654
401416.6875;5864685;-3846.585205
401477;5864685;-3845.547852
401537.3125;5864685;-3844.421387
401597.5938;5864685;-3843.162109
401657.9063;5864685;-3841.766357
401718.2188;5864685;-3840.235107
401778.5;5864685;-3838.550781
401838.8125;5864685;-3836.695313
401899.0938;5864685;-3834.708008
401959.4063;5864685;-3832.595947
402019.7188;5864685;-3830.345459
402080;5864685;-3827.968506
402140.3125;5864685;-3825.519287
402200.625;5864685;-3823.020264
402260.9063;5864685;-3820.507568
402321.2188;5864685;-3818.095215
402381.5;5864685;-3815.8479
402441.8125;5864685;-3813.79541
402502.125;5864685;-3812.029053
402562.4063;5864685;-3810.751709
402622.7188;5864685;-3809.998535
402683.0313;5864685;-3809.687256
402743.3125;5864685;-3809.714355
402803.625;5864685;-3809.998779
402863.9063;5864685;-3810.449707
402924.2188;5864685;-3811.0354
402984.5313;5864685;-3811.719727
403044.8125;5864685;-3812.377441
403105.125;5864685;-3812.941406
403165.4375;5864685;-3813.404541
403225.7188;5864685;-3813.721191
403286.0313;5864685;-3813.81958
403346.3125;5864685;-3813.746094
403406.625;5864685;-3813.51001
403466.9375;5864685;-3813.064209
403527.2188;5864685;-3812.383057
403587.5313;5864685;-3811.502686
403647.8438;5864685;-3810.429688
403708.125;5864685;-3809.183105
403768.4375;5864685;-3807.7771
403828.7188;5864685;-3806.226074
403889.0313;5864685;-3804.528076
403949.3438;5864685;-3802.655029
404009.625;5864685;-3800.614746
404069.9375;5864685;-3798.468506
404130.25;5864685;-3796.231201
404190.5313;5864685;-3793.872803
404250.8438;5864685;-3791.372314
404311.125;5864685;-3788.772705
404371.4375;5864685;-3786.099121
404431.75;5864685;-3783.37085
404492.0313;5864685;-3780.611084
404552.3438;5864685;-3777.842773
404612.625;5864685;-3775.082764
404672.9375;5864685;-3772.361816
404733.25;5864685;-3769.733154
404793.5313;5864685;-3767.218018
404853.8438;5864685;-3764.847656
404914.1563;5864685;-3762.776855
404974.4375;5864685;-3761.227783
405034.75;5864685;-3760.322998
405095.0313;5864685;-3760.107178
405155.3438;5864685;-3760.563965
405215.6563;5864685;-3761.492432
405275.9375;5864685;-3762.623291
405336.25;5864685;-3763.826904
405396.5625;5864685;-3765.035645
405456.8438;5864685;-3766.203613
405517.1563;5864685;-3767.297852
405577.4375;5864685;-3768.335938
405637.75;5864685;-3769.327881
405698.0625;5864685;-3770.301758
405758.3438;5864685;-3771.282959
405818.6563;5864685;-3772.28418
405878.9688;5864685;-3773.343506
405939.25;5864685;-3774.460205
405999.5625;5864685;-3775.621582
406059.8438;5864685;-3776.897705
406120.1563;5864685;-3778.253174
406180.4688;5864685;-3779.642334
406240.75;5864685;-3781.091309
406301.0625;5864685;-3782.584229
406361.375;5864685;-3784.088867
406421.6563;5864685;-3785.61792
406481.9688;5864685;-3787.164795
406542.25;5864685;-3788.707031
406602.5625;5864685;-3790.23584
406662.875;5864685;-3791.750977
406723.1563;5864685;-3793.254883
406783.4688;5864685;-3794.740723
406843.7813;5864685;-3796.196289
406904.0625;5864685;-3797.627197
406964.375;5864685;-3799.0354
407024.6563;5864685;-3800.413086
407084.9688;5864685;-3801.768799
407145.2813;5864685;-3803.099609
407205.5625;5864685;-3804.395264
407265.875;5864685;-3805.664551
407326.1875;5864685;-3806.903076
407386.4688;5864685;-3808.110352
407446.7813;5864685;-3809.297119
407507.0625;5864685;-3810.461426
407567.375;5864685;-3811.59375
407627.6875;5864685;-3812.702148
407687.9688;5864685;-3813.789063
407748.2813;5864685;-3814.845459
407808.5938;5864685;-3815.862305
407868.875;5864685;-3816.845703
407929.1875;5864685;-3817.80127
407989.4688;5864685;-3818.734619
408049.7813;5864685;-3819.641113
408110.0938;5864685;-3820.516846
408170.375;5864685;-3821.358154
408230.6875;5864685;-3822.162354
408291;5864685;-3822.925781
408351.2813;5864685;-3823.65918
408411.5938;5864685;-3824.368652
408471.875;5864685;-3825.047119
408532.1875;5864685;-3825.681885
408592.5;5864685;-3826.282715
408652.7813;5864685;-3826.854004
408713.0938;5864685;-3827.394287
408773.4063;5864685;-3827.896729
408833.6875;5864685;-3828.364014
408894;5864685;-3828.800049
408954.2813;5864685;-3829.206543
409014.5938;5864685;-3829.576904
409074.9063;5864685;-3829.913818
409135.1875;5864685;-3830.22168
409195.5;5864685;-3830.498779
409255.8125;5864685;-3830.743164
409316.0938;5864685;-3830.962158
409376.4063;5864685;-3831.156738
401356.4063;5864745.5;-3847.328613
401416.6875;5864745.5;-3846.422607
401477;5864745.5;-3845.445068
401537.3125;5864745.5;-3844.384521
401597.5938;5864745.5;-3843.201416
401657.9063;5864745.5;-3841.894287
401718.2188;5864745.5;-3840.465576
401778.5;5864745.5;-3838.90332
401838.8125;5864745.5;-3837.196777
401899.0938;5864745.5;-3835.384277
401959.4063;5864745.5;-3833.475342
402019.7188;5864745.5;-3831.466309
402080;5864745.5;-3829.376953
402140.3125;5864745.5;-3827.253418
402200.625;5864745.5;-3825.115234
402260.9063;5864745.5;-3822.998535
402321.2188;5864745.5;-3821.00293
402381.5;5864745.5;-3819.163818
402441.8125;5864745.5;-3817.494385
402502.125;5864745.5;-3816.05957
402562.4063;5864745.5;-3815.006836
402622.7188;5864745.5;-3814.354492
402683.0313;5864745.5;-3814.039795
402743.3125;5864745.5;-3813.986816
402803.625;5864745.5;-3814.131104
402863.9063;5864745.5;-3814.399658
402924.2188;5864745.5;-3814.761719
402984.5313;5864745.5;-3815.18042
403044.8125;5864745.5;-3815.547363
403105.125;5864745.5;-3815.815918
403165.4375;5864745.5;-3815.982666
403225.7188;5864745.5;-3816.008789
403286.0313;5864745.5;-3815.831787
403346.3125;5864745.5;-3815.49585
403406.625;5864745.5;-3815.009766
403466.9375;5864745.5;-3814.333252
403527.2188;5864745.5;-3813.443604
403587.5313;5864745.5;-3812.375
403647.8438;5864745.5;-3811.134277
403708.125;5864745.5;-3809.73999
403768.4375;5864745.5;-3808.20459
403828.7188;5864745.5;-3806.540527
403889.0313;5864745.5;-3804.747559
403949.3438;5864745.5;-3802.798584
404009.625;5864745.5;-3800.70166
404069.9375;5864745.5;-3798.509521
404130.25;5864745.5;-3796.235596
404190.5313;5864745.5;-3793.85083
404250.8438;5864745.5;-3791.335449
404311.125;5864745.5;-3788.727051
404371.4375;5864745.5;-3786.047607
404431.75;5864745.5;-3783.313721
404492.0313;5864745.5;-3780.547119
404552.3438;5864745.5;-3777.769287
404612.625;5864745.5;-3774.998047
404672.9375;5864745.5;-3772.262451
404733.25;5864745.5;-3769.614014
404793.5313;5864745.5;-3767.068115
404853.8438;5864745.5;-3764.648682
404914.1563;5864745.5;-3762.468262
404974.4375;5864745.5;-3760.756836
405034.75;5864745.5;-3759.864746
405095.0313;5864745.5;-3759.863037
405155.3438;5864745.5;-3760.526855
405215.6563;5864745.5;-3761.572754
405275.9375;5864745.5;-3762.755859
405336.25;5864745.5;-3763.975098
405396.5625;5864745.5;-3765.185303
405456.8438;5864745.5;-3766.356689
405517.1563;5864745.5;-3767.465576
405577.4375;5864745.5;-3768.524658
405637.75;5864745.5;-3769.541016
405698.0625;5864745.5;-3770.542236
405758.3438;5864745.5;-3771.548096
405818.6563;5864745.5;-3772.567871
405878.9688;5864745.5;-3773.636963
405939.25;5864745.5;-3774.754639
405999.5625;5864745.5;-3775.911621
406059.8438;5864745.5;-3777.165771
406120.1563;5864745.5;-3778.490234
406180.4688;5864745.5;-3779.845703
406240.75;5864745.5;-3781.25415
406301.0625;5864745.5;-3782.70166
406361.375;5864745.5;-3784.162109
406421.6563;5864745.5;-3785.644775
406481.9688;5864745.5;-3787.144775
406542.25;5864745.5;-3788.64209
406602.5625;5864745.5;-3790.12915
406662.875;5864745.5;-3791.604492
406723.1563;5864745.5;-3793.069824
406783.4688;5864745.5;-3794.520264
406843.7813;5864745.5;-3795.943359
406904.0625;5864745.5;-3797.344238
406964.375;5864745.5;-3798.724365
407024.6563;5864745.5;-3800.076904
407084.9688;5864745.5;-3801.408691
407145.2813;5864745.5;-3802.716797
407205.5625;5864745.5;-3803.993164
407265.875;5864745.5;-3805.243896
407326.1875;5864745.5;-3806.4646
407386.4688;5864745.5;-3807.65625
407446.7813;5864745.5;-3808.827393
407507.0625;5864745.5;-3809.977295
407567.375;5864745.5;-3811.095703
407627.6875;5864745.5;-3812.190918
407687.9688;5864745.5;-3813.265137
407748.2813;5864745.5;-3814.30957
407808.5938;5864745.5;-3815.315186
407868.875;5864745.5;-3816.288818
407929.1875;5864745.5;-3817.234131
407989.4688;5864745.5;-3818.157959
408049.7813;5864745.5;-3819.05542
408110.0938;5864745.5;-3819.921875
408170.375;5864745.5;-3820.755371
408230.6875;5864745.5;-3821.552002
408291;5864745.5;-3822.307861
408351.2813;5864745.5;-3823.034424
408411.5938;5864745.5;-3823.737305
408471.875;5864745.5;-3824.4104
408532.1875;5864745.5;-3825.039551
408592.5;5864745.5;-3825.63501
408652.7813;5864745.5;-3826.201904
408713.0938;5864745.5;-3826.737793
408773.4063;5864745.5;-3827.236572
408833.6875;5864745.5;-3827.699951
408894;5864745.5;-3828.132813
408954.2813;5864745.5;-3828.536621
409014.5938;5864745.5;-3828.904541
409074.9063;5864745.5;-3829.239014
409135.1875;5864745.5;-3829.544678
409195.5;5864745.5;-3829.820801
409255.8125;5864745.5;-3830.063477
409316.0938;5864745.5;-3830.28125
409376.4063;5864745.5;-3830.47583
401356.4063;5864806;-3847.207275
401416.6875;5864806;-3846.366211
401477;5864806;-3845.459717
401537.3125;5864806;-3844.478271
401597.5938;5864806;-3843.385742
401657.9063;5864806;-3842.183105
401718.2188;5864806;-3840.874512
401778.5;5864806;-3839.45166
401838.8125;5864806;-3837.9104
401899.0938;5864806;-3836.287354
401959.4063;5864806;-3834.593506
402019.7188;5864806;-3832.833252
402080;5864806;-3831.03125
402140.3125;5864806;-3829.224609
402200.625;5864806;-3827.43042
402260.9063;5864806;-3825.68335
402321.2188;5864806;-3824.069824
402381.5;5864806;-3822.599854
402441.8125;5864806;-3821.276367
402502.125;5864806;-3820.14502
402562.4063;5864806;-3819.310059
402622.7188;5864806;-3818.772461
402683.0313;5864806;-3818.479004
402743.3125;5864806;-3818.368408
402803.625;5864806;-3818.388184
402863.9063;5864806;-3818.482666
402924.2188;5864806;-3818.625244
402984.5313;5864806;-3818.778076
403044.8125;5864806;-3818.850586
403105.125;5864806;-3818.818604
403165.4375;5864806;-3818.683838
403225.7188;5864806;-3818.413818
403286.0313;5864806;-3817.956787
403346.3125;5864806;-3817.354492
403406.625;5864806;-3816.616211
403466.9375;5864806;-3815.70752
403527.2188;5864806;-3814.608398
403587.5313;5864806;-3813.351807
403647.8438;5864806;-3811.943848
403708.125;5864806;-3810.401855
403768.4375;5864806;-3808.736328
403828.7188;5864806;-3806.959961
403889.0313;5864806;-3805.071533
403949.3438;5864806;-3803.046631
404009.625;5864806;-3800.892578
404069.9375;5864806;-3798.655273
404130.25;5864806;-3796.344971
404190.5313;5864806;-3793.937256
404250.8438;5864806;-3791.412109
404311.125;5864806;-3788.802734
404371.4375;5864806;-3786.128418
404431.75;5864806;-3783.403564
404492.0313;5864806;-3780.648193
404552.3438;5864806;-3777.881836
404612.625;5864806;-3775.124756
404672.9375;5864806;-3772.409424
404733.25;5864806;-3769.790283
404793.5313;5864806;-3767.28418
404853.8438;5864806;-3764.916016
404914.1563;5864806;-3762.792725
404974.4375;5864806;-3761.128418
405034.75;5864806;-3760.274902
405095.0313;5864806;-3760.303223
405155.3438;5864806;-3760.974121
405215.6563;5864806;-3761.992188
405275.9375;5864806;-3763.129639
405336.25;5864806;-3764.299805
405396.5625;5864806;-3765.467773
405456.8438;5864806;-3766.608887
405517.1563;5864806;-3767.70459
405577.4375;5864806;-3768.761963
405637.75;5864806;-3769.785156
405698.0625;5864806;-3770.800537
405758.3438;5864806;-3771.819824
405818.6563;5864806;-3772.851074
405878.9688;5864806;-3773.926514
405939.25;5864806;-3775.044922
405999.5625;5864806;-3776.19751
406059.8438;5864806;-3777.43335
406120.1563;5864806;-3778.729736
406180.4688;5864806;-3780.05542
406240.75;5864806;-3781.427002
406301.0625;5864806;-3782.832764
406361.375;5864806;-3784.251465
406421.6563;5864806;-3785.691162
406481.9688;5864806;-3787.146729
406542.25;5864806;-3788.601318
406602.5625;5864806;-3790.048096
406662.875;5864806;-3791.486328
406723.1563;5864806;-3792.915039
406783.4688;5864806;-3794.330566
406843.7813;5864806;-3795.7229
406904.0625;5864806;-3797.095215
406964.375;5864806;-3798.447754
407024.6563;5864806;-3799.776123
407084.9688;5864806;-3801.085449
407145.2813;5864806;-3802.37207
407205.5625;5864806;-3803.62915
407265.875;5864806;-3804.862305
407326.1875;5864806;-3806.066406
407386.4688;5864806;-3807.242676
407446.7813;5864806;-3808.399414
407507.0625;5864806;-3809.534912
407567.375;5864806;-3810.640381
407627.6875;5864806;-3811.7229
407687.9688;5864806;-3812.785156
407748.2813;5864806;-3813.818359
407808.5938;5864806;-3814.813232
407868.875;5864806;-3815.776367
407929.1875;5864806;-3816.712158
407989.4688;5864806;-3817.626465
408049.7813;5864806;-3818.514893
408110.0938;5864806;-3819.373047
408170.375;5864806;-3820.198242
408230.6875;5864806;-3820.987305
408291;5864806;-3821.73584
408351.2813;5864806;-3822.456055
408411.5938;5864806;-3823.152832
408471.875;5864806;-3823.819824
408532.1875;5864806;-3824.443359
408592.5;5864806;-3825.033936
408652.7813;5864806;-3825.595459
408713.0938;5864806;-3826.127197
408773.4063;5864806;-3826.621826
408833.6875;5864806;-3827.081543
408894;5864806;-3827.510986
408954.2813;5864806;-3827.911621
409014.5938;5864806;-3828.276611
409074.9063;5864806;-3828.608887
409135.1875;5864806;-3828.912598
409195.5;5864806;-3829.187012
409255.8125;5864806;-3829.428955
409316.0938;5864806;-3829.646729
409376.4063;5864806;-3829.841064
401356.4063;5864866.5;-3847.16333
401416.6875;5864866.5;-3846.393311
401477;5864866.5;-3845.56543
401537.3125;5864866.5;-3844.671631
401597.5938;5864866.5;-3843.679443
401657.9063;5864866.5;-3842.591553
401718.2188;5864866.5;-3841.413086
401778.5;5864866.5;-3840.140381
401838.8125;5864866.5;-3838.77417
401899.0938;5864866.5;-3837.348389
401959.4063;5864866.5;-3835.875488
402019.7188;5864866.5;-3834.365967
402080;5864866.5;-3832.847168
402140.3125;5864866.5;-3831.348389
402200.625;5864866.5;-3829.884033
402260.9063;5864866.5;-3828.487793
402321.2188;5864866.5;-3827.230957
402381.5;5864866.5;-3826.105225
402441.8125;5864866.5;-3825.104736
402502.125;5864866.5;-3824.259766
402562.4063;5864866.5;-3823.63623
402622.7188;5864866.5;-3823.216797
402683.0313;5864866.5;-3822.954346
402743.3125;5864866.5;-3822.796143
402803.625;5864866.5;-3822.697998
402863.9063;5864866.5;-3822.623535
402924.2188;5864866.5;-3822.549805
402984.5313;5864866.5;-3822.437256
403044.8125;5864866.5;-3822.215576
403105.125;5864866.5;-3821.882813
403165.4375;5864866.5;-3821.446777
403225.7188;5864866.5;-3820.882324
403286.0313;5864866.5;-3820.145996
403346.3125;5864866.5;-3819.278809
403406.625;5864866.5;-3818.290283
403466.9375;5864866.5;-3817.152344
403527.2188;5864866.5;-3815.846191
403587.5313;5864866.5;-3814.403076
403647.8438;5864866.5;-3812.830078
403708.125;5864866.5;-3811.14209
403768.4375;5864866.5;-3809.348633
403828.7188;5864866.5;-3807.460449
403889.0313;5864866.5;-3805.476563
403949.3438;5864866.5;-3803.377197
404009.625;5864866.5;-3801.166992
404069.9375;5864866.5;-3798.885742
404130.25;5864866.5;-3796.541992
404190.5313;5864866.5;-3794.114014
404250.8438;5864866.5;-3791.585693
404311.125;5864866.5;-3788.983643
404371.4375;5864866.5;-3786.326416
404431.75;5864866.5;-3783.625488
404492.0313;5864866.5;-3780.899414
404552.3438;5864866.5;-3778.166992
404612.625;5864866.5;-3775.448486
404672.9375;5864866.5;-3772.78418
404733.25;5864866.5;-3770.238525
404793.5313;5864866.5;-3767.830566
404853.8438;5864866.5;-3765.597656
404914.1563;5864866.5;-3763.679932
404974.4375;5864866.5;-3762.262695
405034.75;5864866.5;-3761.472168
405095.0313;5864866.5;-3761.349121
405155.3438;5864866.5;-3761.836426
405215.6563;5864866.5;-3762.699219
405275.9375;5864866.5;-3763.710205
405336.25;5864866.5;-3764.78125
405396.5625;5864866.5;-3765.873047
405456.8438;5864866.5;-3766.957275
405517.1563;5864866.5;-3768.016357
405577.4375;5864866.5;-3769.051758
405637.75;5864866.5;-3770.066895
405698.0625;5864866.5;-3771.08252
405758.3438;5864866.5;-3772.103516
405818.6563;5864866.5;-3773.13623
405878.9688;5864866.5;-3774.210938
405939.25;5864866.5;-3775.325195
405999.5625;5864866.5;-3776.47168
406059.8438;5864866.5;-3777.688232
406120.1563;5864866.5;-3778.958496
406180.4688;5864866.5;-3780.256836
406240.75;5864866.5;-3781.594238
406301.0625;5864866.5;-3782.962158
406361.375;5864866.5;-3784.343262
406421.6563;5864866.5;-3785.743164
406481.9688;5864866.5;-3787.158447
406542.25;5864866.5;-3788.57373
406602.5625;5864866.5;-3789.984131
406662.875;5864866.5;-3791.387207
406723.1563;5864866.5;-3792.782471
406783.4688;5864866.5;-3794.166504
406843.7813;5864866.5;-3795.530273
406904.0625;5864866.5;-3796.875488
406964.375;5864866.5;-3798.202637
407024.6563;5864866.5;-3799.508545
407084.9688;5864866.5;-3800.796143
407145.2813;5864866.5;-3802.062256
407205.5625;5864866.5;-3803.302002
407265.875;5864866.5;-3804.518066
407326.1875;5864866.5;-3805.706055
407386.4688;5864866.5;-3806.867676
407446.7813;5864866.5;-3808.010254
407507.0625;5864866.5;-3809.132568
407567.375;5864866.5;-3810.22583
407627.6875;5864866.5;-3811.296387
407687.9688;5864866.5;-3812.346436
407748.2813;5864866.5;-3813.368164
407808.5938;5864866.5;-3814.352783
407868.875;5864866.5;-3815.306152
407929.1875;5864866.5;-3816.232422
407989.4688;5864866.5;-3817.136719
408049.7813;5864866.5;-3818.016602
408110.0938;5864866.5;-3818.866455
408170.375;5864866.5;-3819.683594
408230.6875;5864866.5;-3820.465088
408291;5864866.5;-3821.206543
408351.2813;5864866.5;-3821.92041
408411.5938;5864866.5;-3822.610596
408471.875;5864866.5;-3823.271484
408532.1875;5864866.5;-3823.889648
408592.5;5864866.5;-3824.474854
408652.7813;5864866.5;-3825.031494
408713.0938;5864866.5;-3825.558594
408773.4063;5864866.5;-3826.048584
408833.6875;5864866.5;-3826.504395
408894;5864866.5;-3826.930176
408954.2813;5864866.5;-3827.327637
409014.5938;5864866.5;-3827.689697
409074.9063;5864866.5;-3828.019287
409135.1875;5864866.5;-3828.321533
409195.5;5864866.5;-3828.593994
409255.8125;5864866.5;-3828.835205
409316.0938;5864866.5;-3829.052734
409376.4063;5864866.5;-3829.246338
401356.4063;5864927;-3847.177734
401416.6875;5864927;-3846.483398
401477;5864927;-3845.739746
401537.3125;5864927;-3844.939453
401597.5938;5864927;-3844.053223
401657.9063;5864927;-3843.086426
401718.2188;5864927;-3842.044922
401778.5;5864927;-3840.928467
401838.8125;5864927;-3839.742188
401899.0938;5864927;-3838.517334
401959.4063;5864927;-3837.266602
402019.7188;5864927;-3836.005859
402080;5864927;-3834.765137
402140.3125;5864927;-3833.564697
402200.625;5864927;-3832.416992
402260.9063;5864927;-3831.354492
402321.2188;5864927;-3830.435791
402381.5;5864927;-3829.635742
402441.8125;5864927;-3828.94165
402502.125;5864927;-3828.370361
402562.4063;5864927;-3827.953125
402622.7188;5864927;-3827.653564
402683.0313;5864927;-3827.428955
402743.3125;5864927;-3827.230225
402803.625;5864927;-3827.020264
402863.9063;5864927;-3826.781738
402924.2188;5864927;-3826.494141
402984.5313;5864927;-3826.116455
403044.8125;5864927;-3825.601074
403105.125;5864927;-3824.969238
403165.4375;5864927;-3824.234863
403225.7188;5864927;-3823.37915
403286.0313;5864927;-3822.368652
403346.3125;5864927;-3821.241211
403406.625;5864927;-3820.006836
403466.9375;5864927;-3818.643066
403527.2188;5864927;-3817.134521
403587.5313;5864927;-3815.509033
403647.8438;5864927;-3813.773926
403708.125;5864927;-3811.941895
403768.4375;5864927;-3810.021729
403828.7188;5864927;-3808.023438
403889.0313;5864927;-3805.945801
403949.3438;5864927;-3803.772705
404009.625;5864927;-3801.508057
404069.9375;5864927;-3799.184814
404130.25;5864927;-3796.809326
404190.5313;5864927;-3794.364258
404250.8438;5864927;-3791.83667
404311.125;5864927;-3789.250488
404371.4375;5864927;-3786.620117
404431.75;5864927;-3783.956299
404492.0313;5864927;-3781.275391
404552.3438;5864927;-3778.594971
404612.625;5864927;-3775.936768
404672.9375;5864927;-3773.346436
404733.25;5864927;-3770.899902
404793.5313;5864927;-3768.621826
404853.8438;5864927;-3766.552979
404914.1563;5864927;-3764.840088
404974.4375;5864927;-3763.631348
405034.75;5864927;-3762.899414
405095.0313;5864927;-3762.651367
405155.3438;5864927;-3762.931396
405215.6563;5864927;-3763.595215
405275.9375;5864927;-3764.444336
405336.25;5864927;-3765.390137
405396.5625;5864927;-3766.384521
405456.8438;5864927;-3767.393311
405517.1563;5864927;-3768.397217
405577.4375;5864927;-3769.39502
405637.75;5864927;-3770.386719
405698.0625;5864927;-3771.387451
405758.3438;5864927;-3772.396484
405818.6563;5864927;-3773.419434
405878.9688;5864927;-3774.482422
405939.25;5864927;-3775.584473
405999.5625;5864927;-3776.716797
406059.8438;5864927;-3777.911621
406120.1563;5864927;-3779.15625
406180.4688;5864927;-3780.427734
406240.75;5864927;-3781.734863
406301.0625;5864927;-3783.06958
406361.375;5864927;-3784.417725
406421.6563;5864927;-3785.783936
406481.9688;5864927;-3787.164551
406542.25;5864927;-3788.546631
406602.5625;5864927;-3789.925537
406662.875;5864927;-3791.299072
406723.1563;5864927;-3792.664795
406783.4688;5864927;-3794.021484
406843.7813;5864927;-3795.360596
406904.0625;5864927;-3796.681641
406964.375;5864927;-3797.986572
407024.6563;5864927;-3799.271973
407084.9688;5864927;-3800.540039
407145.2813;5864927;-3801.787109
407205.5625;5864927;-3803.01001
407265.875;5864927;-3804.210205
407326.1875;5864927;-3805.382568
407386.4688;5864927;-3806.530518
407446.7813;5864927;-3807.659424
407507.0625;5864927;-3808.768555
407567.375;5864927;-3809.849365
407627.6875;5864927;-3810.907715
407687.9688;5864927;-3811.946289
407748.2813;5864927;-3812.956787
407808.5938;5864927;-3813.931396
407868.875;5864927;-3814.873779
407929.1875;5864927;-3815.791016
407989.4688;5864927;-3816.686523
408049.7813;5864927;-3817.556641
408110.0938;5864927;-3818.398438
408170.375;5864927;-3819.20752
408230.6875;5864927;-3819.981201
408291;5864927;-3820.716064
408351.2813;5864927;-3821.422363
408411.5938;5864927;-3822.105957
408471.875;5864927;-3822.760498
408532.1875;5864927;-3823.373047
408592.5;5864927;-3823.952881
408652.7813;5864927;-3824.504639
408713.0938;5864927;-3825.0271
408773.4063;5864927;-3825.512451
408833.6875;5864927;-3825.964111
408894;5864927;-3826.38623
408954.2813;5864927;-3826.780273
409014.5938;5864927;-3827.138672
409074.9063;5864927;-3827.466064
409135.1875;5864927;-3827.765625
409195.5;5864927;-3828.036865
409255.8125;5864927;-3828.276855
409316.0938;5864927;-3828.493652
409376.4063;5864927;-3828.687988
401356.4063;5864988;-3847.245117
401416.6875;5864988;-3846.629883
401477;5864988;-3845.973877
401537.3125;5864988;-3845.27002
401597.5938;5864988;-3844.493652
401657.9063;5864988;-3843.651855
401718.2188;5864988;-3842.751709
401778.5;5864988;-3841.793701
401838.8125;5864988;-3840.790527
401899.0938;5864988;-3839.76709
401959.4063;5864988;-3838.739014
402019.7188;5864988;-3837.723877
402080;5864988;-3836.754395
402140.3125;5864988;-3835.842285
402200.625;5864988;-3834.999512
402260.9063;5864988;-3834.255371
402321.2188;5864988;-3833.657227
402381.5;5864988;-3833.167236
402441.8125;5864988;-3832.766113
402502.125;5864988;-3832.458008
402562.4063;5864988;-3832.244385
402622.7188;5864988;-3832.068359
402683.0313;5864988;-3831.887695
402743.3125;5864988;-3831.655029
402803.625;5864988;-3831.337158
402863.9063;5864988;-3830.936035
402924.2188;5864988;-3830.433594
402984.5313;5864988;-3829.789307
403044.8125;5864988;-3828.979004
403105.125;5864988;-3828.049316
403165.4375;5864988;-3827.019531
403225.7188;5864988;-3825.877197
403286.0313;5864988;-3824.598145
403346.3125;5864988;-3823.216797
403406.625;5864988;-3821.74292
403466.9375;5864988;-3820.15918
403527.2188;5864988;-3818.453125
403587.5313;5864988;-3816.649658
403647.8438;5864988;-3814.755859
403708.125;5864988;-3812.78418
403768.4375;5864988;-3810.740967
403828.7188;5864988;-3808.634766
403889.0313;5864988;-3806.465576
403949.3438;5864988;-3804.220703
404009.625;5864988;-3801.903564
404069.9375;5864988;-3799.540039
404130.25;5864988;-3797.135742
404190.5313;5864988;-3794.677734
404250.8438;5864988;-3792.15625
404311.125;5864988;-3789.591797
404371.4375;5864988;-3786.99707
404431.75;5864988;-3784.382568
404492.0313;5864988;-3781.76123
404552.3438;5864988;-3779.149414
404612.625;5864988;-3776.567383
404672.9375;5864988;-3774.066895
404733.25;5864988;-3771.727051
404793.5313;5864988;-3769.576172
404853.8438;5864988;-3767.658936
404914.1563;5864988;-3766.108398
404974.4375;5864988;-3765.021729
405034.75;5864988;-3764.318848
405095.0313;5864988;-3763.98584
405155.3438;5864988;-3764.091309
405215.6563;5864988;-3764.575928
405275.9375;5864988;-3765.271484
405336.25;5864988;-3766.087646
405396.5625;5864988;-3766.973389
405456.8438;5864988;-3767.893555
405517.1563;5864988;-3768.828857
405577.4375;5864988;-3769.775879
405637.75;5864988;-3770.734375
405698.0625;5864988;-3771.711182
405758.3438;5864988;-3772.700928
405818.6563;5864988;-3773.707764
405878.9688;5864988;-3774.755615
405939.25;5864988;-3775.842285
405999.5625;5864988;-3776.960449
406059.8438;5864988;-3778.134277
406120.1563;5864988;-3779.354004
406180.4688;5864988;-3780.601074
406240.75;5864988;-3781.879883
406301.0625;5864988;-3783.183594
406361.375;5864988;-3784.501465
406421.6563;5864988;-3785.83667
406481.9688;5864988;-3787.185059
406542.25;5864988;-3788.536377
406602.5625;5864988;-3789.885498
406662.875;5864988;-3791.230713
406723.1563;5864988;-3792.569824
406783.4688;5864988;-3793.900391
406843.7813;5864988;-3795.216064
406904.0625;5864988;-3796.514648
406964.375;5864988;-3797.798096
407024.6563;5864988;-3799.064209
407084.9688;5864988;-3800.313477
407145.2813;5864988;-3801.542725
407205.5625;5864988;-3802.749756
407265.875;5864988;-3803.934326
407326.1875;5864988;-3805.092773
407386.4688;5864988;-3806.227295
407446.7813;5864988;-3807.343018
407507.0625;5864988;-3808.439453
407567.375;5864988;-3809.508545
407627.6875;5864988;-3810.555176
407687.9688;5864988;-3811.582031
407748.2813;5864988;-3812.58252
407808.5938;5864988;-3813.546387
407868.875;5864988;-3814.479492
407929.1875;5864988;-3815.386963
407989.4688;5864988;-3816.273926
408049.7813;5864988;-3817.135254
408110.0938;5864988;-3817.968506
408170.375;5864988;-3818.77002
408230.6875;5864988;-3819.535889
408291;5864988;-3820.263672
408351.2813;5864988;-3820.963379
408411.5938;5864988;-3821.640625
408471.875;5864988;-3822.288818
408532.1875;5864988;-3822.895752
408592.5;5864988;-3823.469727
408652.7813;5864988;-3824.016602
408713.0938;5864988;-3824.533936
408773.4063;5864988;-3825.014893
408833.6875;5864988;-3825.461914
408894;5864988;-3825.880371
408954.2813;5864988;-3826.270264
409014.5938;5864988;-3826.625488
409074.9063;5864988;-3826.949951
409135.1875;5864988;-3827.247559
409195.5;5864988;-3827.516113
409255.8125;5864988;-3827.755615
409316.0938;5864988;-3827.972656
409376.4063;5864988;-3828.167725
401356.4063;5865048.5;-3847.35791
401416.6875;5865048.5;-3846.822998
401477;5865048.5;-3846.255859
401537.3125;5865048.5;-3845.649658
401597.5938;5865048.5;-3844.983887
401657.9063;5865048.5;-3844.26709
401718.2188;5865048.5;-3843.507568
401778.5;5865048.5;-3842.70874
401838.8125;5865048.5;-3841.885498
401899.0938;5865048.5;-3841.061279
401959.4063;5865048.5;-3840.249512
402019.7188;5865048.5;-3839.473633
402080;5865048.5;-3838.764893
402140.3125;5865048.5;-3838.129639
402200.625;5865048.5;-3837.576416
402260.9063;5865048.5;-3837.133545
402321.2188;5865048.5;-3836.840576
402381.5;5865048.5;-3836.645752
402441.8125;5865048.5;-3836.525391
402502.125;5865048.5;-3836.474365
402562.4063;5865048.5;-3836.464844
402622.7188;5865048.5;-3836.420654
402683.0313;5865048.5;-3836.295654
402743.3125;5865048.5;-3836.040283
402803.625;5865048.5;-3835.620117
402863.9063;5865048.5;-3835.057129
402924.2188;5865048.5;-3834.337158
402984.5313;5865048.5;-3833.421143
403044.8125;5865048.5;-3832.312256
403105.125;5865048.5;-3831.084473
403165.4375;5865048.5;-3829.762451
403225.7188;5865048.5;-3828.3396
403286.0313;5865048.5;-3826.800781
403346.3125;5865048.5;-3825.174561
403406.625;5865048.5;-3823.470947
403466.9375;5865048.5;-3821.676514
403527.2188;5865048.5;-3819.780762
403587.5313;5865048.5;-3817.805908
403647.8438;5865048.5;-3815.760742
403708.125;5865048.5;-3813.652832
403768.4375;5865048.5;-3811.490723
403828.7188;5865048.5;-3809.281006
403889.0313;5865048.5;-3807.023682
403949.3438;5865048.5;-3804.708984
404009.625;5865048.5;-3802.341797
404069.9375;5865048.5;-3799.940186
404130.25;5865048.5;-3797.510254
404190.5313;5865048.5;-3795.041504
404250.8438;5865048.5;-3792.530029
404311.125;5865048.5;-3789.993408
404371.4375;5865048.5;-3787.441895
404431.75;5865048.5;-3784.884766
404492.0313;5865048.5;-3782.334473
404552.3438;5865048.5;-3779.803467
404612.625;5865048.5;-3777.311279
404672.9375;5865048.5;-3774.909424
404733.25;5865048.5;-3772.675293
404793.5313;5865048.5;-3770.635742
404853.8438;5865048.5;-3768.834717
404914.1563;5865048.5;-3767.392822
404974.4375;5865048.5;-3766.365967
405034.75;5865048.5;-3765.662109
405095.0313;5865048.5;-3765.266357
405155.3438;5865048.5;-3765.248535
405215.6563;5865048.5;-3765.593994
405275.9375;5865048.5;-3766.153809
405336.25;5865048.5;-3766.844238
405396.5625;5865048.5;-3767.617188
405456.8438;5865048.5;-3768.440918
405517.1563;5865048.5;-3769.29834
405577.4375;5865048.5;-3770.185547
405637.75;5865048.5;-3771.101318
405698.0625;5865048.5;-3772.045654
405758.3438;5865048.5;-3773.009277
405818.6563;5865048.5;-3773.993896
405878.9688;5865048.5;-3775.022217
405939.25;5865048.5;-3776.092041
405999.5625;5865048.5;-3777.195313
406059.8438;5865048.5;-3778.348633
406120.1563;5865048.5;-3779.545898
406180.4688;5865048.5;-3780.770508
406240.75;5865048.5;-3782.023926
406301.0625;5865048.5;-3783.300049
406361.375;5865048.5;-3784.591064
406421.6563;5865048.5;-3785.897949
406481.9688;5865048.5;-3787.217285
406542.25;5865048.5;-3788.540527
406602.5625;5865048.5;-3789.863525
406662.875;5865048.5;-3791.183105
406723.1563;5865048.5;-3792.497803
406783.4688;5865048.5;-3793.804688
406843.7813;5865048.5;-3795.098633
406904.0625;5865048.5;-3796.376709
406964.375;5865048.5;-3797.640137
407024.6563;5865048.5;-3798.888672
407084.9688;5865048.5;-3800.120361
407145.2813;5865048.5;-3801.333252
407205.5625;5865048.5;-3802.525879
407265.875;5865048.5;-3803.696289
407326.1875;5865048.5;-3804.84082
407386.4688;5865048.5;-3805.962646
407446.7813;5865048.5;-3807.066162
407507.0625;5865048.5;-3808.150635
407567.375;5865048.5;-3809.208008
407627.6875;5865048.5;-3810.244141
407687.9688;5865048.5;-3811.260498
407748.2813;5865048.5;-3812.250488
407808.5938;5865048.5;-3813.20459
407868.875;5865048.5;-3814.12793
407929.1875;5865048.5;-3815.0271
407989.4688;5865048.5;-3815.905029
408049.7813;5865048.5;-3816.758301
408110.0938;5865048.5;-3817.583252
408170.375;5865048.5;-3818.376709
408230.6875;5865048.5;-3819.135498
408291;5865048.5;-3819.855957
408351.2813;5865048.5;-3820.549561
408411.5938;5865048.5;-3821.219971
408471.875;5865048.5;-3821.861816
408532.1875;5865048.5;-3822.463135
408592.5;5865048.5;-3823.031982
408652.7813;5865048.5;-3823.573242
408713.0938;5865048.5;-3824.085449
408773.4063;5865048.5;-3824.561279
408833.6875;5865048.5;-3825.004639
408894;5865048.5;-3825.418213
408954.2813;5865048.5;-3825.804199
409014.5938;5865048.5;-3826.155762
409074.9063;5865048.5;-3826.477295
409135.1875;5865048.5;-3826.771729
409195.5;5865048.5;-3827.038818
409255.8125;5865048.5;-3827.277344
409316.0938;5865048.5;-3827.494141
409376.4063;5865048.5;-3827.689941
401356.4063;5865109;-3847.493652
401416.6875;5865109;-3847.03833
401477;5865109;-3846.558105
401537.3125;5865109;-3846.048828
401597.5938;5865109;-3845.491699
401657.9063;5865109;-3844.897217
401718.2188;5865109;-3844.275391
401778.5;5865109;-3843.631104
401838.8125;5865109;-3842.983398
401899.0938;5865109;-3842.351807
401959.4063;5865109;-3841.750732
402019.7188;5865109;-3841.203613
402080;5865109;-3840.746094
402140.3125;5865109;-3840.376465
402200.625;5865109;-3840.100586
402260.9063;5865109;-3839.946289
402321.2188;5865109;-3839.945313
402381.5;5865109;-3840.036377
402441.8125;5865109;-3840.19043
402502.125;5865109;-3840.394531
402562.4063;5865109;-3840.595215
402622.7188;5865109;-3840.696045
402683.0313;5865109;-3840.644531
402743.3125;5865109;-3840.384766
402803.625;5865109;-3839.867676
402863.9063;5865109;-3839.138428
402924.2188;5865109;-3838.193115
402984.5313;5865109;-3836.999268
403044.8125;5865109;-3835.588867
403105.125;5865109;-3834.061279
403165.4375;5865109;-3832.447998
403225.7188;5865109;-3830.749268
403286.0313;5865109;-3828.95752
403346.3125;5865109;-3827.095459
403406.625;5865109;-3825.169922
403466.9375;5865109;-3823.172852
403527.2188;5865109;-3821.095459
403587.5313;5865109;-3818.956055
403647.8438;5865109;-3816.76416
403708.125;5865109;-3814.526367
403768.4375;5865109;-3812.248535
403828.7188;5865109;-3809.938232
403889.0313;5865109;-3807.595215
403949.3438;5865109;-3805.213135
404009.625;5865109;-3802.797607
404069.9375;5865109;-3800.359863
404130.25;5865109;-3797.904785
404190.5313;5865109;-3795.426025
404250.8438;5865109;-3792.926514
404311.125;5865109;-3790.419189
404371.4375;5865109;-3787.912354
404431.75;5865109;-3785.415527
404492.0313;5865109;-3782.938965
404552.3438;5865109;-3780.493408
404612.625;5865109;-3778.095703
404672.9375;5865109;-3775.794678
404733.25;5865109;-3773.663574
404793.5313;5865109;-3771.725342
404853.8438;5865109;-3770.019531
404914.1563;5865109;-3768.653076
404974.4375;5865109;-3767.657715
405034.75;5865109;-3766.942139
405095.0313;5865109;-3766.494141
405155.3438;5865109;-3766.380371
405215.6563;5865109;-3766.607178
405275.9375;5865109;-3767.041992
405336.25;5865109;-3767.610107
405396.5625;5865109;-3768.271729
405456.8438;5865109;-3768.999512
405517.1563;5865109;-3769.775635
405577.4375;5865109;-3770.596924
405637.75;5865109;-3771.464111
405698.0625;5865109;-3772.369629
405758.3438;5865109;-3773.301025
405818.6563;5865109;-3774.259277
405878.9688;5865109;-3775.26416
405939.25;5865109;-3776.313477
405999.5625;5865109;-3777.398926
406059.8438;5865109;-3778.532227
406120.1563;5865109;-3779.708008
406180.4688;5865109;-3780.912109
406240.75;5865109;-3782.143555
406301.0625;5865109;-3783.396484
406361.375;5865109;-3784.664307
406421.6563;5865109;-3785.947266
406481.9688;5865109;-3787.242676
406542.25;5865109;-3788.542725
406602.5625;5865109;-3789.843262
406662.875;5865109;-3791.141602
406723.1563;5865109;-3792.435547
406783.4688;5865109;-3793.722412
406843.7813;5865109;-3794.997559
406904.0625;5865109;-3796.257568
406964.375;5865109;-3797.50415
407024.6563;5865109;-3798.736572
407084.9688;5865109;-3799.952881
407145.2813;5865109;-3801.151123
407205.5625;5865109;-3802.329834
407265.875;5865109;-3803.487305
407326.1875;5865109;-3804.618652
407386.4688;5865109;-3805.728516
407446.7813;5865109;-3806.820557
407507.0625;5865109;-3807.893555
407567.375;5865109;-3808.940674
407627.6875;5865109;-3809.966309
407687.9688;5865109;-3810.97168
407748.2813;5865109;-3811.95166
407808.5938;5865109;-3812.896484
407868.875;5865109;-3813.811035
407929.1875;5865109;-3814.700928
407989.4688;5865109;-3815.570557
408049.7813;5865109;-3816.415771
408110.0938;5865109;-3817.233398
408170.375;5865109;-3818.019287
408230.6875;5865109;-3818.770996
408291;5865109;-3819.484619
408351.2813;5865109;-3820.171631
408411.5938;5865109;-3820.835449
408471.875;5865109;-3821.47168
408532.1875;5865109;-3822.06665
408592.5;5865109;-3822.629639
408652.7813;5865109;-3823.165527
408713.0938;5865109;-3823.672363
408773.4063;5865109;-3824.144043
408833.6875;5865109;-3824.582275
408894;5865109;-3824.991455
408954.2813;5865109;-3825.373779
409014.5938;5865109;-3825.721436
409074.9063;5865109;-3826.039795
409135.1875;5865109;-3826.331299
409195.5;5865109;-3826.595947
409255.8125;5865109;-3826.833252
409316.0938;5865109;-3827.050049
409376.4063;5865109;-3827.246582
401356.4063;5865169.5;-3847.643799
401416.6875;5865169.5;-3847.266357
401477;5865169.5;-3846.871582
401537.3125;5865169.5;-3846.454834
401597.5938;5865169.5;-3846.002197
401657.9063;5865169.5;-3845.526123
401718.2188;5865169.5;-3845.036377
401778.5;5865169.5;-3844.540527
401838.8125;5865169.5;-3844.061523
401899.0938;5865169.5;-3843.61499
401959.4063;5865169.5;-3843.2146
402019.7188;5865169.5;-3842.887451
402080;5865169.5;-3842.669922
402140.3125;5865169.5;-3842.553955
402200.625;5865169.5;-3842.543701
402260.9063;5865169.5;-3842.66626
402321.2188;5865169.5;-3842.946777
402381.5;5865169.5;-3843.315918
402441.8125;5865169.5;-3843.741211
402502.125;5865169.5;-3844.201904
402562.4063;5865169.5;-3844.622803
402622.7188;5865169.5;-3844.889648
402683.0313;5865169.5;-3844.942871
402743.3125;5865169.5;-3844.710938
402803.625;5865169.5;-3844.103516
402863.9063;5865169.5;-3843.191406
402924.2188;5865169.5;-3841.996826
402984.5313;5865169.5;-3840.512695
403044.8125;5865169.5;-3838.796631
403105.125;5865169.5;-3836.967529
403165.4375;5865169.5;-3835.063232
403225.7188;5865169.5;-3833.092041
403286.0313;5865169.5;-3831.053955
403346.3125;5865169.5;-3828.963135
403406.625;5865169.5;-3826.824463
403466.9375;5865169.5;-3824.633057
403527.2188;5865169.5;-3822.381104
403587.5313;5865169.5;-3820.084229
403647.8438;5865169.5;-3817.751709
403708.125;5865169.5;-3815.388428
403768.4375;5865169.5;-3813
403828.7188;5865169.5;-3810.592285
403889.0313;5865169.5;-3808.166504
403949.3438;5865169.5;-3805.719971
404009.625;5865169.5;-3803.257324
404069.9375;5865169.5;-3800.784668
404130.25;5865169.5;-3798.305908
404190.5313;5865169.5;-3795.819336
404250.8438;5865169.5;-3793.330566
404311.125;5865169.5;-3790.852051
404371.4375;5865169.5;-3788.389648
404431.75;5865169.5;-3785.951904
404492.0313;5865169.5;-3783.54834
404552.3438;5865169.5;-3781.187012
404612.625;5865169.5;-3778.882324
404672.9375;5865169.5;-3776.682129
404733.25;5865169.5;-3774.650146
404793.5313;5865169.5;-3772.803711
404853.8438;5865169.5;-3771.178223
404914.1563;5865169.5;-3769.868164
404974.4375;5865169.5;-3768.889648
405034.75;5865169.5;-3768.157959
405095.0313;5865169.5;-3767.66333
405155.3438;5865169.5;-3767.468262
405215.6563;5865169.5;-3767.587402
405275.9375;5865169.5;-3767.906738
405336.25;5865169.5;-3768.360352
405396.5625;5865169.5;-3768.916748
405456.8438;5865169.5;-3769.551025
405517.1563;5865169.5;-3770.247803
405577.4375;5865169.5;-3771.003906
405637.75;5865169.5;-3771.822266
405698.0625;5865169.5;-3772.688232
405758.3438;5865169.5;-3773.58667
405818.6563;5865169.5;-3774.518066
405878.9688;5865169.5;-3775.499023
405939.25;5865169.5;-3776.529297
405999.5625;5865169.5;-3777.597412
406059.8438;5865169.5;-3778.71167
406120.1563;5865169.5;-3779.868408
406180.4688;5865169.5;-3781.054443
406240.75;5865169.5;-3782.266357
406301.0625;5865169.5;-3783.497803
406361.375;5865169.5;-3784.745117
406421.6563;5865169.5;-3786.006348
406481.9688;5865169.5;-3787.280029
406542.25;5865169.5;-3788.559082
406602.5625;5865169.5;-3789.839355
406662.875;5865169.5;-3791.11792
406723.1563;5865169.5;-3792.391602
406783.4688;5865169.5;-3793.6604
406843.7813;5865169.5;-3794.918213
406904.0625;5865169.5;-3796.161621
406964.375;5865169.5;-3797.391846
407024.6563;5865169.5;-3798.609375
407084.9688;5865169.5;-3799.811279
407145.2813;5865169.5;-3800.995361
407205.5625;5865169.5;-3802.161133
407265.875;5865169.5;-3803.305664
407326.1875;5865169.5;-3804.425537
407386.4688;5865169.5;-3805.52417
407446.7813;5865169.5;-3806.604736
407507.0625;5865169.5;-3807.666992
407567.375;5865169.5;-3808.703857
407627.6875;5865169.5;-3809.71875
407687.9688;5865169.5;-3810.7146
407748.2813;5865169.5;-3811.685059
407808.5938;5865169.5;-3812.621338
407868.875;5865169.5;-3813.5271
407929.1875;5865169.5;-3814.408447
407989.4688;5865169.5;-3815.27002
408049.7813;5865169.5;-3816.107422
408110.0938;5865169.5;-3816.916992
408170.375;5865169.5;-3817.696289
408230.6875;5865169.5;-3818.44043
408291;5865169.5;-3819.147217
408351.2813;5865169.5;-3819.827881
408411.5938;5865169.5;-3820.486084
408471.875;5865169.5;-3821.115723
408532.1875;5865169.5;-3821.705078
408592.5;5865169.5;-3822.262695
408652.7813;5865169.5;-3822.792725
408713.0938;5865169.5;-3823.294189
408773.4063;5865169.5;-3823.760742
408833.6875;5865169.5;-3824.193604
408894;5865169.5;-3824.598633
408954.2813;5865169.5;-3824.976563
409014.5938;5865169.5;-3825.320068
409074.9063;5865169.5;-3825.634521
409135.1875;5865169.5;-3825.923096
409195.5;5865169.5;-3826.185303
409255.8125;5865169.5;-3826.421143
409316.0938;5865169.5;-3826.637695
409376.4063;5865169.5;-3826.835449
401356.4063;5865230;-3847.799072
401416.6875;5865230;-3847.496826
401477;5865230;-3847.183105
401537.3125;5865230;-3846.85498
401597.5938;5865230;-3846.500977
401657.9063;5865230;-3846.135742
401718.2188;5865230;-3845.770508
401778.5;5865230;-3845.414551
401838.8125;5865230;-3845.093994
401899.0938;5865230;-3844.821777
401959.4063;5865230;-3844.611084
402019.7188;5865230;-3844.491699
402080;5865230;-3844.501953
402140.3125;5865230;-3844.626953
402200.625;5865230;-3844.869385
402260.9063;5865230;-3845.257324
402321.2188;5865230;-3845.811035
402381.5;5865230;-3846.452637
402441.8125;5865230;-3847.147461
402502.125;5865230;-3847.869629
402562.4063;5865230;-3848.529541
402622.7188;5865230;-3849
402683.0313;5865230;-3849.215088
402743.3125;5865230;-3849.071533
402803.625;5865230;-3848.381592
402863.9063;5865230;-3847.248291
402924.2188;5865230;-3845.756592
402984.5313;5865230;-3843.950684
403044.8125;5865230;-3841.92041
403105.125;5865230;-3839.788086
403165.4375;5865230;-3837.593506
403225.7188;5865230;-3835.352051
403286.0313;5865230;-3833.073242
403346.3125;5865230;-3830.761719
403406.625;5865230;-3828.417969
403466.9375;5865230;-3826.040527
403527.2188;5865230;-3823.622314
403587.5313;5865230;-3821.175049
403647.8438;5865230;-3818.708496
403708.125;5865230;-3816.225342
403768.4375;5865230;-3813.730469
403828.7188;5865230;-3811.22998
403889.0313;5865230;-3808.724121
403949.3438;5865230;-3806.215332
404009.625;5865230;-3803.707275
404069.9375;5865230;-3801.201416
404130.25;5865230;-3798.699219
404190.5313;5865230;-3796.203613
404250.8438;5865230;-3793.726074
404311.125;5865230;-3791.273926
404371.4375;5865230;-3788.852783
404431.75;5865230;-3786.469971
404492.0313;5865230;-3784.134033
404552.3438;5865230;-3781.850098
404612.625;5865230;-3779.632813
404672.9375;5865230;-3777.526611
404733.25;5865230;-3775.585693
404793.5313;5865230;-3773.821045
404853.8438;5865230;-3772.263916
404914.1563;5865230;-3770.996582
404974.4375;5865230;-3770.026367
405034.75;5865230;-3769.2771
405095.0313;5865230;-3768.73999
405155.3438;5865230;-3768.474121
405215.6563;5865230;-3768.497559
405275.9375;5865230;-3768.713135
405336.25;5865230;-3769.063965
405396.5625;5865230;-3769.524414
405456.8438;5865230;-3770.073242
405517.1563;5865230;-3770.695557
405577.4375;5865230;-3771.390137
405637.75;5865230;-3772.160889
405698.0625;5865230;-3772.989014
405758.3438;5865230;-3773.856201
405818.6563;5865230;-3774.761719
405878.9688;5865230;-3775.720215
405939.25;5865230;-3776.732666
405999.5625;5865230;-3777.786133
406059.8438;5865230;-3778.882813
406120.1563;5865230;-3780.022949
406180.4688;5865230;-3781.193359
406240.75;5865230;-3782.387695
406301.0625;5865230;-3783.60083
406361.375;5865230;-3784.829834
406421.6563;5865230;-3786.073242
406481.9688;5865230;-3787.327148
406542.25;5865230;-3788.586914
406602.5625;5865230;-3789.848877
406662.875;5865230;-3791.109375
406723.1563;5865230;-3792.365967
406783.4688;5865230;-3793.61792
406843.7813;5865230;-3794.859863
406904.0625;5865230;-3796.087402
406964.375;5865230;-3797.303223
407024.6563;5865230;-3798.506836
407084.9688;5865230;-3799.695068
407145.2813;5865230;-3800.866211
407205.5625;5865230;-3802.019775
407265.875;5865230;-3803.152588
407326.1875;5865230;-3804.26123
407386.4688;5865230;-3805.349121
407446.7813;5865230;-3806.419922
407507.0625;5865230;-3807.471436
407567.375;5865230;-3808.497803
407627.6875;5865230;-3809.503906
407687.9688;5865230;-3810.490234
407748.2813;5865230;-3811.45166
407808.5938;5865230;-3812.37915
407868.875;5865230;-3813.276611
407929.1875;5865230;-3814.150391
407989.4688;5865230;-3815.00415
408049.7813;5865230;-3815.83374
408110.0938;5865230;-3816.63623
408170.375;5865230;-3817.407959
408230.6875;5865230;-3818.145264
408291;5865230;-3818.845947
408351.2813;5865230;-3819.520508
408411.5938;5865230;-3820.171875
408471.875;5865230;-3820.795898
408532.1875;5865230;-3821.379639
408592.5;5865230;-3821.931641
408652.7813;5865230;-3822.455566
408713.0938;5865230;-3822.951904
408773.4063;5865230;-3823.412354
408833.6875;5865230;-3823.840332
408894;5865230;-3824.240479
408954.2813;5865230;-3824.613281
409014.5938;5865230;-3824.952393
409074.9063;5865230;-3825.263184
409135.1875;5865230;-3825.547852
409195.5;5865230;-3825.806885
409255.8125;5865230;-3826.040771
409316.0938;5865230;-3826.256348
409376.4063;5865230;-3826.455566
401356.4063;5865291;-3847.94751
401416.6875;5865291;-3847.717041
401477;5865291;-3847.479248
401537.3125;5865291;-3847.233154
401597.5938;5865291;-3846.970215
401657.9063;5865291;-3846.70752
401718.2188;5865291;-3846.457764
401778.5;5865291;-3846.230469
401838.8125;5865291;-3846.056396
401899.0938;5865291;-3845.946045
401959.4063;5865291;-3845.911621
402019.7188;5865291;-3845.986816
402080;5865291;-3846.212402
402140.3125;5865291;-3846.566895
402200.625;5865291;-3847.052246
402260.9063;5865291;-3847.695801
402321.2188;5865291;-3848.516846
402381.5;5865291;-3849.43042
402441.8125;5865291;-3850.399414
402502.125;5865291;-3851.39502
402562.4063;5865291;-3852.32373
402622.7188;5865291;-3853.047119
402683.0313;5865291;-3853.495605
402743.3125;5865291;-3853.524658
402803.625;5865291;-3852.76001
402863.9063;5865291;-3851.339111
402924.2188;5865291;-3849.490723
402984.5313;5865291;-3847.323242
403044.8125;5865291;-3844.960449
403105.125;5865291;-3842.520264
403165.4375;5865291;-3840.034668
403225.7188;5865291;-3837.525635
403286.0313;5865291;-3835.010742
403346.3125;5865291;-3832.484619
403406.625;5865291;-3829.944092
403466.9375;5865291;-3827.388428
403527.2188;5865291;-3824.811279
403587.5313;5865291;-3822.220215
403647.8438;5865291;-3819.624756
403708.125;5865291;-3817.026123
403768.4375;5865291;-3814.428955
403828.7188;5865291;-3811.838623
403889.0313;5865291;-3809.256348
403949.3438;5865291;-3806.686279
404009.625;5865291;-3804.133057
404069.9375;5865291;-3801.593262
404130.25;5865291;-3799.067139
404190.5313;5865291;-3796.561279
404250.8438;5865291;-3794.091064
404311.125;5865291;-3791.661621
404371.4375;5865291;-3789.274902
404431.75;5865291;-3786.939453
404492.0313;5865291;-3784.662109
404552.3438;5865291;-3782.445557
404612.625;5865291;-3780.303955
404672.9375;5865291;-3778.279053
404733.25;5865291;-3776.417969
404793.5313;5865291;-3774.724121
404853.8438;5865291;-3773.223633
404914.1563;5865291;-3771.98877
404974.4375;5865291;-3771.022949
405034.75;5865291;-3770.256348
405095.0313;5865291;-3769.681885
405155.3438;5865291;-3769.354248
405215.6563;5865291;-3769.295166
405275.9375;5865291;-3769.42041
405336.25;5865291;-3769.681152
405396.5625;5865291;-3770.057861
405456.8438;5865291;-3770.531006
405517.1563;5865291;-3771.08667
405577.4375;5865291;-3771.724854
405637.75;5865291;-3772.451904
405698.0625;5865291;-3773.244629
405758.3438;5865291;-3774.081787
405818.6563;5865291;-3774.963135
405878.9688;5865291;-3775.902344
405939.25;5865291;-3776.898193
405999.5625;5865291;-3777.937988
406059.8438;5865291;-3779.020996
406120.1563;5865291;-3780.146729
406180.4688;5865291;-3781.304199
406240.75;5865291;-3782.485107
406301.0625;5865291;-3783.684082
406361.375;5865291;-3784.898926
406421.6563;5865291;-3786.126709
406481.9688;5865291;-3787.364746
406542.25;5865291;-3788.609619
406602.5625;5865291;-3789.856445
406662.875;5865291;-3791.102051
406723.1563;5865291;-3792.344482
406783.4688;5865291;-3793.582275
406843.7813;5865291;-3794.810791
406904.0625;5865291;-3796.025391
406964.375;5865291;-3797.228516
407024.6563;5865291;-3798.420166
407084.9688;5865291;-3799.59668
407145.2813;5865291;-3800.755859
407205.5625;5865291;-3801.898438
407265.875;5865291;-3803.020996
407326.1875;5865291;-3804.118896
407386.4688;5865291;-3805.197266
407446.7813;5865291;-3806.258545
407507.0625;5865291;-3807.300781
407567.375;5865291;-3808.318359
407627.6875;5865291;-3809.315186
407687.9688;5865291;-3810.292725
407748.2813;5865291;-3811.24585
407808.5938;5865291;-3812.165283
407868.875;5865291;-3813.055176
407929.1875;5865291;-3813.922119
407989.4688;5865291;-3814.768799
408049.7813;5865291;-3815.59082
408110.0938;5865291;-3816.38623
408170.375;5865291;-3817.151367
408230.6875;5865291;-3817.882813
408291;5865291;-3818.576904
408351.2813;5865291;-3819.245605
408411.5938;5865291;-3819.891113
408471.875;5865291;-3820.509521
408532.1875;5865291;-3821.087646
408592.5;5865291;-3821.633301
408652.7813;5865291;-3822.152832
408713.0938;5865291;-3822.643799
408773.4063;5865291;-3823.098877
408833.6875;5865291;-3823.52124
408894;5865291;-3823.915771
408954.2813;5865291;-3824.283447
409014.5938;5865291;-3824.617676
409074.9063;5865291;-3824.923584
409135.1875;5865291;-3825.204102
409195.5;5865291;-3825.459229
409255.8125;5865291;-3825.690918
409316.0938;5865291;-3825.905273
409376.4063;5865291;-3826.104492
401356.4063;5865351.5;-3848.091309
401416.6875;5865351.5;-3847.929199
401477;5865351.5;-3847.763916
401537.3125;5865351.5;-3847.594727
401597.5938;5865351.5;-3847.416748
401657.9063;5865351.5;-3847.249756
401718.2188;5865351.5;-3847.106689
401778.5;5865351.5;-3846.999023
401838.8125;5865351.5;-3846.960449
401899.0938;5865351.5;-3847.000732
401959.4063;5865351.5;-3847.132324
402019.7188;5865351.5;-3847.391846
402080;5865351.5;-3847.822754
402140.3125;5865351.5;-3848.399902
402200.625;5865351.5;-3849.121826
402260.9063;5865351.5;-3850.017822
402321.2188;5865351.5;-3851.10498
402381.5;5865351.5;-3852.295166
402441.8125;5865351.5;-3853.546631
402502.125;5865351.5;-3854.829102
402562.4063;5865351.5;-3856.031982
402622.7188;5865351.5;-3857.006104
402683.0313;5865351.5;-3857.688477
402743.3125;5865351.5;-3857.89624
402803.625;5865351.5;-3857.053223
402863.9063;5865351.5;-3855.330322
402924.2188;5865351.5;-3853.143311
402984.5313;5865351.5;-3850.635742
403044.8125;5865351.5;-3847.943604
403105.125;5865351.5;-3845.192139
403165.4375;5865351.5;-3842.414063
403225.7188;5865351.5;-3839.637207
403286.0313;5865351.5;-3836.888428
403346.3125;5865351.5;-3834.151611
403406.625;5865351.5;-3831.418701
403466.9375;5865351.5;-3828.69043
403527.2188;5865351.5;-3825.959229
403587.5313;5865351.5;-3823.229004
403647.8438;5865351.5;-3820.508301
403708.125;5865351.5;-3817.797363
403768.4375;5865351.5;-3815.100342
403828.7188;5865351.5;-3812.422607
403889.0313;5865351.5;-3809.764893
403949.3438;5865351.5;-3807.134033
404009.625;5865351.5;-3804.535889
404069.9375;5865351.5;-3801.962402
404130.25;5865351.5;-3799.411621
404190.5313;5865351.5;-3796.895264
404250.8438;5865351.5;-3794.430664
404311.125;5865351.5;-3792.019531
404371.4375;5865351.5;-3789.66333
404431.75;5865351.5;-3787.368896
404492.0313;5865351.5;-3785.142822
404552.3438;5865351.5;-3782.985596
404612.625;5865351.5;-3780.9104
404672.9375;5865351.5;-3778.957031
404733.25;5865351.5;-3777.164551
404793.5313;5865351.5;-3775.532715
404853.8438;5865351.5;-3774.082275
404914.1563;5865351.5;-3772.874023
404974.4375;5865351.5;-3771.908936
405034.75;5865351.5;-3771.126709
405095.0313;5865351.5;-3770.52002
405155.3438;5865351.5;-3770.138916
405215.6563;5865351.5;-3770.006592
405275.9375;5865351.5;-3770.051025
405336.25;5865351.5;-3770.232422
405396.5625;5865351.5;-3770.53418
405456.8438;5865351.5;-3770.940918
405517.1563;5865351.5;-3771.437256
405577.4375;5865351.5;-3772.025391
405637.75;5865351.5;-3772.712402
405698.0625;5865351.5;-3773.473145
405758.3438;5865351.5;-3774.284668
405818.6563;5865351.5;-3775.145264
405878.9688;5865351.5;-3776.06665
405939.25;5865351.5;-3777.048828
405999.5625;5865351.5;-3778.077637
406059.8438;5865351.5;-3779.148438
406120.1563;5865351.5;-3780.262695
406180.4688;5865351.5;-3781.4104
406240.75;5865351.5;-3782.579346
406301.0625;5865351.5;-3783.766357
406361.375;5865351.5;-3784.969238
406421.6563;5865351.5;-3786.184082
406481.9688;5865351.5;-3787.408203
406542.25;5865351.5;-3788.63916
406602.5625;5865351.5;-3789.872803
406662.875;5865351.5;-3791.10498
406723.1563;5865351.5;-3792.33374
406783.4688;5865351.5;-3793.558838
406843.7813;5865351.5;-3794.774658
406904.0625;5865351.5;-3795.977539
406964.375;5865351.5;-3797.169189
407024.6563;5865351.5;-3798.349609
407084.9688;5865351.5;-3799.514893
407145.2813;5865351.5;-3800.663574
407205.5625;5865351.5;-3801.795898
407265.875;5865351.5;-3802.908203
407326.1875;5865351.5;-3803.996338
407386.4688;5865351.5;-3805.065918
407446.7813;5865351.5;-3806.117432
407507.0625;5865351.5;-3807.150879
407567.375;5865351.5;-3808.160156
407627.6875;5865351.5;-3809.147949
407687.9688;5865351.5;-3810.116455
407748.2813;5865351.5;-3811.061523
407808.5938;5865351.5;-3811.973877
407868.875;5865351.5;-3812.856445
407929.1875;5865351.5;-3813.716064
407989.4688;5865351.5;-3814.555908
408049.7813;5865351.5;-3815.371826
408110.0938;5865351.5;-3816.1604
408170.375;5865351.5;-3816.918945
408230.6875;5865351.5;-3817.643799
408291;5865351.5;-3818.332764
408351.2813;5865351.5;-3818.995605
408411.5938;5865351.5;-3819.635254
408471.875;5865351.5;-3820.248047
408532.1875;5865351.5;-3820.820801
408592.5;5865351.5;-3821.361084
408652.7813;5865351.5;-3821.874756
408713.0938;5865351.5;-3822.360107
408773.4063;5865351.5;-3822.80957
408833.6875;5865351.5;-3823.226807
408894;5865351.5;-3823.615479
408954.2813;5865351.5;-3823.977051
409014.5938;5865351.5;-3824.305664
409074.9063;5865351.5;-3824.606445
409135.1875;5865351.5;-3824.880615
409195.5;5865351.5;-3825.131592
409255.8125;5865351.5;-3825.359375
409316.0938;5865351.5;-3825.571289
409376.4063;5865351.5;-3825.770508
401356.4063;5865412;-3848.230713
401416.6875;5865412;-3848.13501
401477;5865412;-3848.038086
401537.3125;5865412;-3847.940918
401597.5938;5865412;-3847.841309
401657.9063;5865412;-3847.761963
401718.2188;5865412;-3847.716553
401778.5;5865412;-3847.718262
401838.8125;5865412;-3847.804199
401899.0938;5865412;-3847.983887
401959.4063;5865412;-3848.270508
402019.7188;5865412;-3848.705322
402080;5865412;-3849.331299
402140.3125;5865412;-3850.124268
402200.625;5865412;-3851.080322
402260.9063;5865412;-3852.230469
402321.2188;5865412;-3853.586182
402381.5;5865412;-3855.063965
402441.8125;5865412;-3856.61792
402502.125;5865412;-3858.20752
402562.4063;5865412;-3859.697998
402622.7188;5865412;-3860.910889
402683.0313;5865412;-3861.743164
402743.3125;5865412;-3861.972656
402803.625;5865412;-3861.053467
402863.9063;5865412;-3859.162842
402924.2188;5865412;-3856.733154
402984.5313;5865412;-3853.922607
403044.8125;5865412;-3850.900879
403105.125;5865412;-3847.824707
403165.4375;5865412;-3844.744629
403225.7188;5865412;-3841.698242
403286.0313;5865412;-3838.715088
403346.3125;5865412;-3835.77002
403406.625;5865412;-3832.849365
403466.9375;5865412;-3829.953857
403527.2188;5865412;-3827.07251
403587.5313;5865412;-3824.205322
403647.8438;5865412;-3821.362305
403708.125;5865412;-3818.541016
403768.4375;5865412;-3815.745117
403828.7188;5865412;-3812.981445
403889.0313;5865412;-3810.249512
403949.3438;5865412;-3807.558838
404009.625;5865412;-3804.914795
404069.9375;5865412;-3802.306396
404130.25;5865412;-3799.730713
404190.5313;5865412;-3797.202393
404250.8438;5865412;-3794.740723
404311.125;5865412;-3792.344238
404371.4375;5865412;-3790.01416
404431.75;5865412;-3787.755859
404492.0313;5865412;-3785.57373
404552.3438;5865412;-3783.468018
404612.625;5865412;-3781.449951
404672.9375;5865412;-3779.557617
404733.25;5865412;-3777.822754
404793.5313;5865412;-3776.242676
404853.8438;5865412;-3774.836182
404914.1563;5865412;-3773.650635
404974.4375;5865412;-3772.684082
405034.75;5865412;-3771.886475
405095.0313;5865412;-3771.252197
405155.3438;5865412;-3770.825439
405215.6563;5865412;-3770.627686
405275.9375;5865412;-3770.602051
405336.25;5865412;-3770.714355
405396.5625;5865412;-3770.950684
405456.8438;5865412;-3771.298584
405517.1563;5865412;-3771.743164
405577.4375;5865412;-3772.287354
405637.75;5865412;-3772.938477
405698.0625;5865412;-3773.67041
405758.3438;5865412;-3774.459473
405818.6563;5865412;-3775.303711
405878.9688;5865412;-3776.210449
405939.25;5865412;-3777.181396
405999.5625;5865412;-3778.201416
406059.8438;5865412;-3779.263428
406120.1563;5865412;-3780.368408
406180.4688;5865412;-3781.508301
406240.75;5865412;-3782.668701
406301.0625;5865412;-3783.845947
406361.375;5865412;-3785.03833
406421.6563;5865412;-3786.242432
406481.9688;5865412;-3787.45459
406542.25;5865412;-3788.673828
406602.5625;5865412;-3789.895752
406662.875;5865412;-3791.116455
406723.1563;5865412;-3792.33374
406783.4688;5865412;-3793.546387
406843.7813;5865412;-3794.751221
406904.0625;5865412;-3795.943359
406964.375;5865412;-3797.123779
407024.6563;5865412;-3798.293945
407084.9688;5865412;-3799.44873
407145.2813;5865412;-3800.587646
407205.5625;5865412;-3801.710205
407265.875;5865412;-3802.812256
407326.1875;5865412;-3803.891846
407386.4688;5865412;-3804.952148
407446.7813;5865412;-3805.995361
407507.0625;5865412;-3807.019775
407567.375;5865412;-3808.020752
407627.6875;5865412;-3809.000732
407687.9688;5865412;-3809.960938
407748.2813;5865412;-3810.898193
407808.5938;5865412;-3811.802979
407868.875;5865412;-3812.678955
407929.1875;5865412;-3813.532227
407989.4688;5865412;-3814.365234
408049.7813;5865412;-3815.174316
408110.0938;5865412;-3815.956299
408170.375;5865412;-3816.70874
408230.6875;5865412;-3817.427979
408291;5865412;-3818.111816
408351.2813;5865412;-3818.769287
408411.5938;5865412;-3819.40332
408471.875;5865412;-3820.009766
408532.1875;5865412;-3820.577393
408592.5;5865412;-3821.112549
408652.7813;5865412;-3821.620605
408713.0938;5865412;-3822.099854
408773.4063;5865412;-3822.543213
408833.6875;5865412;-3822.954834
408894;5865412;-3823.337891
408954.2813;5865412;-3823.693115
409014.5938;5865412;-3824.015137
409074.9063;5865412;-3824.309326
409135.1875;5865412;-3824.577637
409195.5;5865412;-3824.822021
409255.8125;5865412;-3825.044922
409316.0938;5865412;-3825.25293
409376.4063;5865412;-3825.449463
