401356.4063;5859412;-3961.010742
401416.6875;5859412;-3961.011719
401477;5859412;-3961.019043
401537.3125;5859412;-3961.044678
401597.5938;5859412;-3961.118164
401657.9063;5859412;-3961.268799
401718.2188;5859412;-3961.51709
401778.5;5859412;-3961.897949
401838.8125;5859412;-3962.477539
401899.0938;5859412;-3963.263916
401959.4063;5859412;-3964.275146
402019.7188;5859412;-3965.561768
402080;5859412;-3967.156494
402140.3125;5859412;-3968.973389
402200.625;5859412;-3970.9729
402260.9063;5859412;-3973.147217
402321.2188;5859412;-3975.45166
402381.5;5859412;-3977.79541
402441.8125;5859412;-3980.130859
402502.125;5859412;-3982.416748
402562.4063;5859412;-3984.603271
402622.7188;5859412;-3986.684814
402683.0313;5859412;-3988.663086
402743.3125;5859412;-3990.531738
402803.625;5859412;-3992.288818
402863.9063;5859412;-3993.956787
402924.2188;5859412;-3995.541016
402984.5313;5859412;-3997.031494
403044.8125;5859412;-3998.433105
403105.125;5859412;-3999.775146
403165.4375;5859412;-4001.06665
403225.7188;5859412;-4002.308594
403286.0313;5859412;-4003.50708
403346.3125;5859412;-4004.676025
403406.625;5859412;-4005.82373
403466.9375;5859412;-4006.956787
403527.2188;5859412;-4008.074951
403587.5313;5859412;-4009.183594
403647.8438;5859412;-4010.289551
403708.125;5859412;-4011.389893
403768.4375;5859412;-4012.485352
403828.7188;5859412;-4013.580322
403889.0313;5859412;-4014.671143
403949.3438;5859412;-4015.756348
404009.625;5859412;-4016.834961
404069.9375;5859412;-4017.907227
404130.25;5859412;-4018.971191
404190.5313;5859412;-4020.026123
404250.8438;5859412;-4021.069092
404311.125;5859412;-4022.101318
404371.4375;5859412;-4023.124268
404431.75;5859412;-4024.138428
404492.0313;5859412;-4025.14502
404552.3438;5859412;-4026.145996
404612.625;5859412;-4027.142334
404672.9375;5859412;-4028.137451
404733.25;5859412;-4029.130127
404793.5313;5859412;-4030.121582
404853.8438;5859412;-4031.114014
404914.1563;5859412;-4032.108887
404974.4375;5859412;-4033.105713
405034.75;5859412;-4034.105713
405095.0313;5859412;-4038.591553
405155.3438;5859412;-4039.564209
405215.6563;5859412;-4040.54126
405275.9375;5859412;-4041.520264
405336.25;5859412;-4042.475586
405396.5625;5859412;-4043.434082
405456.8438;5859412;-4044.39624
405517.1563;5859412;-4045.337402
405577.4375;5859412;-4046.280273
405637.75;5859412;-4047.225586
405698.0625;5859412;-4048.154053
405758.3438;5859412;-4049.081299
405818.6563;5859412;-4050.010254
405878.9688;5859412;-4050.921875
405939.25;5859412;-4051.830078
405999.5625;5859412;-4052.740723
406059.8438;5859412;-4053.615967
406120.1563;5859412;-4053.264648
406180.4688;5859412;-4054.197998
406240.75;5859412;-4055.141113
406301.0625;5859412;-4056.094238
406361.375;5859412;-4057.059814
406421.6563;5859412;-4058.043213
406481.9688;5859412;-4059.045898
406542.25;5859412;-4060.066162
406602.5625;5859412;-4061.112305
406662.875;5859412;-4062.181641
406723.1563;5859412;-4063.264893
406783.4688;5859412;-4064.361816
406843.7813;5859412;-4065.473633
406904.0625;5859412;-4066.588379
406964.375;5859412;-4067.702148
407024.6563;5859412;-4068.813721
407084.9688;5859412;-4069.910645
407145.2813;5859412;-4070.986572
407205.5625;5859412;-4072.041504
407265.875;5859412;-4073.0625
407326.1875;5859412;-4074.033203
407386.4688;5859412;-4074.941162
407446.7813;5859412;-4075.763916
407507.0625;5859412;-4076.462891
407567.375;5859412;-4076.979004
407627.6875;5859412;-4077.337402
407687.9688;5859412;-4077.613525
407748.2813;5859412;-4077.952881
407808.5938;5859412;-4078.707275
407868.875;5859412;-4080.322266
407929.1875;5859412;-4083.102539
407989.4688;5859412;-4087.444824
408049.7813;5859412;-4093.883301
408110.0938;5859412;-4101.575195
408170.375;5859412;-4107.593262
408230.6875;5859412;-4110.329102
408291;5859412;-4110.540527
408351.2813;5859412;-4109.387207
408411.5938;5859412;-4107.404297
408471.875;5859412;-4104.845703
408532.1875;5859412;-4101.975586
408592.5;5859412;-4099.13623
408652.7813;5859412;-4096.486328
408713.0938;5859412;-4094.105713
408773.4063;5859412;-4092.063721
408833.6875;5859412;-4090.279053
408894;5859412;-4088.674316
408954.2813;5859412;-4087.202148
409014.5938;5859412;-4085.835449
409074.9063;5859412;-4084.542969
409135.1875;5859412;-4083.308838
409195.5;5859412;-4082.136719
409255.8125;5859412;-4081.038818
409316.0938;5859412;-4089.980469
409376.4063;5859412;-4089.042236
401356.4063;5859472.5;-3961.434814
401416.6875;5859472.5;-3961.378174
401477;5859472.5;-3961.326172
401537.3125;5859472.5;-3961.287109
401597.5938;5859472.5;-3961.288818
401657.9063;5859472.5;-3961.362793
401718.2188;5859472.5;-3961.531006
401778.5;5859472.5;-3961.832275
401838.8125;5859472.5;-3962.345215
401899.0938;5859472.5;-3963.081787
401959.4063;5859472.5;-3964.066406
402019.7188;5859472.5;-3965.361084
402080;5859472.5;-3967.00708
402140.3125;5859472.5;-3968.895264
402200.625;5859472.5;-3970.98291
402260.9063;5859472.5;-3973.256836
402321.2188;5859472.5;-3975.655273
402381.5;5859472.5;-3978.070801
402441.8125;5859472.5;-3980.453613
402502.125;5859472.5;-3982.760254
402562.4063;5859472.5;-3984.933105
402622.7188;5859472.5;-3986.97876
402683.0313;5859472.5;-3988.904053
402743.3125;5859472.5;-3990.709229
402803.625;5859472.5;-3992.399658
402863.9063;5859472.5;-3994.005859
402924.2188;5859472.5;-3995.533936
402984.5313;5859472.5;-3996.975586
403044.8125;5859472.5;-3998.336426
403105.125;5859472.5;-3999.647461
403165.4375;5859472.5;-4000.914551
403225.7188;5859472.5;-4002.137207
403286.0313;5859472.5;-4003.321289
403346.3125;5859472.5;-4004.480957
403406.625;5859472.5;-4005.62085
403466.9375;5859472.5;-4006.750244
403527.2188;5859472.5;-4007.867432
403587.5313;5859472.5;-4008.977539
403647.8438;5859472.5;-4010.088135
403708.125;5859472.5;-4011.195557
403768.4375;5859472.5;-4012.30127
403828.7188;5859472.5;-4013.407227
403889.0313;5859472.5;-4014.51123
403949.3438;5859472.5;-4015.609375
404009.625;5859472.5;-4016.702148
404069.9375;5859472.5;-4017.78833
404130.25;5859472.5;-4018.866455
404190.5313;5859472.5;-4019.933594
404250.8438;5859472.5;-4020.988525
404311.125;5859472.5;-4022.031006
404371.4375;5859472.5;-4023.0625
404431.75;5859472.5;-4024.08374
404492.0313;5859472.5;-4025.095947
404552.3438;5859472.5;-4026.10083
404612.625;5859472.5;-4027.100098
404672.9375;5859472.5;-4028.096436
404733.25;5859472.5;-4029.089844
404793.5313;5859472.5;-4030.080811
404853.8438;5859472.5;-4031.071533
404914.1563;5859472.5;-4032.064209
404974.4375;5859472.5;-4033.05835
405034.75;5859472.5;-4034.054932
405095.0313;5859472.5;-4038.533691
405155.3438;5859472.5;-4039.498291
405215.6563;5859472.5;-4040.466064
405275.9375;5859472.5;-4041.435059
405336.25;5859472.5;-4042.381592
405396.5625;5859472.5;-4043.330566
405456.8438;5859472.5;-4044.282471
405517.1563;5859472.5;-4045.215576
405577.4375;5859472.5;-4046.149658
405637.75;5859472.5;-4047.086182
405698.0625;5859472.5;-4048.01001
405758.3438;5859472.5;-4048.932617
405818.6563;5859472.5;-4049.857422
405878.9688;5859472.5;-4050.772217
405939.25;5859472.5;-4051.685547
405999.5625;5859472.5;-4052.603271
406059.8438;5859472.5;-4053.456543
406120.1563;5859472.5;-4052.94751
406180.4688;5859472.5;-4053.880859
406240.75;5859472.5;-4054.827148
406301.0625;5859472.5;-4055.787354
406361.375;5859472.5;-4056.762207
406421.6563;5859472.5;-4057.758057
406481.9688;5859472.5;-4058.776611
406542.25;5859472.5;-4059.814453
406602.5625;5859472.5;-4060.880371
406662.875;5859472.5;-4061.971436
406723.1563;5859472.5;-4063.074951
406783.4688;5859472.5;-4064.190918
406843.7813;5859472.5;-4065.31958
406904.0625;5859472.5;-4066.445068
406964.375;5859472.5;-4067.564209
407024.6563;5859472.5;-4068.675049
407084.9688;5859472.5;-4069.762695
407145.2813;5859472.5;-4070.818359
407205.5625;5859472.5;-4071.841553
407265.875;5859472.5;-4072.818604
407326.1875;5859472.5;-4073.729004
407386.4688;5859472.5;-4074.564209
407446.7813;5859472.5;-4075.303955
407507.0625;5859472.5;-4075.910156
407567.375;5859472.5;-4076.305908
407627.6875;5859472.5;-4076.502686
407687.9688;5859472.5;-4076.551514
407748.2813;5859472.5;-4076.524658
407808.5938;5859472.5;-4076.669434
407868.875;5859472.5;-4077.426758
407929.1875;5859472.5;-4079.162598
407989.4688;5859472.5;-4082.502441
408049.7813;5859472.5;-4088.862061
408110.0938;5859472.5;-4098.052246
408170.375;5859472.5;-4105.456055
408230.6875;5859472.5;-4108.73584
408291;5859472.5;-4109.09668
408351.2813;5859472.5;-4107.896484
408411.5938;5859472.5;-4105.779297
408471.875;5859472.5;-4103.079102
408532.1875;5859472.5;-4100.157227
408592.5;5859472.5;-4097.370605
408652.7813;5859472.5;-4094.824951
408713.0938;5859472.5;-4092.566162
408773.4063;5859472.5;-4090.650146
408833.6875;5859472.5;-4088.977295
408894;5859472.5;-4087.469727
408954.2813;5859472.5;-4086.080811
409014.5938;5859472.5;-4084.784668
409074.9063;5859472.5;-4083.555176
409135.1875;5859472.5;-4082.378662
409195.5;5859472.5;-4081.26001
409255.8125;5859472.5;-4080.214355
409316.0938;5859472.5;-4089.188721
409376.4063;5859472.5;-4088.301514
401356.4063;5859533.5;-3961.854248
401416.6875;5859533.5;-3961.734375
401477;5859533.5;-3961.614014
401537.3125;5859533.5;-3961.499268
401597.5938;5859533.5;-3961.413086
401657.9063;5859533.5;-3961.388672
401718.2188;5859533.5;-3961.452148
401778.5;5859533.5;-3961.648682
401838.8125;5859533.5;-3962.070313
401899.0938;5859533.5;-3962.739258
401959.4063;5859533.5;-3963.689453
402019.7188;5859533.5;-3964.996094
402080;5859533.5;-3966.708252
402140.3125;5859533.5;-3968.694824
402200.625;5859533.5;-3970.905029
402260.9063;5859533.5;-3973.316406
402321.2188;5859533.5;-3975.84375
402381.5;5859533.5;-3978.363281
402441.8125;5859533.5;-3980.820557
402502.125;5859533.5;-3983.166016
402562.4063;5859533.5;-3985.336426
402622.7188;5859533.5;-3987.348877
402683.0313;5859533.5;-3989.219971
402743.3125;5859533.5;-3990.955811
402803.625;5859533.5;-3992.57373
402863.9063;5859533.5;-3994.109619
402924.2188;5859533.5;-3995.572998
402984.5313;5859533.5;-3996.958008
403044.8125;5859533.5;-3998.272705
403105.125;5859533.5;-3999.54541
403165.4375;5859533.5;-4000.781494
403225.7188;5859533.5;-4001.979736
403286.0313;5859533.5;-4003.145752
403346.3125;5859533.5;-4004.290527
403406.625;5859533.5;-4005.420166
403466.9375;5859533.5;-4006.54248
403527.2188;5859533.5;-4007.656494
403587.5313;5859533.5;-4008.767334
403647.8438;5859533.5;-4009.881592
403708.125;5859533.5;-4010.99585
403768.4375;5859533.5;-4012.111084
403828.7188;5859533.5;-4013.229736
403889.0313;5859533.5;-4014.347168
403949.3438;5859533.5;-4015.459961
404009.625;5859533.5;-4016.567139
404069.9375;5859533.5;-4017.668213
404130.25;5859533.5;-4018.760986
404190.5313;5859533.5;-4019.842041
404250.8438;5859533.5;-4020.908203
404311.125;5859533.5;-4021.960693
404371.4375;5859533.5;-4023.001221
404431.75;5859533.5;-4024.029297
404492.0313;5859533.5;-4025.046143
404552.3438;5859533.5;-4026.054932
404612.625;5859533.5;-4027.056396
404672.9375;5859533.5;-4028.053711
404733.25;5859533.5;-4029.046631
404793.5313;5859533.5;-4030.036377
404853.8438;5859533.5;-4031.025635
404914.1563;5859533.5;-4032.015869
404974.4375;5859533.5;-4033.006836
405034.75;5859533.5;-4037.494141
405095.0313;5859533.5;-4038.47168
405155.3438;5859533.5;-4039.426758
405215.6563;5859533.5;-4040.38501
405275.9375;5859533.5;-4041.344482
405336.25;5859533.5;-4042.281982
405396.5625;5859533.5;-4043.221436
405456.8438;5859533.5;-4044.163086
405517.1563;5859533.5;-4045.087646
405577.4375;5859533.5;-4046.012695
405637.75;5859533.5;-4046.94043
405698.0625;5859533.5;-4047.859131
405758.3438;5859533.5;-4048.777588
405818.6563;5859533.5;-4049.697266
405878.9688;5859533.5;-4050.614258
405939.25;5859533.5;-4051.532959
405999.5625;5859533.5;-4052.456299
406059.8438;5859533.5;-4051.698486
406120.1563;5859533.5;-4052.620361
406180.4688;5859533.5;-4053.553223
406240.75;5859533.5;-4054.502441
406301.0625;5859533.5;-4055.468262
406361.375;5859533.5;-4056.452393
406421.6563;5859533.5;-4057.46167
406481.9688;5859533.5;-4058.49585
406542.25;5859533.5;-4059.551758
406602.5625;5859533.5;-4060.63916
406662.875;5859533.5;-4061.752686
406723.1563;5859533.5;-4062.879639
406783.4688;5859533.5;-4064.017334
406843.7813;5859533.5;-4065.165039
406904.0625;5859533.5;-4066.304688
406964.375;5859533.5;-4067.432373
407024.6563;5859533.5;-4068.546387
407084.9688;5859533.5;-4069.628418
407145.2813;5859533.5;-4070.668945
407205.5625;5859533.5;-4071.667236
407265.875;5859533.5;-4072.607666
407326.1875;5859533.5;-4073.46875
407386.4688;5859533.5;-4074.24292
407446.7813;5859533.5;-4074.909912
407507.0625;5859533.5;-4075.427002
407567.375;5859533.5;-4075.699219
407627.6875;5859533.5;-4075.718994
407687.9688;5859533.5;-4075.513428
407748.2813;5859533.5;-4075.096924
407808.5938;5859533.5;-4074.591553
407868.875;5859533.5;-4074.409424
407929.1875;5859533.5;-4074.971924
407989.4688;5859533.5;-4076.9375
408049.7813;5859533.5;-4081.917725
408110.0938;5859533.5;-4090.797607
408170.375;5859533.5;-4099.190918
408230.6875;5859533.5;-4104.030762
408291;5859533.5;-4105.67041
408351.2813;5859533.5;-4105.233887
408411.5938;5859533.5;-4103.493164
408471.875;5859533.5;-4100.943848
408532.1875;5859533.5;-4098.104004
408592.5;5859533.5;-4095.419434
408652.7813;5859533.5;-4093
408713.0938;5859533.5;-4090.880615
408773.4063;5859533.5;-4089.102783
408833.6875;5859533.5;-4087.556641
408894;5859533.5;-4086.161377
408954.2813;5859533.5;-4084.870361
409014.5938;5859533.5;-4083.65625
409074.9063;5859533.5;-4082.498779
409135.1875;5859533.5;-4081.387207
409195.5;5859533.5;-4080.328613
409255.8125;5859533.5;-4089.229248
409316.0938;5859533.5;-4088.351807
409376.4063;5859533.5;-4087.521973
401356.4063;5859594;-3962.269775
401416.6875;5859594;-3962.081787
401477;5859594;-3961.885742
401537.3125;5859594;-3961.685303
401597.5938;5859594;-3961.495117
401657.9063;5859594;-3961.350342
401718.2188;5859594;-3961.281006
401778.5;5859594;-3961.340332
401838.8125;5859594;-3961.64209
401899.0938;5859594;-3962.223633
401959.4063;5859594;-3963.131104
402019.7188;5859594;-3964.455322
402080;5859594;-3966.255615
402140.3125;5859594;-3968.375732
402200.625;5859594;-3970.750977
402260.9063;5859594;-3973.345703
402321.2188;5859594;-3976.042969
402381.5;5859594;-3978.698975
402441.8125;5859594;-3981.255615
402502.125;5859594;-3983.655273
402562.4063;5859594;-3985.829346
402622.7188;5859594;-3987.808105
402683.0313;5859594;-3989.618896
402743.3125;5859594;-3991.277832
402803.625;5859594;-3992.812012
402863.9063;5859594;-3994.266602
402924.2188;5859594;-3995.654053
402984.5313;5859594;-3996.973145
403044.8125;5859594;-3998.233887
403105.125;5859594;-3999.461182
403165.4375;5859594;-4000.659668
403225.7188;5859594;-4001.828125
403286.0313;5859594;-4002.971924
403346.3125;5859594;-4004.098877
403406.625;5859594;-4005.214844
403466.9375;5859594;-4006.327637
403527.2188;5859594;-4007.437012
403587.5313;5859594;-4008.546387
403647.8438;5859594;-4009.663574
403708.125;5859594;-4010.785156
403768.4375;5859594;-4011.910645
403828.7188;5859594;-4013.041992
403889.0313;5859594;-4014.173584
403949.3438;5859594;-4015.301758
404009.625;5859594;-4016.42627
404069.9375;5859594;-4017.542969
404130.25;5859594;-4018.650635
404190.5313;5859594;-4019.746094
404250.8438;5859594;-4020.824219
404311.125;5859594;-4021.887207
404371.4375;5859594;-4022.936035
404431.75;5859594;-4023.971436
404492.0313;5859594;-4024.993408
404552.3438;5859594;-4026.005127
404612.625;5859594;-4027.008545
404672.9375;5859594;-4028.005859
404733.25;5859594;-4028.998291
404793.5313;5859594;-4029.986816
404853.8438;5859594;-4030.973877
404914.1563;5859594;-4031.961182
404974.4375;5859594;-4036.464111
405034.75;5859594;-4037.43457
405095.0313;5859594;-4038.402344
405155.3438;5859594;-4039.348145
405215.6563;5859594;-4040.296631
405275.9375;5859594;-4041.246094
405336.25;5859594;-4042.173828
405396.5625;5859594;-4043.103271
405456.8438;5859594;-4044.0354
405517.1563;5859594;-4044.950684
405577.4375;5859594;-4045.866699
405637.75;5859594;-4046.7854
405698.0625;5859594;-4047.698486
405758.3438;5859594;-4048.611572
405818.6563;5859594;-4049.526367
405878.9688;5859594;-4050.445068
405939.25;5859594;-4051.368896
405999.5625;5859594;-4050.455322
406059.8438;5859594;-4051.362061
406120.1563;5859594;-4052.280273
406180.4688;5859594;-4053.212158
406240.75;5859594;-4054.164063
406301.0625;5859594;-4055.135254
406361.375;5859594;-4056.128906
406421.6563;5859594;-4057.151123
406481.9688;5859594;-4058.201416
406542.25;5859594;-4059.2771
406602.5625;5859594;-4060.387451
406662.875;5859594;-4061.526367
406723.1563;5859594;-4062.677734
406783.4688;5859594;-4063.840332
406843.7813;5859594;-4065.009766
406904.0625;5859594;-4066.166016
406964.375;5859594;-4067.30542
407024.6563;5859594;-4068.425293
407084.9688;5859594;-4069.505371
407145.2813;5859594;-4070.535156
407205.5625;5859594;-4071.515137
407265.875;5859594;-4072.428711
407326.1875;5859594;-4073.251709
407386.4688;5859594;-4073.97876
407446.7813;5859594;-4074.5896
407507.0625;5859594;-4075.034668
407567.375;5859594;-4075.206543
407627.6875;5859594;-4075.080078
407687.9688;5859594;-4074.661621
407748.2813;5859594;-4073.918945
407808.5938;5859594;-4072.852539
407868.875;5859594;-4071.804199
407929.1875;5859594;-4071.173096
407989.4688;5859594;-4071.354004
408049.7813;5859594;-4073.628906
408110.0938;5859594;-4080.32251
408170.375;5859594;-4089.17749
408230.6875;5859594;-4096.367188
408291;5859594;-4100.106445
408351.2813;5859594;-4101.048828
408411.5938;5859594;-4100.189453
408471.875;5859594;-4098.168457
408532.1875;5859594;-4095.640381
408592.5;5859594;-4093.187256
408652.7813;5859594;-4090.9729
408713.0938;5859594;-4089.040771
408773.4063;5859594;-4087.426025
408833.6875;5859594;-4086.023438
408894;5859594;-4084.753418
408954.2813;5859594;-4083.570068
409014.5938;5859594;-4082.447021
409074.9063;5859594;-4081.368896
409135.1875;5859594;-4080.328857
409195.5;5859594;-4089.15332
409255.8125;5859594;-4088.280518
409316.0938;5859594;-4087.460449
409376.4063;5859594;-4086.689453
401356.4063;5859654.5;-3962.690918
401416.6875;5859654.5;-3962.43042
401477;5859654.5;-3962.153076
401537.3125;5859654.5;-3961.857666
401597.5938;5859654.5;-3961.548828
401657.9063;5859654.5;-3961.255615
401718.2188;5859654.5;-3961.013184
401778.5;5859654.5;-3960.889893
401838.8125;5859654.5;-3961.029785
401899.0938;5859654.5;-3961.496094
401959.4063;5859654.5;-3962.350586
402019.7188;5859654.5;-3963.705811
402080;5859654.5;-3965.633057
402140.3125;5859654.5;-3967.944336
402200.625;5859654.5;-3970.554688
402260.9063;5859654.5;-3973.404297
402321.2188;5859654.5;-3976.326904
402381.5;5859654.5;-3979.158691
402441.8125;5859654.5;-3981.838867
402502.125;5859654.5;-3984.302734
402562.4063;5859654.5;-3986.476563
402622.7188;5859654.5;-3988.411865
402683.0313;5859654.5;-3990.147705
402743.3125;5859654.5;-3991.710449
402803.625;5859654.5;-3993.14209
402863.9063;5859654.5;-3994.496826
402924.2188;5859654.5;-3995.791748
402984.5313;5859654.5;-3997.030762
403044.8125;5859654.5;-3998.22583
403105.125;5859654.5;-3999.398926
403165.4375;5859654.5;-4000.551025
403225.7188;5859654.5;-4001.682617
403286.0313;5859654.5;-4002.798096
403346.3125;5859654.5;-4003.902344
403406.625;5859654.5;-4005.000244
403466.9375;5859654.5;-4006.099854
403527.2188;5859654.5;-4007.201904
403587.5313;5859654.5;-4008.30957
403647.8438;5859654.5;-4009.429443
403708.125;5859654.5;-4010.558105
403768.4375;5859654.5;-4011.694824
403828.7188;5859654.5;-4012.8396
403889.0313;5859654.5;-4013.986572
403949.3438;5859654.5;-4015.131592
404009.625;5859654.5;-4016.272949
404069.9375;5859654.5;-4017.406982
404130.25;5859654.5;-4018.530029
404190.5313;5859654.5;-4019.640137
404250.8438;5859654.5;-4020.730713
404311.125;5859654.5;-4021.803955
404371.4375;5859654.5;-4022.861816
404431.75;5859654.5;-4023.90332
404492.0313;5859654.5;-4024.93042
404552.3438;5859654.5;-4025.945313
404612.625;5859654.5;-4026.950195
404672.9375;5859654.5;-4027.94873
404733.25;5859654.5;-4028.940918
404793.5313;5859654.5;-4029.928467
404853.8438;5859654.5;-4030.913574
404914.1563;5859654.5;-4031.898682
404974.4375;5859654.5;-4036.419189
405034.75;5859654.5;-4037.37915
405095.0313;5859654.5;-4038.336426
405155.3438;5859654.5;-4039.272461
405215.6563;5859654.5;-4040.210449
405275.9375;5859654.5;-4041.148926
405336.25;5859654.5;-4042.067627
405396.5625;5859654.5;-4042.988525
405456.8438;5859654.5;-4043.9104
405517.1563;5859654.5;-4044.821533
405577.4375;5859654.5;-4045.733154
405637.75;5859654.5;-4046.646973
405698.0625;5859654.5;-4047.570801
405758.3438;5859654.5;-4048.497314
405818.6563;5859654.5;-4049.42627
405878.9688;5859654.5;-4050.385254
405939.25;5859654.5;-4051.357666
405999.5625;5859654.5;-4050.077637
406059.8438;5859654.5;-4050.977539
406120.1563;5859654.5;-4051.891846
406180.4688;5859654.5;-4052.823242
406240.75;5859654.5;-4053.7771
406301.0625;5859654.5;-4054.754395
406361.375;5859654.5;-4055.757568
406421.6563;5859654.5;-4056.793213
406481.9688;5859654.5;-4057.861328
406542.25;5859654.5;-4058.958008
406602.5625;5859654.5;-4060.092529
406662.875;5859654.5;-4061.258545
406723.1563;5859654.5;-4062.4375
406783.4688;5859654.5;-4063.626953
406843.7813;5859654.5;-4064.820557
406904.0625;5859654.5;-4065.996094
406964.375;5859654.5;-4067.148926
407024.6563;5859654.5;-4068.277832
407084.9688;5859654.5;-4069.359619
407145.2813;5859654.5;-4070.384766
407205.5625;5859654.5;-4071.355469
407265.875;5859654.5;-4072.254883
407326.1875;5859654.5;-4073.05957
407386.4688;5859654.5;-4073.765869
407446.7813;5859654.5;-4074.35376
407507.0625;5859654.5;-4074.773926
407567.375;5859654.5;-4074.914795
407627.6875;5859654.5;-4074.743164
407687.9688;5859654.5;-4074.258057
407748.2813;5859654.5;-4073.406006
407808.5938;5859654.5;-4072.106201
407868.875;5859654.5;-4070.608643
407929.1875;5859654.5;-4069.279785
407989.4688;5859654.5;-4068.482666
408049.7813;5859654.5;-4069.352539
408110.0938;5859654.5;-4074.231445
408170.375;5859654.5;-4082.0979
408230.6875;5859654.5;-4089.604492
408291;5859654.5;-4094.176758
408351.2813;5859654.5;-4096.036133
408411.5938;5859654.5;-4096.012207
408471.875;5859654.5;-4094.666016
408532.1875;5859654.5;-4092.643066
408592.5;5859654.5;-4090.583252
408652.7813;5859654.5;-4088.689453
408713.0938;5859654.5;-4087.018311
408773.4063;5859654.5;-4085.60791
408833.6875;5859654.5;-4084.370605
408894;5859654.5;-4083.239258
408954.2813;5859654.5;-4082.171143
409014.5938;5859654.5;-4081.145508
409074.9063;5859654.5;-4080.152588
409135.1875;5859654.5;-4088.926514
409195.5;5859654.5;-4088.057617
409255.8125;5859654.5;-4087.245361
409316.0938;5859654.5;-4086.484619
409376.4063;5859654.5;-4085.773682
401356.4063;5859715;-3963.121338
401416.6875;5859715;-3962.789551
401477;5859715;-3962.429199
401537.3125;5859715;-3962.036377
401597.5938;5859715;-3961.606689
401657.9063;5859715;-3961.146484
401718.2188;5859715;-3960.694824
401778.5;5859715;-3960.350098
401838.8125;5859715;-3960.291992
401899.0938;5859715;-3960.619629
401959.4063;5859715;-3961.415527
402019.7188;5859715;-3962.818604
402080;5859715;-3964.915283
402140.3125;5859715;-3967.478271
402200.625;5859715;-3970.39502
402260.9063;5859715;-3973.571289
402321.2188;5859715;-3976.76709
402381.5;5859715;-3979.800781
402441.8125;5859715;-3982.612061
402502.125;5859715;-3985.132324
402562.4063;5859715;-3987.288818
402622.7188;5859715;-3989.158691
402683.0313;5859715;-3990.797119
402743.3125;5859715;-3992.24292
402803.625;5859715;-3993.551514
402863.9063;5859715;-3994.788086
402924.2188;5859715;-3995.974854
402984.5313;5859715;-3997.120361
403044.8125;5859715;-3998.240234
403105.125;5859715;-3999.349854
403165.4375;5859715;-4000.449219
403225.7188;5859715;-4001.53833
403286.0313;5859715;-4002.62085
403346.3125;5859715;-4003.698242
403406.625;5859715;-4004.774658
403466.9375;5859715;-4005.858643
403527.2188;5859715;-4006.951416
403587.5313;5859715;-4008.056396
403647.8438;5859715;-4009.178955
403708.125;5859715;-4010.316406
403768.4375;5859715;-4011.465332
403828.7188;5859715;-4012.625
403889.0313;5859715;-4013.788574
403949.3438;5859715;-4014.951904
404009.625;5859715;-4016.111084
404069.9375;5859715;-4017.261963
404130.25;5859715;-4018.401611
404190.5313;5859715;-4019.525879
404250.8438;5859715;-4020.62915
404311.125;5859715;-4021.713135
404371.4375;5859715;-4022.778564
404431.75;5859715;-4023.82666
404492.0313;5859715;-4024.857666
404552.3438;5859715;-4025.875732
404612.625;5859715;-4026.882813
404672.9375;5859715;-4027.88208
404733.25;5859715;-4028.874023
404793.5313;5859715;-4029.860352
404853.8438;5859715;-4030.843994
404914.1563;5859715;-4035.416748
404974.4375;5859715;-4036.365723
405034.75;5859715;-4037.315186
405095.0313;5859715;-4038.261475
405155.3438;5859715;-4039.187256
405215.6563;5859715;-4040.114502
405275.9375;5859715;-4041.041504
405336.25;5859715;-4041.951416
405396.5625;5859715;-4042.862549
405456.8438;5859715;-4043.77417
405517.1563;5859715;-4044.680908
405577.4375;5859715;-4045.588623
405637.75;5859715;-4046.497803
405698.0625;5859715;-4047.434326
405758.3438;5859715;-4048.375488
405818.6563;5859715;-4049.319092
405878.9688;5859715;-4050.321533
405939.25;5859715;-4048.80249
405999.5625;5859715;-4049.679443
406059.8438;5859715;-4050.572266
406120.1563;5859715;-4051.48291
406180.4688;5859715;-4052.413086
406240.75;5859715;-4053.369629
406301.0625;5859715;-4054.353516
406361.375;5859715;-4055.366699
406421.6563;5859715;-4056.416748
406481.9688;5859715;-4057.50293
406542.25;5859715;-4058.621826
406602.5625;5859715;-4059.782715
406662.875;5859715;-4060.977051
406723.1563;5859715;-4062.18457
406783.4688;5859715;-4063.401855
406843.7813;5859715;-4064.620605
406904.0625;5859715;-4065.815674
406964.375;5859715;-4066.982666
407024.6563;5859715;-4068.121094
407084.9688;5859715;-4069.206055
407145.2813;5859715;-4070.229492
407205.5625;5859715;-4071.196533
407265.875;5859715;-4072.091553
407326.1875;5859715;-4072.893799
407386.4688;5859715;-4073.602783
407446.7813;5859715;-4074.201172
407507.0625;5859715;-4074.642334
407567.375;5859715;-4074.820801
407627.6875;5859715;-4074.706543
407687.9688;5859715;-4074.304688
407748.2813;5859715;-4073.566406
407808.5938;5859715;-4072.375244
407868.875;5859715;-4070.884033
407929.1875;5859715;-4069.424316
407989.4688;5859715;-4068.505615
408049.7813;5859715;-4069.267822
408110.0938;5859715;-4072.929199
408170.375;5859715;-4078.78833
408230.6875;5859715;-4084.978271
408291;5859715;-4089.247314
408351.2813;5859715;-4091.351807
408411.5938;5859715;-4091.797119
408471.875;5859715;-4090.997803
408532.1875;5859715;-4089.479492
408592.5;5859715;-4087.845215
408652.7813;5859715;-4086.303467
408713.0938;5859715;-4084.916992
408773.4063;5859715;-4083.723877
408833.6875;5859715;-4082.656738
408894;5859715;-4081.664063
408954.2813;5859715;-4080.710693
409014.5938;5859715;-4079.780518
409074.9063;5859715;-4078.87085
409135.1875;5859715;-4087.699707
409195.5;5859715;-4086.895508
409255.8125;5859715;-4086.143555
409316.0938;5859715;-4085.441162
409376.4063;5859715;-4084.788818
401356.4063;5859775.5;-3963.567627
401416.6875;5859775.5;-3963.167725
401477;5859775.5;-3962.725586
401537.3125;5859775.5;-3962.240723
401597.5938;5859775.5;-3961.69165
401657.9063;5859775.5;-3961.052979
401718.2188;5859775.5;-3960.368408
401778.5;5859775.5;-3959.775635
401838.8125;5859775.5;-3959.48999
401899.0938;5859775.5;-3959.661621
401959.4063;5859775.5;-3960.399902
402019.7188;5859775.5;-3961.869873
402080;5859775.5;-3964.170654
402140.3125;5859775.5;-3967.039795
402200.625;5859775.5;-3970.332275
402260.9063;5859775.5;-3973.906982
402321.2188;5859775.5;-3977.416748
402381.5;5859775.5;-3980.665283
402441.8125;5859775.5;-3983.599854
402502.125;5859775.5;-3986.155518
402562.4063;5859775.5;-3988.265869
402622.7188;5859775.5;-3990.042725
402683.0313;5859775.5;-3991.557861
402743.3125;5859775.5;-3992.863037
402803.625;5859775.5;-3994.029297
402863.9063;5859775.5;-3995.131348
402924.2188;5859775.5;-3996.195801
402984.5313;5859775.5;-3997.237305
403044.8125;5859775.5;-3998.273926
403105.125;5859775.5;-3999.313721
403165.4375;5859775.5;-4000.35498
403225.7188;5859775.5;-4001.396484
403286.0313;5859775.5;-4002.441895
403346.3125;5859775.5;-4003.489502
403406.625;5859775.5;-4004.541016
403466.9375;5859775.5;-4005.606445
403527.2188;5859775.5;-4006.688965
403587.5313;5859775.5;-4007.790771
403647.8438;5859775.5;-4008.916748
403708.125;5859775.5;-4010.063477
403768.4375;5859775.5;-4011.22583
403828.7188;5859775.5;-4012.402344
403889.0313;5859775.5;-4013.584717
403949.3438;5859775.5;-4014.766602
404009.625;5859775.5;-4015.944092
404069.9375;5859775.5;-4017.112549
404130.25;5859775.5;-4018.267822
404190.5313;5859775.5;-4019.407227
404250.8438;5859775.5;-4020.521973
404311.125;5859775.5;-4021.61499
404371.4375;5859775.5;-4022.688232
404431.75;5859775.5;-4023.742188
404492.0313;5859775.5;-4024.777588
404552.3438;5859775.5;-4025.798096
404612.625;5859775.5;-4026.806641
404672.9375;5859775.5;-4027.806152
404733.25;5859775.5;-4028.797119
404793.5313;5859775.5;-4029.782715
404853.8438;5859775.5;-4030.764404
404914.1563;5859775.5;-4035.364014
404974.4375;5859775.5;-4036.302734
405034.75;5859775.5;-4037.241211
405095.0313;5859775.5;-4038.176514
405155.3438;5859775.5;-4039.092529
405215.6563;5859775.5;-4040.008057
405275.9375;5859775.5;-4040.923828
405336.25;5859775.5;-4041.824463
405396.5625;5859775.5;-4042.725342
405456.8438;5859775.5;-4043.626221
405517.1563;5859775.5;-4044.528564
405577.4375;5859775.5;-4045.431152
405637.75;5859775.5;-4046.335693
405698.0625;5859775.5;-4047.283691
405758.3438;5859775.5;-4048.239502
405818.6563;5859775.5;-4049.196777
405878.9688;5859775.5;-4047.544678
405939.25;5859775.5;-4048.399902
405999.5625;5859775.5;-4049.265625
406059.8438;5859775.5;-4050.150879
406120.1563;5859775.5;-4051.057617
406180.4688;5859775.5;-4051.987305
406240.75;5859775.5;-4052.946533
406301.0625;5859775.5;-4053.936768
406361.375;5859775.5;-4054.960938
406421.6563;5859775.5;-4056.026611
406481.9688;5859775.5;-4057.13208
406542.25;5859775.5;-4058.273438
406602.5625;5859775.5;-4059.461426
406662.875;5859775.5;-4060.685059
406723.1563;5859775.5;-4061.921875
406783.4688;5859775.5;-4063.166992
406843.7813;5859775.5;-4064.410645
406904.0625;5859775.5;-4065.624512
406964.375;5859775.5;-4066.804932
407024.6563;5859775.5;-4067.95166
407084.9688;5859775.5;-4069.039063
407145.2813;5859775.5;-4070.061768
407205.5625;5859775.5;-4071.028076
407265.875;5859775.5;-4071.924561
407326.1875;5859775.5;-4072.736084
407386.4688;5859775.5;-4073.466309
407446.7813;5859775.5;-4074.099365
407507.0625;5859775.5;-4074.595703
407567.375;5859775.5;-4074.86377
407627.6875;5859775.5;-4074.882813
407687.9688;5859775.5;-4074.670166
407748.2813;5859775.5;-4074.198975
407808.5938;5859775.5;-4073.349609
407868.875;5859775.5;-4072.178955
407929.1875;5859775.5;-4070.907959
407989.4688;5859775.5;-4070.012939
408049.7813;5859775.5;-4070.602539
408110.0938;5859775.5;-4073.229004
408170.375;5859775.5;-4077.341797
408230.6875;5859775.5;-4081.963135
408291;5859775.5;-4085.398193
408351.2813;5859775.5;-4087.270264
408411.5938;5859775.5;-4087.861572
408471.875;5859775.5;-4087.432129
408532.1875;5859775.5;-4086.3479
408592.5;5859775.5;-4085.110352
408652.7813;5859775.5;-4083.908447
408713.0938;5859775.5;-4082.801758
408773.4063;5859775.5;-4081.81958
408833.6875;5859775.5;-4080.91626
408894;5859775.5;-4080.056152
408954.2813;5859775.5;-4079.210938
409014.5938;5859775.5;-4078.37085
409074.9063;5859775.5;-4087.190918
409135.1875;5859775.5;-4086.421143
409195.5;5859775.5;-4085.68042
409255.8125;5859775.5;-4084.987305
409316.0938;5859775.5;-4084.342285
409376.4063;5859775.5;-4083.745605
401356.4063;5859836.5;-3964.048096
401416.6875;5859836.5;-3963.585205
401477;5859836.5;-3963.063965
401537.3125;5859836.5;-3962.475098
401597.5938;5859836.5;-3961.786133
401657.9063;5859836.5;-3960.971924
401718.2188;5859836.5;-3960.07959
401778.5;5859836.5;-3959.247314
401838.8125;5859836.5;-3958.7229
401899.0938;5859836.5;-3958.722168
401959.4063;5859836.5;-3959.406738
402019.7188;5859836.5;-3960.964844
402080;5859836.5;-3963.487061
402140.3125;5859836.5;-3966.707764
402200.625;5859836.5;-3970.453125
402260.9063;5859836.5;-3974.515625
402321.2188;5859836.5;-3978.380127
402381.5;5859836.5;-3981.838135
402441.8125;5859836.5;-3984.864258
402502.125;5859836.5;-3987.411377
402562.4063;5859836.5;-3989.432373
402622.7188;5859836.5;-3991.076172
402683.0313;5859836.5;-3992.434326
402743.3125;5859836.5;-3993.572021
402803.625;5859836.5;-3994.575684
402863.9063;5859836.5;-3995.5271
402924.2188;5859836.5;-3996.457275
402984.5313;5859836.5;-3997.385986
403044.8125;5859836.5;-3998.33252
403105.125;5859836.5;-3999.297852
403165.4375;5859836.5;-4000.275635
403225.7188;5859836.5;-4001.265869
403286.0313;5859836.5;-4002.269775
403346.3125;5859836.5;-4003.282471
403406.625;5859836.5;-4004.305908
403466.9375;5859836.5;-4005.349854
403527.2188;5859836.5;-4006.420166
403587.5313;5859836.5;-4007.517334
403647.8438;5859836.5;-4008.646484
403708.125;5859836.5;-4009.80249
403768.4375;5859836.5;-4010.97998
403828.7188;5859836.5;-4012.173828
403889.0313;5859836.5;-4013.374512
403949.3438;5859836.5;-4014.575439
404009.625;5859836.5;-4015.770264
404069.9375;5859836.5;-4016.954346
404130.25;5859836.5;-4018.124023
404190.5313;5859836.5;-4019.275391
404250.8438;5859836.5;-4020.400146
404311.125;5859836.5;-4021.500977
404371.4375;5859836.5;-4022.580566
404431.75;5859836.5;-4023.639404
404492.0313;5859836.5;-4024.67749
404552.3438;5859836.5;-4025.701172
404612.625;5859836.5;-4026.711914
404672.9375;5859836.5;-4027.71167
404733.25;5859836.5;-4028.702881
404793.5313;5859836.5;-4029.687988
404853.8438;5859836.5;-4034.370117
404914.1563;5859836.5;-4035.324463
404974.4375;5859836.5;-4036.251953
405034.75;5859836.5;-4037.178223
405095.0313;5859836.5;-4038.101807
405155.3438;5859836.5;-4039.006836
405215.6563;5859836.5;-4039.911377
405275.9375;5859836.5;-4040.81543
405336.25;5859836.5;-4041.708252
405396.5625;5859836.5;-4042.601074
405456.8438;5859836.5;-4043.493408
405517.1563;5859836.5;-4044.395996
405577.4375;5859836.5;-4045.299072
405637.75;5859836.5;-4046.202637
405698.0625;5859836.5;-4047.173584
405758.3438;5859836.5;-4048.154785
405818.6563;5859836.5;-4046.286133
405878.9688;5859836.5;-4047.118652
405939.25;5859836.5;-4047.961426
405999.5625;5859836.5;-4048.816162
406059.8438;5859836.5;-4049.693359
406120.1563;5859836.5;-4050.594971
406180.4688;5859836.5;-4051.522705
406240.75;5859836.5;-4052.484619
406301.0625;5859836.5;-4053.481445
406361.375;5859836.5;-4054.515381
406421.6563;5859836.5;-4055.596436
406481.9688;5859836.5;-4056.721191
406542.25;5859836.5;-4057.885742
406602.5625;5859836.5;-4059.100098
406662.875;5859836.5;-4060.353027
406723.1563;5859836.5;-4061.618652
406783.4688;5859836.5;-4062.892334
406843.7813;5859836.5;-4064.160156
406904.0625;5859836.5;-4065.391357
406964.375;5859836.5;-4066.58374
407024.6563;5859836.5;-4067.736572
407084.9688;5859836.5;-4068.824463
407145.2813;5859836.5;-4069.844727
407205.5625;5859836.5;-4070.811279
407265.875;5859836.5;-4071.712891
407326.1875;5859836.5;-4072.54126
407386.4688;5859836.5;-4073.305176
407446.7813;5859836.5;-4073.992676
407507.0625;5859836.5;-4074.570313
407567.375;5859836.5;-4074.962891
407627.6875;5859836.5;-4075.157959
407687.9688;5859836.5;-4075.187012
407748.2813;5859836.5;-4075.044678
407808.5938;5859836.5;-4074.629395
407868.875;5859836.5;-4073.9104
407929.1875;5859836.5;-4072.954346
407989.4688;5859836.5;-4072.133301
408049.7813;5859836.5;-4072.421387
408110.0938;5859836.5;-4074.127441
408170.375;5859836.5;-4076.839355
408230.6875;5859836.5;-4079.965332
408291;5859836.5;-4082.397217
408351.2813;5859836.5;-4083.811768
408411.5938;5859836.5;-4084.342773
408471.875;5859836.5;-4084.124023
408532.1875;5859836.5;-4083.376465
408592.5;5859836.5;-4082.477295
408652.7813;5859836.5;-4081.577881
408713.0938;5859836.5;-4080.724609
408773.4063;5859836.5;-4079.934814
408833.6875;5859836.5;-4079.179199
408894;5859836.5;-4078.437256
408954.2813;5859836.5;-4077.69043
409014.5938;5859836.5;-4086.509766
409074.9063;5859836.5;-4085.792969
409135.1875;5859836.5;-4085.087158
409195.5;5859836.5;-4084.405762
409255.8125;5859836.5;-4083.77002
409316.0938;5859836.5;-4083.179443
409376.4063;5859836.5;-4082.634277
401356.4063;5859897;-3964.590576
401416.6875;5859897;-3964.080078
401477;5859897;-3963.491943
401537.3125;5859897;-3962.807129
401597.5938;5859897;-3961.984131
401657.9063;5859897;-3961.035156
401718.2188;5859897;-3960.005127
401778.5;5859897;-3958.997559
401838.8125;5859897;-3958.259277
401899.0938;5859897;-3958.052979
401959.4063;5859897;-3958.690918
402019.7188;5859897;-3960.373779
402080;5859897;-3963.092285
402140.3125;5859897;-3966.683594
402200.625;5859897;-3970.977783
402260.9063;5859897;-3975.635498
402321.2188;5859897;-3979.887451
402381.5;5859897;-3983.509033
402441.8125;5859897;-3986.536621
402502.125;5859897;-3988.97998
402562.4063;5859897;-3990.832275
402622.7188;5859897;-3992.279541
402683.0313;5859897;-3993.430664
402743.3125;5859897;-3994.365234
402803.625;5859897;-3995.182617
402863.9063;5859897;-3995.967041
402924.2188;5859897;-3996.75293
402984.5313;5859897;-3997.564697
403044.8125;5859897;-3998.418945
403105.125;5859897;-3999.306885
403165.4375;5859897;-4000.218994
403225.7188;5859897;-4001.153809
403286.0313;5859897;-4002.111328
403346.3125;5859897;-4003.084473
403406.625;5859897;-4004.074463
403466.9375;5859897;-4005.093506
403527.2188;5859897;-4006.14917
403587.5313;5859897;-4007.241211
403647.8438;5859897;-4008.374023
403708.125;5859897;-4009.54248
403768.4375;5859897;-4010.737549
403828.7188;5859897;-4011.950684
403889.0313;5859897;-4013.171387
403949.3438;5859897;-4014.391602
404009.625;5859897;-4015.603516
404069.9375;5859897;-4016.802246
404130.25;5859897;-4017.983887
404190.5313;5859897;-4019.144531
404250.8438;5859897;-4020.276367
404311.125;5859897;-4021.382324
404371.4375;5859897;-4022.46582
404431.75;5859897;-4023.5271
404492.0313;5859897;-4024.567383
404552.3438;5859897;-4025.592041
404612.625;5859897;-4026.603027
404672.9375;5859897;-4027.603516
404733.25;5859897;-4028.594238
404793.5313;5859897;-4029.57959
404853.8438;5859897;-4034.335938
404914.1563;5859897;-4035.278076
404974.4375;5859897;-4036.193604
405034.75;5859897;-4037.108398
405095.0313;5859897;-4038.019531
405155.3438;5859897;-4038.914307
405215.6563;5859897;-4039.807617
405275.9375;5859897;-4040.699707
405336.25;5859897;-4041.585449
405396.5625;5859897;-4042.470215
405456.8438;5859897;-4043.354004
405517.1563;5859897;-4044.257568
405577.4375;5859897;-4045.161377
405637.75;5859897;-4046.065186
405698.0625;5859897;-4047.060547
405758.3438;5859897;-4048.070068
405818.6563;5859897;-4045.852539
405878.9688;5859897;-4046.670654
405939.25;5859897;-4047.5
405999.5625;5859897;-4048.343994
406059.8438;5859897;-4049.212891
406120.1563;5859897;-4050.108887
406180.4688;5859897;-4051.034912
406240.75;5859897;-4051.998779
406301.0625;5859897;-4053.000977
406361.375;5859897;-4054.04541
406421.6563;5859897;-4055.141602
406481.9688;5859897;-4056.285889
406542.25;5859897;-4057.473633
406602.5625;5859897;-4058.715576
406662.875;5859897;-4059.997803
406723.1563;5859897;-4061.29248
406783.4688;5859897;-4062.592773
406843.7813;5859897;-4063.883057
406904.0625;5859897;-4065.128418
406964.375;5859897;-4066.328125
407024.6563;5859897;-4067.482422
407084.9688;5859897;-4068.564697
407145.2813;5859897;-4069.577393
407205.5625;5859897;-4070.538574
407265.875;5859897;-4071.44165
407326.1875;5859897;-4072.286133
407386.4688;5859897;-4073.087646
407446.7813;5859897;-4073.836914
407507.0625;5859897;-4074.506836
407567.375;5859897;-4075.034912
407627.6875;5859897;-4075.401855
407687.9688;5859897;-4075.63208
407748.2813;5859897;-4075.726318
407808.5938;5859897;-4075.589844
407868.875;5859897;-4075.162109
407929.1875;5859897;-4074.454346
407989.4688;5859897;-4073.744629
408049.7813;5859897;-4073.784912
408110.0938;5859897;-4074.775146
408170.375;5859897;-4076.439941
408230.6875;5859897;-4078.409668
408291;5859897;-4079.999512
408351.2813;5859897;-4080.96167
408411.5938;5859897;-4081.347412
408471.875;5859897;-4081.221436
408532.1875;5859897;-4080.703369
408592.5;5859897;-4080.058105
408652.7813;5859897;-4079.393311
408713.0938;5859897;-4078.740967
408773.4063;5859897;-4078.104492
408833.6875;5859897;-4077.465576
408894;5859897;-4076.818848
408954.2813;5859897;-4076.151855
409014.5938;5859897;-4085.009033
409074.9063;5859897;-4084.352783
409135.1875;5859897;-4083.705078
409195.5;5859897;-4083.079834
409255.8125;5859897;-4082.496826
409316.0938;5859897;-4081.956787
409376.4063;5859897;-4081.460205
401356.4063;5859957.5;-3965.217285
401416.6875;5859957.5;-3964.682129
401477;5859957.5;-3964.057129
401537.3125;5859957.5;-3963.321777
401597.5938;5859957.5;-3962.432861
401657.9063;5859957.5;-3961.429443
401718.2188;5859957.5;-3960.357422
401778.5;5859957.5;-3959.288818
401838.8125;5859957.5;-3958.419434
401899.0938;5859957.5;-3958.024414
401959.4063;5859957.5;-3958.638916
402019.7188;5859957.5;-3960.445313
402080;5859957.5;-3963.252686
402140.3125;5859957.5;-3967.200684
402200.625;5859957.5;-3972.159424
402260.9063;5859957.5;-3977.47998
402321.2188;5859957.5;-3982.073486
402381.5;5859957.5;-3985.732422
402441.8125;5859957.5;-3988.612549
402502.125;5859957.5;-3990.821289
402562.4063;5859957.5;-3992.414063
402622.7188;5859957.5;-3993.600098
402683.0313;5859957.5;-3994.497314
402743.3125;5859957.5;-3995.197754
402803.625;5859957.5;-3995.812256
402863.9063;5859957.5;-3996.422119
402924.2188;5859957.5;-3997.0625
402984.5313;5859957.5;-3997.760742
403044.8125;5859957.5;-3998.527344
403105.125;5859957.5;-3999.341553
403165.4375;5859957.5;-4000.188965
403225.7188;5859957.5;-4001.06665
403286.0313;5859957.5;-4001.973389
403346.3125;5859957.5;-4002.9021
403406.625;5859957.5;-4003.853516
403466.9375;5859957.5;-4004.843018
403527.2188;5859957.5;-4005.881836
403587.5313;5859957.5;-4006.969238
403647.8438;5859957.5;-4008.108154
403708.125;5859957.5;-4009.291992
403768.4375;5859957.5;-4010.508789
403828.7188;5859957.5;-4011.744385
403889.0313;5859957.5;-4012.987793
403949.3438;5859957.5;-4014.228271
404009.625;5859957.5;-4015.456055
404069.9375;5859957.5;-4016.666748
404130.25;5859957.5;-4017.857422
404190.5313;5859957.5;-4019.023682
404250.8438;5859957.5;-4020.158936
404311.125;5859957.5;-4021.266357
404371.4375;5859957.5;-4022.349854
404431.75;5859957.5;-4023.410889
404492.0313;5859957.5;-4024.449707
404552.3438;5859957.5;-4025.473633
404612.625;5859957.5;-4026.484131
404672.9375;5859957.5;-4027.483154
404733.25;5859957.5;-4028.474121
404793.5313;5859957.5;-4033.347412
404853.8438;5859957.5;-4034.289551
404914.1563;5859957.5;-4035.219482
404974.4375;5859957.5;-4036.124023
405034.75;5859957.5;-4037.027344
405095.0313;5859957.5;-4037.92627
405155.3438;5859957.5;-4038.811035
405215.6563;5859957.5;-4039.693115
405275.9375;5859957.5;-4040.573486
405336.25;5859957.5;-4041.452148
405396.5625;5859957.5;-4042.328369
405456.8438;5859957.5;-4043.202637
405517.1563;5859957.5;-4044.107178
405577.4375;5859957.5;-4045.011475
405637.75;5859957.5;-4045.915527
405698.0625;5859957.5;-4046.934326
405758.3438;5859957.5;-4044.605713
405818.6563;5859957.5;-4045.405029
405878.9688;5859957.5;-4046.207764
405939.25;5859957.5;-4047.023926
405999.5625;5859957.5;-4047.855469
406059.8438;5859957.5;-4048.714844
406120.1563;5859957.5;-4049.605225
406180.4688;5859957.5;-4050.528809
406240.75;5859957.5;-4051.494385
406301.0625;5859957.5;-4052.502441
406361.375;5859957.5;-4053.557373
406421.6563;5859957.5;-4054.668213
406481.9688;5859957.5;-4055.83252
406542.25;5859957.5;-4057.043945
406602.5625;5859957.5;-4058.313232
406662.875;5859957.5;-4059.625
406723.1563;5859957.5;-4060.948242
406783.4688;5859957.5;-4062.275146
406843.7813;5859957.5;-4063.585449
406904.0625;5859957.5;-4064.841797
406964.375;5859957.5;-4066.043945
407024.6563;5859957.5;-4067.193115
407084.9688;5859957.5;-4068.262207
407145.2813;5859957.5;-4069.25708
407205.5625;5859957.5;-4070.200928
407265.875;5859957.5;-4071.090576
407326.1875;5859957.5;-4071.934326
407386.4688;5859957.5;-4072.760742
407446.7813;5859957.5;-4073.563232
407507.0625;5859957.5;-4074.324707
407567.375;5859957.5;-4074.995117
407627.6875;5859957.5;-4075.526611
407687.9688;5859957.5;-4075.908203
407748.2813;5859957.5;-4076.115234
407808.5938;5859957.5;-4076.050537
407868.875;5859957.5;-4075.704346
407929.1875;5859957.5;-4075.145996
407989.4688;5859957.5;-4074.56665
408049.7813;5859957.5;-4074.441162
408110.0938;5859957.5;-4074.90918
408170.375;5859957.5;-4075.821045
408230.6875;5859957.5;-4076.960205
408291;5859957.5;-4077.916748
408351.2813;5859957.5;-4078.51001
408411.5938;5859957.5;-4078.749756
408471.875;5859957.5;-4078.661621
408532.1875;5859957.5;-4078.302246
408592.5;5859957.5;-4077.841309
408652.7813;5859957.5;-4077.349854
408713.0938;5859957.5;-4076.84668
408773.4063;5859957.5;-4076.323486
408833.6875;5859957.5;-4075.77417
408894;5859957.5;-4075.201172
408954.2813;5859957.5;-4084.075684
409014.5938;5859957.5;-4083.484131
409074.9063;5859957.5;-4082.881836
409135.1875;5859957.5;-4082.287354
409195.5;5859957.5;-4081.714111
409255.8125;5859957.5;-4081.18042
409316.0938;5859957.5;-4080.687988
409376.4063;5859957.5;-4080.236328
401356.4063;5860018;-3965.949463
401416.6875;5860018;-3965.41626
401477;5860018;-3964.790283
401537.3125;5860018;-3964.054932
401597.5938;5860018;-3963.178223
401657.9063;5860018;-3962.2146
401718.2188;5860018;-3961.214355
401778.5;5860018;-3960.248047
401838.8125;5860018;-3959.48999
401899.0938;5860018;-3959.17749
401959.4063;5860018;-3959.81665
402019.7188;5860018;-3961.541748
402080;5860018;-3964.255127
402140.3125;5860018;-3968.536621
402200.625;5860018;-3974.245605
402260.9063;5860018;-3980.267578
402321.2188;5860018;-3985.056641
402381.5;5860018;-3988.498047
402441.8125;5860018;-3991.037842
402502.125;5860018;-3992.874512
402562.4063;5860018;-3994.120605
402622.7188;5860018;-3994.987793
402683.0313;5860018;-3995.592773
402743.3125;5860018;-3996.035156
402803.625;5860018;-3996.436768
402863.9063;5860018;-3996.871826
402924.2188;5860018;-3997.373291
402984.5313;5860018;-3997.968994
403044.8125;5860018;-3998.65918
403105.125;5860018;-3999.406982
403165.4375;5860018;-4000.194092
403225.7188;5860018;-4001.015137
403286.0313;5860018;-4001.866943
403346.3125;5860018;-4002.743652
403406.625;5860018;-4003.649902
403466.9375;5860018;-4004.603027
403527.2188;5860018;-4005.622314
403587.5313;5860018;-4006.705078
403647.8438;5860018;-4007.851074
403708.125;5860018;-4009.054199
403768.4375;5860018;-4010.295166
403828.7188;5860018;-4011.556641
403889.0313;5860018;-4012.823486
403949.3438;5860018;-4014.083008
404009.625;5860018;-4015.323242
404069.9375;5860018;-4016.541504
404130.25;5860018;-4017.735352
404190.5313;5860018;-4018.901611
404250.8438;5860018;-4020.032959
404311.125;5860018;-4021.134766
404371.4375;5860018;-4022.2146
404431.75;5860018;-4023.27124
404492.0313;5860018;-4024.306396
404552.3438;5860018;-4025.327393
404612.625;5860018;-4026.336914
404672.9375;5860018;-4027.335205
404733.25;5860018;-4031.516846
404793.5313;5860018;-4033.334717
404853.8438;5860018;-4034.262939
404914.1563;5860018;-4035.179688
404974.4375;5860018;-4036.071533
405034.75;5860018;-4036.96167
405095.0313;5860018;-4037.848145
405155.3438;5860018;-4038.721436
405215.6563;5860018;-4039.591797
405275.9375;5860018;-4040.459229
405336.25;5860018;-4041.328857
405396.5625;5860018;-4042.194336
405456.8438;5860018;-4043.056885
405517.1563;5860018;-4043.955566
405577.4375;5860018;-4044.853516
405637.75;5860018;-4045.750244
405698.0625;5860018;-4043.357422
405758.3438;5860018;-4044.137207
405818.6563;5860018;-4044.922852
405878.9688;5860018;-4045.710449
405939.25;5860018;-4046.512939
405999.5625;5860018;-4047.33252
406059.8438;5860018;-4048.181885
406120.1563;5860018;-4049.064697
406180.4688;5860018;-4049.984375
406240.75;5860018;-4050.949951
406301.0625;5860018;-4051.96167
406361.375;5860018;-4053.025391
406421.6563;5860018;-4054.150146
406481.9688;5860018;-4055.333252
406542.25;5860018;-4056.566406
406602.5625;5860018;-4057.862305
406662.875;5860018;-4059.203125
406723.1563;5860018;-4060.553955
406783.4688;5860018;-4061.905518
406843.7813;5860018;-4063.234619
406904.0625;5860018;-4064.498535
406964.375;5860018;-4065.697754
407024.6563;5860018;-4066.835205
407084.9688;5860018;-4067.881104
407145.2813;5860018;-4068.844238
407205.5625;5860018;-4069.751465
407265.875;5860018;-4070.602051
407326.1875;5860018;-4071.414795
407386.4688;5860018;-4072.236572
407446.7813;5860018;-4073.074463
407507.0625;5860018;-4073.927002
407567.375;5860018;-4074.764648
407627.6875;5860018;-4075.488281
407687.9688;5860018;-4076.01123
407748.2813;5860018;-4076.255371
407808.5938;5860018;-4076.124268
407868.875;5860018;-4075.744873
407929.1875;5860018;-4075.23877
407989.4688;5860018;-4074.725098
408049.7813;5860018;-4074.470703
408110.0938;5860018;-4074.575928
408170.375;5860018;-4074.968262
408230.6875;5860018;-4075.533203
408291;5860018;-4076.037109
408351.2813;5860018;-4076.353516
408411.5938;5860018;-4076.472412
408471.875;5860018;-4076.395508
408532.1875;5860018;-4076.140869
408592.5;5860018;-4075.80542
408652.7813;5860018;-4075.433594
408713.0938;5860018;-4075.033936
408773.4063;5860018;-4074.591309
408833.6875;5860018;-4074.108398
408894;5860018;-4082.98877
408954.2813;5860018;-4082.470947
409014.5938;5860018;-4081.926514
409074.9063;5860018;-4081.372559
409135.1875;5860018;-4080.825684
409195.5;5860018;-4080.300537
409255.8125;5860018;-4079.813232
409316.0938;5860018;-4079.365234
409376.4063;5860018;-4078.954834
401356.4063;5860078.5;-3966.810059
401416.6875;5860078.5;-3966.310547
401477;5860078.5;-3965.724121
401537.3125;5860078.5;-3965.041504
401597.5938;5860078.5;-3964.253174
401657.9063;5860078.5;-3963.424561
401718.2188;5860078.5;-3962.613037
401778.5;5860078.5;-3961.902344
401838.8125;5860078.5;-3961.487305
401899.0938;5860078.5;-3961.541748
401959.4063;5860078.5;-3962.342041
402019.7188;5860078.5;-3964.071289
402080;5860078.5;-3966.925537
402140.3125;5860078.5;-3971.467041
402200.625;5860078.5;-3977.540039
402260.9063;5860078.5;-3983.952393
402321.2188;5860078.5;-3988.657959
402381.5;5860078.5;-3991.590088
402441.8125;5860078.5;-3993.608643
402502.125;5860078.5;-3994.998047
402562.4063;5860078.5;-3995.847656
402622.7188;5860078.5;-3996.356934
402683.0313;5860078.5;-3996.648438
402743.3125;5860078.5;-3996.821777
402803.625;5860078.5;-3997.010254
402863.9063;5860078.5;-3997.280273
402924.2188;5860078.5;-3997.6604
402984.5313;5860078.5;-3998.175537
403044.8125;5860078.5;-3998.808105
403105.125;5860078.5;-3999.504639
403165.4375;5860078.5;-4000.240479
403225.7188;5860078.5;-4001.006592
403286.0313;5860078.5;-4001.798096
403346.3125;5860078.5;-4002.614746
403406.625;5860078.5;-4003.466553
403466.9375;5860078.5;-4004.376709
403527.2188;5860078.5;-4005.373047
403587.5313;5860078.5;-4006.452148
403647.8438;5860078.5;-4007.610596
403708.125;5860078.5;-4008.838867
403768.4375;5860078.5;-4010.112305
403828.7188;5860078.5;-4011.404785
403889.0313;5860078.5;-4012.699219
403949.3438;5860078.5;-4013.977539
404009.625;5860078.5;-4015.227295
404069.9375;5860078.5;-4016.448486
404130.25;5860078.5;-4017.63916
404190.5313;5860078.5;-4018.798096
404250.8438;5860078.5;-4019.918457
404311.125;5860078.5;-4021.007324
404371.4375;5860078.5;-4022.075195
404431.75;5860078.5;-4023.122559
404492.0313;5860078.5;-4024.149658
404552.3438;5860078.5;-4025.164063
404612.625;5860078.5;-4026.170898
404672.9375;5860078.5;-4027.167725
404733.25;5860078.5;-4032.404053
404793.5313;5860078.5;-4033.321289
404853.8438;5860078.5;-4034.233887
404914.1563;5860078.5;-4035.137207
404974.4375;5860078.5;-4036.016113
405034.75;5860078.5;-4036.892822
405095.0313;5860078.5;-4037.766113
405155.3438;5860078.5;-4038.629639
405215.6563;5860078.5;-4039.488037
405275.9375;5860078.5;-4040.342041
405336.25;5860078.5;-4041.201416
405396.5625;5860078.5;-4042.05542
405456.8438;5860078.5;-4042.905029
405517.1563;5860078.5;-4043.795166
405577.4375;5860078.5;-4044.684082
405637.75;5860078.5;-4045.02124
405698.0625;5860078.5;-4042.878906
405758.3438;5860078.5;-4043.64502
405818.6563;5860078.5;-4044.41626
405878.9688;5860078.5;-4045.188721
405939.25;5860078.5;-4045.976807
405999.5625;5860078.5;-4046.783203
406059.8438;5860078.5;-4047.621094
406120.1563;5860078.5;-4048.495117
406180.4688;5860078.5;-4049.40918
406240.75;5860078.5;-4050.372803
406301.0625;5860078.5;-4051.387451
406361.375;5860078.5;-4052.45874
406421.6563;5860078.5;-4053.596436
406481.9688;5860078.5;-4054.797119
406542.25;5860078.5;-4056.052734
406602.5625;5860078.5;-4057.375732
406662.875;5860078.5;-4058.745605
406723.1563;5860078.5;-4060.124268
406783.4688;5860078.5;-4061.500488
406843.7813;5860078.5;-4062.846924
406904.0625;5860078.5;-4064.115479
406964.375;5860078.5;-4065.306641
407024.6563;5860078.5;-4066.425049
407084.9688;5860078.5;-4067.435791
407145.2813;5860078.5;-4068.345459
407205.5625;5860078.5;-4069.18335
407265.875;5860078.5;-4069.947754
407326.1875;5860078.5;-4070.669922
407386.4688;5860078.5;-4071.430176
407446.7813;5860078.5;-4072.263672
407507.0625;5860078.5;-4073.201904
407567.375;5860078.5;-4074.252686
407627.6875;5860078.5;-4075.24292
407687.9688;5860078.5;-4075.947021
407748.2813;5860078.5;-4076.188232
407808.5938;5860078.5;-4075.885498
407868.875;5860078.5;-4075.361572
407929.1875;5860078.5;-4074.802002
407989.4688;5860078.5;-4074.282227
408049.7813;5860078.5;-4073.936035
408110.0938;5860078.5;-4073.81665
408170.375;5860078.5;-4073.890381
408230.6875;5860078.5;-4074.099121
408291;5860078.5;-4074.312988
408351.2813;5860078.5;-4074.443359
408411.5938;5860078.5;-4074.471924
408471.875;5860078.5;-4074.388428
408532.1875;5860078.5;-4074.189209
408592.5;5860078.5;-4073.925537
408652.7813;5860078.5;-4073.623291
408713.0938;5860078.5;-4073.284912
408773.4063;5860078.5;-4072.892822
408833.6875;5860078.5;-4072.454346
408894;5860078.5;-4081.325684
408954.2813;5860078.5;-4080.844971
409014.5938;5860078.5;-4080.341553
409074.9063;5860078.5;-4079.830322
409135.1875;5860078.5;-4079.327881
409195.5;5860078.5;-4078.847656
409255.8125;5860078.5;-4078.402832
409316.0938;5860078.5;-4077.995117
409376.4063;5860078.5;-4077.622559
401356.4063;5860139.5;-3967.81958
401416.6875;5860139.5;-3967.385498
401477;5860139.5;-3966.876465
401537.3125;5860139.5;-3966.293457
401597.5938;5860139.5;-3965.648926
401657.9063;5860139.5;-3965.018311
401718.2188;5860139.5;-3964.46167
401778.5;5860139.5;-3964.066162
401838.8125;5860139.5;-3964.025391
401899.0938;5860139.5;-3964.477295
401959.4063;5860139.5;-3965.585205
402019.7188;5860139.5;-3967.619141
402080;5860139.5;-3970.878906
402140.3125;5860139.5;-3975.439209
402200.625;5860139.5;-3981.112549
402260.9063;5860139.5;-3987.096436
402321.2188;5860139.5;-3991.419922
402381.5;5860139.5;-3994.000488
402441.8125;5860139.5;-3995.703857
402502.125;5860139.5;-3996.836182
402562.4063;5860139.5;-3997.374756
402622.7188;5860139.5;-3997.526123
402683.0313;5860139.5;-3997.52002
402743.3125;5860139.5;-3997.447998
402803.625;5860139.5;-3997.448975
402863.9063;5860139.5;-3997.584961
402924.2188;5860139.5;-3997.880859
402984.5313;5860139.5;-3998.356201
403044.8125;5860139.5;-3998.966553
403105.125;5860139.5;-3999.637451
403165.4375;5860139.5;-4000.337402
403225.7188;5860139.5;-4001.052246
403286.0313;5860139.5;-4001.776367
403346.3125;5860139.5;-4002.521729
403406.625;5860139.5;-4003.306152
403466.9375;5860139.5;-4004.163086
403527.2188;5860139.5;-4005.133545
403587.5313;5860139.5;-4006.213135
403647.8438;5860139.5;-4007.393066
403708.125;5860139.5;-4008.6604
403768.4375;5860139.5;-4009.978516
403828.7188;5860139.5;-4011.3125
403889.0313;5860139.5;-4012.640869
403949.3438;5860139.5;-4013.940186
404009.625;5860139.5;-4015.196777
404069.9375;5860139.5;-4016.414307
404130.25;5860139.5;-4017.593018
404190.5313;5860139.5;-4018.734619
404250.8438;5860139.5;-4019.83374
404311.125;5860139.5;-4020.899902
404371.4375;5860139.5;-4021.946045
404431.75;5860139.5;-4022.975586
404492.0313;5860139.5;-4023.987305
404552.3438;5860139.5;-4024.990234
404612.625;5860139.5;-4025.989014
404672.9375;5860139.5;-4031.448486
404733.25;5860139.5;-4032.385742
404793.5313;5860139.5;-4033.286865
404853.8438;5860139.5;-4034.185059
404914.1563;5860139.5;-4035.074463
404974.4375;5860139.5;-4035.942383
405034.75;5860139.5;-4036.807617
405095.0313;5860139.5;-4037.668457
405155.3438;5860139.5;-4038.522461
405215.6563;5860139.5;-4039.369629
405275.9375;5860139.5;-4040.211426
405336.25;5860139.5;-4041.060303
405396.5625;5860139.5;-4041.902588
405456.8438;5860139.5;-4042.739502
405517.1563;5860139.5;-4043.619873
405577.4375;5860139.5;-4044.498047
405637.75;5860139.5;-4041.632568
405698.0625;5860139.5;-4042.383057
405758.3438;5860139.5;-4043.133545
405818.6563;5860139.5;-4043.88916
405878.9688;5860139.5;-4044.644775
405939.25;5860139.5;-4045.416504
405999.5625;5860139.5;-4046.208008
406059.8438;5860139.5;-4047.032471
406120.1563;5860139.5;-4047.895752
406180.4688;5860139.5;-4048.80249
406240.75;5860139.5;-4049.763184
406301.0625;5860139.5;-4050.779297
406361.375;5860139.5;-4051.857178
406421.6563;5860139.5;-4053.007324
406481.9688;5860139.5;-4054.226074
406542.25;5860139.5;-4055.50415
406602.5625;5860139.5;-4056.855469
406662.875;5860139.5;-4058.256104
406723.1563;5860139.5;-4059.664551
406783.4688;5860139.5;-4061.067871
406843.7813;5860139.5;-4062.432861
406904.0625;5860139.5;-4063.705322
406964.375;5860139.5;-4064.88623
407024.6563;5860139.5;-4065.979004
407084.9688;5860139.5;-4066.938721
407145.2813;5860139.5;-4067.761963
407205.5625;5860139.5;-4068.473145
407265.875;5860139.5;-4069.063965
407326.1875;5860139.5;-4069.576172
407386.4688;5860139.5;-4070.154541
407446.7813;5860139.5;-4070.890625
407507.0625;5860139.5;-4071.873047
407567.375;5860139.5;-4073.184326
407627.6875;5860139.5;-4074.571777
407687.9688;5860139.5;-4075.525146
407748.2813;5860139.5;-4075.735596
407808.5938;5860139.5;-4075.237793
407868.875;5860139.5;-4074.532227
407929.1875;5860139.5;-4073.868652
407989.4688;5860139.5;-4073.311279
408049.7813;5860139.5;-4072.913818
408110.0938;5860139.5;-4072.68457
408170.375;5860139.5;-4072.597412
408230.6875;5860139.5;-4072.618652
408291;5860139.5;-4072.672119
408351.2813;5860139.5;-4072.692627
408411.5938;5860139.5;-4072.657959
408471.875;5860139.5;-4072.557861
408532.1875;5860139.5;-4072.378174
408592.5;5860139.5;-4072.14502
408652.7813;5860139.5;-4071.874268
408713.0938;5860139.5;-4071.566406
408773.4063;5860139.5;-4071.204102
408833.6875;5860139.5;-4080.071533
408894;5860139.5;-4079.64917
408954.2813;5860139.5;-4079.200439
409014.5938;5860139.5;-4078.733643
409074.9063;5860139.5;-4078.26123
409135.1875;5860139.5;-4077.799561
409195.5;5860139.5;-4077.359375
409255.8125;5860139.5;-4076.953613
409316.0938;5860139.5;-4076.582031
409376.4063;5860139.5;-4076.243408
401356.4063;5860200;-3968.941895
401416.6875;5860200;-3968.587646
401477;5860200;-3968.173584
401537.3125;5860200;-3967.709229
401597.5938;5860200;-3967.227295
401657.9063;5860200;-3966.806885
401718.2188;5860200;-3966.507568
401778.5;5860200;-3966.416992
401838.8125;5860200;-3966.715576
401899.0938;5860200;-3967.498535
401959.4063;5860200;-3968.888184
402019.7188;5860200;-3971.143311
402080;5860200;-3974.539795
402140.3125;5860200;-3978.861816
402200.625;5860200;-3983.860107
402260.9063;5860200;-3988.997803
402321.2188;5860200;-3992.863281
402381.5;5860200;-3995.39209
402441.8125;5860200;-3997.104736
402502.125;5860200;-3998.249512
402562.4063;5860200;-3998.612793
402622.7188;5860200;-3998.435791
402683.0313;5860200;-3998.158203
402743.3125;5860200;-3997.884277
402803.625;5860200;-3997.734863
402863.9063;5860200;-3997.777344
402924.2188;5860200;-3998.034912
402984.5313;5860200;-3998.511963
403044.8125;5860200;-3999.133057
403105.125;5860200;-3999.802002
403165.4375;5860200;-4000.480957
403225.7188;5860200;-4001.147949
403286.0313;5860200;-4001.796631
403346.3125;5860200;-4002.456543
403406.625;5860200;-4003.158203
403466.9375;5860200;-4003.950928
403527.2188;5860200;-4004.892822
403587.5313;5860200;-4005.978516
403647.8438;5860200;-4007.190918
403708.125;5860200;-4008.510254
403768.4375;5860200;-4009.88623
403828.7188;5860200;-4011.270996
403889.0313;5860200;-4012.638428
403949.3438;5860200;-4013.958008
404009.625;5860200;-4015.215576
404069.9375;5860200;-4016.421631
404130.25;5860200;-4017.578857
404190.5313;5860200;-4018.691406
404250.8438;5860200;-4019.758545
404311.125;5860200;-4020.791016
404371.4375;5860200;-4021.807373
404431.75;5860200;-4022.812012
404492.0313;5860200;-4023.802002
404552.3438;5860200;-4024.789795
404612.625;5860200;-4025.779541
404672.9375;5860200;-4031.465088
404733.25;5860200;-4032.38208
404793.5313;5860200;-4033.26416
404853.8438;5860200;-4034.145752
404914.1563;5860200;-4035.020752
404974.4375;5860200;-4035.875244
405034.75;5860200;-4036.727295
405095.0313;5860200;-4037.575195
405155.3438;5860200;-4038.416504
405215.6563;5860200;-4039.249756
405275.9375;5860200;-4040.075195
405336.25;5860200;-4040.903076
405396.5625;5860200;-4041.722656
405456.8438;5860200;-4042.534668
405517.1563;5860200;-4043.401367
405577.4375;5860200;-4040.370605
405637.75;5860200;-4041.115967
405698.0625;5860200;-4041.848633
405758.3438;5860200;-4042.581543
405818.6563;5860200;-4043.320068
405878.9688;5860200;-4044.05835
405939.25;5860200;-4044.813477
405999.5625;5860200;-4045.591064
406059.8438;5860200;-4046.401123
406120.1563;5860200;-4047.252686
406180.4688;5860200;-4048.151367
406240.75;5860200;-4049.107178
406301.0625;5860200;-4050.12207
406361.375;5860200;-4051.20459
406421.6563;5860200;-4052.365234
406481.9688;5860200;-4053.599609
406542.25;5860200;-4054.899902
406602.5625;5860200;-4056.279053
406662.875;5860200;-4057.711426
406723.1563;5860200;-4059.151367
406783.4688;5860200;-4060.583496
406843.7813;5860200;-4061.970947
406904.0625;5860200;-4063.251221
406964.375;5860200;-4064.424316
407024.6563;5860200;-4065.493652
407084.9688;5860200;-4066.39624
407145.2813;5860200;-4067.107666
407205.5625;5860200;-4067.637451
407265.875;5860200;-4067.961426
407326.1875;5860200;-4068.122559
407386.4688;5860200;-4068.354492
407446.7813;5860200;-4068.838623
407507.0625;5860200;-4069.747803
407567.375;5860200;-4071.282227
407627.6875;5860200;-4073.084473
407687.9688;5860200;-4074.279541
407748.2813;5860200;-4074.463867
407808.5938;5860200;-4073.89502
407868.875;5860200;-4073.160889
407929.1875;5860200;-4072.500488
407989.4688;5860200;-4071.966553
408049.7813;5860200;-4071.573975
408110.0938;5860200;-4071.307617
408170.375;5860200;-4071.144775
408230.6875;5860200;-4071.065674
408291;5860200;-4071.025391
408351.2813;5860200;-4070.976074
408411.5938;5860200;-4070.898926
408471.875;5860200;-4070.782959
408532.1875;5860200;-4070.61084
408592.5;5860200;-4070.393799
408652.7813;5860200;-4070.14209
408713.0938;5860200;-4069.854736
408773.4063;5860200;-4078.7146
408833.6875;5860200;-4078.351318
408894;5860200;-4077.953857
408954.2813;5860200;-4077.534424
409014.5938;5860200;-4077.101807
409074.9063;5860200;-4076.665527
409135.1875;5860200;-4076.241211
409195.5;5860200;-4075.837646
409255.8125;5860200;-4075.466553
409316.0938;5860200;-4075.126953
409376.4063;5860200;-4074.818115
401356.4063;5860260.5;-3970.155518
401416.6875;5860260.5;-3969.887207
401477;5860260.5;-3969.576904
401537.3125;5860260.5;-3969.23999
401597.5938;5860260.5;-3968.922119
401657.9063;5860260.5;-3968.702881
401718.2188;5860260.5;-3968.637695
401778.5;5860260.5;-3968.814453
401838.8125;5860260.5;-3969.396729
401899.0938;5860260.5;-3970.441162
401959.4063;5860260.5;-3972.03833
402019.7188;5860260.5;-3974.384521
402080;5860260.5;-3977.664307
402140.3125;5860260.5;-3981.593506
402200.625;5860260.5;-3985.93042
402260.9063;5860260.5;-3990.258057
402321.2188;5860260.5;-3993.64917
402381.5;5860260.5;-3996.065186
402441.8125;5860260.5;-3997.769531
402502.125;5860260.5;-3998.915283
402562.4063;5860260.5;-3999.22168
402622.7188;5860260.5;-3998.939941
402683.0313;5860260.5;-3998.533447
402743.3125;5860260.5;-3998.126953
402803.625;5860260.5;-3997.855225
402863.9063;5860260.5;-3997.850342
402924.2188;5860260.5;-3998.133301
402984.5313;5860260.5;-3998.654297
403044.8125;5860260.5;-3999.313232
403105.125;5860260.5;-3999.999268
403165.4375;5860260.5;-4000.668213
403225.7188;5860260.5;-4001.29126
403286.0313;5860260.5;-4001.854492
403346.3125;5860260.5;-4002.411377
403406.625;5860260.5;-4003.011475
403466.9375;5860260.5;-4003.726563
403527.2188;5860260.5;-4004.638672
403587.5313;5860260.5;-4005.738525
403647.8438;5860260.5;-4006.999268
403708.125;5860260.5;-4008.390869
403768.4375;5860260.5;-4009.841309
403828.7188;5860260.5;-4011.289307
403889.0313;5860260.5;-4012.701904
403949.3438;5860260.5;-4014.041504
404009.625;5860260.5;-4015.293945
404069.9375;5860260.5;-4016.479248
404130.25;5860260.5;-4017.604492
404190.5313;5860260.5;-4018.67749
404250.8438;5860260.5;-4019.701172
404311.125;5860260.5;-4020.689697
404371.4375;5860260.5;-4021.666748
404431.75;5860260.5;-4022.638428
404492.0313;5860260.5;-4023.600586
404552.3438;5860260.5;-4024.567627
404612.625;5860260.5;-4030.575439
404672.9375;5860260.5;-4031.484131
404733.25;5860260.5;-4032.379395
404793.5313;5860260.5;-4033.239746
404853.8438;5860260.5;-4034.103516
404914.1563;5860260.5;-4034.963379
404974.4375;5860260.5;-4035.805176
405034.75;5860260.5;-4036.643799
405095.0313;5860260.5;-4037.47876
405155.3438;5860260.5;-4038.306641
405215.6563;5860260.5;-4039.124268
405275.9375;5860260.5;-4039.931885
405336.25;5860260.5;-4040.731689
405396.5625;5860260.5;-4041.52124
405456.8438;5860260.5;-4042.301758
405517.1563;5860260.5;-4044.185059
405577.4375;5860260.5;-4039.847412
405637.75;5860260.5;-4040.571777
405698.0625;5860260.5;-4041.285156
405758.3438;5860260.5;-4041.999023
405818.6563;5860260.5;-4042.717773
405878.9688;5860260.5;-4043.437988
405939.25;5860260.5;-4044.176758
405999.5625;5860260.5;-4044.939453
406059.8438;5860260.5;-4045.733887
406120.1563;5860260.5;-4046.571777
406180.4688;5860260.5;-4047.460938
406240.75;5860260.5;-4048.409424
406301.0625;5860260.5;-4049.420898
406361.375;5860260.5;-4050.506348
406421.6563;5860260.5;-4051.67627
406481.9688;5860260.5;-4052.925293
406542.25;5860260.5;-4054.24707
406602.5625;5860260.5;-4055.654297
406662.875;5860260.5;-4057.119873
406723.1563;5860260.5;-4058.593994
406783.4688;5860260.5;-4060.059814
406843.7813;5860260.5;-4061.476807
406904.0625;5860260.5;-4062.775146
406964.375;5860260.5;-4063.952881
407024.6563;5860260.5;-4065.009277
407084.9688;5860260.5;-4065.861084
407145.2813;5860260.5;-4066.450684
407205.5625;5860260.5;-4066.759766
407265.875;5860260.5;-4066.732178
407326.1875;5860260.5;-4066.392334
407386.4688;5860260.5;-4066.081787
407446.7813;5860260.5;-4066.118652
407507.0625;5860260.5;-4066.779053
407567.375;5860260.5;-4068.333252
407627.6875;5860260.5;-4070.264893
407687.9688;5860260.5;-4071.640869
407748.2813;5860260.5;-4072.054443
407808.5938;5860260.5;-4071.732666
407868.875;5860260.5;-4071.20874
407929.1875;5860260.5;-4070.709473
407989.4688;5860260.5;-4070.292236
408049.7813;5860260.5;-4069.967773
408110.0938;5860260.5;-4069.7229
408170.375;5860260.5;-4069.543457
408230.6875;5860260.5;-4069.420898
408291;5860260.5;-4069.331055
408351.2813;5860260.5;-4069.24292
408411.5938;5860260.5;-4069.141602
408471.875;5860260.5;-4069.016602
408532.1875;5860260.5;-4068.850342
408592.5;5860260.5;-4068.645508
408652.7813;5860260.5;-4068.409912
408713.0938;5860260.5;-4068.141602
408773.4063;5860260.5;-4076.962158
408833.6875;5860260.5;-4076.61792
408894;5860260.5;-4076.244629
408954.2813;5860260.5;-4075.853516
409014.5938;5860260.5;-4075.452637
409074.9063;5860260.5;-4075.050049
409135.1875;5860260.5;-4074.659912
409195.5;5860260.5;-4074.289551
409255.8125;5860260.5;-4073.949463
409316.0938;5860260.5;-4073.63916
409376.4063;5860260.5;-4073.356201
401356.4063;5860321;-3971.452637
401416.6875;5860321;-3971.274414
401477;5860321;-3971.071045
401537.3125;5860321;-3970.861084
401597.5938;5860321;-3970.698486
401657.9063;5860321;-3970.657227
401718.2188;5860321;-3970.787842
401778.5;5860321;-3971.171143
401838.8125;5860321;-3971.953857
401899.0938;5860321;-3973.162354
401959.4063;5860321;-3974.855957
402019.7188;5860321;-3977.169189
402080;5860321;-3980.193604
402140.3125;5860321;-3983.651611
402200.625;5860321;-3987.34375
402260.9063;5860321;-3990.967773
402321.2188;5860321;-3993.908936
402381.5;5860321;-3996.134033
402441.8125;5860321;-3997.752686
402502.125;5860321;-3998.810791
402562.4063;5860321;-3999.147705
402622.7188;5860321;-3998.990723
402683.0313;5860321;-3998.620605
402743.3125;5860321;-3998.167969
402803.625;5860321;-3997.822021
402863.9063;5860321;-3997.827148
402924.2188;5860321;-3998.206055
402984.5313;5860321;-3998.8125
403044.8125;5860321;-3999.526611
403105.125;5860321;-4000.241211
403165.4375;5860321;-4000.9104
403225.7188;5860321;-4001.492432
403286.0313;5860321;-4001.95459
403346.3125;5860321;-4002.380127
403406.625;5860321;-4002.8479
403466.9375;5860321;-4003.46582
403527.2188;5860321;-4004.350342
403587.5313;5860321;-4005.481934
403647.8438;5860321;-4006.819824
403708.125;5860321;-4008.314697
403768.4375;5860321;-4009.866455
403828.7188;5860321;-4011.39624
403889.0313;5860321;-4012.864014
403949.3438;5860321;-4014.222168
404009.625;5860321;-4015.460938
404069.9375;5860321;-4016.614746
404130.25;5860321;-4017.694336
404190.5313;5860321;-4018.713379
404250.8438;5860321;-4019.679688
404311.125;5860321;-4020.610107
404371.4375;5860321;-4021.535645
404431.75;5860321;-4022.463867
404492.0313;5860321;-4023.389648
404552.3438;5860321;-4024.328857
404612.625;5860321;-4030.600342
404672.9375;5860321;-4031.479248
404733.25;5860321;-4032.350342
404793.5313;5860321;-4033.189941
404853.8438;5860321;-4034.035889
404914.1563;5860321;-4034.88208
404974.4375;5860321;-4035.713135
405034.75;5860321;-4036.541016
405095.0313;5860321;-4037.364014
405155.3438;5860321;-4038.180176
405215.6563;5860321;-4038.98291
405275.9375;5860321;-4039.773438
405336.25;5860321;-4040.545654
405396.5625;5860321;-4041.305664
405456.8438;5860321;-4042.053711
405517.1563;5860321;-4043.810547
405577.4375;5860321;-4044.856201
405637.75;5860321;-4040.01001
405698.0625;5860321;-4040.702637
405758.3438;5860321;-4041.394775
405818.6563;5860321;-4042.092285
405878.9688;5860321;-4042.792236
405939.25;5860321;-4043.511719
405999.5625;5860321;-4044.256592
406059.8438;5860321;-4045.033447
406120.1563;5860321;-4045.854736
406180.4688;5860321;-4046.731689
406240.75;5860321;-4047.670654
406301.0625;5860321;-4048.676514
406361.375;5860321;-4049.762451
406421.6563;5860321;-4050.939697
406481.9688;5860321;-4052.202148
406542.25;5860321;-4053.545166
406602.5625;5860321;-4054.982666
406662.875;5860321;-4056.485596
406723.1563;5860321;-4058
406783.4688;5860321;-4059.508545
406843.7813;5860321;-4060.970459
406904.0625;5860321;-4062.307129
406964.375;5860321;-4063.515625
407024.6563;5860321;-4064.592529
407084.9688;5860321;-4065.428955
407145.2813;5860321;-4065.919922
407205.5625;5860321;-4066.003662
407265.875;5860321;-4065.568848
407326.1875;5860321;-4064.57373
407386.4688;5860321;-4063.466064
407446.7813;5860321;-4062.789551
407507.0625;5860321;-4062.98877
407567.375;5860321;-4064.377686
407627.6875;5860321;-4066.194824
407687.9688;5860321;-4067.711182
407748.2813;5860321;-4068.583984
407808.5938;5860321;-4068.773926
407868.875;5860321;-4068.661865
407929.1875;5860321;-4068.470215
407989.4688;5860321;-4068.268555
408049.7813;5860321;-4068.079834
408110.0938;5860321;-4067.913818
408170.375;5860321;-4067.773926
408230.6875;5860321;-4067.659668
408291;5860321;-4067.562012
408351.2813;5860321;-4067.4646
408411.5938;5860321;-4067.359375
408471.875;5860321;-4067.236328
408532.1875;5860321;-4067.078857
408592.5;5860321;-4066.888184
408652.7813;5860321;-4066.668945
408713.0938;5860321;-4075.494141
408773.4063;5860321;-4075.201904
408833.6875;5860321;-4074.876953
408894;5860321;-4074.526855
408954.2813;5860321;-4074.162842
409014.5938;5860321;-4073.791992
409074.9063;5860321;-4073.42041
409135.1875;5860321;-4073.060547
409195.5;5860321;-4072.719727
409255.8125;5860321;-4072.407471
409316.0938;5860321;-4072.12207
409376.4063;5860321;-4071.862549
401356.4063;5860381.5;-3972.820068
401416.6875;5860381.5;-3972.729736
401477;5860381.5;-3972.62793
401537.3125;5860381.5;-3972.534424
401597.5938;5860381.5;-3972.503418
401657.9063;5860381.5;-3972.600342
401718.2188;5860381.5;-3972.867676
401778.5;5860381.5;-3973.375977
401838.8125;5860381.5;-3974.253174
401899.0938;5860381.5;-3975.505615
401959.4063;5860381.5;-3977.169189
402019.7188;5860381.5;-3979.33374
402080;5860381.5;-3982.032959
402140.3125;5860381.5;-3985.025146
402200.625;5860381.5;-3988.156006
402260.9063;5860381.5;-3991.208008
402321.2188;5860381.5;-3993.759277
402381.5;5860381.5;-3995.777344
402441.8125;5860381.5;-3997.305908
402502.125;5860381.5;-3998.320557
402562.4063;5860381.5;-3998.736328
402622.7188;5860381.5;-3998.741455
402683.0313;5860381.5;-3998.501465
402743.3125;5860381.5;-3998.152344
402803.625;5860381.5;-3997.890625
402863.9063;5860381.5;-3997.966064
402924.2188;5860381.5;-3998.404785
402984.5313;5860381.5;-3999.062012
403044.8125;5860381.5;-3999.813721
403105.125;5860381.5;-4000.550293
403165.4375;5860381.5;-4001.2229
403225.7188;5860381.5;-4001.765869
403286.0313;5860381.5;-4002.100586
403346.3125;5860381.5;-4002.344727
403406.625;5860381.5;-4002.629395
403466.9375;5860381.5;-4003.117676
403527.2188;5860381.5;-4003.981201
403587.5313;5860381.5;-4005.182129
403647.8438;5860381.5;-4006.650146
403708.125;5860381.5;-4008.303955
403768.4375;5860381.5;-4009.999268
403828.7188;5860381.5;-4011.637207
403889.0313;5860381.5;-4013.168457
403949.3438;5860381.5;-4014.536377
404009.625;5860381.5;-4015.742188
404069.9375;5860381.5;-4016.84082
404130.25;5860381.5;-4017.851074
404190.5313;5860381.5;-4018.795898
404250.8438;5860381.5;-4019.686768
404311.125;5860381.5;-4020.543945
404371.4375;5860381.5;-4021.40332
404431.75;5860381.5;-4022.275391
404492.0313;5860381.5;-4023.156006
404552.3438;5860381.5;-4029.793701
404612.625;5860381.5;-4030.615723
404672.9375;5860381.5;-4031.459961
404733.25;5860381.5;-4032.30542
404793.5313;5860381.5;-4033.123291
404853.8438;5860381.5;-4033.952393
404914.1563;5860381.5;-4034.786621
404974.4375;5860381.5;-4035.606445
405034.75;5860381.5;-4036.422607
405095.0313;5860381.5;-4037.232666
405155.3438;5860381.5;-4038.029297
405215.6563;5860381.5;-4038.80957
405275.9375;5860381.5;-4039.572998
405336.25;5860381.5;-4040.295654
405396.5625;5860381.5;-4041.002686
405456.8438;5860381.5;-4042.352051
405517.1563;5860381.5;-4043.405762
405577.4375;5860381.5;-4044.450195
405637.75;5860381.5;-4041.427979
405698.0625;5860381.5;-4040.075439
405758.3438;5860381.5;-4040.742676
405818.6563;5860381.5;-4041.413818
405878.9688;5860381.5;-4042.089844
405939.25;5860381.5;-4042.787598
405999.5625;5860381.5;-4043.510498
406059.8438;5860381.5;-4044.265625
406120.1563;5860381.5;-4045.066406
406180.4688;5860381.5;-4045.92627
406240.75;5860381.5;-4046.850586
406301.0625;5860381.5;-4047.844727
406361.375;5860381.5;-4048.92627
406421.6563;5860381.5;-4050.105713
406481.9688;5860381.5;-4051.378174
406542.25;5860381.5;-4052.739258
406602.5625;5860381.5;-4054.20752
406662.875;5860381.5;-4055.751709
406723.1563;5860381.5;-4057.31543
406783.4688;5860381.5;-4058.883545
406843.7813;5860381.5;-4060.417725
406904.0625;5860381.5;-4061.838379
406964.375;5860381.5;-4063.138916
407024.6563;5860381.5;-4064.316895
407084.9688;5860381.5;-4065.240479
407145.2813;5860381.5;-4065.749268
407205.5625;5860381.5;-4065.71582
407265.875;5860381.5;-4064.933838
407326.1875;5860381.5;-4063.204834
407386.4688;5860381.5;-4061.032959
407446.7813;5860381.5;-4059.303955
407507.0625;5860381.5;-4058.818848
407567.375;5860381.5;-4060.046387
407627.6875;5860381.5;-4061.833984
407687.9688;5860381.5;-4063.48877
407748.2813;5860381.5;-4064.718994
407808.5938;5860381.5;-4065.36792
407868.875;5860381.5;-4065.686279
407929.1875;5860381.5;-4065.8479
407989.4688;5860381.5;-4065.912842
408049.7813;5860381.5;-4065.909912
408110.0938;5860381.5;-4065.873291
408170.375;5860381.5;-4065.821045
408230.6875;5860381.5;-4065.760254
408291;5860381.5;-4065.693848
408351.2813;5860381.5;-4065.619141
408411.5938;5860381.5;-4065.532959
408471.875;5860381.5;-4065.428467
408532.1875;5860381.5;-4065.290283
408592.5;5860381.5;-4065.120117
408652.7813;5860381.5;-4073.949951
408713.0938;5860381.5;-4073.710938
408773.4063;5860381.5;-4073.434082
408833.6875;5860381.5;-4073.128174
408894;5860381.5;-4072.799805
408954.2813;5860381.5;-4072.459229
409014.5938;5860381.5;-4072.113525
409074.9063;5860381.5;-4071.767578
409135.1875;5860381.5;-4071.432861
409195.5;5860381.5;-4071.116211
409255.8125;5860381.5;-4070.826172
409316.0938;5860381.5;-4070.561279
409376.4063;5860381.5;-4070.321045
401356.4063;5860442.5;-3974.21582
401416.6875;5860442.5;-3974.202881
401477;5860442.5;-3974.192139
401537.3125;5860442.5;-3974.200928
401597.5938;5860442.5;-3974.28125
401657.9063;5860442.5;-3974.486816
401718.2188;5860442.5;-3974.852539
401778.5;5860442.5;-3975.436279
401838.8125;5860442.5;-3976.345215
401899.0938;5860442.5;-3977.575928
401959.4063;5860442.5;-3979.147461
402019.7188;5860442.5;-3981.119141
402080;5860442.5;-3983.491455
402140.3125;5860442.5;-3986.06665
402200.625;5860442.5;-3988.727539
402260.9063;5860442.5;-3991.318115
402321.2188;5860442.5;-3993.53833
402381.5;5860442.5;-3995.356934
402441.8125;5860442.5;-3996.790771
402502.125;5860442.5;-3997.792969
402562.4063;5860442.5;-3998.292725
402622.7188;5860442.5;-3998.44165
402683.0313;5860442.5;-3998.366455
402743.3125;5860442.5;-3998.202881
402803.625;5860442.5;-3998.126953
402863.9063;5860442.5;-3998.291992
402924.2188;5860442.5;-3998.728027
402984.5313;5860442.5;-3999.381592
403044.8125;5860442.5;-4000.13623
403105.125;5860442.5;-4000.875977
403165.4375;5860442.5;-4001.54834
403225.7188;5860442.5;-4002.064209
403286.0313;5860442.5;-4002.247314
403346.3125;5860442.5;-4002.252686
403406.625;5860442.5;-4002.309082
403466.9375;5860442.5;-4002.645752
403527.2188;5860442.5;-4003.507813
403587.5313;5860442.5;-4004.829834
403647.8438;5860442.5;-4006.496338
403708.125;5860442.5;-4008.371582
403768.4375;5860442.5;-4010.252686
403828.7188;5860442.5;-4012.018799
403889.0313;5860442.5;-4013.61377
403949.3438;5860442.5;-4014.973877
404009.625;5860442.5;-4016.121094
404069.9375;5860442.5;-4017.137939
404130.25;5860442.5;-4018.053955
404190.5313;5860442.5;-4018.904053
404250.8438;5860442.5;-4019.705322
404311.125;5860442.5;-4020.475586
404371.4375;5860442.5;-4021.257324
404431.75;5860442.5;-4022.066162
404492.0313;5860442.5;-4022.894287
404552.3438;5860442.5;-4029.845703
404612.625;5860442.5;-4030.618408
404672.9375;5860442.5;-4031.427002
404733.25;5860442.5;-4032.246582
404793.5313;5860442.5;-4033.041992
404853.8438;5860442.5;-4033.856445
404914.1563;5860442.5;-4034.679199
404974.4375;5860442.5;-4035.488037
405034.75;5860442.5;-4036.292969
405095.0313;5860442.5;-4037.088867
405155.3438;5860442.5;-4037.859375
405215.6563;5860442.5;-4038.609375
405275.9375;5860442.5;-4039.337891
405336.25;5860442.5;-4039.990234
405396.5625;5860442.5;-4040.841064
405456.8438;5860442.5;-4041.920654
405517.1563;5860442.5;-4042.975586
405577.4375;5860442.5;-4044.018311
405637.75;5860442.5;-4045.050049
405698.0625;5860442.5;-4039.410156
405758.3438;5860442.5;-4040.048828
405818.6563;5860442.5;-4040.69043
405878.9688;5860442.5;-4041.340332
405939.25;5860442.5;-4042.012207
405999.5625;5860442.5;-4042.71167
406059.8438;5860442.5;-4043.440674
406120.1563;5860442.5;-4044.216797
406180.4688;5860442.5;-4045.055664
406240.75;5860442.5;-4045.959961
406301.0625;5860442.5;-4046.937988
406361.375;5860442.5;-4048.009521
406421.6563;5860442.5;-4049.186523
406481.9688;5860442.5;-4050.463623
406542.25;5860442.5;-4051.838867
406602.5625;5860442.5;-4053.335693
406662.875;5860442.5;-4054.924316
406723.1563;5860442.5;-4056.544189
406783.4688;5860442.5;-4058.183838
406843.7813;5860442.5;-4059.817383
406904.0625;5860442.5;-4061.363525
406964.375;5860442.5;-4062.818604
407024.6563;5860442.5;-4064.18335
407084.9688;5860442.5;-4065.318604
407145.2813;5860442.5;-4066.016357
407205.5625;5860442.5;-4066.087158
407265.875;5860442.5;-4065.213867
407326.1875;5860442.5;-4062.956055
407386.4688;5860442.5;-4059.696289
407446.7813;5860442.5;-4056.647949
407507.0625;5860442.5;-4055.295898
407567.375;5860442.5;-4056.370361
407627.6875;5860442.5;-4058.12085
407687.9688;5860442.5;-4059.794189
407748.2813;5860442.5;-4061.164795
407808.5938;5860442.5;-4062.0979
407868.875;5860442.5;-4062.731934
407929.1875;5860442.5;-4063.178955
407989.4688;5860442.5;-4063.480225
408049.7813;5860442.5;-4063.655518
408110.0938;5860442.5;-4063.75
408170.375;5860442.5;-4063.793701
408230.6875;5860442.5;-4063.80127
408291;5860442.5;-4063.780518
408351.2813;5860442.5;-4063.741943
408411.5938;5860442.5;-4063.6875
408471.875;5860442.5;-4063.610352
408532.1875;5860442.5;-4063.497314
408592.5;5860442.5;-4072.347656
408652.7813;5860442.5;-4072.152344
408713.0938;5860442.5;-4071.92627
408773.4063;5860442.5;-4071.665039
408833.6875;5860442.5;-4071.376953
408894;5860442.5;-4071.067871
408954.2813;5860442.5;-4070.747803
409014.5938;5860442.5;-4070.42334
409074.9063;5860442.5;-4070.099121
409135.1875;5860442.5;-4069.784668
409195.5;5860442.5;-4069.487305
409255.8125;5860442.5;-4069.215576
409316.0938;5860442.5;-4068.967285
409376.4063;5860442.5;-4068.742432
401356.4063;5860503;-3975.614746
401416.6875;5860503;-3975.669678
401477;5860503;-3975.739014
401537.3125;5860503;-3975.837646
401597.5938;5860503;-3976.011719
401657.9063;5860503;-3976.305176
401718.2188;5860503;-3976.743408
401778.5;5860503;-3977.374023
401838.8125;5860503;-3978.281982
401899.0938;5860503;-3979.458496
401959.4063;5860503;-3980.911865
402019.7188;5860503;-3982.681641
402080;5860503;-3984.750244
402140.3125;5860503;-3986.960449
402200.625;5860503;-3989.226074
402260.9063;5860503;-3991.434326
402321.2188;5860503;-3993.371582
402381.5;5860503;-3995.006836
402441.8125;5860503;-3996.343262
402502.125;5860503;-3997.330078
402562.4063;5860503;-3997.90332
402622.7188;5860503;-3998.181641
402683.0313;5860503;-3998.265625
402743.3125;5860503;-3998.270508
402803.625;5860503;-3998.354736
402863.9063;5860503;-3998.609619
402924.2188;5860503;-3999.061035
402984.5313;5860503;-3999.703125
403044.8125;5860503;-4000.43335
403105.125;5860503;-4001.146973
403165.4375;5860503;-4001.805176
403225.7188;5860503;-4002.29126
403286.0313;5860503;-4002.300781
403346.3125;5860503;-4002.029541
403406.625;5860503;-4001.835693
403466.9375;5860503;-4002.012207
403527.2188;5860503;-4002.909424
403587.5313;5860503;-4004.427734
403647.8438;5860503;-4006.373535
403708.125;5860503;-4008.53833
403768.4375;5860503;-4010.644775
403828.7188;5860503;-4012.554199
403889.0313;5860503;-4014.206299
403949.3438;5860503;-4015.53418
404009.625;5860503;-4016.593262
404069.9375;5860503;-4017.500244
404130.25;5860503;-4018.298584
404190.5313;5860503;-4019.036133
404250.8438;5860503;-4019.732422
404311.125;5860503;-4020.404053
404371.4375;5860503;-4021.099854
404431.75;5860503;-4021.836426
404492.0313;5860503;-4029.147217
404552.3438;5860503;-4029.868408
404612.625;5860503;-4030.587646
404672.9375;5860503;-4031.360107
404733.25;5860503;-4032.154541
404793.5313;5860503;-4032.930176
404853.8438;5860503;-4033.731445
404914.1563;5860503;-4034.546631
404974.4375;5860503;-4035.347412
405034.75;5860503;-4036.144531
405095.0313;5860503;-4036.928467
405155.3438;5860503;-4037.675537
405215.6563;5860503;-4038.396729
405275.9375;5860503;-4039.090088
405336.25;5860503;-4039.671387
405396.5625;5860503;-4040.388184
405456.8438;5860503;-4041.475586
405517.1563;5860503;-4042.530273
405577.4375;5860503;-4043.56958
405637.75;5860503;-4044.594971
405698.0625;5860503;-4045.579346
405758.3438;5860503;-4039.331055
405818.6563;5860503;-4039.94165
405878.9688;5860503;-4040.5625
405939.25;5860503;-4041.207031
405999.5625;5860503;-4041.879639
406059.8438;5860503;-4042.580566
406120.1563;5860503;-4043.328613
406180.4688;5860503;-4044.142822
406240.75;5860503;-4045.02417
406301.0625;5860503;-4045.981934
406361.375;5860503;-4047.040039
406421.6563;5860503;-4048.209717
406481.9688;5860503;-4049.487061
406542.25;5860503;-4050.873535
406602.5625;5860503;-4052.397705
406662.875;5860503;-4054.030762
406723.1563;5860503;-4055.711426
406783.4688;5860503;-4057.432861
406843.7813;5860503;-4059.184814
406904.0625;5860503;-4060.88916
406964.375;5860503;-4062.544189
407024.6563;5860503;-4064.160645
407084.9688;5860503;-4065.606201
407145.2813;5860503;-4066.652588
407205.5625;5860503;-4067.079102
407265.875;5860503;-4066.482178
407326.1875;5860503;-4064.130615
407386.4688;5860503;-4060.066162
407446.7813;5860503;-4055.641846
407507.0625;5860503;-4053.25
407567.375;5860503;-4054.023193
407627.6875;5860503;-4055.527832
407687.9688;5860503;-4056.950928
407748.2813;5860503;-4058.206055
407808.5938;5860503;-4059.215088
407868.875;5860503;-4060.010986
407929.1875;5860503;-4060.638672
407989.4688;5860503;-4061.110352
408049.7813;5860503;-4061.425781
408110.0938;5860503;-4061.629883
408170.375;5860503;-4061.759033
408230.6875;5860503;-4061.830811
408291;5860503;-4061.858154
408351.2813;5860503;-4061.858887
408411.5938;5860503;-4061.839111
408471.875;5860503;-4061.792969
408532.1875;5860503;-4061.707764
408592.5;5860503;-4070.541748
408652.7813;5860503;-4070.359131
408713.0938;5860503;-4070.146484
408773.4063;5860503;-4069.900146
408833.6875;5860503;-4069.627686
408894;5860503;-4069.335938
408954.2813;5860503;-4069.033691
409014.5938;5860503;-4068.727295
409074.9063;5860503;-4068.420898
409135.1875;5860503;-4068.124756
409195.5;5860503;-4067.844238
409255.8125;5860503;-4067.587158
409316.0938;5860503;-4067.354004
409376.4063;5860503;-4067.141846
401356.4063;5860563.5;-3977.000244
401416.6875;5860563.5;-3977.11377
401477;5860563.5;-3977.250488
401537.3125;5860563.5;-3977.423828
401597.5938;5860563.5;-3977.674561
401657.9063;5860563.5;-3978.035645
401718.2188;5860563.5;-3978.526123
401778.5;5860563.5;-3979.180176
401838.8125;5860563.5;-3980.066895
401899.0938;5860563.5;-3981.172119
401959.4063;5860563.5;-3982.498535
402019.7188;5860563.5;-3984.07251
402080;5860563.5;-3985.871094
402140.3125;5860563.5;-3987.771484
402200.625;5860563.5;-3989.708008
402260.9063;5860563.5;-3991.603027
402321.2188;5860563.5;-3993.299316
402381.5;5860563.5;-3994.77002
402441.8125;5860563.5;-3996.009521
402502.125;5860563.5;-3996.972656
402562.4063;5860563.5;-3997.599854
402622.7188;5860563.5;-3997.984619
402683.0313;5860563.5;-3998.205811
402743.3125;5860563.5;-3998.353271
402803.625;5860563.5;-3998.558105
402863.9063;5860563.5;-3998.885742
402924.2188;5860563.5;-3999.355225
402984.5313;5860563.5;-3999.967529
403044.8125;5860563.5;-4000.640381
403105.125;5860563.5;-4001.28125
403165.4375;5860563.5;-4001.844482
403225.7188;5860563.5;-4002.197998
403286.0313;5860563.5;-4002.031006
403346.3125;5860563.5;-4001.561035
403406.625;5860563.5;-4001.15625
403466.9375;5860563.5;-4001.158691
403527.2188;5860563.5;-4002.150391
403587.5313;5860563.5;-4003.996826
403647.8438;5860563.5;-4006.324707
403708.125;5860563.5;-4008.847168
403768.4375;5860563.5;-4011.212402
403828.7188;5860563.5;-4013.269775
403889.0313;5860563.5;-4014.958008
403949.3438;5860563.5;-4016.213867
404009.625;5860563.5;-4017.14209
404069.9375;5860563.5;-4017.903564
404130.25;5860563.5;-4018.554443
404190.5313;5860563.5;-4019.161377
404250.8438;5860563.5;-4019.743164
404311.125;5860563.5;-4020.310059
404371.4375;5860563.5;-4020.915527
404431.75;5860563.5;-4021.578369
404492.0313;5860563.5;-4029.203125
404552.3438;5860563.5;-4029.855469
404612.625;5860563.5;-4030.522949
404672.9375;5860563.5;-4031.261719
404733.25;5860563.5;-4032.034668
404793.5313;5860563.5;-4032.794434
404853.8438;5860563.5;-4033.587646
404914.1563;5860563.5;-4034.400146
404974.4375;5860563.5;-4035.195801
405034.75;5860563.5;-4035.987305
405095.0313;5860563.5;-4036.764404
405155.3438;5860563.5;-4037.501465
405215.6563;5860563.5;-4038.206055
405275.9375;5860563.5;-4038.876953
405336.25;5860563.5;-4038.791748
405396.5625;5860563.5;-4039.913086
405456.8438;5860563.5;-4041.01001
405517.1563;5860563.5;-4042.064209
405577.4375;5860563.5;-4043.098633
405637.75;5860563.5;-4044.116699
405698.0625;5860563.5;-4045.087646
405758.3438;5860563.5;-4046.051025
405818.6563;5860563.5;-4039.156006
405878.9688;5860563.5;-4039.742676
405939.25;5860563.5;-4040.354492
405999.5625;5860563.5;-4040.994385
406059.8438;5860563.5;-4041.660645
406120.1563;5860563.5;-4042.375
406180.4688;5860563.5;-4043.158691
406240.75;5860563.5;-4044.01001
406301.0625;5860563.5;-4044.940186
406361.375;5860563.5;-4045.976074
406421.6563;5860563.5;-4047.130371
406481.9688;5860563.5;-4048.399902
406542.25;5860563.5;-4049.788818
406602.5625;5860563.5;-4051.333252
406662.875;5860563.5;-4053.006836
406723.1563;5860563.5;-4054.74585
406783.4688;5860563.5;-4056.552246
406843.7813;5860563.5;-4058.435547
406904.0625;5860563.5;-4060.320801
406964.375;5860563.5;-4062.206787
407024.6563;5860563.5;-4064.119385
407084.9688;5860563.5;-4065.940918
407145.2813;5860563.5;-4067.450684
407205.5625;5860563.5;-4068.427246
407265.875;5860563.5;-4068.427002
407326.1875;5860563.5;-4066.585449
407386.4688;5860563.5;-4062.735596
407446.7813;5860563.5;-4057.774902
407507.0625;5860563.5;-4054.182861
407567.375;5860563.5;-4053.812988
407627.6875;5860563.5;-4054.418945
407687.9688;5860563.5;-4055.177734
407748.2813;5860563.5;-4056.020508
407808.5938;5860563.5;-4056.875
407868.875;5860563.5;-4057.659668
407929.1875;5860563.5;-4058.340088
407989.4688;5860563.5;-4058.891357
408049.7813;5860563.5;-4059.28833
408110.0938;5860563.5;-4059.564453
408170.375;5860563.5;-4059.755127
408230.6875;5860563.5;-4059.880371
408291;5860563.5;-4059.951172
408351.2813;5860563.5;-4059.989502
408411.5938;5860563.5;-4060.00415
408471.875;5860563.5;-4059.98877
408532.1875;5860563.5;-4068.892822
408592.5;5860563.5;-4068.750244
408652.7813;5860563.5;-4068.578613
408713.0938;5860563.5;-4068.376953
408773.4063;5860563.5;-4068.142334
408833.6875;5860563.5;-4067.882568
408894;5860563.5;-4067.60376
408954.2813;5860563.5;-4067.31543
409014.5938;5860563.5;-4067.023438
409074.9063;5860563.5;-4066.731201
409135.1875;5860563.5;-4066.448486
409195.5;5860563.5;-4066.180664
409255.8125;5860563.5;-4065.935791
409316.0938;5860563.5;-4065.712891
409376.4063;5860563.5;-4065.510742
401356.4063;5860624;-3978.352051
401416.6875;5860624;-3978.509277
401477;5860624;-3978.696289
401537.3125;5860624;-3978.924316
401597.5938;5860624;-3979.228516
401657.9063;5860624;-3979.634033
401718.2188;5860624;-3980.153076
401778.5;5860624;-3980.812012
401838.8125;5860624;-3981.663086
401899.0938;5860624;-3982.690918
401959.4063;5860624;-3983.895264
402019.7188;5860624;-3985.294678
402080;5860624;-3986.867676
402140.3125;5860624;-3988.51709
402200.625;5860624;-3990.193848
402260.9063;5860624;-3991.839355
402321.2188;5860624;-3993.338135
402381.5;5860624;-3994.664063
402441.8125;5860624;-3995.809814
402502.125;5860624;-3996.73584
402562.4063;5860624;-3997.390625
402622.7188;5860624;-3997.847656
402683.0313;5860624;-3998.167725
402743.3125;5860624;-3998.420166
402803.625;5860624;-3998.705566
402863.9063;5860624;-3999.073242
402924.2188;5860624;-3999.536865
402984.5313;5860624;-4000.094238
403044.8125;5860624;-4000.676758
403105.125;5860624;-4001.198242
403165.4375;5860624;-4001.595215
403225.7188;5860624;-4001.740479
403286.0313;5860624;-4001.437988
403346.3125;5860624;-4000.897949
403406.625;5860624;-4000.363281
403466.9375;5860624;-4000.229004
403527.2188;5860624;-4001.396729
403587.5313;5860624;-4003.69873
403647.8438;5860624;-4006.493652
403708.125;5860624;-4009.403809
403768.4375;5860624;-4012.03418
403828.7188;5860624;-4014.211914
403889.0313;5860624;-4015.880371
403949.3438;5860624;-4016.998779
404009.625;5860624;-4017.738037
404069.9375;5860624;-4018.307373
404130.25;5860624;-4018.777344
404190.5313;5860624;-4019.234619
404250.8438;5860624;-4019.694092
404311.125;5860624;-4020.152344
404371.4375;5860624;-4020.665771
404431.75;5860624;-4021.686768
404492.0313;5860624;-4029.190918
404552.3438;5860624;-4029.772705
404612.625;5860624;-4030.391846
404672.9375;5860624;-4031.103271
404733.25;5860624;-4031.864014
404793.5313;5860624;-4032.615967
404853.8438;5860624;-4033.410156
404914.1563;5860624;-4034.226318
404974.4375;5860624;-4035.022217
405034.75;5860624;-4035.813477
405095.0313;5860624;-4036.59082
405155.3438;5860624;-4037.336426
405215.6563;5860624;-4038.04126
405275.9375;5860624;-4037.098877
405336.25;5860624;-4038.270508
405396.5625;5860624;-4039.407959
405456.8438;5860624;-4040.515137
405517.1563;5860624;-4041.566895
405577.4375;5860624;-4042.594971
405637.75;5860624;-4043.603516
405698.0625;5860624;-4044.558594
405758.3438;5860624;-4045.504883
405818.6563;5860624;-4046.453857
405878.9688;5860624;-4038.862305
405939.25;5860624;-4039.43335
405999.5625;5860624;-4040.033447
406059.8438;5860624;-4040.657715
406120.1563;5860624;-4041.331055
406180.4688;5860624;-4042.075195
406240.75;5860624;-4042.887451
406301.0625;5860624;-4043.780273
406361.375;5860624;-4044.782715
406421.6563;5860624;-4045.908447
406481.9688;5860624;-4047.155273
406542.25;5860624;-4048.530762
406602.5625;5860624;-4050.078613
406662.875;5860624;-4051.778076
406723.1563;5860624;-4053.561523
406783.4688;5860624;-4055.442383
406843.7813;5860624;-4057.450928
406904.0625;5860624;-4059.512939
406964.375;5860624;-4061.625732
407024.6563;5860624;-4063.824707
407084.9688;5860624;-4065.998535
407145.2813;5860624;-4067.930664
407205.5625;5860624;-4069.403564
407265.875;5860624;-4070.027344
407326.1875;5860624;-4069.14624
407386.4688;5860624;-4066.614502
407446.7813;5860624;-4062.239258
407507.0625;5860624;-4057.630615
407567.375;5860624;-4055.514648
407627.6875;5860624;-4054.751465
407687.9688;5860624;-4054.562256
407748.2813;5860624;-4054.766113
407808.5938;5860624;-4055.260986
407868.875;5860624;-4055.855957
407929.1875;5860624;-4056.438477
407989.4688;5860624;-4056.949463
408049.7813;5860624;-4057.343506
408110.0938;5860624;-4057.632813
408170.375;5860624;-4057.845947
408230.6875;5860624;-4057.999023
408291;5860624;-4058.099121
408351.2813;5860624;-4058.165771
408411.5938;5860624;-4058.207764
408471.875;5860624;-4067.223145
408532.1875;5860624;-4067.121338
408592.5;5860624;-4066.984375
408652.7813;5860624;-4066.818359
408713.0938;5860624;-4066.62207
408773.4063;5860624;-4066.392822
408833.6875;5860624;-4066.140137
408894;5860624;-4065.869385
408954.2813;5860624;-4065.588867
409014.5938;5860624;-4065.305664
409074.9063;5860624;-4065.021973
409135.1875;5860624;-4064.748535
409195.5;5860624;-4064.489258
409255.8125;5860624;-4064.252686
409316.0938;5860624;-4064.036865
409376.4063;5860624;-4063.841309
401356.4063;5860685;-3979.660889
401416.6875;5860685;-3979.848145
401477;5860685;-3980.068848
401537.3125;5860685;-3980.333496
401597.5938;5860685;-3980.672119
401657.9063;5860685;-3981.102783
401718.2188;5860685;-3981.633057
401778.5;5860685;-3982.282227
401838.8125;5860685;-3983.090576
401899.0938;5860685;-3984.041992
401959.4063;5860685;-3985.13501
402019.7188;5860685;-3986.382324
402080;5860685;-3987.765625
402140.3125;5860685;-3989.207764
402200.625;5860685;-3990.672119
402260.9063;5860685;-3992.114258
402321.2188;5860685;-3993.444824
402381.5;5860685;-3994.641357
402441.8125;5860685;-3995.696777
402502.125;5860685;-3996.576904
402562.4063;5860685;-3997.238525
402622.7188;5860685;-3997.737793
402683.0313;5860685;-3998.122559
402743.3125;5860685;-3998.443848
402803.625;5860685;-3998.7771
402863.9063;5860685;-3999.15918
402924.2188;5860685;-3999.599121
402984.5313;5860685;-4000.092529
403044.8125;5860685;-4000.579834
403105.125;5860685;-4000.989746
403165.4375;5860685;-4001.262451
403225.7188;5860685;-4001.283447
403286.0313;5860685;-4000.948486
403346.3125;5860685;-4000.46167
403406.625;5860685;-4000.011719
403466.9375;5860685;-4000.003418
403527.2188;5860685;-4001.375977
403587.5313;5860685;-4003.945801
403647.8438;5860685;-4007.0354
403708.125;5860685;-4010.229004
403768.4375;5860685;-4013.09082
403828.7188;5860685;-4015.319092
403889.0313;5860685;-4016.855469
403949.3438;5860685;-4017.765869
404009.625;5860685;-4018.277588
404069.9375;5860685;-4018.632813
404130.25;5860685;-4018.910889
404190.5313;5860685;-4019.215576
404250.8438;5860685;-4019.55127
404311.125;5860685;-4019.897461
404371.4375;5860685;-4020.315918
404431.75;5860685;-4028.63501
404492.0313;5860685;-4029.078125
404552.3438;5860685;-4029.588867
404612.625;5860685;-4030.163574
404672.9375;5860685;-4030.855225
404733.25;5860685;-4031.613281
404793.5313;5860685;-4032.368652
404853.8438;5860685;-4033.173096
404914.1563;5860685;-4034.001709
404974.4375;5860685;-4034.802979
405034.75;5860685;-4035.598877
405095.0313;5860685;-4036.382813
405155.3438;5860685;-4037.143066
405215.6563;5860685;-4037.853516
405275.9375;5860685;-4036.536133
405336.25;5860685;-4037.732666
405396.5625;5860685;-4038.88501
405456.8438;5860685;-4039.999268
405517.1563;5860685;-4041.044922
405577.4375;5860685;-4042.061768
405637.75;5860685;-4043.056152
405698.0625;5860685;-4043.991211
405758.3438;5860685;-4044.914795
405818.6563;5860685;-4045.842285
405878.9688;5860685;-4046.728516
405939.25;5860685;-4038.460449
405999.5625;5860685;-4039.018311
406059.8438;5860685;-4039.598633
406120.1563;5860685;-4040.226807
406180.4688;5860685;-4040.927979
406240.75;5860685;-4041.696289
406301.0625;5860685;-4042.544434
406361.375;5860685;-4043.505127
406421.6563;5860685;-4044.591553
406481.9688;5860685;-4045.801758
406542.25;5860685;-4047.147217
406602.5625;5860685;-4048.678711
406662.875;5860685;-4050.379639
406723.1563;5860685;-4052.182373
406783.4688;5860685;-4054.109619
406843.7813;5860685;-4056.212158
406904.0625;5860685;-4058.41333
406964.375;5860685;-4060.705322
407024.6563;5860685;-4063.125488
407084.9688;5860685;-4065.550293
407145.2813;5860685;-4067.742188
407205.5625;5860685;-4069.456055
407265.875;5860685;-4070.318604
407326.1875;5860685;-4069.817383
407386.4688;5860685;-4067.95166
407446.7813;5860685;-4064.287598
407507.0625;5860685;-4059.770996
407567.375;5860685;-4056.904297
407627.6875;5860685;-4055.304443
407687.9688;5860685;-4054.397949
407748.2813;5860685;-4054.035645
407808.5938;5860685;-4054.142334
407868.875;5860685;-4054.474609
407929.1875;5860685;-4054.876465
407989.4688;5860685;-4055.269531
408049.7813;5860685;-4055.597168
408110.0938;5860685;-4055.852051
408170.375;5860685;-4056.052002
408230.6875;5860685;-4056.207031
408291;5860685;-4056.318848
408351.2813;5860685;-4056.400146
408411.5938;5860685;-4065.541992
408471.875;5860685;-4065.480957
408532.1875;5860685;-4065.378174
408592.5;5860685;-4065.239746
408652.7813;5860685;-4065.072754
408713.0938;5860685;-4064.876221
408773.4063;5860685;-4064.647949
408833.6875;5860685;-4064.397461
408894;5860685;-4064.12915
408954.2813;5860685;-4063.853516
409014.5938;5860685;-4063.574951
409074.9063;5860685;-4063.296875
409135.1875;5860685;-4063.028809
409195.5;5860685;-4062.775635
409255.8125;5860685;-4062.544434
409316.0938;5860685;-4062.334229
409376.4063;5860685;-4062.143311
401356.4063;5860745.5;-3980.929932
401416.6875;5860745.5;-3981.136719
401477;5860745.5;-3981.378662
401537.3125;5860745.5;-3981.665771
401597.5938;5860745.5;-3982.023926
401657.9063;5860745.5;-3982.465088
401718.2188;5860745.5;-3982.993896
401778.5;5860745.5;-3983.623535
401838.8125;5860745.5;-3984.38501
401899.0938;5860745.5;-3985.263184
401959.4063;5860745.5;-3986.253174
402019.7188;5860745.5;-3987.366211
402080;5860745.5;-3988.585938
402140.3125;5860745.5;-3989.851807
402200.625;5860745.5;-3991.135742
402260.9063;5860745.5;-3992.403564
402321.2188;5860745.5;-3993.586914
402381.5;5860745.5;-3994.666016
402441.8125;5860745.5;-3995.634521
402502.125;5860745.5;-3996.463867
402562.4063;5860745.5;-3997.117676
402622.7188;5860745.5;-3997.63916
402683.0313;5860745.5;-3998.063721
402743.3125;5860745.5;-3998.427979
402803.625;5860745.5;-3998.787109
402863.9063;5860745.5;-3999.169189
402924.2188;5860745.5;-3999.579346
402984.5313;5860745.5;-4000.010742
403044.8125;5860745.5;-4000.415283
403105.125;5860745.5;-4000.739014
403165.4375;5860745.5;-4000.9375
403225.7188;5860745.5;-4000.928467
403286.0313;5860745.5;-4000.66626
403346.3125;5860745.5;-4000.355225
403406.625;5860745.5;-4000.195557
403466.9375;5860745.5;-4000.550293
403527.2188;5860745.5;-4002.109375
403587.5313;5860745.5;-4004.700684
403647.8438;5860745.5;-4007.855957
403708.125;5860745.5;-4011.204346
403768.4375;5860745.5;-4014.250732
403828.7188;5860745.5;-4016.447998
403889.0313;5860745.5;-4017.732666
403949.3438;5860745.5;-4018.361816
404009.625;5860745.5;-4018.634521
404069.9375;5860745.5;-4018.784912
404130.25;5860745.5;-4018.886475
404190.5313;5860745.5;-4019.055176
404250.8438;5860745.5;-4019.278564
404311.125;5860745.5;-4019.519775
404371.4375;5860745.5;-4019.848145
404431.75;5860745.5;-4028.515625
404492.0313;5860745.5;-4028.864502
404552.3438;5860745.5;-4029.306396
404612.625;5860745.5;-4029.842529
404672.9375;5860745.5;-4030.525146
404733.25;5860745.5;-4031.294922
404793.5313;5860745.5;-4032.068359
404853.8438;5860745.5;-4032.896484
404914.1563;5860745.5;-4033.744385
404974.4375;5860745.5;-4034.551758
405034.75;5860745.5;-4035.352783
405095.0313;5860745.5;-4036.142334
405155.3438;5860745.5;-4036.914063
405215.6563;5860745.5;-4034.657715
405275.9375;5860745.5;-4035.953613
405336.25;5860745.5;-4037.179443
405396.5625;5860745.5;-4038.349854
405456.8438;5860745.5;-4039.471191
405517.1563;5860745.5;-4040.506836
405577.4375;5860745.5;-4041.509521
405637.75;5860745.5;-4042.485352
405698.0625;5860745.5;-4043.395508
405758.3438;5860745.5;-4044.293945
405818.6563;5860745.5;-4045.195313
405878.9688;5860745.5;-4046.054199
405939.25;5860745.5;-4046.925293
405999.5625;5860745.5;-4037.942627
406059.8438;5860745.5;-4038.473389
406120.1563;5860745.5;-4039.052002
406180.4688;5860745.5;-4039.703125
406240.75;5860745.5;-4040.419922
406301.0625;5860745.5;-4041.215088
406361.375;5860745.5;-4042.12207
406421.6563;5860745.5;-4043.153564
406481.9688;5860745.5;-4044.309326
406542.25;5860745.5;-4045.602539
406602.5625;5860745.5;-4047.09082
406662.875;5860745.5;-4048.764893
406723.1563;5860745.5;-4050.554443
406783.4688;5860745.5;-4052.493164
406843.7813;5860745.5;-4054.653564
406904.0625;5860745.5;-4056.950928
406964.375;5860745.5;-4059.371826
407024.6563;5860745.5;-4061.956787
407084.9688;5860745.5;-4064.560791
407145.2813;5860745.5;-4066.914063
407205.5625;5860745.5;-4068.743652
407265.875;5860745.5;-4069.628906
407326.1875;5860745.5;-4069.03418
407386.4688;5860745.5;-4067.117676
407446.7813;5860745.5;-4064.039551
407507.0625;5860745.5;-4060.424072
407567.375;5860745.5;-4057.644531
407627.6875;5860745.5;-4055.671631
407687.9688;5860745.5;-4054.307617
407748.2813;5860745.5;-4053.518066
407808.5938;5860745.5;-4053.273193
407868.875;5860745.5;-4053.332031
407929.1875;5860745.5;-4053.522461
407989.4688;5860745.5;-4053.761719
408049.7813;5860745.5;-4053.990234
408110.0938;5860745.5;-4054.183594
408170.375;5860745.5;-4054.3479
408230.6875;5860745.5;-4054.488281
408291;5860745.5;-4054.598633
408351.2813;5860745.5;-4063.896973
408411.5938;5860745.5;-4063.851318
408471.875;5860745.5;-4063.779053
408532.1875;5860745.5;-4063.665283
408592.5;5860745.5;-4063.518555
408652.7813;5860745.5;-4063.344238
408713.0938;5860745.5;-4063.141602
408773.4063;5860745.5;-4062.908447
408833.6875;5860745.5;-4062.655029
408894;5860745.5;-4062.385742
408954.2813;5860745.5;-4062.109619
409014.5938;5860745.5;-4061.832031
409074.9063;5860745.5;-4061.557129
409135.1875;5860745.5;-4061.291504
409195.5;5860745.5;-4061.04126
409255.8125;5860745.5;-4060.813477
409316.0938;5860745.5;-4060.606201
409376.4063;5860745.5;-4060.418701
401356.4063;5860806;-3982.158447
401416.6875;5860806;-3982.375977
401477;5860806;-3982.629395
401537.3125;5860806;-3982.92749
401597.5938;5860806;-3983.292236
401657.9063;5860806;-3983.731445
401718.2188;5860806;-3984.248291
401778.5;5860806;-3984.851074
401838.8125;5860806;-3985.5625
401899.0938;5860806;-3986.368896
401959.4063;5860806;-3987.265381
402019.7188;5860806;-3988.258545
402080;5860806;-3989.336182
402140.3125;5860806;-3990.450195
402200.625;5860806;-3991.578369
402260.9063;5860806;-3992.695557
402321.2188;5860806;-3993.747559
402381.5;5860806;-3994.719482
402441.8125;5860806;-3995.605225
402502.125;5860806;-3996.380859
402562.4063;5860806;-3997.015869
402622.7188;5860806;-3997.543457
402683.0313;5860806;-3997.989014
402743.3125;5860806;-3998.377686
402803.625;5860806;-3998.748291
402863.9063;5860806;-3999.123291
402924.2188;5860806;-3999.505127
402984.5313;5860806;-3999.887207
403044.8125;5860806;-4000.233154
403105.125;5860806;-4000.506836
403165.4375;5860806;-4000.683594
403225.7188;5860806;-4000.718018
403286.0313;5860806;-4000.61499
403346.3125;5860806;-4000.562012
403406.625;5860806;-4000.739014
403466.9375;5860806;-4001.443359
403527.2188;5860806;-4003.142578
403587.5313;5860806;-4005.677979
403647.8438;5860806;-4008.731445
403708.125;5860806;-4011.993164
403768.4375;5860806;-4014.971436
403828.7188;5860806;-4017.062988
403889.0313;5860806;-4018.179688
403949.3438;5860806;-4018.591553
404009.625;5860806;-4018.670654
404069.9375;5860806;-4018.663574
404130.25;5860806;-4018.632324
404190.5313;5860806;-4018.701416
404250.8438;5860806;-4018.83667
404311.125;5860806;-4018.987061
404371.4375;5860806;-4019.235107
404431.75;5860806;-4028.283691
404492.0313;5860806;-4028.536377
404552.3438;5860806;-4028.912109
404612.625;5860806;-4029.418701
404672.9375;5860806;-4030.109131
404733.25;5860806;-4030.91333
404793.5313;5860806;-4031.72876
404853.8438;5860806;-4032.60083
404914.1563;5860806;-4033.476074
404974.4375;5860806;-4034.284424
405034.75;5860806;-4035.083496
405095.0313;5860806;-4035.871094
405155.3438;5860806;-4036.640625
405215.6563;5860806;-4033.967529
405275.9375;5860806;-4035.344482
405336.25;5860806;-4036.609619
405396.5625;5860806;-4037.802979
405456.8438;5860806;-4038.936523
405517.1563;5860806;-4039.959961
405577.4375;5860806;-4040.943848
405637.75;5860806;-4041.897217
405698.0625;5860806;-4042.778564
405758.3438;5860806;-4043.647949
405818.6563;5860806;-4044.520996
405878.9688;5860806;-4045.350098
405939.25;5860806;-4046.192627
405999.5625;5860806;-4047.070313
406059.8438;5860806;-4037.270264
406120.1563;5860806;-4037.790527
406180.4688;5860806;-4038.384033
406240.75;5860806;-4039.038818
406301.0625;5860806;-4039.768066
406361.375;5860806;-4040.606689
406421.6563;5860806;-4041.564453
406481.9688;5860806;-4042.641846
406542.25;5860806;-4043.854492
406602.5625;5860806;-4045.268311
406662.875;5860806;-4046.880127
406723.1563;5860806;-4048.616455
406783.4688;5860806;-4050.524414
406843.7813;5860806;-4052.699951
406904.0625;5860806;-4055.045166
406964.375;5860806;-4057.54541
407024.6563;5860806;-4060.247559
407084.9688;5860806;-4062.984375
407145.2813;5860806;-4065.479248
407205.5625;5860806;-4067.455322
407265.875;5860806;-4068.378906
407326.1875;5860806;-4067.762939
407386.4688;5860806;-4065.967529
407446.7813;5860806;-4063.391602
407507.0625;5860806;-4060.438477
407567.375;5860806;-4057.802246
407627.6875;5860806;-4055.688721
407687.9688;5860806;-4054.088379
407748.2813;5860806;-4053.01709
407808.5938;5860806;-4052.489502
407868.875;5860806;-4052.300537
407929.1875;5860806;-4052.284424
407989.4688;5860806;-4052.361816
408049.7813;5860806;-4052.479248
408110.0938;5860806;-4052.598389
408170.375;5860806;-4052.714844
408230.6875;5860806;-4052.830322
408291;5860806;-4062.337646
408351.2813;5860806;-4062.283447
408411.5938;5860806;-4062.213135
408471.875;5860806;-4062.118652
408532.1875;5860806;-4061.986816
408592.5;5860806;-4061.823486
408652.7813;5860806;-4061.634277
408713.0938;5860806;-4061.418701
408773.4063;5860806;-4061.175781
408833.6875;5860806;-4060.914551
408894;5860806;-4060.638916
408954.2813;5860806;-4060.358887
409014.5938;5860806;-4060.078857
409074.9063;5860806;-4059.80249
409135.1875;5860806;-4059.536621
409195.5;5860806;-4059.286133
409255.8125;5860806;-4059.059082
409316.0938;5860806;-4058.852051
409376.4063;5860806;-4058.665039
401356.4063;5860866.5;-3983.342529
401416.6875;5860866.5;-3983.5625
401477;5860866.5;-3983.817871
401537.3125;5860866.5;-3984.116455
401597.5938;5860866.5;-3984.476563
401657.9063;5860866.5;-3984.904541
401718.2188;5860866.5;-3985.399902
401778.5;5860866.5;-3985.968262
401838.8125;5860866.5;-3986.62793
401899.0938;5860866.5;-3987.365234
401959.4063;5860866.5;-3988.175049
402019.7188;5860866.5;-3989.061768
402080;5860866.5;-3990.016357
402140.3125;5860866.5;-3990.998535
402200.625;5860866.5;-3991.99292
402260.9063;5860866.5;-3992.97876
402321.2188;5860866.5;-3993.915039
402381.5;5860866.5;-3994.789063
402441.8125;5860866.5;-3995.596191
402502.125;5860866.5;-3996.317139
402562.4063;5860866.5;-3996.925781
402622.7188;5860866.5;-3997.447266
402683.0313;5860866.5;-3997.898682
402743.3125;5860866.5;-3998.297363
402803.625;5860866.5;-3998.671875
402863.9063;5860866.5;-3999.039307
402924.2188;5860866.5;-3999.401611
402984.5313;5860866.5;-3999.755615
403044.8125;5860866.5;-4000.076172
403105.125;5860866.5;-4000.342285
403165.4375;5860866.5;-4000.546387
403225.7188;5860866.5;-4000.673828
403286.0313;5860866.5;-4000.76123
403346.3125;5860866.5;-4000.968262
403406.625;5860866.5;-4001.433594
403466.9375;5860866.5;-4002.373291
403527.2188;5860866.5;-4004.11084
403587.5313;5860866.5;-4006.503418
403647.8438;5860866.5;-4009.295898
403708.125;5860866.5;-4012.22876
403768.4375;5860866.5;-4014.866943
403828.7188;5860866.5;-4016.776855
403889.0313;5860866.5;-4017.85791
403949.3438;5860866.5;-4018.209717
404009.625;5860866.5;-4018.227051
404069.9375;5860866.5;-4018.168701
404130.25;5860866.5;-4018.08667
404190.5313;5860866.5;-4018.113525
404250.8438;5860866.5;-4018.195313
404311.125;5860866.5;-4018.271484
404371.4375;5860866.5;-4027.86792
404431.75;5860866.5;-4027.878906
404492.0313;5860866.5;-4028.033691
404552.3438;5860866.5;-4028.346191
404612.625;5860866.5;-4028.836426
404672.9375;5860866.5;-4029.563965
404733.25;5860866.5;-4030.446045
404793.5313;5860866.5;-4031.349365
404853.8438;5860866.5;-4032.301514
404914.1563;5860866.5;-4033.218262
404974.4375;5860866.5;-4034.020264
405034.75;5860866.5;-4034.803467
405095.0313;5860866.5;-4035.575928
405155.3438;5860866.5;-4031.70459
405215.6563;5860866.5;-4033.245605
405275.9375;5860866.5;-4034.707031
405336.25;5860866.5;-4036.01416
405396.5625;5860866.5;-4037.233398
405456.8438;5860866.5;-4038.378418
405517.1563;5860866.5;-4039.387695
405577.4375;5860866.5;-4040.348877
405637.75;5860866.5;-4041.274658
405698.0625;5860866.5;-4042.123779
405758.3438;5860866.5;-4042.960449
405818.6563;5860866.5;-4043.803223
405878.9688;5860866.5;-4044.602295
405939.25;5860866.5;-4045.417236
405999.5625;5860866.5;-4046.27002
406059.8438;5860866.5;-4039.542236
406120.1563;5860866.5;-4036.492432
406180.4688;5860866.5;-4037.030518
406240.75;5860866.5;-4037.624023
406301.0625;5860866.5;-4038.2854
406361.375;5860866.5;-4039.050049
406421.6563;5860866.5;-4039.924316
406481.9688;5860866.5;-4040.908691
406542.25;5860866.5;-4042.018555
406602.5625;5860866.5;-4043.325195
406662.875;5860866.5;-4044.834717
406723.1563;5860866.5;-4046.470459
406783.4688;5860866.5;-4048.292725
406843.7813;5860866.5;-4050.420166
406904.0625;5860866.5;-4052.743652
406964.375;5860866.5;-4055.250488
407024.6563;5860866.5;-4057.999512
407084.9688;5860866.5;-4060.816162
407145.2813;5860866.5;-4063.458496
407205.5625;5860866.5;-4065.650391
407265.875;5860866.5;-4066.645508
407326.1875;5860866.5;-4066.012939
407386.4688;5860866.5;-4064.418945
407446.7813;5860866.5;-4062.239014
407507.0625;5860866.5;-4059.708008
407567.375;5860866.5;-4057.277832
407627.6875;5860866.5;-4055.215088
407687.9688;5860866.5;-4053.561279
407748.2813;5860866.5;-4052.354736
407808.5938;5860866.5;-4051.643311
407868.875;5860866.5;-4051.268555
407929.1875;5860866.5;-4051.083252
407989.4688;5860866.5;-4051.018555
408049.7813;5860866.5;-4051.031982
408110.0938;5860866.5;-4051.076904
408170.375;5860866.5;-4051.141602
408230.6875;5860866.5;-4060.88501
408291;5860866.5;-4060.795898
408351.2813;5860866.5;-4060.703613
408411.5938;5860866.5;-4060.599609
408471.875;5860866.5;-4060.475586
408532.1875;5860866.5;-4060.317383
408592.5;5860866.5;-4060.131836
408652.7813;5860866.5;-4059.922607
408713.0938;5860866.5;-4059.689697
408773.4063;5860866.5;-4059.432617
408833.6875;5860866.5;-4059.1604
408894;5860866.5;-4058.877441
408954.2813;5860866.5;-4058.59082
409014.5938;5860866.5;-4058.306396
409074.9063;5860866.5;-4058.0271
409135.1875;5860866.5;-4057.759277
409195.5;5860866.5;-4057.507813
409255.8125;5860866.5;-4057.280518
409316.0938;5860866.5;-4057.072754
409376.4063;5860866.5;-4056.884766
401356.4063;5860927;-3984.484131
401416.6875;5860927;-3984.699707
401477;5860927;-3984.950684
401537.3125;5860927;-3985.242188
401597.5938;5860927;-3985.591309
401657.9063;5860927;-3986
401718.2188;5860927;-3986.467773
401778.5;5860927;-3986.997803
401838.8125;5860927;-3987.604248
401899.0938;5860927;-3988.274658
401959.4063;5860927;-3989.003418
402019.7188;5860927;-3989.794434
402080;5860927;-3990.638428
402140.3125;5860927;-3991.504883
402200.625;5860927;-3992.380859
402260.9063;5860927;-3993.250977
402321.2188;5860927;-3994.083496
402381.5;5860927;-3994.867432
402441.8125;5860927;-3995.600342
402502.125;5860927;-3996.266846
402562.4063;5860927;-3996.844482
402622.7188;5860927;-3997.351563
402683.0313;5860927;-3997.799805
402743.3125;5860927;-3998.200928
402803.625;5860927;-3998.575684
402863.9063;5860927;-3998.938477
402924.2188;5860927;-3999.290039
402984.5313;5860927;-3999.632813
403044.8125;5860927;-3999.951904
403105.125;5860927;-4000.236572
403165.4375;5860927;-4000.490723
403225.7188;5860927;-4000.7229
403286.0313;5860927;-4000.983154
403346.3125;5860927;-4001.396973
403406.625;5860927;-4002.065674
403466.9375;5860927;-4003.131592
403527.2188;5860927;-4004.817871
403587.5313;5860927;-4006.999268
403647.8438;5860927;-4009.460938
403708.125;5860927;-4012.005371
403768.4375;5860927;-4014.263916
403828.7188;5860927;-4015.939697
403889.0313;5860927;-4016.953613
403949.3438;5860927;-4017.313721
404009.625;5860927;-4017.370117
404069.9375;5860927;-4017.343018
404130.25;5860927;-4017.270996
404190.5313;5860927;-4017.297852
404250.8438;5860927;-4017.354248
404311.125;5860927;-4017.369629
404371.4375;5860927;-4027.376709
404431.75;5860927;-4027.27832
404492.0313;5860927;-4027.34082
404552.3438;5860927;-4027.600586
404612.625;5860927;-4028.097412
404672.9375;5860927;-4028.907471
404733.25;5860927;-4029.940674
404793.5313;5860927;-4031.008545
404853.8438;5860927;-4032.102539
404914.1563;5860927;-4033.077881
404974.4375;5860927;-4033.859375
405034.75;5860927;-4034.597656
405095.0313;5860927;-4029.230957
405155.3438;5860927;-4030.903809
405215.6563;5860927;-4032.524658
405275.9375;5860927;-4034.064453
405336.25;5860927;-4035.410156
405396.5625;5860927;-4036.654785
405456.8438;5860927;-4037.808594
405517.1563;5860927;-4038.799561
405577.4375;5860927;-4039.734131
405637.75;5860927;-4040.628906
405698.0625;5860927;-4041.441406
405758.3438;5860927;-4042.243164
405818.6563;5860927;-4043.052979
405878.9688;5860927;-4043.822998
405939.25;5860927;-4044.612793
405999.5625;5860927;-4045.444092
406059.8438;5860927;-4046.269287
406120.1563;5860927;-4035.158203
406180.4688;5860927;-4035.642578
406240.75;5860927;-4036.174072
406301.0625;5860927;-4036.764648
406361.375;5860927;-4037.44751
406421.6563;5860927;-4038.225342
406481.9688;5860927;-4039.096436
406542.25;5860927;-4040.076172
406602.5625;5860927;-4041.240479
406662.875;5860927;-4042.605713
406723.1563;5860927;-4044.091064
406783.4688;5860927;-4045.772217
406843.7813;5860927;-4047.791016
406904.0625;5860927;-4050.025635
406964.375;5860927;-4052.46582
407024.6563;5860927;-4055.181641
407084.9688;5860927;-4057.979004
407145.2813;5860927;-4060.619629
407205.5625;5860927;-4062.833252
407265.875;5860927;-4063.901855
407326.1875;5860927;-4063.456055
407386.4688;5860927;-4062.182373
407446.7813;5860927;-4060.402588
407507.0625;5860927;-4058.277588
407567.375;5860927;-4056.140381
407627.6875;5860927;-4054.24585
407687.9688;5860927;-4052.658203
407748.2813;5860927;-4051.429688
407808.5938;5860927;-4050.626953
407868.875;5860927;-4050.135254
407929.1875;5860927;-4049.831299
407989.4688;5860927;-4049.659668
408049.7813;5860927;-4049.590088
408110.0938;5860927;-4049.571289
408170.375;5860927;-4059.577881
408230.6875;5860927;-4059.418701
408291;5860927;-4059.280518
408351.2813;5860927;-4059.144287
408411.5938;5860927;-4059
408471.875;5860927;-4058.839355
408532.1875;5860927;-4058.650879
408592.5;5860927;-4058.438232
408652.7813;5860927;-4058.205078
408713.0938;5860927;-4057.95166
408773.4063;5860927;-4057.678467
408833.6875;5860927;-4057.393555
408894;5860927;-4057.100098
408954.2813;5860927;-4056.805908
409014.5938;5860927;-4056.515381
409074.9063;5860927;-4056.232422
409135.1875;5860927;-4055.961914
409195.5;5860927;-4055.707764
409255.8125;5860927;-4055.47876
409316.0938;5860927;-4055.269775
409376.4063;5860927;-4055.080566
401356.4063;5860988;-3985.583496
401416.6875;5860988;-3985.790527
401477;5860988;-3986.031006
401537.3125;5860988;-3986.310547
401597.5938;5860988;-3986.64209
401657.9063;5860988;-3987.026855
401718.2188;5860988;-3987.462891
401778.5;5860988;-3987.952148
401838.8125;5860988;-3988.505371
401899.0938;5860988;-3989.111084
401959.4063;5860988;-3989.763672
402019.7188;5860988;-3990.466553
402080;5860988;-3991.211914
402140.3125;5860988;-3991.974365
402200.625;5860988;-3992.745117
402260.9063;5860988;-3993.511719
402321.2188;5860988;-3994.249756
402381.5;5860988;-3994.951904
402441.8125;5860988;-3995.615479
402502.125;5860988;-3996.227539
402562.4063;5860988;-3996.770996
402622.7188;5860988;-3997.258545
402683.0313;5860988;-3997.698242
402743.3125;5860988;-3998.09668
402803.625;5860988;-3998.470215
402863.9063;5860988;-3998.830078
402924.2188;5860988;-3999.178711
402984.5313;5860988;-3999.520508
403044.8125;5860988;-3999.851807
403105.125;5860988;-4000.166504
403165.4375;5860988;-4000.477783
403225.7188;5860988;-4000.805664
403286.0313;5860988;-4001.204346
403346.3125;5860988;-4001.766602
403406.625;5860988;-4002.560059
403466.9375;5860988;-4003.671143
403527.2188;5860988;-4005.252197
403587.5313;5860988;-4007.195068
403647.8438;5860988;-4009.312744
403708.125;5860988;-4011.466553
403768.4375;5860988;-4013.37085
403828.7188;5860988;-4014.810791
403889.0313;5860988;-4015.741699
403949.3438;5860988;-4016.14624
404009.625;5860988;-4016.278076
404069.9375;5860988;-4016.306396
404130.25;5860988;-4016.264404
404190.5313;5860988;-4016.303223
404250.8438;5860988;-4016.345215
404311.125;5860988;-4016.307373
404371.4375;5860988;-4026.654785
404431.75;5860988;-4026.472168
404492.0313;5860988;-4026.463623
404552.3438;5860988;-4026.692871
404612.625;5860988;-4027.226074
404672.9375;5860988;-4028.171875
404733.25;5860988;-4029.447021
404793.5313;5860988;-4030.780762
404853.8438;5860988;-4032.09668
404914.1563;5860988;-4033.14624
404974.4375;5860988;-4033.886475
405034.75;5860988;-4034.54834
405095.0313;5860988;-4028.468262
405155.3438;5860988;-4030.181641
405215.6563;5860988;-4031.859131
405275.9375;5860988;-4033.460205
405336.25;5860988;-4034.834717
405396.5625;5860988;-4036.096436
405456.8438;5860988;-4037.255859
405517.1563;5860988;-4038.220459
405577.4375;5860988;-4039.121094
405637.75;5860988;-4039.978516
405698.0625;5860988;-4040.749756
405758.3438;5860988;-4041.512451
405818.6563;5860988;-4042.288086
405878.9688;5860988;-4043.030273
405939.25;5860988;-4043.799316
405999.5625;5860988;-4044.614502
406059.8438;5860988;-4045.433594
406120.1563;5860988;-4046.297119
406180.4688;5860988;-4034.195313
406240.75;5860988;-4034.65918
406301.0625;5860988;-4035.167725
406361.375;5860988;-4035.75293
406421.6563;5860988;-4036.411133
406481.9688;5860988;-4037.139648
406542.25;5860988;-4037.952881
406602.5625;5860988;-4038.93335
406662.875;5860988;-4040.110596
406723.1563;5860988;-4041.39624
406783.4688;5860988;-4042.885254
406843.7813;5860988;-4044.748291
406904.0625;5860988;-4046.842285
406964.375;5860988;-4049.162598
407024.6563;5860988;-4051.788574
407084.9688;5860988;-4054.487549
407145.2813;5860988;-4056.990723
407205.5625;5860988;-4059.03833
407265.875;5860988;-4060.180908
407326.1875;5860988;-4060.125
407386.4688;5860988;-4059.293457
407446.7813;5860988;-4057.954834
407507.0625;5860988;-4056.263428
407567.375;5860988;-4054.473633
407627.6875;5860988;-4052.820068
407687.9688;5860988;-4051.382568
407748.2813;5860988;-4050.217773
407808.5938;5860988;-4049.399902
407868.875;5860988;-4048.854736
407929.1875;5860988;-4048.481201
407989.4688;5860988;-4048.23999
408049.7813;5860988;-4048.111328
408110.0938;5860988;-4058.462158
408170.375;5860988;-4058.20166
408230.6875;5860988;-4057.982666
408291;5860988;-4057.791504
408351.2813;5860988;-4057.606689
408411.5938;5860988;-4057.416992
408471.875;5860988;-4057.215332
408532.1875;5860988;-4056.991211
408592.5;5860988;-4056.747803
408652.7813;5860988;-4056.487549
408713.0938;5860988;-4056.210693
408773.4063;5860988;-4055.918945
408833.6875;5860988;-4055.618408
408894;5860988;-4055.3125
408954.2813;5860988;-4055.008789
409014.5938;5860988;-4054.711182
409074.9063;5860988;-4054.422852
409135.1875;5860988;-4054.147949
409195.5;5860988;-4053.890625
409255.8125;5860988;-4053.658936
409316.0938;5860988;-4053.447021
409376.4063;5860988;-4053.25415
401356.4063;5861048.5;-3986.640137
401416.6875;5861048.5;-3986.833984
401477;5861048.5;-3987.05957
401537.3125;5861048.5;-3987.322266
401597.5938;5861048.5;-3987.631836
401657.9063;5861048.5;-3987.989014
401718.2188;5861048.5;-3988.390625
401778.5;5861048.5;-3988.837402
401838.8125;5861048.5;-3989.337646
401899.0938;5861048.5;-3989.881104
401959.4063;5861048.5;-3990.463135
402019.7188;5861048.5;-3991.085449
402080;5861048.5;-3991.742432
402140.3125;5861048.5;-3992.413086
402200.625;5861048.5;-3993.089844
402260.9063;5861048.5;-3993.764893
402321.2188;5861048.5;-3994.418457
402381.5;5861048.5;-3995.044434
402441.8125;5861048.5;-3995.642578
402502.125;5861048.5;-3996.201904
402562.4063;5861048.5;-3996.708496
402622.7188;5861048.5;-3997.172119
402683.0313;5861048.5;-3997.597656
402743.3125;5861048.5;-3997.989502
402803.625;5861048.5;-3998.359131
402863.9063;5861048.5;-3998.717285
402924.2188;5861048.5;-3999.065674
402984.5313;5861048.5;-3999.412842
403044.8125;5861048.5;-3999.762695
403105.125;5861048.5;-4000.110352
403165.4375;5861048.5;-4000.472412
403225.7188;5861048.5;-4000.875244
403286.0313;5861048.5;-4001.368408
403346.3125;5861048.5;-4002.017578
403406.625;5861048.5;-4002.865234
403466.9375;5861048.5;-4003.955078
403527.2188;5861048.5;-4005.39502
403587.5313;5861048.5;-4007.092529
403647.8438;5861048.5;-4008.881836
403708.125;5861048.5;-4010.672607
403768.4375;5861048.5;-4012.257324
403828.7188;5861048.5;-4013.476563
403889.0313;5861048.5;-4014.312988
403949.3438;5861048.5;-4014.742188
404009.625;5861048.5;-4014.92749
404069.9375;5861048.5;-4014.997803
404130.25;5861048.5;-4014.977051
404190.5313;5861048.5;-4015.023438
404250.8438;5861048.5;-4015.056641
404311.125;5861048.5;-4025.940674
404371.4375;5861048.5;-4025.711914
404431.75;5861048.5;-4025.472412
404492.0313;5861048.5;-4025.409668
404552.3438;5861048.5;-4025.617432
404612.625;5861048.5;-4026.195313
404672.9375;5861048.5;-4027.30249
404733.25;5861048.5;-4028.920898
404793.5313;5861048.5;-4030.653809
404853.8438;5861048.5;-4032.281494
404914.1563;5861048.5;-4033.404541
404974.4375;5861048.5;-4034.082275
405034.75;5861048.5;-4026.195801
405095.0313;5861048.5;-4027.828613
405155.3438;5861048.5;-4029.55249
405215.6563;5861048.5;-4031.255615
405275.9375;5861048.5;-4032.888428
405336.25;5861048.5;-4034.267334
405396.5625;5861048.5;-4035.529541
405456.8438;5861048.5;-4036.680908
405517.1563;5861048.5;-4037.609619
405577.4375;5861048.5;-4038.468994
405637.75;5861048.5;-4039.284668
405698.0625;5861048.5;-4040.013184
405758.3438;5861048.5;-4040.736084
405818.6563;5861048.5;-4041.478027
405878.9688;5861048.5;-4042.196777
405939.25;5861048.5;-4042.952148
405999.5625;5861048.5;-4043.76001
406059.8438;5861048.5;-4044.583496
406120.1563;5861048.5;-4045.45752
406180.4688;5861048.5;-4046.40625
406240.75;5861048.5;-4033.161133
406301.0625;5861048.5;-4033.594238
406361.375;5861048.5;-4034.084229
406421.6563;5861048.5;-4034.619385
406481.9688;5861048.5;-4035.19458
406542.25;5861048.5;-4035.824219
406602.5625;5861048.5;-4036.595703
406662.875;5861048.5;-4037.552246
406723.1563;5861048.5;-4038.597168
406783.4688;5861048.5;-4039.846924
406843.7813;5861048.5;-4041.502441
406904.0625;5861048.5;-4043.404297
406964.375;5861048.5;-4045.554199
407024.6563;5861048.5;-4048.038086
407084.9688;5861048.5;-4050.587158
407145.2813;5861048.5;-4052.94165
407205.5625;5861048.5;-4054.866455
407265.875;5861048.5;-4056.0896
407326.1875;5861048.5;-4056.376465
407386.4688;5861048.5;-4055.955811
407446.7813;5861048.5;-4055.053955
407507.0625;5861048.5;-4053.800293
407567.375;5861048.5;-4052.380615
407627.6875;5861048.5;-4051.01123
407687.9688;5861048.5;-4049.77832
407748.2813;5861048.5;-4048.73877
407808.5938;5861048.5;-4047.966797
407868.875;5861048.5;-4047.420654
407929.1875;5861048.5;-4047.022217
407989.4688;5861048.5;-4046.74585
408049.7813;5861048.5;-4057.497559
408110.0938;5861048.5;-4057.117432
408170.375;5861048.5;-4056.795898
408230.6875;5861048.5;-4056.520508
408291;5861048.5;-4056.277344
408351.2813;5861048.5;-4056.043701
408411.5938;5861048.5;-4055.808594
408471.875;5861048.5;-4055.564941
408532.1875;5861048.5;-4055.304443
408592.5;5861048.5;-4055.029053
408652.7813;5861048.5;-4054.741455
408713.0938;5861048.5;-4054.441162
408773.4063;5861048.5;-4054.130615
408833.6875;5861048.5;-4053.815186
408894;5861048.5;-4053.498047
408954.2813;5861048.5;-4053.184326
409014.5938;5861048.5;-4052.879883
409074.9063;5861048.5;-4052.586914
409135.1875;5861048.5;-4052.307617
409195.5;5861048.5;-4052.046631
409255.8125;5861048.5;-4051.812744
409316.0938;5861048.5;-4051.597656
409376.4063;5861048.5;-4051.4021
401356.4063;5861109;-3987.650635
401416.6875;5861109;-3987.827148
401477;5861109;-3988.033936
401537.3125;5861109;-3988.275391
401597.5938;5861109;-3988.559814
401657.9063;5861109;-3988.88623
401718.2188;5861109;-3989.251953
401778.5;5861109;-3989.656006
401838.8125;5861109;-3990.10498
401899.0938;5861109;-3990.589844
401959.4063;5861109;-3991.106689
402019.7188;5861109;-3991.656006
402080;5861109;-3992.233643
402140.3125;5861109;-3992.822998
402200.625;5861109;-3993.417236
402260.9063;5861109;-3994.010498
402321.2188;5861109;-3994.588135
402381.5;5861109;-3995.145752
402441.8125;5861109;-3995.682373
402502.125;5861109;-3996.189453
402562.4063;5861109;-3996.657959
402622.7188;5861109;-3997.093994
402683.0313;5861109;-3997.500732
402743.3125;5861109;-3997.881592
402803.625;5861109;-3998.244873
402863.9063;5861109;-3998.599854
402924.2188;5861109;-3998.949219
402984.5313;5861109;-3999.302734
403044.8125;5861109;-3999.669434
403105.125;5861109;-4000.043457
403165.4375;5861109;-4000.442627
403225.7188;5861109;-4000.893311
403286.0313;5861109;-4001.435547
403346.3125;5861109;-4002.116699
403406.625;5861109;-4002.961426
403466.9375;5861109;-4003.986084
403527.2188;5861109;-4005.270264
403587.5313;5861109;-4006.73877
403647.8438;5861109;-4008.243896
403708.125;5861109;-4009.732666
403768.4375;5861109;-4011.054688
403828.7188;5861109;-4012.08374
403889.0313;5861109;-4012.81958
403949.3438;5861109;-4013.233887
404009.625;5861109;-4013.436035
404069.9375;5861109;-4013.520996
404130.25;5861109;-4013.504395
404190.5313;5861109;-4013.546387
404250.8438;5861109;-4024.870361
404311.125;5861109;-4024.763428
404371.4375;5861109;-4024.542969
404431.75;5861109;-4024.289551
404492.0313;5861109;-4024.196045
404552.3438;5861109;-4024.380371
404612.625;5861109;-4024.95166
404672.9375;5861109;-4026.123779
404733.25;5861109;-4028.173584
404793.5313;5861109;-4030.516113
404853.8438;5861109;-4032.526123
404914.1563;5861109;-4033.662109
404974.4375;5861109;-4034.289795
405034.75;5861109;-4025.692871
405095.0313;5861109;-4027.324219
405155.3438;5861109;-4029.069824
405215.6563;5861109;-4030.778564
405275.9375;5861109;-4032.410889
405336.25;5861109;-4033.757813
405396.5625;5861109;-4034.986328
405456.8438;5861109;-4036.103027
405517.1563;5861109;-4036.976074
405577.4375;5861109;-4037.78125
405637.75;5861109;-4038.547607
405698.0625;5861109;-4039.228516
405758.3438;5861109;-4039.911133
405818.6563;5861109;-4040.621582
405878.9688;5861109;-4041.322754
405939.25;5861109;-4042.073975
405999.5625;5861109;-4042.887939
406059.8438;5861109;-4043.729248
406120.1563;5861109;-4044.630615
406180.4688;5861109;-4045.603027
406240.75;5861109;-4046.62085
406301.0625;5861109;-4032.047607
406361.375;5861109;-4032.442383
406421.6563;5861109;-4032.848145
406481.9688;5861109;-4033.259033
406542.25;5861109;-4033.6875
406602.5625;5861109;-4034.225098
406662.875;5861109;-4034.932617
406723.1563;5861109;-4035.704834
406783.4688;5861109;-4036.678711
406843.7813;5861109;-4038.0896
406904.0625;5861109;-4039.772217
406964.375;5861109;-4041.738037
407024.6563;5861109;-4044.084473
407084.9688;5861109;-4046.503174
407145.2813;5861109;-4048.749756
407205.5625;5861109;-4050.625
407265.875;5861109;-4051.934082
407326.1875;5861109;-4052.485352
407386.4688;5861109;-4052.409424
407446.7813;5861109;-4051.895508
407507.0625;5861109;-4051.038086
407567.375;5861109;-4049.970215
407627.6875;5861109;-4048.888672
407687.9688;5861109;-4047.881592
407748.2813;5861109;-4047.000732
407808.5938;5861109;-4046.315918
407868.875;5861109;-4045.810547
407929.1875;5861109;-4045.423584
407989.4688;5861109;-4056.646973
408049.7813;5861109;-4056.138428
408110.0938;5861109;-4055.708252
408170.375;5861109;-4055.336182
408230.6875;5861109;-4055.010742
408291;5861109;-4054.718018
408351.2813;5861109;-4054.436523
408411.5938;5861109;-4054.157715
408471.875;5861109;-4053.873779
408532.1875;5861109;-4053.578857
408592.5;5861109;-4053.273682
408652.7813;5861109;-4052.959473
408713.0938;5861109;-4052.637207
408773.4063;5861109;-4052.309082
408833.6875;5861109;-4051.979736
408894;5861109;-4051.651855
408954.2813;5861109;-4051.329834
409014.5938;5861109;-4051.019287
409074.9063;5861109;-4050.722168
409135.1875;5861109;-4050.439453
409195.5;5861109;-4050.175537
409255.8125;5861109;-4049.939209
409316.0938;5861109;-4049.722168
409376.4063;5861109;-4049.523682
401356.4063;5861169.5;-3988.619873
401416.6875;5861169.5;-3988.7771
401477;5861169.5;-3988.963135
401537.3125;5861169.5;-3989.181885
401597.5938;5861169.5;-3989.439209
401657.9063;5861169.5;-3989.733643
401718.2188;5861169.5;-3990.0625
401778.5;5861169.5;-3990.423828
401838.8125;5861169.5;-3990.823486
401899.0938;5861169.5;-3991.252686
401959.4063;5861169.5;-3991.707764
402019.7188;5861169.5;-3992.190186
402080;5861169.5;-3992.695557
402140.3125;5861169.5;-3993.210693
402200.625;5861169.5;-3993.729004
402260.9063;5861169.5;-3994.248535
402321.2188;5861169.5;-3994.756592
402381.5;5861169.5;-3995.25
402441.8125;5861169.5;-3995.728027
402502.125;5861169.5;-3996.185547
402562.4063;5861169.5;-3996.614746
402622.7188;5861169.5;-3997.020752
402683.0313;5861169.5;-3997.405762
402743.3125;5861169.5;-3997.771973
402803.625;5861169.5;-3998.126465
402863.9063;5861169.5;-3998.476563
402924.2188;5861169.5;-3998.824707
402984.5313;5861169.5;-3999.183594
403044.8125;5861169.5;-3999.561279
403105.125;5861169.5;-3999.954102
403165.4375;5861169.5;-4000.37793
403225.7188;5861169.5;-4000.856689
403286.0313;5861169.5;-4001.421143
403346.3125;5861169.5;-4002.104004
403406.625;5861169.5;-4002.918945
403466.9375;5861169.5;-4003.865234
403527.2188;5861169.5;-4005.002441
403587.5313;5861169.5;-4006.27002
403647.8438;5861169.5;-4007.54248
403708.125;5861169.5;-4008.790771
403768.4375;5861169.5;-4009.906738
403828.7188;5861169.5;-4010.790771
403889.0313;5861169.5;-4011.44751
403949.3438;5861169.5;-4011.848633
404009.625;5861169.5;-4012.069824
404069.9375;5861169.5;-4012.179443
404130.25;5861169.5;-4012.1875
404190.5313;5861169.5;-4023.395996
404250.8438;5861169.5;-4023.395752
404311.125;5861169.5;-4023.312012
404371.4375;5861169.5;-4023.125732
404431.75;5861169.5;-4022.898682
404492.0313;5861169.5;-4022.808594
404552.3438;5861169.5;-4022.958252
404612.625;5861169.5;-4023.413086
404672.9375;5861169.5;-4024.483398
404733.25;5861169.5;-4026.966309
404793.5313;5861169.5;-4030.115234
404853.8438;5861169.5;-4032.396729
404914.1563;5861169.5;-4033.283691
404974.4375;5861169.5;-4023.385742
405034.75;5861169.5;-4025.176025
405095.0313;5861169.5;-4026.936523
405155.3438;5861169.5;-4028.77417
405215.6563;5861169.5;-4030.499756
405275.9375;5861169.5;-4032.106445
405336.25;5861169.5;-4033.390381
405396.5625;5861169.5;-4034.546143
405456.8438;5861169.5;-4035.588623
405517.1563;5861169.5;-4036.378662
405577.4375;5861169.5;-4037.108643
405637.75;5861169.5;-4037.811768
405698.0625;5861169.5;-4038.437988
405758.3438;5861169.5;-4039.075684
405818.6563;5861169.5;-4039.753662
405878.9688;5861169.5;-4040.441162
405939.25;5861169.5;-4041.196045
405999.5625;5861169.5;-4042.024658
406059.8438;5861169.5;-4042.898682
406120.1563;5861169.5;-4043.842529
406180.4688;5861169.5;-4044.854248
406240.75;5861169.5;-4045.90918
406301.0625;5861169.5;-4046.987793
406361.375;5861169.5;-4030.738281
406421.6563;5861169.5;-4030.993896
406481.9688;5861169.5;-4031.213135
406542.25;5861169.5;-4031.409912
406602.5625;5861169.5;-4031.687744
406662.875;5861169.5;-4032.131348
406723.1563;5861169.5;-4032.61499
406783.4688;5861169.5;-4033.303467
406843.7813;5861169.5;-4034.476807
406904.0625;5861169.5;-4035.952881
406964.375;5861169.5;-4037.76709
407024.6563;5861169.5;-4040.030762
407084.9688;5861169.5;-4042.385498
407145.2813;5861169.5;-4044.591064
407205.5625;5861169.5;-4046.465576
407265.875;5861169.5;-4047.868164
407326.1875;5861169.5;-4048.63916
407386.4688;5861169.5;-4048.845947
407446.7813;5861169.5;-4048.65625
407507.0625;5861169.5;-4048.138672
407567.375;5861169.5;-4047.384033
407627.6875;5861169.5;-4046.570068
407687.9688;5861169.5;-4045.782959
407748.2813;5861169.5;-4045.067627
407808.5938;5861169.5;-4044.488037
407868.875;5861169.5;-4044.045166
407929.1875;5861169.5;-4055.906738
407989.4688;5861169.5;-4055.269531
408049.7813;5861169.5;-4054.727539
408110.0938;5861169.5;-4054.25708
408170.375;5861169.5;-4053.841064
408230.6875;5861169.5;-4053.470215
408291;5861169.5;-4053.132568
408351.2813;5861169.5;-4052.807129
408411.5938;5861169.5;-4052.48584
408471.875;5861169.5;-4052.163818
408532.1875;5861169.5;-4051.835205
408592.5;5861169.5;-4051.501465
408652.7813;5861169.5;-4051.162598
408713.0938;5861169.5;-4050.81958
408773.4063;5861169.5;-4050.474609
408833.6875;5861169.5;-4050.132813
408894;5861169.5;-4049.79541
408954.2813;5861169.5;-4049.465332
409014.5938;5861169.5;-4049.148682
409074.9063;5861169.5;-4048.847656
409135.1875;5861169.5;-4048.561768
409195.5;5861169.5;-4048.294678
409255.8125;5861169.5;-4048.056152
409316.0938;5861169.5;-4047.836426
409376.4063;5861169.5;-4047.634277
401356.4063;5861230;-3989.55542
401416.6875;5861230;-3989.691895
401477;5861230;-3989.856445
401537.3125;5861230;-3990.05127
401597.5938;5861230;-3990.280762
401657.9063;5861230;-3990.542969
401718.2188;5861230;-3990.834961
401778.5;5861230;-3991.154785
401838.8125;5861230;-3991.506348
401899.0938;5861230;-3991.882568
401959.4063;5861230;-3992.279541
402019.7188;5861230;-3992.699463
402080;5861230;-3993.137451
402140.3125;5861230;-3993.58374
402200.625;5861230;-3994.032959
402260.9063;5861230;-3994.483154
402321.2188;5861230;-3994.92627
402381.5;5861230;-3995.358887
402441.8125;5861230;-3995.78125
402502.125;5861230;-3996.189209
402562.4063;5861230;-3996.578369
402622.7188;5861230;-3996.952881
402683.0313;5861230;-3997.313232
402743.3125;5861230;-3997.661621
402803.625;5861230;-3998.003906
402863.9063;5861230;-3998.345703
402924.2188;5861230;-3998.689697
402984.5313;5861230;-3999.048096
403044.8125;5861230;-3999.431396
403105.125;5861230;-3999.83374
403165.4375;5861230;-4000.269531
403225.7188;5861230;-4000.760498
403286.0313;5861230;-4001.326904
403346.3125;5861230;-4001.991455
403406.625;5861230;-4002.76001
403466.9375;5861230;-4003.620605
403527.2188;5861230;-4004.618408
403587.5313;5861230;-4005.704834
403647.8438;5861230;-4006.774414
403708.125;5861230;-4007.81665
403768.4375;5861230;-4008.754395
403828.7188;5861230;-4009.508301
403889.0313;5861230;-4010.085938
403949.3438;5861230;-4010.463135
404009.625;5861230;-4010.69043
404069.9375;5861230;-4011.000977
404130.25;5861230;-4021.662842
404190.5313;5861230;-4021.889648
404250.8438;5861230;-4021.921143
404311.125;5861230;-4021.883057
404371.4375;5861230;-4021.758545
404431.75;5861230;-4021.600342
404492.0313;5861230;-4021.565186
404552.3438;5861230;-4021.73999
404612.625;5861230;-4022.204834
404672.9375;5861230;-4023.365234
404733.25;5861230;-4026.192383
404793.5313;5861230;-4029.781738
404853.8438;5861230;-4031.744629
404914.1563;5861230;-4031.952148
404974.4375;5861230;-4022.037842
405034.75;5861230;-4024.258301
405095.0313;5861230;-4026.369873
405155.3438;5861230;-4028.421387
405215.6563;5861230;-4030.220459
405275.9375;5861230;-4031.820068
405336.25;5861230;-4033.040527
405396.5625;5861230;-4034.107422
405456.8438;5861230;-4035.052979
405517.1563;5861230;-4035.740967
405577.4375;5861230;-4036.384033
405637.75;5861230;-4037.019043
405698.0625;5861230;-4037.590332
405758.3438;5861230;-4038.18457
405818.6563;5861230;-4038.833252
405878.9688;5861230;-4039.511475
405939.25;5861230;-4040.277588
405999.5625;5861230;-4041.131592
406059.8438;5861230;-4042.049072
406120.1563;5861230;-4043.046387
406180.4688;5861230;-4044.106934
406240.75;5861230;-4045.20459
406301.0625;5861230;-4046.312256
406361.375;5861230;-4029.047119
406421.6563;5861230;-4029.154297
406481.9688;5861230;-4029.182861
406542.25;5861230;-4029.145508
406602.5625;5861230;-4029.158691
406662.875;5861230;-4029.336914
406723.1563;5861230;-4029.539551
406783.4688;5861230;-4029.958496
406843.7813;5861230;-4030.912598
406904.0625;5861230;-4032.1875
406964.375;5861230;-4033.876709
407024.6563;5861230;-4036.108643
407084.9688;5861230;-4038.435303
407145.2813;5861230;-4040.625732
407205.5625;5861230;-4042.508789
407265.875;5861230;-4043.989258
407326.1875;5861230;-4044.933105
407386.4688;5861230;-4045.362061
407446.7813;5861230;-4045.435059
407507.0625;5861230;-4045.201416
407567.375;5861230;-4044.717041
407627.6875;5861230;-4044.141113
407687.9688;5861230;-4043.556641
407748.2813;5861230;-4043.000488
407808.5938;5861230;-4042.530029
407868.875;5861230;-4042.15918
407929.1875;5861230;-4054.438232
407989.4688;5861230;-4053.790283
408049.7813;5861230;-4053.225586
408110.0938;5861230;-4052.724365
408170.375;5861230;-4052.271729
408230.6875;5861230;-4051.862305
408291;5861230;-4051.484375
408351.2813;5861230;-4051.119873
408411.5938;5861230;-4050.761719
408471.875;5861230;-4050.405762
408532.1875;5861230;-4050.04834
408592.5;5861230;-4049.689209
408652.7813;5861230;-4049.328369
408713.0938;5861230;-4048.967285
408773.4063;5861230;-4048.608643
408833.6875;5861230;-4048.255859
408894;5861230;-4047.911133
408954.2813;5861230;-4047.574951
409014.5938;5861230;-4047.253662
409074.9063;5861230;-4046.949707
409135.1875;5861230;-4046.661621
409195.5;5861230;-4046.392578
409255.8125;5861230;-4046.152344
409316.0938;5861230;-4045.929932
409376.4063;5861230;-4045.725098
401356.4063;5861291;-3990.452881
401416.6875;5861291;-3990.568604
401477;5861291;-3990.710449
401537.3125;5861291;-3990.880127
401597.5938;5861291;-3991.081787
401657.9063;5861291;-3991.311523
401718.2188;5861291;-3991.567139
401778.5;5861291;-3991.845947
401838.8125;5861291;-3992.151855
401899.0938;5861291;-3992.477783
401959.4063;5861291;-3992.821045
402019.7188;5861291;-3993.182373
402080;5861291;-3993.55835
402140.3125;5861291;-3993.94043
402200.625;5861291;-3994.326172
402260.9063;5861291;-3994.712646
402321.2188;5861291;-3995.094727
402381.5;5861291;-3995.470459
402441.8125;5861291;-3995.839355
402502.125;5861291;-3996.199463
402562.4063;5861291;-3996.547852
402622.7188;5861291;-3996.888184
402683.0313;5861291;-3997.220947
402743.3125;5861291;-3997.547119
402803.625;5861291;-3997.873291
402863.9063;5861291;-3998.202393
402924.2188;5861291;-3998.537354
402984.5313;5861291;-3998.890137
403044.8125;5861291;-3999.270508
403105.125;5861291;-3999.672363
403165.4375;5861291;-4000.10791
403225.7188;5861291;-4000.595215
403286.0313;5861291;-4001.146729
403346.3125;5861291;-4001.777588
403406.625;5861291;-4002.488525
403466.9375;5861291;-4003.26123
403527.2188;5861291;-4004.129883
403587.5313;5861291;-4005.057129
403647.8438;5861291;-4005.954102
403708.125;5861291;-4006.822021
403768.4375;5861291;-4007.608398
403828.7188;5861291;-4008.248779
403889.0313;5861291;-4008.75293
403949.3438;5861291;-4009.099854
404009.625;5861291;-4013.340576
404069.9375;5861291;-4019.689697
404130.25;5861291;-4020.141357
404190.5313;5861291;-4020.387695
404250.8438;5861291;-4020.46875
404311.125;5861291;-4020.502686
404371.4375;5861291;-4020.47583
404431.75;5861291;-4020.439697
404492.0313;5861291;-4020.531006
404552.3438;5861291;-4020.831787
404612.625;5861291;-4021.477051
404672.9375;5861291;-4022.838135
404733.25;5861291;-4025.415039
404793.5313;5861291;-4028.274414
404853.8438;5861291;-4029.641357
404914.1563;5861291;-4017.617432
404974.4375;5861291;-4020.187988
405034.75;5861291;-4023.020996
405095.0313;5861291;-4025.629883
405155.3438;5861291;-4027.960693
405215.6563;5861291;-4029.875732
405275.9375;5861291;-4031.498535
405336.25;5861291;-4032.672363
405396.5625;5861291;-4033.646484
405456.8438;5861291;-4034.473145
405517.1563;5861291;-4035.037109
405577.4375;5861291;-4035.580811
405637.75;5861291;-4036.146484
405698.0625;5861291;-4036.663818
405758.3438;5861291;-4037.218018
405818.6563;5861291;-4037.840332
405878.9688;5861291;-4038.515625
405939.25;5861291;-4039.300049
405999.5625;5861291;-4040.187012
406059.8438;5861291;-4041.156494
406120.1563;5861291;-4042.215576
406180.4688;5861291;-4043.331055
406240.75;5861291;-4044.478271
406301.0625;5861291;-4045.619385
406361.375;5861291;-4046.698486
406421.6563;5861291;-4027.307373
406481.9688;5861291;-4027.150879
406542.25;5861291;-4026.885254
406602.5625;5861291;-4026.631348
406662.875;5861291;-4026.549072
406723.1563;5861291;-4026.496582
406783.4688;5861291;-4026.691895
406843.7813;5861291;-4027.472168
406904.0625;5861291;-4028.581299
406964.375;5861291;-4030.183838
407024.6563;5861291;-4032.430908
407084.9688;5861291;-4034.753662
407145.2813;5861291;-4036.927246
407205.5625;5861291;-4038.801514
407265.875;5861291;-4040.327637
407326.1875;5861291;-4041.391357
407386.4688;5861291;-4041.981445
407446.7813;5861291;-4042.25415
407507.0625;5861291;-4042.244385
407567.375;5861291;-4041.982178
407627.6875;5861291;-4041.610352
407687.9688;5861291;-4041.205078
407748.2813;5861291;-4040.796631
407808.5938;5861291;-4040.435547
407868.875;5861291;-4053.550537
407929.1875;5861291;-4052.843018
407989.4688;5861291;-4052.195313
408049.7813;5861291;-4051.617676
408110.0938;5861291;-4051.093994
408170.375;5861291;-4050.614258
408230.6875;5861291;-4050.173828
408291;5861291;-4049.763184
408351.2813;5861291;-4049.366211
408411.5938;5861291;-4048.976563
408471.875;5861291;-4048.592529
408532.1875;5861291;-4048.211182
408592.5;5861291;-4047.831055
408652.7813;5861291;-4047.452881
408713.0938;5861291;-4047.077637
408773.4063;5861291;-4046.708008
408833.6875;5861291;-4046.347412
408894;5861291;-4045.996826
408954.2813;5861291;-4045.656738
409014.5938;5861291;-4045.332764
409074.9063;5861291;-4045.027832
409135.1875;5861291;-4044.738525
409195.5;5861291;-4044.468506
409255.8125;5861291;-4044.227295
409316.0938;5861291;-4044.003174
409376.4063;5861291;-4043.795654
401356.4063;5861351.5;-3991.300293
401416.6875;5861351.5;-3991.393311
401477;5861351.5;-3991.511719
401537.3125;5861351.5;-3991.65625
401597.5938;5861351.5;-3991.828857
401657.9063;5861351.5;-3992.026855
401718.2188;5861351.5;-3992.246338
401778.5;5861351.5;-3992.486328
401838.8125;5861351.5;-3992.748047
401899.0938;5861351.5;-3993.026855
401959.4063;5861351.5;-3993.319824
402019.7188;5861351.5;-3993.627441
402080;5861351.5;-3993.947021
402140.3125;5861351.5;-3994.271484
402200.625;5861351.5;-3994.598633
402260.9063;5861351.5;-3994.926758
402321.2188;5861351.5;-3995.25293
402381.5;5861351.5;-3995.574951
402441.8125;5861351.5;-3995.893555
402502.125;5861351.5;-3996.206055
402562.4063;5861351.5;-3996.513184
402622.7188;5861351.5;-3996.817139
402683.0313;5861351.5;-3997.118896
402743.3125;5861351.5;-3997.419434
402803.625;5861351.5;-3997.723877
402863.9063;5861351.5;-3998.034912
402924.2188;5861351.5;-3998.354492
402984.5313;5861351.5;-3998.694336
403044.8125;5861351.5;-3999.063721
403105.125;5861351.5;-3999.45459
403165.4375;5861351.5;-3999.878174
403225.7188;5861351.5;-4000.347412
403286.0313;5861351.5;-4000.871826
403346.3125;5861351.5;-4001.459229
403406.625;5861351.5;-4002.108398
403466.9375;5861351.5;-4002.799072
403527.2188;5861351.5;-4003.557129
403587.5313;5861351.5;-4004.353516
403647.8438;5861351.5;-4005.11499
403708.125;5861351.5;-4005.848145
403768.4375;5861351.5;-4006.515625
403828.7188;5861351.5;-4007.067871
403889.0313;5861351.5;-4007.513916
403949.3438;5861351.5;-4010.442139
404009.625;5861351.5;-4017.599365
404069.9375;5861351.5;-4018.108398
404130.25;5861351.5;-4018.551514
404190.5313;5861351.5;-4018.821777
404250.8438;5861351.5;-4018.966553
404311.125;5861351.5;-4019.093506
404371.4375;5861351.5;-4019.19043
404431.75;5861351.5;-4019.311279
404492.0313;5861351.5;-4019.580322
404552.3438;5861351.5;-4020.048096
404612.625;5861351.5;-4020.807129
404672.9375;5861351.5;-4022.092285
404733.25;5861351.5;-4023.963867
404793.5313;5861351.5;-4025.777588
404853.8438;5861351.5;-4021.467041
404914.1563;5861351.5;-4015.802734
404974.4375;5861351.5;-4018.812256
405034.75;5861351.5;-4022.105225
405095.0313;5861351.5;-4025.08374
405155.3438;5861351.5;-4027.558838
405215.6563;5861351.5;-4029.524902
405275.9375;5861351.5;-4031.165039
405336.25;5861351.5;-4032.318604
405396.5625;5861351.5;-4033.195068
405456.8438;5861351.5;-4033.862793
405517.1563;5861351.5;-4034.273682
405577.4375;5861351.5;-4034.697998
405637.75;5861351.5;-4035.186035
405698.0625;5861351.5;-4035.651611
405758.3438;5861351.5;-4036.167236
405818.6563;5861351.5;-4036.764404
405878.9688;5861351.5;-4037.436035
405939.25;5861351.5;-4038.238281
405999.5625;5861351.5;-4039.157715
406059.8438;5861351.5;-4040.178955
406120.1563;5861351.5;-4041.29834
406180.4688;5861351.5;-4042.467773
406240.75;5861351.5;-4043.671143
406301.0625;5861351.5;-4044.863281
406361.375;5861351.5;-4045.971191
406421.6563;5861351.5;-4046.976318
406481.9688;5861351.5;-4025.116699
406542.25;5861351.5;-4024.615967
406602.5625;5861351.5;-4024.072266
406662.875;5861351.5;-4023.721436
406723.1563;5861351.5;-4023.455811
406783.4688;5861351.5;-4023.542969
406843.7813;5861351.5;-4024.343506
406904.0625;5861351.5;-4025.457764
406964.375;5861351.5;-4027.027344
407024.6563;5861351.5;-4029.240967
407084.9688;5861351.5;-4031.501465
407145.2813;5861351.5;-4033.610107
407205.5625;5861351.5;-4035.424561
407265.875;5861351.5;-4036.938232
407326.1875;5861351.5;-4038.055908
407386.4688;5861351.5;-4038.733887
407446.7813;5861351.5;-4039.134033
407507.0625;5861351.5;-4039.280518
407567.375;5861351.5;-4039.185303
407627.6875;5861351.5;-4038.975098
407687.9688;5861351.5;-4038.718506
407748.2813;5861351.5;-4038.440674
407808.5938;5861351.5;-4052.515381
407868.875;5861351.5;-4051.793945
407929.1875;5861351.5;-4051.109863
407989.4688;5861351.5;-4050.472412
408049.7813;5861351.5;-4049.892578
408110.0938;5861351.5;-4049.358154
408170.375;5861351.5;-4048.861084
408230.6875;5861351.5;-4048.399414
408291;5861351.5;-4047.965332
408351.2813;5861351.5;-4047.544434
408411.5938;5861351.5;-4047.132324
408471.875;5861351.5;-4046.727783
408532.1875;5861351.5;-4046.329102
408592.5;5861351.5;-4045.935547
408652.7813;5861351.5;-4045.545654
408713.0938;5861351.5;-4045.161377
408773.4063;5861351.5;-4044.786377
408833.6875;5861351.5;-4044.421631
408894;5861351.5;-4044.06958
408954.2813;5861351.5;-4043.728271
409014.5938;5861351.5;-4043.404785
409074.9063;5861351.5;-4043.101074
409135.1875;5861351.5;-4042.813477
409195.5;5861351.5;-4042.542969
409255.8125;5861351.5;-4042.302246
409316.0938;5861351.5;-4042.078369
409376.4063;5861351.5;-4041.869385
401356.4063;5861412;-3992.108398
401416.6875;5861412;-3992.178955
401477;5861412;-3992.274414
401537.3125;5861412;-3992.394043
401597.5938;5861412;-3992.53833
401657.9063;5861412;-3992.704346
401718.2188;5861412;-3992.889648
401778.5;5861412;-3993.091553
401838.8125;5861412;-3993.312012
401899.0938;5861412;-3993.545654
401959.4063;5861412;-3993.791016
402019.7188;5861412;-3994.04834
402080;5861412;-3994.31543
402140.3125;5861412;-3994.585938
402200.625;5861412;-3994.858643
402260.9063;5861412;-3995.132813
402321.2188;5861412;-3995.405762
402381.5;5861412;-3995.676758
402441.8125;5861412;-3995.945557
402502.125;5861412;-3996.212158
402562.4063;5861412;-3996.477295
402622.7188;5861412;-3996.743164
402683.0313;5861412;-3997.010742
402743.3125;5861412;-3997.281738
402803.625;5861412;-3997.560059
402863.9063;5861412;-3997.847656
402924.2188;5861412;-3998.145752
402984.5313;5861412;-3998.466064
403044.8125;5861412;-3998.816162
403105.125;5861412;-3999.187256
403165.4375;5861412;-3999.588379
403225.7188;5861412;-4000.030762
403286.0313;5861412;-4000.518311
403346.3125;5861412;-4001.056396
403406.625;5861412;-4001.641602
403466.9375;5861412;-4002.253174
403527.2188;5861412;-4002.912598
403587.5313;5861412;-4003.595459
403647.8438;5861412;-4004.242676
403708.125;5861412;-4004.863281
403768.4375;5861412;-4005.430176
403828.7188;5861412;-4005.906738
403889.0313;5861412;-4006.300293
403949.3438;5861412;-4015.506592
404009.625;5861412;-4016.064209
404069.9375;5861412;-4016.543457
404130.25;5861412;-4016.973633
404190.5313;5861412;-4017.266602
404250.8438;5861412;-4017.474121
404311.125;5861412;-4017.691406
404371.4375;5861412;-4017.909912
404431.75;5861412;-4018.18335
404492.0313;5861412;-4018.626465
404552.3438;5861412;-4019.261963
404612.625;5861412;-4020.131104
404672.9375;5861412;-4021.354492
404733.25;5861412;-4022.840576
404793.5313;5861412;-4024.166748
404853.8438;5861412;-4012.513916
404914.1563;5861412;-4014.686768
404974.4375;5861412;-4017.760498
405034.75;5861412;-4021.088379
405095.0313;5861412;-4024.11792
405155.3438;5861412;-4026.656982
405215.6563;5861412;-4028.696777
405275.9375;5861412;-4030.418701
405336.25;5861412;-4031.64209
405396.5625;5861412;-4032.477783
405456.8438;5861412;-4032.999512
405517.1563;5861412;-4033.273438
405577.4375;5861412;-4033.5979
405637.75;5861412;-4034.028564
405698.0625;5861412;-4034.460449
405758.3438;5861412;-4034.95166
405818.6563;5861412;-4035.531738
405878.9688;5861412;-4036.204102
405939.25;5861412;-4037.025635
405999.5625;5861412;-4037.979248
406059.8438;5861412;-4039.053955
406120.1563;5861412;-4040.236572
406180.4688;5861412;-4041.468994
406240.75;5861412;-4042.750244
406301.0625;5861412;-4044.032471
406361.375;5861412;-4045.234375
406421.6563;5861412;-4046.330811
406481.9688;5861412;-4047.253174
406542.25;5861412;-4022.519531
406602.5625;5861412;-4021.647461
406662.875;5861412;-4020.961914
406723.1563;5861412;-4020.442383
406783.4688;5861412;-4020.471924
406843.7813;5861412;-4021.464111
406904.0625;5861412;-4022.791504
406964.375;5861412;-4024.421631
407024.6563;5861412;-4026.515381
407084.9688;5861412;-4028.635986
407145.2813;5861412;-4030.624023
407205.5625;5861412;-4032.322998
407265.875;5861412;-4033.768799
407326.1875;5861412;-4034.884277
407386.4688;5861412;-4035.594727
407446.7813;5861412;-4036.067871
407507.0625;5861412;-4036.320801
407567.375;5861412;-4036.351318
407627.6875;5861412;-4036.27002
407687.9688;5861412;-4036.137695
407748.2813;5861412;-4051.304443
407808.5938;5861412;-4050.591797
407868.875;5861412;-4049.9104
407929.1875;5861412;-4049.252197
407989.4688;5861412;-4048.62915
408049.7813;5861412;-4048.054199
408110.0938;5861412;-4047.515625
408170.375;5861412;-4047.008545
408230.6875;5861412;-4046.534668
408291;5861412;-4046.084229
408351.2813;5861412;-4045.647217
408411.5938;5861412;-4045.219727
408471.875;5861412;-4044.801025
408532.1875;5861412;-4044.39209
408592.5;5861412;-4043.989258
408652.7813;5861412;-4043.593262
408713.0938;5861412;-4043.205078
408773.4063;5861412;-4042.826904
408833.6875;5861412;-4042.46167
408894;5861412;-4042.111328
408954.2813;5861412;-4041.772217
409014.5938;5861412;-4041.450195
409074.9063;5861412;-4041.149902
409135.1875;5861412;-4040.864258
409195.5;5861412;-4040.595703
409255.8125;5861412;-4040.356445
409316.0938;5861412;-4040.132324
409376.4063;5861412;-4039.922607
401356.4063;5861472.5;-3992.884766
401416.6875;5861472.5;-3992.934326
401477;5861472.5;-3993.00708
401537.3125;5861472.5;-3993.101807
401597.5938;5861472.5;-3993.218262
401657.9063;5861472.5;-3993.353516
401718.2188;5861472.5;-3993.504883
401778.5;5861472.5;-3993.669678
401838.8125;5861472.5;-3993.849854
401899.0938;5861472.5;-3994.040771
401959.4063;5861472.5;-3994.240967
402019.7188;5861472.5;-3994.450195
402080;5861472.5;-3994.666748
402140.3125;5861472.5;-3994.885986
402200.625;5861472.5;-3995.107422
402260.9063;5861472.5;-3995.329834
402321.2188;5861472.5;-3995.552002
402381.5;5861472.5;-3995.773438
402441.8125;5861472.5;-3995.994385
402502.125;5861472.5;-3996.215088
402562.4063;5861472.5;-3996.437744
402622.7188;5861472.5;-3996.664551
402683.0313;5861472.5;-3996.89624
402743.3125;5861472.5;-3997.134277
402803.625;5861472.5;-3997.382813
402863.9063;5861472.5;-3997.642822
402924.2188;5861472.5;-3997.914795
402984.5313;5861472.5;-3998.210449
403044.8125;5861472.5;-3998.535645
403105.125;5861472.5;-3998.880615
403165.4375;5861472.5;-3999.253174
403225.7188;5861472.5;-3999.661377
403286.0313;5861472.5;-4000.106934
403346.3125;5861472.5;-4000.592041
403406.625;5861472.5;-4001.112549
403466.9375;5861472.5;-4001.648926
403527.2188;5861472.5;-4002.216553
403587.5313;5861472.5;-4002.797363
403647.8438;5861472.5;-4003.344727
403708.125;5861472.5;-4003.865723
403768.4375;5861472.5;-4004.343506
403828.7188;5861472.5;-4004.752197
403889.0313;5861472.5;-4013.420654
403949.3438;5861472.5;-4014.031738
404009.625;5861472.5;-4014.5354
404069.9375;5861472.5;-4014.979736
404130.25;5861472.5;-4015.391602
404190.5313;5861472.5;-4015.70166
404250.8438;5861472.5;-4015.961914
404311.125;5861472.5;-4016.256592
404371.4375;5861472.5;-4016.57666
404431.75;5861472.5;-4016.97583
404492.0313;5861472.5;-4017.556885
404552.3438;5861472.5;-4018.322021
404612.625;5861472.5;-4019.282715
404672.9375;5861472.5;-4020.493896
404733.25;5861472.5;-4021.832764
404793.5313;5861472.5;-4017.887695
404853.8438;5861472.5;-4011.633057
404914.1563;5861472.5;-4013.845947
404974.4375;5861472.5;-4016.742432
405034.75;5861472.5;-4019.77417
405095.0313;5861472.5;-4022.632813
405155.3438;5861472.5;-4025.204102
405215.6563;5861472.5;-4027.325928
405275.9375;5861472.5;-4029.160889
405336.25;5861472.5;-4030.510498
405396.5625;5861472.5;-4031.358154
405456.8438;5861472.5;-4031.779297
405517.1563;5861472.5;-4031.974121
405577.4375;5861472.5;-4032.255127
405637.75;5861472.5;-4032.666992
405698.0625;5861472.5;-4033.089355
405758.3438;5861472.5;-4033.569824
405818.6563;5861472.5;-4034.140137
405878.9688;5861472.5;-4034.815186
405939.25;5861472.5;-4035.656006
405999.5625;5861472.5;-4036.642578
406059.8438;5861472.5;-4037.769531
406120.1563;5861472.5;-4039.018066
406180.4688;5861472.5;-4040.329102
406240.75;5861472.5;-4041.723145
406301.0625;5861472.5;-4043.159912
406361.375;5861472.5;-4044.560547
406421.6563;5861472.5;-4045.874756
406481.9688;5861472.5;-4046.952393
406542.25;5861472.5;-4047.547852
406602.5625;5861472.5;-4019.543457
406662.875;5861472.5;-4018.375977
406723.1563;5861472.5;-4017.464844
406783.4688;5861472.5;-4017.389648
406843.7813;5861472.5;-4018.643799
406904.0625;5861472.5;-4020.262451
406964.375;5861472.5;-4022.023193
407024.6563;5861472.5;-4024.081543
407084.9688;5861472.5;-4026.04126
407145.2813;5861472.5;-4027.862061
407205.5625;5861472.5;-4029.410156
407265.875;5861472.5;-4030.750244
407326.1875;5861472.5;-4031.825195
407386.4688;5861472.5;-4032.530518
407446.7813;5861472.5;-4033.04126
407507.0625;5861472.5;-4033.366699
407567.375;5861472.5;-4033.493408
407627.6875;5861472.5;-4033.517334
407687.9688;5861472.5;-4049.894043
407748.2813;5861472.5;-4049.239502
407808.5938;5861472.5;-4048.576172
407868.875;5861472.5;-4047.932617
407929.1875;5861472.5;-4047.300781
407989.4688;5861472.5;-4046.69458
408049.7813;5861472.5;-4046.128906
408110.0938;5861472.5;-4045.59082
408170.375;5861472.5;-4045.079834
408230.6875;5861472.5;-4044.598145
408291;5861472.5;-4044.138428
408351.2813;5861472.5;-4043.690918
408411.5938;5861472.5;-4043.253662
408471.875;5861472.5;-4042.82666
408532.1875;5861472.5;-4042.411133
408592.5;5861472.5;-4042.004395
408652.7813;5861472.5;-4041.605225
408713.0938;5861472.5;-4041.216553
408773.4063;5861472.5;-4040.839844
408833.6875;5861472.5;-4040.476318
408894;5861472.5;-4040.129395
408954.2813;5861472.5;-4039.793945
409014.5938;5861472.5;-4039.47583
409074.9063;5861472.5;-4039.179443
409135.1875;5861472.5;-4038.896973
409195.5;5861472.5;-4038.631348
409255.8125;5861472.5;-4038.393799
409316.0938;5861472.5;-4038.17041
409376.4063;5861472.5;-4037.960205
401356.4063;5861533.5;-3993.623779
401416.6875;5861533.5;-3993.652344
401477;5861533.5;-3993.702881
401537.3125;5861533.5;-3993.773193
401597.5938;5861533.5;-3993.862305
401657.9063;5861533.5;-3993.966797
401718.2188;5861533.5;-3994.084717
401778.5;5861533.5;-3994.213379
401838.8125;5861533.5;-3994.354736
401899.0938;5861533.5;-3994.50415
401959.4063;5861533.5;-3994.6604
402019.7188;5861533.5;-3994.823486
402080;5861533.5;-3994.991943
402140.3125;5861533.5;-3995.162354
402200.625;5861533.5;-3995.334229
402260.9063;5861533.5;-3995.50708
402321.2188;5861533.5;-3995.680908
402381.5;5861533.5;-3995.854492
402441.8125;5861533.5;-3996.028809
402502.125;5861533.5;-3996.20459
402562.4063;5861533.5;-3996.384766
402622.7188;5861533.5;-3996.571289
402683.0313;5861533.5;-3996.764893
402743.3125;5861533.5;-3996.968018
402803.625;5861533.5;-3997.18335
402863.9063;5861533.5;-3997.411377
402924.2188;5861533.5;-3997.654297
402984.5313;5861533.5;-3997.920166
403044.8125;5861533.5;-3998.215088
403105.125;5861533.5;-3998.528809
403165.4375;5861533.5;-3998.86792
403225.7188;5861533.5;-3999.237061
403286.0313;5861533.5;-3999.636719
403346.3125;5861533.5;-4000.06665
403406.625;5861533.5;-4000.522705
403466.9375;5861533.5;-4000.986328
403527.2188;5861533.5;-4001.468994
403587.5313;5861533.5;-4001.957031
403647.8438;5861533.5;-4002.412109
403708.125;5861533.5;-4002.843262
403768.4375;5861533.5;-4003.23877
403828.7188;5861533.5;-4004.922119
403889.0313;5861533.5;-4005.344238
403949.3438;5861533.5;-4012.51709
404009.625;5861533.5;-4012.970947
404069.9375;5861533.5;-4013.384766
404130.25;5861533.5;-4013.781738
404190.5313;5861533.5;-4014.109619
404250.8438;5861533.5;-4014.419678
404311.125;5861533.5;-4014.782227
404371.4375;5861533.5;-4015.185791
404431.75;5861533.5;-4015.681152
404492.0313;5861533.5;-4016.359863
404552.3438;5861533.5;-4017.204834
404612.625;5861533.5;-4018.211426
404672.9375;5861533.5;-4019.41626
404733.25;5861533.5;-4020.691895
404793.5313;5861533.5;-4008.86377
404853.8438;5861533.5;-4010.791016
404914.1563;5861533.5;-4012.964355
404974.4375;5861533.5;-4015.627686
405034.75;5861533.5;-4018.330566
405095.0313;5861533.5;-4020.940186
405155.3438;5861533.5;-4023.410156
405215.6563;5861533.5;-4025.515869
405275.9375;5861533.5;-4027.365967
405336.25;5861533.5;-4028.751953
405396.5625;5861533.5;-4029.639648
405456.8438;5861533.5;-4030.106201
405517.1563;5861533.5;-4030.349609
405577.4375;5861533.5;-4030.670654
405637.75;5861533.5;-4031.109619
405698.0625;5861533.5;-4031.54541
405758.3438;5861533.5;-4032.022705
405818.6563;5861533.5;-4032.579102
405878.9688;5861533.5;-4033.246582
405939.25;5861533.5;-4034.093994
405999.5625;5861533.5;-4035.101563
406059.8438;5861533.5;-4036.269043
406120.1563;5861533.5;-4037.577393
406180.4688;5861533.5;-4038.980469
406240.75;5861533.5;-4040.540771
406301.0625;5861533.5;-4042.236572
406361.375;5861533.5;-4043.998535
406421.6563;5861533.5;-4045.732666
406481.9688;5861533.5;-4047.161377
406542.25;5861533.5;-4047.864258
406602.5625;5861533.5;-4018.20166
406662.875;5861533.5;-4016.392578
406723.1563;5861533.5;-4014.879639
406783.4688;5861533.5;-4014.564941
406843.7813;5861533.5;-4016.053955
406904.0625;5861533.5;-4017.988281
406964.375;5861533.5;-4019.905762
407024.6563;5861533.5;-4021.93457
407084.9688;5861533.5;-4023.731445
407145.2813;5861533.5;-4025.334473
407205.5625;5861533.5;-4026.676514
407265.875;5861533.5;-4027.865967
407326.1875;5861533.5;-4028.862793
407386.4688;5861533.5;-4029.540283
407446.7813;5861533.5;-4030.064697
407507.0625;5861533.5;-4030.439697
407567.375;5861533.5;-4030.641846
407627.6875;5861533.5;-4048.199219
407687.9688;5861533.5;-4047.657959
407748.2813;5861533.5;-4047.056885
407808.5938;5861533.5;-4046.439941
407868.875;5861533.5;-4045.835205
407929.1875;5861533.5;-4045.231689
407989.4688;5861533.5;-4044.64624
408049.7813;5861533.5;-4044.094971
408110.0938;5861533.5;-4043.56543
408170.375;5861533.5;-4043.058594
408230.6875;5861533.5;-4042.578125
408291;5861533.5;-4042.118164
408351.2813;5861533.5;-4041.669189
408411.5938;5861533.5;-4041.231201
408471.875;5861533.5;-4040.804443
408532.1875;5861533.5;-4040.390625
408592.5;5861533.5;-4039.986328
408652.7813;5861533.5;-4039.591797
408713.0938;5861533.5;-4039.20874
408773.4063;5861533.5;-4038.838623
408833.6875;5861533.5;-4038.482422
408894;5861533.5;-4038.143555
408954.2813;5861533.5;-4037.816406
409014.5938;5861533.5;-4037.506104
409074.9063;5861533.5;-4037.216553
409135.1875;5861533.5;-4036.940674
409195.5;5861533.5;-4036.681396
409255.8125;5861533.5;-4036.447998
409316.0938;5861533.5;-4036.227051
409376.4063;5861533.5;-4036.018799
401356.4063;5861594;-3994.320068
401416.6875;5861594;-3994.328857
401477;5861594;-3994.357422
401537.3125;5861594;-3994.404053
401597.5938;5861594;-3994.466064
401657.9063;5861594;-3994.541016
401718.2188;5861594;-3994.626709
401778.5;5861594;-3994.721191
401838.8125;5861594;-3994.824951
401899.0938;5861594;-3994.934082
401959.4063;5861594;-3995.049316
402019.7188;5861594;-3995.169434
402080;5861594;-3995.292236
402140.3125;5861594;-3995.416992
402200.625;5861594;-3995.54248
402260.9063;5861594;-3995.668213
402321.2188;5861594;-3995.79541
402381.5;5861594;-3995.92334
402441.8125;5861594;-3996.052246
402502.125;5861594;-3996.18457
402562.4063;5861594;-3996.32251
402622.7188;5861594;-3996.467285
402683.0313;5861594;-3996.62207
402743.3125;5861594;-3996.786621
402803.625;5861594;-3996.965576
402863.9063;5861594;-3997.157471
402924.2188;5861594;-3997.365479
402984.5313;5861594;-3997.596191
403044.8125;5861594;-3997.854492
403105.125;5861594;-3998.130615
403165.4375;5861594;-3998.428711
403225.7188;5861594;-3998.753418
403286.0313;5861594;-3999.102539
403346.3125;5861594;-3999.475098
403406.625;5861594;-3999.866699
403466.9375;5861594;-4000.260254
403527.2188;5861594;-4000.664063
403587.5313;5861594;-4001.067871
403647.8438;5861594;-4001.441895
403708.125;5861594;-4001.793457
403768.4375;5861594;-4003.238281
403828.7188;5861594;-4003.620361
403889.0313;5861594;-4003.96875
403949.3438;5861594;-4004.279053
404009.625;5861594;-4011.389648
404069.9375;5861594;-4011.763672
404130.25;5861594;-4012.134033
404190.5313;5861594;-4012.464355
404250.8438;5861594;-4012.802979
404311.125;5861594;-4013.204346
404371.4375;5861594;-4013.65332
404431.75;5861594;-4014.196045
404492.0313;5861594;-4014.912354
404552.3438;5861594;-4015.771973
404612.625;5861594;-4016.762939
404672.9375;5861594;-4017.928711
404733.25;5861594;-4007.586182
404793.5313;5861594;-4007.554443
404853.8438;5861594;-4009.450684
404914.1563;5861594;-4011.530762
404974.4375;5861594;-4013.983887
405034.75;5861594;-4016.430908
405095.0313;5861594;-4018.807129
405155.3438;5861594;-4021.110352
405215.6563;5861594;-4023.117676
405275.9375;5861594;-4024.881836
405336.25;5861594;-4026.188477
405396.5625;5861594;-4027.131592
405456.8438;5861594;-4027.784912
405517.1563;5861594;-4028.200195
405577.4375;5861594;-4028.643066
405637.75;5861594;-4029.160889
405698.0625;5861594;-4029.644287
405758.3438;5861594;-4030.135498
405818.6563;5861594;-4030.683105
405878.9688;5861594;-4031.344482
405939.25;5861594;-4032.200439
405999.5625;5861594;-4033.230957
406059.8438;5861594;-4034.44458
406120.1563;5861594;-4035.827637
406180.4688;5861594;-4037.363525
406240.75;5861594;-4039.179443
406301.0625;5861594;-4041.287842
406361.375;5861594;-4043.645752
406421.6563;5861594;-4046.100098
406481.9688;5861594;-4048.220215
406542.25;5861594;-4049.378418
406602.5625;5861594;-4048.641846
406662.875;5861594;-4015.7229
406723.1563;5861594;-4013.436279
406783.4688;5861594;-4012.693115
406843.7813;5861594;-4014.160156
406904.0625;5861594;-4016.205322
406964.375;5861594;-4018.151123
407024.6563;5861594;-4020.067871
407084.9688;5861594;-4021.64624
407145.2813;5861594;-4023.007568
407205.5625;5861594;-4024.126465
407265.875;5861594;-4025.137695
407326.1875;5861594;-4026.009521
407386.4688;5861594;-4026.617188
407446.7813;5861594;-4027.114746
407507.0625;5861594;-4027.505371
407567.375;5861594;-4046.300293
407627.6875;5861594;-4045.834229
407687.9688;5861594;-4045.333252
407748.2813;5861594;-4044.770996
407808.5938;5861594;-4044.192383
407868.875;5861594;-4043.622559
407929.1875;5861594;-4043.047119
407989.4688;5861594;-4042.484863
408049.7813;5861594;-4041.95166
408110.0938;5861594;-4041.436279
408170.375;5861594;-4040.940186
408230.6875;5861594;-4040.46875
408291;5861594;-4040.015625
408351.2813;5861594;-4039.572754
408411.5938;5861594;-4039.141357
408471.875;5861594;-4038.72168
408532.1875;5861594;-4038.31543
408592.5;5861594;-4037.920166
408652.7813;5861594;-4037.535156
408713.0938;5861594;-4037.162109
408773.4063;5861594;-4036.802246
408833.6875;5861594;-4036.457031
408894;5861594;-4036.128906
408954.2813;5861594;-4035.812012
409014.5938;5861594;-4035.511719
409074.9063;5861594;-4035.231934
409135.1875;5861594;-4034.964355
409195.5;5861594;-4034.711182
409255.8125;5861594;-4034.483398
409316.0938;5861594;-4034.266357
409376.4063;5861594;-4034.060303
401356.4063;5861654.5;-3994.97583
401416.6875;5861654.5;-3994.964844
401477;5861654.5;-3994.972412
401537.3125;5861654.5;-3994.995117
401597.5938;5861654.5;-3995.031494
401657.9063;5861654.5;-3995.077393
401718.2188;5861654.5;-3995.131592
401778.5;5861654.5;-3995.193115
401838.8125;5861654.5;-3995.260986
401899.0938;5861654.5;-3995.332275
401959.4063;5861654.5;-3995.408447
402019.7188;5861654.5;-3995.487061
402080;5861654.5;-3995.567383
402140.3125;5861654.5;-3995.648682
402200.625;5861654.5;-3995.730469
402260.9063;5861654.5;-3995.812012
402321.2188;5861654.5;-3995.894531
402381.5;5861654.5;-3995.978516
402441.8125;5861654.5;-3996.063721
402502.125;5861654.5;-3996.152588
402562.4063;5861654.5;-3996.248779
402622.7188;5861654.5;-3996.352539
402683.0313;5861654.5;-3996.46582
402743.3125;5861654.5;-3996.59082
402803.625;5861654.5;-3996.72998
402863.9063;5861654.5;-3996.883301
402924.2188;5861654.5;-3997.051758
402984.5313;5861654.5;-3997.242676
403044.8125;5861654.5;-3997.45874
403105.125;5861654.5;-3997.691895
403165.4375;5861654.5;-3997.944824
403225.7188;5861654.5;-3998.220215
403286.0313;5861654.5;-3998.515869
403346.3125;5861654.5;-3998.829102
403406.625;5861654.5;-3999.155762
403466.9375;5861654.5;-3999.482178
403527.2188;5861654.5;-3999.812988
403587.5313;5861654.5;-4000.139404
403647.8438;5861654.5;-4000.439697
403708.125;5861654.5;-4001.670898
403768.4375;5861654.5;-4002.001953
403828.7188;5861654.5;-4002.304688
403889.0313;5861654.5;-4002.581055
403949.3438;5861654.5;-4002.830078
404009.625;5861654.5;-4003.05249
404069.9375;5861654.5;-4010.108398
404130.25;5861654.5;-4010.438477
404190.5313;5861654.5;-4010.754639
404250.8438;5861654.5;-4011.099854
404311.125;5861654.5;-4011.512451
404371.4375;5861654.5;-4011.97583
404431.75;5861654.5;-4012.526611
404492.0313;5861654.5;-4013.235596
404552.3438;5861654.5;-4014.060059
404612.625;5861654.5;-4014.986816
404672.9375;5861654.5;-4016.06958
404733.25;5861654.5;-4004.022705
404793.5313;5861654.5;-4005.779541
404853.8438;5861654.5;-4007.593262
404914.1563;5861654.5;-4009.556152
404974.4375;5861654.5;-4011.834473
405034.75;5861654.5;-4014.084229
405095.0313;5861654.5;-4016.271484
405155.3438;5861654.5;-4018.417725
405215.6563;5861654.5;-4020.318604
405275.9375;5861654.5;-4021.997803
405336.25;5861654.5;-4023.244873
405396.5625;5861654.5;-4024.240234
405456.8438;5861654.5;-4025.045654
405517.1563;5861654.5;-4025.608643
405577.4375;5861654.5;-4026.164307
405637.75;5861654.5;-4026.753906
405698.0625;5861654.5;-4027.28125
405758.3438;5861654.5;-4027.800049
405818.6563;5861654.5;-4028.362793
405878.9688;5861654.5;-4029.032471
405939.25;5861654.5;-4029.904297
405999.5625;5861654.5;-4030.965332
406059.8438;5861654.5;-4032.231445
406120.1563;5861654.5;-4033.691162
406180.4688;5861654.5;-4035.372559
406240.75;5861654.5;-4037.481689
406301.0625;5861654.5;-4040.077148
406361.375;5861654.5;-4043.157715
406421.6563;5861654.5;-4046.542725
406481.9688;5861654.5;-4049.704346
406542.25;5861654.5;-4051.868408
406602.5625;5861654.5;-4051.718506
406662.875;5861654.5;-4049.037109
406723.1563;5861654.5;-4014.157959
406783.4688;5861654.5;-4012.854248
406843.7813;5861654.5;-4013.787109
406904.0625;5861654.5;-4015.376221
406964.375;5861654.5;-4016.940674
407024.6563;5861654.5;-4018.507813
407084.9688;5861654.5;-4019.753662
407145.2813;5861654.5;-4020.818604
407205.5625;5861654.5;-4021.689697
407265.875;5861654.5;-4022.501953
407326.1875;5861654.5;-4023.23999
407386.4688;5861654.5;-4023.756836
407446.7813;5861654.5;-4024.200928
407507.0625;5861654.5;-4044.262695
407567.375;5861654.5;-4043.852295
407627.6875;5861654.5;-4043.397705
407687.9688;5861654.5;-4042.919678
407748.2813;5861654.5;-4042.385498
407808.5938;5861654.5;-4041.838623
407868.875;5861654.5;-4041.301514
407929.1875;5861654.5;-4040.754395
407989.4688;5861654.5;-4040.217773
408049.7813;5861654.5;-4039.707764
408110.0938;5861654.5;-4039.211914
408170.375;5861654.5;-4038.732666
408230.6875;5861654.5;-4038.2771
408291;5861654.5;-4037.837891
408351.2813;5861654.5;-4037.407959
408411.5938;5861654.5;-4036.98999
408471.875;5861654.5;-4036.58374
408532.1875;5861654.5;-4036.190674
408592.5;5861654.5;-4035.809082
408652.7813;5861654.5;-4035.438477
408713.0938;5861654.5;-4035.079834
408773.4063;5861654.5;-4034.734131
408833.6875;5861654.5;-4034.402832
408894;5861654.5;-4034.088623
408954.2813;5861654.5;-4033.784668
409014.5938;5861654.5;-4033.495361
409074.9063;5861654.5;-4033.227051
409135.1875;5861654.5;-4032.96875
409195.5;5861654.5;-4032.723145
409255.8125;5861654.5;-4032.501953
409316.0938;5861654.5;-4032.289795
409376.4063;5861654.5;-4032.08667
401356.4063;5861715;-3995.596924
401416.6875;5861715;-3995.567139
401477;5861715;-3995.553955
401537.3125;5861715;-3995.553711
401597.5938;5861715;-3995.563232
401657.9063;5861715;-3995.581055
401718.2188;5861715;-3995.60498
401778.5;5861715;-3995.633301
401838.8125;5861715;-3995.66626
401899.0938;5861715;-3995.700928
401959.4063;5861715;-3995.738281
402019.7188;5861715;-3995.7771
402080;5861715;-3995.815918
402140.3125;5861715;-3995.855225
402200.625;5861715;-3995.894775
402260.9063;5861715;-3995.933594
402321.2188;5861715;-3995.972412
402381.5;5861715;-3996.013428
402441.8125;5861715;-3996.056152
402502.125;5861715;-3996.102295
402562.4063;5861715;-3996.156494
402622.7188;5861715;-3996.218506
402683.0313;5861715;-3996.290527
402743.3125;5861715;-3996.374756
402803.625;5861715;-3996.4729
402863.9063;5861715;-3996.584229
402924.2188;5861715;-3996.712158
402984.5313;5861715;-3996.860352
403044.8125;5861715;-3997.032227
403105.125;5861715;-3997.220703
403165.4375;5861715;-3997.425537
403225.7188;5861715;-3997.650391
403286.0313;5861715;-3997.890137
403346.3125;5861715;-3998.144043
403406.625;5861715;-3998.406982
403466.9375;5861715;-3998.666504
403527.2188;5861715;-3998.925781
403587.5313;5861715;-3999.177979
403647.8438;5861715;-3999.406738
403708.125;5861715;-4000.498047
403768.4375;5861715;-4000.744629
403828.7188;5861715;-4000.968262
403889.0313;5861715;-4001.170654
403949.3438;5861715;-4001.353516
404009.625;5861715;-4001.518799
404069.9375;5861715;-4001.685791
404130.25;5861715;-4008.67627
404190.5313;5861715;-4008.958252
404250.8438;5861715;-4009.283691
404311.125;5861715;-4009.679932
404371.4375;5861715;-4010.128174
404431.75;5861715;-4010.658447
404492.0313;5861715;-4011.328857
404552.3438;5861715;-4012.092529
404612.625;5861715;-4012.933838
404672.9375;5861715;-4009.639893
404733.25;5861715;-4002.360352
404793.5313;5861715;-4004.008545
404853.8438;5861715;-4005.707031
404914.1563;5861715;-4007.528809
404974.4375;5861715;-4009.620605
405034.75;5861715;-4011.675781
405095.0313;5861715;-4013.675781
405155.3438;5861715;-4015.651123
405215.6563;5861715;-4017.423828
405275.9375;5861715;-4019.006592
405336.25;5861715;-4020.201904
405396.5625;5861715;-4021.218018
405456.8438;5861715;-4022.102783
405517.1563;5861715;-4022.757813
405577.4375;5861715;-4023.385254
405637.75;5861715;-4024.016113
405698.0625;5861715;-4024.568359
405758.3438;5861715;-4025.115967
405818.6563;5861715;-4025.707764
405878.9688;5861715;-4026.387695
405939.25;5861715;-4027.267578
405999.5625;5861715;-4028.346924
406059.8438;5861715;-4029.645264
406120.1563;5861715;-4031.139893
406180.4688;5861715;-4032.904785
406240.75;5861715;-4035.218262
406301.0625;5861715;-4038.181885
406361.375;5861715;-4041.843994
406421.6563;5861715;-4046.009277
406481.9688;5861715;-4050.142334
406542.25;5861715;-4053.604248
406602.5625;5861715;-4055.148438
406662.875;5861715;-4053.312012
406723.1563;5861715;-4017.636475
406783.4688;5861715;-4015.403564
406843.7813;5861715;-4015.135742
406904.0625;5861715;-4015.714355
406964.375;5861715;-4016.51709
407024.6563;5861715;-4017.479492
407084.9688;5861715;-4018.236816
407145.2813;5861715;-4018.898926
407205.5625;5861715;-4019.470947
407265.875;5861715;-4020.036133
407326.1875;5861715;-4020.575195
407386.4688;5861715;-4020.984619
407446.7813;5861715;-4021.352295
407507.0625;5861715;-4041.723145
407567.375;5861715;-4041.286865
407627.6875;5861715;-4040.833008
407687.9688;5861715;-4040.37207
407748.2813;5861715;-4039.862305
407808.5938;5861715;-4039.349365
407868.875;5861715;-4038.849121
407929.1875;5861715;-4038.336182
407989.4688;5861715;-4037.831787
408049.7813;5861715;-4037.352783
408110.0938;5861715;-4036.884277
408170.375;5861715;-4036.431152
408230.6875;5861715;-4036.000488
408291;5861715;-4035.584229
408351.2813;5861715;-4035.176758
408411.5938;5861715;-4034.780273
408471.875;5861715;-4034.395508
408532.1875;5861715;-4034.02417
408592.5;5861715;-4033.663818
408652.7813;5861715;-4033.313721
408713.0938;5861715;-4032.97583
408773.4063;5861715;-4032.650635
408833.6875;5861715;-4032.338867
408894;5861715;-4032.042969
408954.2813;5861715;-4031.756104
409014.5938;5861715;-4031.482666
409074.9063;5861715;-4031.22876
409135.1875;5861715;-4030.983398
409195.5;5861715;-4030.748535
409255.8125;5861715;-4030.536377
409316.0938;5861715;-4030.331787
409376.4063;5861715;-4030.134277
401356.4063;5861775.5;-3996.189941
401416.6875;5861775.5;-3996.142578
401477;5861775.5;-3996.108887
401537.3125;5861775.5;-3996.086182
401597.5938;5861775.5;-3996.070313
401657.9063;5861775.5;-3996.060059
401718.2188;5861775.5;-3996.053711
401778.5;5861775.5;-3996.050293
401838.8125;5861775.5;-3996.04834
401899.0938;5861775.5;-3996.047119
401959.4063;5861775.5;-3996.047363
402019.7188;5861775.5;-3996.047607
402080;5861775.5;-3996.045898
402140.3125;5861775.5;-3996.044189
402200.625;5861775.5;-3996.04248
402260.9063;5861775.5;-3996.039063
402321.2188;5861775.5;-3996.036377
402381.5;5861775.5;-3996.035645
402441.8125;5861775.5;-3996.035645
402502.125;5861775.5;-3996.040527
402562.4063;5861775.5;-3996.052734
402622.7188;5861775.5;-3996.073242
402683.0313;5861775.5;-3996.10376
402743.3125;5861775.5;-3996.146484
402803.625;5861775.5;-3996.202393
402863.9063;5861775.5;-3996.27124
402924.2188;5861775.5;-3996.356445
402984.5313;5861775.5;-3996.461182
403044.8125;5861775.5;-3996.587891
403105.125;5861775.5;-3996.72876
403165.4375;5861775.5;-3996.885254
403225.7188;5861775.5;-3997.057861
403286.0313;5861775.5;-3997.242432
403346.3125;5861775.5;-3997.436279
403406.625;5861775.5;-3997.635986
403466.9375;5861775.5;-3997.830566
403527.2188;5861775.5;-3998.02124
403587.5313;5861775.5;-3998.202637
403647.8438;5861775.5;-3999.129395
403708.125;5861775.5;-3999.31665
403768.4375;5861775.5;-3999.481934
403828.7188;5861775.5;-3999.626221
403889.0313;5861775.5;-3999.753662
403949.3438;5861775.5;-3999.866699
404009.625;5861775.5;-3999.970459
404069.9375;5861775.5;-4000.079346
404130.25;5861775.5;-4000.207031
404190.5313;5861775.5;-4007.111328
404250.8438;5861775.5;-4007.401123
404311.125;5861775.5;-4007.763428
404371.4375;5861775.5;-4008.179443
404431.75;5861775.5;-4008.672363
404492.0313;5861775.5;-4009.289307
404552.3438;5861775.5;-4009.978271
404612.625;5861775.5;-4010.722656
404672.9375;5861775.5;-4007.315674
404733.25;5861775.5;-4008.438232
404793.5313;5861775.5;-4002.081299
404853.8438;5861775.5;-4003.647217
404914.1563;5861775.5;-4005.317627
404974.4375;5861775.5;-4007.22583
405034.75;5861775.5;-4009.095703
405095.0313;5861775.5;-4010.917236
405155.3438;5861775.5;-4012.725098
405215.6563;5861775.5;-4014.369141
405275.9375;5861775.5;-4015.856689
405336.25;5861775.5;-4017.00293
405396.5625;5861775.5;-4018.018066
405456.8438;5861775.5;-4018.938965
405517.1563;5861775.5;-4019.647461
405577.4375;5861775.5;-4020.320313
405637.75;5861775.5;-4020.981201
405698.0625;5861775.5;-4021.557373
405758.3438;5861775.5;-4022.131348
405818.6563;5861775.5;-4022.745605
405878.9688;5861775.5;-4023.422119
405939.25;5861775.5;-4024.288574
405999.5625;5861775.5;-4025.365234
406059.8438;5861775.5;-4026.671143
406120.1563;5861775.5;-4028.156494
406180.4688;5861775.5;-4029.927246
406240.75;5861775.5;-4032.330566
406301.0625;5861775.5;-4035.489258
406361.375;5861775.5;-4039.460205
406421.6563;5861775.5;-4044.02832
406481.9688;5861775.5;-4048.737793
406542.25;5861775.5;-4053.372559
406602.5625;5861775.5;-4057.260498
406662.875;5861775.5;-4057.481445
406723.1563;5861775.5;-4054.461182
406783.4688;5861775.5;-4018.079346
406843.7813;5861775.5;-4016.582275
406904.0625;5861775.5;-4016.097412
406964.375;5861775.5;-4016.084717
407024.6563;5861775.5;-4016.413574
407084.9688;5861775.5;-4016.687744
407145.2813;5861775.5;-4016.964111
407205.5625;5861775.5;-4017.257568
407265.875;5861775.5;-4017.583984
407326.1875;5861775.5;-4017.921143
407386.4688;5861775.5;-4018.209961
407446.7813;5861775.5;-4039.595459
407507.0625;5861775.5;-4039.131348
407567.375;5861775.5;-4038.656494
407627.6875;5861775.5;-4038.19458
407687.9688;5861775.5;-4037.745117
407748.2813;5861775.5;-4037.258057
407808.5938;5861775.5;-4036.778809
407868.875;5861775.5;-4036.318359
407929.1875;5861775.5;-4035.842529
407989.4688;5861775.5;-4035.374268
408049.7813;5861775.5;-4034.930176
408110.0938;5861775.5;-4034.494873
408170.375;5861775.5;-4034.07251
408230.6875;5861775.5;-4033.671387
408291;5861775.5;-4033.283691
408351.2813;5861775.5;-4032.90332
408411.5938;5861775.5;-4032.533691
408471.875;5861775.5;-4032.175293
408532.1875;5861775.5;-4031.829346
408592.5;5861775.5;-4031.493652
408652.7813;5861775.5;-4031.168213
408713.0938;5861775.5;-4030.854004
408773.4063;5861775.5;-4030.551514
408833.6875;5861775.5;-4030.260986
408894;5861775.5;-4029.985596
408954.2813;5861775.5;-4029.718018
409014.5938;5861775.5;-4029.461426
409074.9063;5861775.5;-4029.223389
409135.1875;5861775.5;-4028.991699
409195.5;5861775.5;-4028.768555
409255.8125;5861775.5;-4028.566162
409316.0938;5861775.5;-4028.369385
409376.4063;5861775.5;-4028.178223
401356.4063;5861836.5;-3996.755371
401416.6875;5861836.5;-3996.691162
401477;5861836.5;-3996.638428
401537.3125;5861836.5;-3996.59375
401597.5938;5861836.5;-3996.553223
401657.9063;5861836.5;-3996.515381
401718.2188;5861836.5;-3996.479492
401778.5;5861836.5;-3996.444092
401838.8125;5861836.5;-3996.408936
401899.0938;5861836.5;-3996.37207
401959.4063;5861836.5;-3996.335693
402019.7188;5861836.5;-3996.297852
402080;5861836.5;-3996.256836
402140.3125;5861836.5;-3996.215332
402200.625;5861836.5;-3996.173096
402260.9063;5861836.5;-3996.128418
402321.2188;5861836.5;-3996.084229
402381.5;5861836.5;-3996.04248
402441.8125;5861836.5;-3996.001465
402502.125;5861836.5;-3995.965088
402562.4063;5861836.5;-3995.936523
402622.7188;5861836.5;-3995.915527
402683.0313;5861836.5;-3995.904297
402743.3125;5861836.5;-3995.905518
402803.625;5861836.5;-3995.918945
402863.9063;5861836.5;-3995.945557
402924.2188;5861836.5;-3995.988281
402984.5313;5861836.5;-3996.048584
403044.8125;5861836.5;-3996.128906
403105.125;5861836.5;-3996.2229
403165.4375;5861836.5;-3996.330078
403225.7188;5861836.5;-3996.450439
403286.0313;5861836.5;-3996.580078
403346.3125;5861836.5;-3996.716064
403406.625;5861836.5;-3996.854492
403466.9375;5861836.5;-3996.986816
403527.2188;5861836.5;-3997.111328
403587.5313;5861836.5;-3997.909424
403647.8438;5861836.5;-3998.032715
403708.125;5861836.5;-3998.138184
403768.4375;5861836.5;-3998.2229
403828.7188;5861836.5;-3998.288086
403889.0313;5861836.5;-3998.338379
403949.3438;5861836.5;-3998.377686
404009.625;5861836.5;-3998.411377
404069.9375;5861836.5;-3998.454834
404130.25;5861836.5;-3998.519775
404190.5313;5861836.5;-3998.614746
404250.8438;5861836.5;-4005.45752
404311.125;5861836.5;-4005.770264
404371.4375;5861836.5;-4006.13916
404431.75;5861836.5;-4006.582275
404492.0313;5861836.5;-4007.136719
404552.3438;5861836.5;-4007.745361
404612.625;5861836.5;-4003.877686
404672.9375;5861836.5;-4004.877197
404733.25;5861836.5;-4005.875
404793.5313;5861836.5;-4006.755859
404853.8438;5861836.5;-4001.4375
404914.1563;5861836.5;-4002.95166
404974.4375;5861836.5;-4004.677002
405034.75;5861836.5;-4006.365234
405095.0313;5861836.5;-4008.011719
405155.3438;5861836.5;-4009.648438
405215.6563;5861836.5;-4011.156006
405275.9375;5861836.5;-4012.541016
405336.25;5861836.5;-4013.626709
405396.5625;5861836.5;-4014.619629
405456.8438;5861836.5;-4015.547852
405517.1563;5861836.5;-4016.287109
405577.4375;5861836.5;-4016.993408
405637.75;5861836.5;-4017.681885
405698.0625;5861836.5;-4018.280518
405758.3438;5861836.5;-4018.868896
405818.6563;5861836.5;-4019.480713
405878.9688;5861836.5;-4020.117676
405939.25;5861836.5;-4020.912354
405999.5625;5861836.5;-4021.899902
406059.8438;5861836.5;-4023.10791
406120.1563;5861836.5;-4024.506348
406180.4688;5861836.5;-4026.216064
406240.75;5861836.5;-4028.577393
406301.0625;5861836.5;-4031.6875
406361.375;5861836.5;-4035.554443
406421.6563;5861836.5;-4039.90625
406481.9688;5861836.5;-4044.19165
406542.25;5861836.5;-4048.359375
406602.5625;5861836.5;-4052.815918
406662.875;5861836.5;-4055.011475
406723.1563;5861836.5;-4053.5979
406783.4688;5861836.5;-4050.95166
406843.7813;5861836.5;-4016.126709
406904.0625;5861836.5;-4015.352051
406964.375;5861836.5;-4014.952148
407024.6563;5861836.5;-4014.898926
407084.9688;5861836.5;-4014.850586
407145.2813;5861836.5;-4014.852051
407205.5625;5861836.5;-4014.94043
407265.875;5861836.5;-4015.068359
407326.1875;5861836.5;-4015.216553
407386.4688;5861836.5;-4037.623535
407446.7813;5861836.5;-4037.02832
407507.0625;5861836.5;-4036.463135
407567.375;5861836.5;-4035.942383
407627.6875;5861836.5;-4035.468262
407687.9688;5861836.5;-4035.029785
407748.2813;5861836.5;-4034.56665
407808.5938;5861836.5;-4034.125244
407868.875;5861836.5;-4033.70874
407929.1875;5861836.5;-4033.275391
407989.4688;5861836.5;-4032.848389
408049.7813;5861836.5;-4032.446045
408110.0938;5861836.5;-4032.048828
408170.375;5861836.5;-4031.662842
408230.6875;5861836.5;-4031.296875
408291;5861836.5;-4030.942383
408351.2813;5861836.5;-4030.594238
408411.5938;5861836.5;-4030.255859
408471.875;5861836.5;-4029.927246
408532.1875;5861836.5;-4029.61084
408592.5;5861836.5;-4029.302979
408652.7813;5861836.5;-4029.004883
408713.0938;5861836.5;-4028.716553
408773.4063;5861836.5;-4028.438965
408833.6875;5861836.5;-4028.171387
408894;5861836.5;-4027.917236
408954.2813;5861836.5;-4027.669678
409014.5938;5861836.5;-4027.431396
409074.9063;5861836.5;-4027.209473
409135.1875;5861836.5;-4026.991943
409195.5;5861836.5;-4026.781494
409255.8125;5861836.5;-4026.589355
409316.0938;5861836.5;-4026.400635
409376.4063;5861836.5;-4026.215576
401356.4063;5861897;-3997.295654
401416.6875;5861897;-3997.215088
401477;5861897;-3997.143311
401537.3125;5861897;-3997.077148
401597.5938;5861897;-3997.011963
401657.9063;5861897;-3996.947021
401718.2188;5861897;-3996.881592
401778.5;5861897;-3996.815186
401838.8125;5861897;-3996.746094
401899.0938;5861897;-3996.674072
401959.4063;5861897;-3996.601318
402019.7188;5861897;-3996.525391
402080;5861897;-3996.445068
402140.3125;5861897;-3996.36377
402200.625;5861897;-3996.281494
402260.9063;5861897;-3996.195313
402321.2188;5861897;-3996.110352
402381.5;5861897;-3996.027832
402441.8125;5861897;-3995.945801
402502.125;5861897;-3995.868408
402562.4063;5861897;-3995.798828
402622.7188;5861897;-3995.736328
402683.0313;5861897;-3995.683594
402743.3125;5861897;-3995.643799
402803.625;5861897;-3995.615234
402863.9063;5861897;-3995.599609
402924.2188;5861897;-3995.600342
402984.5313;5861897;-3995.616943
403044.8125;5861897;-3995.6521
403105.125;5861897;-3995.700195
403165.4375;5861897;-3995.759277
403225.7188;5861897;-3995.82959
403286.0313;5861897;-3995.906494
403346.3125;5861897;-3995.986816
403406.625;5861897;-3996.067383
403466.9375;5861897;-3996.138672
403527.2188;5861897;-3996.199219
403587.5313;5861897;-4002.153564
403647.8438;5861897;-3996.94751
403708.125;5861897;-3996.971924
403768.4375;5861897;-3996.974609
403828.7188;5861897;-3996.95874
403889.0313;5861897;-3996.927734
403949.3438;5861897;-3996.886963
404009.625;5861897;-3996.842773
404069.9375;5861897;-3996.810059
404130.25;5861897;-3996.799805
404190.5313;5861897;-3996.822998
404250.8438;5861897;-3996.912598
404311.125;5861897;-4003.665771
404371.4375;5861897;-4003.963379
404431.75;5861897;-4004.33374
404492.0313;5861897;-4004.806396
404552.3438;5861897;-4005.323486
404612.625;5861897;-4001.396484
404672.9375;5861897;-4002.261963
404733.25;5861897;-4003.122559
404793.5313;5861897;-4003.874512
404853.8438;5861897;-4004.655273
404914.1563;5861897;-4000.706299
404974.4375;5861897;-4002.228027
405034.75;5861897;-4003.714355
405095.0313;5861897;-4005.166016
405155.3438;5861897;-4006.598633
405215.6563;5861897;-4007.933105
405275.9375;5861897;-4009.177246
405336.25;5861897;-4010.169189
405396.5625;5861897;-4011.105713
405456.8438;5861897;-4012.007568
405517.1563;5861897;-4012.758545
405577.4375;5861897;-4013.487549
405637.75;5861897;-4014.195801
405698.0625;5861897;-4014.8125
405758.3438;5861897;-4015.402344
405818.6563;5861897;-4015.986572
405878.9688;5861897;-4016.531982
405939.25;5861897;-4017.175537
405999.5625;5861897;-4017.967773
406059.8438;5861897;-4018.934814
406120.1563;5861897;-4020.108154
406180.4688;5861897;-4021.612305
406240.75;5861897;-4023.717773
406301.0625;5861897;-4026.51709
406361.375;5861897;-4030.000977
406421.6563;5861897;-4033.958008
406481.9688;5861897;-4037.537109
406542.25;5861897;-4040.66333
406602.5625;5861897;-4044.346436
406662.875;5861897;-4047.232178
406723.1563;5861897;-4047.904541
406783.4688;5861897;-4047.086426
406843.7813;5861897;-4045.824951
406904.0625;5861897;-4013.470215
406964.375;5861897;-4013.067871
407024.6563;5861897;-4012.904785
407084.9688;5861897;-4012.709229
407145.2813;5861897;-4012.542236
407205.5625;5861897;-4012.511719
407265.875;5861897;-4012.479004
407326.1875;5861897;-4035.84668
407386.4688;5861897;-4035.061035
407446.7813;5861897;-4034.313721
407507.0625;5861897;-4033.632324
407567.375;5861897;-4033.062744
407627.6875;5861897;-4032.577393
407687.9688;5861897;-4032.150879
407748.2813;5861897;-4031.72168
407808.5938;5861897;-4031.328613
407868.875;5861897;-4030.965576
407929.1875;5861897;-4030.585205
407989.4688;5861897;-4030.210693
408049.7813;5861897;-4029.859131
408110.0938;5861897;-4029.510254
408170.375;5861897;-4029.169922
408230.6875;5861897;-4028.848389
408291;5861897;-4028.536377
408351.2813;5861897;-4028.229248
408411.5938;5861897;-4027.930176
408471.875;5861897;-4027.639648
408532.1875;5861897;-4027.359131
408592.5;5861897;-4027.086182
408652.7813;5861897;-4026.821045
408713.0938;5861897;-4026.56543
408773.4063;5861897;-4026.317139
408833.6875;5861897;-4026.077637
408894;5861897;-4025.849365
408954.2813;5861897;-4025.625977
409014.5938;5861897;-4025.409668
409074.9063;5861897;-4025.208008
409135.1875;5861897;-4025.008789
409195.5;5861897;-4024.813477
409255.8125;5861897;-4024.634521
409316.0938;5861897;-4024.456787
409376.4063;5861897;-4024.281006
401356.4063;5861957.5;-3997.81665
401416.6875;5861957.5;-3997.719971
401477;5861957.5;-3997.62915
401537.3125;5861957.5;-3997.541748
401597.5938;5861957.5;-3997.452393
401657.9063;5861957.5;-3997.360107
401718.2188;5861957.5;-3997.265381
401778.5;5861957.5;-3997.16748
401838.8125;5861957.5;-3997.064941
401899.0938;5861957.5;-3996.957764
401959.4063;5861957.5;-3996.848633
402019.7188;5861957.5;-3996.734619
402080;5861957.5;-3996.61499
402140.3125;5861957.5;-3996.493896
402200.625;5861957.5;-3996.371094
402260.9063;5861957.5;-3996.244385
402321.2188;5861957.5;-3996.118164
402381.5;5861957.5;-3995.994385
402441.8125;5861957.5;-3995.871582
402502.125;5861957.5;-3995.75293
402562.4063;5861957.5;-3995.642822
402622.7188;5861957.5;-3995.539795
402683.0313;5861957.5;-3995.446289
402743.3125;5861957.5;-3995.366211
402803.625;5861957.5;-3995.297119
402863.9063;5861957.5;-3995.240479
402924.2188;5861957.5;-3995.200439
402984.5313;5861957.5;-3995.176025
403044.8125;5861957.5;-3995.16748
403105.125;5861957.5;-3995.172363
403165.4375;5861957.5;-3995.186523
403225.7188;5861957.5;-3995.209473
403286.0313;5861957.5;-3995.236572
403346.3125;5861957.5;-3995.264404
403406.625;5861957.5;-3995.290039
403466.9375;5861957.5;-3995.304443
403527.2188;5861957.5;-4001.218262
403587.5313;5861957.5;-4001.304199
403647.8438;5861957.5;-4001.335449
403708.125;5861957.5;-3995.831299
403768.4375;5861957.5;-3995.752197
403828.7188;5861957.5;-3995.652832
403889.0313;5861957.5;-3995.538574
403949.3438;5861957.5;-3995.411865
404009.625;5861957.5;-3995.281982
404069.9375;5861957.5;-3995.163574
404130.25;5861957.5;-3995.067627
404190.5313;5861957.5;-3995.006104
404250.8438;5861957.5;-3995.012939
404311.125;5861957.5;-3995.095459
404371.4375;5861957.5;-4001.706787
404431.75;5861957.5;-4001.989014
404492.0313;5861957.5;-4002.369385
404552.3438;5861957.5;-3998.159424
404612.625;5861957.5;-3998.811279
404672.9375;5861957.5;-3999.539795
404733.25;5861957.5;-4000.261475
404793.5313;5861957.5;-4000.884766
404853.8438;5861957.5;-4001.527588
404914.1563;5861957.5;-4002.149414
404974.4375;5861957.5;-3999.765869
405034.75;5861957.5;-4001.045166
405095.0313;5861957.5;-4002.296631
405155.3438;5861957.5;-4003.513672
405215.6563;5861957.5;-4004.658691
405275.9375;5861957.5;-4005.743164
405336.25;5861957.5;-4006.623535
405396.5625;5861957.5;-4007.484619
405456.8438;5861957.5;-4008.347412
405517.1563;5861957.5;-4009.104248
405577.4375;5861957.5;-4009.854248
405637.75;5861957.5;-4010.580566
405698.0625;5861957.5;-4011.20874
405758.3438;5861957.5;-4011.78418
405818.6563;5861957.5;-4012.313232
405878.9688;5861957.5;-4012.725586
405939.25;5861957.5;-4013.162109
405999.5625;5861957.5;-4013.695557
406059.8438;5861957.5;-4014.345947
406120.1563;5861957.5;-4015.188477
406180.4688;5861957.5;-4016.338623
406240.75;5861957.5;-4017.981445
406301.0625;5861957.5;-4020.207764
406361.375;5861957.5;-4023.188232
406421.6563;5861957.5;-4026.828125
406481.9688;5861957.5;-4029.948975
406542.25;5861957.5;-4032.456055
406602.5625;5861957.5;-4035.597656
406662.875;5861957.5;-4038.603516
406723.1563;5861957.5;-4040.626953
406783.4688;5861957.5;-4041.406738
406843.7813;5861957.5;-4041.331055
406904.0625;5861957.5;-4025.050293
406964.375;5861957.5;-4010.333984
407024.6563;5861957.5;-4010.290527
407084.9688;5861957.5;-4010.133057
407145.2813;5861957.5;-4009.923828
407205.5625;5861957.5;-4009.854004
407265.875;5861957.5;-4034.279785
407326.1875;5861957.5;-4033.250977
407386.4688;5861957.5;-4032.281494
407446.7813;5861957.5;-4031.381592
407507.0625;5861957.5;-4030.594238
407567.375;5861957.5;-4029.994385
407627.6875;5861957.5;-4029.518555
407687.9688;5861957.5;-4029.125488
407748.2813;5861957.5;-4028.750488
407808.5938;5861957.5;-4028.42334
407868.875;5861957.5;-4028.127686
407929.1875;5861957.5;-4027.813232
407989.4688;5861957.5;-4027.501953
408049.7813;5861957.5;-4027.210449
408110.0938;5861957.5;-4026.917725
408170.375;5861957.5;-4026.630371
408230.6875;5861957.5;-4026.359619
408291;5861957.5;-4026.095215
408351.2813;5861957.5;-4025.833252
408411.5938;5861957.5;-4025.579346
408471.875;5861957.5;-4025.331543
408532.1875;5861957.5;-4025.091064
408592.5;5861957.5;-4024.856689
408652.7813;5861957.5;-4024.628174
408713.0938;5861957.5;-4024.407227
408773.4063;5861957.5;-4024.190918
408833.6875;5861957.5;-4023.981201
408894;5861957.5;-4023.78125
408954.2813;5861957.5;-4023.583496
409014.5938;5861957.5;-4023.390625
409074.9063;5861957.5;-4023.209473
409135.1875;5861957.5;-4023.029297
409195.5;5861957.5;-4022.851074
409255.8125;5861957.5;-4022.685547
409316.0938;5861957.5;-4022.519775
409376.4063;5861957.5;-4022.354248
401356.4063;5862018;-3998.321045
401416.6875;5862018;-3998.208252
401477;5862018;-3998.099121
401537.3125;5862018;-3997.990234
401597.5938;5862018;-3997.876465
401657.9063;5862018;-3997.757324
401718.2188;5862018;-3997.632813
401778.5;5862018;-3997.503662
401838.8125;5862018;-3997.367432
401899.0938;5862018;-3997.224854
401959.4063;5862018;-3997.079102
402019.7188;5862018;-3996.927246
402080;5862018;-3996.767334
402140.3125;5862018;-3996.606445
402200.625;5862018;-3996.442383
402260.9063;5862018;-3996.274658
402321.2188;5862018;-3996.106934
402381.5;5862018;-3995.942139
402441.8125;5862018;-3995.778076
402502.125;5862018;-3995.618896
402562.4063;5862018;-3995.468506
402622.7188;5862018;-3995.325684
402683.0313;5862018;-3995.193115
402743.3125;5862018;-3995.07373
402803.625;5862018;-3994.965576
402863.9063;5862018;-3994.870361
402924.2188;5862018;-3994.79248
402984.5313;5862018;-3994.729248
403044.8125;5862018;-3994.681152
403105.125;5862018;-3994.645996
403165.4375;5862018;-3994.618408
403225.7188;5862018;-3994.598389
403286.0313;5862018;-3994.580078
403346.3125;5862018;-3994.55957
403406.625;5862018;-3994.534668
403466.9375;5862018;-4000.444824
403527.2188;5862018;-4000.476807
403587.5313;5862018;-4000.488525
403647.8438;5862018;-4000.438965
403708.125;5862018;-4000.357422
403768.4375;5862018;-3994.568848
403828.7188;5862018;-3994.385254
403889.0313;5862018;-3994.183105
403949.3438;5862018;-3993.965332
404009.625;5862018;-3993.741943
404069.9375;5862018;-3993.52832
404130.25;5862018;-3993.336182
404190.5313;5862018;-3993.177246
404250.8438;5862018;-3993.088135
404311.125;5862018;-3993.075684
404371.4375;5862018;-3993.126221
404431.75;5862018;-3999.57666
404492.0313;5862018;-3999.855225
404552.3438;5862018;-3995.621338
404612.625;5862018;-3996.145996
404672.9375;5862018;-3996.739258
404733.25;5862018;-3997.324707
404793.5313;5862018;-3997.823486
404853.8438;5862018;-3998.33374
404914.1563;5862018;-3998.81543
404974.4375;5862018;-3999.194336
405034.75;5862018;-3998.331299
405095.0313;5862018;-3999.369873
405155.3438;5862018;-4000.366699
405215.6563;5862018;-4001.313965
405275.9375;5862018;-4002.226807
405336.25;5862018;-4002.983643
405396.5625;5862018;-4003.759033
405456.8438;5862018;-4004.575928
405517.1563;5862018;-4005.336426
405577.4375;5862018;-4006.111084
405637.75;5862018;-4006.859863
405698.0625;5862018;-4007.495117
405758.3438;5862018;-4008.040771
405818.6563;5862018;-4008.486328
405878.9688;5862018;-4008.727539
405939.25;5862018;-4008.914307
405999.5625;5862018;-4009.144531
406059.8438;5862018;-4009.428467
406120.1563;5862018;-4009.860596
406180.4688;5862018;-4010.535889
406240.75;5862018;-4011.56543
406301.0625;5862018;-4012.995361
406361.375;5862018;-4014.897949
406421.6563;5862018;-4017.311768
406481.9688;5862018;-4020.081787
406542.25;5862018;-4023.069824
406602.5625;5862018;-4026.595947
406662.875;5862018;-4029.986328
406723.1563;5862018;-4032.85376
406783.4688;5862018;-4034.802002
406843.7813;5862018;-4035.774414
406904.0625;5862018;-4036.114502
406964.375;5862018;-4006.763184
407024.6563;5862018;-4007.030762
407084.9688;5862018;-4007.083984
407145.2813;5862018;-4006.948486
407205.5625;5862018;-4006.89502
407265.875;5862018;-4031.579346
407326.1875;5862018;-4030.344482
407386.4688;5862018;-4029.185059
407446.7813;5862018;-4028.143555
407507.0625;5862018;-4027.27832
407567.375;5862018;-4026.687744
407627.6875;5862018;-4026.262207
407687.9688;5862018;-4025.939209
407748.2813;5862018;-4025.650879
407808.5938;5862018;-4025.414063
407868.875;5862018;-4025.205566
407929.1875;5862018;-4024.971436
407989.4688;5862018;-4024.735107
408049.7813;5862018;-4024.512695
408110.0938;5862018;-4024.283936
408170.375;5862018;-4024.057373
408230.6875;5862018;-4023.843262
408291;5862018;-4023.63208
408351.2813;5862018;-4023.420898
408411.5938;5862018;-4023.215576
408471.875;5862018;-4023.01416
408532.1875;5862018;-4022.81665
408592.5;5862018;-4022.62207
408652.7813;5862018;-4022.432129
408713.0938;5862018;-4022.24707
408773.4063;5862018;-4022.064453
408833.6875;5862018;-4021.88501
408894;5862018;-4021.713623
408954.2813;5862018;-4021.542236
409014.5938;5862018;-4021.372559
409074.9063;5862018;-4021.212891
409135.1875;5862018;-4021.051758
409195.5;5862018;-4020.889893
409255.8125;5862018;-4020.738525
409316.0938;5862018;-4020.584717
409376.4063;5862018;-4020.428467
401356.4063;5862078.5;-3998.812988
401416.6875;5862078.5;-3998.684082
401477;5862078.5;-3998.556152
401537.3125;5862078.5;-3998.426025
401597.5938;5862078.5;-3998.287598
401657.9063;5862078.5;-3998.141357
401718.2188;5862078.5;-3997.987549
401778.5;5862078.5;-3997.826172
401838.8125;5862078.5;-3997.655762
401899.0938;5862078.5;-3997.477295
401959.4063;5862078.5;-3997.293945
402019.7188;5862078.5;-3997.103271
402080;5862078.5;-3996.90332
402140.3125;5862078.5;-3996.700684
402200.625;5862078.5;-3996.495361
402260.9063;5862078.5;-3996.2854
402321.2188;5862078.5;-3996.076172
402381.5;5862078.5;-3995.869873
402441.8125;5862078.5;-3995.664063
402502.125;5862078.5;-3995.464111
402562.4063;5862078.5;-3995.273682
402622.7188;5862078.5;-3995.091064
402683.0313;5862078.5;-3994.919434
402743.3125;5862078.5;-3994.762451
402803.625;5862078.5;-3994.616943
402863.9063;5862078.5;-3994.484619
402924.2188;5862078.5;-3994.371338
402984.5313;5862078.5;-3994.271729
403044.8125;5862078.5;-3994.1875
403105.125;5862078.5;-3994.115967
403165.4375;5862078.5;-3994.051025
403225.7188;5862078.5;-3993.991943
403286.0313;5862078.5;-3993.933105
403346.3125;5862078.5;-3993.869629
403406.625;5862078.5;-3993.799072
403466.9375;5862078.5;-3999.778076
403527.2188;5862078.5;-3999.743408
403587.5313;5862078.5;-3999.684082
403647.8438;5862078.5;-3999.55542
403708.125;5862078.5;-3999.389404
403768.4375;5862078.5;-3999.189941
403828.7188;5862078.5;-3993.173096
403889.0313;5862078.5;-3992.878906
403949.3438;5862078.5;-3992.562744
404009.625;5862078.5;-3992.236572
404069.9375;5862078.5;-3991.916992
404130.25;5862078.5;-3991.615723
404190.5313;5862078.5;-3991.346191
404250.8438;5862078.5;-3991.14624
404311.125;5862078.5;-3991.02417
404371.4375;5862078.5;-3990.965088
404431.75;5862078.5;-3990.981201
404492.0313;5862078.5;-3992.732666
404552.3438;5862078.5;-3993.085938
404612.625;5862078.5;-3993.490479
404672.9375;5862078.5;-3993.957764
404733.25;5862078.5;-3994.415527
404793.5313;5862078.5;-3994.790771
404853.8438;5862078.5;-3995.17041
404914.1563;5862078.5;-3995.515625
404974.4375;5862078.5;-3995.760986
405034.75;5862078.5;-3995.49292
405095.0313;5862078.5;-3996.315918
405155.3438;5862078.5;-3997.08667
405215.6563;5862078.5;-3997.824707
405275.9375;5862078.5;-3998.550781
405336.25;5862078.5;-3999.164551
405396.5625;5862078.5;-3999.835449
405456.8438;5862078.5;-4000.594971
405517.1563;5862078.5;-4001.338379
405577.4375;5862078.5;-4002.124268
405637.75;5862078.5;-4002.884521
405698.0625;5862078.5;-4003.490234
405758.3438;5862078.5;-4004.340332
405818.6563;5862078.5;-4004.655762
405878.9688;5862078.5;-4004.668701
405939.25;5862078.5;-4004.548828
405999.5625;5862078.5;-4004.426025
406059.8438;5862078.5;-4004.307373
406120.1563;5862078.5;-4004.292969
406180.4688;5862078.5;-4004.44751
406240.75;5862078.5;-4004.824951
406301.0625;5862078.5;-4005.404053
406361.375;5862078.5;-4006.075195
406421.6563;5862078.5;-4006.986084
406481.9688;5862078.5;-4009.24585
406542.25;5862078.5;-4012.922852
406602.5625;5862078.5;-4017.197021
406662.875;5862078.5;-4021.262939
406723.1563;5862078.5;-4024.866943
406783.4688;5862078.5;-4027.670898
406843.7813;5862078.5;-4029.440674
406904.0625;5862078.5;-4030.490479
406964.375;5862078.5;-4031.099365
407024.6563;5862078.5;-4003.3396
407084.9688;5862078.5;-4003.774414
407145.2813;5862078.5;-4003.817627
407205.5625;5862078.5;-4029.743408
407265.875;5862078.5;-4028.46582
407326.1875;5862078.5;-4026.992676
407386.4688;5862078.5;-4025.628174
407446.7813;5862078.5;-4024.464355
407507.0625;5862078.5;-4023.568115
407567.375;5862078.5;-4023.043457
407627.6875;5862078.5;-4022.720947
407687.9688;5862078.5;-4022.513672
407748.2813;5862078.5;-4022.354248
407808.5938;5862078.5;-4022.239746
407868.875;5862078.5;-4022.138672
407929.1875;5862078.5;-4022.004883
407989.4688;5862078.5;-4021.860352
408049.7813;5862078.5;-4021.720215
408110.0938;5862078.5;-4021.567871
408170.375;5862078.5;-4021.412354
408230.6875;5862078.5;-4021.264404
408291;5862078.5;-4021.115479
408351.2813;5862078.5;-4020.963135
408411.5938;5862078.5;-4020.813965
408471.875;5862078.5;-4020.665771
408532.1875;5862078.5;-4020.517334
408592.5;5862078.5;-4020.369873
408652.7813;5862078.5;-4020.223389
408713.0938;5862078.5;-4020.07959
408773.4063;5862078.5;-4019.935059
408833.6875;5862078.5;-4019.790527
408894;5862078.5;-4019.651367
408954.2813;5862078.5;-4019.509766
409014.5938;5862078.5;-4019.367432
409074.9063;5862078.5;-4019.232178
409135.1875;5862078.5;-4019.093506
409195.5;5862078.5;-4018.951416
409255.8125;5862078.5;-4018.816406
409316.0938;5862078.5;-4018.677002
409376.4063;5862078.5;-4018.53418
401356.4063;5862139.5;-3999.297363
401416.6875;5862139.5;-3999.152588
401477;5862139.5;-3999.006104
401537.3125;5862139.5;-3998.854248
401597.5938;5862139.5;-3998.690918
401657.9063;5862139.5;-3998.516602
401718.2188;5862139.5;-3998.33252
401778.5;5862139.5;-3998.139404
401838.8125;5862139.5;-3997.934082
401899.0938;5862139.5;-3997.718262
401959.4063;5862139.5;-3997.49707
402019.7188;5862139.5;-3997.266113
402080;5862139.5;-3997.024902
402140.3125;5862139.5;-3996.780273
402200.625;5862139.5;-3996.532471
402260.9063;5862139.5;-3996.279541
402321.2188;5862139.5;-3996.027588
402381.5;5862139.5;-3995.778809
402441.8125;5862139.5;-3995.531494
402502.125;5862139.5;-3995.290283
402562.4063;5862139.5;-3995.059814
402622.7188;5862139.5;-3994.838379
402683.0313;5862139.5;-3994.62915
402743.3125;5862139.5;-3994.435547
402803.625;5862139.5;-3994.255371
402863.9063;5862139.5;-3994.0896
402924.2188;5862139.5;-3993.943848
402984.5313;5862139.5;-3993.8125
403044.8125;5862139.5;-3993.696045
403105.125;5862139.5;-3993.593262
403165.4375;5862139.5;-3993.49585
403225.7188;5862139.5;-3993.402344
403286.0313;5862139.5;-3993.308594
403346.3125;5862139.5;-3993.207764
403406.625;5862139.5;-3999.21167
403466.9375;5862139.5;-3999.14209
403527.2188;5862139.5;-3999.04541
403587.5313;5862139.5;-3998.919922
403647.8438;5862139.5;-3998.715332
403708.125;5862139.5;-3998.467529
403768.4375;5862139.5;-3998.177979
403828.7188;5862139.5;-3997.817871
403889.0313;5862139.5;-3991.638916
403949.3438;5862139.5;-3991.218994
404009.625;5862139.5;-3990.782227
404069.9375;5862139.5;-3990.346436
404130.25;5862139.5;-3989.925537
404190.5313;5862139.5;-3989.532959
404250.8438;5862139.5;-3989.209229
404311.125;5862139.5;-3988.965576
404371.4375;5862139.5;-3988.784912
404431.75;5862139.5;-3988.681152
404492.0313;5862139.5;-3990.305664
404552.3438;5862139.5;-3990.541016
404612.625;5862139.5;-3990.82666
404672.9375;5862139.5;-3991.172119
404733.25;5862139.5;-3991.507568
404793.5313;5862139.5;-3991.761719
404853.8438;5862139.5;-3992.013428
404914.1563;5862139.5;-3992.225342
404974.4375;5862139.5;-3992.340576
405034.75;5862139.5;-3992.891357
405095.0313;5862139.5;-3993.204102
405155.3438;5862139.5;-3993.740234
405215.6563;5862139.5;-3994.253662
405275.9375;5862139.5;-3994.771729
405336.25;5862139.5;-3995.217041
405396.5625;5862139.5;-3995.759766
405456.8438;5862139.5;-3996.449463
405517.1563;5862139.5;-3997.17041
405577.4375;5862139.5;-3997.978027
405637.75;5862139.5;-3998.770264
405698.0625;5862139.5;-3999.356689
405758.3438;5862139.5;-4000.664063
405818.6563;5862139.5;-4000.832031
405878.9688;5862139.5;-4000.577393
405939.25;5862139.5;-4000.108887
405999.5625;5862139.5;-3999.609131
406059.8438;5862139.5;-3999.09668
406120.1563;5862139.5;-3998.684814
406180.4688;5862139.5;-3998.416504
406240.75;5862139.5;-3998.310547
406301.0625;5862139.5;-3998.373291
406361.375;5862139.5;-3998.668457
406421.6563;5862139.5;-3999.398682
406481.9688;5862139.5;-4001.313477
406542.25;5862139.5;-4004.619629
406602.5625;5862139.5;-4008.835449
406662.875;5862139.5;-4013.10376
406723.1563;5862139.5;-4017.025635
406783.4688;5862139.5;-4020.321533
406843.7813;5862139.5;-4022.694092
406904.0625;5862139.5;-4024.381592
406964.375;5862139.5;-4025.668945
407024.6563;5862139.5;-4026.539063
407084.9688;5862139.5;-4000.15918
407145.2813;5862139.5;-4027.251709
407205.5625;5862139.5;-4026.307617
407265.875;5862139.5;-4024.757813
407326.1875;5862139.5;-4023.009521
407386.4688;5862139.5;-4021.460693
407446.7813;5862139.5;-4020.242676
407507.0625;5862139.5;-4019.406738
407567.375;5862139.5;-4019.039795
407627.6875;5862139.5;-4018.9021
407687.9688;5862139.5;-4018.876465
407748.2813;5862139.5;-4018.901855
407808.5938;5862139.5;-4018.946045
407868.875;5862139.5;-4018.977539
407929.1875;5862139.5;-4018.963867
407989.4688;5862139.5;-4018.926025
408049.7813;5862139.5;-4018.878174
408110.0938;5862139.5;-4018.810791
408170.375;5862139.5;-4018.733887
408230.6875;5862139.5;-4018.658936
408291;5862139.5;-4018.577393
408351.2813;5862139.5;-4018.48877
408411.5938;5862139.5;-4018.400146
408471.875;5862139.5;-4018.308838
408532.1875;5862139.5;-4018.212891
408592.5;5862139.5;-4018.114746
408652.7813;5862139.5;-4018.014648
408713.0938;5862139.5;-4017.915039
408773.4063;5862139.5;-4017.810059
408833.6875;5862139.5;-4017.702637
408894;5862139.5;-4017.597656
408954.2813;5862139.5;-4017.487305
409014.5938;5862139.5;-4017.373779
409074.9063;5862139.5;-4017.264648
409135.1875;5862139.5;-4017.14917
409195.5;5862139.5;-4017.027832
409255.8125;5862139.5;-4016.911133
409316.0938;5862139.5;-4016.787598
409376.4063;5862139.5;-4016.657959
401356.4063;5862200;-3999.778564
401416.6875;5862200;-3999.617676
401477;5862200;-3999.452393
401537.3125;5862200;-3999.278809
401597.5938;5862200;-3999.089844
401657.9063;5862200;-3998.887451
401718.2188;5862200;-3998.672607
401778.5;5862200;-3998.446289
401838.8125;5862200;-3998.205322
401899.0938;5862200;-3997.952393
401959.4063;5862200;-3997.69165
402019.7188;5862200;-3997.419678
402080;5862200;-3997.135742
402140.3125;5862200;-3996.8479
402200.625;5862200;-3996.556396
402260.9063;5862200;-3996.259521
402321.2188;5862200;-3995.963379
402381.5;5862200;-3995.671875
402441.8125;5862200;-3995.381836
402502.125;5862200;-3995.099365
402562.4063;5862200;-3994.82959
402622.7188;5862200;-3994.570557
402683.0313;5862200;-3994.325439
402743.3125;5862200;-3994.098389
402803.625;5862200;-3993.885986
402863.9063;5862200;-3993.689697
402924.2188;5862200;-3993.515869
402984.5313;5862200;-3993.357178
403044.8125;5862200;-3993.214111
403105.125;5862200;-3993.084229
403165.4375;5862200;-3992.960449
403225.7188;5862200;-3992.838623
403286.0313;5862200;-3992.716064
403346.3125;5862200;-3998.731445
403406.625;5862200;-3998.676514
403466.9375;5862200;-3998.555908
403527.2188;5862200;-3998.40332
403587.5313;5862200;-3998.217773
403647.8438;5862200;-3997.942871
403708.125;5862200;-3997.616699
403768.4375;5862200;-3997.240967
403828.7188;5862200;-3996.780029
403889.0313;5862200;-3996.266602
403949.3438;5862200;-3989.945557
404009.625;5862200;-3989.391113
404069.9375;5862200;-3988.831055
404130.25;5862200;-3988.280273
404190.5313;5862200;-3987.753662
404250.8438;5862200;-3987.294922
404311.125;5862200;-3986.918213
404371.4375;5862200;-3986.605713
404431.75;5862200;-3986.373535
404492.0313;5862200;-3986.246094
404552.3438;5862200;-3987.975098
404612.625;5862200;-3988.140869
404672.9375;5862200;-3988.365479
404733.25;5862200;-3988.579834
404793.5313;5862200;-3988.717285
404853.8438;5862200;-3988.845459
404914.1563;5862200;-3988.929199
404974.4375;5862200;-3988.91748
405034.75;5862200;-3989.554199
405095.0313;5862200;-3989.552002
405155.3438;5862200;-3990.382324
405215.6563;5862200;-3990.650635
405275.9375;5862200;-3990.93457
405336.25;5862200;-3991.181152
405396.5625;5862200;-3991.566406
405456.8438;5862200;-3992.171387
405517.1563;5862200;-3992.879395
405577.4375;5862200;-3993.743164
405637.75;5862200;-3994.621582
405698.0625;5862200;-3995.242676
405758.3438;5862200;-3997.026855
405818.6563;5862200;-3997.059082
405878.9688;5862200;-3996.51123
405939.25;5862200;-3995.658203
405999.5625;5862200;-3994.762939
406059.8438;5862200;-3993.876221
406120.1563;5862200;-3993.146973
406180.4688;5862200;-3992.600098
406240.75;5862200;-3992.212158
406301.0625;5862200;-3991.992676
406361.375;5862200;-3992.136963
406421.6563;5862200;-3992.959473
406481.9688;5862200;-3994.72998
406542.25;5862200;-3997.613037
406602.5625;5862200;-4001.526611
406662.875;5862200;-4005.638184
406723.1563;5862200;-4009.5354
406783.4688;5862200;-4012.999756
406843.7813;5862200;-4015.76416
406904.0625;5862200;-4017.985596
406964.375;5862200;-4019.875488
407024.6563;5862200;-4021.343262
407084.9688;5862200;-4023.24707
407145.2813;5862200;-4023.372803
407205.5625;5862200;-4022.228271
407265.875;5862200;-4020.272949
407326.1875;5862200;-4018.251953
407386.4688;5862200;-4016.610107
407446.7813;5862200;-4015.469238
407507.0625;5862200;-4014.828613
407567.375;5862200;-4014.731689
407627.6875;5862200;-4014.866455
407687.9688;5862200;-4015.091797
407748.2813;5862200;-4015.352295
407808.5938;5862200;-4015.587402
407868.875;5862200;-4015.773193
407929.1875;5862200;-4015.894287
407989.4688;5862200;-4015.973633
408049.7813;5862200;-4016.025879
408110.0938;5862200;-4016.049072
408170.375;5862200;-4016.05542
408230.6875;5862200;-4016.055664
408291;5862200;-4016.043701
408351.2813;5862200;-4016.020752
408411.5938;5862200;-4015.994385
408471.875;5862200;-4015.961914
408532.1875;5862200;-4015.918701
408592.5;5862200;-4015.870117
408652.7813;5862200;-4015.816895
408713.0938;5862200;-4015.760986
408773.4063;5862200;-4015.696045
408833.6875;5862200;-4015.625488
408894;5862200;-4015.554199
408954.2813;5862200;-4015.475586
409014.5938;5862200;-4015.390381
409074.9063;5862200;-4015.306396
409135.1875;5862200;-4015.2146
409195.5;5862200;-4015.114502
409255.8125;5862200;-4015.015381
409316.0938;5862200;-4014.906738
409376.4063;5862200;-4014.791016
401356.4063;5862260.5;-4000.262451
401416.6875;5862260.5;-4000.084961
401477;5862260.5;-3999.899658
401537.3125;5862260.5;-3999.703857
401597.5938;5862260.5;-3999.489014
401657.9063;5862260.5;-3999.257568
401718.2188;5862260.5;-3999.010986
401778.5;5862260.5;-3998.750244
401838.8125;5862260.5;-3998.473145
401899.0938;5862260.5;-3998.180908
401959.4063;5862260.5;-3997.879883
402019.7188;5862260.5;-3997.565186
402080;5862260.5;-3997.236572
402140.3125;5862260.5;-3996.90332
402200.625;5862260.5;-3996.56665
402260.9063;5862260.5;-3996.223877
402321.2188;5862260.5;-3995.883057
402381.5;5862260.5;-3995.547363
402441.8125;5862260.5;-3995.2146
402502.125;5862260.5;-3994.890625
402562.4063;5862260.5;-3994.582031
402622.7188;5862260.5;-3994.286377
402683.0313;5862260.5;-3994.007568
402743.3125;5862260.5;-3993.749756
402803.625;5862260.5;-3993.508545
402863.9063;5862260.5;-3993.286377
402924.2188;5862260.5;-3993.087891
402984.5313;5862260.5;-3992.906494
403044.8125;5862260.5;-3992.741943
403105.125;5862260.5;-3992.591797
403165.4375;5862260.5;-3992.446289
403225.7188;5862260.5;-3992.303223
403286.0313;5862260.5;-3992.894531
403346.3125;5862260.5;-3998.253906
403406.625;5862260.5;-3998.160889
403466.9375;5862260.5;-3997.996094
403527.2188;5862260.5;-3997.794678
403587.5313;5862260.5;-3997.555908
403647.8438;5862260.5;-3997.216797
403708.125;5862260.5;-3996.817871
403768.4375;5862260.5;-3996.359619
403828.7188;5862260.5;-3995.799561
403889.0313;5862260.5;-3995.17334
403949.3438;5862260.5;-3994.486816
404009.625;5862260.5;-3988.096924
404069.9375;5862260.5;-3987.40332
404130.25;5862260.5;-3986.711182
404190.5313;5862260.5;-3986.037354
404250.8438;5862260.5;-3985.429932
404311.125;5862260.5;-3984.906738
404371.4375;5862260.5;-3984.450439
404431.75;5862260.5;-3984.079834
404492.0313;5862260.5;-3983.821533
404552.3438;5862260.5;-3983.626221
404612.625;5862260.5;-3985.555908
404672.9375;5862260.5;-3985.673096
404733.25;5862260.5;-3985.780273
404793.5313;5862260.5;-3985.811523
404853.8438;5862260.5;-3985.827148
404914.1563;5862260.5;-3985.790039
404974.4375;5862260.5;-3985.6521
405034.75;5862260.5;-3986.366943
405095.0313;5862260.5;-3986.221924
405155.3438;5862260.5;-3985.986572
405215.6563;5862260.5;-3986.911621
405275.9375;5862260.5;-3986.936035
405336.25;5862260.5;-3986.945801
405396.5625;5862260.5;-3987.136963
405456.8438;5862260.5;-3987.640137
405517.1563;5862260.5;-3988.348389
405577.4375;5862260.5;-3989.32251
405637.75;5862260.5;-3990.373047
405698.0625;5862260.5;-3991.128174
405758.3438;5862260.5;-3993.508057
405818.6563;5862260.5;-3993.447266
405878.9688;5862260.5;-3992.587646
405939.25;5862260.5;-3991.306152
405999.5625;5862260.5;-3989.988037
406059.8438;5862260.5;-3988.739014
406120.1563;5862260.5;-3987.781982
406180.4688;5862260.5;-3987.118896
406240.75;5862260.5;-3986.660645
406301.0625;5862260.5;-3986.398682
406361.375;5862260.5;-3986.587891
406421.6563;5862260.5;-3987.525635
406481.9688;5862260.5;-3989.248535
406542.25;5862260.5;-3991.82666
406602.5625;5862260.5;-3995.269531
406662.875;5862260.5;-3998.954346
406723.1563;5862260.5;-4002.550781
406783.4688;5862260.5;-4005.899658
406843.7813;5862260.5;-4008.830322
406904.0625;5862260.5;-4011.4104
406964.375;5862260.5;-4013.739258
407024.6563;5862260.5;-4016.799072
407084.9688;5862260.5;-4018.392578
407145.2813;5862260.5;-4018.736084
407205.5625;5862260.5;-4017.289307
407265.875;5862260.5;-4014.670654
407326.1875;5862260.5;-4012.399658
407386.4688;5862260.5;-4010.867188
407446.7813;5862260.5;-4010.017334
407507.0625;5862260.5;-4009.766602
407567.375;5862260.5;-4010.07666
407627.6875;5862260.5;-4010.583252
407687.9688;5862260.5;-4011.134033
407748.2813;5862260.5;-4011.678467
407808.5938;5862260.5;-4012.136475
407868.875;5862260.5;-4012.497314
407929.1875;5862260.5;-4012.768311
407989.4688;5862260.5;-4012.975586
408049.7813;5862260.5;-4013.136963
408110.0938;5862260.5;-4013.25708
408170.375;5862260.5;-4013.35376
408230.6875;5862260.5;-4013.435059
408291;5862260.5;-4013.496826
408351.2813;5862260.5;-4013.543945
408411.5938;5862260.5;-4013.583252
408471.875;5862260.5;-4013.611816
408532.1875;5862260.5;-4013.625244
408592.5;5862260.5;-4013.628174
408652.7813;5862260.5;-4013.624512
408713.0938;5862260.5;-4013.614014
408773.4063;5862260.5;-4013.590332
408833.6875;5862260.5;-4013.558594
408894;5862260.5;-4013.523193
408954.2813;5862260.5;-4013.477295
409014.5938;5862260.5;-4013.422363
409074.9063;5862260.5;-4013.365479
409135.1875;5862260.5;-4013.298096
409195.5;5862260.5;-4013.220947
409255.8125;5862260.5;-4013.140869
409316.0938;5862260.5;-4013.050049
409376.4063;5862260.5;-4012.949219
401356.4063;5862321;-4000.753418
401416.6875;5862321;-4000.558105
401477;5862321;-4000.352295
401537.3125;5862321;-4000.133057
401597.5938;5862321;-3999.891357
401657.9063;5862321;-3999.629639
401718.2188;5862321;-3999.350342
401778.5;5862321;-3999.054932
401838.8125;5862321;-3998.739014
401899.0938;5862321;-3998.405762
401959.4063;5862321;-3998.062256
402019.7188;5862321;-3997.702881
402080;5862321;-3997.32666
402140.3125;5862321;-3996.946533
402200.625;5862321;-3996.561523
402260.9063;5862321;-3996.170898
402321.2188;5862321;-3995.782959
402381.5;5862321;-3995.401855
402441.8125;5862321;-3995.025391
402502.125;5862321;-3994.659912
402562.4063;5862321;-3994.3125
402622.7188;5862321;-3993.982422
402683.0313;5862321;-3993.672119
402743.3125;5862321;-3993.386963
402803.625;5862321;-3993.122803
402863.9063;5862321;-3992.878906
402924.2188;5862321;-3992.662598
402984.5313;5862321;-3992.465332
403044.8125;5862321;-3992.286865
403105.125;5862321;-3992.123779
403165.4375;5862321;-3991.96582
403225.7188;5862321;-3991.808838
403286.0313;5862321;-3997.922363
403346.3125;5862321;-3997.817627
403406.625;5862321;-3997.696045
403466.9375;5862321;-3997.497559
403527.2188;5862321;-3997.259033
403587.5313;5862321;-3996.97876
403647.8438;5862321;-3996.588135
403708.125;5862321;-3996.127686
403768.4375;5862321;-3995.596191
403828.7188;5862321;-3994.943115
403889.0313;5862321;-3994.207031
403949.3438;5862321;-3993.389648
404009.625;5862321;-3992.451416
404069.9375;5862321;-3986.114502
404130.25;5862321;-3985.265137
404190.5313;5862321;-3984.425049
404250.8438;5862321;-3983.648193
404311.125;5862321;-3982.958984
404371.4375;5862321;-3982.342041
404431.75;5862321;-3981.818848
404492.0313;5862321;-3981.421631
404552.3438;5862321;-3981.094971
404612.625;5862321;-3980.811768
404672.9375;5862321;-3983.083252
404733.25;5862321;-3983.098145
404793.5313;5862321;-3983.0354
404853.8438;5862321;-3982.950684
404914.1563;5862321;-3982.802246
404974.4375;5862321;-3982.541992
405034.75;5862321;-3983.326904
405095.0313;5862321;-3983.035156
405155.3438;5862321;-3982.609863
405215.6563;5862321;-3982.127686
405275.9375;5862321;-3982.839111
405336.25;5862321;-3982.56665
405396.5625;5862321;-3982.517578
405456.8438;5862321;-3982.895752
405517.1563;5862321;-3983.636963
405577.4375;5862321;-3984.820313
405637.75;5862321;-3986.195313
405698.0625;5862321;-3987.24707
405758.3438;5862321;-3990.383789
405818.6563;5862321;-3990.28125
405878.9688;5862321;-3989.05957
405939.25;5862321;-3987.239258
405999.5625;5862321;-3985.400146
406059.8438;5862321;-3983.754883
406120.1563;5862321;-3982.664063
406180.4688;5862321;-3982.089844
406240.75;5862321;-3981.827148
406301.0625;5862321;-3981.800293
406361.375;5862321;-3982.188721
406421.6563;5862321;-3983.213623
406481.9688;5862321;-3984.831787
406542.25;5862321;-3987.042725
406602.5625;5862321;-3989.874268
406662.875;5862321;-3992.937256
406723.1563;5862321;-3996.009521
406783.4688;5862321;-3999.002441
406843.7813;5862321;-4001.85791
406904.0625;5862321;-4004.528076
406964.375;5862321;-4008.085205
407024.6563;5862321;-4010.625977
407084.9688;5862321;-4012.580566
407145.2813;5862321;-4013.297852
407205.5625;5862321;-4011.555176
407265.875;5862321;-4008.076416
407326.1875;5862321;-4005.599609
407386.4688;5862321;-4004.463623
407446.7813;5862321;-4004.138916
407507.0625;5862321;-4004.446045
407567.375;5862321;-4005.268311
407627.6875;5862321;-4006.211182
407687.9688;5862321;-4007.128662
407748.2813;5862321;-4007.979004
407808.5938;5862321;-4008.669434
407868.875;5862321;-4009.211914
407929.1875;5862321;-4009.63623
407989.4688;5862321;-4009.974609
408049.7813;5862321;-4010.247314
408110.0938;5862321;-4010.468506
408170.375;5862321;-4010.657227
408230.6875;5862321;-4010.822754
408291;5862321;-4010.960938
408351.2813;5862321;-4011.07959
408411.5938;5862321;-4011.186279
408471.875;5862321;-4011.277588
408532.1875;5862321;-4011.348389
408592.5;5862321;-4011.404297
408652.7813;5862321;-4011.450684
408713.0938;5862321;-4011.486572
408773.4063;5862321;-4011.506104
408833.6875;5862321;-4011.513428
408894;5862321;-4011.513428
408954.2813;5862321;-4011.501465
409014.5938;5862321;-4011.477051
409074.9063;5862321;-4011.447998
409135.1875;5862321;-4011.406006
409195.5;5862321;-4011.352051
409255.8125;5862321;-4011.291504
409316.0938;5862321;-4011.218994
409376.4063;5862321;-4011.134766
401356.4063;5862381.5;-4001.255615
401416.6875;5862381.5;-4001.041504
401477;5862381.5;-4000.814209
401537.3125;5862381.5;-4000.570557
401597.5938;5862381.5;-4000.300781
401657.9063;5862381.5;-4000.008545
401718.2188;5862381.5;-3999.695557
401778.5;5862381.5;-3999.363525
401838.8125;5862381.5;-3999.00708
401899.0938;5862381.5;-3998.631836
401959.4063;5862381.5;-3998.243164
402019.7188;5862381.5;-3997.836182
402080;5862381.5;-3997.410889
402140.3125;5862381.5;-3996.97998
402200.625;5862381.5;-3996.544678
402260.9063;5862381.5;-3996.103516
402321.2188;5862381.5;-3995.666016
402381.5;5862381.5;-3995.237793
402441.8125;5862381.5;-3994.815918
402502.125;5862381.5;-3994.408447
402562.4063;5862381.5;-3994.023926
402622.7188;5862381.5;-3993.6604
402683.0313;5862381.5;-3993.321777
402743.3125;5862381.5;-3993.012695
402803.625;5862381.5;-3992.729004
402863.9063;5862381.5;-3992.470215
402924.2188;5862381.5;-3992.241211
402984.5313;5862381.5;-3992.035156
403044.8125;5862381.5;-3991.849121
403105.125;5862381.5;-3991.680664
403165.4375;5862381.5;-3991.517334
403225.7188;5862381.5;-3997.67041
403286.0313;5862381.5;-3997.5625
403346.3125;5862381.5;-3997.440186
403406.625;5862381.5;-3997.300537
403466.9375;5862381.5;-3997.080811
403527.2188;5862381.5;-3996.81958
403587.5313;5862381.5;-3996.513428
403647.8438;5862381.5;-3996.086182
403708.125;5862381.5;-3995.581299
403768.4375;5862381.5;-3994.991455
403828.7188;5862381.5;-3994.258057
403889.0313;5862381.5;-3993.419678
403949.3438;5862381.5;-3992.4729
404009.625;5862381.5;-3991.368652
404069.9375;5862381.5;-3990.1875
404130.25;5862381.5;-3983.962891
404190.5313;5862381.5;-3982.936279
404250.8438;5862381.5;-3981.967285
404311.125;5862381.5;-3981.09082
404371.4375;5862381.5;-3980.292725
404431.75;5862381.5;-3979.602051
404492.0313;5862381.5;-3979.057373
404552.3438;5862381.5;-3978.596436
404612.625;5862381.5;-3978.188232
404672.9375;5862381.5;-3977.859619
404733.25;5862381.5;-3980.467529
404793.5313;5862381.5;-3980.322266
404853.8438;5862381.5;-3980.148926
404914.1563;5862381.5;-3979.901123
404974.4375;5862381.5;-3979.528076
405034.75;5862381.5;-3980.386719
405095.0313;5862381.5;-3979.949707
405155.3438;5862381.5;-3979.332031
405215.6563;5862381.5;-3978.630371
405275.9375;5862381.5;-3977.91333
405336.25;5862381.5;-3978.260742
405396.5625;5862381.5;-3977.938721
405456.8438;5862381.5;-3978.173584
405517.1563;5862381.5;-3978.976074
405577.4375;5862381.5;-3980.491211
405637.75;5862381.5;-3982.373291
405698.0625;5862381.5;-3983.898682
405758.3438;5862381.5;-3987.928955
405818.6563;5862381.5;-3987.806641
405878.9688;5862381.5;-3986.105957
405939.25;5862381.5;-3983.532715
405999.5625;5862381.5;-3980.959229
406059.8438;5862381.5;-3978.795898
406120.1563;5862381.5;-3977.602051
406180.4688;5862381.5;-3977.293213
406240.75;5862381.5;-3977.465332
406301.0625;5862381.5;-3977.883057
406361.375;5862381.5;-3978.539307
406421.6563;5862381.5;-3979.572998
406481.9688;5862381.5;-3980.980225
406542.25;5862381.5;-3982.726074
406602.5625;5862381.5;-3984.851807
406662.875;5862381.5;-3987.169189
406723.1563;5862381.5;-3989.568115
406783.4688;5862381.5;-3992.068115
406843.7813;5862381.5;-3994.737549
406904.0625;5862381.5;-3997.324463
406964.375;5862381.5;-4001.151367
407024.6563;5862381.5;-4003.675049
407084.9688;5862381.5;-4005.63501
407145.2813;5862381.5;-4006.359619
407205.5625;5862381.5;-4004.603516
407265.875;5862381.5;-4001.074707
407326.1875;5862381.5;-3998.924561
407386.4688;5862381.5;-3998.437012
407446.7813;5862381.5;-3998.693848
407507.0625;5862381.5;-3999.505859
407567.375;5862381.5;-4000.768311
407627.6875;5862381.5;-4002.08252
407687.9688;5862381.5;-4003.310791
407748.2813;5862381.5;-4004.419922
407808.5938;5862381.5;-4005.309082
407868.875;5862381.5;-4006.010254
407929.1875;5862381.5;-4006.572021
407989.4688;5862381.5;-4007.030273
408049.7813;5862381.5;-4007.408447
408110.0938;5862381.5;-4007.726318
408170.375;5862381.5;-4008.003906
408230.6875;5862381.5;-4008.251709
408291;5862381.5;-4008.4646
408351.2813;5862381.5;-4008.653076
408411.5938;5862381.5;-4008.825684
408471.875;5862381.5;-4008.978027
408532.1875;5862381.5;-4009.104736
408592.5;5862381.5;-4009.213135
408652.7813;5862381.5;-4009.307129
408713.0938;5862381.5;-4009.388428
408773.4063;5862381.5;-4009.449219
408833.6875;5862381.5;-4009.494141
408894;5862381.5;-4009.529785
408954.2813;5862381.5;-4009.550293
409014.5938;5862381.5;-4009.55542
409074.9063;5862381.5;-4009.552979
409135.1875;5862381.5;-4009.536133
409195.5;5862381.5;-4009.504639
409255.8125;5862381.5;-4009.464111
409316.0938;5862381.5;-4009.408447
409376.4063;5862381.5;-4009.3396
401356.4063;5862442.5;-4001.772217
401416.6875;5862442.5;-4001.537598
401477;5862442.5;-4001.287598
401537.3125;5862442.5;-4001.018799
401597.5938;5862442.5;-4000.720215
401657.9063;5862442.5;-4000.39624
401718.2188;5862442.5;-4000.04834
401778.5;5862442.5;-3999.677979
401838.8125;5862442.5;-3999.280029
401899.0938;5862442.5;-3998.860107
401959.4063;5862442.5;-3998.423584
402019.7188;5862442.5;-3997.967285
402080;5862442.5;-3997.48877
402140.3125;5862442.5;-3997.004639
402200.625;5862442.5;-3996.515869
402260.9063;5862442.5;-3996.020752
402321.2188;5862442.5;-3995.531738
402381.5;5862442.5;-3995.054199
402441.8125;5862442.5;-3994.586182
402502.125;5862442.5;-3994.135742
402562.4063;5862442.5;-3993.714111
402622.7188;5862442.5;-3993.319824
402683.0313;5862442.5;-3992.954834
402743.3125;5862442.5;-3992.625488
402803.625;5862442.5;-3992.32666
402863.9063;5862442.5;-3992.056396
402924.2188;5862442.5;-3991.820557
402984.5313;5862442.5;-3991.610352
403044.8125;5862442.5;-3991.422607
403105.125;5862442.5;-3991.253662
403165.4375;5862442.5;-3991.090088
403225.7188;5862442.5;-3997.325684
403286.0313;5862442.5;-3997.20752
403346.3125;5862442.5;-3997.075684
403406.625;5862442.5;-3996.927002
403466.9375;5862442.5;-3996.696045
403527.2188;5862442.5;-3996.423584
403587.5313;5862442.5;-3996.104736
403647.8438;5862442.5;-3995.657471
403708.125;5862442.5;-3995.124023
403768.4375;5862442.5;-3994.490723
403828.7188;5862442.5;-3993.689941
403889.0313;5862442.5;-3992.759521
403949.3438;5862442.5;-3991.687012
404009.625;5862442.5;-3990.412842
404069.9375;5862442.5;-3989.032715
404130.25;5862442.5;-3987.604248
404190.5313;5862442.5;-3981.573242
404250.8438;5862442.5;-3980.39209
404311.125;5862442.5;-3979.308594
404371.4375;5862442.5;-3978.311768
404431.75;5862442.5;-3977.439453
404492.0313;5862442.5;-3976.739258
404552.3438;5862442.5;-3976.140137
404612.625;5862442.5;-3975.607178
404672.9375;5862442.5;-3975.168945
404733.25;5862442.5;-3974.742676
404793.5313;5862442.5;-3977.773682
404853.8438;5862442.5;-3977.526611
404914.1563;5862442.5;-3977.192139
404974.4375;5862442.5;-3978.070801
405034.75;5862442.5;-3977.635498
405095.0313;5862442.5;-3977.068115
405155.3438;5862442.5;-3976.271973
405215.6563;5862442.5;-3975.371338
405275.9375;5862442.5;-3974.443115
405336.25;5862442.5;-3973.421143
405396.5625;5862442.5;-3973.483398
405456.8438;5862442.5;-3973.560059
405517.1563;5862442.5;-3974.381592
405577.4375;5862442.5;-3976.344971
405637.75;5862442.5;-3978.884277
405698.0625;5862442.5;-3981.00708
405758.3438;5862442.5;-3985.988525
405818.6563;5862442.5;-3985.825195
405878.9688;5862442.5;-3983.49292
405939.25;5862442.5;-3979.912598
405999.5625;5862442.5;-3976.36084
406059.8438;5862442.5;-3973.505371
406120.1563;5862442.5;-3972.140625
406180.4688;5862442.5;-3972.253174
406240.75;5862442.5;-3973.141357
406301.0625;5862442.5;-3974.163574
406361.375;5862442.5;-3975.158936
406421.6563;5862442.5;-3976.225098
406481.9688;5862442.5;-3977.40332
406542.25;5862442.5;-3978.645508
406602.5625;5862442.5;-3980.015625
406662.875;5862442.5;-3981.502441
406723.1563;5862442.5;-3983.134521
406783.4688;5862442.5;-3985.091553
406843.7813;5862442.5;-3987.61499
406904.0625;5862442.5;-3991.322266
406964.375;5862442.5;-3993.938965
407024.6563;5862442.5;-3996.277344
407084.9688;5862442.5;-3997.961914
407145.2813;5862442.5;-3998.412109
407205.5625;5862442.5;-3997.120361
407265.875;5862442.5;-3994.673828
407326.1875;5862442.5;-3993.296631
407386.4688;5862442.5;-3993.267334
407446.7813;5862442.5;-3993.898682
407507.0625;5862442.5;-3995.064697
407567.375;5862442.5;-3996.638428
407627.6875;5862442.5;-3998.223145
407687.9688;5862442.5;-3999.684082
407748.2813;5862442.5;-4000.989502
407808.5938;5862442.5;-4002.038086
407868.875;5862442.5;-4002.87207
407929.1875;5862442.5;-4003.553711
407989.4688;5862442.5;-4004.121582
408049.7813;5862442.5;-4004.599609
408110.0938;5862442.5;-4005.010986
408170.375;5862442.5;-4005.375244
408230.6875;5862442.5;-4005.703613
408291;5862442.5;-4005.990234
408351.2813;5862442.5;-4006.247803
408411.5938;5862442.5;-4006.486084
408471.875;5862442.5;-4006.699951
408532.1875;5862442.5;-4006.881836
408592.5;5862442.5;-4007.041748
408652.7813;5862442.5;-4007.18457
408713.0938;5862442.5;-4007.310547
408773.4063;5862442.5;-4007.412598
408833.6875;5862442.5;-4007.49585
408894;5862442.5;-4007.565674
408954.2813;5862442.5;-4007.619629
409014.5938;5862442.5;-4007.654541
409074.9063;5862442.5;-4007.679199
409135.1875;5862442.5;-4007.687012
409195.5;5862442.5;-4007.678223
409255.8125;5862442.5;-4007.656982
409316.0938;5862442.5;-4007.619873
409376.4063;5862442.5;-4007.568359
401356.4063;5862503;-4002.306152
401416.6875;5862503;-4002.049561
401477;5862503;-4001.775635
401537.3125;5862503;-4001.480957
401597.5938;5862503;-4001.152832
401657.9063;5862503;-4000.796143
401718.2188;5862503;-4000.412109
401778.5;5862503;-4000.002197
401838.8125;5862503;-3999.560547
401899.0938;5862503;-3999.093506
401959.4063;5862503;-3998.607178
402019.7188;5862503;-3998.097168
402080;5862503;-3997.563477
402140.3125;5862503;-3997.022705
402200.625;5862503;-3996.476563
402260.9063;5862503;-3995.924072
402321.2188;5862503;-3995.380371
402381.5;5862503;-3994.851807
402441.8125;5862503;-3994.335205
402502.125;5862503;-3993.841553
402562.4063;5862503;-3993.383789
402622.7188;5862503;-3992.958984
402683.0313;5862503;-3992.570801
402743.3125;5862503;-3992.223877
402803.625;5862503;-3991.913818
402863.9063;5862503;-3991.636963
402924.2188;5862503;-3991.398193
402984.5313;5862503;-3991.188721
403044.8125;5862503;-3991.003906
403105.125;5862503;-3990.839355
403165.4375;5862503;-3997.033936
403225.7188;5862503;-3996.97583
403286.0313;5862503;-3996.853271
403346.3125;5862503;-3996.719727
403406.625;5862503;-3996.571045
403466.9375;5862503;-3996.339111
403527.2188;5862503;-3996.070068
403587.5313;5862503;-3995.756104
403647.8438;5862503;-3995.306641
403708.125;5862503;-3994.764404
403768.4375;5862503;-3994.107422
403828.7188;5862503;-3993.256348
403889.0313;5862503;-3992.24707
403949.3438;5862503;-3991.054199
404009.625;5862503;-3989.606934
404069.9375;5862503;-3988.016113
404130.25;5862503;-3986.350342
404190.5313;5862503;-3984.592285
404250.8438;5862503;-3978.93335
404311.125;5862503;-3977.618408
404371.4375;5862503;-3976.402344
404431.75;5862503;-3975.332031
404492.0313;5862503;-3974.467529
404552.3438;5862503;-3973.727783
404612.625;5862503;-3973.071045
404672.9375;5862503;-3972.529541
404733.25;5862503;-3972.009277
404793.5313;5862503;-3975.396729
404853.8438;5862503;-3975.093506
404914.1563;5862503;-3974.687988
404974.4375;5862503;-3975.616455
405034.75;5862503;-3975.092529
405095.0313;5862503;-3974.416992
405155.3438;5862503;-3973.472412
405215.6563;5862503;-3972.420166
405275.9375;5862503;-3971.345215
405336.25;5862503;-3970.162354
405396.5625;5862503;-3969.263672
405456.8438;5862503;-3969.312988
405517.1563;5862503;-3970.130127
405577.4375;5862503;-3972.52832
405637.75;5862503;-3975.748291
405698.0625;5862503;-3978.469482
405758.3438;5862503;-3984.36084
405818.6563;5862503;-3984.105469
405878.9688;5862503;-3980.939453
405939.25;5862503;-3976.035889
405999.5625;5862503;-3971.259033
406059.8438;5862503;-3967.522461
406120.1563;5862503;-3965.936035
406180.4688;5862503;-3966.651123
406240.75;5862503;-3968.600586
406301.0625;5862503;-3970.468506
406361.375;5862503;-3971.917725
406421.6563;5862503;-3973.069824
406481.9688;5862503;-3974.02417
406542.25;5862503;-3974.73877
406602.5625;5862503;-3975.308594
406662.875;5862503;-3975.886475
406723.1563;5862503;-3976.677734
406783.4688;5862503;-3978.050781
406843.7813;5862503;-3981.547119
406904.0625;5862503;-3984.264893
406964.375;5862503;-3986.734375
407024.6563;5862503;-3988.887695
407084.9688;5862503;-3990.466309
407145.2813;5862503;-3991.035645
407205.5625;5862503;-3990.544922
407265.875;5862503;-3989.422607
407326.1875;5862503;-3988.806152
407386.4688;5862503;-3989.000244
407446.7813;5862503;-3989.82666
407507.0625;5862503;-3991.202637
407567.375;5862503;-3992.948486
407627.6875;5862503;-3994.685791
407687.9688;5862503;-3996.287109
407748.2813;5862503;-3997.715088
407808.5938;5862503;-3998.874512
407868.875;5862503;-3999.813965
407929.1875;5862503;-4000.595215
407989.4688;5862503;-4001.259766
408049.7813;5862503;-4001.830322
408110.0938;5862503;-4002.329834
408170.375;5862503;-4002.777832
408230.6875;5862503;-4003.184814
408291;5862503;-4003.543945
408351.2813;5862503;-4003.869629
408411.5938;5862503;-4004.172607
408471.875;5862503;-4004.446289
408532.1875;5862503;-4004.682861
408592.5;5862503;-4004.894043
408652.7813;5862503;-4005.084717
408713.0938;5862503;-4005.255127
408773.4063;5862503;-4005.398438
408833.6875;5862503;-4005.519775
408894;5862503;-4005.625
408954.2813;5862503;-4005.710938
409014.5938;5862503;-4005.775879
409074.9063;5862503;-4005.827637
409135.1875;5862503;-4005.861084
409195.5;5862503;-4005.875
409255.8125;5862503;-4005.874023
409316.0938;5862503;-4005.855713
409376.4063;5862503;-4005.821777
401356.4063;5862563.5;-4002.863281
401416.6875;5862563.5;-4002.583008
401477;5862563.5;-4002.284668
401537.3125;5862563.5;-4001.962891
401597.5938;5862563.5;-4001.604492
401657.9063;5862563.5;-4001.214111
401718.2188;5862563.5;-4000.793457
401778.5;5862563.5;-4000.342773
401838.8125;5862563.5;-3999.856201
401899.0938;5862563.5;-3999.3396
401959.4063;5862563.5;-3998.801514
402019.7188;5862563.5;-3998.235107
402080;5862563.5;-3997.641602
402140.3125;5862563.5;-3997.040283
402200.625;5862563.5;-3996.432617
402260.9063;5862563.5;-3995.818848
402321.2188;5862563.5;-3995.216797
402381.5;5862563.5;-3994.633301
402441.8125;5862563.5;-3994.066162
402502.125;5862563.5;-3993.526855
402562.4063;5862563.5;-3993.032227
402622.7188;5862563.5;-3992.577637
402683.0313;5862563.5;-3992.166992
402743.3125;5862563.5;-3991.804932
402803.625;5862563.5;-3991.487061
402863.9063;5862563.5;-3991.207031
402924.2188;5862563.5;-3990.969482
402984.5313;5862563.5;-3990.765137
403044.8125;5862563.5;-3990.588623
403105.125;5862563.5;-3996.753662
403165.4375;5862563.5;-3996.700684
403225.7188;5862563.5;-3996.64624
403286.0313;5862563.5;-3996.528564
403346.3125;5862563.5;-3996.403564
403406.625;5862563.5;-3996.268066
403466.9375;5862563.5;-3996.052734
403527.2188;5862563.5;-3995.807617
403587.5313;5862563.5;-3995.523926
403647.8438;5862563.5;-3995.102539
403708.125;5862563.5;-3994.58374
403768.4375;5862563.5;-3993.935303
403828.7188;5862563.5;-3993.062988
403889.0313;5862563.5;-3991.996582
403949.3438;5862563.5;-3990.695313
404009.625;5862563.5;-3989.069824
404069.9375;5862563.5;-3987.25293
404130.25;5862563.5;-3985.32251
404190.5313;5862563.5;-3983.261475
404250.8438;5862563.5;-3981.197266
404311.125;5862563.5;-3976.031982
404371.4375;5862563.5;-3974.560791
404431.75;5862563.5;-3973.268311
404492.0313;5862563.5;-3972.228271
404552.3438;5862563.5;-3971.346191
404612.625;5862563.5;-3970.57373
404672.9375;5862563.5;-3969.946533
404733.25;5862563.5;-3969.351074
404793.5313;5862563.5;-3968.694336
404853.8438;5862563.5;-3972.774902
404914.1563;5862563.5;-3972.317139
404974.4375;5862563.5;-3973.314453
405034.75;5862563.5;-3972.726074
405095.0313;5862563.5;-3971.974609
405155.3438;5862563.5;-3970.933594
405215.6563;5862563.5;-3969.810303
405275.9375;5862563.5;-3968.704834
405336.25;5862563.5;-3967.523682
405396.5625;5862563.5;-3966.706543
405456.8438;5862563.5;-3966.673828
405517.1563;5862563.5;-3967.198975
405577.4375;5862563.5;-3969.685547
405637.75;5862563.5;-3973.058105
405698.0625;5862563.5;-3975.994141
405758.3438;5862563.5;-3982.622803
405818.6563;5862563.5;-3982.307861
405878.9688;5862563.5;-3978.022949
405939.25;5862563.5;-3971.270752
405999.5625;5862563.5;-3965.078369
406059.8438;5862563.5;-3960.780029
406120.1563;5862563.5;-3959.684082
406180.4688;5862563.5;-3961.282959
406240.75;5862563.5;-3964.196289
406301.0625;5862563.5;-3966.889648
406361.375;5862563.5;-3968.861084
406421.6563;5862563.5;-3970.141602
406481.9688;5862563.5;-3970.869629
406542.25;5862563.5;-3971.041504
406602.5625;5862563.5;-3970.798584
406662.875;5862563.5;-3970.458496
406723.1563;5862563.5;-3970.351074
406783.4688;5862563.5;-3971.772705
406843.7813;5862563.5;-3974.92041
406904.0625;5862563.5;-3977.626465
406964.375;5862563.5;-3980.052734
407024.6563;5862563.5;-3982.177979
407084.9688;5862563.5;-3983.854248
407145.2813;5862563.5;-3984.809814
407205.5625;5862563.5;-3985.071777
407265.875;5862563.5;-3984.945801
407326.1875;5862563.5;-3985.019043
407386.4688;5862563.5;-3985.547119
407446.7813;5862563.5;-3986.587646
407507.0625;5862563.5;-3988.073975
407567.375;5862563.5;-3989.851563
407627.6875;5862563.5;-3991.606934
407687.9688;5862563.5;-3993.234619
407748.2813;5862563.5;-3994.696045
407808.5938;5862563.5;-3995.905518
407868.875;5862563.5;-3996.908691
407929.1875;5862563.5;-3997.760986
407989.4688;5862563.5;-3998.501709
408049.7813;5862563.5;-3999.151855
408110.0938;5862563.5;-3999.729736
408170.375;5862563.5;-4000.25415
408230.6875;5862563.5;-4000.733398
408291;5862563.5;-4001.1604
408351.2813;5862563.5;-4001.549805
408411.5938;5862563.5;-4001.91333
408471.875;5862563.5;-4002.243652
408532.1875;5862563.5;-4002.531006
408592.5;5862563.5;-4002.790771
408652.7813;5862563.5;-4003.027344
408713.0938;5862563.5;-4003.239746
408773.4063;5862563.5;-4003.421875
408833.6875;5862563.5;-4003.579102
408894;5862563.5;-4003.717285
408954.2813;5862563.5;-4003.834717
409014.5938;5862563.5;-4003.928223
409074.9063;5862563.5;-4004.006104
409135.1875;5862563.5;-4004.063477
409195.5;5862563.5;-4004.099854
409255.8125;5862563.5;-4004.11792
409316.0938;5862563.5;-4004.11792
409376.4063;5862563.5;-4004.100586
401356.4063;5862624;-4003.449463
401416.6875;5862624;-4003.144531
401477;5862624;-4002.819824
401537.3125;5862624;-4002.470947
401597.5938;5862624;-4002.081787
401657.9063;5862624;-4001.656982
401718.2188;5862624;-4001.198975
401778.5;5862624;-4000.706299
401838.8125;5862624;-4000.172119
401899.0938;5862624;-3999.60376
401959.4063;5862624;-3999.009033
402019.7188;5862624;-3998.381836
402080;5862624;-3997.722656
402140.3125;5862624;-3997.054688
402200.625;5862624;-3996.378906
402260.9063;5862624;-3995.696777
402321.2188;5862624;-3995.030273
402381.5;5862624;-3994.386719
402441.8125;5862624;-3993.763428
402502.125;5862624;-3993.175781
402562.4063;5862624;-3992.642578
402622.7188;5862624;-3992.158447
402683.0313;5862624;-3991.726563
402743.3125;5862624;-3991.351807
402803.625;5862624;-3991.029785
402863.9063;5862624;-3990.750732
402924.2188;5862624;-3990.519531
402984.5313;5862624;-3990.326172
403044.8125;5862624;-3990.162842
403105.125;5862624;-3996.384277
403165.4375;5862624;-3996.339355
403225.7188;5862624;-3996.29541
403286.0313;5862624;-3996.192383
403346.3125;5862624;-3996.087402
403406.625;5862624;-3995.980713
403466.9375;5862624;-3995.802002
403527.2188;5862624;-3995.60791
403587.5313;5862624;-3995.385986
403647.8438;5862624;-3995.029541
403708.125;5862624;-3994.577393
403768.4375;5862624;-3993.980957
403828.7188;5862624;-3993.127686
403889.0313;5862624;-3992.036377
403949.3438;5862624;-3990.642334
404009.625;5862624;-3988.834717
404069.9375;5862624;-3986.770996
404130.25;5862624;-3984.540039
404190.5313;5862624;-3982.128174
404250.8438;5862624;-3979.69043
404311.125;5862624;-3977.381836
404371.4375;5862624;-3972.761719
404431.75;5862624;-3971.216553
404492.0313;5862624;-3969.988525
404552.3438;5862624;-3968.967285
404612.625;5862624;-3968.094971
404672.9375;5862624;-3967.405762
404733.25;5862624;-3966.764404
404793.5313;5862624;-3966.061279
404853.8438;5862624;-3965.301025
404914.1563;5862624;-3970.134521
404974.4375;5862624;-3971.18042
405034.75;5862624;-3970.544189
405095.0313;5862624;-3969.741699
405155.3438;5862624;-3968.644531
405215.6563;5862624;-3967.51001
405275.9375;5862624;-3966.449463
405336.25;5862624;-3965.365723
405396.5625;5862624;-3964.730469
405456.8438;5862624;-3964.919189
405517.1563;5862624;-3966.122803
405577.4375;5862624;-3967.221191
405637.75;5862624;-3970.229736
405698.0625;5862624;-3972.885254
405758.3438;5862624;-3974.599609
405818.6563;5862624;-3979.331787
405878.9688;5862624;-3973.742432
405939.25;5862624;-3964.629395
405999.5625;5862624;-3956.751709
406059.8438;5862624;-3952.720459
406120.1563;5862624;-3953.636719
406180.4688;5862624;-3956.716797
406240.75;5862624;-3960.430176
406301.0625;5862624;-3963.758789
406361.375;5862624;-3966.212402
406421.6563;5862624;-3967.593262
406481.9688;5862624;-3968.059814
406542.25;5862624;-3967.749023
406602.5625;5862624;-3966.863281
406662.875;5862624;-3965.81958
406723.1563;5862624;-3964.827393
406783.4688;5862624;-3965.300293
406843.7813;5862624;-3968.761719
406904.0625;5862624;-3971.786865
406964.375;5862624;-3974.219238
407024.6563;5862624;-3976.449463
407084.9688;5862624;-3978.354492
407145.2813;5862624;-3979.734619
407205.5625;5862624;-3980.60791
407265.875;5862624;-3981.181396
407326.1875;5862624;-3981.80835
407386.4688;5862624;-3982.68335
407446.7813;5862624;-3983.90332
407507.0625;5862624;-3985.429932
407567.375;5862624;-3987.159424
407627.6875;5862624;-3988.856689
407687.9688;5862624;-3990.443359
407748.2813;5862624;-3991.883057
407808.5938;5862624;-3993.103271
407868.875;5862624;-3994.142822
407929.1875;5862624;-3995.045898
407989.4688;5862624;-3995.848145
408049.7813;5862624;-3996.566406
408110.0938;5862624;-3997.2146
408170.375;5862624;-3997.807861
408230.6875;5862624;-3998.353516
408291;5862624;-3998.842285
408351.2813;5862624;-3999.290527
408411.5938;5862624;-3999.710449
408471.875;5862624;-4000.093506
408532.1875;5862624;-4000.429932
408592.5;5862624;-4000.734375
408652.7813;5862624;-4001.013916
408713.0938;5862624;-4001.265869
408773.4063;5862624;-4001.485596
408833.6875;5862624;-4001.677002
408894;5862624;-4001.846924
408954.2813;5862624;-4001.993652
409014.5938;5862624;-4002.11499
409074.9063;5862624;-4002.217529
409135.1875;5862624;-4002.29834
409195.5;5862624;-4002.356445
409255.8125;5862624;-4002.393799
409316.0938;5862624;-4002.410889
409376.4063;5862624;-4002.409912
401356.4063;5862685;-4004.061279
401416.6875;5862685;-4003.729736
401477;5862685;-4003.378418
401537.3125;5862685;-4003.002441
401597.5938;5862685;-4002.58252
401657.9063;5862685;-4002.123535
401718.2188;5862685;-4001.627686
401778.5;5862685;-4001.091797
401838.8125;5862685;-4000.508545
401899.0938;5862685;-3999.885254
401959.4063;5862685;-3999.230957
402019.7188;5862685;-3998.53833
402080;5862685;-3997.808105
402140.3125;5862685;-3997.066162
402200.625;5862685;-3996.316162
402260.9063;5862685;-3995.559082
402321.2188;5862685;-3994.821045
402381.5;5862685;-3994.112305
402441.8125;5862685;-3993.42749
402502.125;5862685;-3992.787354
402562.4063;5862685;-3992.213867
402622.7188;5862685;-3991.699219
402683.0313;5862685;-3991.246094
402743.3125;5862685;-3990.860107
402803.625;5862685;-3990.536377
402863.9063;5862685;-3990.262207
402924.2188;5862685;-3990.04248
402984.5313;5862685;-3989.864746
403044.8125;5862685;-3996.006104
403105.125;5862685;-3995.961182
403165.4375;5862685;-3995.927979
403225.7188;5862685;-3995.899658
403286.0313;5862685;-3995.817871
403346.3125;5862685;-3995.744385
403406.625;5862685;-3995.678711
403466.9375;5862685;-3995.551758
403527.2188;5862685;-3995.429199
403587.5313;5862685;-3995.295654
403647.8438;5862685;-3995.036865
403708.125;5862685;-3994.688232
403768.4375;5862685;-3994.182129
403828.7188;5862685;-3993.384277
403889.0313;5862685;-3992.298584
403949.3438;5862685;-3990.826416
404009.625;5862685;-3988.832275
404069.9375;5862685;-3986.500732
404130.25;5862685;-3983.934814
404190.5313;5862685;-3981.126465
404250.8438;5862685;-3978.266113
404311.125;5862685;-3975.552734
404371.4375;5862685;-3973.093262
404431.75;5862685;-3969.127686
404492.0313;5862685;-3967.705322
404552.3438;5862685;-3966.552246
404612.625;5862685;-3965.5979
404672.9375;5862685;-3964.873047
404733.25;5862685;-3964.215332
404793.5313;5862685;-3963.493652
404853.8438;5862685;-3962.703369
404914.1563;5862685;-3961.782715
404974.4375;5862685;-3969.165283
405034.75;5862685;-3968.487305
405095.0313;5862685;-3967.642822
405155.3438;5862685;-3966.506592
405215.6563;5862685;-3965.379395
405275.9375;5862685;-3964.37915
405336.25;5862685;-3963.395752
405396.5625;5862685;-3962.906006
405456.8438;5862685;-3963.186523
405517.1563;5862685;-3964.271484
405577.4375;5862685;-3966.150146
405637.75;5862685;-3966.841553
405698.0625;5862685;-3968.744385
405758.3438;5862685;-3969.730713
405818.6563;5862685;-3972.954102
405878.9688;5862685;-3966.135254
405939.25;5862685;-3955.361572
405999.5625;5862685;-3946.192383
406059.8438;5862685;-3943.21875
406120.1563;5862685;-3947.479736
406180.4688;5862685;-3952.770508
406240.75;5862685;-3957.452881
406301.0625;5862685;-3961.285889
406361.375;5862685;-3964.061279
406421.6563;5862685;-3965.429688
406481.9688;5862685;-3965.562744
406542.25;5862685;-3964.839111
406602.5625;5862685;-3963.556641
406662.875;5862685;-3962.175781
406723.1563;5862685;-3961.009277
406783.4688;5862685;-3960.156738
406843.7813;5862685;-3962.792969
406904.0625;5862685;-3966.303955
406964.375;5862685;-3969.19043
407024.6563;5862685;-3971.591309
407084.9688;5862685;-3973.719971
407145.2813;5862685;-3975.455566
407205.5625;5862685;-3976.797607
407265.875;5862685;-3977.881836
407326.1875;5862685;-3978.925049
407386.4688;5862685;-3980.079346
407446.7813;5862685;-3981.430664
407507.0625;5862685;-3982.968018
407567.375;5862685;-3984.62793
407627.6875;5862685;-3986.248291
407687.9688;5862685;-3987.775635
407748.2813;5862685;-3989.178467
407808.5938;5862685;-3990.397705
407868.875;5862685;-3991.463379
407929.1875;5862685;-3992.40918
407989.4688;5862685;-3993.266357
408049.7813;5862685;-3994.048096
408110.0938;5862685;-3994.760498
408170.375;5862685;-3995.41748
408230.6875;5862685;-3996.025146
408291;5862685;-3996.57251
408351.2813;5862685;-3997.076172
408411.5938;5862685;-3997.548828
408471.875;5862685;-3997.982178
408532.1875;5862685;-3998.364502
408592.5;5862685;-3998.712646
408652.7813;5862685;-3999.032959
408713.0938;5862685;-3999.32373
408773.4063;5862685;-3999.578369
408833.6875;5862685;-3999.803711
408894;5862685;-4000.004395
408954.2813;5862685;-4000.180664
409014.5938;5862685;-4000.328857
409074.9063;5862685;-4000.456055
409135.1875;5862685;-4000.55957
409195.5;5862685;-4000.639404
409255.8125;5862685;-4000.695801
409316.0938;5862685;-4000.730469
409376.4063;5862685;-4000.74585
401356.4063;5862745.5;-4004.693604
401416.6875;5862745.5;-4004.334961
401477;5862745.5;-4003.95752
401537.3125;5862745.5;-4003.554932
401597.5938;5862745.5;-4003.105225
401657.9063;5862745.5;-4002.614014
401718.2188;5862745.5;-4002.081299
401778.5;5862745.5;-4001.502686
401838.8125;5862745.5;-4000.870361
401899.0938;5862745.5;-4000.192871
401959.4063;5862745.5;-3999.478027
402019.7188;5862745.5;-3998.718018
402080;5862745.5;-3997.914307
402140.3125;5862745.5;-3997.095459
402200.625;5862745.5;-3996.266846
402260.9063;5862745.5;-3995.429443
402321.2188;5862745.5;-3994.615234
402381.5;5862745.5;-3993.834961
402441.8125;5862745.5;-3993.08374
402502.125;5862745.5;-3992.385742
402562.4063;5862745.5;-3991.767578
402622.7188;5862745.5;-3991.218262
402683.0313;5862745.5;-3990.740723
402743.3125;5862745.5;-3990.342285
402803.625;5862745.5;-3990.015625
402863.9063;5862745.5;-3989.746582
402924.2188;5862745.5;-3989.539063
402984.5313;5862745.5;-3989.379883
403044.8125;5862745.5;-3995.553223
403105.125;5862745.5;-3995.521484
403165.4375;5862745.5;-3995.50415
403225.7188;5862745.5;-3995.497803
403286.0313;5862745.5;-3995.446045
403346.3125;5862745.5;-3995.412842
403406.625;5862745.5;-3995.399658
403466.9375;5862745.5;-3995.339111
403527.2188;5862745.5;-3995.305664
403587.5313;5862745.5;-3995.283203
403647.8438;5862745.5;-3995.151123
403708.125;5862745.5;-3994.940186
403768.4375;5862745.5;-3994.561035
403828.7188;5862745.5;-3993.852783
403889.0313;5862745.5;-3992.797607
403949.3438;5862745.5;-3991.256592
404009.625;5862745.5;-3989.062744
404069.9375;5862745.5;-3986.432861
404130.25;5862745.5;-3983.486328
404190.5313;5862745.5;-3980.22168
404250.8438;5862745.5;-3976.876221
404311.125;5862745.5;-3973.702881
404371.4375;5862745.5;-3970.840576
404431.75;5862745.5;-3968.436035
404492.0313;5862745.5;-3966.551514
404552.3438;5862745.5;-3964.045654
404612.625;5862745.5;-3963.030273
404672.9375;5862745.5;-3962.299072
404733.25;5862745.5;-3961.654297
404793.5313;5862745.5;-3960.943848
404853.8438;5862745.5;-3960.147217
404914.1563;5862745.5;-3959.197754
404974.4375;5862745.5;-3958.126221
405034.75;5862745.5;-3966.508789
405095.0313;5862745.5;-3965.632813
405155.3438;5862745.5;-3964.467285
405215.6563;5862745.5;-3963.349854
405275.9375;5862745.5;-3962.398193
405336.25;5862745.5;-3961.477295
405396.5625;5862745.5;-3961.044922
405456.8438;5862745.5;-3961.256348
405517.1563;5862745.5;-3962.012207
405577.4375;5862745.5;-3963.236572
405637.75;5862745.5;-3962.597412
405698.0625;5862745.5;-3963.330811
405758.3438;5862745.5;-3962.853271
405818.6563;5862745.5;-3963.664307
405878.9688;5862745.5;-3956.185547
405939.25;5862745.5;-3945.898926
405999.5625;5862745.5;-3937.578369
406059.8438;5862745.5;-3936.421875
406120.1563;5862745.5;-3943.209473
406180.4688;5862745.5;-3950.156006
406240.75;5862745.5;-3955.429932
406301.0625;5862745.5;-3959.331299
406361.375;5862745.5;-3961.982178
406421.6563;5862745.5;-3963.188477
406481.9688;5862745.5;-3963.124512
406542.25;5862745.5;-3962.19165
406602.5625;5862745.5;-3960.766357
406662.875;5862745.5;-3959.022217
406723.1563;5862745.5;-3958.391113
406783.4688;5862745.5;-3958.234131
406843.7813;5862745.5;-3960.010254
406904.0625;5862745.5;-3962.646729
406964.375;5862745.5;-3965.14917
407024.6563;5862745.5;-3967.543945
407084.9688;5862745.5;-3969.810059
407145.2813;5862745.5;-3971.784424
407205.5625;5862745.5;-3973.44873
407265.875;5862745.5;-3974.886963
407326.1875;5862745.5;-3976.223877
407386.4688;5862745.5;-3977.585938
407446.7813;5862745.5;-3979.035889
407507.0625;5862745.5;-3980.575195
407567.375;5862745.5;-3982.171875
407627.6875;5862745.5;-3983.723389
407687.9688;5862745.5;-3985.196777
407748.2813;5862745.5;-3986.564697
407808.5938;5862745.5;-3987.78125
407868.875;5862745.5;-3988.870361
407929.1875;5862745.5;-3989.855713
407989.4688;5862745.5;-3990.763916
408049.7813;5862745.5;-3991.60376
408110.0938;5862745.5;-3992.375732
408170.375;5862745.5;-3993.091553
408230.6875;5862745.5;-3993.756592
408291;5862745.5;-3994.35791
408351.2813;5862745.5;-3994.913086
408411.5938;5862745.5;-3995.435059
408471.875;5862745.5;-3995.914795
408532.1875;5862745.5;-3996.340088
408592.5;5862745.5;-3996.729492
408652.7813;5862745.5;-3997.088379
408713.0938;5862745.5;-3997.415527
408773.4063;5862745.5;-3997.70459
408833.6875;5862745.5;-3997.961426
408894;5862745.5;-3998.191406
408954.2813;5862745.5;-3998.395752
409014.5938;5862745.5;-3998.570313
409074.9063;5862745.5;-3998.720459
409135.1875;5862745.5;-3998.846924
409195.5;5862745.5;-3998.946777
409255.8125;5862745.5;-3999.02124
409316.0938;5862745.5;-3999.073242
409376.4063;5862745.5;-3999.105469
401356.4063;5862806;-4005.347412
401416.6875;5862806;-4004.962402
401477;5862806;-4004.560303
401537.3125;5862806;-4004.133057
401597.5938;5862806;-4003.655518
401657.9063;5862806;-4003.133057
401718.2188;5862806;-4002.56665
401778.5;5862806;-4001.94751
401838.8125;5862806;-4001.267334
401899.0938;5862806;-4000.536377
401959.4063;5862806;-3999.760254
402019.7188;5862806;-3998.930664
402080;5862806;-3998.049316
402140.3125;5862806;-3997.147705
402200.625;5862806;-3996.23291
402260.9063;5862806;-3995.306641
402321.2188;5862806;-3994.407471
402381.5;5862806;-3993.547852
402441.8125;5862806;-3992.721436
402502.125;5862806;-3991.957275
402562.4063;5862806;-3991.286865
402622.7188;5862806;-3990.695801
402683.0313;5862806;-3990.188965
402743.3125;5862806;-3989.775146
402803.625;5862806;-3989.446777
402863.9063;5862806;-3989.186523
402924.2188;5862806;-3988.996582
402984.5313;5862806;-3995.005371
403044.8125;5862806;-3995.045898
403105.125;5862806;-3995.032471
403165.4375;5862806;-3995.037598
403225.7188;5862806;-3995.061523
403286.0313;5862806;-3995.050293
403346.3125;5862806;-3995.069824
403406.625;5862806;-3995.121338
403466.9375;5862806;-3995.139893
403527.2188;5862806;-3995.211426
403587.5313;5862806;-3995.322266
403647.8438;5862806;-3995.345215
403708.125;5862806;-3995.310059
403768.4375;5862806;-3995.102051
403828.7188;5862806;-3994.526611
403889.0313;5862806;-3993.537109
403949.3438;5862806;-3991.94165
404009.625;5862806;-3989.531494
404069.9375;5862806;-3986.562256
404130.25;5862806;-3983.172852
404190.5313;5862806;-3979.373535
404250.8438;5862806;-3975.464844
404311.125;5862806;-3971.765625
404371.4375;5862806;-3968.456055
404431.75;5862806;-3965.723877
404492.0313;5862806;-3963.646484
404552.3438;5862806;-3962.185791
404612.625;5862806;-3960.32251
404672.9375;5862806;-3959.630615
404733.25;5862806;-3959.047607
404793.5313;5862806;-3958.392578
404853.8438;5862806;-3957.628174
404914.1563;5862806;-3956.677002
404974.4375;5862806;-3955.591797
405034.75;5862806;-3964.505371
405095.0313;5862806;-3963.588867
405155.3438;5862806;-3962.391357
405215.6563;5862806;-3961.27124
405275.9375;5862806;-3960.334473
405336.25;5862806;-3959.4104
405396.5625;5862806;-3958.908936
405456.8438;5862806;-3958.888184
405517.1563;5862806;-3959.171875
405577.4375;5862806;-3959.664551
405637.75;5862806;-3959.986816
405698.0625;5862806;-3957.2146
405758.3438;5862806;-3955.325195
405818.6563;5862806;-3951.494385
405878.9688;5862806;-3947.371582
405939.25;5862806;-3939.292236
405999.5625;5862806;-3933.929688
406059.8438;5862806;-3934.647705
406120.1563;5862806;-3941.884766
406180.4688;5862806;-3948.849609
406240.75;5862806;-3953.739258
406301.0625;5862806;-3957.184814
406361.375;5862806;-3959.388916
406421.6563;5862806;-3960.406982
406481.9688;5862806;-3960.412354
406542.25;5862806;-3959.599609
406602.5625;5862806;-3957.505371
406662.875;5862806;-3956.62915
406723.1563;5862806;-3956.171875
406783.4688;5862806;-3956.37207
406843.7813;5862806;-3957.720459
406904.0625;5862806;-3959.741455
406964.375;5862806;-3962.020996
407024.6563;5862806;-3964.341797
407084.9688;5862806;-3966.613281
407145.2813;5862806;-3968.681641
407205.5625;5862806;-3970.513916
407265.875;5862806;-3972.153076
407326.1875;5862806;-3973.666748
407386.4688;5862806;-3975.159912
407446.7813;5862806;-3976.673096
407507.0625;5862806;-3978.211914
407567.375;5862806;-3979.763184
407627.6875;5862806;-3981.265137
407687.9688;5862806;-3982.700928
407748.2813;5862806;-3984.045654
407808.5938;5862806;-3985.264893
407868.875;5862806;-3986.378418
407929.1875;5862806;-3987.401611
407989.4688;5862806;-3988.356934
408049.7813;5862806;-3989.249512
408110.0938;5862806;-3990.074463
408170.375;5862806;-3990.842773
408230.6875;5862806;-3991.559082
408291;5862806;-3992.20874
408351.2813;5862806;-3992.809814
408411.5938;5862806;-3993.376221
408471.875;5862806;-3993.898438
408532.1875;5862806;-3994.363281
408592.5;5862806;-3994.790039
408652.7813;5862806;-3995.185303
408713.0938;5862806;-3995.546143
408773.4063;5862806;-3995.866943
408833.6875;5862806;-3996.15332
408894;5862806;-3996.411377
408954.2813;5862806;-3996.64209
409014.5938;5862806;-3996.84082
409074.9063;5862806;-3997.013916
409135.1875;5862806;-3997.161377
409195.5;5862806;-3997.281494
409255.8125;5862806;-3997.373779
409316.0938;5862806;-3997.442139
409376.4063;5862806;-3997.490234
401356.4063;5862866.5;-4006.02124
401416.6875;5862866.5;-4005.611816
401477;5862866.5;-4005.187744
401537.3125;5862866.5;-4004.73999
401597.5938;5862866.5;-4004.239502
401657.9063;5862866.5;-4003.69165
401718.2188;5862866.5;-4003.096191
401778.5;5862866.5;-4002.440918
401838.8125;5862866.5;-4001.717285
401899.0938;5862866.5;-4000.936035
401959.4063;5862866.5;-4000.100342
402019.7188;5862866.5;-3999.199951
402080;5862866.5;-3998.234619
402140.3125;5862866.5;-3997.242188
402200.625;5862866.5;-3996.229492
402260.9063;5862866.5;-3995.20166
402321.2188;5862866.5;-3994.203857
402381.5;5862866.5;-3993.252441
402441.8125;5862866.5;-3992.338379
402502.125;5862866.5;-3991.495605
402562.4063;5862866.5;-3990.760498
402622.7188;5862866.5;-3990.114746
402683.0313;5862866.5;-3989.568604
402743.3125;5862866.5;-3989.137451
402803.625;5862866.5;-3988.808838
402863.9063;5862866.5;-3988.5625
402924.2188;5862866.5;-3988.400879
402984.5313;5862866.5;-3994.386963
403044.8125;5862866.5;-3994.45166
403105.125;5862866.5;-3994.465576
403165.4375;5862866.5;-3994.50415
403225.7188;5862866.5;-3994.570801
403286.0313;5862866.5;-3994.614502
403346.3125;5862866.5;-3994.698242
403406.625;5862866.5;-3994.822998
403466.9375;5862866.5;-3994.92749
403527.2188;5862866.5;-3995.108643
403587.5313;5862866.5;-3995.359131
403647.8438;5862866.5;-3995.557617
403708.125;5862866.5;-3995.734131
403768.4375;5862866.5;-3995.748535
403828.7188;5862866.5;-3995.362793
403889.0313;5862866.5;-3994.487793
403949.3438;5862866.5;-3992.859131
404009.625;5862866.5;-3990.214355
404069.9375;5862866.5;-3986.851074
404130.25;5862866.5;-3982.932373
404190.5313;5862866.5;-3978.491455
404250.8438;5862866.5;-3973.915527
404311.125;5862866.5;-3969.612305
404371.4375;5862866.5;-3965.812988
404431.75;5862866.5;-3962.755615
404492.0313;5862866.5;-3960.525391
404552.3438;5862866.5;-3959.047119
404612.625;5862866.5;-3958.244629
404672.9375;5862866.5;-3956.7854
404733.25;5862866.5;-3956.334961
404793.5313;5862866.5;-3955.803711
404853.8438;5862866.5;-3955.127686
404914.1563;5862866.5;-3954.214111
404974.4375;5862866.5;-3953.13916
405034.75;5862866.5;-3951.85791
405095.0313;5862866.5;-3961.359863
405155.3438;5862866.5;-3960.122559
405215.6563;5862866.5;-3958.979004
405275.9375;5862866.5;-3958.015625
405336.25;5862866.5;-3957.019287
405396.5625;5862866.5;-3956.317139
405456.8438;5862866.5;-3955.92334
405517.1563;5862866.5;-3955.686035
405577.4375;5862866.5;-3955.565186
405637.75;5862866.5;-3955.177979
405698.0625;5862866.5;-3953.948486
405758.3438;5862866.5;-3948.713623
405818.6563;5862866.5;-3944.515381
405878.9688;5862866.5;-3940.902832
405939.25;5862866.5;-3935.67041
405999.5625;5862866.5;-3932.985352
406059.8438;5862866.5;-3934.682129
406120.1563;5862866.5;-3940.958984
406180.4688;5862866.5;-3946.919678
406240.75;5862866.5;-3951.16748
406301.0625;5862866.5;-3954.213867
406361.375;5862866.5;-3956.143555
406421.6563;5862866.5;-3957.143799
406481.9688;5862866.5;-3957.392822
406542.25;5862866.5;-3956.002686
406602.5625;5862866.5;-3955.273193
406662.875;5862866.5;-3954.680908
406723.1563;5862866.5;-3954.407715
406783.4688;5862866.5;-3954.676025
406843.7813;5862866.5;-3955.81958
406904.0625;5862866.5;-3957.578857
406964.375;5862866.5;-3959.659668
407024.6563;5862866.5;-3961.827881
407084.9688;5862866.5;-3964.01001
407145.2813;5862866.5;-3966.064209
407205.5625;5862866.5;-3967.943604
407265.875;5862866.5;-3969.668213
407326.1875;5862866.5;-3971.270508
407386.4688;5862866.5;-3972.826904
407446.7813;5862866.5;-3974.370361
407507.0625;5862866.5;-3975.905518
407567.375;5862866.5;-3977.426025
407627.6875;5862866.5;-3978.896484
407687.9688;5862866.5;-3980.309326
407748.2813;5862866.5;-3981.642822
407808.5938;5862866.5;-3982.870605
407868.875;5862866.5;-3984.009766
407929.1875;5862866.5;-3985.068115
407989.4688;5862866.5;-3986.064941
408049.7813;5862866.5;-3987.001953
408110.0938;5862866.5;-3987.872314
408170.375;5862866.5;-3988.684814
408230.6875;5862866.5;-3989.443848
408291;5862866.5;-3990.134766
408351.2813;5862866.5;-3990.775879
408411.5938;5862866.5;-3991.380859
408471.875;5862866.5;-3991.940186
408532.1875;5862866.5;-3992.439697
408592.5;5862866.5;-3992.900635
408652.7813;5862866.5;-3993.327881
408713.0938;5862866.5;-3993.719482
408773.4063;5862866.5;-3994.06958
408833.6875;5862866.5;-3994.383545
408894;5862866.5;-3994.666992
408954.2813;5862866.5;-3994.922119
409014.5938;5862866.5;-3995.143799
409074.9063;5862866.5;-3995.338379
409135.1875;5862866.5;-3995.506348
409195.5;5862866.5;-3995.645264
409255.8125;5862866.5;-3995.754639
409316.0938;5862866.5;-3995.838867
409376.4063;5862866.5;-3995.901855
401356.4063;5862927;-4006.700439
401416.6875;5862927;-4006.271973
401477;5862927;-4005.832031
401537.3125;5862927;-4005.369873
401597.5938;5862927;-4004.854248
401657.9063;5862927;-4004.289551
401718.2188;5862927;-4003.67627
401778.5;5862927;-4002.996582
401838.8125;5862927;-4002.242188
401899.0938;5862927;-4001.421631
401959.4063;5862927;-4000.534424
402019.7188;5862927;-3999.567139
402080;5862927;-3998.516113
402140.3125;5862927;-3997.426514
402200.625;5862927;-3996.307861
402260.9063;5862927;-3995.16626
402321.2188;5862927;-3994.058838
402381.5;5862927;-3993.004639
402441.8125;5862927;-3991.991455
402502.125;5862927;-3991.058105
402562.4063;5862927;-3990.244873
402622.7188;5862927;-3989.529541
402683.0313;5862927;-3988.928955
402743.3125;5862927;-3988.467529
402803.625;5862927;-3988.131592
402863.9063;5862927;-3987.897461
402924.2188;5862927;-3993.688232
402984.5313;5862927;-3993.73999
403044.8125;5862927;-3993.84082
403105.125;5862927;-3993.894775
403165.4375;5862927;-3993.981689
403225.7188;5862927;-3994.105713
403286.0313;5862927;-3994.218262
403346.3125;5862927;-3994.374756
403406.625;5862927;-3994.573486
403466.9375;5862927;-3994.753662
403527.2188;5862927;-3995.0271
403587.5313;5862927;-3995.402588
403647.8438;5862927;-3995.772705
403708.125;5862927;-3996.18042
403768.4375;5862927;-3996.462891
403828.7188;5862927;-3996.322998
403889.0313;5862927;-3995.61377
403949.3438;5862927;-3993.975586
404009.625;5862927;-3991.068604
404069.9375;5862927;-3987.241699
404130.25;5862927;-3982.6875
404190.5313;5862927;-3977.471191
404250.8438;5862927;-3972.098145
404311.125;5862927;-3967.09082
404371.4375;5862927;-3962.744873
404431.75;5862927;-3959.359619
404492.0313;5862927;-3957.016602
404552.3438;5862927;-3955.575684
404612.625;5862927;-3954.928467
404672.9375;5862927;-3954.77832
404733.25;5862927;-3953.453369
404793.5313;5862927;-3953.103516
404853.8438;5862927;-3952.562256
404914.1563;5862927;-3951.712891
404974.4375;5862927;-3950.661621
405034.75;5862927;-3949.370117
405095.0313;5862927;-3947.947754
405155.3438;5862927;-3957.820313
405215.6563;5862927;-3956.625
405275.9375;5862927;-3955.57959
405336.25;5862927;-3954.425537
405396.5625;5862927;-3953.369873
405456.8438;5862927;-3952.446289
405517.1563;5862927;-3951.660645
405577.4375;5862927;-3951.099609
405637.75;5862927;-3950.443115
405698.0625;5862927;-3948.972656
405758.3438;5862927;-3946.165039
405818.6563;5862927;-3939.051514
405878.9688;5862927;-3935.801514
405939.25;5862927;-3933.081787
405999.5625;5862927;-3932.345215
406059.8438;5862927;-3934.349854
406120.1563;5862927;-3939.139648
406180.4688;5862927;-3943.901123
406240.75;5862927;-3947.728516
406301.0625;5862927;-3950.626709
406361.375;5862927;-3952.52124
406421.6563;5862927;-3953.678467
406481.9688;5862927;-3954.285889
406542.25;5862927;-3953.459229
406602.5625;5862927;-3953.168213
406662.875;5862927;-3952.922119
406723.1563;5862927;-3952.890137
406783.4688;5862927;-3953.257813
406843.7813;5862927;-3954.3125
406904.0625;5862927;-3955.889404
406964.375;5862927;-3957.759277
407024.6563;5862927;-3959.742676
407084.9688;5862927;-3961.781738
407145.2813;5862927;-3963.750244
407205.5625;5862927;-3965.597412
407265.875;5862927;-3967.329834
407326.1875;5862927;-3968.959961
407386.4688;5862927;-3970.543213
407446.7813;5862927;-3972.099609
407507.0625;5862927;-3973.632813
407567.375;5862927;-3975.136963
407627.6875;5862927;-3976.593262
407687.9688;5862927;-3977.998779
407748.2813;5862927;-3979.332031
407808.5938;5862927;-3980.575684
407868.875;5862927;-3981.740967
407929.1875;5862927;-3982.833252
407989.4688;5862927;-3983.867432
408049.7813;5862927;-3984.84375
408110.0938;5862927;-3985.75293
408170.375;5862927;-3986.604248
408230.6875;5862927;-3987.400391
408291;5862927;-3988.128174
408351.2813;5862927;-3988.804443
408411.5938;5862927;-3989.444092
408471.875;5862927;-3990.036865
408532.1875;5862927;-3990.568604
408592.5;5862927;-3991.060059
408652.7813;5862927;-3991.51709
408713.0938;5862927;-3991.937012
408773.4063;5862927;-3992.313965
408833.6875;5862927;-3992.653809
408894;5862927;-3992.961182
408954.2813;5862927;-3993.239502
409014.5938;5862927;-3993.483154
409074.9063;5862927;-3993.698242
409135.1875;5862927;-3993.885498
409195.5;5862927;-3994.04248
409255.8125;5862927;-3994.167725
409316.0938;5862927;-3994.267822
409376.4063;5862927;-3994.344727
401356.4063;5862988;-4007.380127
401416.6875;5862988;-4006.938232
401477;5862988;-4006.489746
401537.3125;5862988;-4006.021973
401597.5938;5862988;-4005.500977
401657.9063;5862988;-4004.932617
401718.2188;5862988;-4004.315186
401778.5;5862988;-4003.626709
401838.8125;5862988;-4002.856445
401899.0938;5862988;-4002.01123
401959.4063;5862988;-4001.08252
402019.7188;5862988;-4000.052002
402080;5862988;-3998.911377
402140.3125;5862988;-3997.714844
402200.625;5862988;-3996.47583
402260.9063;5862988;-3995.20459
402321.2188;5862988;-3993.973633
402381.5;5862988;-3992.804932
402441.8125;5862988;-3991.682373
402502.125;5862988;-3990.648438
402562.4063;5862988;-3989.743652
402622.7188;5862988;-3988.943604
402683.0313;5862988;-3988.272705
402743.3125;5862988;-3987.76709
402803.625;5862988;-3987.415771
402863.9063;5862988;-3987.194336
402924.2188;5862988;-3992.973633
402984.5313;5862988;-3993.060547
403044.8125;5862988;-3993.210449
403105.125;5862988;-3993.321045
403165.4375;5862988;-3993.470947
403225.7188;5862988;-3993.669434
403286.0313;5862988;-3993.864014
403346.3125;5862988;-3994.098145
403406.625;5862988;-3994.364258
403466.9375;5862988;-3994.598633
403527.2188;5862988;-3994.92749
403587.5313;5862988;-3995.392822
403647.8438;5862988;-3995.912842
403708.125;5862988;-3996.564697
403768.4375;5862988;-3997.168213
403828.7188;5862988;-3997.346191
403889.0313;5862988;-3996.873291
403949.3438;5862988;-3995.271973
404009.625;5862988;-3992.087891
404069.9375;5862988;-3987.729492
404130.25;5862988;-3982.427979
404190.5313;5862988;-3976.293213
404250.8438;5862988;-3969.981689
404311.125;5862988;-3964.157715
404371.4375;5862988;-3959.200928
404431.75;5862988;-3955.499756
404492.0313;5862988;-3953.111816
404552.3438;5862988;-3951.781006
404612.625;5862988;-3951.351318
404672.9375;5862988;-3951.48877
404733.25;5862988;-3951.875732
404793.5313;5862988;-3950.313965
404853.8438;5862988;-3949.950195
404914.1563;5862988;-3949.176758
404974.4375;5862988;-3948.155029
405034.75;5862988;-3946.851807
405095.0313;5862988;-3945.4021
405155.3438;5862988;-3943.991455
405215.6563;5862988;-3954.057861
405275.9375;5862988;-3952.831543
405336.25;5862988;-3951.378906
405396.5625;5862988;-3949.759033
405456.8438;5862988;-3948.119385
405517.1563;5862988;-3946.762695
405577.4375;5862988;-3945.983887
405637.75;5862988;-3945.548828
405698.0625;5862988;-3944.591064
405758.3438;5862988;-3942.216797
405818.6563;5862988;-3938.530762
405878.9688;5862988;-3932.509033
405939.25;5862988;-3930.97876
405999.5625;5862988;-3931.108887
406059.8438;5862988;-3933.07373
406120.1563;5862988;-3936.741211
406180.4688;5862988;-3940.565186
406240.75;5862988;-3943.98291
406301.0625;5862988;-3946.772461
406361.375;5862988;-3948.775391
406421.6563;5862988;-3950.213135
406481.9688;5862988;-3950.520508
406542.25;5862988;-3950.998291
406602.5625;5862988;-3951.161621
406662.875;5862988;-3951.276367
406723.1563;5862988;-3951.507568
406783.4688;5862988;-3952.017578
406843.7813;5862988;-3953.050781
406904.0625;5862988;-3954.487061
406964.375;5862988;-3956.166504
407024.6563;5862988;-3957.964111
407084.9688;5862988;-3959.835205
407145.2813;5862988;-3961.677979
407205.5625;5862988;-3963.445801
407265.875;5862988;-3965.138184
407326.1875;5862988;-3966.757813
407386.4688;5862988;-3968.341797
407446.7813;5862988;-3969.899658
407507.0625;5862988;-3971.431885
407567.375;5862988;-3972.929199
407627.6875;5862988;-3974.381348
407687.9688;5862988;-3975.788574
407748.2813;5862988;-3977.129883
407808.5938;5862988;-3978.390625
407868.875;5862988;-3979.581787
407929.1875;5862988;-3980.702881
407989.4688;5862988;-3981.769043
408049.7813;5862988;-3982.77832
408110.0938;5862988;-3983.719971
408170.375;5862988;-3984.603027
408230.6875;5862988;-3985.430908
408291;5862988;-3986.189453
408351.2813;5862988;-3986.896484
408411.5938;5862988;-3987.56665
408471.875;5862988;-3988.188965
408532.1875;5862988;-3988.749512
408592.5;5862988;-3989.268799
408652.7813;5862988;-3989.752686
408713.0938;5862988;-3990.197998
408773.4063;5862988;-3990.600098
408833.6875;5862988;-3990.962891
408894;5862988;-3991.292969
408954.2813;5862988;-3991.592773
409014.5938;5862988;-3991.856934
409074.9063;5862988;-3992.091309
409135.1875;5862988;-3992.296631
409195.5;5862988;-3992.470459
409255.8125;5862988;-3992.61084
409316.0938;5862988;-3992.725342
409376.4063;5862988;-3992.81543
401356.4063;5863048.5;-4008.054688
401416.6875;5863048.5;-4007.608643
401477;5863048.5;-4007.160645
401537.3125;5863048.5;-4006.69873
401597.5938;5863048.5;-4006.186768
401657.9063;5863048.5;-4005.631836
401718.2188;5863048.5;-4005.030762
401778.5;5863048.5;-4004.355713
401838.8125;5863048.5;-4003.592773
401899.0938;5863048.5;-4002.740479
401959.4063;5863048.5;-4001.782227
402019.7188;5863048.5;-4000.687744
402080;5863048.5;-3999.441895
402140.3125;5863048.5;-3998.114502
402200.625;5863048.5;-3996.726807
402260.9063;5863048.5;-3995.298096
402321.2188;5863048.5;-3993.923584
402381.5;5863048.5;-3992.628418
402441.8125;5863048.5;-3991.388428
402502.125;5863048.5;-3990.248047
402562.4063;5863048.5;-3989.243896
402622.7188;5863048.5;-3988.345947
402683.0313;5863048.5;-3987.590088
402743.3125;5863048.5;-3987.029053
402803.625;5863048.5;-3986.656982
402863.9063;5863048.5;-3986.452393
402924.2188;5863048.5;-3992.189941
402984.5313;5863048.5;-3992.329346
403044.8125;5863048.5;-3992.545654
403105.125;5863048.5;-3992.729492
403165.4375;5863048.5;-3992.959961
403225.7188;5863048.5;-3993.249512
403286.0313;5863048.5;-3993.541748
403346.3125;5863048.5;-3993.856445
403406.625;5863048.5;-3994.173096
403466.9375;5863048.5;-3994.418701
403527.2188;5863048.5;-3994.733643
403587.5313;5863048.5;-3995.215088
403647.8438;5863048.5;-3995.834961
403708.125;5863048.5;-3996.734375
403768.4375;5863048.5;-3997.734619
403828.7188;5863048.5;-3998.347168
403889.0313;5863048.5;-3998.245605
403949.3438;5863048.5;-3996.792969
404009.625;5863048.5;-3993.351318
404069.9375;5863048.5;-3988.395508
404130.25;5863048.5;-3982.214111
404190.5313;5863048.5;-3974.991699
404250.8438;5863048.5;-3967.55835
404311.125;5863048.5;-3960.751221
404371.4375;5863048.5;-3955.082031
404431.75;5863048.5;-3951.092529
404492.0313;5863048.5;-3948.791748
404552.3438;5863048.5;-3947.695313
404612.625;5863048.5;-3947.559082
404672.9375;5863048.5;-3948.025146
404733.25;5863048.5;-3948.766357
404793.5313;5863048.5;-3949.525879
404853.8438;5863048.5;-3947.416992
404914.1563;5863048.5;-3946.659912
404974.4375;5863048.5;-3945.637695
405034.75;5863048.5;-3944.319824
405095.0313;5863048.5;-3942.821777
405155.3438;5863048.5;-3941.303223
405215.6563;5863048.5;-3939.717773
405275.9375;5863048.5;-3949.300781
405336.25;5863048.5;-3947.217773
405396.5625;5863048.5;-3944.703369
405456.8438;5863048.5;-3942.165771
405517.1563;5863048.5;-3940.233398
405577.4375;5863048.5;-3939.472168
405637.75;5863048.5;-3939.833984
405698.0625;5863048.5;-3940.595215
405758.3438;5863048.5;-3939.555664
405818.6563;5863048.5;-3936.620605
405878.9688;5863048.5;-3938.128174
405939.25;5863048.5;-3929.423584
405999.5625;5863048.5;-3929.39917
406059.8438;5863048.5;-3930.997559
406120.1563;5863048.5;-3933.92627
406180.4688;5863048.5;-3937.178467
406240.75;5863048.5;-3940.3125
406301.0625;5863048.5;-3943.067627
406361.375;5863048.5;-3945.23999
406421.6563;5863048.5;-3946.459717
406481.9688;5863048.5;-3947.754395
406542.25;5863048.5;-3948.673096
406602.5625;5863048.5;-3949.262939
406662.875;5863048.5;-3949.729248
406723.1563;5863048.5;-3950.234375
406783.4688;5863048.5;-3950.913818
406843.7813;5863048.5;-3951.959473
406904.0625;5863048.5;-3953.293457
406964.375;5863048.5;-3954.813965
407024.6563;5863048.5;-3956.442383
407084.9688;5863048.5;-3958.14502
407145.2813;5863048.5;-3959.847412
407205.5625;5863048.5;-3961.518311
407265.875;5863048.5;-3963.147949
407326.1875;5863048.5;-3964.735352
407386.4688;5863048.5;-3966.302979
407446.7813;5863048.5;-3967.851318
407507.0625;5863048.5;-3969.377441
407567.375;5863048.5;-3970.869141
407627.6875;5863048.5;-3972.319824
407687.9688;5863048.5;-3973.729492
407748.2813;5863048.5;-3975.077637
407808.5938;5863048.5;-3976.352051
407868.875;5863048.5;-3977.561768
407929.1875;5863048.5;-3978.703613
407989.4688;5863048.5;-3979.79248
408049.7813;5863048.5;-3980.824219
408110.0938;5863048.5;-3981.789551
408170.375;5863048.5;-3982.696289
408230.6875;5863048.5;-3983.547852
408291;5863048.5;-3984.330811
408351.2813;5863048.5;-3985.062012
408411.5938;5863048.5;-3985.756836
408471.875;5863048.5;-3986.403076
408532.1875;5863048.5;-3986.987549
408592.5;5863048.5;-3987.530029
408652.7813;5863048.5;-3988.037109
408713.0938;5863048.5;-3988.505127
408773.4063;5863048.5;-3988.928223
408833.6875;5863048.5;-3989.3125
408894;5863048.5;-3989.661865
408954.2813;5863048.5;-3989.980713
409014.5938;5863048.5;-3990.263672
409074.9063;5863048.5;-3990.515137
409135.1875;5863048.5;-3990.736572
409195.5;5863048.5;-3990.92627
409255.8125;5863048.5;-3991.080566
409316.0938;5863048.5;-3991.207764
409376.4063;5863048.5;-3991.309814
401356.4063;5863109;-4008.701904
401416.6875;5863109;-4008.261963
401477;5863109;-4007.826904
401537.3125;5863109;-4007.38501
401597.5938;5863109;-4006.900635
401657.9063;5863109;-4006.383301
401718.2188;5863109;-4005.827393
401778.5;5863109;-4005.19751
401838.8125;5863109;-4004.472168
401899.0938;5863109;-4003.635986
401959.4063;5863109;-4002.656494
402019.7188;5863109;-4001.487061
402080;5863109;-4000.101807
402140.3125;5863109;-3998.5979
402200.625;5863109;-3997.011963
402260.9063;5863109;-3995.380371
402321.2188;5863109;-3993.838867
402381.5;5863109;-3992.409912
402441.8125;5863109;-3991.057617
402502.125;5863109;-3989.822754
402562.4063;5863109;-3988.729004
402622.7188;5863109;-3987.735107
402683.0313;5863109;-3986.889893
402743.3125;5863109;-3986.264648
402803.625;5863109;-3985.865967
402863.9063;5863109;-3991.372803
402924.2188;5863109;-3991.398438
402984.5313;5863109;-3991.614258
403044.8125;5863109;-3991.916748
403105.125;5863109;-3992.186035
403165.4375;5863109;-3992.505615
403225.7188;5863109;-3992.89624
403286.0313;5863109;-3993.302002
403346.3125;5863109;-3993.700928
403406.625;5863109;-3994.047119
403466.9375;5863109;-3994.242432
403527.2188;5863109;-3994.435547
403587.5313;5863109;-3994.811768
403647.8438;5863109;-3995.434326
403708.125;5863109;-3996.563477
403768.4375;5863109;-3998.058105
403828.7188;5863109;-3999.286865
403889.0313;5863109;-3999.794678
403949.3438;5863109;-3998.727051
404009.625;5863109;-3995.108398
404069.9375;5863109;-3989.480225
404130.25;5863109;-3982.241211
404190.5313;5863109;-3973.714844
404250.8438;5863109;-3964.920898
404311.125;5863109;-3956.888672
404371.4375;5863109;-3950.330811
404431.75;5863109;-3946.074463
404492.0313;5863109;-3944.047119
404552.3438;5863109;-3943.363281
404612.625;5863109;-3943.626953
404672.9375;5863109;-3944.464111
404733.25;5863109;-3945.616455
404793.5313;5863109;-3946.795654
404853.8438;5863109;-3947.304932
404914.1563;5863109;-3944.035889
404974.4375;5863109;-3942.950439
405034.75;5863109;-3941.60083
405095.0313;5863109;-3940.043457
405155.3438;5863109;-3938.362061
405215.6563;5863109;-3936.38916
405275.9375;5863109;-3934.027588
405336.25;5863109;-3941.924072
405396.5625;5863109;-3938.155762
405456.8438;5863109;-3934.60791
405517.1563;5863109;-3932.179199
405577.4375;5863109;-3931.563477
405637.75;5863109;-3932.906982
405698.0625;5863109;-3936.330566
405758.3438;5863109;-3937.061035
405818.6563;5863109;-3934.293701
405878.9688;5863109;-3936.16748
405939.25;5863109;-3934.452881
405999.5625;5863109;-3927.187256
406059.8438;5863109;-3928.449707
406120.1563;5863109;-3930.91626
406180.4688;5863109;-3933.843018
406240.75;5863109;-3936.822998
406301.0625;5863109;-3939.598633
406361.375;5863109;-3941.518066
406421.6563;5863109;-3943.523193
406481.9688;5863109;-3945.123291
406542.25;5863109;-3946.386475
406602.5625;5863109;-3947.315918
406662.875;5863109;-3948.068115
406723.1563;5863109;-3948.805908
406783.4688;5863109;-3949.639404
406843.7813;5863109;-3950.719482
406904.0625;5863109;-3951.991943
406964.375;5863109;-3953.399902
407024.6563;5863109;-3954.904785
407084.9688;5863109;-3956.477783
407145.2813;5863109;-3958.069824
407205.5625;5863109;-3959.662354
407265.875;5863109;-3961.240967
407326.1875;5863109;-3962.801025
407386.4688;5863109;-3964.355713
407446.7813;5863109;-3965.897461
407507.0625;5863109;-3967.421143
407567.375;5863109;-3968.911621
407627.6875;5863109;-3970.363037
407687.9688;5863109;-3971.776855
407748.2813;5863109;-3973.130859
407808.5938;5863109;-3974.415527
407868.875;5863109;-3975.63916
407929.1875;5863109;-3976.796387
407989.4688;5863109;-3977.901855
408049.7813;5863109;-3978.950928
408110.0938;5863109;-3979.934814
408170.375;5863109;-3980.860352
408230.6875;5863109;-3981.731689
408291;5863109;-3982.534668
408351.2813;5863109;-3983.287354
408411.5938;5863109;-3984.003174
408471.875;5863109;-3984.671387
408532.1875;5863109;-3985.2771
408592.5;5863109;-3985.84082
408652.7813;5863109;-3986.368652
408713.0938;5863109;-3986.856934
408773.4063;5863109;-3987.299805
408833.6875;5863109;-3987.703125
408894;5863109;-3988.071533
408954.2813;5863109;-3988.408203
409014.5938;5863109;-3988.708252
409074.9063;5863109;-3988.975586
409135.1875;5863109;-3989.212891
409195.5;5863109;-3989.417725
409255.8125;5863109;-3989.585449
409316.0938;5863109;-3989.725098
409376.4063;5863109;-3989.839355
401356.4063;5863169.5;-4009.313477
401416.6875;5863169.5;-4008.89209
401477;5863169.5;-4008.481934
401537.3125;5863169.5;-4008.074463
401597.5938;5863169.5;-4007.638428
401657.9063;5863169.5;-4007.185059
401718.2188;5863169.5;-4006.706543
401778.5;5863169.5;-4006.155762
401838.8125;5863169.5;-4005.496582
401899.0938;5863169.5;-4004.692383
401959.4063;5863169.5;-4003.687988
402019.7188;5863169.5;-4002.411621
402080;5863169.5;-4000.825928
402140.3125;5863169.5;-3999.071777
402200.625;5863169.5;-3997.212646
402260.9063;5863169.5;-3995.318604
402321.2188;5863169.5;-3993.583252
402381.5;5863169.5;-3992.020752
402441.8125;5863169.5;-3990.573975
402502.125;5863169.5;-3989.273193
402562.4063;5863169.5;-3988.118652
402622.7188;5863169.5;-3987.050293
402683.0313;5863169.5;-3986.12793
402743.3125;5863169.5;-3985.44458
402803.625;5863169.5;-3985.025146
402863.9063;5863169.5;-3990.505859
402924.2188;5863169.5;-3990.590088
402984.5313;5863169.5;-3990.91626
403044.8125;5863169.5;-3991.31958
403105.125;5863169.5;-3991.669189
403165.4375;5863169.5;-3992.066895
403225.7188;5863169.5;-3992.557861
403286.0313;5863169.5;-3993.096924
403346.3125;5863169.5;-3993.599609
403406.625;5863169.5;-3993.975342
403466.9375;5863169.5;-3994.077148
403527.2188;5863169.5;-3994.042236
403587.5313;5863169.5;-3994.174316
403647.8438;5863169.5;-3994.675049
403708.125;5863169.5;-3996.001709
403768.4375;5863169.5;-3998.10376
403828.7188;5863169.5;-4000.173584
403889.0313;5863169.5;-4001.613037
403949.3438;5863169.5;-4001.272949
404009.625;5863169.5;-3997.624756
404069.9375;5863169.5;-3991.261963
404130.25;5863169.5;-3982.784912
404190.5313;5863169.5;-3972.777832
404250.8438;5863169.5;-3962.475098
404311.125;5863169.5;-3953.055176
404371.4375;5863169.5;-3945.407959
404431.75;5863169.5;-3940.866699
404492.0313;5863169.5;-3939.281494
404552.3438;5863169.5;-3939.102539
404612.625;5863169.5;-3939.769531
404672.9375;5863169.5;-3940.888916
404733.25;5863169.5;-3942.250977
404793.5313;5863169.5;-3943.591309
404853.8438;5863169.5;-3944.203857
404914.1563;5863169.5;-3943.788818
404974.4375;5863169.5;-3940.055176
405034.75;5863169.5;-3938.707275
405095.0313;5863169.5;-3937.105957
405155.3438;5863169.5;-3935.24585
405215.6563;5863169.5;-3932.826904
405275.9375;5863169.5;-3929.702393
405336.25;5863169.5;-3925.768555
405396.5625;5863169.5;-3931.112061
405456.8438;5863169.5;-3926.706055
405517.1563;5863169.5;-3924.076172
405577.4375;5863169.5;-3923.356934
405637.75;5863169.5;-3923.72876
405698.0625;5863169.5;-3928.084961
405758.3438;5863169.5;-3931.334717
405818.6563;5863169.5;-3930.470215
405878.9688;5863169.5;-3933.570068
405939.25;5863169.5;-3932.159912
405999.5625;5863169.5;-3931.736816
406059.8438;5863169.5;-3925.824707
406120.1563;5863169.5;-3928.024658
406180.4688;5863169.5;-3930.763428
406240.75;5863169.5;-3933.65625
406301.0625;5863169.5;-3935.978271
406361.375;5863169.5;-3938.576904
406421.6563;5863169.5;-3940.778809
406481.9688;5863169.5;-3942.618408
406542.25;5863169.5;-3944.147217
406602.5625;5863169.5;-3945.339844
406662.875;5863169.5;-3946.322754
406723.1563;5863169.5;-3947.256104
406783.4688;5863169.5;-3948.226074
406843.7813;5863169.5;-3949.351807
406904.0625;5863169.5;-3950.593262
406964.375;5863169.5;-3951.928223
407024.6563;5863169.5;-3953.351807
407084.9688;5863169.5;-3954.834229
407145.2813;5863169.5;-3956.34668
407205.5625;5863169.5;-3957.88501
407265.875;5863169.5;-3959.427246
407326.1875;5863169.5;-3960.96875
407386.4688;5863169.5;-3962.513916
407446.7813;5863169.5;-3964.050781
407507.0625;5863169.5;-3965.571777
407567.375;5863169.5;-3967.060303
407627.6875;5863169.5;-3968.511475
407687.9688;5863169.5;-3969.92627
407748.2813;5863169.5;-3971.283447
407808.5938;5863169.5;-3972.574219
407868.875;5863169.5;-3973.805664
407929.1875;5863169.5;-3974.973633
407989.4688;5863169.5;-3976.090088
408049.7813;5863169.5;-3977.151855
408110.0938;5863169.5;-3978.14917
408170.375;5863169.5;-3979.090088
408230.6875;5863169.5;-3979.977539
408291;5863169.5;-3980.798096
408351.2813;5863169.5;-3981.568604
408411.5938;5863169.5;-3982.302979
408471.875;5863169.5;-3982.990234
408532.1875;5863169.5;-3983.615234
408592.5;5863169.5;-3984.197998
408652.7813;5863169.5;-3984.744385
408713.0938;5863169.5;-3985.250732
408773.4063;5863169.5;-3985.71167
408833.6875;5863169.5;-3986.132813
408894;5863169.5;-3986.517822
408954.2813;5863169.5;-3986.871826
409014.5938;5863169.5;-3987.187744
409074.9063;5863169.5;-3987.470215
409135.1875;5863169.5;-3987.722412
409195.5;5863169.5;-3987.941406
409255.8125;5863169.5;-3988.121826
409316.0938;5863169.5;-3988.273926
409376.4063;5863169.5;-3988.399658
401356.4063;5863230;-4009.886963
401416.6875;5863230;-4009.496826
401477;5863230;-4009.125977
401537.3125;5863230;-4008.77002
401597.5938;5863230;-4008.407471
401657.9063;5863230;-4008.05127
401718.2188;5863230;-4007.688477
401778.5;5863230;-4007.257324
401838.8125;5863230;-4006.695068
401899.0938;5863230;-4005.933105
401959.4063;5863230;-4004.883057
402019.7188;5863230;-4003.440186
402080;5863230;-4001.557861
402140.3125;5863230;-3999.444824
402200.625;5863230;-3997.207275
402260.9063;5863230;-3994.971436
402321.2188;5863230;-3993.014404
402381.5;5863230;-3991.321777
402441.8125;5863230;-3989.806152
402502.125;5863230;-3988.480225
402562.4063;5863230;-3987.308594
402622.7188;5863230;-3986.202637
402683.0313;5863230;-3985.232178
402743.3125;5863230;-3984.514893
402803.625;5863230;-3984.0979
402863.9063;5863230;-3989.513428
402924.2188;5863230;-3989.697998
402984.5313;5863230;-3990.189453
403044.8125;5863230;-3990.702637
403105.125;5863230;-3991.110596
403165.4375;5863230;-3991.550293
403225.7188;5863230;-3992.128418
403286.0313;5863230;-3992.833496
403346.3125;5863230;-3993.487793
403406.625;5863230;-3993.929443
403466.9375;5863230;-3993.928223
403527.2188;5863230;-3993.5625
403587.5313;5863230;-3993.2854
403647.8438;5863230;-3993.505127
403708.125;5863230;-3994.977783
403768.4375;5863230;-3997.803955
403828.7188;5863230;-4000.985352
403889.0313;5863230;-4003.704346
403949.3438;5863230;-4004.473145
404009.625;5863230;-4001.007568
404069.9375;5863230;-3993.886719
404130.25;5863230;-3984.073486
404190.5313;5863230;-3972.543213
404250.8438;5863230;-3960.794434
404311.125;5863230;-3950.018799
404371.4375;5863230;-3941.199219
404431.75;5863230;-3936.322998
404492.0313;5863230;-3935.166504
404552.3438;5863230;-3935.370605
404612.625;5863230;-3936.231689
404672.9375;5863230;-3937.396484
404733.25;5863230;-3938.664551
404793.5313;5863230;-3939.804932
404853.8438;5863230;-3940.397461
404914.1563;5863230;-3940.161133
404974.4375;5863230;-3939.274658
405034.75;5863230;-3935.796631
405095.0313;5863230;-3934.166748
405155.3438;5863230;-3932.133545
405215.6563;5863230;-3929.302002
405275.9375;5863230;-3925.513916
405336.25;5863230;-3920.701416
405396.5625;5863230;-3915.200195
405456.8438;5863230;-3919.791016
405517.1563;5863230;-3917.724854
405577.4375;5863230;-3917.153809
405637.75;5863230;-3914.606201
405698.0625;5863230;-3917.192627
405758.3438;5863230;-3922.914063
405818.6563;5863230;-3925.373291
405878.9688;5863230;-3930.775146
405939.25;5863230;-3929.793213
405999.5625;5863230;-3929.401855
406059.8438;5863230;-3930.200684
406120.1563;5863230;-3925.610107
406180.4688;5863230;-3928.241699
406240.75;5863230;-3931.074219
406301.0625;5863230;-3933.186035
406361.375;5863230;-3935.862061
406421.6563;5863230;-3938.194092
406481.9688;5863230;-3940.203857
406542.25;5863230;-3941.928223
406602.5625;5863230;-3943.334229
406662.875;5863230;-3944.525391
406723.1563;5863230;-3945.644531
406783.4688;5863230;-3946.757568
406843.7813;5863230;-3947.949951
406904.0625;5863230;-3949.202148
406964.375;5863230;-3950.513184
407024.6563;5863230;-3951.892822
407084.9688;5863230;-3953.321777
407145.2813;5863230;-3954.785889
407205.5625;5863230;-3956.287109
407265.875;5863230;-3957.803223
407326.1875;5863230;-3959.327637
407386.4688;5863230;-3960.861328
407446.7813;5863230;-3962.387939
407507.0625;5863230;-3963.899902
407567.375;5863230;-3965.378418
407627.6875;5863230;-3966.821533
407687.9688;5863230;-3968.22876
407748.2813;5863230;-3969.581055
407808.5938;5863230;-3970.868652
407868.875;5863230;-3972.099854
407929.1875;5863230;-3973.269531
407989.4688;5863230;-3974.389648
408049.7813;5863230;-3975.455811
408110.0938;5863230;-3976.460449
408170.375;5863230;-3977.410156
408230.6875;5863230;-3978.307617
408291;5863230;-3979.140137
408351.2813;5863230;-3979.923828
408411.5938;5863230;-3980.672119
408471.875;5863230;-3981.372803
408532.1875;5863230;-3982.013184
408592.5;5863230;-3982.610352
408652.7813;5863230;-3983.171631
408713.0938;5863230;-3983.693604
408773.4063;5863230;-3984.168945
408833.6875;5863230;-3984.604492
408894;5863230;-3985.003906
408954.2813;5863230;-3985.371338
409014.5938;5863230;-3985.701172
409074.9063;5863230;-3985.996826
409135.1875;5863230;-3986.261475
409195.5;5863230;-3986.492188
409255.8125;5863230;-3986.683838
409316.0938;5863230;-3986.846924
409376.4063;5863230;-3986.98291
401356.4063;5863291;-4010.392578
401416.6875;5863291;-4010.046387
401477;5863291;-4009.729248
401537.3125;5863291;-4009.44458
401597.5938;5863291;-4009.186768
401657.9063;5863291;-4008.970703
401718.2188;5863291;-4008.77417
401778.5;5863291;-4008.513672
401838.8125;5863291;-4008.083008
401899.0938;5863291;-4007.364258
401959.4063;5863291;-4006.226318
402019.7188;5863291;-4004.519775
402080;5863291;-4002.196533
402140.3125;5863291;-3999.571045
402200.625;5863291;-3996.820068
402260.9063;5863291;-3994.162109
402321.2188;5863291;-3991.977539
402381.5;5863291;-3990.191162
402441.8125;5863291;-3988.658447
402502.125;5863291;-3987.35791
402562.4063;5863291;-3986.211914
402622.7188;5863291;-3985.104004
402683.0313;5863291;-3984.113037
402743.3125;5863291;-3983.381104
402803.625;5863291;-3982.986084
402863.9063;5863291;-3988.384033
402924.2188;5863291;-3988.741211
402984.5313;5863291;-3989.499512
403044.8125;5863291;-3990.123535
403105.125;5863291;-3990.503906
403165.4375;5863291;-3990.874512
403225.7188;5863291;-3991.491211
403286.0313;5863291;-3992.411621
403346.3125;5863291;-3993.318359
403406.625;5863291;-3993.936279
403466.9375;5863291;-3993.902588
403527.2188;5863291;-3993.131104
403587.5313;5863291;-3992.248535
403647.8438;5863291;-3991.961914
403708.125;5863291;-3993.458496
403768.4375;5863291;-3997.083008
403828.7188;5863291;-4001.583496
403889.0313;5863291;-4005.72876
403949.3438;5863291;-4007.785156
404009.625;5863291;-4004.658691
404069.9375;5863291;-3996.831299
404130.25;5863291;-3985.92749
404190.5313;5863291;-3973.283447
404250.8438;5863291;-3960.645996
404311.125;5863291;-3949.20459
404371.4375;5863291;-3939.88208
404431.75;5863291;-3934.627197
404492.0313;5863291;-3933.169678
404552.3438;5863291;-3933.093262
404612.625;5863291;-3933.661865
404672.9375;5863291;-3934.520264
404733.25;5863291;-3935.461182
404793.5313;5863291;-3936.27124
404853.8438;5863291;-3936.707031
404914.1563;5863291;-3936.51416
404974.4375;5863291;-3935.697021
405034.75;5863291;-3934.473633
405095.0313;5863291;-3931.216797
405155.3438;5863291;-3929.101074
405215.6563;5863291;-3926.066406
405275.9375;5863291;-3921.968018
405336.25;5863291;-3916.765869
405396.5625;5863291;-3911.03125
405456.8438;5863291;-3907.313477
405517.1563;5863291;-3914.535645
405577.4375;5863291;-3918.337158
405637.75;5863291;-3917.033447
405698.0625;5863291;-3916.419434
405758.3438;5863291;-3920.326904
405818.6563;5863291;-3922.678467
405878.9688;5863291;-3928.80957
405939.25;5863291;-3927.822266
405999.5625;5863291;-3927.364502
406059.8438;5863291;-3928.051025
406120.1563;5863291;-3923.557617
406180.4688;5863291;-3926.136963
406240.75;5863291;-3927.896973
406301.0625;5863291;-3930.817871
406361.375;5863291;-3933.523682
406421.6563;5863291;-3935.923096
406481.9688;5863291;-3938.032227
406542.25;5863291;-3939.879883
406602.5625;5863291;-3941.429443
406662.875;5863291;-3942.767334
406723.1563;5863291;-3944.022705
406783.4688;5863291;-3945.246582
406843.7813;5863291;-3946.500488
406904.0625;5863291;-3947.77832
406964.375;5863291;-3949.092773
407024.6563;5863291;-3950.461914
407084.9688;5863291;-3951.872314
407145.2813;5863291;-3953.316406
407205.5625;5863291;-3954.803467
407265.875;5863291;-3956.307129
407326.1875;5863291;-3957.822266
407386.4688;5863291;-3959.345459
407446.7813;5863291;-3960.861328
407507.0625;5863291;-3962.361572
407567.375;5863291;-3963.827393
407627.6875;5863291;-3965.257324
407687.9688;5863291;-3966.652344
407748.2813;5863291;-3967.994141
407808.5938;5863291;-3969.274414
407868.875;5863291;-3970.499756
407929.1875;5863291;-3971.666504
407989.4688;5863291;-3972.784912
408049.7813;5863291;-3973.851563
408110.0938;5863291;-3974.859375
408170.375;5863291;-3975.813965
408230.6875;5863291;-3976.717773
408291;5863291;-3977.559082
408351.2813;5863291;-3978.353027
408411.5938;5863291;-3979.111816
408471.875;5863291;-3979.824219
408532.1875;5863291;-3980.476318
408592.5;5863291;-3981.08667
408652.7813;5863291;-3981.660889
408713.0938;5863291;-3982.195068
408773.4063;5863291;-3982.684326
408833.6875;5863291;-3983.132324
408894;5863291;-3983.544434
408954.2813;5863291;-3983.924805
409014.5938;5863291;-3984.266602
409074.9063;5863291;-3984.574219
409135.1875;5863291;-3984.850098
409195.5;5863291;-3985.091797
409255.8125;5863291;-3985.293457
409316.0938;5863291;-3985.46582
409376.4063;5863291;-3985.61084
401356.4063;5863351.5;-4010.821533
401416.6875;5863351.5;-4010.528076
401477;5863351.5;-4010.274902
401537.3125;5863351.5;-4010.078369
401597.5938;5863351.5;-4009.954834
401657.9063;5863351.5;-4009.920654
401718.2188;5863351.5;-4009.942383
401778.5;5863351.5;-4009.906738
401838.8125;5863351.5;-4009.643799
401899.0938;5863351.5;-4008.96875
401959.4063;5863351.5;-4007.695313
402019.7188;5863351.5;-4005.621338
402080;5863351.5;-4002.713135
402140.3125;5863351.5;-3999.440674
402200.625;5863351.5;-3996.091797
402260.9063;5863351.5;-3993.013428
402321.2188;5863351.5;-3990.670654
402381.5;5863351.5;-3988.877441
402441.8125;5863351.5;-3987.389404
402502.125;5863351.5;-3986.123047
402562.4063;5863351.5;-3984.968994
402622.7188;5863351.5;-3983.823242
402683.0313;5863351.5;-3982.781006
402743.3125;5863351.5;-3982.008545
402803.625;5863351.5;-3981.619629
402863.9063;5863351.5;-3987.026611
402924.2188;5863351.5;-3987.679443
402984.5313;5863351.5;-3988.903076
403044.8125;5863351.5;-3989.643799
403105.125;5863351.5;-3989.811523
403165.4375;5863351.5;-3989.871582
403225.7188;5863351.5;-3990.409424
403286.0313;5863351.5;-3991.604248
403346.3125;5863351.5;-3992.924805
403406.625;5863351.5;-3993.952148
403466.9375;5863351.5;-3994.154053
403527.2188;5863351.5;-3993.074707
403587.5313;5863351.5;-3991.472412
403647.8438;5863351.5;-3990.427734
403708.125;5863351.5;-3991.733887
403768.4375;5863351.5;-3995.967041
403828.7188;5863351.5;-4001.395996
403889.0313;5863351.5;-4006.374268
403949.3438;5863351.5;-4009.166504
404009.625;5863351.5;-4006.212402
404069.9375;5863351.5;-3997.976074
404130.25;5863351.5;-3986.814453
404190.5313;5863351.5;-3974.116211
404250.8438;5863351.5;-3961.611328
404311.125;5863351.5;-3950.476563
404371.4375;5863351.5;-3941.485352
404431.75;5863351.5;-3935.893799
404492.0313;5863351.5;-3933.448486
404552.3438;5863351.5;-3932.457031
404612.625;5863351.5;-3932.289307
404672.9375;5863351.5;-3932.554932
404733.25;5863351.5;-3932.98877
404793.5313;5863351.5;-3933.373047
404853.8438;5863351.5;-3933.510498
404914.1563;5863351.5;-3933.182129
404974.4375;5863351.5;-3932.33667
405034.75;5863351.5;-3931.118652
405095.0313;5863351.5;-3929.549072
405155.3438;5863351.5;-3926.366455
405215.6563;5863351.5;-3923.381348
405275.9375;5863351.5;-3919.358643
405336.25;5863351.5;-3914.19751
405396.5625;5863351.5;-3908.411865
405456.8438;5863351.5;-3904.306152
405517.1563;5863351.5;-3904.992676
405577.4375;5863351.5;-3922.549561
405637.75;5863351.5;-3929.074463
405698.0625;5863351.5;-3926.154297
405758.3438;5863351.5;-3924.944336
405818.6563;5863351.5;-3930.970215
405878.9688;5863351.5;-3928.779053
405939.25;5863351.5;-3926.934814
405999.5625;5863351.5;-3926.044922
406059.8438;5863351.5;-3926.490967
406120.1563;5863351.5;-3928.094482
406180.4688;5863351.5;-3923.117188
406240.75;5863351.5;-3926.009033
406301.0625;5863351.5;-3928.881592
406361.375;5863351.5;-3931.568115
406421.6563;5863351.5;-3933.982178
406481.9688;5863351.5;-3936.137451
406542.25;5863351.5;-3938.052979
406602.5625;5863351.5;-3939.69165
406662.875;5863351.5;-3941.12793
406723.1563;5863351.5;-3942.478271
406783.4688;5863351.5;-3943.783691
406843.7813;5863351.5;-3945.087891
406904.0625;5863351.5;-3946.397705
406964.375;5863351.5;-3947.729004
407024.6563;5863351.5;-3949.107178
407084.9688;5863351.5;-3950.517822
407145.2813;5863351.5;-3951.958984
407205.5625;5863351.5;-3953.441406
407265.875;5863351.5;-3954.939697
407326.1875;5863351.5;-3956.445801
407386.4688;5863351.5;-3957.957275
407446.7813;5863351.5;-3959.459717
407507.0625;5863351.5;-3960.944092
407567.375;5863351.5;-3962.392822
407627.6875;5863351.5;-3963.80542
407687.9688;5863351.5;-3965.183838
407748.2813;5863351.5;-3966.511475
407808.5938;5863351.5;-3967.780029
407868.875;5863351.5;-3968.995117
407929.1875;5863351.5;-3970.154297
407989.4688;5863351.5;-3971.267822
408049.7813;5863351.5;-3972.332031
408110.0938;5863351.5;-3973.339111
408170.375;5863351.5;-3974.295654
408230.6875;5863351.5;-3975.203613
408291;5863351.5;-3976.050781
408351.2813;5863351.5;-3976.851807
408411.5938;5863351.5;-3977.618896
408471.875;5863351.5;-3978.340088
408532.1875;5863351.5;-3979.002686
408592.5;5863351.5;-3979.623291
408652.7813;5863351.5;-3980.208252
408713.0938;5863351.5;-3980.753906
408773.4063;5863351.5;-3981.253906
408833.6875;5863351.5;-3981.713623
408894;5863351.5;-3982.137207
408954.2813;5863351.5;-3982.528809
409014.5938;5863351.5;-3982.88208
409074.9063;5863351.5;-3983.199463
409135.1875;5863351.5;-3983.486328
409195.5;5863351.5;-3983.738281
409255.8125;5863351.5;-3983.948975
409316.0938;5863351.5;-3984.130127
409376.4063;5863351.5;-3984.283447
401356.4063;5863412;-4011.200928
401416.6875;5863412;-4010.966797
401477;5863412;-4010.783447
401537.3125;5863412;-4010.684082
401597.5938;5863412;-4010.715576
401657.9063;5863412;-4010.896484
401718.2188;5863412;-4011.178711
401778.5;5863412;-4011.41748
401838.8125;5863412;-4011.364014
401899.0938;5863412;-4010.751709
401959.4063;5863412;-4009.32959
402019.7188;5863412;-4006.833252
402080;5863412;-4003.266846
402140.3125;5863412;-3999.30957
402200.625;5863412;-3995.405762
402260.9063;5863412;-3992.047607
402321.2188;5863412;-3989.664063
402381.5;5863412;-3987.97998
402441.8125;5863412;-3986.596924
402502.125;5863412;-3985.338867
402562.4063;5863412;-3984.076904
402622.7188;5863412;-3982.797119
402683.0313;5863412;-3981.622314
402743.3125;5863412;-3980.728516
402803.625;5863412;-3980.280029
402863.9063;5863412;-3985.30127
402924.2188;5863412;-3986.412598
402984.5313;5863412;-3988.401367
403044.8125;5863412;-3989.383057
403105.125;5863412;-3989.046387
403165.4375;5863412;-3988.487305
403225.7188;5863412;-3988.844971
403286.0313;5863412;-3990.330811
403346.3125;5863412;-3992.20166
403406.625;5863412;-3993.894287
403466.9375;5863412;-3994.68335
403527.2188;5863412;-3993.594238
403587.5313;5863412;-3991.387207
403647.8438;5863412;-3989.52832
403708.125;5863412;-3990.432129
403768.4375;5863412;-3994.68457
403828.7188;5863412;-3999.970947
403889.0313;5863412;-4004.605225
403949.3438;5863412;-4007.070801
404009.625;5863412;-4004.226807
404069.9375;5863412;-3996.550781
404130.25;5863412;-3986.201172
404190.5313;5863412;-3974.343262
404250.8438;5863412;-3962.625732
404311.125;5863412;-3952.18457
404371.4375;5863412;-3943.668457
404431.75;5863412;-3937.84082
404492.0313;5863412;-3934.511719
404552.3438;5863412;-3932.603027
404612.625;5863412;-3931.629883
404672.9375;5863412;-3931.238037
404733.25;5863412;-3931.113037
404793.5313;5863412;-3931.026611
404853.8438;5863412;-3930.793945
404914.1563;5863412;-3930.234375
404974.4375;5863412;-3929.280029
405034.75;5863412;-3928.008545
405095.0313;5863412;-3926.4375
405155.3438;5863412;-3924.474854
405215.6563;5863412;-3921.161865
405275.9375;5863412;-3917.612305
405336.25;5863412;-3913.195801
405396.5625;5863412;-3908.401611
405456.8438;5863412;-3905.078613
405517.1563;5863412;-3905.381104
405577.4375;5863412;-3915.764648
405637.75;5863412;-3931.978027
405698.0625;5863412;-3931.150146
405758.3438;5863412;-3928.462646
405818.6563;5863412;-3932.284424
405878.9688;5863412;-3928.729248
405939.25;5863412;-3926.182861
405999.5625;5863412;-3924.961182
406059.8438;5863412;-3925.227539
406120.1563;5863412;-3918.941895
406180.4688;5863412;-3921.550049
406240.75;5863412;-3924.354736
406301.0625;5863412;-3927.161133
406361.375;5863412;-3929.810547
406421.6563;5863412;-3932.217773
406481.9688;5863412;-3934.393555
406542.25;5863412;-3936.350586
406602.5625;5863412;-3938.053955
406662.875;5863412;-3939.571777
406723.1563;5863412;-3941.005859
406783.4688;5863412;-3942.388428
406843.7813;5863412;-3943.750977
406904.0625;5863412;-3945.108398
406964.375;5863412;-3946.478516
407024.6563;5863412;-3947.878418
407084.9688;5863412;-3949.303223
407145.2813;5863412;-3950.751953
407205.5625;5863412;-3952.232422
407265.875;5863412;-3953.724365
407326.1875;5863412;-3955.219727
407386.4688;5863412;-3956.714111
407446.7813;5863412;-3958.196777
407507.0625;5863412;-3959.659912
407567.375;5863412;-3961.084717
407627.6875;5863412;-3962.474609
407687.9688;5863412;-3963.831787
407748.2813;5863412;-3965.139404
407808.5938;5863412;-3966.390137
407868.875;5863412;-3967.590088
407929.1875;5863412;-3968.737549
407989.4688;5863412;-3969.842041
408049.7813;5863412;-3970.898438
408110.0938;5863412;-3971.901367
408170.375;5863412;-3972.855713
408230.6875;5863412;-3973.762939
408291;5863412;-3974.611816
408351.2813;5863412;-3975.416504
408411.5938;5863412;-3976.187256
408471.875;5863412;-3976.914063
408532.1875;5863412;-3977.58252
408592.5;5863412;-3978.210449
408652.7813;5863412;-3978.80249
408713.0938;5863412;-3979.355957
408773.4063;5863412;-3979.864014
408833.6875;5863412;-3980.33252
408894;5863412;-3980.76416
408954.2813;5863412;-3981.164307
409014.5938;5863412;-3981.525635
409074.9063;5863412;-3981.851563
409135.1875;5863412;-3982.14624
409195.5;5863412;-3982.405762
409255.8125;5863412;-3982.624023
409316.0938;5863412;-3982.811768
409376.4063;5863412;-3982.972168
401356.4063;5863472.5;-4011.525146
401416.6875;5863472.5;-4011.349121
401477;5863472.5;-4011.234131
401537.3125;5863472.5;-4011.232666
401597.5938;5863472.5;-4011.428711
401657.9063;5863472.5;-4011.846924
401718.2188;5863472.5;-4012.425537
401778.5;5863472.5;-4012.986084
401838.8125;5863472.5;-4013.195801
401899.0938;5863472.5;-4012.685059
401959.4063;5863472.5;-4011.126465
402019.7188;5863472.5;-4008.186279
402080;5863472.5;-4003.940674
402140.3125;5863472.5;-3999.361816
402200.625;5863472.5;-3995.117188
402260.9063;5863472.5;-3991.778564
402321.2188;5863472.5;-3989.378662
402381.5;5863472.5;-3987.870117
402441.8125;5863472.5;-3986.655518
402502.125;5863472.5;-3985.376953
402562.4063;5863472.5;-3983.779785
402622.7188;5863472.5;-3982.143311
402683.0313;5863472.5;-3980.658203
402743.3125;5863472.5;-3979.495117
402803.625;5863472.5;-3978.861328
402863.9063;5863472.5;-3983.422119
402924.2188;5863472.5;-3985.093262
402984.5313;5863472.5;-3988.224609
403044.8125;5863472.5;-3989.76709
403105.125;5863472.5;-3988.228516
403165.4375;5863472.5;-3986.591553
403225.7188;5863472.5;-3986.905762
403286.0313;5863472.5;-3988.709717
403346.3125;5863472.5;-3991.126221
403406.625;5863472.5;-3993.486084
403466.9375;5863472.5;-3994.883789
403527.2188;5863472.5;-3994.131348
403587.5313;5863472.5;-3991.980225
403647.8438;5863472.5;-3989.922119
403708.125;5863472.5;-3990.325439
403768.4375;5863472.5;-3993.64917
403828.7188;5863472.5;-3997.639648
403889.0313;5863472.5;-4000.968018
403949.3438;5863472.5;-4002.315674
404009.625;5863472.5;-3999.539551
404069.9375;5863472.5;-3993.130615
404130.25;5863472.5;-3984.27002
404190.5313;5863472.5;-3973.792236
404250.8438;5863472.5;-3963.248779
404311.125;5863472.5;-3953.720215
404371.4375;5863472.5;-3945.739502
404431.75;5863472.5;-3939.830811
404492.0313;5863472.5;-3935.892578
404552.3438;5863472.5;-3933.238037
404612.625;5863472.5;-3931.538086
404672.9375;5863472.5;-3930.505371
404733.25;5863472.5;-3929.810059
404793.5313;5863472.5;-3929.220459
404853.8438;5863472.5;-3928.563232
404914.1563;5863472.5;-3927.694336
404974.4375;5863472.5;-3926.55127
405034.75;5863472.5;-3925.158203
405095.0313;5863472.5;-3923.535889
405155.3438;5863472.5;-3921.655273
405215.6563;5863472.5;-3919.228516
405275.9375;5863472.5;-3916.276367
405336.25;5863472.5;-3912.987061
405396.5625;5863472.5;-3909.946777
405456.8438;5863472.5;-3908.998291
405517.1563;5863472.5;-3911.351563
405577.4375;5863472.5;-3917.708496
405637.75;5863472.5;-3924.709473
405698.0625;5863472.5;-3930.04126
405758.3438;5863472.5;-3928.356445
405818.6563;5863472.5;-3931.879639
405878.9688;5863472.5;-3927.998291
405939.25;5863472.5;-3925.335938
405999.5625;5863472.5;-3924.072266
406059.8438;5863472.5;-3915.899902
406120.1563;5863472.5;-3917.799316
406180.4688;5863472.5;-3920.303223
406240.75;5863472.5;-3923.006104
406301.0625;5863472.5;-3925.726074
406361.375;5863472.5;-3928.314697
406421.6563;5863472.5;-3930.690918
406481.9688;5863472.5;-3932.862305
406542.25;5863472.5;-3934.834717
406602.5625;5863472.5;-3936.578369
406662.875;5863472.5;-3938.154053
406723.1563;5863472.5;-3939.651123
406783.4688;5863472.5;-3941.094238
406843.7813;5863472.5;-3942.504639
406904.0625;5863472.5;-3943.90332
406964.375;5863472.5;-3945.308594
407024.6563;5863472.5;-3946.731934
407084.9688;5863472.5;-3948.170654
407145.2813;5863472.5;-3949.627197
407205.5625;5863472.5;-3951.104492
407265.875;5863472.5;-3952.587891
407326.1875;5863472.5;-3954.069824
407386.4688;5863472.5;-3955.543945
407446.7813;5863472.5;-3957.003906
407507.0625;5863472.5;-3958.442383
407567.375;5863472.5;-3959.842285
407627.6875;5863472.5;-3961.206543
407687.9688;5863472.5;-3962.539551
407748.2813;5863472.5;-3963.825439
407808.5938;5863472.5;-3965.057617
407868.875;5863472.5;-3966.241211
407929.1875;5863472.5;-3967.375732
407989.4688;5863472.5;-3968.468994
408049.7813;5863472.5;-3969.517334
408110.0938;5863472.5;-3970.513916
408170.375;5863472.5;-3971.464355
408230.6875;5863472.5;-3972.370117
408291;5863472.5;-3973.218994
408351.2813;5863472.5;-3974.025391
408411.5938;5863472.5;-3974.799072
408471.875;5863472.5;-3975.529541
408532.1875;5863472.5;-3976.202881
408592.5;5863472.5;-3976.836914
408652.7813;5863472.5;-3977.435303
408713.0938;5863472.5;-3977.99585
408773.4063;5863472.5;-3978.511719
408833.6875;5863472.5;-3978.987305
408894;5863472.5;-3979.426758
408954.2813;5863472.5;-3979.834717
409014.5938;5863472.5;-3980.204102
409074.9063;5863472.5;-3980.537598
409135.1875;5863472.5;-3980.8396
409195.5;5863472.5;-3981.106445
409255.8125;5863472.5;-3981.331055
409316.0938;5863472.5;-3981.526123
409376.4063;5863472.5;-3981.693604
401356.4063;5863533.5;-4011.801514
401416.6875;5863533.5;-4011.672363
401477;5863533.5;-4011.612061
401537.3125;5863533.5;-4011.696045
401597.5938;5863533.5;-4012.051514
401657.9063;5863533.5;-4012.717285
401718.2188;5863533.5;-4013.625977
401778.5;5863533.5;-4014.572998
401838.8125;5863533.5;-4015.140625
401899.0938;5863533.5;-4014.830078
401959.4063;5863533.5;-4013.213867
402019.7188;5863533.5;-4009.885742
402080;5863533.5;-4005.077881
402140.3125;5863533.5;-4000.220215
402200.625;5863533.5;-3996.24707
402260.9063;5863533.5;-3993.432129
402321.2188;5863533.5;-3990.614258
402381.5;5863533.5;-3989.007324
402441.8125;5863533.5;-3987.998291
402502.125;5863533.5;-3986.822754
402562.4063;5863533.5;-3984.644531
402622.7188;5863533.5;-3982.334717
402683.0313;5863533.5;-3980.315186
402743.3125;5863533.5;-3978.735596
402803.625;5863533.5;-3977.702881
402863.9063;5863533.5;-3981.427002
402924.2188;5863533.5;-3983.55957
402984.5313;5863533.5;-3988.214844
403044.8125;5863533.5;-3990.57251
403105.125;5863533.5;-3987.368408
403165.4375;5863533.5;-3984.237305
403225.7188;5863533.5;-3984.774902
403286.0313;5863533.5;-3987.006592
403346.3125;5863533.5;-3989.781982
403406.625;5863533.5;-3992.506592
403466.9375;5863533.5;-3994.242188
403527.2188;5863533.5;-3994.01709
403587.5313;5863533.5;-3992.567383
403647.8438;5863533.5;-3991.005859
403708.125;5863533.5;-3991.010986
403768.4375;5863533.5;-3992.975342
403828.7188;5863533.5;-3995.36377
403889.0313;5863533.5;-3997.260986
403949.3438;5863533.5;-3997.47168
404009.625;5863533.5;-3994.56958
404069.9375;5863533.5;-3989.067627
404130.25;5863533.5;-3981.536377
404190.5313;5863533.5;-3972.526367
404250.8438;5863533.5;-3963.294922
404311.125;5863533.5;-3954.784912
404371.4375;5863533.5;-3947.43335
404431.75;5863533.5;-3941.63623
404492.0313;5863533.5;-3937.373779
404552.3438;5863533.5;-3934.214355
404612.625;5863533.5;-3931.940918
404672.9375;5863533.5;-3930.331055
404733.25;5863533.5;-3929.084961
404793.5313;5863533.5;-3927.990967
404853.8438;5863533.5;-3926.88208
404914.1563;5863533.5;-3925.650879
404974.4375;5863533.5;-3924.249512
405034.75;5863533.5;-3922.657715
405095.0313;5863533.5;-3920.900146
405155.3438;5863533.5;-3918.992432
405215.6563;5863533.5;-3916.706055
405275.9375;5863533.5;-3914.163818
405336.25;5863533.5;-3912.179443
405396.5625;5863533.5;-3910.427246
405456.8438;5863533.5;-3910.522949
405517.1563;5863533.5;-3913.05957
405577.4375;5863533.5;-3917.169678
405637.75;5863533.5;-3921.408203
405698.0625;5863533.5;-3932.57251
405758.3438;5863533.5;-3931.454102
405818.6563;5863533.5;-3929.55542
405878.9688;5863533.5;-3926.30127
405939.25;5863533.5;-3924.155029
405999.5625;5863533.5;-3914.070313
406059.8438;5863533.5;-3915.039063
406120.1563;5863533.5;-3916.942139
406180.4688;5863533.5;-3919.375
406240.75;5863533.5;-3921.982178
406301.0625;5863533.5;-3924.605713
406361.375;5863533.5;-3927.114014
406421.6563;5863533.5;-3929.436035
406481.9688;5863533.5;-3931.578369
406542.25;5863533.5;-3933.54126
406602.5625;5863533.5;-3935.299561
406662.875;5863533.5;-3936.9104
406723.1563;5863533.5;-3938.449707
406783.4688;5863533.5;-3939.935303
406843.7813;5863533.5;-3941.381104
406904.0625;5863533.5;-3942.8125
406964.375;5863533.5;-3944.244141
407024.6563;5863533.5;-3945.686523
407084.9688;5863533.5;-3947.136475
407145.2813;5863533.5;-3948.59668
407205.5625;5863533.5;-3950.066895
407265.875;5863533.5;-3951.53833
407326.1875;5863533.5;-3953.002686
407386.4688;5863533.5;-3954.452881
407446.7813;5863533.5;-3955.887207
407507.0625;5863533.5;-3957.298828
407567.375;5863533.5;-3958.67041
407627.6875;5863533.5;-3960.008057
407687.9688;5863533.5;-3961.315186
407748.2813;5863533.5;-3962.578125
407808.5938;5863533.5;-3963.790039
407868.875;5863533.5;-3964.956543
407929.1875;5863533.5;-3966.076416
407989.4688;5863533.5;-3967.157227
408049.7813;5863533.5;-3968.195313
408110.0938;5863533.5;-3969.185059
408170.375;5863533.5;-3970.130615
408230.6875;5863533.5;-3971.032715
408291;5863533.5;-3971.880371
408351.2813;5863533.5;-3972.6875
408411.5938;5863533.5;-3973.462402
408471.875;5863533.5;-3974.195557
408532.1875;5863533.5;-3974.873047
408592.5;5863533.5;-3975.51123
408652.7813;5863533.5;-3976.115234
408713.0938;5863533.5;-3976.681396
408773.4063;5863533.5;-3977.203613
408833.6875;5863533.5;-3977.686035
408894;5863533.5;-3978.132813
408954.2813;5863533.5;-3978.547363
409014.5938;5863533.5;-3978.923828
409074.9063;5863533.5;-3979.264404
409135.1875;5863533.5;-3979.573486
409195.5;5863533.5;-3979.8479
409255.8125;5863533.5;-3980.079102
409316.0938;5863533.5;-3980.280518
409376.4063;5863533.5;-3980.45459
401356.4063;5863594;-4012.072754
401416.6875;5863594;-4011.968994
401477;5863594;-4011.935303
401537.3125;5863594;-4012.069824
401597.5938;5863594;-4012.549805
401657.9063;5863594;-4013.446289
401718.2188;5863594;-4014.703369
401778.5;5863594;-4016.115234
401838.8125;5863594;-4017.202881
401899.0938;5863594;-4017.299561
401959.4063;5863594;-4015.843506
402019.7188;5863594;-4012.369385
402080;5863594;-4007.393555
402140.3125;5863594;-4002.97998
402200.625;5863594;-4000.279541
402260.9063;5863594;-3998.684814
402321.2188;5863594;-3994.195068
402381.5;5863594;-3991.177734
402441.8125;5863594;-3990.532227
402502.125;5863594;-3989.863525
402562.4063;5863594;-3987.141846
402622.7188;5863594;-3984.108398
402683.0313;5863594;-3981.555176
402743.3125;5863594;-3979.563232
402803.625;5863594;-3980.582275
402863.9063;5863594;-3979.507568
402924.2188;5863594;-3981.47876
402984.5313;5863594;-3986.913818
403044.8125;5863594;-3989.972168
403105.125;5863594;-3987.124023
403165.4375;5863594;-3983.735352
403225.7188;5863594;-3983.987305
403286.0313;5863594;-3986.069824
403346.3125;5863594;-3988.727051
403406.625;5863594;-3991.32959
403466.9375;5863594;-3993
403527.2188;5863594;-3993.068848
403587.5313;5863594;-3992.176514
403647.8438;5863594;-3991.071045
403708.125;5863594;-3990.831055
403768.4375;5863594;-3991.762939
403828.7188;5863594;-3992.92627
403889.0313;5863594;-3993.671875
403949.3438;5863594;-3993.039795
404009.625;5863594;-3990.035645
404069.9375;5863594;-3985.116943
404130.25;5863594;-3978.638184
404190.5313;5863594;-3970.931396
404250.8438;5863594;-3962.932861
404311.125;5863594;-3955.414795
404371.4375;5863594;-3948.730957
404431.75;5863594;-3943.195557
404492.0313;5863594;-3938.846191
404552.3438;5863594;-3935.411377
404612.625;5863594;-3932.746826
404672.9375;5863594;-3930.684082
404733.25;5863594;-3928.97583
404793.5313;5863594;-3927.439697
404853.8438;5863594;-3925.920166
404914.1563;5863594;-3924.329346
404974.4375;5863594;-3922.62207
405034.75;5863594;-3920.759033
405095.0313;5863594;-3918.756592
405155.3438;5863594;-3916.628418
405215.6563;5863594;-3914.181396
405275.9375;5863594;-3911.558838
405336.25;5863594;-3909.371094
405396.5625;5863594;-3908.745361
405456.8438;5863594;-3909.202637
405517.1563;5863594;-3911.35083
405577.4375;5863594;-3914.425537
405637.75;5863594;-3917.533203
405698.0625;5863594;-3919.166016
405758.3438;5863594;-3926.931396
405818.6563;5863594;-3925.135254
405878.9688;5863594;-3923.074219
405939.25;5863594;-3922.835205
405999.5625;5863594;-3913.042969
406059.8438;5863594;-3914.283936
406120.1563;5863594;-3916.261719
406180.4688;5863594;-3918.662598
406240.75;5863594;-3921.200439
406301.0625;5863594;-3923.74292
406361.375;5863594;-3926.176758
406421.6563;5863594;-3928.441895
406481.9688;5863594;-3930.544678
406542.25;5863594;-3932.486816
406602.5625;5863594;-3934.245605
406662.875;5863594;-3935.871582
406723.1563;5863594;-3937.434326
406783.4688;5863594;-3938.947754
406843.7813;5863594;-3940.417969
406904.0625;5863594;-3941.873535
406964.375;5863594;-3943.325195
407024.6563;5863594;-3944.776611
407084.9688;5863594;-3946.233887
407145.2813;5863594;-3947.692383
407205.5625;5863594;-3949.149658
407265.875;5863594;-3950.603516
407326.1875;5863594;-3952.046143
407386.4688;5863594;-3953.469482
407446.7813;5863594;-3954.875488
407507.0625;5863594;-3956.258301
407567.375;5863594;-3957.60083
407627.6875;5863594;-3958.9104
407687.9688;5863594;-3960.19043
407748.2813;5863594;-3961.429443
407808.5938;5863594;-3962.620117
407868.875;5863594;-3963.76709
407929.1875;5863594;-3964.870361
407989.4688;5863594;-3965.937256
408049.7813;5863594;-3966.963135
408110.0938;5863594;-3967.942627
408170.375;5863594;-3968.880615
408230.6875;5863594;-3969.776123
408291;5863594;-3970.620117
408351.2813;5863594;-3971.424072
408411.5938;5863594;-3972.197266
408471.875;5863594;-3972.929932
408532.1875;5863594;-3973.60791
408592.5;5863594;-3974.247559
408652.7813;5863594;-3974.85376
408713.0938;5863594;-3975.422607
408773.4063;5863594;-3975.948242
408833.6875;5863594;-3976.434326
408894;5863594;-3976.885254
408954.2813;5863594;-3977.303955
409014.5938;5863594;-3977.684814
409074.9063;5863594;-3978.030029
409135.1875;5863594;-3978.34375
409195.5;5863594;-3978.622559
409255.8125;5863594;-3978.858398
409316.0938;5863594;-3979.064209
409376.4063;5863594;-3979.241943
401356.4063;5863654.5;-4012.369141
401416.6875;5863654.5;-4012.264404
401477;5863654.5;-4012.222168
401537.3125;5863654.5;-4012.356934
401597.5938;5863654.5;-4012.898682
401657.9063;5863654.5;-4013.968262
401718.2188;5863654.5;-4015.54126
401778.5;5863654.5;-4017.447754
401838.8125;5863654.5;-4019.204834
401899.0938;5863654.5;-4019.939697
401959.4063;5863654.5;-4018.904053
402019.7188;5863654.5;-4015.533203
402080;5863654.5;-4010.578369
402140.3125;5863654.5;-4006.851074
402200.625;5863654.5;-4006.187012
402260.9063;5863654.5;-4007.260742
402321.2188;5863654.5;-3999.191895
402381.5;5863654.5;-3991.431396
402441.8125;5863654.5;-3992.542236
402502.125;5863654.5;-3993.072266
402562.4063;5863654.5;-3989.653564
402622.7188;5863654.5;-3986.086914
402683.0313;5863654.5;-3983.300293
402743.3125;5863654.5;-3981.244385
402803.625;5863654.5;-3980.977295
402863.9063;5863654.5;-3979.738525
402924.2188;5863654.5;-3981.198242
402984.5313;5863654.5;-3985.58374
403044.8125;5863654.5;-3988.068115
403105.125;5863654.5;-3986.812988
403165.4375;5863654.5;-3984.656494
403225.7188;5863654.5;-3984.502686
403286.0313;5863654.5;-3986.004639
403346.3125;5863654.5;-3988.209717
403406.625;5863654.5;-3990.37793
403466.9375;5863654.5;-3991.731934
403527.2188;5863654.5;-3991.85498
403587.5313;5863654.5;-3991.259766
403647.8438;5863654.5;-3990.411621
403708.125;5863654.5;-3989.987305
403768.4375;5863654.5;-3990.187744
403828.7188;5863654.5;-3990.436523
403889.0313;5863654.5;-3990.296875
403949.3438;5863654.5;-3989.05957
404009.625;5863654.5;-3986.02417
404069.9375;5863654.5;-3981.565186
404130.25;5863654.5;-3975.936279
404190.5313;5863654.5;-3969.328857
404250.8438;5863654.5;-3962.412598
404311.125;5863654.5;-3955.790527
404371.4375;5863654.5;-3949.742188
404431.75;5863654.5;-3944.52002
404492.0313;5863654.5;-3940.196777
404552.3438;5863654.5;-3936.608154
404612.625;5863654.5;-3933.662598
404672.9375;5863654.5;-3931.236084
404733.25;5863654.5;-3929.139404
404793.5313;5863654.5;-3927.222168
404853.8438;5863654.5;-3925.3396
404914.1563;5863654.5;-3923.420166
404974.4375;5863654.5;-3921.423096
405034.75;5863654.5;-3919.294678
405095.0313;5863654.5;-3917.041992
405155.3438;5863654.5;-3914.672119
405215.6563;5863654.5;-3912.01001
405275.9375;5863654.5;-3909.15625
405336.25;5863654.5;-3906.774902
405396.5625;5863654.5;-3905.810059
405456.8438;5863654.5;-3907.205078
405517.1563;5863654.5;-3908.996826
405577.4375;5863654.5;-3911.426758
405637.75;5863654.5;-3913.90625
405698.0625;5863654.5;-3915.519775
405758.3438;5863654.5;-3916.137451
405818.6563;5863654.5;-3921.864258
405878.9688;5863654.5;-3920.776123
405939.25;5863654.5;-3911.328125
405999.5625;5863654.5;-3912.208496
406059.8438;5863654.5;-3913.71167
406120.1563;5863654.5;-3915.769043
406180.4688;5863654.5;-3918.143799
406240.75;5863654.5;-3920.614502
406301.0625;5863654.5;-3923.07251
406361.375;5863654.5;-3925.424805
406421.6563;5863654.5;-3927.621582
406481.9688;5863654.5;-3929.674072
406542.25;5863654.5;-3931.584229
406602.5625;5863654.5;-3933.332275
406662.875;5863654.5;-3934.962158
406723.1563;5863654.5;-3936.538818
406783.4688;5863654.5;-3938.069092
406843.7813;5863654.5;-3939.55542
406904.0625;5863654.5;-3941.026855
406964.375;5863654.5;-3942.490723
407024.6563;5863654.5;-3943.945801
407084.9688;5863654.5;-3945.401855
407145.2813;5863654.5;-3946.854736
407205.5625;5863654.5;-3948.294678
407265.875;5863654.5;-3949.727539
407326.1875;5863654.5;-3951.146729
407386.4688;5863654.5;-3952.541016
407446.7813;5863654.5;-3953.917236
407507.0625;5863654.5;-3955.270508
407567.375;5863654.5;-3956.583496
407627.6875;5863654.5;-3957.864746
407687.9688;5863654.5;-3959.118408
407748.2813;5863654.5;-3960.333008
407808.5938;5863654.5;-3961.501465
407868.875;5863654.5;-3962.628906
407929.1875;5863654.5;-3963.715576
407989.4688;5863654.5;-3964.767578
408049.7813;5863654.5;-3965.780273
408110.0938;5863654.5;-3966.749512
408170.375;5863654.5;-3967.678711
408230.6875;5863654.5;-3968.567383
408291;5863654.5;-3969.40625
408351.2813;5863654.5;-3970.206787
408411.5938;5863654.5;-3970.976807
408471.875;5863654.5;-3971.708008
408532.1875;5863654.5;-3972.38623
408592.5;5863654.5;-3973.026367
408652.7813;5863654.5;-3973.633301
408713.0938;5863654.5;-3974.20459
408773.4063;5863654.5;-3974.732666
408833.6875;5863654.5;-3975.22168
408894;5863654.5;-3975.675781
408954.2813;5863654.5;-3976.098633
409014.5938;5863654.5;-3976.483643
409074.9063;5863654.5;-3976.832764
409135.1875;5863654.5;-3977.150635
409195.5;5863654.5;-3977.43335
409255.8125;5863654.5;-3977.673584
409316.0938;5863654.5;-3977.883057
409376.4063;5863654.5;-3978.06543
401356.4063;5863715;-4012.720703
401416.6875;5863715;-4012.587646
401477;5863715;-4012.498291
401537.3125;5863715;-4012.578613
401597.5938;5863715;-4013.102295
401657.9063;5863715;-4014.258057
401718.2188;5863715;-4016.072754
401778.5;5863715;-4018.46582
401838.8125;5863715;-4021.052734
401899.0938;5863715;-4022.711182
401959.4063;5863715;-4022.448486
402019.7188;5863715;-4019.305664
402080;5863715;-4013.951172
402140.3125;5863715;-4010.065674
402200.625;5863715;-4010.78125
402260.9063;5863715;-4015.062744
402321.2188;5863715;-4004.329834
402381.5;5863715;-3988.827637
402441.8125;5863715;-3992.473389
402502.125;5863715;-3995.200195
402562.4063;5863715;-3991.131348
402622.7188;5863715;-3987.401855
402683.0313;5863715;-3984.98877
402743.3125;5863715;-3983.348633
402803.625;5863715;-3982.375244
402863.9063;5863715;-3981.785156
402924.2188;5863715;-3982.727295
402984.5313;5863715;-3985.355713
403044.8125;5863715;-3986.91333
403105.125;5863715;-3986.602783
403165.4375;5863715;-3985.568115
403225.7188;5863715;-3985.42041
403286.0313;5863715;-3986.521973
403346.3125;5863715;-3988.176025
403406.625;5863715;-3989.765137
403466.9375;5863715;-3990.679199
403527.2188;5863715;-3990.691162
403587.5313;5863715;-3990.186279
403647.8438;5863715;-3989.42749
403708.125;5863715;-3988.824463
403768.4375;5863715;-3988.487061
403828.7188;5863715;-3988.060547
403889.0313;5863715;-3987.266357
403949.3438;5863715;-3985.599854
404009.625;5863715;-3982.575684
404069.9375;5863715;-3978.499756
404130.25;5863715;-3973.557861
404190.5313;5863715;-3967.854248
404250.8438;5863715;-3961.853516
404311.125;5863715;-3956.008301
404371.4375;5863715;-3950.535645
404431.75;5863715;-3945.637207
404492.0313;5863715;-3941.402344
404552.3438;5863715;-3937.73999
404612.625;5863715;-3934.596924
404672.9375;5863715;-3931.886475
404733.25;5863715;-3929.472412
404793.5313;5863715;-3927.236816
404853.8438;5863715;-3925.045654
404914.1563;5863715;-3922.844238
404974.4375;5863715;-3920.600586
405034.75;5863715;-3918.250244
405095.0313;5863715;-3915.798828
405155.3438;5863715;-3913.262695
405215.6563;5863715;-3910.50293
405275.9375;5863715;-3907.586914
405336.25;5863715;-3905.221924
405396.5625;5863715;-3904.282227
405456.8438;5863715;-3905.00708
405517.1563;5863715;-3907.25
405577.4375;5863715;-3909.16626
405637.75;5863715;-3911.256348
405698.0625;5863715;-3912.894043
405758.3438;5863715;-3913.92749
405818.6563;5863715;-3914.472412
405878.9688;5863715;-3909.512695
405939.25;5863715;-3910.352051
405999.5625;5863715;-3911.606934
406059.8438;5863715;-3913.319336
406120.1563;5863715;-3915.438965
406180.4688;5863715;-3917.782227
406240.75;5863715;-3920.18042
406301.0625;5863715;-3922.54834
406361.375;5863715;-3924.810547
406421.6563;5863715;-3926.932373
406481.9688;5863715;-3928.92627
406542.25;5863715;-3930.797119
406602.5625;5863715;-3932.527344
406662.875;5863715;-3934.154297
406723.1563;5863715;-3935.737061
406783.4688;5863715;-3937.277832
406843.7813;5863715;-3938.772461
406904.0625;5863715;-3940.253174
406964.375;5863715;-3941.723633
407024.6563;5863715;-3943.175049
407084.9688;5863715;-3944.625244
407145.2813;5863715;-3946.068359
407205.5625;5863715;-3947.488037
407265.875;5863715;-3948.897461
407326.1875;5863715;-3950.290283
407386.4688;5863715;-3951.655029
407446.7813;5863715;-3953.001709
407507.0625;5863715;-3954.324707
407567.375;5863715;-3955.608154
407627.6875;5863715;-3956.861328
407687.9688;5863715;-3958.088379
407748.2813;5863715;-3959.27832
407808.5938;5863715;-3960.425293
407868.875;5863715;-3961.533447
407929.1875;5863715;-3962.603271
407989.4688;5863715;-3963.640137
408049.7813;5863715;-3964.640137
408110.0938;5863715;-3965.5979
408170.375;5863715;-3966.517578
408230.6875;5863715;-3967.398926
408291;5863715;-3968.232178
408351.2813;5863715;-3969.028809
408411.5938;5863715;-3969.79541
408471.875;5863715;-3970.524414
408532.1875;5863715;-3971.20166
408592.5;5863715;-3971.842041
408652.7813;5863715;-3972.449707
408713.0938;5863715;-3973.022461
408773.4063;5863715;-3973.552734
408833.6875;5863715;-3974.044189
408894;5863715;-3974.501953
408954.2813;5863715;-3974.927979
409014.5938;5863715;-3975.316162
409074.9063;5863715;-3975.669189
409135.1875;5863715;-3975.991211
409195.5;5863715;-3976.278076
409255.8125;5863715;-3976.522217
409316.0938;5863715;-3976.735596
409376.4063;5863715;-3976.921631
401356.4063;5863775.5;-4013.181641
401416.6875;5863775.5;-4012.993896
401477;5863775.5;-4012.822998
401537.3125;5863775.5;-4012.792725
401597.5938;5863775.5;-4013.206543
401657.9063;5863775.5;-4014.324951
401718.2188;5863775.5;-4016.251709
401778.5;5863775.5;-4019.067627
401838.8125;5863775.5;-4022.649902
401899.0938;5863775.5;-4025.692139
401959.4063;5863775.5;-4026.856689
402019.7188;5863775.5;-4023.97876
402080;5863775.5;-4017.049072
402140.3125;5863775.5;-4009.85376
402200.625;5863775.5;-4005.367188
402260.9063;5863775.5;-4008.542236
402321.2188;5863775.5;-4003.701904
402381.5;5863775.5;-3989.108887
402441.8125;5863775.5;-3990.803711
402502.125;5863775.5;-3992.685303
402562.4063;5863775.5;-3989.400146
402622.7188;5863775.5;-3986.974365
402683.0313;5863775.5;-3985.734619
402743.3125;5863775.5;-3984.852051
402803.625;5863775.5;-3984.050781
402863.9063;5863775.5;-3983.692139
402924.2188;5863775.5;-3984.152588
402984.5313;5863775.5;-3985.608398
403044.8125;5863775.5;-3986.685059
403105.125;5863775.5;-3986.79248
403165.4375;5863775.5;-3986.463623
403225.7188;5863775.5;-3986.528809
403286.0313;5863775.5;-3987.319824
403346.3125;5863775.5;-3988.422363
403406.625;5863775.5;-3989.42749
403466.9375;5863775.5;-3989.889893
403527.2188;5863775.5;-3989.705811
403587.5313;5863775.5;-3989.150146
403647.8438;5863775.5;-3988.358643
403708.125;5863775.5;-3987.577637
403768.4375;5863775.5;-3986.854492
403828.7188;5863775.5;-3985.957031
403889.0313;5863775.5;-3984.711182
403949.3438;5863775.5;-3982.761963
404009.625;5863775.5;-3979.779541
404069.9375;5863775.5;-3976.015869
404130.25;5863775.5;-3971.610107
404190.5313;5863775.5;-3966.615967
404250.8438;5863775.5;-3961.347412
404311.125;5863775.5;-3956.141357
404371.4375;5863775.5;-3951.168213
404431.75;5863775.5;-3946.584473
404492.0313;5863775.5;-3942.481445
404552.3438;5863775.5;-3938.81665
404612.625;5863775.5;-3935.5625
404672.9375;5863775.5;-3932.658447
404733.25;5863775.5;-3930.01123
404793.5313;5863775.5;-3927.531982
404853.8438;5863775.5;-3925.103271
404914.1563;5863775.5;-3922.686279
404974.4375;5863775.5;-3920.26001
405034.75;5863775.5;-3917.762207
405095.0313;5863775.5;-3915.207275
405155.3438;5863775.5;-3912.645508
405215.6563;5863775.5;-3909.981934
405275.9375;5863775.5;-3907.294189
405336.25;5863775.5;-3905.278809
405396.5625;5863775.5;-3904.370361
405456.8438;5863775.5;-3904.702881
405517.1563;5863775.5;-3905.899902
405577.4375;5863775.5;-3908.156738
405637.75;5863775.5;-3909.926514
405698.0625;5863775.5;-3911.510498
405758.3438;5863775.5;-3912.762939
405818.6563;5863775.5;-3907.847412
405878.9688;5863775.5;-3908.744141
405939.25;5863775.5;-3909.944336
405999.5625;5863775.5;-3911.418457
406059.8438;5863775.5;-3913.248535
406120.1563;5863775.5;-3915.380127
406180.4688;5863775.5;-3917.65918
406240.75;5863775.5;-3919.964844
406301.0625;5863775.5;-3922.231445
406361.375;5863775.5;-3924.394531
406421.6563;5863775.5;-3926.432861
406481.9688;5863775.5;-3928.360596
406542.25;5863775.5;-3930.184814
406602.5625;5863775.5;-3931.887939
406662.875;5863775.5;-3933.5
406723.1563;5863775.5;-3935.075684
406783.4688;5863775.5;-3936.61377
406843.7813;5863775.5;-3938.105225
406904.0625;5863775.5;-3939.583252
406964.375;5863775.5;-3941.049072
407024.6563;5863775.5;-3942.490234
407084.9688;5863775.5;-3943.925537
407145.2813;5863775.5;-3945.351563
407205.5625;5863775.5;-3946.747559
407265.875;5863775.5;-3948.130859
407326.1875;5863775.5;-3949.496338
407386.4688;5863775.5;-3950.830811
407446.7813;5863775.5;-3952.146973
407507.0625;5863775.5;-3953.44043
407567.375;5863775.5;-3954.694824
407627.6875;5863775.5;-3955.920654
407687.9688;5863775.5;-3957.121582
407748.2813;5863775.5;-3958.287598
407808.5938;5863775.5;-3959.412842
407868.875;5863775.5;-3960.501221
407929.1875;5863775.5;-3961.553467
407989.4688;5863775.5;-3962.574219
408049.7813;5863775.5;-3963.560547
408110.0938;5863775.5;-3964.506348
408170.375;5863775.5;-3965.415771
408230.6875;5863775.5;-3966.288086
408291;5863775.5;-3967.11377
408351.2813;5863775.5;-3967.904053
408411.5938;5863775.5;-3968.666016
408471.875;5863775.5;-3969.390381
408532.1875;5863775.5;-3970.065186
408592.5;5863775.5;-3970.703613
408652.7813;5863775.5;-3971.310303
408713.0938;5863775.5;-3971.882324
408773.4063;5863775.5;-3972.412842
408833.6875;5863775.5;-3972.905029
408894;5863775.5;-3973.363525
408954.2813;5863775.5;-3973.79126
409014.5938;5863775.5;-3974.181396
409074.9063;5863775.5;-3974.536133
409135.1875;5863775.5;-3974.860352
409195.5;5863775.5;-3975.149902
409255.8125;5863775.5;-3975.395996
409316.0938;5863775.5;-3975.612305
409376.4063;5863775.5;-3975.801514
401356.4063;5863836.5;-4013.809814
401416.6875;5863836.5;-4013.564941
401477;5863836.5;-4013.30542
401537.3125;5863836.5;-4013.141357
401597.5938;5863836.5;-4013.37915
401657.9063;5863836.5;-4014.335693
401718.2188;5863836.5;-4016.1875
401778.5;5863836.5;-4019.200195
401838.8125;5863836.5;-4023.776123
401899.0938;5863836.5;-4028.637207
401959.4063;5863836.5;-4031.909424
402019.7188;5863836.5;-4029.779541
402080;5863836.5;-4021.799805
402140.3125;5863836.5;-4012.841309
402200.625;5863836.5;-4005.246826
402260.9063;5863836.5;-4004.27002
402321.2188;5863836.5;-4002.585938
402381.5;5863836.5;-3993.710449
402441.8125;5863836.5;-3990.682129
402502.125;5863836.5;-3989.194092
402562.4063;5863836.5;-3987.4375
402622.7188;5863836.5;-3986.812988
402683.0313;5863836.5;-3986.733398
402743.3125;5863836.5;-3986.446289
402803.625;5863836.5;-3985.764893
402863.9063;5863836.5;-3985.278564
402924.2188;5863836.5;-3985.337402
402984.5313;5863836.5;-3986.12793
403044.8125;5863836.5;-3986.89624
403105.125;5863836.5;-3987.152344
403165.4375;5863836.5;-3987.190918
403225.7188;5863836.5;-3987.391113
403286.0313;5863836.5;-3987.91748
403346.3125;5863836.5;-3988.571045
403406.625;5863836.5;-3989.098389
403466.9375;5863836.5;-3989.188477
403527.2188;5863836.5;-3988.814209
403587.5313;5863836.5;-3988.163818
403647.8438;5863836.5;-3987.29541
403708.125;5863836.5;-3986.361572
403768.4375;5863836.5;-3985.37085
403828.7188;5863836.5;-3984.162109
403889.0313;5863836.5;-3982.625732
403949.3438;5863836.5;-3980.511475
404009.625;5863836.5;-3977.593262
404069.9375;5863836.5;-3974.080811
404130.25;5863836.5;-3970.081055
404190.5313;5863836.5;-3965.619629
404250.8438;5863836.5;-3960.908936
404311.125;5863836.5;-3956.204834
404371.4375;5863836.5;-3951.642578
404431.75;5863836.5;-3947.343994
404492.0313;5863836.5;-3943.391602
404552.3438;5863836.5;-3939.773438
404612.625;5863836.5;-3936.477051
404672.9375;5863836.5;-3933.459717
404733.25;5863836.5;-3930.661621
404793.5313;5863836.5;-3928.019531
404853.8438;5863836.5;-3925.432129
404914.1563;5863836.5;-3922.880371
404974.4375;5863836.5;-3920.35498
405034.75;5863836.5;-3917.800049
405095.0313;5863836.5;-3915.236572
405155.3438;5863836.5;-3912.748779
405215.6563;5863836.5;-3910.293213
405275.9375;5863836.5;-3907.929688
405336.25;5863836.5;-3906.279053
405396.5625;5863836.5;-3905.440674
405456.8438;5863836.5;-3905.519775
405517.1563;5863836.5;-3906.37793
405577.4375;5863836.5;-3907.833008
405637.75;5863836.5;-3909.928223
405698.0625;5863836.5;-3911.373779
405758.3438;5863836.5;-3906.610107
405818.6563;5863836.5;-3907.506592
405878.9688;5863836.5;-3908.623291
405939.25;5863836.5;-3909.986084
405999.5625;5863836.5;-3911.545166
406059.8438;5863836.5;-3913.406982
406120.1563;5863836.5;-3915.501709
406180.4688;5863836.5;-3917.686768
406240.75;5863836.5;-3919.883545
406301.0625;5863836.5;-3922.039551
406361.375;5863836.5;-3924.099609
406421.6563;5863836.5;-3926.052002
406481.9688;5863836.5;-3927.912842
406542.25;5863836.5;-3929.688721
406602.5625;5863836.5;-3931.362549
406662.875;5863836.5;-3932.953857
406723.1563;5863836.5;-3934.516602
406783.4688;5863836.5;-3936.045166
406843.7813;5863836.5;-3937.525635
406904.0625;5863836.5;-3938.993896
406964.375;5863836.5;-3940.44873
407024.6563;5863836.5;-3941.872803
407084.9688;5863836.5;-3943.289551
407145.2813;5863836.5;-3944.693848
407205.5625;5863836.5;-3946.064453
407265.875;5863836.5;-3947.419678
407326.1875;5863836.5;-3948.756348
407386.4688;5863836.5;-3950.060547
407446.7813;5863836.5;-3951.346436
407507.0625;5863836.5;-3952.61084
407567.375;5863836.5;-3953.83667
407627.6875;5863836.5;-3955.035889
407687.9688;5863836.5;-3956.21167
407748.2813;5863836.5;-3957.354004
407808.5938;5863836.5;-3958.458008
407868.875;5863836.5;-3959.5271
407929.1875;5863836.5;-3960.561768
407989.4688;5863836.5;-3961.566895
408049.7813;5863836.5;-3962.53833
408110.0938;5863836.5;-3963.472168
408170.375;5863836.5;-3964.370605
408230.6875;5863836.5;-3965.23291
408291;5863836.5;-3966.051025
408351.2813;5863836.5;-3966.834229
408411.5938;5863836.5;-3967.589844
408471.875;5863836.5;-3968.310059
408532.1875;5863836.5;-3968.981201
408592.5;5863836.5;-3969.616699
408652.7813;5863836.5;-3970.221436
408713.0938;5863836.5;-3970.792236
408773.4063;5863836.5;-3971.321777
408833.6875;5863836.5;-3971.814453
408894;5863836.5;-3972.273193
408954.2813;5863836.5;-3972.70166
409014.5938;5863836.5;-3973.092773
409074.9063;5863836.5;-3973.449463
409135.1875;5863836.5;-3973.774658
409195.5;5863836.5;-3974.065918
409255.8125;5863836.5;-3974.314209
409316.0938;5863836.5;-3974.532715
409376.4063;5863836.5;-3974.723389
401356.4063;5863897;-4014.607666
401416.6875;5863897;-4014.327148
401477;5863897;-4014.013428
401537.3125;5863897;-4013.757324
401597.5938;5863897;-4013.84668
401657.9063;5863897;-4014.620605
401718.2188;5863897;-4016.253662
401778.5;5863897;-4019.120605
401838.8125;5863897;-4024.13623
401899.0938;5863897;-4029.957031
401959.4063;5863897;-4034.261475
402019.7188;5863897;-4033.144775
402080;5863897;-4026.19751
402140.3125;5863897;-4018.619385
402200.625;5863897;-4012.398926
402260.9063;5863897;-4009.511963
402321.2188;5863897;-4006.117432
402381.5;5863897;-3999.669678
402441.8125;5863897;-3993.709473
402502.125;5863897;-3990.153076
402562.4063;5863897;-3988.772949
402622.7188;5863897;-3988.603271
402683.0313;5863897;-3988.724121
402743.3125;5863897;-3988.380371
402803.625;5863897;-3987.493652
402863.9063;5863897;-3986.725586
402924.2188;5863897;-3986.420898
402984.5313;5863897;-3986.751465
403044.8125;5863897;-3987.257568
403105.125;5863897;-3987.515625
403165.4375;5863897;-3987.690918
403225.7188;5863897;-3987.918701
403286.0313;5863897;-3988.21582
403346.3125;5863897;-3988.515625
403406.625;5863897;-3988.674561
403466.9375;5863897;-3988.482178
403527.2188;5863897;-3987.954834
403587.5313;5863897;-3987.214355
403647.8438;5863897;-3986.266846
403708.125;5863897;-3985.207275
403768.4375;5863897;-3984.022461
403828.7188;5863897;-3982.599609
403889.0313;5863897;-3980.873779
403949.3438;5863897;-3978.66626
404009.625;5863897;-3975.823242
404069.9375;5863897;-3972.520264
404130.25;5863897;-3968.842285
404190.5313;5863897;-3964.796143
404250.8438;5863897;-3960.526123
404311.125;5863897;-3956.22876
404371.4375;5863897;-3952.010986
404431.75;5863897;-3947.968262
404492.0313;5863897;-3944.170166
404552.3438;5863897;-3940.625
404612.625;5863897;-3937.329834
404672.9375;5863897;-3934.253418
404733.25;5863897;-3931.363281
404793.5313;5863897;-3928.61792
404853.8438;5863897;-3925.932617
404914.1563;5863897;-3923.304443
404974.4375;5863897;-3920.739258
405034.75;5863897;-3918.187012
405095.0313;5863897;-3915.671631
405155.3438;5863897;-3913.300781
405215.6563;5863897;-3911.084229
405275.9375;5863897;-3909.062744
405336.25;5863897;-3907.707764
405396.5625;5863897;-3906.947754
405456.8438;5863897;-3906.907227
405517.1563;5863897;-3907.540039
405577.4375;5863897;-3908.690186
405637.75;5863897;-3910.17627
405698.0625;5863897;-3905.864258
405758.3438;5863897;-3906.791992
405818.6563;5863897;-3907.701416
405878.9688;5863897;-3908.891846
405939.25;5863897;-3910.30249
405999.5625;5863897;-3911.862061
406059.8438;5863897;-3913.696045
406120.1563;5863897;-3915.717285
406180.4688;5863897;-3917.789307
406240.75;5863897;-3919.867432
406301.0625;5863897;-3921.9104
406361.375;5863897;-3923.870117
406421.6563;5863897;-3925.740967
406481.9688;5863897;-3927.537598
406542.25;5863897;-3929.267334
406602.5625;5863897;-3930.910889
406662.875;5863897;-3932.480225
406723.1563;5863897;-3934.027588
406783.4688;5863897;-3935.54248
406843.7813;5863897;-3937.008301
406904.0625;5863897;-3938.463135
406964.375;5863897;-3939.902344
407024.6563;5863897;-3941.305664
407084.9688;5863897;-3942.700439
407145.2813;5863897;-3944.081543
407205.5625;5863897;-3945.423828
407265.875;5863897;-3946.751709
407326.1875;5863897;-3948.058838
407386.4688;5863897;-3949.333008
407446.7813;5863897;-3950.589844
407507.0625;5863897;-3951.825195
407567.375;5863897;-3953.023682
407627.6875;5863897;-3954.196533
407687.9688;5863897;-3955.347412
407748.2813;5863897;-3956.466553
407808.5938;5863897;-3957.549316
407868.875;5863897;-3958.599854
407929.1875;5863897;-3959.616699
407989.4688;5863897;-3960.606201
408049.7813;5863897;-3961.563477
408110.0938;5863897;-3962.484375
408170.375;5863897;-3963.371582
408230.6875;5863897;-3964.223877
408291;5863897;-3965.033691
408351.2813;5863897;-3965.810059
408411.5938;5863897;-3966.55957
408471.875;5863897;-3967.27417
408532.1875;5863897;-3967.94165
408592.5;5863897;-3968.574219
408652.7813;5863897;-3969.17627
408713.0938;5863897;-3969.745605
408773.4063;5863897;-3970.27417
408833.6875;5863897;-3970.766357
408894;5863897;-3971.225342
408954.2813;5863897;-3971.654053
409014.5938;5863897;-3972.046387
409074.9063;5863897;-3972.403809
409135.1875;5863897;-3972.730713
409195.5;5863897;-3973.023193
409255.8125;5863897;-3973.273193
409316.0938;5863897;-3973.493164
409376.4063;5863897;-3973.685059
401356.4063;5863957.5;-4015.553711
401416.6875;5863957.5;-4015.269531
401477;5863957.5;-4014.953613
401537.3125;5863957.5;-4014.675537
401597.5938;5863957.5;-4014.69165
401657.9063;5863957.5;-4015.339355
401718.2188;5863957.5;-4016.802979
401778.5;5863957.5;-4019.449219
401838.8125;5863957.5;-4024.14502
401899.0938;5863957.5;-4029.447266
401959.4063;5863957.5;-4033.204346
402019.7188;5863957.5;-4032.938965
402080;5863957.5;-4028.395996
402140.3125;5863957.5;-4023.146484
402200.625;5863957.5;-4018.704102
402260.9063;5863957.5;-4015.539795
402321.2188;5863957.5;-4011.38208
402381.5;5863957.5;-4005.49292
402441.8125;5863957.5;-3999.129883
402502.125;5863957.5;-3994.689209
402562.4063;5863957.5;-3992.808594
402622.7188;5863957.5;-3992.094727
402683.0313;5863957.5;-3991.554443
402743.3125;5863957.5;-3990.577148
402803.625;5863957.5;-3989.256348
402863.9063;5863957.5;-3988.156494
402924.2188;5863957.5;-3987.525391
402984.5313;5863957.5;-3987.494873
403044.8125;5863957.5;-3987.750732
403105.125;5863957.5;-3987.909424
403165.4375;5863957.5;-3988.057617
403225.7188;5863957.5;-3988.211182
403286.0313;5863957.5;-3988.294922
403346.3125;5863957.5;-3988.314209
403406.625;5863957.5;-3988.196777
403466.9375;5863957.5;-3987.797363
403527.2188;5863957.5;-3987.150146
403587.5313;5863957.5;-3986.329102
403647.8438;5863957.5;-3985.307373
403708.125;5863957.5;-3984.144531
403768.4375;5863957.5;-3982.817871
403828.7188;5863957.5;-3981.249268
403889.0313;5863957.5;-3979.403564
403949.3438;5863957.5;-3977.1521
404009.625;5863957.5;-3974.389648
404069.9375;5863957.5;-3971.264893
404130.25;5863957.5;-3967.845947
404190.5313;5863957.5;-3964.128906
404250.8438;5863957.5;-3960.211182
404311.125;5863957.5;-3956.247314
404371.4375;5863957.5;-3952.322021
404431.75;5863957.5;-3948.509277
404492.0313;5863957.5;-3944.864502
404552.3438;5863957.5;-3941.410645
404612.625;5863957.5;-3938.148193
404672.9375;5863957.5;-3935.056396
404733.25;5863957.5;-3932.122314
404793.5313;5863957.5;-3929.323242
404853.8438;5863957.5;-3926.588867
404914.1563;5863957.5;-3923.932373
404974.4375;5863957.5;-3921.376221
405034.75;5863957.5;-3918.87207
405095.0313;5863957.5;-3916.444824
405155.3438;5863957.5;-3914.206299
405215.6563;5863957.5;-3912.193115
405275.9375;5863957.5;-3910.441162
405336.25;5863957.5;-3909.290527
405396.5625;5863957.5;-3908.610352
405456.8438;5863957.5;-3908.501221
405517.1563;5863957.5;-3908.963623
405577.4375;5863957.5;-3909.857178
405637.75;5863957.5;-3906.131836
405698.0625;5863957.5;-3906.863037
405758.3438;5863957.5;-3907.672607
405818.6563;5863957.5;-3908.534668
405878.9688;5863957.5;-3909.708496
405939.25;5863957.5;-3911.085693
405999.5625;5863957.5;-3912.57959
406059.8438;5863957.5;-3914.324951
406120.1563;5863957.5;-3916.224365
406180.4688;5863957.5;-3918.148682
406240.75;5863957.5;-3920.083252
406301.0625;5863957.5;-3921.994873
406361.375;5863957.5;-3923.838623
406421.6563;5863957.5;-3925.614502
406481.9688;5863957.5;-3927.334717
406542.25;5863957.5;-3929.005615
406602.5625;5863957.5;-3930.605225
406662.875;5863957.5;-3932.140381
406723.1563;5863957.5;-3933.658447
406783.4688;5863957.5;-3935.147217
406843.7813;5863957.5;-3936.587646
406904.0625;5863957.5;-3938.018555
406964.375;5863957.5;-3939.432861
407024.6563;5863957.5;-3940.809082
407084.9688;5863957.5;-3942.176514
407145.2813;5863957.5;-3943.529053
407205.5625;5863957.5;-3944.84082
407265.875;5863957.5;-3946.137939
407326.1875;5863957.5;-3947.415283
407386.4688;5863957.5;-3948.659424
407446.7813;5863957.5;-3949.885986
407507.0625;5863957.5;-3951.093506
407567.375;5863957.5;-3952.264893
407627.6875;5863957.5;-3953.412109
407687.9688;5863957.5;-3954.538818
407748.2813;5863957.5;-3955.63501
407808.5938;5863957.5;-3956.696289
407868.875;5863957.5;-3957.727539
407929.1875;5863957.5;-3958.727295
407989.4688;5863957.5;-3959.699951
408049.7813;5863957.5;-3960.642334
408110.0938;5863957.5;-3961.550049
408170.375;5863957.5;-3962.424561
408230.6875;5863957.5;-3963.266357
408291;5863957.5;-3964.066406
408351.2813;5863957.5;-3964.834229
408411.5938;5863957.5;-3965.576416
408471.875;5863957.5;-3966.284424
408532.1875;5863957.5;-3966.946045
408592.5;5863957.5;-3967.574463
408652.7813;5863957.5;-3968.173096
408713.0938;5863957.5;-3968.739258
408773.4063;5863957.5;-3969.265625
408833.6875;5863957.5;-3969.755859
408894;5863957.5;-3970.213379
408954.2813;5863957.5;-3970.641113
409014.5938;5863957.5;-3971.032959
409074.9063;5863957.5;-3971.390625
409135.1875;5863957.5;-3971.717529
409195.5;5863957.5;-3972.01001
409255.8125;5863957.5;-3972.260498
409316.0938;5863957.5;-3972.480713
409376.4063;5863957.5;-3972.673584
401356.4063;5864018;-4016.614502
401416.6875;5864018;-4016.36084
401477;5864018;-4016.095703
401537.3125;5864018;-4015.871826
401597.5938;5864018;-4015.903564
401657.9063;5864018;-4016.491455
401718.2188;5864018;-4017.827393
401778.5;5864018;-4020.166992
401838.8125;5864018;-4023.913574
401899.0938;5864018;-4027.859131
401959.4063;5864018;-4030.51123
402019.7188;5864018;-4030.496582
402080;5864018;-4027.700684
402140.3125;5864018;-4024.309082
402200.625;5864018;-4021.210693
402260.9063;5864018;-4018.455322
402321.2188;5864018;-4014.724365
402381.5;5864018;-4009.710938
402441.8125;5864018;-4004.21582
402502.125;5864018;-3999.81665
402562.4063;5864018;-3997.361572
402622.7188;5864018;-3995.702393
402683.0313;5864018;-3994.143799
402743.3125;5864018;-3992.401855
402803.625;5864018;-3990.688232
402863.9063;5864018;-3989.35791
402924.2188;5864018;-3988.524414
402984.5313;5864018;-3988.255127
403044.8125;5864018;-3988.296143
403105.125;5864018;-3988.300781
403165.4375;5864018;-3988.320557
403225.7188;5864018;-3988.328125
403286.0313;5864018;-3988.209961
403346.3125;5864018;-3988.007324
403406.625;5864018;-3987.685547
403466.9375;5864018;-3987.135498
403527.2188;5864018;-3986.391846
403587.5313;5864018;-3985.496094
403647.8438;5864018;-3984.404785
403708.125;5864018;-3983.157227
403768.4375;5864018;-3981.729248
403828.7188;5864018;-3980.067139
403889.0313;5864018;-3978.153809
403949.3438;5864018;-3975.89502
404009.625;5864018;-3973.215088
404069.9375;5864018;-3970.243164
404130.25;5864018;-3967.034912
404190.5313;5864018;-3963.579834
404250.8438;5864018;-3959.946533
404311.125;5864018;-3956.255859
404371.4375;5864018;-3952.577881
404431.75;5864018;-3948.96875
404492.0313;5864018;-3945.4729
404552.3438;5864018;-3942.120361
404612.625;5864018;-3938.914551
404672.9375;5864018;-3935.84082
404733.25;5864018;-3932.902588
404793.5313;5864018;-3930.0896
404853.8438;5864018;-3927.345459
404914.1563;5864018;-3924.696289
404974.4375;5864018;-3922.178467
405034.75;5864018;-3919.745605
405095.0313;5864018;-3917.422852
405155.3438;5864018;-3915.320557
405215.6563;5864018;-3913.478516
405275.9375;5864018;-3911.920166
405336.25;5864018;-3910.900146
405396.5625;5864018;-3910.283203
405456.8438;5864018;-3910.12085
405517.1563;5864018;-3910.45752
405577.4375;5864018;-3907.388916
405637.75;5864018;-3907.634033
405698.0625;5864018;-3908.200439
405758.3438;5864018;-3908.889893
405818.6563;5864018;-3909.672119
405878.9688;5864018;-3910.77417
405939.25;5864018;-3912.063721
405999.5625;5864018;-3913.44751
406059.8438;5864018;-3915.068115
406120.1563;5864018;-3916.82251
406180.4688;5864018;-3918.589355
406240.75;5864018;-3920.377686
406301.0625;5864018;-3922.15918
406361.375;5864018;-3923.890625
406421.6563;5864018;-3925.57373
406481.9688;5864018;-3927.218994
406542.25;5864018;-3928.828857
406602.5625;5864018;-3930.381104
406662.875;5864018;-3931.877197
406723.1563;5864018;-3933.36084
406783.4688;5864018;-3934.817871
406843.7813;5864018;-3936.227783
406904.0625;5864018;-3937.629639
406964.375;5864018;-3939.015137
407024.6563;5864018;-3940.361328
407084.9688;5864018;-3941.698242
407145.2813;5864018;-3943.02002
407205.5625;5864018;-3944.300049
407265.875;5864018;-3945.56665
407326.1875;5864018;-3946.813477
407386.4688;5864018;-3948.027344
407446.7813;5864018;-3949.225342
407507.0625;5864018;-3950.404297
407567.375;5864018;-3951.549561
407627.6875;5864018;-3952.671387
407687.9688;5864018;-3953.774658
407748.2813;5864018;-3954.848145
407808.5938;5864018;-3955.889648
407868.875;5864018;-3956.901123
407929.1875;5864018;-3957.883301
407989.4688;5864018;-3958.8396
408049.7813;5864018;-3959.766357
408110.0938;5864018;-3960.6604
408170.375;5864018;-3961.522705
408230.6875;5864018;-3962.353516
408291;5864018;-3963.143555
408351.2813;5864018;-3963.902344
408411.5938;5864018;-3964.63623
408471.875;5864018;-3965.33667
408532.1875;5864018;-3965.99292
408592.5;5864018;-3966.615967
408652.7813;5864018;-3967.209961
408713.0938;5864018;-3967.772217
408773.4063;5864018;-3968.295654
408833.6875;5864018;-3968.783936
408894;5864018;-3969.239746
408954.2813;5864018;-3969.666016
409014.5938;5864018;-3970.056641
409074.9063;5864018;-3970.41333
409135.1875;5864018;-3970.740234
409195.5;5864018;-3971.032715
409255.8125;5864018;-3971.283203
409316.0938;5864018;-3971.503418
409376.4063;5864018;-3971.696777
401356.4063;5864078.5;-4017.705811
401416.6875;5864078.5;-4017.495361
401477;5864078.5;-4017.303467
401537.3125;5864078.5;-4017.166992
401597.5938;5864078.5;-4017.245117
401657.9063;5864078.5;-4017.758789
401718.2188;5864078.5;-4018.849854
401778.5;5864078.5;-4020.671875
401838.8125;5864078.5;-4023.311035
401899.0938;5864078.5;-4025.905518
401959.4063;5864078.5;-4027.54126
402019.7188;5864078.5;-4027.369629
402080;5864078.5;-4025.345703
402140.3125;5864078.5;-4022.884033
402200.625;5864078.5;-4020.508301
402260.9063;5864078.5;-4018.166748
402321.2188;5864078.5;-4015.108398
402381.5;5864078.5;-4011.177246
402441.8125;5864078.5;-4006.825439
402502.125;5864078.5;-4002.927246
402562.4063;5864078.5;-4000.156982
402622.7188;5864078.5;-3997.820801
402683.0313;5864078.5;-3995.60498
402743.3125;5864078.5;-3993.476807
402803.625;5864078.5;-3991.660156
402863.9063;5864078.5;-3990.300781
402924.2188;5864078.5;-3989.409668
402984.5313;5864078.5;-3989.002441
403044.8125;5864078.5;-3988.862305
403105.125;5864078.5;-3988.693604
403165.4375;5864078.5;-3988.540283
403225.7188;5864078.5;-3988.366455
403286.0313;5864078.5;-3988.059814
403346.3125;5864078.5;-3987.672852
403406.625;5864078.5;-3987.188477
403466.9375;5864078.5;-3986.515625
403527.2188;5864078.5;-3985.683105
403587.5313;5864078.5;-3984.712891
403647.8438;5864078.5;-3983.554199
403708.125;5864078.5;-3982.235596
403768.4375;5864078.5;-3980.734619
403828.7188;5864078.5;-3979.013428
403889.0313;5864078.5;-3977.06665
403949.3438;5864078.5;-3974.822021
404009.625;5864078.5;-3972.225586
404069.9375;5864078.5;-3969.387451
404130.25;5864078.5;-3966.35498
404190.5313;5864078.5;-3963.114746
404250.8438;5864078.5;-3959.715088
404311.125;5864078.5;-3956.253418
404371.4375;5864078.5;-3952.787354
404431.75;5864078.5;-3949.359375
404492.0313;5864078.5;-3946.004639
404552.3438;5864078.5;-3942.75708
404612.625;5864078.5;-3939.624268
404672.9375;5864078.5;-3936.594482
404733.25;5864078.5;-3933.681396
404793.5313;5864078.5;-3930.885986
404853.8438;5864078.5;-3928.161621
404914.1563;5864078.5;-3925.544922
404974.4375;5864078.5;-3923.081543
405034.75;5864078.5;-3920.72583
405095.0313;5864078.5;-3918.502197
405155.3438;5864078.5;-3916.518066
405215.6563;5864078.5;-3914.812744
405275.9375;5864078.5;-3913.391357
405336.25;5864078.5;-3912.441406
405396.5625;5864078.5;-3911.847656
405456.8438;5864078.5;-3911.630371
405517.1563;5864078.5;-3909.227783
405577.4375;5864078.5;-3909.059814
405637.75;5864078.5;-3909.175537
405698.0625;5864078.5;-3909.61377
405758.3438;5864078.5;-3910.193115
405818.6563;5864078.5;-3910.881348
405878.9688;5864078.5;-3911.883301
405939.25;5864078.5;-3913.057129
405999.5625;5864078.5;-3914.308838
406059.8438;5864078.5;-3915.79126
406120.1563;5864078.5;-3917.398438
406180.4688;5864078.5;-3919.015381
406240.75;5864078.5;-3920.669678
406301.0625;5864078.5;-3922.334717
406361.375;5864078.5;-3923.965088
406421.6563;5864078.5;-3925.565918
406481.9688;5864078.5;-3927.143066
406542.25;5864078.5;-3928.696045
406602.5625;5864078.5;-3930.202393
406662.875;5864078.5;-3931.659668
406723.1563;5864078.5;-3933.107178
406783.4688;5864078.5;-3934.53125
406843.7813;5864078.5;-3935.90918
406904.0625;5864078.5;-3937.280029
406964.375;5864078.5;-3938.63501
407024.6563;5864078.5;-3939.949463
407084.9688;5864078.5;-3941.255127
407145.2813;5864078.5;-3942.545654
407205.5625;5864078.5;-3943.794189
407265.875;5864078.5;-3945.029541
407326.1875;5864078.5;-3946.24707
407386.4688;5864078.5;-3947.431641
407446.7813;5864078.5;-3948.60083
407507.0625;5864078.5;-3949.75293
407567.375;5864078.5;-3950.872314
407627.6875;5864078.5;-3951.970215
407687.9688;5864078.5;-3953.050049
407748.2813;5864078.5;-3954.101807
407808.5938;5864078.5;-3955.122559
407868.875;5864078.5;-3956.115967
407929.1875;5864078.5;-3957.080078
407989.4688;5864078.5;-3958.02002
408049.7813;5864078.5;-3958.932617
408110.0938;5864078.5;-3959.812256
408170.375;5864078.5;-3960.662354
408230.6875;5864078.5;-3961.481445
408291;5864078.5;-3962.261719
408351.2813;5864078.5;-3963.011719
408411.5938;5864078.5;-3963.737305
408471.875;5864078.5;-3964.430908
408532.1875;5864078.5;-3965.080322
408592.5;5864078.5;-3965.697998
408652.7813;5864078.5;-3966.287354
408713.0938;5864078.5;-3966.845459
408773.4063;5864078.5;-3967.365967
408833.6875;5864078.5;-3967.851807
408894;5864078.5;-3968.305908
408954.2813;5864078.5;-3968.730957
409014.5938;5864078.5;-3969.120361
409074.9063;5864078.5;-3969.476074
409135.1875;5864078.5;-3969.80249
409195.5;5864078.5;-3970.094727
409255.8125;5864078.5;-3970.344971
409316.0938;5864078.5;-3970.565918
409376.4063;5864078.5;-3970.758789
401356.4063;5864139.5;-4018.744385
401416.6875;5864139.5;-4018.564209
401477;5864139.5;-4018.432129
401537.3125;5864139.5;-4018.368896
401597.5938;5864139.5;-4018.480713
401657.9063;5864139.5;-4018.902588
401718.2188;5864139.5;-4019.711426
401778.5;5864139.5;-4020.971924
401838.8125;5864139.5;-4022.640381
401899.0938;5864139.5;-4024.144775
401959.4063;5864139.5;-4024.945313
402019.7188;5864139.5;-4024.514893
402080;5864139.5;-4022.820313
402140.3125;5864139.5;-4020.772949
402200.625;5864139.5;-4018.703369
402260.9063;5864139.5;-4016.597168
402321.2188;5864139.5;-4014.050049
402381.5;5864139.5;-4010.960449
402441.8125;5864139.5;-4007.512451
402502.125;5864139.5;-4004.156006
402562.4063;5864139.5;-4001.331055
402622.7188;5864139.5;-3998.738281
402683.0313;5864139.5;-3996.314941
402743.3125;5864139.5;-3994.152832
402803.625;5864139.5;-3992.433105
402863.9063;5864139.5;-3991.15332
402924.2188;5864139.5;-3990.266357
402984.5313;5864139.5;-3989.759521
403044.8125;5864139.5;-3989.450928
403105.125;5864139.5;-3989.106934
403165.4375;5864139.5;-3988.770752
403225.7188;5864139.5;-3988.411865
403286.0313;5864139.5;-3987.929199
403346.3125;5864139.5;-3987.37793
403406.625;5864139.5;-3986.748535
403466.9375;5864139.5;-3985.962646
403527.2188;5864139.5;-3985.041748
403587.5313;5864139.5;-3983.996338
403647.8438;5864139.5;-3982.772461
403708.125;5864139.5;-3981.391602
403768.4375;5864139.5;-3979.835205
403828.7188;5864139.5;-3978.074463
403889.0313;5864139.5;-3976.112793
403949.3438;5864139.5;-3973.894287
404009.625;5864139.5;-3971.377197
404069.9375;5864139.5;-3968.659912
404130.25;5864139.5;-3965.781006
404190.5313;5864139.5;-3962.725342
404250.8438;5864139.5;-3959.525879
404311.125;5864139.5;-3956.263916
404371.4375;5864139.5;-3952.984375
404431.75;5864139.5;-3949.721924
404492.0313;5864139.5;-3946.503174
404552.3438;5864139.5;-3943.363281
404612.625;5864139.5;-3940.312744
404672.9375;5864139.5;-3937.343994
404733.25;5864139.5;-3934.477539
404793.5313;5864139.5;-3931.72168
404853.8438;5864139.5;-3929.037842
404914.1563;5864139.5;-3926.469482
404974.4375;5864139.5;-3924.067139
405034.75;5864139.5;-3921.786621
405095.0313;5864139.5;-3919.651367
405155.3438;5864139.5;-3917.753662
405215.6563;5864139.5;-3916.142822
405275.9375;5864139.5;-3914.807617
405336.25;5864139.5;-3913.851318
405396.5625;5864139.5;-3913.2146
405456.8438;5864139.5;-3911.471436
405517.1563;5864139.5;-3910.984619
405577.4375;5864139.5;-3910.766846
405637.75;5864139.5;-3910.816162
405698.0625;5864139.5;-3911.168701
405758.3438;5864139.5;-3911.666504
405818.6563;5864139.5;-3912.277344
405878.9688;5864139.5;-3913.179688
405939.25;5864139.5;-3914.236328
405999.5625;5864139.5;-3915.359619
406059.8438;5864139.5;-3916.699951
406120.1563;5864139.5;-3918.157959
406180.4688;5864139.5;-3919.627197
406240.75;5864139.5;-3921.145752
406301.0625;5864139.5;-3922.689697
406361.375;5864139.5;-3924.212402
406421.6563;5864139.5;-3925.720947
406481.9688;5864139.5;-3927.219727
406542.25;5864139.5;-3928.702393
406602.5625;5864139.5;-3930.150146
406662.875;5864139.5;-3931.557129
406723.1563;5864139.5;-3932.95752
406783.4688;5864139.5;-3934.336914
406843.7813;5864139.5;-3935.675537
406904.0625;5864139.5;-3937.00708
406964.375;5864139.5;-3938.324707
407024.6563;5864139.5;-3939.602295
407084.9688;5864139.5;-3940.871826
407145.2813;5864139.5;-3942.127441
407205.5625;5864139.5;-3943.342773
407265.875;5864139.5;-3944.545166
407326.1875;5864139.5;-3945.730957
407386.4688;5864139.5;-3946.885498
407446.7813;5864139.5;-3948.026123
407507.0625;5864139.5;-3949.150391
407567.375;5864139.5;-3950.243408
407627.6875;5864139.5;-3951.316895
407687.9688;5864139.5;-3952.373047
407748.2813;5864139.5;-3953.4021
407808.5938;5864139.5;-3954.402588
407868.875;5864139.5;-3955.376465
407929.1875;5864139.5;-3956.323242
407989.4688;5864139.5;-3957.246338
408049.7813;5864139.5;-3958.142578
408110.0938;5864139.5;-3959.007813
408170.375;5864139.5;-3959.845215
408230.6875;5864139.5;-3960.651611
408291;5864139.5;-3961.421143
408351.2813;5864139.5;-3962.161377
408411.5938;5864139.5;-3962.87793
408471.875;5864139.5;-3963.563477
408532.1875;5864139.5;-3964.206299
408592.5;5864139.5;-3964.817627
408652.7813;5864139.5;-3965.401367
408713.0938;5864139.5;-3965.95459
408773.4063;5864139.5;-3966.471191
408833.6875;5864139.5;-3966.953369
408894;5864139.5;-3967.403809
408954.2813;5864139.5;-3967.826416
409014.5938;5864139.5;-3968.214355
409074.9063;5864139.5;-3968.568604
409135.1875;5864139.5;-3968.893555
409195.5;5864139.5;-3969.184814
409255.8125;5864139.5;-3969.43457
409316.0938;5864139.5;-3969.654785
409376.4063;5864139.5;-3969.8479
401356.4063;5864200;-4019.682861
401416.6875;5864200;-4019.512939
401477;5864200;-4019.412354
401537.3125;5864200;-4019.390137
401597.5938;5864200;-4019.506592
401657.9063;5864200;-4019.823242
401718.2188;5864200;-4020.366699
401778.5;5864200;-4021.137451
401838.8125;5864200;-4022.043701
401899.0938;5864200;-4022.732178
401959.4063;5864200;-4022.892578
402019.7188;5864200;-4022.207031
402080;5864200;-4020.638184
402140.3125;5864200;-4018.763672
402200.625;5864200;-4016.799805
402260.9063;5864200;-4014.772705
402321.2188;5864200;-4012.504639
402381.5;5864200;-4009.927246
402441.8125;5864200;-4007.084717
402502.125;5864200;-4004.190186
402562.4063;5864200;-4001.51416
402622.7188;5864200;-3998.991699
402683.0313;5864200;-3996.67627
402743.3125;5864200;-3994.692871
402803.625;5864200;-3993.156982
402863.9063;5864200;-3991.986816
402924.2188;5864200;-3991.112061
402984.5313;5864200;-3990.507813
403044.8125;5864200;-3990.033936
403105.125;5864200;-3989.516113
403165.4375;5864200;-3988.999756
403225.7188;5864200;-3988.461426
403286.0313;5864200;-3987.816895
403346.3125;5864200;-3987.117676
403406.625;5864200;-3986.356689
403466.9375;5864200;-3985.464355
403527.2188;5864200;-3984.457275
403587.5313;5864200;-3983.337402
403647.8438;5864200;-3982.052002
403708.125;5864200;-3980.617676
403768.4375;5864200;-3979.018799
403828.7188;5864200;-3977.233887
403889.0313;5864200;-3975.269531
403949.3438;5864200;-3973.08374
404009.625;5864200;-3970.643066
404069.9375;5864200;-3968.033447
404130.25;5864200;-3965.28833
404190.5313;5864200;-3962.391602
404250.8438;5864200;-3959.365967
404311.125;5864200;-3956.276855
404371.4375;5864200;-3953.163574
404431.75;5864200;-3950.05127
404492.0313;5864200;-3946.962646
404552.3438;5864200;-3943.931885
404612.625;5864200;-3940.972412
404672.9375;5864200;-3938.078613
404733.25;5864200;-3935.276367
404793.5313;5864200;-3932.578613
404853.8438;5864200;-3929.953613
404914.1563;5864200;-3927.447998
404974.4375;5864200;-3925.113037
405034.75;5864200;-3922.908447
405095.0313;5864200;-3920.852539
405155.3438;5864200;-3919.019775
405215.6563;5864200;-3917.472412
405275.9375;5864200;-3916.187744
405336.25;5864200;-3915.17749
405396.5625;5864200;-3913.891113
405456.8438;5864200;-3913.180664
405517.1563;5864200;-3912.706055
405577.4375;5864200;-3912.47168
405637.75;5864200;-3912.488525
405698.0625;5864200;-3912.778564
405758.3438;5864200;-3913.20874
405818.6563;5864200;-3913.749756
405878.9688;5864200;-3914.552002
405939.25;5864200;-3915.492188
405999.5625;5864200;-3916.490967
406059.8438;5864200;-3917.693115
406120.1563;5864200;-3919.005859
406180.4688;5864200;-3920.333984
406240.75;5864200;-3921.721191
406301.0625;5864200;-3923.145996
406361.375;5864200;-3924.560303
406421.6563;5864200;-3925.973877
406481.9688;5864200;-3927.389648
406542.25;5864200;-3928.797119
406602.5625;5864200;-3930.179688
406662.875;5864200;-3931.530518
406723.1563;5864200;-3932.877441
406783.4688;5864200;-3934.206787
406843.7813;5864200;-3935.500732
406904.0625;5864200;-3936.789063
406964.375;5864200;-3938.064453
407024.6563;5864200;-3939.303223
407084.9688;5864200;-3940.534912
407145.2813;5864200;-3941.753174
407205.5625;5864200;-3942.933594
407265.875;5864200;-3944.102539
407326.1875;5864200;-3945.255859
407386.4688;5864200;-3946.380371
407446.7813;5864200;-3947.491943
407507.0625;5864200;-3948.588867
407567.375;5864200;-3949.65625
407627.6875;5864200;-3950.70459
407687.9688;5864200;-3951.737549
407748.2813;5864200;-3952.744873
407808.5938;5864200;-3953.724365
407868.875;5864200;-3954.679443
407929.1875;5864200;-3955.60791
407989.4688;5864200;-3956.51416
408049.7813;5864200;-3957.394287
408110.0938;5864200;-3958.245361
408170.375;5864200;-3959.068359
408230.6875;5864200;-3959.862793
408291;5864200;-3960.62085
408351.2813;5864200;-3961.35083
408411.5938;5864200;-3962.058105
408471.875;5864200;-3962.734619
408532.1875;5864200;-3963.369873
408592.5;5864200;-3963.974365
408652.7813;5864200;-3964.55249
408713.0938;5864200;-3965.10083
408773.4063;5864200;-3965.612305
408833.6875;5864200;-3966.090088
408894;5864200;-3966.537842
408954.2813;5864200;-3966.95752
409014.5938;5864200;-3967.342285
409074.9063;5864200;-3967.694336
409135.1875;5864200;-3968.01709
409195.5;5864200;-3968.307129
409255.8125;5864200;-3968.556152
409316.0938;5864200;-3968.775391
409376.4063;5864200;-3968.968018
401356.4063;5864260.5;-4020.471436
401416.6875;5864260.5;-4020.285645
401477;5864260.5;-4020.178955
401537.3125;5864260.5;-4020.15332
401597.5938;5864260.5;-4020.237793
401657.9063;5864260.5;-4020.445801
401718.2188;5864260.5;-4020.770264
401778.5;5864260.5;-4021.178223
401838.8125;5864260.5;-4021.566406
401899.0938;5864260.5;-4021.722168
401959.4063;5864260.5;-4021.464355
402019.7188;5864260.5;-4020.592529
402080;5864260.5;-4019.066162
402140.3125;5864260.5;-4017.262451
402200.625;5864260.5;-4015.327393
402260.9063;5864260.5;-4013.298096
402321.2188;5864260.5;-4011.131104
402381.5;5864260.5;-4008.803955
402441.8125;5864260.5;-4006.317871
402502.125;5864260.5;-4003.779541
402562.4063;5864260.5;-4001.360107
402622.7188;5864260.5;-3999.086426
402683.0313;5864260.5;-3997.030762
402743.3125;5864260.5;-3995.292725
402803.625;5864260.5;-3993.928223
402863.9063;5864260.5;-3992.831787
402924.2188;5864260.5;-3991.934082
402984.5313;5864260.5;-3991.214844
403044.8125;5864260.5;-3990.572266
403105.125;5864260.5;-3989.886719
403165.4375;5864260.5;-3989.199951
403225.7188;5864260.5;-3988.496338
403286.0313;5864260.5;-3987.70874
403346.3125;5864260.5;-3986.878662
403406.625;5864260.5;-3986.001221
403466.9375;5864260.5;-3985.010986
403527.2188;5864260.5;-3983.921631
403587.5313;5864260.5;-3982.731445
403647.8438;5864260.5;-3981.388916
403708.125;5864260.5;-3979.909912
403768.4375;5864260.5;-3978.280273
403828.7188;5864260.5;-3976.48291
403889.0313;5864260.5;-3974.526367
403949.3438;5864260.5;-3972.377441
404009.625;5864260.5;-3970.008301
404069.9375;5864260.5;-3967.493896
404130.25;5864260.5;-3964.863281
404190.5313;5864260.5;-3962.100586
404250.8438;5864260.5;-3959.22168
404311.125;5864260.5;-3956.281738
404371.4375;5864260.5;-3953.312988
404431.75;5864260.5;-3950.336914
404492.0313;5864260.5;-3947.371826
404552.3438;5864260.5;-3944.450195
404612.625;5864260.5;-3941.588379
404672.9375;5864260.5;-3938.782471
404733.25;5864260.5;-3936.060791
404793.5313;5864260.5;-3933.438232
404853.8438;5864260.5;-3930.888916
404914.1563;5864260.5;-3928.459229
404974.4375;5864260.5;-3926.199219
405034.75;5864260.5;-3924.07251
405095.0313;5864260.5;-3922.091553
405155.3438;5864260.5;-3920.310547
405215.6563;5864260.5;-3918.806885
405275.9375;5864260.5;-3917.549561
405336.25;5864260.5;-3916.374756
405396.5625;5864260.5;-3915.471436
405456.8438;5864260.5;-3914.827881
405517.1563;5864260.5;-3914.368164
405577.4375;5864260.5;-3914.127686
405637.75;5864260.5;-3914.122314
405698.0625;5864260.5;-3914.35498
405758.3438;5864260.5;-3914.717773
405818.6563;5864260.5;-3915.186523
405878.9688;5864260.5;-3915.885254
405939.25;5864260.5;-3916.708008
405999.5625;5864260.5;-3917.586182
406059.8438;5864260.5;-3918.656982
406120.1563;5864260.5;-3919.835938
406180.4688;5864260.5;-3921.0354
406240.75;5864260.5;-3922.303955
406301.0625;5864260.5;-3923.618896
406361.375;5864260.5;-3924.932861
406421.6563;5864260.5;-3926.257813
406481.9688;5864260.5;-3927.593506
406542.25;5864260.5;-3928.92749
406602.5625;5864260.5;-3930.245361
406662.875;5864260.5;-3931.539795
406723.1563;5864260.5;-3932.833252
406783.4688;5864260.5;-3934.111816
406843.7813;5864260.5;-3935.359619
406904.0625;5864260.5;-3936.604492
406964.375;5864260.5;-3937.837891
407024.6563;5864260.5;-3939.037354
407084.9688;5864260.5;-3940.230469
407145.2813;5864260.5;-3941.412598
407205.5625;5864260.5;-3942.558594
407265.875;5864260.5;-3943.694336
407326.1875;5864260.5;-3944.81665
407386.4688;5864260.5;-3945.912354
407446.7813;5864260.5;-3946.995117
407507.0625;5864260.5;-3948.06543
407567.375;5864260.5;-3949.107666
407627.6875;5864260.5;-3950.132324
407687.9688;5864260.5;-3951.142334
407748.2813;5864260.5;-3952.127686
407808.5938;5864260.5;-3953.087891
407868.875;5864260.5;-3954.023926
407929.1875;5864260.5;-3954.934814
407989.4688;5864260.5;-3955.824219
408049.7813;5864260.5;-3956.688965
408110.0938;5864260.5;-3957.525879
408170.375;5864260.5;-3958.335205
408230.6875;5864260.5;-3959.117188
408291;5864260.5;-3959.864258
408351.2813;5864260.5;-3960.58374
408411.5938;5864260.5;-3961.281494
408471.875;5864260.5;-3961.949707
408532.1875;5864260.5;-3962.577637
408592.5;5864260.5;-3963.175293
408652.7813;5864260.5;-3963.747314
408713.0938;5864260.5;-3964.289795
408773.4063;5864260.5;-3964.796631
408833.6875;5864260.5;-3965.270508
408894;5864260.5;-3965.7146
408954.2813;5864260.5;-3966.131348
409014.5938;5864260.5;-3966.513428
409074.9063;5864260.5;-3966.863525
409135.1875;5864260.5;-3967.184326
409195.5;5864260.5;-3967.472656
409255.8125;5864260.5;-3967.719727
409316.0938;5864260.5;-3967.937744
409376.4063;5864260.5;-3968.129639
401356.4063;5864321;-4021.072754
401416.6875;5864321;-4020.8479
401477;5864321;-4020.703857
401537.3125;5864321;-4020.637207
401597.5938;5864321;-4020.657471
401657.9063;5864321;-4020.752686
401718.2188;5864321;-4020.902344
401778.5;5864321;-4021.062012
401838.8125;5864321;-4021.13208
401899.0938;5864321;-4020.980469
401959.4063;5864321;-4020.491699
402019.7188;5864321;-4019.524902
402080;5864321;-4018.039307
402140.3125;5864321;-4016.29834
402200.625;5864321;-4014.404053
402260.9063;5864321;-4012.389648
402321.2188;5864321;-4010.276611
402381.5;5864321;-4008.08374
402441.8125;5864321;-4005.813477
402502.125;5864321;-4003.5354
402562.4063;5864321;-4001.370117
402622.7188;5864321;-3999.354248
402683.0313;5864321;-3997.53833
402743.3125;5864321;-3995.986328
402803.625;5864321;-3994.714111
402863.9063;5864321;-3993.624023
402924.2188;5864321;-3992.663086
402984.5313;5864321;-3991.818115
403044.8125;5864321;-3991.02002
403105.125;5864321;-3990.184814
403165.4375;5864321;-3989.351318
403225.7188;5864321;-3988.508545
403286.0313;5864321;-3987.599609
403346.3125;5864321;-3986.657959
403406.625;5864321;-3985.677979
403466.9375;5864321;-3984.601318
403527.2188;5864321;-3983.437012
403587.5313;5864321;-3982.182129
403647.8438;5864321;-3980.790039
403708.125;5864321;-3979.273926
403768.4375;5864321;-3977.622314
403828.7188;5864321;-3975.820313
403889.0313;5864321;-3973.878174
403949.3438;5864321;-3971.766357
404009.625;5864321;-3969.463135
404069.9375;5864321;-3967.033203
404130.25;5864321;-3964.502197
404190.5313;5864321;-3961.854492
404250.8438;5864321;-3959.102051
404311.125;5864321;-3956.291748
404371.4375;5864321;-3953.451904
404431.75;5864321;-3950.599854
404492.0313;5864321;-3947.752441
404552.3438;5864321;-3944.940186
404612.625;5864321;-3942.180176
404672.9375;5864321;-3939.470703
404733.25;5864321;-3936.841309
404793.5313;5864321;-3934.306641
404853.8438;5864321;-3931.845459
404914.1563;5864321;-3929.50415
404974.4375;5864321;-3927.328125
405034.75;5864321;-3925.283447
405095.0313;5864321;-3923.380859
405155.3438;5864321;-3921.664063
405215.6563;5864321;-3920.211426
405275.9375;5864321;-3918.989014
405336.25;5864321;-3917.892578
405396.5625;5864321;-3917.043945
405456.8438;5864321;-3916.43457
405517.1563;5864321;-3915.980469
405577.4375;5864321;-3915.729492
405637.75;5864321;-3915.69751
405698.0625;5864321;-3915.876953
405758.3438;5864321;-3916.177979
405818.6563;5864321;-3916.57959
405878.9688;5864321;-3917.186279
405939.25;5864321;-3917.907959
405999.5625;5864321;-3918.684326
406059.8438;5864321;-3919.641602
406120.1563;5864321;-3920.704102
406180.4688;5864321;-3921.792725
406240.75;5864321;-3922.955322
406301.0625;5864321;-3924.168457
406361.375;5864321;-3925.387939
406421.6563;5864321;-3926.625732
406481.9688;5864321;-3927.881836
406542.25;5864321;-3929.140625
406602.5625;5864321;-3930.391113
406662.875;5864321;-3931.626221
406723.1563;5864321;-3932.861816
406783.4688;5864321;-3934.086182
406843.7813;5864321;-3935.285156
406904.0625;5864321;-3936.482178
406964.375;5864321;-3937.67041
407024.6563;5864321;-3938.828613
407084.9688;5864321;-3939.982178
407145.2813;5864321;-3941.125244
407205.5625;5864321;-3942.236328
407265.875;5864321;-3943.338623
407326.1875;5864321;-3944.428467
407386.4688;5864321;-3945.494141
407446.7813;5864321;-3946.549316
407507.0625;5864321;-3947.591553
407567.375;5864321;-3948.608887
407627.6875;5864321;-3949.609619
407687.9688;5864321;-3950.596436
407748.2813;5864321;-3951.560303
407808.5938;5864321;-3952.500244
407868.875;5864321;-3953.417236
407929.1875;5864321;-3954.309814
407989.4688;5864321;-3955.182373
408049.7813;5864321;-3956.031738
408110.0938;5864321;-3956.853516
408170.375;5864321;-3957.648926
408230.6875;5864321;-3958.418457
408291;5864321;-3959.153809
408351.2813;5864321;-3959.863037
408411.5938;5864321;-3960.550537
408471.875;5864321;-3961.209473
408532.1875;5864321;-3961.829346
408592.5;5864321;-3962.419922
408652.7813;5864321;-3962.985352
408713.0938;5864321;-3963.521973
408773.4063;5864321;-3964.023682
408833.6875;5864321;-3964.492676
408894;5864321;-3964.932617
408954.2813;5864321;-3965.345459
409014.5938;5864321;-3965.724609
409074.9063;5864321;-3966.072021
409135.1875;5864321;-3966.390869
409195.5;5864321;-3966.676758
409255.8125;5864321;-3966.921875
409316.0938;5864321;-3967.138428
409376.4063;5864321;-3967.328125
401356.4063;5864381.5;-4021.524658
401416.6875;5864381.5;-4021.256592
401477;5864381.5;-4021.065918
401537.3125;5864381.5;-4020.942871
401597.5938;5864381.5;-4020.883545
401657.9063;5864381.5;-4020.865234
401718.2188;5864381.5;-4020.862305
401778.5;5864381.5;-4020.830322
401838.8125;5864381.5;-4020.680664
401899.0938;5864381.5;-4020.329346
401959.4063;5864381.5;-4019.701416
402019.7188;5864381.5;-4018.692627
402080;5864381.5;-4017.261475
402140.3125;5864381.5;-4015.599365
402200.625;5864381.5;-4013.779053
402260.9063;5864381.5;-4011.824707
402321.2188;5864381.5;-4009.786621
402381.5;5864381.5;-4007.711914
402441.8125;5864381.5;-4005.610596
402502.125;5864381.5;-4003.538574
402562.4063;5864381.5;-4001.584229
402622.7188;5864381.5;-3999.771729
402683.0313;5864381.5;-3998.128174
402743.3125;5864381.5;-3996.688721
402803.625;5864381.5;-3995.446289
402863.9063;5864381.5;-3994.323242
402924.2188;5864381.5;-3993.281738
402984.5313;5864381.5;-3992.31543
403044.8125;5864381.5;-3991.381592
403105.125;5864381.5;-3990.417236
403165.4375;5864381.5;-3989.458008
403225.7188;5864381.5;-3988.496094
403286.0313;5864381.5;-3987.482178
403346.3125;5864381.5;-3986.442627
403406.625;5864381.5;-3985.371582
403466.9375;5864381.5;-3984.215332
403527.2188;5864381.5;-3982.982422
403587.5313;5864381.5;-3981.668945
403647.8438;5864381.5;-3980.232422
403708.125;5864381.5;-3978.68457
403768.4375;5864381.5;-3977.015869
403828.7188;5864381.5;-3975.213623
403889.0313;5864381.5;-3973.286865
403949.3438;5864381.5;-3971.212891
404009.625;5864381.5;-3968.970947
404069.9375;5864381.5;-3966.618896
404130.25;5864381.5;-3964.178467
404190.5313;5864381.5;-3961.635254
404250.8438;5864381.5;-3958.99707
404311.125;5864381.5;-3956.306396
404371.4375;5864381.5;-3953.586182
404431.75;5864381.5;-3950.851563
404492.0313;5864381.5;-3948.118408
404552.3438;5864381.5;-3945.414063
404612.625;5864381.5;-3942.757324
404672.9375;5864381.5;-3940.148193
404733.25;5864381.5;-3937.615479
404793.5313;5864381.5;-3935.174805
404853.8438;5864381.5;-3932.807617
404914.1563;5864381.5;-3930.558594
404974.4375;5864381.5;-3928.471436
405034.75;5864381.5;-3926.512451
405095.0313;5864381.5;-3924.689697
405155.3438;5864381.5;-3923.049072
405215.6563;5864381.5;-3921.656738
405275.9375;5864381.5;-3920.480225
405336.25;5864381.5;-3919.431885
405396.5625;5864381.5;-3918.612305
405456.8438;5864381.5;-3918.013428
405517.1563;5864381.5;-3917.558105
405577.4375;5864381.5;-3917.290771
405637.75;5864381.5;-3917.228516
405698.0625;5864381.5;-3917.358398
405758.3438;5864381.5;-3917.601807
405818.6563;5864381.5;-3917.941406
405878.9688;5864381.5;-3918.468018
405939.25;5864381.5;-3919.102295
405999.5625;5864381.5;-3919.791504
406059.8438;5864381.5;-3920.648682
406120.1563;5864381.5;-3921.606689
406180.4688;5864381.5;-3922.595947
406240.75;5864381.5;-3923.658936
406301.0625;5864381.5;-3924.775391
406361.375;5864381.5;-3925.902832
406421.6563;5864381.5;-3927.054932
406481.9688;5864381.5;-3928.230225
406542.25;5864381.5;-3929.412598
406602.5625;5864381.5;-3930.593506
406662.875;5864381.5;-3931.766602
406723.1563;5864381.5;-3932.941895
406783.4688;5864381.5;-3934.109375
406843.7813;5864381.5;-3935.257324
406904.0625;5864381.5;-3936.404785
406964.375;5864381.5;-3937.545654
407024.6563;5864381.5;-3938.660889
407084.9688;5864381.5;-3939.772705
407145.2813;5864381.5;-3940.876221
407205.5625;5864381.5;-3941.95166
407265.875;5864381.5;-3943.019775
407326.1875;5864381.5;-3944.076904
407386.4688;5864381.5;-3945.112793
407446.7813;5864381.5;-3946.138916
407507.0625;5864381.5;-3947.154053
407567.375;5864381.5;-3948.145752
407627.6875;5864381.5;-3949.12207
407687.9688;5864381.5;-3950.085938
407748.2813;5864381.5;-3951.027832
407808.5938;5864381.5;-3951.947021
407868.875;5864381.5;-3952.844727
407929.1875;5864381.5;-3953.719727
407989.4688;5864381.5;-3954.574951
408049.7813;5864381.5;-3955.408203
408110.0938;5864381.5;-3956.214355
408170.375;5864381.5;-3956.99585
408230.6875;5864381.5;-3957.752441
408291;5864381.5;-3958.476563
408351.2813;5864381.5;-3959.174316
408411.5938;5864381.5;-3959.851563
408471.875;5864381.5;-3960.501221
408532.1875;5864381.5;-3961.112549
408592.5;5864381.5;-3961.696045
408652.7813;5864381.5;-3962.254395
408713.0938;5864381.5;-3962.784424
408773.4063;5864381.5;-3963.280518
408833.6875;5864381.5;-3963.744141
408894;5864381.5;-3964.179932
408954.2813;5864381.5;-3964.588379
409014.5938;5864381.5;-3964.964111
409074.9063;5864381.5;-3965.308838
409135.1875;5864381.5;-3965.624756
409195.5;5864381.5;-3965.908203
409255.8125;5864381.5;-3966.151611
409316.0938;5864381.5;-3966.366211
409376.4063;5864381.5;-3966.554199
401356.4063;5864442.5;-4021.840576
401416.6875;5864442.5;-4021.533447
401477;5864442.5;-4021.294678
401537.3125;5864442.5;-4021.111572
401597.5938;5864442.5;-4020.970703
401657.9063;5864442.5;-4020.844971
401718.2188;5864442.5;-4020.70874
401778.5;5864442.5;-4020.523682
401838.8125;5864442.5;-4020.213867
401899.0938;5864442.5;-4019.727295
401959.4063;5864442.5;-4019.015381
402019.7188;5864442.5;-4017.998779
402080;5864442.5;-4016.637207
402140.3125;5864442.5;-4015.071045
402200.625;5864442.5;-4013.352539
402260.9063;5864442.5;-4011.498535
402321.2188;5864442.5;-4009.563965
402381.5;5864442.5;-4007.613281
402441.8125;5864442.5;-4005.662109
402502.125;5864442.5;-4003.757324
402562.4063;5864442.5;-4001.964111
402622.7188;5864442.5;-4000.292969
402683.0313;5864442.5;-3998.755127
402743.3125;5864442.5;-3997.364746
402803.625;5864442.5;-3996.108154
402863.9063;5864442.5;-3994.927002
402924.2188;5864442.5;-3993.796143
402984.5313;5864442.5;-3992.716553
403044.8125;5864442.5;-3991.662109
403105.125;5864442.5;-3990.586426
403165.4375;5864442.5;-3989.519287
403225.7188;5864442.5;-3988.453369
403286.0313;5864442.5;-3987.346924
403346.3125;5864442.5;-3986.220703
403406.625;5864442.5;-3985.066895
403466.9375;5864442.5;-3983.839355
403527.2188;5864442.5;-3982.544189
403587.5313;5864442.5;-3981.176758
403647.8438;5864442.5;-3979.700439
403708.125;5864442.5;-3978.125
403768.4375;5864442.5;-3976.442383
403828.7188;5864442.5;-3974.64209
403889.0313;5864442.5;-3972.732666
403949.3438;5864442.5;-3970.695313
404009.625;5864442.5;-3968.51123
404069.9375;5864442.5;-3966.231445
404130.25;5864442.5;-3963.875
404190.5313;5864442.5;-3961.427734
404250.8438;5864442.5;-3958.895752
404311.125;5864442.5;-3956.315674
404371.4375;5864442.5;-3953.707764
404431.75;5864442.5;-3951.085205
404492.0313;5864442.5;-3948.462158
404552.3438;5864442.5;-3945.864014
404612.625;5864442.5;-3943.310059
404672.9375;5864442.5;-3940.802002
404733.25;5864442.5;-3938.368164
404793.5313;5864442.5;-3936.022705
404853.8438;5864442.5;-3933.750732
404914.1563;5864442.5;-3931.595703
404974.4375;5864442.5;-3929.596924
405034.75;5864442.5;-3927.721924
405095.0313;5864442.5;-3925.978027
405155.3438;5864442.5;-3924.410645
405215.6563;5864442.5;-3923.075195
405275.9375;5864442.5;-3921.941406
405336.25;5864442.5;-3920.937744
405396.5625;5864442.5;-3920.144531
405456.8438;5864442.5;-3919.554932
405517.1563;5864442.5;-3919.097412
405577.4375;5864442.5;-3918.814941
405637.75;5864442.5;-3918.723633
405698.0625;5864442.5;-3918.805908
405758.3438;5864442.5;-3918.994873
405818.6563;5864442.5;-3919.275391
405878.9688;5864442.5;-3919.725342
405939.25;5864442.5;-3920.277832
405999.5625;5864442.5;-3920.88501
406059.8438;5864442.5;-3921.647217
406120.1563;5864442.5;-3922.505859
406180.4688;5864442.5;-3923.400146
406240.75;5864442.5;-3924.368164
406301.0625;5864442.5;-3925.390381
406361.375;5864442.5;-3926.429199
406421.6563;5864442.5;-3927.49707
406481.9688;5864442.5;-3928.593018
406542.25;5864442.5;-3929.699707
406602.5625;5864442.5;-3930.811768
406662.875;5864442.5;-3931.922852
406723.1563;5864442.5;-3933.03833
406783.4688;5864442.5;-3934.149658
406843.7813;5864442.5;-3935.246094
406904.0625;5864442.5;-3936.344727
406964.375;5864442.5;-3937.438721
407024.6563;5864442.5;-3938.511719
407084.9688;5864442.5;-3939.58252
407145.2813;5864442.5;-3940.646729
407205.5625;5864442.5;-3941.687256
407265.875;5864442.5;-3942.721436
407326.1875;5864442.5;-3943.746826
407386.4688;5864442.5;-3944.753662
407446.7813;5864442.5;-3945.751465
407507.0625;5864442.5;-3946.739746
407567.375;5864442.5;-3947.706055
407627.6875;5864442.5;-3948.659424
407687.9688;5864442.5;-3949.600342
407748.2813;5864442.5;-3950.520508
407808.5938;5864442.5;-3951.419922
407868.875;5864442.5;-3952.299072
407929.1875;5864442.5;-3953.15625
407989.4688;5864442.5;-3953.994629
408049.7813;5864442.5;-3954.811523
408110.0938;5864442.5;-3955.603516
408170.375;5864442.5;-3956.371094
408230.6875;5864442.5;-3957.114746
408291;5864442.5;-3957.826904
408351.2813;5864442.5;-3958.514404
408411.5938;5864442.5;-3959.181641
408471.875;5864442.5;-3959.821533
408532.1875;5864442.5;-3960.424561
408592.5;5864442.5;-3960.999756
408652.7813;5864442.5;-3961.55127
408713.0938;5864442.5;-3962.074951
408773.4063;5864442.5;-3962.56543
408833.6875;5864442.5;-3963.024414
408894;5864442.5;-3963.455078
408954.2813;5864442.5;-3963.860107
409014.5938;5864442.5;-3964.232422
409074.9063;5864442.5;-3964.57373
409135.1875;5864442.5;-3964.886963
409195.5;5864442.5;-3965.167969
409255.8125;5864442.5;-3965.409912
409316.0938;5864442.5;-3965.623291
409376.4063;5864442.5;-3965.810303
401356.4063;5864503;-4021.998047
401416.6875;5864503;-4021.65625
401477;5864503;-4021.37207
401537.3125;5864503;-4021.130615
401597.5938;5864503;-4020.912354
401657.9063;5864503;-4020.690186
401718.2188;5864503;-4020.442627
401778.5;5864503;-4020.136963
401838.8125;5864503;-4019.711426
401899.0938;5864503;-4019.135254
401959.4063;5864503;-4018.375244
402019.7188;5864503;-4017.369385
402080;5864503;-4016.081299
402140.3125;5864503;-4014.616211
402200.625;5864503;-4013.012451
402260.9063;5864503;-4011.278809
402321.2188;5864503;-4009.465332
402381.5;5864503;-4007.639893
402441.8125;5864503;-4005.820557
402502.125;5864503;-4004.046387
402562.4063;5864503;-4002.366455
402622.7188;5864503;-4000.782471
402683.0313;5864503;-3999.296631
402743.3125;5864503;-3997.913818
402803.625;5864503;-3996.619873
402863.9063;5864503;-3995.375732
402924.2188;5864503;-3994.163818
402984.5313;5864503;-3992.990234
403044.8125;5864503;-3991.839355
403105.125;5864503;-3990.675537
403165.4375;5864503;-3989.520996
403225.7188;5864503;-3988.37085
403286.0313;5864503;-3987.187744
403346.3125;5864503;-3985.987549
403406.625;5864503;-3984.763184
403466.9375;5864503;-3983.473633
403527.2188;5864503;-3982.124756
403587.5313;5864503;-3980.710693
403647.8438;5864503;-3979.200439
403708.125;5864503;-3977.602051
403768.4375;5864503;-3975.910156
403828.7188;5864503;-3974.114502
403889.0313;5864503;-3972.223877
403949.3438;5864503;-3970.221436
404009.625;5864503;-3968.091064
404069.9375;5864503;-3965.877441
404130.25;5864503;-3963.5979
404190.5313;5864503;-3961.238525
404250.8438;5864503;-3958.803467
404311.125;5864503;-3956.325928
404371.4375;5864503;-3953.822754
404431.75;5864503;-3951.306396
404492.0313;5864503;-3948.789063
404552.3438;5864503;-3946.294434
404612.625;5864503;-3943.841309
404672.9375;5864503;-3941.434326
404733.25;5864503;-3939.099365
404793.5313;5864503;-3936.849854
404853.8438;5864503;-3934.673584
404914.1563;5864503;-3932.611572
404974.4375;5864503;-3930.699707
405034.75;5864503;-3928.906494
405095.0313;5864503;-3927.238525
405155.3438;5864503;-3925.738525
405215.6563;5864503;-3924.455811
405275.9375;5864503;-3923.359863
405336.25;5864503;-3922.391846
405396.5625;5864503;-3921.618896
405456.8438;5864503;-3921.032715
405517.1563;5864503;-3920.570801
405577.4375;5864503;-3920.270508
405637.75;5864503;-3920.14917
405698.0625;5864503;-3920.186768
405758.3438;5864503;-3920.324463
405818.6563;5864503;-3920.550781
405878.9688;5864503;-3920.931885
405939.25;5864503;-3921.411377
405999.5625;5864503;-3921.946777
406059.8438;5864503;-3922.623535
406120.1563;5864503;-3923.393311
406180.4688;5864503;-3924.201904
406240.75;5864503;-3925.083008
406301.0625;5864503;-3926.018066
406361.375;5864503;-3926.973389
406421.6563;5864503;-3927.962158
406481.9688;5864503;-3928.982422
406542.25;5864503;-3930.016113
406602.5625;5864503;-3931.061279
406662.875;5864503;-3932.111572
406723.1563;5864503;-3933.167725
406783.4688;5864503;-3934.223145
406843.7813;5864503;-3935.269287
406904.0625;5864503;-3936.319336
406964.375;5864503;-3937.366455
407024.6563;5864503;-3938.397217
407084.9688;5864503;-3939.42749
407145.2813;5864503;-3940.452881
407205.5625;5864503;-3941.45874
407265.875;5864503;-3942.459473
407326.1875;5864503;-3943.453369
407386.4688;5864503;-3944.43042
407446.7813;5864503;-3945.400635
407507.0625;5864503;-3946.361816
407567.375;5864503;-3947.303955
407627.6875;5864503;-3948.233398
407687.9688;5864503;-3949.151611
407748.2813;5864503;-3950.05127
407808.5938;5864503;-3950.929932
407868.875;5864503;-3951.790283
407929.1875;5864503;-3952.629639
407989.4688;5864503;-3953.450928
408049.7813;5864503;-3954.25293
408110.0938;5864503;-3955.030029
408170.375;5864503;-3955.783936
408230.6875;5864503;-3956.514404
408291;5864503;-3957.214844
408351.2813;5864503;-3957.890869
408411.5938;5864503;-3958.547607
408471.875;5864503;-3959.178223
408532.1875;5864503;-3959.772705
408592.5;5864503;-3960.340088
408652.7813;5864503;-3960.884277
408713.0938;5864503;-3961.401367
408773.4063;5864503;-3961.88623
408833.6875;5864503;-3962.340088
408894;5864503;-3962.766113
408954.2813;5864503;-3963.16626
409014.5938;5864503;-3963.534912
409074.9063;5864503;-3963.872803
409135.1875;5864503;-3964.183594
409195.5;5864503;-3964.461914
409255.8125;5864503;-3964.701904
409316.0938;5864503;-3964.914063
409376.4063;5864503;-3965.100098
401356.4063;5864563.5;-4021.981201
401416.6875;5864563.5;-4021.609619
401477;5864563.5;-4021.287354
401537.3125;5864563.5;-4020.996094
401597.5938;5864563.5;-4020.713135
401657.9063;5864563.5;-4020.41333
401718.2188;5864563.5;-4020.07959
401778.5;5864563.5;-4019.684326
401838.8125;5864563.5;-4019.178223
401899.0938;5864563.5;-4018.542236
401959.4063;5864563.5;-4017.753662
402019.7188;5864563.5;-4016.763916
402080;5864563.5;-4015.540039
402140.3125;5864563.5;-4014.165283
402200.625;5864563.5;-4012.66748
402260.9063;5864563.5;-4011.051025
402321.2188;5864563.5;-4009.354492
402381.5;5864563.5;-4007.64209
402441.8125;5864563.5;-4005.932129
402502.125;5864563.5;-4004.255371
402562.4063;5864563.5;-4002.649902
402622.7188;5864563.5;-4001.114258
402683.0313;5864563.5;-3999.648926
402743.3125;5864563.5;-3998.256104
402803.625;5864563.5;-3996.924561
402863.9063;5864563.5;-3995.629395
402924.2188;5864563.5;-3994.35791
402984.5313;5864563.5;-3993.118164
403044.8125;5864563.5;-3991.89917
403105.125;5864563.5;-3990.671631
403165.4375;5864563.5;-3989.452881
403225.7188;5864563.5;-3988.237793
403286.0313;5864563.5;-3986.994385
403346.3125;5864563.5;-3985.734863
403406.625;5864563.5;-3984.453613
403466.9375;5864563.5;-3983.114746
403527.2188;5864563.5;-3981.72168
403587.5313;5864563.5;-3980.27124
403647.8438;5864563.5;-3978.734619
403708.125;5864563.5;-3977.120117
403768.4375;5864563.5;-3975.423096
403828.7188;5864563.5;-3973.63501
403889.0313;5864563.5;-3971.763428
403949.3438;5864563.5;-3969.794189
404009.625;5864563.5;-3967.713623
404069.9375;5864563.5;-3965.560059
404130.25;5864563.5;-3963.349854
404190.5313;5864563.5;-3961.069092
404250.8438;5864563.5;-3958.722168
404311.125;5864563.5;-3956.337646
404371.4375;5864563.5;-3953.931396
404431.75;5864563.5;-3951.513184
404492.0313;5864563.5;-3949.095703
404552.3438;5864563.5;-3946.701172
404612.625;5864563.5;-3944.345703
404672.9375;5864563.5;-3942.036133
404733.25;5864563.5;-3939.797363
404793.5313;5864563.5;-3937.641113
404853.8438;5864563.5;-3935.557373
404914.1563;5864563.5;-3933.583984
404974.4375;5864563.5;-3931.755615
405034.75;5864563.5;-3930.039551
405095.0313;5864563.5;-3928.44165
405155.3438;5864563.5;-3927.00415
405215.6563;5864563.5;-3925.767822
405275.9375;5864563.5;-3924.70459
405336.25;5864563.5;-3923.765625
405396.5625;5864563.5;-3923.005127
405456.8438;5864563.5;-3922.417969
405517.1563;5864563.5;-3921.94873
405577.4375;5864563.5;-3921.630615
405637.75;5864563.5;-3921.47998
405698.0625;5864563.5;-3921.478271
405758.3438;5864563.5;-3921.570313
405818.6563;5864563.5;-3921.748291
405878.9688;5864563.5;-3922.071777
405939.25;5864563.5;-3922.490234
405999.5625;5864563.5;-3922.963867
406059.8438;5864563.5;-3923.567871
406120.1563;5864563.5;-3924.260498
406180.4688;5864563.5;-3924.993652
406240.75;5864563.5;-3925.796875
406301.0625;5864563.5;-3926.65332
406361.375;5864563.5;-3927.533447
406421.6563;5864563.5;-3928.448975
406481.9688;5864563.5;-3929.397461
406542.25;5864563.5;-3930.363525
406602.5625;5864563.5;-3931.344482
406662.875;5864563.5;-3932.334961
406723.1563;5864563.5;-3933.333496
406783.4688;5864563.5;-3934.334717
406843.7813;5864563.5;-3935.331299
406904.0625;5864563.5;-3936.333496
406964.375;5864563.5;-3937.334961
407024.6563;5864563.5;-3938.324463
407084.9688;5864563.5;-3939.314697
407145.2813;5864563.5;-3940.302002
407205.5625;5864563.5;-3941.273682
407265.875;5864563.5;-3942.241455
407326.1875;5864563.5;-3943.204102
407386.4688;5864563.5;-3944.152832
407446.7813;5864563.5;-3945.095459
407507.0625;5864563.5;-3946.030273
407567.375;5864563.5;-3946.948242
407627.6875;5864563.5;-3947.854248
407687.9688;5864563.5;-3948.75
407748.2813;5864563.5;-3949.628174
407808.5938;5864563.5;-3950.487305
407868.875;5864563.5;-3951.328857
407929.1875;5864563.5;-3952.150635
407989.4688;5864563.5;-3952.955566
408049.7813;5864563.5;-3953.741699
408110.0938;5864563.5;-3954.504639
408170.375;5864563.5;-3955.244629
408230.6875;5864563.5;-3955.962158
408291;5864563.5;-3956.650879
408351.2813;5864563.5;-3957.315918
408411.5938;5864563.5;-3957.962158
408471.875;5864563.5;-3958.583008
408532.1875;5864563.5;-3959.168701
408592.5;5864563.5;-3959.728271
408652.7813;5864563.5;-3960.264648
408713.0938;5864563.5;-3960.775391
408773.4063;5864563.5;-3961.253906
408833.6875;5864563.5;-3961.701904
408894;5864563.5;-3962.122803
408954.2813;5864563.5;-3962.519043
409014.5938;5864563.5;-3962.883301
409074.9063;5864563.5;-3963.218262
409135.1875;5864563.5;-3963.525391
409195.5;5864563.5;-3963.801514
409255.8125;5864563.5;-3964.039307
409316.0938;5864563.5;-3964.248779
409376.4063;5864563.5;-3964.432373
401356.4063;5864624;-4021.848633
401416.6875;5864624;-4021.458984
401477;5864624;-4021.106934
401537.3125;5864624;-4020.776123
401597.5938;5864624;-4020.439941
401657.9063;5864624;-4020.078125
401718.2188;5864624;-4019.676514
401778.5;5864624;-4019.212646
401838.8125;5864624;-4018.646484
401899.0938;5864624;-4017.967773
401959.4063;5864624;-4017.160156
402019.7188;5864624;-4016.186279
402080;5864624;-4015.016846
402140.3125;5864624;-4013.719482
402200.625;5864624;-4012.315186
402260.9063;5864624;-4010.803223
402321.2188;5864624;-4009.211914
402381.5;5864624;-4007.598389
402441.8125;5864624;-4005.980957
402502.125;5864624;-4004.383057
402562.4063;5864624;-4002.83252
402622.7188;5864624;-4001.329346
402683.0313;5864624;-3999.874268
402743.3125;5864624;-3998.46875
402803.625;5864624;-3997.105957
402863.9063;5864624;-3995.770264
402924.2188;5864624;-3994.453369
402984.5313;5864624;-3993.162598
403044.8125;5864624;-3991.890381
403105.125;5864624;-3990.611572
403165.4375;5864624;-3989.340332
403225.7188;5864624;-3988.071289
403286.0313;5864624;-3986.776855
403346.3125;5864624;-3985.466797
403406.625;5864624;-3984.136719
403466.9375;5864624;-3982.755615
403527.2188;5864624;-3981.325684
403587.5313;5864624;-3979.844482
403647.8438;5864624;-3978.286377
403708.125;5864624;-3976.660156
403768.4375;5864624;-3974.961182
403828.7188;5864624;-3973.182129
403889.0313;5864624;-3971.330322
403949.3438;5864624;-3969.393311
404009.625;5864624;-3967.359619
404069.9375;5864624;-3965.262207
404130.25;5864624;-3963.115723
404190.5313;5864624;-3960.907959
404250.8438;5864624;-3958.643066
404311.125;5864624;-3956.345703
404371.4375;5864624;-3954.030273
404431.75;5864624;-3951.705566
404492.0313;5864624;-3949.383545
404552.3438;5864624;-3947.084229
404612.625;5864624;-3944.821777
404672.9375;5864624;-3942.606934
404733.25;5864624;-3940.460449
404793.5313;5864624;-3938.394287
404853.8438;5864624;-3936.397949
404914.1563;5864624;-3934.509033
404974.4375;5864624;-3932.759033
405034.75;5864624;-3931.115234
405095.0313;5864624;-3929.583496
405155.3438;5864624;-3928.203613
405215.6563;5864624;-3927.01001
405275.9375;5864624;-3925.977783
405336.25;5864624;-3925.06665
405396.5625;5864624;-3924.320068
405456.8438;5864624;-3923.733154
405517.1563;5864624;-3923.259766
405577.4375;5864624;-3922.927734
405637.75;5864624;-3922.752686
405698.0625;5864624;-3922.716064
405758.3438;5864624;-3922.769287
405818.6563;5864624;-3922.904785
405878.9688;5864624;-3923.175537
405939.25;5864624;-3923.538086
405999.5625;5864624;-3923.956299
406059.8438;5864624;-3924.492188
406120.1563;5864624;-3925.112305
406180.4688;5864624;-3925.775146
406240.75;5864624;-3926.504639
406301.0625;5864624;-3927.285889
406361.375;5864624;-3928.093262
406421.6563;5864624;-3928.938477
406481.9688;5864624;-3929.817383
406542.25;5864624;-3930.716553
406602.5625;5864624;-3931.63623
406662.875;5864624;-3932.568848
406723.1563;5864624;-3933.511719
406783.4688;5864624;-3934.459717
406843.7813;5864624;-3935.407959
406904.0625;5864624;-3936.36377
406964.375;5864624;-3937.320801
407024.6563;5864624;-3938.270752
407084.9688;5864624;-3939.22168
407145.2813;5864624;-3940.172119
407205.5625;5864624;-3941.110596
407265.875;5864624;-3942.046631
407326.1875;5864624;-3942.979004
407386.4688;5864624;-3943.900391
407446.7813;5864624;-3944.81665
407507.0625;5864624;-3945.72583
407567.375;5864624;-3946.619873
407627.6875;5864624;-3947.503662
407687.9688;5864624;-3948.37793
407748.2813;5864624;-3949.23584
407808.5938;5864624;-3950.075684
407868.875;5864624;-3950.899658
407929.1875;5864624;-3951.704346
407989.4688;5864624;-3952.493408
408049.7813;5864624;-3953.264404
408110.0938;5864624;-3954.012451
408170.375;5864624;-3954.739258
408230.6875;5864624;-3955.444092
408291;5864624;-3956.121094
408351.2813;5864624;-3956.775391
408411.5938;5864624;-3957.411865
408471.875;5864624;-3958.023438
408532.1875;5864624;-3958.600342
408592.5;5864624;-3959.1521
408652.7813;5864624;-3959.681641
408713.0938;5864624;-3960.185059
408773.4063;5864624;-3960.657715
408833.6875;5864624;-3961.100342
408894;5864624;-3961.516113
408954.2813;5864624;-3961.907471
409014.5938;5864624;-3962.267822
409074.9063;5864624;-3962.599121
409135.1875;5864624;-3962.90332
409195.5;5864624;-3963.176514
409255.8125;5864624;-3963.411621
409316.0938;5864624;-3963.619385
409376.4063;5864624;-3963.80127
401356.4063;5864685;-4021.630127
401416.6875;5864685;-4021.229736
401477;5864685;-4020.855713
401537.3125;5864685;-4020.492432
401597.5938;5864685;-4020.113037
401657.9063;5864685;-4019.700928
401718.2188;5864685;-4019.244385
401778.5;5864685;-4018.726318
401838.8125;5864685;-4018.113281
401899.0938;5864685;-4017.401855
401959.4063;5864685;-4016.580811
402019.7188;5864685;-4015.619385
402080;5864685;-4014.494873
402140.3125;5864685;-4013.26123
402200.625;5864685;-4011.934814
402260.9063;5864685;-4010.512207
402321.2188;5864685;-4009.012695
402381.5;5864685;-4007.485352
402441.8125;5864685;-4005.946533
402502.125;5864685;-4004.414551
402562.4063;5864685;-4002.908936
402622.7188;5864685;-4001.432617
402683.0313;5864685;-3999.986572
402743.3125;5864685;-3998.57251
402803.625;5864685;-3997.188477
402863.9063;5864685;-3995.823242
402924.2188;5864685;-3994.4729
402984.5313;5864685;-3993.143066
403044.8125;5864685;-3991.828125
403105.125;5864685;-3990.507813
403165.4375;5864685;-3989.193115
403225.7188;5864685;-3987.877686
403286.0313;5864685;-3986.540527
403346.3125;5864685;-3985.187256
403406.625;5864685;-3983.81543
403466.9375;5864685;-3982.398193
403527.2188;5864685;-3980.936035
403587.5313;5864685;-3979.428955
403647.8438;5864685;-3977.854492
403708.125;5864685;-3976.219482
403768.4375;5864685;-3974.520996
403828.7188;5864685;-3972.751709
403889.0313;5864685;-3970.919678
403949.3438;5864685;-3969.014648
404009.625;5864685;-3967.025146
404069.9375;5864685;-3964.981689
404130.25;5864685;-3962.894287
404190.5313;5864685;-3960.755371
404250.8438;5864685;-3958.567871
404311.125;5864685;-3956.353516
404371.4375;5864685;-3954.123779
404431.75;5864685;-3951.888184
404492.0313;5864685;-3949.657959
404552.3438;5864685;-3947.450195
404612.625;5864685;-3945.27832
404672.9375;5864685;-3943.153809
404733.25;5864685;-3941.096924
404793.5313;5864685;-3939.116455
404853.8438;5864685;-3937.204346
404914.1563;5864685;-3935.395996
404974.4375;5864685;-3933.720215
405034.75;5864685;-3932.144287
405095.0313;5864685;-3930.674316
405155.3438;5864685;-3929.348389
405215.6563;5864685;-3928.195313
405275.9375;5864685;-3927.191406
405336.25;5864685;-3926.304688
405396.5625;5864685;-3925.570801
405456.8438;5864685;-3924.984131
405517.1563;5864685;-3924.506592
405577.4375;5864685;-3924.160645
405637.75;5864685;-3923.962646
405698.0625;5864685;-3923.893799
405758.3438;5864685;-3923.911133
405818.6563;5864685;-3924.007324
405878.9688;5864685;-3924.229492
405939.25;5864685;-3924.540771
405999.5625;5864685;-3924.907471
406059.8438;5864685;-3925.381104
406120.1563;5864685;-3925.933838
406180.4688;5864685;-3926.531738
406240.75;5864685;-3927.193115
406301.0625;5864685;-3927.904053
406361.375;5864685;-3928.644531
406421.6563;5864685;-3929.422852
406481.9688;5864685;-3930.236816
406542.25;5864685;-3931.073486
406602.5625;5864685;-3931.934082
406662.875;5864685;-3932.812012
406723.1563;5864685;-3933.701416
406783.4688;5864685;-3934.598389
406843.7813;5864685;-3935.5
406904.0625;5864685;-3936.410889
406964.375;5864685;-3937.325928
407024.6563;5864685;-3938.236328
407084.9688;5864685;-3939.150146
407145.2813;5864685;-3940.065186
407205.5625;5864685;-3940.971436
407265.875;5864685;-3941.876709
407326.1875;5864685;-3942.779785
407386.4688;5864685;-3943.67334
407446.7813;5864685;-3944.563477
407507.0625;5864685;-3945.447754
407567.375;5864685;-3946.318604
407627.6875;5864685;-3947.18042
407687.9688;5864685;-3948.033691
407748.2813;5864685;-3948.871094
407808.5938;5864685;-3949.692627
407868.875;5864685;-3950.498535
407929.1875;5864685;-3951.287109
407989.4688;5864685;-3952.060059
408049.7813;5864685;-3952.815674
408110.0938;5864685;-3953.549561
408170.375;5864685;-3954.263184
408230.6875;5864685;-3954.955811
408291;5864685;-3955.621338
408351.2813;5864685;-3956.265137
408411.5938;5864685;-3956.891113
408471.875;5864685;-3957.493164
408532.1875;5864685;-3958.061768
408592.5;5864685;-3958.605957
408652.7813;5864685;-3959.127686
408713.0938;5864685;-3959.624756
408773.4063;5864685;-3960.090576
408833.6875;5864685;-3960.527588
408894;5864685;-3960.938477
408954.2813;5864685;-3961.324951
409014.5938;5864685;-3961.681152
409074.9063;5864685;-3962.008545
409135.1875;5864685;-3962.309326
409195.5;5864685;-3962.579834
409255.8125;5864685;-3962.813232
409316.0938;5864685;-3963.018799
409376.4063;5864685;-3963.198975
401356.4063;5864745.5;-4021.335205
401416.6875;5864745.5;-4020.93042
401477;5864745.5;-4020.540771
401537.3125;5864745.5;-4020.152344
401597.5938;5864745.5;-4019.738525
401657.9063;5864745.5;-4019.286133
401718.2188;5864745.5;-4018.787598
401778.5;5864745.5;-4018.227051
401838.8125;5864745.5;-4017.578125
401899.0938;5864745.5;-4016.842041
401959.4063;5864745.5;-4016.010742
402019.7188;5864745.5;-4015.059326
402080;5864745.5;-4013.969238
402140.3125;5864745.5;-4012.785889
402200.625;5864745.5;-4011.522217
402260.9063;5864745.5;-4010.172119
402321.2188;5864745.5;-4008.747314
402381.5;5864745.5;-4007.291016
402441.8125;5864745.5;-4005.817627
402502.125;5864745.5;-4004.341309
402562.4063;5864745.5;-4002.875244
402622.7188;5864745.5;-4001.42334
402683.0313;5864745.5;-3999.988525
402743.3125;5864745.5;-3998.572754
402803.625;5864745.5;-3997.17627
402863.9063;5864745.5;-3995.793457
402924.2188;5864745.5;-3994.420898
402984.5313;5864745.5;-3993.062744
403044.8125;5864745.5;-3991.715332
403105.125;5864745.5;-3990.362305
403165.4375;5864745.5;-3989.011963
403225.7188;5864745.5;-3987.659912
403286.0313;5864745.5;-3986.285645
403346.3125;5864745.5;-3984.896484
403406.625;5864745.5;-3983.48999
403466.9375;5864745.5;-3982.042725
403527.2188;5864745.5;-3980.554932
403587.5313;5864745.5;-3979.026367
403647.8438;5864745.5;-3977.438721
403708.125;5864745.5;-3975.79834
403768.4375;5864745.5;-3974.102051
403828.7188;5864745.5;-3972.344727
403889.0313;5864745.5;-3970.533447
403949.3438;5864745.5;-3968.65918
404009.625;5864745.5;-3966.711914
404069.9375;5864745.5;-3964.718018
404130.25;5864745.5;-3962.687988
404190.5313;5864745.5;-3960.613525
404250.8438;5864745.5;-3958.498535
404311.125;5864745.5;-3956.361816
404371.4375;5864745.5;-3954.213867
404431.75;5864745.5;-3952.062988
404492.0313;5864745.5;-3949.919922
404552.3438;5864745.5;-3947.800293
404612.625;5864745.5;-3945.715332
404672.9375;5864745.5;-3943.677734
404733.25;5864745.5;-3941.706299
404793.5313;5864745.5;-3939.807373
404853.8438;5864745.5;-3937.97583
404914.1563;5864745.5;-3936.243896
404974.4375;5864745.5;-3934.636963
405034.75;5864745.5;-3933.125244
405095.0313;5864745.5;-3931.713135
405155.3438;5864745.5;-3930.436035
405215.6563;5864745.5;-3929.320557
405275.9375;5864745.5;-3928.342285
405336.25;5864745.5;-3927.476318
405396.5625;5864745.5;-3926.750977
405456.8438;5864745.5;-3926.162109
405517.1563;5864745.5;-3925.678711
405577.4375;5864745.5;-3925.318604
405637.75;5864745.5;-3925.097412
405698.0625;5864745.5;-3924.998047
405758.3438;5864745.5;-3924.980713
405818.6563;5864745.5;-3925.040283
405878.9688;5864745.5;-3925.217773
405939.25;5864745.5;-3925.481689
405999.5625;5864745.5;-3925.80127
406059.8438;5864745.5;-3926.218262
406120.1563;5864745.5;-3926.71167
406180.4688;5864745.5;-3927.250977
406240.75;5864745.5;-3927.85083
406301.0625;5864745.5;-3928.499023
406361.375;5864745.5;-3929.178467
406421.6563;5864745.5;-3929.896973
406481.9688;5864745.5;-3930.651855
406542.25;5864745.5;-3931.431152
406602.5625;5864745.5;-3932.237793
406662.875;5864745.5;-3933.064453
406723.1563;5864745.5;-3933.903809
406783.4688;5864745.5;-3934.752686
406843.7813;5864745.5;-3935.610352
406904.0625;5864745.5;-3936.479248
406964.375;5864745.5;-3937.35376
407024.6563;5864745.5;-3938.226563
407084.9688;5864745.5;-3939.104248
407145.2813;5864745.5;-3939.984619
407205.5625;5864745.5;-3940.859863
407265.875;5864745.5;-3941.735107
407326.1875;5864745.5;-3942.609375
407386.4688;5864745.5;-3943.476563
407446.7813;5864745.5;-3944.341064
407507.0625;5864745.5;-3945.200195
407567.375;5864745.5;-3946.04834
407627.6875;5864745.5;-3946.888672
407687.9688;5864745.5;-3947.720459
407748.2813;5864745.5;-3948.53833
407808.5938;5864745.5;-3949.341064
407868.875;5864745.5;-3950.12915
407929.1875;5864745.5;-3950.901367
407989.4688;5864745.5;-3951.658203
408049.7813;5864745.5;-3952.398926
408110.0938;5864745.5;-3953.118896
408170.375;5864745.5;-3953.819336
408230.6875;5864745.5;-3954.499512
408291;5864745.5;-3955.15332
408351.2813;5864745.5;-3955.786133
408411.5938;5864745.5;-3956.4021
408471.875;5864745.5;-3956.994629
408532.1875;5864745.5;-3957.554688
408592.5;5864745.5;-3958.090332
408652.7813;5864745.5;-3958.604492
408713.0938;5864745.5;-3959.095215
408773.4063;5864745.5;-3959.554443
408833.6875;5864745.5;-3959.985352
408894;5864745.5;-3960.391113
408954.2813;5864745.5;-3960.772949
409014.5938;5864745.5;-3961.124756
409074.9063;5864745.5;-3961.448242
409135.1875;5864745.5;-3961.74585
409195.5;5864745.5;-3962.013184
409255.8125;5864745.5;-3962.244141
409316.0938;5864745.5;-3962.447998
409376.4063;5864745.5;-3962.626953
401356.4063;5864806;-4020.982422
401416.6875;5864806;-4020.57666
401477;5864806;-4020.176758
401537.3125;5864806;-4019.770996
401597.5938;5864806;-4019.333008
401657.9063;5864806;-4018.852539
401718.2188;5864806;-4018.324463
401778.5;5864806;-4017.73584
401838.8125;5864806;-4017.064209
401899.0938;5864806;-4016.312988
401959.4063;5864806;-4015.476807
402019.7188;5864806;-4014.535889
402080;5864806;-4013.473877
402140.3125;5864806;-4012.330078
402200.625;5864806;-4011.114258
402260.9063;5864806;-4009.820557
402321.2188;5864806;-4008.45459
402381.5;5864806;-4007.054443
402441.8125;5864806;-4005.632813
402502.125;5864806;-4004.200439
402562.4063;5864806;-4002.766357
402622.7188;5864806;-4001.335938
402683.0313;5864806;-3999.912109
402743.3125;5864806;-3998.498047
402803.625;5864806;-3997.095215
402863.9063;5864806;-3995.700684
402924.2188;5864806;-3994.311768
402984.5313;5864806;-3992.932861
403044.8125;5864806;-3991.559326
403105.125;5864806;-3990.179932
403165.4375;5864806;-3988.800781
403225.7188;5864806;-3987.417725
403286.0313;5864806;-3986.014404
403346.3125;5864806;-3984.596436
403406.625;5864806;-3983.160889
403466.9375;5864806;-3981.689697
403527.2188;5864806;-3980.181885
403587.5313;5864806;-3978.637695
403647.8438;5864806;-3977.04126
403708.125;5864806;-3975.398438
403768.4375;5864806;-3973.70752
403828.7188;5864806;-3971.963379
403889.0313;5864806;-3970.172363
403949.3438;5864806;-3968.326904
404009.625;5864806;-3966.419434
404069.9375;5864806;-3964.472412
404130.25;5864806;-3962.494629
404190.5313;5864806;-3960.480225
404250.8438;5864806;-3958.432617
404311.125;5864806;-3956.368408
404371.4375;5864806;-3954.296875
404431.75;5864806;-3952.224854
404492.0313;5864806;-3950.162842
404552.3438;5864806;-3948.125
404612.625;5864806;-3946.121582
404672.9375;5864806;-3944.165283
404733.25;5864806;-3942.272705
404793.5313;5864806;-3940.450195
404853.8438;5864806;-3938.692139
404914.1563;5864806;-3937.029785
404974.4375;5864806;-3935.486328
405034.75;5864806;-3934.032471
405095.0313;5864806;-3932.672363
405155.3438;5864806;-3931.440186
405215.6563;5864806;-3930.35791
405275.9375;5864806;-3929.404053
405336.25;5864806;-3928.557617
405396.5625;5864806;-3927.842285
405456.8438;5864806;-3927.253906
405517.1563;5864806;-3926.767334
405577.4375;5864806;-3926.396973
405637.75;5864806;-3926.157715
405698.0625;5864806;-3926.033447
405758.3438;5864806;-3925.987793
405818.6563;5864806;-3926.015869
405878.9688;5864806;-3926.154541
405939.25;5864806;-3926.377441
405999.5625;5864806;-3926.655273
406059.8438;5864806;-3927.021484
406120.1563;5864806;-3927.460205
406180.4688;5864806;-3927.945801
406240.75;5864806;-3928.48877
406301.0625;5864806;-3929.078857
406361.375;5864806;-3929.70166
406421.6563;5864806;-3930.36377
406481.9688;5864806;-3931.0625
406542.25;5864806;-3931.787598
406602.5625;5864806;-3932.542969
406662.875;5864806;-3933.320557
406723.1563;5864806;-3934.112305
406783.4688;5864806;-3934.91626
406843.7813;5864806;-3935.731445
406904.0625;5864806;-3936.559814
406964.375;5864806;-3937.395996
407024.6563;5864806;-3938.233154
407084.9688;5864806;-3939.076416
407145.2813;5864806;-3939.924316
407205.5625;5864806;-3940.769287
407265.875;5864806;-3941.615967
407326.1875;5864806;-3942.462891
407386.4688;5864806;-3943.30542
407446.7813;5864806;-3944.145264
407507.0625;5864806;-3944.980957
407567.375;5864806;-3945.807617
407627.6875;5864806;-3946.626465
407687.9688;5864806;-3947.438232
407748.2813;5864806;-3948.237549
407808.5938;5864806;-3949.022461
407868.875;5864806;-3949.794189
407929.1875;5864806;-3950.549561
407989.4688;5864806;-3951.291992
408049.7813;5864806;-3952.018066
408110.0938;5864806;-3952.724854
408170.375;5864806;-3953.412354
408230.6875;5864806;-3954.080811
408291;5864806;-3954.723633
408351.2813;5864806;-3955.345947
408411.5938;5864806;-3955.951904
408471.875;5864806;-3956.534912
408532.1875;5864806;-3957.087158
408592.5;5864806;-3957.614746
408652.7813;5864806;-3958.121338
408713.0938;5864806;-3958.604492
408773.4063;5864806;-3959.057861
408833.6875;5864806;-3959.483643
408894;5864806;-3959.883789
408954.2813;5864806;-3960.260742
409014.5938;5864806;-3960.608154
409074.9063;5864806;-3960.927734
409135.1875;5864806;-3961.221924
409195.5;5864806;-3961.486328
409255.8125;5864806;-3961.715576
409316.0938;5864806;-3961.917969
409376.4063;5864806;-3962.095703
401356.4063;5864866.5;-4020.597656
401416.6875;5864866.5;-4020.193848
401477;5864866.5;-4019.787598
401537.3125;5864866.5;-4019.369141
401597.5938;5864866.5;-4018.912109
401657.9063;5864866.5;-4018.411377
401718.2188;5864866.5;-4017.862549
401778.5;5864866.5;-4017.253662
401838.8125;5864866.5;-4016.566895
401899.0938;5864866.5;-4015.807129
401959.4063;5864866.5;-4014.970459
402019.7188;5864866.5;-4014.039551
402080;5864866.5;-4013.001221
402140.3125;5864866.5;-4011.889648
402200.625;5864866.5;-4010.712891
402260.9063;5864866.5;-4009.464111
402321.2188;5864866.5;-4008.145508
402381.5;5864866.5;-4006.790771
402441.8125;5864866.5;-4005.411621
402502.125;5864866.5;-4004.015869
402562.4063;5864866.5;-4002.608887
402622.7188;5864866.5;-4001.197754
402683.0313;5864866.5;-3999.784424
402743.3125;5864866.5;-3998.374023
402803.625;5864866.5;-3996.967773
402863.9063;5864866.5;-3995.56543
402924.2188;5864866.5;-3994.165039
402984.5313;5864866.5;-3992.769531
403044.8125;5864866.5;-3991.375
403105.125;5864866.5;-3989.973633
403165.4375;5864866.5;-3988.570557
403225.7188;5864866.5;-3987.162109
403286.0313;5864866.5;-3985.734375
403346.3125;5864866.5;-3984.292236
403406.625;5864866.5;-3982.833008
403466.9375;5864866.5;-3981.342773
403527.2188;5864866.5;-3979.818604
403587.5313;5864866.5;-3978.262207
403647.8438;5864866.5;-3976.660156
403708.125;5864866.5;-3975.017822
403768.4375;5864866.5;-3973.333008
403828.7188;5864866.5;-3971.602783
403889.0313;5864866.5;-3969.832275
403949.3438;5864866.5;-3968.014648
404009.625;5864866.5;-3966.144775
404069.9375;5864866.5;-3964.242188
404130.25;5864866.5;-3962.313721
404190.5313;5864866.5;-3960.35498
404250.8438;5864866.5;-3958.370117
404311.125;5864866.5;-3956.373779
404371.4375;5864866.5;-3954.372559
404431.75;5864866.5;-3952.374756
404492.0313;5864866.5;-3950.38916
404552.3438;5864866.5;-3948.427979
404612.625;5864866.5;-3946.500977
404672.9375;5864866.5;-3944.619629
404733.25;5864866.5;-3942.801514
404793.5313;5864866.5;-3941.049316
404853.8438;5864866.5;-3939.359619
404914.1563;5864866.5;-3937.761475
404974.4375;5864866.5;-3936.276367
405034.75;5864866.5;-3934.875977
405095.0313;5864866.5;-3933.563721
405155.3438;5864866.5;-3932.37207
405215.6563;5864866.5;-3931.320313
405275.9375;5864866.5;-3930.38916
405336.25;5864866.5;-3929.561035
405396.5625;5864866.5;-3928.855225
405456.8438;5864866.5;-3928.268066
405517.1563;5864866.5;-3927.779541
405577.4375;5864866.5;-3927.399902
405637.75;5864866.5;-3927.144775
405698.0625;5864866.5;-3926.999023
405758.3438;5864866.5;-3926.927979
405818.6563;5864866.5;-3926.927734
405878.9688;5864866.5;-3927.031738
405939.25;5864866.5;-3927.217041
405999.5625;5864866.5;-3927.456787
406059.8438;5864866.5;-3927.7771
406120.1563;5864866.5;-3928.166016
406180.4688;5864866.5;-3928.603027
406240.75;5864866.5;-3929.093994
406301.0625;5864866.5;-3929.630615
406361.375;5864866.5;-3930.201904
406421.6563;5864866.5;-3930.812256
406481.9688;5864866.5;-3931.459229
406542.25;5864866.5;-3932.134766
406602.5625;5864866.5;-3932.841797
406662.875;5864866.5;-3933.574219
406723.1563;5864866.5;-3934.322266
406783.4688;5864866.5;-3935.083252
406843.7813;5864866.5;-3935.859375
406904.0625;5864866.5;-3936.650146
406964.375;5864866.5;-3937.449219
407024.6563;5864866.5;-3938.253418
407084.9688;5864866.5;-3939.064697
407145.2813;5864866.5;-3939.881592
407205.5625;5864866.5;-3940.697998
407265.875;5864866.5;-3941.517334
407326.1875;5864866.5;-3942.338379
407386.4688;5864866.5;-3943.156494
407446.7813;5864866.5;-3943.9729
407507.0625;5864866.5;-3944.786621
407567.375;5864866.5;-3945.591797
407627.6875;5864866.5;-3946.391357
407687.9688;5864866.5;-3947.183838
407748.2813;5864866.5;-3947.964844
407808.5938;5864866.5;-3948.73291
407868.875;5864866.5;-3949.488281
407929.1875;5864866.5;-3950.228516
407989.4688;5864866.5;-3950.956543
408049.7813;5864866.5;-3951.668457
408110.0938;5864866.5;-3952.362061
408170.375;5864866.5;-3953.037354
408230.6875;5864866.5;-3953.694336
408291;5864866.5;-3954.326416
408351.2813;5864866.5;-3954.938477
408411.5938;5864866.5;-3955.534668
408471.875;5864866.5;-3956.108643
408532.1875;5864866.5;-3956.6521
408592.5;5864866.5;-3957.172119
408652.7813;5864866.5;-3957.671387
408713.0938;5864866.5;-3958.148193
408773.4063;5864866.5;-3958.594727
408833.6875;5864866.5;-3959.014648
408894;5864866.5;-3959.409912
408954.2813;5864866.5;-3959.781494
409014.5938;5864866.5;-3960.124512
409074.9063;5864866.5;-3960.44043
409135.1875;5864866.5;-3960.731201
409195.5;5864866.5;-3960.99292
409255.8125;5864866.5;-3961.219971
409316.0938;5864866.5;-3961.421143
409376.4063;5864866.5;-3961.598145
401356.4063;5864927;-4020.194824
401416.6875;5864927;-4019.792969
401477;5864927;-4019.38208
401537.3125;5864927;-4018.953857
401597.5938;5864927;-4018.482666
401657.9063;5864927;-4017.965576
401718.2188;5864927;-4017.401123
401778.5;5864927;-4016.777832
401838.8125;5864927;-4016.080566
401899.0938;5864927;-4015.315674
401959.4063;5864927;-4014.479736
402019.7188;5864927;-4013.558594
402080;5864927;-4012.540039
402140.3125;5864927;-4011.454834
402200.625;5864927;-4010.309814
402260.9063;5864927;-4009.097412
402321.2188;5864927;-4007.818115
402381.5;5864927;-4006.500732
402441.8125;5864927;-4005.156738
402502.125;5864927;-4003.792236
402562.4063;5864927;-4002.409668
402622.7188;5864927;-4001.015869
402683.0313;5864927;-3999.614502
402743.3125;5864927;-3998.209473
402803.625;5864927;-3996.803223
402863.9063;5864927;-3995.395996
402924.2188;5864927;-3993.988037
402984.5313;5864927;-3992.57959
403044.8125;5864927;-3991.168457
403105.125;5864927;-3989.750244
403165.4375;5864927;-3988.327637
403225.7188;5864927;-3986.898193
403286.0313;5864927;-3985.450195
403346.3125;5864927;-3983.988037
403406.625;5864927;-3982.509766
403466.9375;5864927;-3981.003418
403527.2188;5864927;-3979.467041
403587.5313;5864927;-3977.901123
403647.8438;5864927;-3976.296143
403708.125;5864927;-3974.655518
403768.4375;5864927;-3972.978271
403828.7188;5864927;-3971.261963
403889.0313;5864927;-3969.511719
403949.3438;5864927;-3967.720947
404009.625;5864927;-3965.886719
404069.9375;5864927;-3964.024902
404130.25;5864927;-3962.142578
404190.5313;5864927;-3960.23584
404250.8438;5864927;-3958.309814
404311.125;5864927;-3956.376221
404371.4375;5864927;-3954.44165
404431.75;5864927;-3952.512207
404492.0313;5864927;-3950.598389
404552.3438;5864927;-3948.708984
404612.625;5864927;-3946.853516
404672.9375;5864927;-3945.043457
404733.25;5864927;-3943.294678
404793.5313;5864927;-3941.608643
404853.8438;5864927;-3939.98291
404914.1563;5864927;-3938.445801
404974.4375;5864927;-3937.013916
405034.75;5864927;-3935.66333
405095.0313;5864927;-3934.395508
405155.3438;5864927;-3933.240967
405215.6563;5864927;-3932.218262
405275.9375;5864927;-3931.307617
405336.25;5864927;-3930.494873
405396.5625;5864927;-3929.796387
405456.8438;5864927;-3929.209961
405517.1563;5864927;-3928.717041
405577.4375;5864927;-3928.327637
405637.75;5864927;-3928.055908
405698.0625;5864927;-3927.887207
405758.3438;5864927;-3927.790771
405818.6563;5864927;-3927.762695
405878.9688;5864927;-3927.833008
405939.25;5864927;-3927.982666
405999.5625;5864927;-3928.186279
406059.8438;5864927;-3928.464844
406120.1563;5864927;-3928.809082
406180.4688;5864927;-3929.202393
406240.75;5864927;-3929.647705
406301.0625;5864927;-3930.137695
406361.375;5864927;-3930.663574
406421.6563;5864927;-3931.22876
406481.9688;5864927;-3931.830566
406542.25;5864927;-3932.462158
406602.5625;5864927;-3933.127441
406662.875;5864927;-3933.81958
406723.1563;5864927;-3934.527832
406783.4688;5864927;-3935.250977
406843.7813;5864927;-3935.991699
406904.0625;5864927;-3936.747803
406964.375;5864927;-3937.513916
407024.6563;5864927;-3938.286865
407084.9688;5864927;-3939.068359
407145.2813;5864927;-3939.855957
407205.5625;5864927;-3940.645508
407265.875;5864927;-3941.439209
407326.1875;5864927;-3942.235352
407386.4688;5864927;-3943.030518
407446.7813;5864927;-3943.823975
407507.0625;5864927;-3944.615479
407567.375;5864927;-3945.401367
407627.6875;5864927;-3946.181152
407687.9688;5864927;-3946.955078
407748.2813;5864927;-3947.718018
407808.5938;5864927;-3948.469727
407868.875;5864927;-3949.208984
407929.1875;5864927;-3949.934814
407989.4688;5864927;-3950.648438
408049.7813;5864927;-3951.346436
408110.0938;5864927;-3952.027588
408170.375;5864927;-3952.690674
408230.6875;5864927;-3953.336182
408291;5864927;-3953.95752
408351.2813;5864927;-3954.560303
408411.5938;5864927;-3955.146729
408471.875;5864927;-3955.71167
408532.1875;5864927;-3956.246826
408592.5;5864927;-3956.759033
408652.7813;5864927;-3957.250732
408713.0938;5864927;-3957.720703
408773.4063;5864927;-3958.161133
408833.6875;5864927;-3958.574707
408894;5864927;-3958.964844
408954.2813;5864927;-3959.331543
409014.5938;5864927;-3959.669922
409074.9063;5864927;-3959.982422
409135.1875;5864927;-3960.269531
409195.5;5864927;-3960.52832
409255.8125;5864927;-3960.753418
409316.0938;5864927;-3960.952881
409376.4063;5864927;-3961.12915
401356.4063;5864988;-4019.789307
401416.6875;5864988;-4019.389893
401477;5864988;-4018.976563
401537.3125;5864988;-4018.541016
401597.5938;5864988;-4018.058594
401657.9063;5864988;-4017.530029
401718.2188;5864988;-4016.953857
401778.5;5864988;-4016.320557
401838.8125;5864988;-4015.616943
401899.0938;5864988;-4014.850098
401959.4063;5864988;-4014.017822
402019.7188;5864988;-4013.105713
402080;5864988;-4012.105225
402140.3125;5864988;-4011.042236
402200.625;5864988;-4009.92334
402260.9063;5864988;-4008.741943
402321.2188;5864988;-4007.493896
402381.5;5864988;-4006.207764
402441.8125;5864988;-4004.892822
402502.125;5864988;-4003.554688
402562.4063;5864988;-4002.192383
402622.7188;5864988;-4000.813721
402683.0313;5864988;-3999.422852
402743.3125;5864988;-3998.023682
402803.625;5864988;-3996.616699
402863.9063;5864988;-3995.207031
402924.2188;5864988;-3993.792969
402984.5313;5864988;-3992.374023
403044.8125;5864988;-3990.94873
403105.125;5864988;-3989.515869
403165.4375;5864988;-3988.077393
403225.7188;5864988;-3986.629639
403286.0313;5864988;-3985.164795
403346.3125;5864988;-3983.686279
403406.625;5864988;-3982.191895
403466.9375;5864988;-3980.67334
403527.2188;5864988;-3979.127197
403587.5313;5864988;-3977.554199
403647.8438;5864988;-3975.947998
403708.125;5864988;-3974.311035
403768.4375;5864988;-3972.64209
403828.7188;5864988;-3970.94043
403889.0313;5864988;-3969.209473
403949.3438;5864988;-3967.444824
404009.625;5864988;-3965.644531
404069.9375;5864988;-3963.821777
404130.25;5864988;-3961.982422
404190.5313;5864988;-3960.124756
404250.8438;5864988;-3958.253662
404311.125;5864988;-3956.378662
404371.4375;5864988;-3954.505859
404431.75;5864988;-3952.641113
404492.0313;5864988;-3950.793457
404552.3438;5864988;-3948.971191
404612.625;5864988;-3947.182861
404672.9375;5864988;-3945.438965
404733.25;5864988;-3943.754395
404793.5313;5864988;-3942.129395
404853.8438;5864988;-3940.563232
404914.1563;5864988;-3939.080811
404974.4375;5864988;-3937.698975
405034.75;5864988;-3936.393311
405095.0313;5864988;-3935.166016
405155.3438;5864988;-3934.046143
405215.6563;5864988;-3933.049561
405275.9375;5864988;-3932.158203
405336.25;5864988;-3931.361084
405396.5625;5864988;-3930.67041
405456.8438;5864988;-3930.085205
405517.1563;5864988;-3929.5896
405577.4375;5864988;-3929.192627
405637.75;5864988;-3928.906982
405698.0625;5864988;-3928.719971
405758.3438;5864988;-3928.601318
405818.6563;5864988;-3928.549072
405878.9688;5864988;-3928.590088
405939.25;5864988;-3928.708008
405999.5625;5864988;-3928.87915
406059.8438;5864988;-3929.119385
406120.1563;5864988;-3929.423584
406180.4688;5864988;-3929.776855
406240.75;5864988;-3930.179688
406301.0625;5864988;-3930.625977
406361.375;5864988;-3931.109619
406421.6563;5864988;-3931.633057
406481.9688;5864988;-3932.192383
406542.25;5864988;-3932.782471
406602.5625;5864988;-3933.408936
406662.875;5864988;-3934.062256
406723.1563;5864988;-3934.733398
406783.4688;5864988;-3935.420654
406843.7813;5864988;-3936.12793
406904.0625;5864988;-3936.851563
406964.375;5864988;-3937.58667
407024.6563;5864988;-3938.32959
407084.9688;5864988;-3939.082275
407145.2813;5864988;-3939.842773
407205.5625;5864988;-3940.606934
407265.875;5864988;-3941.375732
407326.1875;5864988;-3942.148438
407386.4688;5864988;-3942.920898
407446.7813;5864988;-3943.693604
407507.0625;5864988;-3944.464844
407567.375;5864988;-3945.230713
407627.6875;5864988;-3945.992188
407687.9688;5864988;-3946.748291
407748.2813;5864988;-3947.494873
407808.5938;5864988;-3948.230469
407868.875;5864988;-3948.95459
407929.1875;5864988;-3949.666016
407989.4688;5864988;-3950.365479
408049.7813;5864988;-3951.051514
408110.0938;5864988;-3951.720215
408170.375;5864988;-3952.372314
408230.6875;5864988;-3953.006348
408291;5864988;-3953.617432
408351.2813;5864988;-3954.210449
408411.5938;5864988;-3954.787598
408471.875;5864988;-3955.343994
408532.1875;5864988;-3955.87085
408592.5;5864988;-3956.375732
408652.7813;5864988;-3956.860352
408713.0938;5864988;-3957.322754
408773.4063;5864988;-3957.756836
408833.6875;5864988;-3958.164795
408894;5864988;-3958.549561
408954.2813;5864988;-3958.911377
409014.5938;5864988;-3959.245361
409074.9063;5864988;-3959.553711
409135.1875;5864988;-3959.837402
409195.5;5864988;-3960.09375
409255.8125;5864988;-3960.316895
409316.0938;5864988;-3960.515381
409376.4063;5864988;-3960.69165
401356.4063;5865048.5;-4019.395508
401416.6875;5865048.5;-4018.997559
401477;5865048.5;-4018.581787
401537.3125;5865048.5;-4018.140381
401597.5938;5865048.5;-4017.649658
401657.9063;5865048.5;-4017.112061
401718.2188;5865048.5;-4016.52832
401778.5;5865048.5;-4015.888916
401838.8125;5865048.5;-4015.181152
401899.0938;5865048.5;-4014.415283
401959.4063;5865048.5;-4013.586914
402019.7188;5865048.5;-4012.684326
402080;5865048.5;-4011.698975
402140.3125;5865048.5;-4010.655029
402200.625;5865048.5;-4009.558594
402260.9063;5865048.5;-4008.401855
402321.2188;5865048.5;-4007.180176
402381.5;5865048.5;-4005.918945
402441.8125;5865048.5;-4004.628174
402502.125;5865048.5;-4003.311035
402562.4063;5865048.5;-4001.966064
402622.7188;5865048.5;-4000.600098
402683.0313;5865048.5;-3999.217773
402743.3125;5865048.5;-3997.823486
402803.625;5865048.5;-3996.41748
402863.9063;5865048.5;-3995.004639
402924.2188;5865048.5;-3993.585693
402984.5313;5865048.5;-3992.158203
403044.8125;5865048.5;-3990.721436
403105.125;5865048.5;-3989.276611
403165.4375;5865048.5;-3987.824463
403225.7188;5865048.5;-3986.362549
403286.0313;5865048.5;-3984.884521
403346.3125;5865048.5;-3983.39209
403406.625;5865048.5;-3981.88501
403466.9375;5865048.5;-3980.356689
403527.2188;5865048.5;-3978.803223
403587.5313;5865048.5;-3977.226074
403647.8438;5865048.5;-3975.620605
403708.125;5865048.5;-3973.988037
403768.4375;5865048.5;-3972.327881
403828.7188;5865048.5;-3970.640869
403889.0313;5865048.5;-3968.929443
403949.3438;5865048.5;-3967.189697
404009.625;5865048.5;-3965.420654
404069.9375;5865048.5;-3963.634277
404130.25;5865048.5;-3961.834961
404190.5313;5865048.5;-3960.022461
404250.8438;5865048.5;-3958.202148
404311.125;5865048.5;-3956.381104
404371.4375;5865048.5;-3954.564697
404431.75;5865048.5;-3952.759277
404492.0313;5865048.5;-3950.972412
404552.3438;5865048.5;-3949.211426
404612.625;5865048.5;-3947.483887
404672.9375;5865048.5;-3945.800293
404733.25;5865048.5;-3944.174316
404793.5313;5865048.5;-3942.605225
404853.8438;5865048.5;-3941.093018
404914.1563;5865048.5;-3939.661133
404974.4375;5865048.5;-3938.323486
405034.75;5865048.5;-3937.059082
405095.0313;5865048.5;-3935.868408
405155.3438;5865048.5;-3934.779785
405215.6563;5865048.5;-3933.807373
405275.9375;5865048.5;-3932.933838
405336.25;5865048.5;-3932.150879
405396.5625;5865048.5;-3931.468506
405456.8438;5865048.5;-3930.885254
405517.1563;5865048.5;-3930.388916
405577.4375;5865048.5;-3929.985352
405637.75;5865048.5;-3929.688477
405698.0625;5865048.5;-3929.485352
405758.3438;5865048.5;-3929.348389
405818.6563;5865048.5;-3929.275635
405878.9688;5865048.5;-3929.290771
405939.25;5865048.5;-3929.380615
405999.5625;5865048.5;-3929.523438
406059.8438;5865048.5;-3929.72998
406120.1563;5865048.5;-3929.997803
406180.4688;5865048.5;-3930.314941
406240.75;5865048.5;-3930.679932
406301.0625;5865048.5;-3931.087158
406361.375;5865048.5;-3931.532715
406421.6563;5865048.5;-3932.017334
406481.9688;5865048.5;-3932.538086
406542.25;5865048.5;-3933.09082
406602.5625;5865048.5;-3933.680908
406662.875;5865048.5;-3934.299316
406723.1563;5865048.5;-3934.935547
406783.4688;5865048.5;-3935.589844
406843.7813;5865048.5;-3936.265869
406904.0625;5865048.5;-3936.958984
406964.375;5865048.5;-3937.664795
407024.6563;5865048.5;-3938.380615
407084.9688;5865048.5;-3939.107178
407145.2813;5865048.5;-3939.841309
407205.5625;5865048.5;-3940.581787
407265.875;5865048.5;-3941.327393
407326.1875;5865048.5;-3942.078125
407386.4688;5865048.5;-3942.830322
407446.7813;5865048.5;-3943.583008
407507.0625;5865048.5;-3944.334961
407567.375;5865048.5;-3945.083008
407627.6875;5865048.5;-3945.826416
407687.9688;5865048.5;-3946.565918
407748.2813;5865048.5;-3947.296875
407808.5938;5865048.5;-3948.01709
407868.875;5865048.5;-3948.727295
407929.1875;5865048.5;-3949.425293
407989.4688;5865048.5;-3950.112549
408049.7813;5865048.5;-3950.785645
408110.0938;5865048.5;-3951.442627
408170.375;5865048.5;-3952.08374
408230.6875;5865048.5;-3952.707275
408291;5865048.5;-3953.308594
408351.2813;5865048.5;-3953.892334
408411.5938;5865048.5;-3954.460449
408471.875;5865048.5;-3955.008789
408532.1875;5865048.5;-3955.52832
408592.5;5865048.5;-3956.025391
408652.7813;5865048.5;-3956.50293
408713.0938;5865048.5;-3956.958984
408773.4063;5865048.5;-3957.386475
408833.6875;5865048.5;-3957.788574
408894;5865048.5;-3958.16748
408954.2813;5865048.5;-3958.524658
409014.5938;5865048.5;-3958.853516
409074.9063;5865048.5;-3959.158203
409135.1875;5865048.5;-3959.438721
409195.5;5865048.5;-3959.692139
409255.8125;5865048.5;-3959.913818
409316.0938;5865048.5;-3960.111572
409376.4063;5865048.5;-3960.287598
401356.4063;5865109;-4019.016357
401416.6875;5865109;-4018.618896
401477;5865109;-4018.199463
401537.3125;5865109;-4017.753906
401597.5938;5865109;-4017.256592
401657.9063;5865109;-4016.712646
401718.2188;5865109;-4016.123047
401778.5;5865109;-4015.478516
401838.8125;5865109;-4014.769775
401899.0938;5865109;-4014.004639
401959.4063;5865109;-4013.181152
402019.7188;5865109;-4012.287598
402080;5865109;-4011.315918
402140.3125;5865109;-4010.288086
402200.625;5865109;-4009.210449
402260.9063;5865109;-4008.074951
402321.2188;5865109;-4006.875244
402381.5;5865109;-4005.635742
402441.8125;5865109;-4004.364746
402502.125;5865109;-4003.065674
402562.4063;5865109;-4001.736084
402622.7188;5865109;-4000.381104
402683.0313;5865109;-3999.007324
402743.3125;5865109;-3997.617432
402803.625;5865109;-3996.212402
402863.9063;5865109;-3994.797852
402924.2188;5865109;-3993.375244
402984.5313;5865109;-3991.940918
403044.8125;5865109;-3990.494385
403105.125;5865109;-3989.039795
403165.4375;5865109;-3987.57666
403225.7188;5865109;-3986.101807
403286.0313;5865109;-3984.612549
403346.3125;5865109;-3983.109131
403406.625;5865109;-3981.591309
403466.9375;5865109;-3980.05542
403527.2188;5865109;-3978.496338
403587.5313;5865109;-3976.916016
403647.8438;5865109;-3975.312256
403708.125;5865109;-3973.68457
403768.4375;5865109;-3972.033936
403828.7188;5865109;-3970.361084
403889.0313;5865109;-3968.667725
403949.3438;5865109;-3966.950928
404009.625;5865109;-3965.21167
404069.9375;5865109;-3963.45874
404130.25;5865109;-3961.696533
404190.5313;5865109;-3959.925537
404250.8438;5865109;-3958.151123
404311.125;5865109;-3956.379883
404371.4375;5865109;-3954.615967
404431.75;5865109;-3952.864502
404492.0313;5865109;-3951.133545
404552.3438;5865109;-3949.428955
404612.625;5865109;-3947.75708
404672.9375;5865109;-3946.129883
404733.25;5865109;-3944.557373
404793.5313;5865109;-3943.039795
404853.8438;5865109;-3941.576416
404914.1563;5865109;-3940.190674
404974.4375;5865109;-3938.894043
405034.75;5865109;-3937.666992
405095.0313;5865109;-3936.510498
405155.3438;5865109;-3935.450684
405215.6563;5865109;-3934.5
405275.9375;5865109;-3933.643555
405336.25;5865109;-3932.872803
405396.5625;5865109;-3932.197266
405456.8438;5865109;-3931.615723
405517.1563;5865109;-3931.117676
405577.4375;5865109;-3930.707764
405637.75;5865109;-3930.399902
405698.0625;5865109;-3930.181152
405758.3438;5865109;-3930.026367
405818.6563;5865109;-3929.93335
405878.9688;5865109;-3929.924805
405939.25;5865109;-3929.98877
405999.5625;5865109;-3930.10498
406059.8438;5865109;-3930.280762
406120.1563;5865109;-3930.516113
406180.4688;5865109;-3930.80127
406240.75;5865109;-3931.132813
406301.0625;5865109;-3931.505371
406361.375;5865109;-3931.917969
406421.6563;5865109;-3932.369629
406481.9688;5865109;-3932.856445
406542.25;5865109;-3933.376221
406602.5625;5865109;-3933.93457
406662.875;5865109;-3934.521484
406723.1563;5865109;-3935.127441
406783.4688;5865109;-3935.752197
406843.7813;5865109;-3936.399902
406904.0625;5865109;-3937.065674
406964.375;5865109;-3937.745361
407024.6563;5865109;-3938.435791
407084.9688;5865109;-3939.137451
407145.2813;5865109;-3939.848877
407205.5625;5865109;-3940.567139
407265.875;5865109;-3941.291016
407326.1875;5865109;-3942.02124
407386.4688;5865109;-3942.753662
407446.7813;5865109;-3943.488037
407507.0625;5865109;-3944.221436
407567.375;5865109;-3944.952148
407627.6875;5865109;-3945.679443
407687.9688;5865109;-3946.402832
407748.2813;5865109;-3947.118896
407808.5938;5865109;-3947.824951
407868.875;5865109;-3948.521484
407929.1875;5865109;-3949.206543
407989.4688;5865109;-3949.881348
408049.7813;5865109;-3950.543457
408110.0938;5865109;-3951.189209
408170.375;5865109;-3951.819824
408230.6875;5865109;-3952.43335
408291;5865109;-3953.025635
408351.2813;5865109;-3953.600098
408411.5938;5865109;-3954.159912
408471.875;5865109;-3954.700195
408532.1875;5865109;-3955.211914
408592.5;5865109;-3955.701904
408652.7813;5865109;-3956.172119
408713.0938;5865109;-3956.621826
408773.4063;5865109;-3957.043457
408833.6875;5865109;-3957.439697
408894;5865109;-3957.813477
408954.2813;5865109;-3958.165039
409014.5938;5865109;-3958.48999
409074.9063;5865109;-3958.790283
409135.1875;5865109;-3959.067139
409195.5;5865109;-3959.317627
409255.8125;5865109;-3959.538086
409316.0938;5865109;-3959.735107
409376.4063;5865109;-3959.911865
401356.4063;5865169.5;-4018.6604
401416.6875;5865169.5;-4018.260986
401477;5865169.5;-4017.839111
401537.3125;5865169.5;-4017.38916
401597.5938;5865169.5;-4016.886719
401657.9063;5865169.5;-4016.338135
401718.2188;5865169.5;-4015.745117
401778.5;5865169.5;-4015.097656
401838.8125;5865169.5;-4014.388672
401899.0938;5865169.5;-4013.625977
401959.4063;5865169.5;-4012.806885
402019.7188;5865169.5;-4011.921631
402080;5865169.5;-4010.962158
402140.3125;5865169.5;-4009.948486
402200.625;5865169.5;-4008.887451
402260.9063;5865169.5;-4007.769531
402321.2188;5865169.5;-4006.588135
402381.5;5865169.5;-4005.366211
402441.8125;5865169.5;-4004.112305
402502.125;5865169.5;-4002.828369
402562.4063;5865169.5;-4001.510986
402622.7188;5865169.5;-4000.165527
402683.0313;5865169.5;-3998.798096
402743.3125;5865169.5;-3997.412354
402803.625;5865169.5;-3996.008301
402863.9063;5865169.5;-3994.591553
402924.2188;5865169.5;-3993.165771
402984.5313;5865169.5;-3991.725098
403044.8125;5865169.5;-3990.27002
403105.125;5865169.5;-3988.807129
403165.4375;5865169.5;-3987.334473
403225.7188;5865169.5;-3985.849365
403286.0313;5865169.5;-3984.350342
403346.3125;5865169.5;-3982.836914
403406.625;5865169.5;-3981.310303
403466.9375;5865169.5;-3979.768311
403527.2188;5865169.5;-3978.205566
403587.5313;5865169.5;-3976.622803
403647.8438;5865169.5;-3975.022217
403708.125;5865169.5;-3973.400879
403768.4375;5865169.5;-3971.758789
403828.7188;5865169.5;-3970.100342
403889.0313;5865169.5;-3968.424072
403949.3438;5865169.5;-3966.729492
404009.625;5865169.5;-3965.017822
404069.9375;5865169.5;-3963.296631
404130.25;5865169.5;-3961.568848
404190.5313;5865169.5;-3959.835938
404250.8438;5865169.5;-3958.104736
404311.125;5865169.5;-3956.378906
404371.4375;5865169.5;-3954.662598
404431.75;5865169.5;-3952.961182
404492.0313;5865169.5;-3951.281494
404552.3438;5865169.5;-3949.628418
404612.625;5865169.5;-3948.008545
404672.9375;5865169.5;-3946.432129
404733.25;5865169.5;-3944.909424
404793.5313;5865169.5;-3943.437988
404853.8438;5865169.5;-3942.02002
404914.1563;5865169.5;-3940.676025
404974.4375;5865169.5;-3939.416992
405034.75;5865169.5;-3938.224121
405095.0313;5865169.5;-3937.098877
405155.3438;5865169.5;-3936.064697
405215.6563;5865169.5;-3935.134521
405275.9375;5865169.5;-3934.293457
405336.25;5865169.5;-3933.534424
405396.5625;5865169.5;-3932.865967
405456.8438;5865169.5;-3932.287354
405517.1563;5865169.5;-3931.788574
405577.4375;5865169.5;-3931.374023
405637.75;5865169.5;-3931.057129
405698.0625;5865169.5;-3930.825195
405758.3438;5865169.5;-3930.655518
405818.6563;5865169.5;-3930.54541
405878.9688;5865169.5;-3930.516113
405939.25;5865169.5;-3930.557129
405999.5625;5865169.5;-3930.649902
406059.8438;5865169.5;-3930.798584
406120.1563;5865169.5;-3931.004395
406180.4688;5865169.5;-3931.260742
406240.75;5865169.5;-3931.561523
406301.0625;5865169.5;-3931.90332
406361.375;5865169.5;-3932.285156
406421.6563;5865169.5;-3932.705811
406481.9688;5865169.5;-3933.162109
406542.25;5865169.5;-3933.651367
406602.5625;5865169.5;-3934.179443
406662.875;5865169.5;-3934.737549
406723.1563;5865169.5;-3935.314941
406783.4688;5865169.5;-3935.912109
406843.7813;5865169.5;-3936.533203
406904.0625;5865169.5;-3937.173828
406964.375;5865169.5;-3937.828369
407024.6563;5865169.5;-3938.495361
407084.9688;5865169.5;-3939.174561
407145.2813;5865169.5;-3939.864014
407205.5625;5865169.5;-3940.561279
407265.875;5865169.5;-3941.265381
407326.1875;5865169.5;-3941.976074
407386.4688;5865169.5;-3942.690674
407446.7813;5865169.5;-3943.406738
407507.0625;5865169.5;-3944.123047
407567.375;5865169.5;-3944.838135
407627.6875;5865169.5;-3945.549805
407687.9688;5865169.5;-3946.257813
407748.2813;5865169.5;-3946.959717
407808.5938;5865169.5;-3947.65332
407868.875;5865169.5;-3948.336426
407929.1875;5865169.5;-3949.010254
407989.4688;5865169.5;-3949.673584
408049.7813;5865169.5;-3950.323975
408110.0938;5865169.5;-3950.959717
408170.375;5865169.5;-3951.580566
408230.6875;5865169.5;-3952.184326
408291;5865169.5;-3952.767578
408351.2813;5865169.5;-3953.334229
408411.5938;5865169.5;-3953.885742
408471.875;5865169.5;-3954.417969
408532.1875;5865169.5;-3954.922607
408592.5;5865169.5;-3955.405518
408652.7813;5865169.5;-3955.869141
408713.0938;5865169.5;-3956.312256
408773.4063;5865169.5;-3956.728027
408833.6875;5865169.5;-3957.118164
408894;5865169.5;-3957.486572
408954.2813;5865169.5;-3957.832764
409014.5938;5865169.5;-3958.153076
409074.9063;5865169.5;-3958.448975
409135.1875;5865169.5;-3958.722168
409195.5;5865169.5;-3958.969971
409255.8125;5865169.5;-3959.188477
409316.0938;5865169.5;-3959.385254
409376.4063;5865169.5;-3959.562744
401356.4063;5865230;-4018.332031
401416.6875;5865230;-4017.930176
401477;5865230;-4017.506348
401537.3125;5865230;-4017.053711
401597.5938;5865230;-4016.547363
401657.9063;5865230;-4015.99585
401718.2188;5865230;-4015.400879
401778.5;5865230;-4014.75293
401838.8125;5865230;-4014.044678
401899.0938;5865230;-4013.285645
401959.4063;5865230;-4012.471191
402019.7188;5865230;-4011.593506
402080;5865230;-4010.644043
402140.3125;5865230;-4009.643066
402200.625;5865230;-4008.594727
402260.9063;5865230;-4007.491699
402321.2188;5865230;-4006.325439
402381.5;5865230;-4005.117432
402441.8125;5865230;-4003.877197
402502.125;5865230;-4002.605713
402562.4063;5865230;-4001.297607
402622.7188;5865230;-3999.959229
402683.0313;5865230;-3998.597168
402743.3125;5865230;-3997.214355
402803.625;5865230;-3995.809814
402863.9063;5865230;-3994.391846
402924.2188;5865230;-3992.962158
402984.5313;5865230;-3991.516357
403044.8125;5865230;-3990.053711
403105.125;5865230;-3988.58374
403165.4375;5865230;-3987.102295
403225.7188;5865230;-3985.608643
403286.0313;5865230;-3984.101563
403346.3125;5865230;-3982.580811
403406.625;5865230;-3981.046631
403466.9375;5865230;-3979.500244
403527.2188;5865230;-3977.93457
403587.5313;5865230;-3976.351074
403647.8438;5865230;-3974.753906
403708.125;5865230;-3973.138672
403768.4375;5865230;-3971.505615
403828.7188;5865230;-3969.859619
403889.0313;5865230;-3968.200684
403949.3438;5865230;-3966.526123
404009.625;5865230;-3964.840332
404069.9375;5865230;-3963.147461
404130.25;5865230;-3961.451172
404190.5313;5865230;-3959.753906
404250.8438;5865230;-3958.061523
404311.125;5865230;-3956.376465
404371.4375;5865230;-3954.703857
404431.75;5865230;-3953.047119
404492.0313;5865230;-3951.413574
404552.3438;5865230;-3949.806885
404612.625;5865230;-3948.233398
404672.9375;5865230;-3946.702881
404733.25;5865230;-3945.224121
404793.5313;5865230;-3943.794678
404853.8438;5865230;-3942.416748
404914.1563;5865230;-3941.110596
404974.4375;5865230;-3939.88501
405034.75;5865230;-3938.7229
405095.0313;5865230;-3937.625488
405155.3438;5865230;-3936.614746
405215.6563;5865230;-3935.702637
405275.9375;5865230;-3934.875977
405336.25;5865230;-3934.12793
405396.5625;5865230;-3933.466553
405456.8438;5865230;-3932.891357
405517.1563;5865230;-3932.392822
405577.4375;5865230;-3931.97583
405637.75;5865230;-3931.651611
405698.0625;5865230;-3931.409668
405758.3438;5865230;-3931.227051
405818.6563;5865230;-3931.10376
405878.9688;5865230;-3931.056885
405939.25;5865230;-3931.078369
405999.5625;5865230;-3931.151367
406059.8438;5865230;-3931.275879
406120.1563;5865230;-3931.455811
406180.4688;5865230;-3931.686523
406240.75;5865230;-3931.960693
406301.0625;5865230;-3932.274658
406361.375;5865230;-3932.628906
406421.6563;5865230;-3933.022217
406481.9688;5865230;-3933.449463
406542.25;5865230;-3933.911377
406602.5625;5865230;-3934.412842
406662.875;5865230;-3934.944092
406723.1563;5865230;-3935.495117
406783.4688;5865230;-3936.067383
406843.7813;5865230;-3936.664307
406904.0625;5865230;-3937.28125
406964.375;5865230;-3937.913574
407024.6563;5865230;-3938.558594
407084.9688;5865230;-3939.217041
407145.2813;5865230;-3939.885986
407205.5625;5865230;-3940.564209
407265.875;5865230;-3941.249756
407326.1875;5865230;-3941.942627
407386.4688;5865230;-3942.640137
407446.7813;5865230;-3943.340088
407507.0625;5865230;-3944.040283
407567.375;5865230;-3944.740723
407627.6875;5865230;-3945.438232
407687.9688;5865230;-3946.132568
407748.2813;5865230;-3946.821777
407808.5938;5865230;-3947.502441
407868.875;5865230;-3948.174316
407929.1875;5865230;-3948.83667
407989.4688;5865230;-3949.489502
408049.7813;5865230;-3950.130127
408110.0938;5865230;-3950.756348
408170.375;5865230;-3951.367676
408230.6875;5865230;-3951.962891
408291;5865230;-3952.538086
408351.2813;5865230;-3953.09668
408411.5938;5865230;-3953.640137
408471.875;5865230;-3954.165283
408532.1875;5865230;-3954.663086
408592.5;5865230;-3955.138916
408652.7813;5865230;-3955.596191
408713.0938;5865230;-3956.033447
408773.4063;5865230;-3956.443115
408833.6875;5865230;-3956.827148
408894;5865230;-3957.190186
408954.2813;5865230;-3957.53125
409014.5938;5865230;-3957.846191
409074.9063;5865230;-3958.137939
409135.1875;5865230;-3958.406982
409195.5;5865230;-3958.651611
409255.8125;5865230;-3958.86792
409316.0938;5865230;-3959.064209
409376.4063;5865230;-3959.242188
401356.4063;5865291;-4018.033447
401416.6875;5865291;-4017.630127
401477;5865291;-4017.20459
401537.3125;5865291;-4016.750732
401597.5938;5865291;-4016.243652
401657.9063;5865291;-4015.691162
401718.2188;5865291;-4015.096924
401778.5;5865291;-4014.449951
401838.8125;5865291;-4013.744385
401899.0938;5865291;-4012.98877
401959.4063;5865291;-4012.180176
402019.7188;5865291;-4011.30957
402080;5865291;-4010.369629
402140.3125;5865291;-4009.378418
402200.625;5865291;-4008.341309
402260.9063;5865291;-4007.25
402321.2188;5865291;-4006.095703
402381.5;5865291;-4004.89917
402441.8125;5865291;-4003.669922
402502.125;5865291;-4002.407227
402562.4063;5865291;-4001.106445
402622.7188;5865291;-3999.773682
402683.0313;5865291;-3998.415039
402743.3125;5865291;-3997.03418
402803.625;5865291;-3995.628906
402863.9063;5865291;-3994.20874
402924.2188;5865291;-3992.776367
402984.5313;5865291;-3991.325195
403044.8125;5865291;-3989.855713
403105.125;5865291;-3988.379639
403165.4375;5865291;-3986.891113
403225.7188;5865291;-3985.388672
403286.0313;5865291;-3983.874756
403346.3125;5865291;-3982.347412
403406.625;5865291;-3980.806885
403466.9375;5865291;-3979.257324
403527.2188;5865291;-3977.689453
403587.5313;5865291;-3976.105469
403647.8438;5865291;-3974.511475
403708.125;5865291;-3972.9021
403768.4375;5865291;-3971.276611
403828.7188;5865291;-3969.642822
403889.0313;5865291;-3967.998291
403949.3438;5865291;-3966.341797
404009.625;5865291;-3964.678223
404069.9375;5865291;-3963.01001
404130.25;5865291;-3961.34082
404190.5313;5865291;-3959.674561
404250.8438;5865291;-3958.015869
404311.125;5865291;-3956.367188
404371.4375;5865291;-3954.731445
404431.75;5865291;-3953.113281
404492.0313;5865291;-3951.520508
404552.3438;5865291;-3949.954834
404612.625;5865291;-3948.420898
404672.9375;5865291;-3946.930664
404733.25;5865291;-3945.490234
404793.5313;5865291;-3944.096924
404853.8438;5865291;-3942.75415
404914.1563;5865291;-3941.480225
404974.4375;5865291;-3940.283691
405034.75;5865291;-3939.148193
405095.0313;5865291;-3938.074951
405155.3438;5865291;-3937.084961
405215.6563;5865291;-3936.189209
405275.9375;5865291;-3935.374756
405336.25;5865291;-3934.63623
405396.5625;5865291;-3933.981445
405456.8438;5865291;-3933.409668
405517.1563;5865291;-3932.912354
405577.4375;5865291;-3932.49292
405637.75;5865291;-3932.163574
405698.0625;5865291;-3931.912842
405758.3438;5865291;-3931.719727
405818.6563;5865291;-3931.584717
405878.9688;5865291;-3931.522705
405939.25;5865291;-3931.52832
405999.5625;5865291;-3931.583496
406059.8438;5865291;-3931.687988
406120.1563;5865291;-3931.846436
406180.4688;5865291;-3932.054932
406240.75;5865291;-3932.306641
406301.0625;5865291;-3932.596436
406361.375;5865291;-3932.927979
406421.6563;5865291;-3933.297119
406481.9688;5865291;-3933.700439
406542.25;5865291;-3934.138916
406602.5625;5865291;-3934.617188
406662.875;5865291;-3935.125244
406723.1563;5865291;-3935.654053
406783.4688;5865291;-3936.20459
406843.7813;5865291;-3936.780762
406904.0625;5865291;-3937.377686
406964.375;5865291;-3937.989502
407024.6563;5865291;-3938.615967
407084.9688;5865291;-3939.256104
407145.2813;5865291;-3939.907227
407205.5625;5865291;-3940.568848
407265.875;5865291;-3941.238281
407326.1875;5865291;-3941.915039
407386.4688;5865291;-3942.597412
407446.7813;5865291;-3943.282959
407507.0625;5865291;-3943.969727
407567.375;5865291;-3944.656982
407627.6875;5865291;-3945.341797
407687.9688;5865291;-3946.023682
407748.2813;5865291;-3946.701416
407808.5938;5865291;-3947.371338
407868.875;5865291;-3948.032715
407929.1875;5865291;-3948.685303
407989.4688;5865291;-3949.329102
408049.7813;5865291;-3949.960205
408110.0938;5865291;-3950.578125
408170.375;5865291;-3951.181152
408230.6875;5865291;-3951.768555
408291;5865291;-3952.336426
408351.2813;5865291;-3952.887695
408411.5938;5865291;-3953.424805
408471.875;5865291;-3953.943115
408532.1875;5865291;-3954.434082
408592.5;5865291;-3954.904297
408652.7813;5865291;-3955.355957
408713.0938;5865291;-3955.787109
408773.4063;5865291;-3956.191162
408833.6875;5865291;-3956.570313
408894;5865291;-3956.92749
408954.2813;5865291;-3957.262939
409014.5938;5865291;-3957.572998
409074.9063;5865291;-3957.859619
409135.1875;5865291;-3958.124268
409195.5;5865291;-3958.36499
409255.8125;5865291;-3958.578857
409316.0938;5865291;-3958.773438
409376.4063;5865291;-3958.951904
401356.4063;5865351.5;-4017.759521
401416.6875;5865351.5;-4017.355713
401477;5865351.5;-4016.930176
401537.3125;5865351.5;-4016.477539
401597.5938;5865351.5;-4015.971191
401657.9063;5865351.5;-4015.420654
401718.2188;5865351.5;-4014.828857
401778.5;5865351.5;-4014.184082
401838.8125;5865351.5;-4013.482178
401899.0938;5865351.5;-4012.731445
401959.4063;5865351.5;-4011.92749
402019.7188;5865351.5;-4011.063965
402080;5865351.5;-4010.132568
402140.3125;5865351.5;-4009.149902
402200.625;5865351.5;-4008.121826
402260.9063;5865351.5;-4007.040283
402321.2188;5865351.5;-4005.896484
402381.5;5865351.5;-4004.709473
402441.8125;5865351.5;-4003.487549
402502.125;5865351.5;-4002.231445
402562.4063;5865351.5;-4000.935791
402622.7188;5865351.5;-3999.607178
402683.0313;5865351.5;-3998.251221
402743.3125;5865351.5;-3996.870605
402803.625;5865351.5;-3995.464355
402863.9063;5865351.5;-3994.040527
402924.2188;5865351.5;-3992.604004
402984.5313;5865351.5;-3991.147461
403044.8125;5865351.5;-3989.670898
403105.125;5865351.5;-3988.188477
403165.4375;5865351.5;-3986.692627
403225.7188;5865351.5;-3985.182617
403286.0313;5865351.5;-3983.662842
403346.3125;5865351.5;-3982.12915
403406.625;5865351.5;-3980.58252
403466.9375;5865351.5;-3979.029053
403527.2188;5865351.5;-3977.459473
403587.5313;5865351.5;-3975.875732
403647.8438;5865351.5;-3974.284424
403708.125;5865351.5;-3972.680176
403768.4375;5865351.5;-3971.0625
403828.7188;5865351.5;-3969.439453
403889.0313;5865351.5;-3967.808105
403949.3438;5865351.5;-3966.168213
404009.625;5865351.5;-3964.52417
404069.9375;5865351.5;-3962.879883
404130.25;5865351.5;-3961.235352
404190.5313;5865351.5;-3959.596436
404250.8438;5865351.5;-3957.968506
404311.125;5865351.5;-3956.352539
404371.4375;5865351.5;-3954.750977
404431.75;5865351.5;-3953.167969
404492.0313;5865351.5;-3951.611084
404552.3438;5865351.5;-3950.081543
404612.625;5865351.5;-3948.584717
404672.9375;5865351.5;-3947.130127
404733.25;5865351.5;-3945.724121
404793.5313;5865351.5;-3944.363525
404853.8438;5865351.5;-3943.052246
404914.1563;5865351.5;-3941.807617
404974.4375;5865351.5;-3940.63623
405034.75;5865351.5;-3939.524658
405095.0313;5865351.5;-3938.473389
405155.3438;5865351.5;-3937.502197
405215.6563;5865351.5;-3936.621338
405275.9375;5865351.5;-3935.818359
405336.25;5865351.5;-3935.089355
405396.5625;5865351.5;-3934.441406
405456.8438;5865351.5;-3933.873779
405517.1563;5865351.5;-3933.378174
405577.4375;5865351.5;-3932.958252
405637.75;5865351.5;-3932.625
405698.0625;5865351.5;-3932.366699
405758.3438;5865351.5;-3932.165771
405818.6563;5865351.5;-3932.022461
405878.9688;5865351.5;-3931.947754
405939.25;5865351.5;-3931.938721
405999.5625;5865351.5;-3931.979248
406059.8438;5865351.5;-3932.066162
406120.1563;5865351.5;-3932.205322
406180.4688;5865351.5;-3932.394531
406240.75;5865351.5;-3932.624756
406301.0625;5865351.5;-3932.893555
406361.375;5865351.5;-3933.204346
406421.6563;5865351.5;-3933.552002
406481.9688;5865351.5;-3933.933594
406542.25;5865351.5;-3934.350098
406602.5625;5865351.5;-3934.806885
406662.875;5865351.5;-3935.294189
406723.1563;5865351.5;-3935.802734
406783.4688;5865351.5;-3936.333252
406843.7813;5865351.5;-3936.890381
406904.0625;5865351.5;-3937.468018
406964.375;5865351.5;-3938.062256
407024.6563;5865351.5;-3938.670898
407084.9688;5865351.5;-3939.294434
407145.2813;5865351.5;-3939.929443
407205.5625;5865351.5;-3940.575195
407265.875;5865351.5;-3941.229736
407326.1875;5865351.5;-3941.892578
407386.4688;5865351.5;-3942.561523
407446.7813;5865351.5;-3943.233398
407507.0625;5865351.5;-3943.907471
407567.375;5865351.5;-3944.582764
407627.6875;5865351.5;-3945.255859
407687.9688;5865351.5;-3945.927002
407748.2813;5865351.5;-3946.593994
407808.5938;5865351.5;-3947.253906
407868.875;5865351.5;-3947.906006
407929.1875;5865351.5;-3948.549805
407989.4688;5865351.5;-3949.18457
408049.7813;5865351.5;-3949.807617
408110.0938;5865351.5;-3950.417236
408170.375;5865351.5;-3951.013428
408230.6875;5865351.5;-3951.593506
408291;5865351.5;-3952.154785
408351.2813;5865351.5;-3952.700195
408411.5938;5865351.5;-3953.230469
408471.875;5865351.5;-3953.742188
408532.1875;5865351.5;-3954.228027
408592.5;5865351.5;-3954.692627
408652.7813;5865351.5;-3955.138428
408713.0938;5865351.5;-3955.563721
408773.4063;5865351.5;-3955.962402
408833.6875;5865351.5;-3956.336182
408894;5865351.5;-3956.687988
408954.2813;5865351.5;-3957.018555
409014.5938;5865351.5;-3957.32251
409074.9063;5865351.5;-3957.604004
409135.1875;5865351.5;-3957.863281
409195.5;5865351.5;-3958.099609
409255.8125;5865351.5;-3958.309814
409316.0938;5865351.5;-3958.502441
409376.4063;5865351.5;-3958.68042
401356.4063;5865412;-4017.504883
401416.6875;5865412;-4017.102539
401477;5865412;-4016.680664
401537.3125;5865412;-4016.231689
401597.5938;5865412;-4015.729004
401657.9063;5865412;-4015.183105
401718.2188;5865412;-4014.595215
401778.5;5865412;-4013.954102
401838.8125;5865412;-4013.257324
401899.0938;5865412;-4012.511963
401959.4063;5865412;-4011.713623
402019.7188;5865412;-4010.855957
402080;5865412;-4009.932861
402140.3125;5865412;-4008.958496
402200.625;5865412;-4007.9375
402260.9063;5865412;-4006.86377
402321.2188;5865412;-4005.72876
402381.5;5865412;-4004.548584
402441.8125;5865412;-4003.333008
402502.125;5865412;-4002.081299
402562.4063;5865412;-4000.789063
402622.7188;5865412;-3999.462646
402683.0313;5865412;-3998.106689
402743.3125;5865412;-3996.725098
402803.625;5865412;-3995.316162
402863.9063;5865412;-3993.888428
402924.2188;5865412;-3992.446777
402984.5313;5865412;-3990.983887
403044.8125;5865412;-3989.500488
403105.125;5865412;-3988.011719
403165.4375;5865412;-3986.508301
403225.7188;5865412;-3984.990234
403286.0313;5865412;-3983.464111
403346.3125;5865412;-3981.924072
403406.625;5865412;-3980.371826
403466.9375;5865412;-3978.81543
403527.2188;5865412;-3977.244141
403587.5313;5865412;-3975.659424
403647.8438;5865412;-3974.071045
403708.125;5865412;-3972.471191
403768.4375;5865412;-3970.860107
403828.7188;5865412;-3969.247314
403889.0313;5865412;-3967.628418
403949.3438;5865412;-3966.002686
404009.625;5865412;-3964.376953
404069.9375;5865412;-3962.75293
404130.25;5865412;-3961.130859
404190.5313;5865412;-3959.517578
404250.8438;5865412;-3957.91748
404311.125;5865412;-3956.330811
404371.4375;5865412;-3954.76001
404431.75;5865412;-3953.209473
404492.0313;5865412;-3951.685059
404552.3438;5865412;-3950.188721
404612.625;5865412;-3948.724365
404672.9375;5865412;-3947.302002
404733.25;5865412;-3945.926758
404793.5313;5865412;-3944.595215
404853.8438;5865412;-3943.3125
404914.1563;5865412;-3942.093994
404974.4375;5865412;-3940.944336
405034.75;5865412;-3939.85376
405095.0313;5865412;-3938.822998
405155.3438;5865412;-3937.869385
405215.6563;5865412;-3937.001953
405275.9375;5865412;-3936.209473
405336.25;5865412;-3935.48999
405396.5625;5865412;-3934.848389
405456.8438;5865412;-3934.2854
405517.1563;5865412;-3933.793213
405577.4375;5865412;-3933.374023
405637.75;5865412;-3933.037842
405698.0625;5865412;-3932.773926
405758.3438;5865412;-3932.567627
405818.6563;5865412;-3932.417725
405878.9688;5865412;-3932.332764
405939.25;5865412;-3932.311523
405999.5625;5865412;-3932.3396
406059.8438;5865412;-3932.411133
406120.1563;5865412;-3932.533203
406180.4688;5865412;-3932.705322
406240.75;5865412;-3932.916504
406301.0625;5865412;-3933.165527
406361.375;5865412;-3933.456543
406421.6563;5865412;-3933.784912
406481.9688;5865412;-3934.146729
406542.25;5865412;-3934.544189
406602.5625;5865412;-3934.980957
406662.875;5865412;-3935.448242
406723.1563;5865412;-3935.938721
406783.4688;5865412;-3936.451904
406843.7813;5865412;-3936.991211
406904.0625;5865412;-3937.552246
406964.375;5865412;-3938.129395
407024.6563;5865412;-3938.721924
407084.9688;5865412;-3939.330078
407145.2813;5865412;-3939.950195
407205.5625;5865412;-3940.581787
407265.875;5865412;-3941.222656
407326.1875;5865412;-3941.871826
407386.4688;5865412;-3942.52832
407446.7813;5865412;-3943.188232
407507.0625;5865412;-3943.85083
407567.375;5865412;-3944.514893
407627.6875;5865412;-3945.177979
407687.9688;5865412;-3945.838623
407748.2813;5865412;-3946.496094
407808.5938;5865412;-3947.147461
407868.875;5865412;-3947.790283
407929.1875;5865412;-3948.42627
407989.4688;5865412;-3949.053955
408049.7813;5865412;-3949.669678
408110.0938;5865412;-3950.272705
408170.375;5865412;-3950.861572
408230.6875;5865412;-3951.435059
408291;5865412;-3951.990479
408351.2813;5865412;-3952.530273
408411.5938;5865412;-3953.054932
408471.875;5865412;-3953.560791
408532.1875;5865412;-3954.041504
408592.5;5865412;-3954.500732
408652.7813;5865412;-3954.941162
408713.0938;5865412;-3955.361084
408773.4063;5865412;-3955.754639
408833.6875;5865412;-3956.123047
408894;5865412;-3956.469727
408954.2813;5865412;-3956.794678
409014.5938;5865412;-3957.093018
409074.9063;5865412;-3957.368408
409135.1875;5865412;-3957.62207
409195.5;5865412;-3957.851807
409255.8125;5865412;-3958.057861
409316.0938;5865412;-3958.246826
409376.4063;5865412;-3958.423096
