401356.4063;5859412;-3991.190918
401416.6875;5859412;-3991.191162
401477;5859412;-3991.198486
401537.3125;5859412;-3991.223389
401597.5938;5859412;-3991.296387
401657.9063;5859412;-3991.446777
401718.2188;5859412;-3991.694336
401778.5;5859412;-3992.074951
401838.8125;5859412;-3992.653809
401899.0938;5859412;-3993.439941
401959.4063;5859412;-3994.450684
402019.7188;5859412;-3995.737061
402080;5859412;-3997.331543
402140.3125;5859412;-3999.147949
402200.625;5859412;-4001.146973
402260.9063;5859412;-4003.320557
402321.2188;5859412;-4005.624268
402381.5;5859412;-4007.967041
402441.8125;5859412;-4010.302002
402502.125;5859412;-4012.587158
402562.4063;5859412;-4014.772705
402622.7188;5859412;-4016.853271
402683.0313;5859412;-4018.830566
402743.3125;5859412;-4020.697754
402803.625;5859412;-4022.454102
402863.9063;5859412;-4024.120605
402924.2188;5859412;-4025.703857
402984.5313;5859412;-4027.192871
403044.8125;5859412;-4028.593506
403105.125;5859412;-4029.935059
403165.4375;5859412;-4031.225342
403225.7188;5859412;-4032.466064
403286.0313;5859412;-4033.663574
403346.3125;5859412;-4034.831543
403406.625;5859412;-4035.977783
403466.9375;5859412;-4037.110107
403527.2188;5859412;-4038.227295
403587.5313;5859412;-4039.334473
403647.8438;5859412;-4040.439697
403708.125;5859412;-4041.539307
403768.4375;5859412;-4042.633301
403828.7188;5859412;-4043.727539
403889.0313;5859412;-4044.817383
403949.3438;5859412;-4045.901367
404009.625;5859412;-4046.979248
404069.9375;5859412;-4048.050537
404130.25;5859412;-4049.113281
404190.5313;5859412;-4050.167236
404250.8438;5859412;-4051.209473
404311.125;5859412;-4052.240479
404371.4375;5859412;-4053.262451
404431.75;5859412;-4054.275391
404492.0313;5859412;-4055.281006
404552.3438;5859412;-4056.281006
404612.625;5859412;-4057.276611
404672.9375;5859412;-4058.270264
404733.25;5859412;-4059.261719
404793.5313;5859412;-4060.252197
404853.8438;5859412;-4061.243652
404914.1563;5859412;-4062.238037
404974.4375;5859412;-4063.233887
405034.75;5859412;-4064.233643
405095.0313;5859412;-4065.236572
405155.3438;5859412;-4069.919434
405215.6563;5859412;-4070.891113
405275.9375;5859412;-4071.865234
405336.25;5859412;-4072.815918
405396.5625;5859412;-4073.769775
405456.8438;5859412;-4074.727539
405517.1563;5859412;-4075.665039
405577.4375;5859412;-4076.604492
405637.75;5859412;-4077.546143
405698.0625;5859412;-4078.472412
405758.3438;5859412;-4079.397461
405818.6563;5859412;-4080.324219
405878.9688;5859412;-4081.234375
405939.25;5859412;-4082.141357
405999.5625;5859412;-4083.050781
406059.8438;5859412;-4083.93335
406120.1563;5859412;-4083.373779
406180.4688;5859412;-4084.304199
406240.75;5859412;-4085.243896
406301.0625;5859412;-4086.194336
406361.375;5859412;-4087.156738
406421.6563;5859412;-4088.137207
406481.9688;5859412;-4089.136475
406542.25;5859412;-4090.153564
406602.5625;5859412;-4091.196533
406662.875;5859412;-4092.262695
406723.1563;5859412;-4093.342773
406783.4688;5859412;-4094.436768
406843.7813;5859412;-4095.54541
406904.0625;5859412;-4096.657227
406964.375;5859412;-4097.768066
407024.6563;5859412;-4098.876953
407084.9688;5859412;-4099.971191
407145.2813;5859412;-4101.044434
407205.5625;5859412;-4102.09668
407265.875;5859412;-4103.115234
407326.1875;5859412;-4104.083984
407386.4688;5859412;-4104.989258
407446.7813;5859412;-4105.810059
407507.0625;5859412;-4106.506348
407567.375;5859412;-4107.020508
407627.6875;5859412;-4107.376953
407687.9688;5859412;-4107.651367
407748.2813;5859412;-4107.988281
407808.5938;5859412;-4108.740723
407868.875;5859412;-4110.353027
407929.1875;5859412;-4113.130859
407989.4688;5859412;-4117.470703
408049.7813;5859412;-4123.906738
408110.0938;5859412;-4131.59668
408170.375;5859412;-4137.617676
408230.6875;5859412;-4140.355469
408291;5859412;-4140.567871
408351.2813;5859412;-4139.414063
408411.5938;5859412;-4137.430664
408471.875;5859412;-4134.870117
408532.1875;5859412;-4131.998047
408592.5;5859412;-4129.156738
408652.7813;5859412;-4126.503906
408713.0938;5859412;-4124.120605
408773.4063;5859412;-4122.076172
408833.6875;5859412;-4120.289063
408894;5859412;-4118.682129
408954.2813;5859412;-4117.208008
409014.5938;5859412;-4115.838867
409074.9063;5859412;-4114.544922
409135.1875;5859412;-4113.308594
409195.5;5859412;-4112.134766
409255.8125;5859412;-4111.035156
409316.0938;5859412;-4120.30127
409376.4063;5859412;-4119.365234
401356.4063;5859472.5;-3991.61499
401416.6875;5859472.5;-3991.557861
401477;5859472.5;-3991.505371
401537.3125;5859472.5;-3991.46582
401597.5938;5859472.5;-3991.467285
401657.9063;5859472.5;-3991.540527
401718.2188;5859472.5;-3991.708496
401778.5;5859472.5;-3992.009277
401838.8125;5859472.5;-3992.521729
401899.0938;5859472.5;-3993.257813
401959.4063;5859472.5;-3994.241943
402019.7188;5859472.5;-3995.536133
402080;5859472.5;-3997.181641
402140.3125;5859472.5;-3999.069824
402200.625;5859472.5;-4001.156982
402260.9063;5859472.5;-4003.429932
402321.2188;5859472.5;-4005.827881
402381.5;5859472.5;-4008.242676
402441.8125;5859472.5;-4010.624756
402502.125;5859472.5;-4012.930176
402562.4063;5859472.5;-4015.102295
402622.7188;5859472.5;-4017.146729
402683.0313;5859472.5;-4019.071289
402743.3125;5859472.5;-4020.875244
402803.625;5859472.5;-4022.564941
402863.9063;5859472.5;-4024.169678
402924.2188;5859472.5;-4025.696289
402984.5313;5859472.5;-4027.136719
403044.8125;5859472.5;-4028.496826
403105.125;5859472.5;-4029.806396
403165.4375;5859472.5;-4031.072266
403225.7188;5859472.5;-4032.293945
403286.0313;5859472.5;-4033.477051
403346.3125;5859472.5;-4034.63501
403406.625;5859472.5;-4035.77417
403466.9375;5859472.5;-4036.902344
403527.2188;5859472.5;-4038.018311
403587.5313;5859472.5;-4039.127441
403647.8438;5859472.5;-4040.237061
403708.125;5859472.5;-4041.343506
403768.4375;5859472.5;-4042.447998
403828.7188;5859472.5;-4043.553223
403889.0313;5859472.5;-4044.65625
403949.3438;5859472.5;-4045.753906
404009.625;5859472.5;-4046.845459
404069.9375;5859472.5;-4047.930908
404130.25;5859472.5;-4049.008301
404190.5313;5859472.5;-4050.074707
404250.8438;5859472.5;-4051.128662
404311.125;5859472.5;-4052.170166
404371.4375;5859472.5;-4053.200684
404431.75;5859472.5;-4054.221436
404492.0313;5859472.5;-4055.232666
404552.3438;5859472.5;-4056.237061
404612.625;5859472.5;-4057.235596
404672.9375;5859472.5;-4058.231201
404733.25;5859472.5;-4059.223145
404793.5313;5859472.5;-4060.213379
404853.8438;5859472.5;-4061.203857
404914.1563;5859472.5;-4062.195557
404974.4375;5859472.5;-4063.189209
405034.75;5859472.5;-4064.184814
405095.0313;5859472.5;-4068.891846
405155.3438;5859472.5;-4069.851318
405215.6563;5859472.5;-4070.814209
405275.9375;5859472.5;-4071.77832
405336.25;5859472.5;-4072.720459
405396.5625;5859472.5;-4073.664551
405456.8438;5859472.5;-4074.612305
405517.1563;5859472.5;-4075.54126
405577.4375;5859472.5;-4076.471191
405637.75;5859472.5;-4077.404053
405698.0625;5859472.5;-4078.323242
405758.3438;5859472.5;-4079.241699
405818.6563;5859472.5;-4080.162354
405878.9688;5859472.5;-4081.071045
405939.25;5859472.5;-4081.978271
405999.5625;5859472.5;-4082.88916
406059.8438;5859472.5;-4082.125244
406120.1563;5859472.5;-4083.047119
406180.4688;5859472.5;-4083.978027
406240.75;5859472.5;-4084.921143
406301.0625;5859472.5;-4085.87793
406361.375;5859472.5;-4086.850098
406421.6563;5859472.5;-4087.843262
406481.9688;5859472.5;-4088.858154
406542.25;5859472.5;-4089.893311
406602.5625;5859472.5;-4090.955811
406662.875;5859472.5;-4092.043701
406723.1563;5859472.5;-4093.144043
406783.4688;5859472.5;-4094.25708
406843.7813;5859472.5;-4095.382813
406904.0625;5859472.5;-4096.505859
406964.375;5859472.5;-4097.62207
407024.6563;5859472.5;-4098.730469
407084.9688;5859472.5;-4099.81543
407145.2813;5859472.5;-4100.868652
407205.5625;5859472.5;-4101.88916
407265.875;5859472.5;-4102.864258
407326.1875;5859472.5;-4103.771973
407386.4688;5859472.5;-4104.605469
407446.7813;5859472.5;-4105.342773
407507.0625;5859472.5;-4105.947266
407567.375;5859472.5;-4106.341309
407627.6875;5859472.5;-4106.536621
407687.9688;5859472.5;-4106.583496
407748.2813;5859472.5;-4106.554199
407808.5938;5859472.5;-4106.697266
407868.875;5859472.5;-4107.45166
407929.1875;5859472.5;-4109.186035
407989.4688;5859472.5;-4112.522461
408049.7813;5859472.5;-4118.878418
408110.0938;5859472.5;-4128.066895
408170.375;5859472.5;-4135.473633
408230.6875;5859472.5;-4138.757324
408291;5859472.5;-4139.120117
408351.2813;5859472.5;-4137.919434
408411.5938;5859472.5;-4135.800781
408471.875;5859472.5;-4133.100098
408532.1875;5859472.5;-4130.175293
408592.5;5859472.5;-4127.386719
408652.7813;5859472.5;-4124.838379
408713.0938;5859472.5;-4122.577148
408773.4063;5859472.5;-4120.658691
408833.6875;5859472.5;-4118.983398
408894;5859472.5;-4117.474121
408954.2813;5859472.5;-4116.083008
409014.5938;5859472.5;-4114.784668
409074.9063;5859472.5;-4113.554199
409135.1875;5859472.5;-4112.375
409195.5;5859472.5;-4111.254883
409255.8125;5859472.5;-4120.436035
409316.0938;5859472.5;-4119.507324
409376.4063;5859472.5;-4118.62207
401356.4063;5859533.5;-3992.034424
401416.6875;5859533.5;-3991.914063
401477;5859533.5;-3991.793457
401537.3125;5859533.5;-3991.678223
401597.5938;5859533.5;-3991.591309
401657.9063;5859533.5;-3991.566406
401718.2188;5859533.5;-3991.629639
401778.5;5859533.5;-3991.825439
401838.8125;5859533.5;-3992.246826
401899.0938;5859533.5;-3992.915283
401959.4063;5859533.5;-3993.86499
402019.7188;5859533.5;-3995.171387
402080;5859533.5;-3996.883057
402140.3125;5859533.5;-3998.869629
402200.625;5859533.5;-4001.079346
402260.9063;5859533.5;-4003.489746
402321.2188;5859533.5;-4006.016846
402381.5;5859533.5;-4008.5354
402441.8125;5859533.5;-4010.991943
402502.125;5859533.5;-4013.336182
402562.4063;5859533.5;-4015.505615
402622.7188;5859533.5;-4017.51709
402683.0313;5859533.5;-4019.386719
402743.3125;5859533.5;-4021.121338
402803.625;5859533.5;-4022.738037
402863.9063;5859533.5;-4024.273193
402924.2188;5859533.5;-4025.734619
402984.5313;5859533.5;-4027.118408
403044.8125;5859533.5;-4028.431885
403105.125;5859533.5;-4029.703613
403165.4375;5859533.5;-4030.938477
403225.7188;5859533.5;-4032.135254
403286.0313;5859533.5;-4033.300293
403346.3125;5859533.5;-4034.443848
403406.625;5859533.5;-4035.57251
403466.9375;5859533.5;-4036.693604
403527.2188;5859533.5;-4037.806396
403587.5313;5859533.5;-4038.915771
403647.8438;5859533.5;-4040.029053
403708.125;5859533.5;-4041.142578
403768.4375;5859533.5;-4042.256592
403828.7188;5859533.5;-4043.374512
403889.0313;5859533.5;-4044.491211
403949.3438;5859533.5;-4045.602783
404009.625;5859533.5;-4046.709961
404069.9375;5859533.5;-4047.810303
404130.25;5859533.5;-4048.902344
404190.5313;5859533.5;-4049.982666
404250.8438;5859533.5;-4051.048584
404311.125;5859533.5;-4052.100098
404371.4375;5859533.5;-4053.139893
404431.75;5859533.5;-4054.167236
404492.0313;5859533.5;-4055.183838
404552.3438;5859533.5;-4056.192383
404612.625;5859533.5;-4057.193604
404672.9375;5859533.5;-4058.189941
404733.25;5859533.5;-4059.182129
404793.5313;5859533.5;-4060.171631
404853.8438;5859533.5;-4061.1604
404914.1563;5859533.5;-4062.149658
404974.4375;5859533.5;-4063.140137
405034.75;5859533.5;-4067.856201
405095.0313;5859533.5;-4068.828125
405155.3438;5859533.5;-4069.778564
405215.6563;5859533.5;-4070.731934
405275.9375;5859533.5;-4071.686279
405336.25;5859533.5;-4072.619141
405396.5625;5859533.5;-4073.553955
405456.8438;5859533.5;-4074.490967
405517.1563;5859533.5;-4075.410645
405577.4375;5859533.5;-4076.331787
405637.75;5859533.5;-4077.255371
405698.0625;5859533.5;-4078.167725
405758.3438;5859533.5;-4079.079346
405818.6563;5859533.5;-4079.993164
405878.9688;5859533.5;-4080.899658
405939.25;5859533.5;-4081.806885
405999.5625;5859533.5;-4082.718506
406059.8438;5859533.5;-4081.791992
406120.1563;5859533.5;-4082.710938
406180.4688;5859533.5;-4083.641357
406240.75;5859533.5;-4084.587402
406301.0625;5859533.5;-4085.549805
406361.375;5859533.5;-4086.531494
406421.6563;5859533.5;-4087.537598
406481.9688;5859533.5;-4088.568115
406542.25;5859533.5;-4089.621582
406602.5625;5859533.5;-4090.705811
406662.875;5859533.5;-4091.81665
406723.1563;5859533.5;-4092.939941
406783.4688;5859533.5;-4094.075195
406843.7813;5859533.5;-4095.219727
406904.0625;5859533.5;-4096.356934
406964.375;5859533.5;-4097.481934
407024.6563;5859533.5;-4098.593262
407084.9688;5859533.5;-4099.67334
407145.2813;5859533.5;-4100.710938
407205.5625;5859533.5;-4101.706543
407265.875;5859533.5;-4102.645996
407326.1875;5859533.5;-4103.504883
407386.4688;5859533.5;-4104.276855
407446.7813;5859533.5;-4104.941895
407507.0625;5859533.5;-4105.457031
407567.375;5859533.5;-4105.727539
407627.6875;5859533.5;-4105.746094
407687.9688;5859533.5;-4105.538574
407748.2813;5859533.5;-4105.121094
407808.5938;5859533.5;-4104.61377
407868.875;5859533.5;-4104.430176
407929.1875;5859533.5;-4104.990234
407989.4688;5859533.5;-4106.952148
408049.7813;5859533.5;-4111.928711
408110.0938;5859533.5;-4120.805176
408170.375;5859533.5;-4129.200684
408230.6875;5859533.5;-4134.044922
408291;5859533.5;-4135.6875
408351.2813;5859533.5;-4135.251465
408411.5938;5859533.5;-4133.510254
408471.875;5859533.5;-4130.959473
408532.1875;5859533.5;-4128.118164
408592.5;5859533.5;-4125.431641
408652.7813;5859533.5;-4123.009277
408713.0938;5859533.5;-4120.887695
408773.4063;5859533.5;-4119.107422
408833.6875;5859533.5;-4117.558594
408894;5859533.5;-4116.161621
408954.2813;5859533.5;-4114.868652
409014.5938;5859533.5;-4113.65332
409074.9063;5859533.5;-4112.493164
409135.1875;5859533.5;-4111.380371
409195.5;5859533.5;-4110.319824
409255.8125;5859533.5;-4119.543457
409316.0938;5859533.5;-4118.667969
409376.4063;5859533.5;-4117.840332
401356.4063;5859594;-3992.449951
401416.6875;5859594;-3992.26123
401477;5859594;-3992.064941
401537.3125;5859594;-3991.864014
401597.5938;5859594;-3991.673584
401657.9063;5859594;-3991.52832
401718.2188;5859594;-3991.458496
401778.5;5859594;-3991.517334
401838.8125;5859594;-3991.818604
401899.0938;5859594;-3992.399414
401959.4063;5859594;-3993.306396
402019.7188;5859594;-3994.630859
402080;5859594;-3996.43042
402140.3125;5859594;-3998.550293
402200.625;5859594;-4000.925049
402260.9063;5859594;-4003.519531
402321.2188;5859594;-4006.216064
402381.5;5859594;-4008.871094
402441.8125;5859594;-4011.426758
402502.125;5859594;-4013.825684
402562.4063;5859594;-4015.998291
402622.7188;5859594;-4017.976074
402683.0313;5859594;-4019.785645
402743.3125;5859594;-4021.443115
402803.625;5859594;-4022.976074
402863.9063;5859594;-4024.429199
402924.2188;5859594;-4025.81543
402984.5313;5859594;-4027.132813
403044.8125;5859594;-4028.392578
403105.125;5859594;-4029.618896
403165.4375;5859594;-4030.815918
403225.7188;5859594;-4031.983398
403286.0313;5859594;-4033.125488
403346.3125;5859594;-4034.251221
403406.625;5859594;-4035.365723
403466.9375;5859594;-4036.477051
403527.2188;5859594;-4037.585205
403587.5313;5859594;-4038.694092
403647.8438;5859594;-4039.810059
403708.125;5859594;-4040.930664
403768.4375;5859594;-4042.05542
403828.7188;5859594;-4043.185303
403889.0313;5859594;-4044.316406
403949.3438;5859594;-4045.444336
404009.625;5859594;-4046.567871
404069.9375;5859594;-4047.684326
404130.25;5859594;-4048.791504
404190.5313;5859594;-4049.886475
404250.8438;5859594;-4050.9646
404311.125;5859594;-4052.026855
404371.4375;5859594;-4053.075195
404431.75;5859594;-4054.110352
404492.0313;5859594;-4055.13208
404552.3438;5859594;-4056.143799
404612.625;5859594;-4057.147461
404672.9375;5859594;-4058.144287
404733.25;5859594;-4059.135986
404793.5313;5859594;-4060.123779
404853.8438;5859594;-4061.11084
404914.1563;5859594;-4062.097412
404974.4375;5859594;-4063.084229
405034.75;5859594;-4067.794434
405095.0313;5859594;-4068.756836
405155.3438;5859594;-4069.698242
405215.6563;5859594;-4070.641602
405275.9375;5859594;-4071.586426
405336.25;5859594;-4072.509277
405396.5625;5859594;-4073.434326
405456.8438;5859594;-4074.361328
405517.1563;5859594;-4075.271973
405577.4375;5859594;-4076.182861
405637.75;5859594;-4077.097168
405698.0625;5859594;-4078.001465
405758.3438;5859594;-4078.90625
405818.6563;5859594;-4079.812988
405878.9688;5859594;-4080.717041
405939.25;5859594;-4081.623779
405999.5625;5859594;-4080.541992
406059.8438;5859594;-4081.445801
406120.1563;5859594;-4082.361328
406180.4688;5859594;-4083.29126
406240.75;5859594;-4084.239746
406301.0625;5859594;-4085.208496
406361.375;5859594;-4086.198975
406421.6563;5859594;-4087.218018
406481.9688;5859594;-4088.265137
406542.25;5859594;-4089.337402
406602.5625;5859594;-4090.445068
406662.875;5859594;-4091.580811
406723.1563;5859594;-4092.729248
406783.4688;5859594;-4093.889404
406843.7813;5859594;-4095.055664
406904.0625;5859594;-4096.209473
406964.375;5859594;-4097.34668
407024.6563;5859594;-4098.463867
407084.9688;5859594;-4099.541992
407145.2813;5859594;-4100.569824
407205.5625;5859594;-4101.547363
407265.875;5859594;-4102.458984
407326.1875;5859594;-4103.279785
407386.4688;5859594;-4104.005371
407446.7813;5859594;-4104.614746
407507.0625;5859594;-4105.058105
407567.375;5859594;-4105.228027
407627.6875;5859594;-4105.100586
407687.9688;5859594;-4104.680176
407748.2813;5859594;-4103.937012
407808.5938;5859594;-4102.869629
407868.875;5859594;-4101.819336
407929.1875;5859594;-4101.186523
407989.4688;5859594;-4101.364746
408049.7813;5859594;-4103.635742
408110.0938;5859594;-4110.32373
408170.375;5859594;-4119.177734
408230.6875;5859594;-4126.370605
408291;5859594;-4130.114258
408351.2813;5859594;-4131.059082
408411.5938;5859594;-4130.200684
408471.875;5859594;-4128.179199
408532.1875;5859594;-4125.648926
408592.5;5859594;-4123.194336
408652.7813;5859594;-4120.977539
408713.0938;5859594;-4119.042969
408773.4063;5859594;-4117.426758
408833.6875;5859594;-4116.021484
408894;5859594;-4114.749512
408954.2813;5859594;-4113.564941
409014.5938;5859594;-4112.439453
409074.9063;5859594;-4111.360352
409135.1875;5859594;-4110.318848
409195.5;5859594;-4119.463867
409255.8125;5859594;-4118.592773
409316.0938;5859594;-4117.774902
409376.4063;5859594;-4117.005371
401356.4063;5859654.5;-3992.871094
401416.6875;5859654.5;-3992.609863
401477;5859654.5;-3992.332275
401537.3125;5859654.5;-3992.036133
401597.5938;5859654.5;-3991.727295
401657.9063;5859654.5;-3991.43335
401718.2188;5859654.5;-3991.19043
401778.5;5859654.5;-3991.06665
401838.8125;5859654.5;-3991.206055
401899.0938;5859654.5;-3991.672119
401959.4063;5859654.5;-3992.526367
402019.7188;5859654.5;-3993.881348
402080;5859654.5;-3995.80835
402140.3125;5859654.5;-3998.119629
402200.625;5859654.5;-4000.729248
402260.9063;5859654.5;-4003.578369
402321.2188;5859654.5;-4006.499512
402381.5;5859654.5;-4009.330811
402441.8125;5859654.5;-4012.01001
402502.125;5859654.5;-4014.472656
402562.4063;5859654.5;-4016.645264
402622.7188;5859654.5;-4018.579346
402683.0313;5859654.5;-4020.313965
402743.3125;5859654.5;-4021.875244
402803.625;5859654.5;-4023.305664
402863.9063;5859654.5;-4024.658936
402924.2188;5859654.5;-4025.952393
402984.5313;5859654.5;-4027.189697
403044.8125;5859654.5;-4028.383545
403105.125;5859654.5;-4029.55542
403165.4375;5859654.5;-4030.706055
403225.7188;5859654.5;-4031.836182
403286.0313;5859654.5;-4032.950195
403346.3125;5859654.5;-4034.052979
403406.625;5859654.5;-4035.149414
403466.9375;5859654.5;-4036.247559
403527.2188;5859654.5;-4037.348389
403587.5313;5859654.5;-4038.45459
403647.8438;5859654.5;-4039.573486
403708.125;5859654.5;-4040.701416
403768.4375;5859654.5;-4041.836914
403828.7188;5859654.5;-4042.981201
403889.0313;5859654.5;-4044.12793
403949.3438;5859654.5;-4045.272461
404009.625;5859654.5;-4046.41333
404069.9375;5859654.5;-4047.546875
404130.25;5859654.5;-4048.670166
404190.5313;5859654.5;-4049.780273
404250.8438;5859654.5;-4050.87085
404311.125;5859654.5;-4051.944092
404371.4375;5859654.5;-4053.001709
404431.75;5859654.5;-4054.043457
404492.0313;5859654.5;-4055.070313
404552.3438;5859654.5;-4056.085693
404612.625;5859654.5;-4057.091309
404672.9375;5859654.5;-4058.0896
404733.25;5859654.5;-4059.081299
404793.5313;5859654.5;-4060.068604
404853.8438;5859654.5;-4061.053711
404914.1563;5859654.5;-4062.037598
404974.4375;5859654.5;-4066.782227
405034.75;5859654.5;-4067.737305
405095.0313;5859654.5;-4068.689453
405155.3438;5859654.5;-4069.620605
405215.6563;5859654.5;-4070.553711
405275.9375;5859654.5;-4071.487305
405336.25;5859654.5;-4072.400879
405396.5625;5859654.5;-4073.315918
405456.8438;5859654.5;-4074.232666
405517.1563;5859654.5;-4075.136963
405577.4375;5859654.5;-4076.041504
405637.75;5859654.5;-4076.948486
405698.0625;5859654.5;-4077.855957
405758.3438;5859654.5;-4078.765137
405818.6563;5859654.5;-4079.676758
405878.9688;5859654.5;-4080.602539
405939.25;5859654.5;-4079.268311
405999.5625;5859654.5;-4080.152588
406059.8438;5859654.5;-4081.049805
406120.1563;5859654.5;-4081.96167
406180.4688;5859654.5;-4082.890381
406240.75;5859654.5;-4083.841797
406301.0625;5859654.5;-4084.815918
406361.375;5859654.5;-4085.816162
406421.6563;5859654.5;-4086.848877
406481.9688;5859654.5;-4087.913818
406542.25;5859654.5;-4089.007324
406602.5625;5859654.5;-4090.13916
406662.875;5859654.5;-4091.30249
406723.1563;5859654.5;-4092.478516
406783.4688;5859654.5;-4093.665039
406843.7813;5859654.5;-4094.856201
406904.0625;5859654.5;-4096.029297
406964.375;5859654.5;-4097.180176
407024.6563;5859654.5;-4098.306641
407084.9688;5859654.5;-4099.38623
407145.2813;5859654.5;-4100.409668
407205.5625;5859654.5;-4101.378418
407265.875;5859654.5;-4102.276367
407326.1875;5859654.5;-4103.079102
407386.4688;5859654.5;-4103.783691
407446.7813;5859654.5;-4104.370117
407507.0625;5859654.5;-4104.788574
407567.375;5859654.5;-4104.928223
407627.6875;5859654.5;-4104.755371
407687.9688;5859654.5;-4104.269531
407748.2813;5859654.5;-4103.416016
407808.5938;5859654.5;-4102.115723
407868.875;5859654.5;-4100.616699
407929.1875;5859654.5;-4099.287109
407989.4688;5859654.5;-4098.487793
408049.7813;5859654.5;-4099.354492
408110.0938;5859654.5;-4104.226074
408170.375;5859654.5;-4112.090332
408230.6875;5859654.5;-4119.599609
408291;5859654.5;-4124.175781
408351.2813;5859654.5;-4126.038574
408411.5938;5859654.5;-4126.015625
408471.875;5859654.5;-4124.669922
408532.1875;5859654.5;-4122.645996
408592.5;5859654.5;-4120.584473
408652.7813;5859654.5;-4118.688477
408713.0938;5859654.5;-4117.015625
408773.4063;5859654.5;-4115.603516
408833.6875;5859654.5;-4114.364258
408894;5859654.5;-4113.230469
408954.2813;5859654.5;-4112.161621
409014.5938;5859654.5;-4111.134277
409074.9063;5859654.5;-4110.139648
409135.1875;5859654.5;-4119.233398
409195.5;5859654.5;-4118.366211
409255.8125;5859654.5;-4117.555176
409316.0938;5859654.5;-4116.795898
409376.4063;5859654.5;-4116.087402
401356.4063;5859715;-3993.301514
401416.6875;5859715;-3992.969238
401477;5859715;-3992.608154
401537.3125;5859715;-3992.214844
401597.5938;5859715;-3991.784912
401657.9063;5859715;-3991.32373
401718.2188;5859715;-3990.871826
401778.5;5859715;-3990.526611
401838.8125;5859715;-3990.468018
401899.0938;5859715;-3990.795166
401959.4063;5859715;-3991.591309
402019.7188;5859715;-3992.994385
402080;5859715;-3995.09082
402140.3125;5859715;-3997.65332
402200.625;5859715;-4000.56958
402260.9063;5859715;-4003.745361
402321.2188;5859715;-4006.94043
402381.5;5859715;-4009.973145
402441.8125;5859715;-4012.783447
402502.125;5859715;-4015.302246
402562.4063;5859715;-4017.457275
402622.7188;5859715;-4019.325928
402683.0313;5859715;-4020.962891
402743.3125;5859715;-4022.407227
402803.625;5859715;-4023.714355
402863.9063;5859715;-4024.949707
402924.2188;5859715;-4026.134766
402984.5313;5859715;-4027.278564
403044.8125;5859715;-4028.396973
403105.125;5859715;-4029.505127
403165.4375;5859715;-4030.602783
403225.7188;5859715;-4031.69043
403286.0313;5859715;-4032.77124
403346.3125;5859715;-4033.847168
403406.625;5859715;-4034.921875
403466.9375;5859715;-4036.004395
403527.2188;5859715;-4037.095947
403587.5313;5859715;-4038.199219
403647.8438;5859715;-4039.321045
403708.125;5859715;-4040.45752
403768.4375;5859715;-4041.605469
403828.7188;5859715;-4042.764648
403889.0313;5859715;-4043.927979
403949.3438;5859715;-4045.09082
404009.625;5859715;-4046.249512
404069.9375;5859715;-4047.400879
404130.25;5859715;-4048.540527
404190.5313;5859715;-4049.665527
404250.8438;5859715;-4050.768555
404311.125;5859715;-4051.853027
404371.4375;5859715;-4052.919434
404431.75;5859715;-4053.967529
404492.0313;5859715;-4054.999268
404552.3438;5859715;-4056.018311
404612.625;5859715;-4057.026367
404672.9375;5859715;-4058.025391
404733.25;5859715;-4059.01709
404793.5313;5859715;-4060.003174
404853.8438;5859715;-4060.986816
404914.1563;5859715;-4061.968506
404974.4375;5859715;-4066.726807
405034.75;5859715;-4067.671387
405095.0313;5859715;-4068.613037
405155.3438;5859715;-4069.533447
405215.6563;5859715;-4070.455811
405275.9375;5859715;-4071.37793
405336.25;5859715;-4072.282227
405396.5625;5859715;-4073.187256
405456.8438;5859715;-4074.093018
405517.1563;5859715;-4074.990479
405577.4375;5859715;-4075.888184
405637.75;5859715;-4076.787842
405698.0625;5859715;-4077.699707
405758.3438;5859715;-4078.614014
405818.6563;5859715;-4079.530518
405878.9688;5859715;-4078.003418
405939.25;5859715;-4078.868408
405999.5625;5859715;-4079.742188
406059.8438;5859715;-4080.632568
406120.1563;5859715;-4081.541016
406180.4688;5859715;-4082.46875
406240.75;5859715;-4083.422119
406301.0625;5859715;-4084.403076
406361.375;5859715;-4085.413574
406421.6563;5859715;-4086.460693
406481.9688;5859715;-4087.544189
406542.25;5859715;-4088.659912
406602.5625;5859715;-4089.818359
406662.875;5859715;-4091.01001
406723.1563;5859715;-4092.2146
406783.4688;5859715;-4093.429199
406843.7813;5859715;-4094.645752
406904.0625;5859715;-4095.838379
406964.375;5859715;-4097.003418
407024.6563;5859715;-4098.13916
407084.9688;5859715;-4099.222656
407145.2813;5859715;-4100.244629
407205.5625;5859715;-4101.209961
407265.875;5859715;-4102.103027
407326.1875;5859715;-4102.903809
407386.4688;5859715;-4103.611816
407446.7813;5859715;-4104.208496
407507.0625;5859715;-4104.648926
407567.375;5859715;-4104.826172
407627.6875;5859715;-4104.710938
407687.9688;5859715;-4104.307617
407748.2813;5859715;-4103.568848
407808.5938;5859715;-4102.376953
407868.875;5859715;-4100.884766
407929.1875;5859715;-4099.424316
407989.4688;5859715;-4098.503906
408049.7813;5859715;-4099.262207
408110.0938;5859715;-4102.918457
408170.375;5859715;-4108.774902
408230.6875;5859715;-4114.966309
408291;5859715;-4119.239258
408351.2813;5859715;-4121.34668
408411.5938;5859715;-4121.793457
408471.875;5859715;-4120.994141
408532.1875;5859715;-4119.476074
408592.5;5859715;-4117.840332
408652.7813;5859715;-4116.296875
408713.0938;5859715;-4114.908691
408773.4063;5859715;-4113.713867
408833.6875;5859715;-4112.64502
408894;5859715;-4111.650879
408954.2813;5859715;-4110.696289
409014.5938;5859715;-4109.76416
409074.9063;5859715;-4118.840332
409135.1875;5859715;-4118.004883
409195.5;5859715;-4117.202148
409255.8125;5859715;-4116.45166
409316.0938;5859715;-4115.750977
409376.4063;5859715;-4115.100098
401356.4063;5859775.5;-3993.748047
401416.6875;5859775.5;-3993.347412
401477;5859775.5;-3992.904785
401537.3125;5859775.5;-3992.418945
401597.5938;5859775.5;-3991.869873
401657.9063;5859775.5;-3991.230469
401718.2188;5859775.5;-3990.545166
401778.5;5859775.5;-3989.951904
401838.8125;5859775.5;-3989.665771
401899.0938;5859775.5;-3989.837402
401959.4063;5859775.5;-3990.575684
402019.7188;5859775.5;-3992.046143
402080;5859775.5;-3994.346436
402140.3125;5859775.5;-3997.215332
402200.625;5859775.5;-4000.507324
402260.9063;5859775.5;-4004.081543
402321.2188;5859775.5;-4007.590332
402381.5;5859775.5;-4010.837402
402441.8125;5859775.5;-4013.770996
402502.125;5859775.5;-4016.325195
402562.4063;5859775.5;-4018.434082
402622.7188;5859775.5;-4020.209229
402683.0313;5859775.5;-4021.723389
402743.3125;5859775.5;-4023.026611
402803.625;5859775.5;-4024.191406
402863.9063;5859775.5;-4025.291748
402924.2188;5859775.5;-4026.354492
402984.5313;5859775.5;-4027.394531
403044.8125;5859775.5;-4028.429443
403105.125;5859775.5;-4029.467773
403165.4375;5859775.5;-4030.507324
403225.7188;5859775.5;-4031.547119
403286.0313;5859775.5;-4032.59082
403346.3125;5859775.5;-4033.636475
403406.625;5859775.5;-4034.686523
403466.9375;5859775.5;-4035.750244
403527.2188;5859775.5;-4036.831299
403587.5313;5859775.5;-4037.931396
403647.8438;5859775.5;-4039.056885
403708.125;5859775.5;-4040.202148
403768.4375;5859775.5;-4041.363525
403828.7188;5859775.5;-4042.539795
403889.0313;5859775.5;-4043.722168
403949.3438;5859775.5;-4044.903809
404009.625;5859775.5;-4046.081055
404069.9375;5859775.5;-4047.250488
404130.25;5859775.5;-4048.40625
404190.5313;5859775.5;-4049.545898
404250.8438;5859775.5;-4050.661621
404311.125;5859775.5;-4051.755371
404371.4375;5859775.5;-4052.82959
404431.75;5859775.5;-4053.884521
404492.0313;5859775.5;-4054.920654
404552.3438;5859775.5;-4055.942627
404612.625;5859775.5;-4056.952148
404672.9375;5859775.5;-4057.952148
404733.25;5859775.5;-4058.943115
404793.5313;5859775.5;-4059.928467
404853.8438;5859775.5;-4060.910156
404914.1563;5859775.5;-4065.727295
404974.4375;5859775.5;-4066.661865
405034.75;5859775.5;-4067.595703
405095.0313;5859775.5;-4068.526367
405155.3438;5859775.5;-4069.437012
405215.6563;5859775.5;-4070.348145
405275.9375;5859775.5;-4071.258545
405336.25;5859775.5;-4072.152832
405396.5625;5859775.5;-4073.047363
405456.8438;5859775.5;-4073.941895
405517.1563;5859775.5;-4074.832275
405577.4375;5859775.5;-4075.7229
405637.75;5859775.5;-4076.614746
405698.0625;5859775.5;-4077.529785
405758.3438;5859775.5;-4078.448975
405818.6563;5859775.5;-4079.369873
405878.9688;5859775.5;-4077.599854
405939.25;5859775.5;-4078.452881
405999.5625;5859775.5;-4079.316895
406059.8438;5859775.5;-4080.199707
406120.1563;5859775.5;-4081.10376
406180.4688;5859775.5;-4082.03125
406240.75;5859775.5;-4082.987549
406301.0625;5859775.5;-4083.975342
406361.375;5859775.5;-4084.996094
406421.6563;5859775.5;-4086.059082
406481.9688;5859775.5;-4087.161865
406542.25;5859775.5;-4088.300293
406602.5625;5859775.5;-4089.485596
406662.875;5859775.5;-4090.706787
406723.1563;5859775.5;-4091.940674
406783.4688;5859775.5;-4093.18335
406843.7813;5859775.5;-4094.425049
406904.0625;5859775.5;-4095.636719
406964.375;5859775.5;-4096.81543
407024.6563;5859775.5;-4097.960449
407084.9688;5859775.5;-4099.045898
407145.2813;5859775.5;-4100.066895
407205.5625;5859775.5;-4101.031738
407265.875;5859775.5;-4101.927246
407326.1875;5859775.5;-4102.736328
407386.4688;5859775.5;-4103.465332
407446.7813;5859775.5;-4104.098145
407507.0625;5859775.5;-4104.59375
407567.375;5859775.5;-4104.860352
407627.6875;5859775.5;-4104.878418
407687.9688;5859775.5;-4104.665039
407748.2813;5859775.5;-4104.192871
407808.5938;5859775.5;-4103.34375
407868.875;5859775.5;-4102.171875
407929.1875;5859775.5;-4100.899902
407989.4688;5859775.5;-4100.003418
408049.7813;5859775.5;-4100.589844
408110.0938;5859775.5;-4103.212891
408170.375;5859775.5;-4107.32373
408230.6875;5859775.5;-4111.945313
408291;5859775.5;-4115.383301
408351.2813;5859775.5;-4117.257813
408411.5938;5859775.5;-4117.850586
408471.875;5859775.5;-4117.421387
408532.1875;5859775.5;-4116.336914
408592.5;5859775.5;-4115.098633
408652.7813;5859775.5;-4113.895996
408713.0938;5859775.5;-4112.788086
408773.4063;5859775.5;-4111.804199
408833.6875;5859775.5;-4110.899414
408894;5859775.5;-4110.038086
408954.2813;5859775.5;-4109.191895
409014.5938;5859775.5;-4108.350098
409074.9063;5859775.5;-4117.491699
409135.1875;5859775.5;-4116.724121
409195.5;5859775.5;-4115.984375
409255.8125;5859775.5;-4115.292969
409316.0938;5859775.5;-4114.649414
409376.4063;5859775.5;-4114.053711
401356.4063;5859836.5;-3994.228271
401416.6875;5859836.5;-3993.764893
401477;5859836.5;-3993.24292
401537.3125;5859836.5;-3992.653809
401597.5938;5859836.5;-3991.964111
401657.9063;5859836.5;-3991.149414
401718.2188;5859836.5;-3990.256104
401778.5;5859836.5;-3989.42334
401838.8125;5859836.5;-3988.898926
401899.0938;5859836.5;-3988.898193
401959.4063;5859836.5;-3989.58252
402019.7188;5859836.5;-3991.140869
402080;5859836.5;-3993.663086
402140.3125;5859836.5;-3996.883545
402200.625;5859836.5;-4000.628906
402260.9063;5859836.5;-4004.69043
402321.2188;5859836.5;-4008.553711
402381.5;5859836.5;-4012.010498
402441.8125;5859836.5;-4015.0354
402502.125;5859836.5;-4017.580811
402562.4063;5859836.5;-4019.600098
402622.7188;5859836.5;-4021.242188
402683.0313;5859836.5;-4022.598633
402743.3125;5859836.5;-4023.734619
402803.625;5859836.5;-4024.736816
402863.9063;5859836.5;-4025.686768
402924.2188;5859836.5;-4026.614502
402984.5313;5859836.5;-4027.541992
403044.8125;5859836.5;-4028.486816
403105.125;5859836.5;-4029.449951
403165.4375;5859836.5;-4030.42627
403225.7188;5859836.5;-4031.414551
403286.0313;5859836.5;-4032.41626
403346.3125;5859836.5;-4033.427246
403406.625;5859836.5;-4034.44873
403466.9375;5859836.5;-4035.490967
403527.2188;5859836.5;-4036.55957
403587.5313;5859836.5;-4037.655029
403647.8438;5859836.5;-4038.782959
403708.125;5859836.5;-4039.937988
403768.4375;5859836.5;-4041.114746
403828.7188;5859836.5;-4042.30835
403889.0313;5859836.5;-4043.509277
403949.3438;5859836.5;-4044.709961
404009.625;5859836.5;-4045.905762
404069.9375;5859836.5;-4047.090576
404130.25;5859836.5;-4048.26123
404190.5313;5859836.5;-4049.413574
404250.8438;5859836.5;-4050.539795
404311.125;5859836.5;-4051.641846
404371.4375;5859836.5;-4052.723145
404431.75;5859836.5;-4053.783203
404492.0313;5859836.5;-4054.823486
404552.3438;5859836.5;-4055.848633
404612.625;5859836.5;-4056.86084
404672.9375;5859836.5;-4057.861328
404733.25;5859836.5;-4058.853027
404793.5313;5859836.5;-4059.838135
404853.8438;5859836.5;-4060.819336
404914.1563;5859836.5;-4065.686768
404974.4375;5859836.5;-4066.609863
405034.75;5859836.5;-4067.531738
405095.0313;5859836.5;-4068.450684
405155.3438;5859836.5;-4069.350586
405215.6563;5859836.5;-4070.249756
405275.9375;5859836.5;-4071.148438
405336.25;5859836.5;-4072.033691
405396.5625;5859836.5;-4072.918701
405456.8438;5859836.5;-4073.803223
405517.1563;5859836.5;-4074.690186
405577.4375;5859836.5;-4075.577393
405637.75;5859836.5;-4076.464844
405698.0625;5859836.5;-4077.392578
405758.3438;5859836.5;-4078.326416
405818.6563;5859836.5;-4076.328125
405878.9688;5859836.5;-4077.157959
405939.25;5859836.5;-4077.999023
405999.5625;5859836.5;-4078.852051
406059.8438;5859836.5;-4079.727051
406120.1563;5859836.5;-4080.626465
406180.4688;5859836.5;-4081.552002
406240.75;5859836.5;-4082.51123
406301.0625;5859836.5;-4083.505127
406361.375;5859836.5;-4084.536621
406421.6563;5859836.5;-4085.61499
406481.9688;5859836.5;-4086.736816
406542.25;5859836.5;-4087.898926
406602.5625;5859836.5;-4089.111084
406662.875;5859836.5;-4090.361816
406723.1563;5859836.5;-4091.624756
406783.4688;5859836.5;-4092.89624
406843.7813;5859836.5;-4094.161865
406904.0625;5859836.5;-4095.391357
406964.375;5859836.5;-4096.582031
407024.6563;5859836.5;-4097.733398
407084.9688;5859836.5;-4098.819336
407145.2813;5859836.5;-4099.838867
407205.5625;5859836.5;-4100.803711
407265.875;5859836.5;-4101.704102
407326.1875;5859836.5;-4102.53125
407386.4688;5859836.5;-4103.294434
407446.7813;5859836.5;-4103.980957
407507.0625;5859836.5;-4104.558105
407567.375;5859836.5;-4104.949707
407627.6875;5859836.5;-4105.143555
407687.9688;5859836.5;-4105.171875
407748.2813;5859836.5;-4105.028809
407808.5938;5859836.5;-4104.61377
407868.875;5859836.5;-4103.894043
407929.1875;5859836.5;-4102.9375
407989.4688;5859836.5;-4102.115234
408049.7813;5859836.5;-4102.401367
408110.0938;5859836.5;-4104.104492
408170.375;5859836.5;-4106.81543
408230.6875;5859836.5;-4109.940918
408291;5859836.5;-4112.375488
408351.2813;5859836.5;-4113.791504
408411.5938;5859836.5;-4114.323242
408471.875;5859836.5;-4114.105957
408532.1875;5859836.5;-4113.35791
408592.5;5859836.5;-4112.458496
408652.7813;5859836.5;-4111.558105
408713.0938;5859836.5;-4110.703613
408773.4063;5859836.5;-4109.913086
408833.6875;5859836.5;-4109.156738
408894;5859836.5;-4108.413574
408954.2813;5859836.5;-4107.666016
409014.5938;5859836.5;-4116.807129
409074.9063;5859836.5;-4116.091797
409135.1875;5859836.5;-4115.387695
409195.5;5859836.5;-4114.708008
409255.8125;5859836.5;-4114.072754
409316.0938;5859836.5;-4113.484375
409376.4063;5859836.5;-4112.94043
401356.4063;5859897;-3994.770752
401416.6875;5859897;-3994.259277
401477;5859897;-3993.671143
401537.3125;5859897;-3992.985596
401597.5938;5859897;-3992.161865
401657.9063;5859897;-3991.212646
401718.2188;5859897;-3990.181396
401778.5;5859897;-3989.173828
401838.8125;5859897;-3988.435059
401899.0938;5859897;-3988.229004
401959.4063;5859897;-3988.866943
402019.7188;5859897;-3990.550293
402080;5859897;-3993.269043
402140.3125;5859897;-3996.860107
402200.625;5859897;-4001.154053
402260.9063;5859897;-4005.810791
402321.2188;5859897;-4010.061279
402381.5;5859897;-4013.681641
402441.8125;5859897;-4016.707275
402502.125;5859897;-4019.148438
402562.4063;5859897;-4020.999512
402622.7188;5859897;-4022.444824
402683.0313;5859897;-4023.594238
402743.3125;5859897;-4024.527344
402803.625;5859897;-4025.342773
402863.9063;5859897;-4026.125244
402924.2188;5859897;-4026.90918
402984.5313;5859897;-4027.71875
403044.8125;5859897;-4028.571533
403105.125;5859897;-4029.457275
403165.4375;5859897;-4030.367432
403225.7188;5859897;-4031.299805
403286.0313;5859897;-4032.255127
403346.3125;5859897;-4033.22583
403406.625;5859897;-4034.214355
403466.9375;5859897;-4035.231445
403527.2188;5859897;-4036.285156
403587.5313;5859897;-4037.375732
403647.8438;5859897;-4038.507324
403708.125;5859897;-4039.674561
403768.4375;5859897;-4040.868896
403828.7188;5859897;-4042.082031
403889.0313;5859897;-4043.303223
403949.3438;5859897;-4044.523926
404009.625;5859897;-4045.737061
404069.9375;5859897;-4046.936768
404130.25;5859897;-4048.119873
404190.5313;5859897;-4049.282715
404250.8438;5859897;-4050.41626
404311.125;5859897;-4051.52417
404371.4375;5859897;-4052.609863
404431.75;5859897;-4053.67334
404492.0313;5859897;-4054.715576
404552.3438;5859897;-4055.742432
404612.625;5859897;-4056.755859
404672.9375;5859897;-4057.75708
404733.25;5859897;-4058.748535
404793.5313;5859897;-4059.734131
404853.8438;5859897;-4064.701416
404914.1563;5859897;-4065.639404
404974.4375;5859897;-4066.551025
405034.75;5859897;-4067.460938
405095.0313;5859897;-4068.368164
405155.3438;5859897;-4069.25708
405215.6563;5859897;-4070.144775
405275.9375;5859897;-4071.031006
405336.25;5859897;-4071.907715
405396.5625;5859897;-4072.782715
405456.8438;5859897;-4073.657471
405517.1563;5859897;-4074.541748
405577.4375;5859897;-4075.425781
405637.75;5859897;-4076.309814
405698.0625;5859897;-4077.250977
405758.3438;5859897;-4075.068848
405818.6563;5859897;-4075.878174
405878.9688;5859897;-4076.693604
405939.25;5859897;-4077.521729
405999.5625;5859897;-4078.364014
406059.8438;5859897;-4079.230713
406120.1563;5859897;-4080.124756
406180.4688;5859897;-4081.048828
406240.75;5859897;-4082.010254
406301.0625;5859897;-4083.01001
406361.375;5859897;-4084.052246
406421.6563;5859897;-4085.145508
406481.9688;5859897;-4086.287842
406542.25;5859897;-4087.4729
406602.5625;5859897;-4088.712646
406662.875;5859897;-4089.992676
406723.1563;5859897;-4091.285156
406783.4688;5859897;-4092.583984
406843.7813;5859897;-4093.87207
406904.0625;5859897;-4095.115967
406964.375;5859897;-4096.313965
407024.6563;5859897;-4097.466797
407084.9688;5859897;-4098.547852
407145.2813;5859897;-4099.55957
407205.5625;5859897;-4100.52002
407265.875;5859897;-4101.421875
407326.1875;5859897;-4102.265625
407386.4688;5859897;-4103.066406
407446.7813;5859897;-4103.814453
407507.0625;5859897;-4104.483398
407567.375;5859897;-4105.01123
407627.6875;5859897;-4105.37793
407687.9688;5859897;-4105.60791
407748.2813;5859897;-4105.701172
407808.5938;5859897;-4105.563965
407868.875;5859897;-4105.13623
407929.1875;5859897;-4104.428711
407989.4688;5859897;-4103.718262
408049.7813;5859897;-4103.756836
408110.0938;5859897;-4104.745605
408170.375;5859897;-4106.409668
408230.6875;5859897;-4108.378418
408291;5859897;-4109.969727
408351.2813;5859897;-4110.933594
408411.5938;5859897;-4111.320313
408471.875;5859897;-4111.194824
408532.1875;5859897;-4110.677246
408592.5;5859897;-4110.031738
408652.7813;5859897;-4109.366211
408713.0938;5859897;-4108.713379
408773.4063;5859897;-4108.076172
408833.6875;5859897;-4107.437012
408894;5859897;-4106.790039
408954.2813;5859897;-4115.950195
409014.5938;5859897;-4115.305176
409074.9063;5859897;-4114.650391
409135.1875;5859897;-4114.003418
409195.5;5859897;-4113.379395
409255.8125;5859897;-4112.797363
409316.0938;5859897;-4112.258789
409376.4063;5859897;-4111.763672
401356.4063;5859957.5;-3995.397461
401416.6875;5859957.5;-3994.861572
401477;5859957.5;-3994.236328
401537.3125;5859957.5;-3993.500244
401597.5938;5859957.5;-3992.610596
401657.9063;5859957.5;-3991.606689
401718.2188;5859957.5;-3990.533936
401778.5;5859957.5;-3989.464844
401838.8125;5859957.5;-3988.595215
401899.0938;5859957.5;-3988.200439
401959.4063;5859957.5;-3988.81543
402019.7188;5859957.5;-3990.621826
402080;5859957.5;-3993.429443
402140.3125;5859957.5;-3997.37793
402200.625;5859957.5;-4002.336426
402260.9063;5859957.5;-4007.655762
402321.2188;5859957.5;-4012.247314
402381.5;5859957.5;-4015.904297
402441.8125;5859957.5;-4018.782959
402502.125;5859957.5;-4020.989746
402562.4063;5859957.5;-4022.580566
402622.7188;5859957.5;-4023.764404
402683.0313;5859957.5;-4024.660156
402743.3125;5859957.5;-4025.358643
402803.625;5859957.5;-4025.971191
402863.9063;5859957.5;-4026.578857
402924.2188;5859957.5;-4027.217285
402984.5313;5859957.5;-4027.913818
403044.8125;5859957.5;-4028.678467
403105.125;5859957.5;-4029.48999
403165.4375;5859957.5;-4030.334961
403225.7188;5859957.5;-4031.210449
403286.0313;5859957.5;-4032.11499
403346.3125;5859957.5;-4033.041016
403406.625;5859957.5;-4033.990479
403466.9375;5859957.5;-4034.978027
403527.2188;5859957.5;-4036.014648
403587.5313;5859957.5;-4037.100342
403647.8438;5859957.5;-4038.238037
403708.125;5859957.5;-4039.420898
403768.4375;5859957.5;-4040.636719
403828.7188;5859957.5;-4041.872803
403889.0313;5859957.5;-4043.116699
403949.3438;5859957.5;-4044.358154
404009.625;5859957.5;-4045.586914
404069.9375;5859957.5;-4046.800049
404130.25;5859957.5;-4047.992676
404190.5313;5859957.5;-4049.161621
404250.8438;5859957.5;-4050.299072
404311.125;5859957.5;-4051.40918
404371.4375;5859957.5;-4052.495605
404431.75;5859957.5;-4053.559326
404492.0313;5859957.5;-4054.60083
404552.3438;5859957.5;-4055.627441
404612.625;5859957.5;-4056.640625
404672.9375;5859957.5;-4057.641357
404733.25;5859957.5;-4058.632813
404793.5313;5859957.5;-4059.618164
404853.8438;5859957.5;-4064.653564
404914.1563;5859957.5;-4065.579834
404974.4375;5859957.5;-4066.480469
405034.75;5859957.5;-4067.379395
405095.0313;5859957.5;-4068.27417
405155.3438;5859957.5;-4069.152832
405215.6563;5859957.5;-4070.028809
405275.9375;5859957.5;-4070.902832
405336.25;5859957.5;-4071.770752
405396.5625;5859957.5;-4072.636475
405456.8438;5859957.5;-4073.500244
405517.1563;5859957.5;-4074.381348
405577.4375;5859957.5;-4075.261963
405637.75;5859957.5;-4076.14209
405698.0625;5859957.5;-4074.424561
405758.3438;5859957.5;-4074.62085
405818.6563;5859957.5;-4075.414307
405878.9688;5859957.5;-4076.2146
405939.25;5859957.5;-4077.029297
405999.5625;5859957.5;-4077.859375
406059.8438;5859957.5;-4078.717529
406120.1563;5859957.5;-4079.605957
406180.4688;5859957.5;-4080.527832
406240.75;5859957.5;-4081.490967
406301.0625;5859957.5;-4082.496582
406361.375;5859957.5;-4083.549072
406421.6563;5859957.5;-4084.658203
406481.9688;5859957.5;-4085.820313
406542.25;5859957.5;-4087.029297
406602.5625;5859957.5;-4088.296387
406662.875;5859957.5;-4089.606445
406723.1563;5859957.5;-4090.927734
406783.4688;5859957.5;-4092.252441
406843.7813;5859957.5;-4093.561523
406904.0625;5859957.5;-4094.81665
406964.375;5859957.5;-4096.01709
407024.6563;5859957.5;-4097.165527
407084.9688;5859957.5;-4098.233398
407145.2813;5859957.5;-4099.227051
407205.5625;5859957.5;-4100.17041
407265.875;5859957.5;-4101.059082
407326.1875;5859957.5;-4101.902832
407386.4688;5859957.5;-4102.728027
407446.7813;5859957.5;-4103.530762
407507.0625;5859957.5;-4104.290527
407567.375;5859957.5;-4104.961426
407627.6875;5859957.5;-4105.492188
407687.9688;5859957.5;-4105.873535
407748.2813;5859957.5;-4106.080566
407808.5938;5859957.5;-4106.015625
407868.875;5859957.5;-4105.669434
407929.1875;5859957.5;-4105.111328
407989.4688;5859957.5;-4104.531738
408049.7813;5859957.5;-4104.405273
408110.0938;5859957.5;-4104.872559
408170.375;5859957.5;-4105.78418
408230.6875;5859957.5;-4106.922852
408291;5859957.5;-4107.879883
408351.2813;5859957.5;-4108.473633
408411.5938;5859957.5;-4108.714844
408471.875;5859957.5;-4108.627441
408532.1875;5859957.5;-4108.268555
408592.5;5859957.5;-4107.808105
408652.7813;5859957.5;-4107.316406
408713.0938;5859957.5;-4106.812988
408773.4063;5859957.5;-4106.290039
408833.6875;5859957.5;-4105.740234
408894;5859957.5;-4105.166992
408954.2813;5859957.5;-4114.369629
409014.5938;5859957.5;-4113.77832
409074.9063;5859957.5;-4113.177246
409135.1875;5859957.5;-4112.583496
409195.5;5859957.5;-4112.01123
409255.8125;5859957.5;-4111.478516
409316.0938;5859957.5;-4110.987305
409376.4063;5859957.5;-4110.536621
401356.4063;5860018;-3996.129395
401416.6875;5860018;-3995.595703
401477;5860018;-3994.969482
401537.3125;5860018;-3994.233398
401597.5938;5860018;-3993.356201
401657.9063;5860018;-3992.391846
401718.2188;5860018;-3991.391357
401778.5;5860018;-3990.424316
401838.8125;5860018;-3989.666016
401899.0938;5860018;-3989.353516
401959.4063;5860018;-3989.993408
402019.7188;5860018;-3991.718506
402080;5860018;-3994.432617
402140.3125;5860018;-3998.7146
402200.625;5860018;-4004.42334
402260.9063;5860018;-4010.443604
402321.2188;5860018;-4015.230469
402381.5;5860018;-4018.669678
402441.8125;5860018;-4021.207275
402502.125;5860018;-4023.041992
402562.4063;5860018;-4024.285645
402622.7188;5860018;-4025.151123
402683.0313;5860018;-4025.754395
402743.3125;5860018;-4026.19458
402803.625;5860018;-4026.593994
402863.9063;5860018;-4027.0271
402924.2188;5860018;-4027.526611
402984.5313;5860018;-4028.119873
403044.8125;5860018;-4028.807861
403105.125;5860018;-4029.552979
403165.4375;5860018;-4030.337158
403225.7188;5860018;-4031.156006
403286.0313;5860018;-4032.005127
403346.3125;5860018;-4032.878906
403406.625;5860018;-4033.782471
403466.9375;5860018;-4034.733643
403527.2188;5860018;-4035.750488
403587.5313;5860018;-4036.831299
403647.8438;5860018;-4037.976318
403708.125;5860018;-4039.178467
403768.4375;5860018;-4040.418701
403828.7188;5860018;-4041.680908
403889.0313;5860018;-4042.949463
403949.3438;5860018;-4044.210693
404009.625;5860018;-4045.452637
404069.9375;5860018;-4046.673828
404130.25;5860018;-4047.870605
404190.5313;5860018;-4049.040283
404250.8438;5860018;-4050.175781
404311.125;5860018;-4051.281006
404371.4375;5860018;-4052.364258
404431.75;5860018;-4053.424316
404492.0313;5860018;-4054.462891
404552.3438;5860018;-4055.487061
404612.625;5860018;-4056.499512
404672.9375;5860018;-4057.500244
404733.25;5860018;-4058.492432
404793.5313;5860018;-4063.702637
404853.8438;5860018;-4064.627686
404914.1563;5860018;-4065.541504
404974.4375;5860018;-4066.428955
405034.75;5860018;-4067.315186
405095.0313;5860018;-4068.197021
405155.3438;5860018;-4069.063965
405215.6563;5860018;-4069.92749
405275.9375;5860018;-4070.787842
405336.25;5860018;-4071.645996
405396.5625;5860018;-4072.500244
405456.8438;5860018;-4073.351074
405517.1563;5860018;-4074.224609
405577.4375;5860018;-4075.096924
405637.75;5860018;-4075.967529
405698.0625;5860018;-4073.362793
405758.3438;5860018;-4074.135498
405818.6563;5860018;-4074.913818
405878.9688;5860018;-4075.698486
405939.25;5860018;-4076.499512
405999.5625;5860018;-4077.317627
406059.8438;5860018;-4078.165283
406120.1563;5860018;-4079.046631
406180.4688;5860018;-4079.964844
406240.75;5860018;-4080.928223
406301.0625;5860018;-4081.938232
406361.375;5860018;-4082.999756
406421.6563;5860018;-4084.122559
406481.9688;5860018;-4085.303711
406542.25;5860018;-4086.5354
406602.5625;5860018;-4087.829834
406662.875;5860018;-4089.168457
406723.1563;5860018;-4090.518066
406783.4688;5860018;-4091.86792
406843.7813;5860018;-4093.196045
406904.0625;5860018;-4094.45874
406964.375;5860018;-4095.656982
407024.6563;5860018;-4096.793457
407084.9688;5860018;-4097.838867
407145.2813;5860018;-4098.800781
407205.5625;5860018;-4099.708496
407265.875;5860018;-4100.558105
407326.1875;5860018;-4101.370605
407386.4688;5860018;-4102.191895
407446.7813;5860018;-4103.029297
407507.0625;5860018;-4103.881348
407567.375;5860018;-4104.719238
407627.6875;5860018;-4105.442383
407687.9688;5860018;-4105.96582
407748.2813;5860018;-4106.209961
407808.5938;5860018;-4106.079102
407868.875;5860018;-4105.700195
407929.1875;5860018;-4105.193848
407989.4688;5860018;-4104.680176
408049.7813;5860018;-4104.425781
408110.0938;5860018;-4104.529785
408170.375;5860018;-4104.922363
408230.6875;5860018;-4105.487793
408291;5860018;-4105.991699
408351.2813;5860018;-4106.30957
408411.5938;5860018;-4106.429688
408471.875;5860018;-4106.353027
408532.1875;5860018;-4106.099121
408592.5;5860018;-4105.76416
408652.7813;5860018;-4105.392578
408713.0938;5860018;-4104.993164
408773.4063;5860018;-4104.55127
408833.6875;5860018;-4104.068359
408894;5860018;-4113.28125
408954.2813;5860018;-4112.763672
409014.5938;5860018;-4112.219727
409074.9063;5860018;-4111.666504
409135.1875;5860018;-4111.120605
409195.5;5860018;-4110.596191
409255.8125;5860018;-4110.109375
409316.0938;5860018;-4109.662109
409376.4063;5860018;-4109.25293
401356.4063;5860078.5;-3996.98999
401416.6875;5860078.5;-3996.48999
401477;5860078.5;-3995.903076
401537.3125;5860078.5;-3995.219971
401597.5938;5860078.5;-3994.430908
401657.9063;5860078.5;-3993.602051
401718.2188;5860078.5;-3992.790039
401778.5;5860078.5;-3992.079102
401838.8125;5860078.5;-3991.66333
401899.0938;5860078.5;-3991.718018
401959.4063;5860078.5;-3992.518555
402019.7188;5860078.5;-3994.248291
402080;5860078.5;-3997.103271
402140.3125;5860078.5;-4001.645752
402200.625;5860078.5;-4007.718506
402260.9063;5860078.5;-4014.12793
402321.2188;5860078.5;-4018.830566
402381.5;5860078.5;-4021.760498
402441.8125;5860078.5;-4023.7771
402502.125;5860078.5;-4025.163818
402562.4063;5860078.5;-4026.011475
402622.7188;5860078.5;-4026.519043
402683.0313;5860078.5;-4026.808594
402743.3125;5860078.5;-4026.979492
402803.625;5860078.5;-4027.165771
402863.9063;5860078.5;-4027.434082
402924.2188;5860078.5;-4027.811279
402984.5313;5860078.5;-4028.324219
403044.8125;5860078.5;-4028.95459
403105.125;5860078.5;-4029.647949
403165.4375;5860078.5;-4030.381104
403225.7188;5860078.5;-4031.144287
403286.0313;5860078.5;-4031.932373
403346.3125;5860078.5;-4032.746338
403406.625;5860078.5;-4033.594971
403466.9375;5860078.5;-4034.502441
403527.2188;5860078.5;-4035.496338
403587.5313;5860078.5;-4036.573486
403647.8438;5860078.5;-4037.730713
403708.125;5860078.5;-4038.958496
403768.4375;5860078.5;-4040.231445
403828.7188;5860078.5;-4041.525391
403889.0313;5860078.5;-4042.821777
403949.3438;5860078.5;-4044.102295
404009.625;5860078.5;-4045.355225
404069.9375;5860078.5;-4046.580322
404130.25;5860078.5;-4047.774902
404190.5313;5860078.5;-4048.938232
404250.8438;5860078.5;-4050.063721
404311.125;5860078.5;-4051.157959
404371.4375;5860078.5;-4052.230225
404431.75;5860078.5;-4053.281494
404492.0313;5860078.5;-4054.312256
404552.3438;5860078.5;-4055.330566
404612.625;5860078.5;-4056.340576
404672.9375;5860078.5;-4057.339844
404733.25;5860078.5;-4061.479004
404793.5313;5860078.5;-4063.689453
404853.8438;5860078.5;-4064.600098
404914.1563;5860078.5;-4065.500732
404974.4375;5860078.5;-4066.375488
405034.75;5860078.5;-4067.248535
405095.0313;5860078.5;-4068.116943
405155.3438;5860078.5;-4068.973633
405215.6563;5860078.5;-4069.824219
405275.9375;5860078.5;-4070.67041
405336.25;5860078.5;-4071.517334
405396.5625;5860078.5;-4072.359375
405456.8438;5860078.5;-4073.196777
405517.1563;5860078.5;-4074.060791
405577.4375;5860078.5;-4074.922852
405637.75;5860078.5;-4072.112305
405698.0625;5860078.5;-4072.868408
405758.3438;5860078.5;-4073.625488
405818.6563;5860078.5;-4074.387695
405878.9688;5860078.5;-4075.156982
405939.25;5860078.5;-4075.942871
405999.5625;5860078.5;-4076.747803
406059.8438;5860078.5;-4077.584229
406120.1563;5860078.5;-4078.456543
406180.4688;5860078.5;-4079.369385
406240.75;5860078.5;-4080.331543
406301.0625;5860078.5;-4081.344482
406361.375;5860078.5;-4082.414307
406421.6563;5860078.5;-4083.550781
406481.9688;5860078.5;-4084.75
406542.25;5860078.5;-4086.004395
406602.5625;5860078.5;-4087.325928
406662.875;5860078.5;-4088.694336
406723.1563;5860078.5;-4090.071777
406783.4688;5860078.5;-4091.447266
406843.7813;5860078.5;-4092.792725
406904.0625;5860078.5;-4094.060547
406964.375;5860078.5;-4095.250977
407024.6563;5860078.5;-4096.369141
407084.9688;5860078.5;-4097.378906
407145.2813;5860078.5;-4098.288574
407205.5625;5860078.5;-4099.126465
407265.875;5860078.5;-4099.891113
407326.1875;5860078.5;-4100.612793
407386.4688;5860078.5;-4101.372559
407446.7813;5860078.5;-4102.205566
407507.0625;5860078.5;-4103.143555
407567.375;5860078.5;-4104.194824
407627.6875;5860078.5;-4105.185059
407687.9688;5860078.5;-4105.889648
407748.2813;5860078.5;-4106.131348
407808.5938;5860078.5;-4105.829102
407868.875;5860078.5;-4105.306641
407929.1875;5860078.5;-4104.74707
407989.4688;5860078.5;-4104.227539
408049.7813;5860078.5;-4103.881348
408110.0938;5860078.5;-4103.761719
408170.375;5860078.5;-4103.835938
408230.6875;5860078.5;-4104.044922
408291;5860078.5;-4104.259277
408351.2813;5860078.5;-4104.391113
408411.5938;5860078.5;-4104.42041
408471.875;5860078.5;-4104.337891
408532.1875;5860078.5;-4104.139648
408592.5;5860078.5;-4103.876465
408652.7813;5860078.5;-4103.575195
408713.0938;5860078.5;-4103.236816
408773.4063;5860078.5;-4102.845703
408833.6875;5860078.5;-4102.407715
408894;5860078.5;-4111.618164
408954.2813;5860078.5;-4111.137695
409014.5938;5860078.5;-4110.634277
409074.9063;5860078.5;-4110.123535
409135.1875;5860078.5;-4109.62207
409195.5;5860078.5;-4109.141602
409255.8125;5860078.5;-4108.697754
409316.0938;5860078.5;-4108.290039
409376.4063;5860078.5;-4107.91748
401356.4063;5860139.5;-3997.999512
401416.6875;5860139.5;-3997.564941
401477;5860139.5;-3997.05542
401537.3125;5860139.5;-3996.471924
401597.5938;5860139.5;-3995.827148
401657.9063;5860139.5;-3995.195801
401718.2188;5860139.5;-3994.638672
401778.5;5860139.5;-3994.24292
401838.8125;5860139.5;-3994.202148
401899.0938;5860139.5;-3994.653809
401959.4063;5860139.5;-3995.761719
402019.7188;5860139.5;-3997.796143
402080;5860139.5;-4001.056396
402140.3125;5860139.5;-4005.617188
402200.625;5860139.5;-4011.290039
402260.9063;5860139.5;-4017.270752
402321.2188;5860139.5;-4021.591064
402381.5;5860139.5;-4024.169434
402441.8125;5860139.5;-4025.871094
402502.125;5860139.5;-4027.001221
402562.4063;5860139.5;-4027.537842
402622.7188;5860139.5;-4027.687012
402683.0313;5860139.5;-4027.678711
402743.3125;5860139.5;-4027.604248
402803.625;5860139.5;-4027.602783
402863.9063;5860139.5;-4027.737061
402924.2188;5860139.5;-4028.030518
402984.5313;5860139.5;-4028.502686
403044.8125;5860139.5;-4029.110596
403105.125;5860139.5;-4029.777832
403165.4375;5860139.5;-4030.475098
403225.7188;5860139.5;-4031.186523
403286.0313;5860139.5;-4031.907227
403346.3125;5860139.5;-4032.648926
403406.625;5860139.5;-4033.429932
403466.9375;5860139.5;-4034.284424
403527.2188;5860139.5;-4035.252441
403587.5313;5860139.5;-4036.329346
403647.8438;5860139.5;-4037.508545
403708.125;5860139.5;-4038.775391
403768.4375;5860139.5;-4040.093262
403828.7188;5860139.5;-4041.429199
403889.0313;5860139.5;-4042.760498
403949.3438;5860139.5;-4044.062744
404009.625;5860139.5;-4045.322998
404069.9375;5860139.5;-4046.545654
404130.25;5860139.5;-4047.729736
404190.5313;5860139.5;-4048.876953
404250.8438;5860139.5;-4049.982178
404311.125;5860139.5;-4051.054688
404371.4375;5860139.5;-4052.106201
404431.75;5860139.5;-4053.140381
404492.0313;5860139.5;-4054.156494
404552.3438;5860139.5;-4055.163574
404612.625;5860139.5;-4056.166016
404672.9375;5860139.5;-4057.161621
404733.25;5860139.5;-4062.756836
404793.5313;5860139.5;-4063.656006
404853.8438;5860139.5;-4064.552734
404914.1563;5860139.5;-4065.440186
404974.4375;5860139.5;-4066.304199
405034.75;5860139.5;-4067.165039
405095.0313;5860139.5;-4068.021484
405155.3438;5860139.5;-4068.867188
405215.6563;5860139.5;-4069.706055
405275.9375;5860139.5;-4070.539307
405336.25;5860139.5;-4071.375488
405396.5625;5860139.5;-4072.205322
405456.8438;5860139.5;-4073.028809
405517.1563;5860139.5;-4073.88208
405577.4375;5860139.5;-4070.870361
405637.75;5860139.5;-4071.617676
405698.0625;5860139.5;-4072.356445
405758.3438;5860139.5;-4073.096191
405818.6563;5860139.5;-4073.841797
405878.9688;5860139.5;-4074.593262
405939.25;5860139.5;-4075.362305
405999.5625;5860139.5;-4076.151855
406059.8438;5860139.5;-4076.974854
406120.1563;5860139.5;-4077.837158
406180.4688;5860139.5;-4078.74292
406240.75;5860139.5;-4079.702637
406301.0625;5860139.5;-4080.717285
406361.375;5860139.5;-4081.794189
406421.6563;5860139.5;-4082.943115
406481.9688;5860139.5;-4084.160889
406542.25;5860139.5;-4085.438477
406602.5625;5860139.5;-4086.788818
406662.875;5860139.5;-4088.188232
406723.1563;5860139.5;-4089.596191
406783.4688;5860139.5;-4090.998535
406843.7813;5860139.5;-4092.363037
406904.0625;5860139.5;-4093.63501
406964.375;5860139.5;-4094.81543
407024.6563;5860139.5;-4095.908203
407084.9688;5860139.5;-4096.868164
407145.2813;5860139.5;-4097.691406
407205.5625;5860139.5;-4098.402832
407265.875;5860139.5;-4098.993652
407326.1875;5860139.5;-4099.506836
407386.4688;5860139.5;-4100.084473
407446.7813;5860139.5;-4100.820801
407507.0625;5860139.5;-4101.802734
407567.375;5860139.5;-4103.11377
407627.6875;5860139.5;-4104.501465
407687.9688;5860139.5;-4105.456055
407748.2813;5860139.5;-4105.66748
407808.5938;5860139.5;-4105.171387
407868.875;5860139.5;-4104.46582
407929.1875;5860139.5;-4103.803223
407989.4688;5860139.5;-4103.246094
408049.7813;5860139.5;-4102.848633
408110.0938;5860139.5;-4102.620117
408170.375;5860139.5;-4102.533203
408230.6875;5860139.5;-4102.555664
408291;5860139.5;-4102.609863
408351.2813;5860139.5;-4102.631348
408411.5938;5860139.5;-4102.598145
408471.875;5860139.5;-4102.498535
408532.1875;5860139.5;-4102.320313
408592.5;5860139.5;-4102.088379
408652.7813;5860139.5;-4101.818848
408713.0938;5860139.5;-4101.511719
408773.4063;5860139.5;-4101.149902
408833.6875;5860139.5;-4110.363281
408894;5860139.5;-4109.940918
408954.2813;5860139.5;-4109.492188
409014.5938;5860139.5;-4109.025879
409074.9063;5860139.5;-4108.553223
409135.1875;5860139.5;-4108.091797
409195.5;5860139.5;-4107.651367
409255.8125;5860139.5;-4107.245605
409316.0938;5860139.5;-4106.873535
409376.4063;5860139.5;-4106.535156
401356.4063;5860200;-3999.12207
401416.6875;5860200;-3998.766846
401477;5860200;-3998.352295
401537.3125;5860200;-3997.887451
401597.5938;5860200;-3997.405273
401657.9063;5860200;-3996.984375
401718.2188;5860200;-3996.68457
401778.5;5860200;-3996.593994
401838.8125;5860200;-3996.89209
401899.0938;5860200;-3997.675293
401959.4063;5860200;-3999.064697
402019.7188;5860200;-4001.320068
402080;5860200;-4004.717041
402140.3125;5860200;-4009.03833
402200.625;5860200;-4014.035889
402260.9063;5860200;-4019.170898
402321.2188;5860200;-4023.033447
402381.5;5860200;-4025.560303
402441.8125;5860200;-4027.270996
402502.125;5860200;-4028.413574
402562.4063;5860200;-4028.77417
402622.7188;5860200;-4028.595215
402683.0313;5860200;-4028.31543
402743.3125;5860200;-4028.039063
402803.625;5860200;-4027.886963
402863.9063;5860200;-4027.927246
402924.2188;5860200;-4028.181641
402984.5313;5860200;-4028.656006
403044.8125;5860200;-4029.274414
403105.125;5860200;-4029.939697
403165.4375;5860200;-4030.614746
403225.7188;5860200;-4031.27832
403286.0313;5860200;-4031.923096
403346.3125;5860200;-4032.579102
403406.625;5860200;-4033.2771
403466.9375;5860200;-4034.066895
403527.2188;5860200;-4035.006104
403587.5313;5860200;-4036.088867
403647.8438;5860200;-4037.301025
403708.125;5860200;-4038.620361
403768.4375;5860200;-4039.996582
403828.7188;5860200;-4041.384766
403889.0313;5860200;-4042.756592
403949.3438;5860200;-4044.080078
404009.625;5860200;-4045.343506
404069.9375;5860200;-4046.556396
404130.25;5860200;-4047.720703
404190.5313;5860200;-4048.840576
404250.8438;5860200;-4049.915771
404311.125;5860200;-4050.955811
404371.4375;5860200;-4051.978516
404431.75;5860200;-4052.988525
404492.0313;5860200;-4053.983398
404552.3438;5860200;-4054.975098
404612.625;5860200;-4055.968018
404672.9375;5860200;-4061.837402
404733.25;5860200;-4062.75415
404793.5313;5860200;-4063.635498
404853.8438;5860200;-4064.516846
404914.1563;5860200;-4065.390137
404974.4375;5860200;-4066.241211
405034.75;5860200;-4067.088867
405095.0313;5860200;-4067.932373
405155.3438;5860200;-4068.765625
405215.6563;5860200;-4069.590332
405275.9375;5860200;-4070.407471
405336.25;5860200;-4071.225586
405396.5625;5860200;-4072.036133
405456.8438;5860200;-4072.838379
405517.1563;5860200;-4073.677734
405577.4375;5860200;-4070.362061
405637.75;5860200;-4071.089355
405698.0625;5860200;-4071.809082
405758.3438;5860200;-4072.530029
405818.6563;5860200;-4073.256104
405878.9688;5860200;-4073.989502
405939.25;5860200;-4074.741455
405999.5625;5860200;-4075.515625
406059.8438;5860200;-4076.32373
406120.1563;5860200;-4077.173828
406180.4688;5860200;-4078.071533
406240.75;5860200;-4079.026123
406301.0625;5860200;-4080.039795
406361.375;5860200;-4081.121582
406421.6563;5860200;-4082.28125
406481.9688;5860200;-4083.515381
406542.25;5860200;-4084.81543
406602.5625;5860200;-4086.194092
406662.875;5860200;-4087.625732
406723.1563;5860200;-4089.065186
406783.4688;5860200;-4090.497314
406843.7813;5860200;-4091.884521
406904.0625;5860200;-4093.164795
406964.375;5860200;-4094.338379
407024.6563;5860200;-4095.407715
407084.9688;5860200;-4096.310547
407145.2813;5860200;-4097.022461
407205.5625;5860200;-4097.553223
407265.875;5860200;-4097.877441
407326.1875;5860200;-4098.039063
407386.4688;5860200;-4098.271484
407446.7813;5860200;-4098.755859
407507.0625;5860200;-4099.664551
407567.375;5860200;-4101.198242
407627.6875;5860200;-4103.000977
407687.9688;5860200;-4104.197754
407748.2813;5860200;-4104.383789
407808.5938;5860200;-4103.817383
407868.875;5860200;-4103.083496
407929.1875;5860200;-4102.423828
407989.4688;5860200;-4101.890137
408049.7813;5860200;-4101.498535
408110.0938;5860200;-4101.233398
408170.375;5860200;-4101.071289
408230.6875;5860200;-4100.992676
408291;5860200;-4100.953125
408351.2813;5860200;-4100.905762
408411.5938;5860200;-4100.82959
408471.875;5860200;-4100.715332
408532.1875;5860200;-4100.544434
408592.5;5860200;-4100.328613
408652.7813;5860200;-4100.078613
408713.0938;5860200;-4099.791992
408773.4063;5860200;-4109.007324
408833.6875;5860200;-4108.643555
408894;5860200;-4108.246094
408954.2813;5860200;-4107.82666
409014.5938;5860200;-4107.393066
409074.9063;5860200;-4106.956543
409135.1875;5860200;-4106.53125
409195.5;5860200;-4106.127441
409255.8125;5860200;-4105.756348
409316.0938;5860200;-4105.416504
409376.4063;5860200;-4105.106934
401356.4063;5860260.5;-4000.334961
401416.6875;5860260.5;-4000.06665
401477;5860260.5;-3999.755615
401537.3125;5860260.5;-3999.417969
401597.5938;5860260.5;-3999.099854
401657.9063;5860260.5;-3998.880127
401718.2188;5860260.5;-3998.814697
401778.5;5860260.5;-3998.990967
401838.8125;5860260.5;-3999.572998
401899.0938;5860260.5;-4000.617432
401959.4063;5860260.5;-4002.214111
402019.7188;5860260.5;-4004.561035
402080;5860260.5;-4007.840332
402140.3125;5860260.5;-4011.768799
402200.625;5860260.5;-4016.104736
402260.9063;5860260.5;-4020.429932
402321.2188;5860260.5;-4023.818848
402381.5;5860260.5;-4026.232178
402441.8125;5860260.5;-4027.934814
402502.125;5860260.5;-4029.077881
402562.4063;5860260.5;-4029.381592
402622.7188;5860260.5;-4029.097656
402683.0313;5860260.5;-4028.689209
402743.3125;5860260.5;-4028.279297
402803.625;5860260.5;-4028.005371
402863.9063;5860260.5;-4027.998047
402924.2188;5860260.5;-4028.278076
402984.5313;5860260.5;-4028.796143
403044.8125;5860260.5;-4029.45166
403105.125;5860260.5;-4030.133545
403165.4375;5860260.5;-4030.798584
403225.7188;5860260.5;-4031.41748
403286.0313;5860260.5;-4031.976318
403346.3125;5860260.5;-4032.529053
403406.625;5860260.5;-4033.125
403466.9375;5860260.5;-4033.83667
403527.2188;5860260.5;-4034.746094
403587.5313;5860260.5;-4035.843018
403647.8438;5860260.5;-4037.104004
403708.125;5860260.5;-4038.496094
403768.4375;5860260.5;-4039.947998
403828.7188;5860260.5;-4041.400635
403889.0313;5860260.5;-4042.819092
403949.3438;5860260.5;-4044.164795
404009.625;5860260.5;-4045.425537
404069.9375;5860260.5;-4046.619873
404130.25;5860260.5;-4047.754639
404190.5313;5860260.5;-4048.837402
404250.8438;5860260.5;-4049.870605
404311.125;5860260.5;-4050.868164
404371.4375;5860260.5;-4051.852539
404431.75;5860260.5;-4052.829834
404492.0313;5860260.5;-4053.797119
404552.3438;5860260.5;-4054.768555
404612.625;5860260.5;-4055.749023
404672.9375;5860260.5;-4061.856201
404733.25;5860260.5;-4062.752686
404793.5313;5860260.5;-4063.614258
404853.8438;5860260.5;-4064.478516
404914.1563;5860260.5;-4065.338135
404974.4375;5860260.5;-4066.17627
405034.75;5860260.5;-4067.010986
405095.0313;5860260.5;-4067.841309
405155.3438;5860260.5;-4068.661865
405215.6563;5860260.5;-4069.471191
405275.9375;5860260.5;-4070.27124
405336.25;5860260.5;-4071.067139
405396.5625;5860260.5;-4071.853027
405456.8438;5860260.5;-4072.62915
405517.1563;5860260.5;-4070.272705
405577.4375;5860260.5;-4069.82959
405637.75;5860260.5;-4070.5354
405698.0625;5860260.5;-4071.234375
405758.3438;5860260.5;-4071.934814
405818.6563;5860260.5;-4072.640137
405878.9688;5860260.5;-4073.353516
405939.25;5860260.5;-4074.087402
405999.5625;5860260.5;-4074.844971
406059.8438;5860260.5;-4075.636963
406120.1563;5860260.5;-4076.4729
406180.4688;5860260.5;-4077.360352
406240.75;5860260.5;-4078.307617
406301.0625;5860260.5;-4079.318115
406361.375;5860260.5;-4080.402588
406421.6563;5860260.5;-4081.572266
406481.9688;5860260.5;-4082.821045
406542.25;5860260.5;-4084.143066
406602.5625;5860260.5;-4085.550293
406662.875;5860260.5;-4087.015625
406723.1563;5860260.5;-4088.489746
406783.4688;5860260.5;-4089.955811
406843.7813;5860260.5;-4091.373047
406904.0625;5860260.5;-4092.671875
406964.375;5860260.5;-4093.850098
407024.6563;5860260.5;-4094.907227
407084.9688;5860260.5;-4095.759766
407145.2813;5860260.5;-4096.349609
407205.5625;5860260.5;-4096.660156
407265.875;5860260.5;-4096.634277
407326.1875;5860260.5;-4096.295898
407386.4688;5860260.5;-4095.98584
407446.7813;5860260.5;-4096.022461
407507.0625;5860260.5;-4096.682617
407567.375;5860260.5;-4098.23584
407627.6875;5860260.5;-4100.16748
407687.9688;5860260.5;-4101.546387
407748.2813;5860260.5;-4101.961914
407808.5938;5860260.5;-4101.642578
407868.875;5860260.5;-4101.119629
407929.1875;5860260.5;-4100.621582
407989.4688;5860260.5;-4100.20459
408049.7813;5860260.5;-4099.880859
408110.0938;5860260.5;-4099.637207
408170.375;5860260.5;-4099.458984
408230.6875;5860260.5;-4099.337402
408291;5860260.5;-4099.249023
408351.2813;5860260.5;-4099.162109
408411.5938;5860260.5;-4099.0625
408471.875;5860260.5;-4098.938477
408532.1875;5860260.5;-4098.773926
408592.5;5860260.5;-4098.571289
408652.7813;5860260.5;-4098.336914
408713.0938;5860260.5;-4107.563477
408773.4063;5860260.5;-4107.255371
408833.6875;5860260.5;-4106.910156
408894;5860260.5;-4106.536133
408954.2813;5860260.5;-4106.144531
409014.5938;5860260.5;-4105.742676
409074.9063;5860260.5;-4105.339844
409135.1875;5860260.5;-4104.948242
409195.5;5860260.5;-4104.577637
409255.8125;5860260.5;-4104.236816
409316.0938;5860260.5;-4103.925781
409376.4063;5860260.5;-4103.642578
401356.4063;5860321;-4001.632324
401416.6875;5860321;-4001.453613
401477;5860321;-4001.249756
401537.3125;5860321;-4001.039307
401597.5938;5860321;-4000.875977
401657.9063;5860321;-4000.834473
401718.2188;5860321;-4000.964844
401778.5;5860321;-4001.347412
401838.8125;5860321;-4002.129883
401899.0938;5860321;-4003.338135
401959.4063;5860321;-4005.031494
402019.7188;5860321;-4007.344727
402080;5860321;-4010.368408
402140.3125;5860321;-4013.825439
402200.625;5860321;-4017.516602
402260.9063;5860321;-4021.138184
402321.2188;5860321;-4024.077393
402381.5;5860321;-4026.300049
402441.8125;5860321;-4027.916748
402502.125;5860321;-4028.972412
402562.4063;5860321;-4029.306641
402622.7188;5860321;-4029.146973
402683.0313;5860321;-4028.774414
402743.3125;5860321;-4028.318848
402803.625;5860321;-4027.970215
402863.9063;5860321;-4027.972656
402924.2188;5860321;-4028.348389
402984.5313;5860321;-4028.951904
403044.8125;5860321;-4029.662598
403105.125;5860321;-4030.372559
403165.4375;5860321;-4031.037354
403225.7188;5860321;-4031.614502
403286.0313;5860321;-4032.071533
403346.3125;5860321;-4032.492676
403406.625;5860321;-4032.955811
403466.9375;5860321;-4033.570068
403527.2188;5860321;-4034.451416
403587.5313;5860321;-4035.580811
403647.8438;5860321;-4036.919434
403708.125;5860321;-4038.416016
403768.4375;5860321;-4039.969971
403828.7188;5860321;-4041.505859
403889.0313;5860321;-4042.980713
403949.3438;5860321;-4044.346924
404009.625;5860321;-4045.596191
404069.9375;5860321;-4046.761475
404130.25;5860321;-4047.853027
404190.5313;5860321;-4048.883789
404250.8438;5860321;-4049.86084
404311.125;5860321;-4050.802734
404371.4375;5860321;-4051.736572
404431.75;5860321;-4052.670166
404492.0313;5860321;-4053.601318
404552.3438;5860321;-4054.544922
404612.625;5860321;-4060.969971
404672.9375;5860321;-4061.851318
404733.25;5860321;-4062.724854
404793.5313;5860321;-4063.567139
404853.8438;5860321;-4064.415283
404914.1563;5860321;-4065.262207
404974.4375;5860321;-4066.0896
405034.75;5860321;-4066.913574
405095.0313;5860321;-4067.732422
405155.3438;5860321;-4068.54126
405215.6563;5860321;-4069.336914
405275.9375;5860321;-4070.120117
405336.25;5860321;-4070.894287
405396.5625;5860321;-4071.655518
405456.8438;5860321;-4073.083496
405517.1563;5860321;-4074.1521
405577.4375;5860321;-4069.281494
405637.75;5860321;-4069.963623
405698.0625;5860321;-4070.640625
405758.3438;5860321;-4071.318115
405818.6563;5860321;-4072.000244
405878.9688;5860321;-4072.69165
405939.25;5860321;-4073.405518
405999.5625;5860321;-4074.144287
406059.8438;5860321;-4074.917236
406120.1563;5860321;-4075.73584
406180.4688;5860321;-4076.610352
406240.75;5860321;-4077.547852
406301.0625;5860321;-4078.552979
406361.375;5860321;-4079.637939
406421.6563;5860321;-4080.815186
406481.9688;5860321;-4082.078369
406542.25;5860321;-4083.421631
406602.5625;5860321;-4084.859863
406662.875;5860321;-4086.362793
406723.1563;5860321;-4087.87793
406783.4688;5860321;-4089.386963
406843.7813;5860321;-4090.848877
406904.0625;5860321;-4092.187012
406964.375;5860321;-4093.39624
407024.6563;5860321;-4094.474121
407084.9688;5860321;-4095.312012
407145.2813;5860321;-4095.804199
407205.5625;5860321;-4095.889648
407265.875;5860321;-4095.457031
407326.1875;5860321;-4094.464111
407386.4688;5860321;-4093.357422
407446.7813;5860321;-4092.681152
407507.0625;5860321;-4092.879639
407567.375;5860321;-4094.26709
407627.6875;5860321;-4096.084473
407687.9688;5860321;-4097.603516
407748.2813;5860321;-4098.478516
407808.5938;5860321;-4098.669922
407868.875;5860321;-4098.560547
407929.1875;5860321;-4098.369141
407989.4688;5860321;-4098.169434
408049.7813;5860321;-4097.980957
408110.0938;5860321;-4097.816895
408170.375;5860321;-4097.677734
408230.6875;5860321;-4097.56543
408291;5860321;-4097.469238
408351.2813;5860321;-4097.374023
408411.5938;5860321;-4097.27002
408471.875;5860321;-4097.148926
408532.1875;5860321;-4096.993652
408592.5;5860321;-4096.804199
408652.7813;5860321;-4096.586914
408713.0938;5860321;-4105.789063
408773.4063;5860321;-4105.495117
408833.6875;5860321;-4105.168945
408894;5860321;-4104.817871
408954.2813;5860321;-4104.452637
409014.5938;5860321;-4104.080566
409074.9063;5860321;-4103.708008
409135.1875;5860321;-4103.347656
409195.5;5860321;-4103.005859
409255.8125;5860321;-4102.692383
409316.0938;5860321;-4102.40625
409376.4063;5860321;-4102.145508
401356.4063;5860381.5;-4002.999512
401416.6875;5860381.5;-4002.908447
401477;5860381.5;-4002.806396
401537.3125;5860381.5;-4002.712158
401597.5938;5860381.5;-4002.680664
401657.9063;5860381.5;-4002.7771
401718.2188;5860381.5;-4003.044434
401778.5;5860381.5;-4003.552246
401838.8125;5860381.5;-4004.428711
401899.0938;5860381.5;-4005.680908
401959.4063;5860381.5;-4007.343994
402019.7188;5860381.5;-4009.508301
402080;5860381.5;-4012.206299
402140.3125;5860381.5;-4015.197754
402200.625;5860381.5;-4018.327148
402260.9063;5860381.5;-4021.377441
402321.2188;5860381.5;-4023.926514
402381.5;5860381.5;-4025.942139
402441.8125;5860381.5;-4027.468506
402502.125;5860381.5;-4028.480957
402562.4063;5860381.5;-4028.893799
402622.7188;5860381.5;-4028.896484
402683.0313;5860381.5;-4028.653809
402743.3125;5860381.5;-4028.301514
402803.625;5860381.5;-4028.037109
402863.9063;5860381.5;-4028.109863
402924.2188;5860381.5;-4028.545166
402984.5313;5860381.5;-4029.198975
403044.8125;5860381.5;-4029.946777
403105.125;5860381.5;-4030.678467
403165.4375;5860381.5;-4031.345947
403225.7188;5860381.5;-4031.884033
403286.0313;5860381.5;-4032.213135
403346.3125;5860381.5;-4032.451904
403406.625;5860381.5;-4032.731201
403466.9375;5860381.5;-4033.21582
403527.2188;5860381.5;-4034.07666
403587.5313;5860381.5;-4035.275635
403647.8438;5860381.5;-4036.745361
403708.125;5860381.5;-4038.401611
403768.4375;5860381.5;-4040.100342
403828.7188;5860381.5;-4041.746582
403889.0313;5860381.5;-4043.287598
403949.3438;5860381.5;-4044.666016
404009.625;5860381.5;-4045.88623
404069.9375;5860381.5;-4047.000244
404130.25;5860381.5;-4048.026367
404190.5313;5860381.5;-4048.985352
404250.8438;5860381.5;-4049.888672
404311.125;5860381.5;-4050.758301
404371.4375;5860381.5;-4051.626465
404431.75;5860381.5;-4052.504395
404492.0313;5860381.5;-4053.389893
404552.3438;5860381.5;-4054.298096
404612.625;5860381.5;-4060.982422
404672.9375;5860381.5;-4061.831299
404733.25;5860381.5;-4062.681152
404793.5313;5860381.5;-4063.50293
404853.8438;5860381.5;-4064.33667
404914.1563;5860381.5;-4065.173096
404974.4375;5860381.5;-4065.990479
405034.75;5860381.5;-4066.803955
405095.0313;5860381.5;-4067.611328
405155.3438;5860381.5;-4068.403809
405215.6563;5860381.5;-4069.179932
405275.9375;5860381.5;-4069.939941
405336.25;5860381.5;-4070.677002
405396.5625;5860381.5;-4071.398926
405456.8438;5860381.5;-4072.662842
405517.1563;5860381.5;-4073.733887
405577.4375;5860381.5;-4074.794922
405637.75;5860381.5;-4069.354004
405698.0625;5860381.5;-4070.004883
405758.3438;5860381.5;-4070.656006
405818.6563;5860381.5;-4071.311035
405878.9688;5860381.5;-4071.977051
405939.25;5860381.5;-4072.666504
405999.5625;5860381.5;-4073.381592
406059.8438;5860381.5;-4074.131592
406120.1563;5860381.5;-4074.928467
406180.4688;5860381.5;-4075.785156
406240.75;5860381.5;-4076.70752
406301.0625;5860381.5;-4077.701172
406361.375;5860381.5;-4078.781982
406421.6563;5860381.5;-4079.961182
406481.9688;5860381.5;-4081.234863
406542.25;5860381.5;-4082.596436
406602.5625;5860381.5;-4084.06543
406662.875;5860381.5;-4085.610107
406723.1563;5860381.5;-4087.174805
406783.4688;5860381.5;-4088.743408
406843.7813;5860381.5;-4090.278809
406904.0625;5860381.5;-4091.700195
406964.375;5860381.5;-4093.002197
407024.6563;5860381.5;-4094.181396
407084.9688;5860381.5;-4095.106934
407145.2813;5860381.5;-4095.617676
407205.5625;5860381.5;-4095.58667
407265.875;5860381.5;-4094.806885
407326.1875;5860381.5;-4093.081543
407386.4688;5860381.5;-4090.912109
407446.7813;5860381.5;-4089.183105
407507.0625;5860381.5;-4088.697021
407567.375;5860381.5;-4089.922607
407627.6875;5860381.5;-4091.710693
407687.9688;5860381.5;-4093.367432
407748.2813;5860381.5;-4094.599854
407808.5938;5860381.5;-4095.250977
407868.875;5860381.5;-4095.571777
407929.1875;5860381.5;-4095.734375
407989.4688;5860381.5;-4095.800781
408049.7813;5860381.5;-4095.799805
408110.0938;5860381.5;-4095.764404
408170.375;5860381.5;-4095.713379
408230.6875;5860381.5;-4095.654297
408291;5860381.5;-4095.589844
408351.2813;5860381.5;-4095.51709
408411.5938;5860381.5;-4095.432861
408471.875;5860381.5;-4095.330566
408532.1875;5860381.5;-4095.194336
408592.5;5860381.5;-4095.026367
408652.7813;5860381.5;-4104.246582
408713.0938;5860381.5;-4104.005371
408773.4063;5860381.5;-4103.727051
408833.6875;5860381.5;-4103.419922
408894;5860381.5;-4103.09082
408954.2813;5860381.5;-4102.749023
409014.5938;5860381.5;-4102.401855
409074.9063;5860381.5;-4102.054688
409135.1875;5860381.5;-4101.71875
409195.5;5860381.5;-4101.400879
409255.8125;5860381.5;-4101.109375
409316.0938;5860381.5;-4100.84375
409376.4063;5860381.5;-4100.601563
401356.4063;5860442.5;-4004.395264
401416.6875;5860442.5;-4004.381348
401477;5860442.5;-4004.370117
401537.3125;5860442.5;-4004.378662
401597.5938;5860442.5;-4004.458252
401657.9063;5860442.5;-4004.66333
401718.2188;5860442.5;-4005.028564
401778.5;5860442.5;-4005.612061
401838.8125;5860442.5;-4006.520508
401899.0938;5860442.5;-4007.750488
401959.4063;5860442.5;-4009.321289
402019.7188;5860442.5;-4011.29248
402080;5860442.5;-4013.663818
402140.3125;5860442.5;-4016.238037
402200.625;5860442.5;-4018.897461
402260.9063;5860442.5;-4021.486328
402321.2188;5860442.5;-4023.704834
402381.5;5860442.5;-4025.520752
402441.8125;5860442.5;-4026.952393
402502.125;5860442.5;-4027.952148
402562.4063;5860442.5;-4028.448975
402622.7188;5860442.5;-4028.595459
402683.0313;5860442.5;-4028.51709
402743.3125;5860442.5;-4028.350342
402803.625;5860442.5;-4028.271729
402863.9063;5860442.5;-4028.433838
402924.2188;5860442.5;-4028.866211
402984.5313;5860442.5;-4029.515869
403044.8125;5860442.5;-4030.266357
403105.125;5860442.5;-4031.000732
403165.4375;5860442.5;-4031.667725
403225.7188;5860442.5;-4032.178223
403286.0313;5860442.5;-4032.354492
403346.3125;5860442.5;-4032.354004
403406.625;5860442.5;-4032.405029
403466.9375;5860442.5;-4032.738037
403527.2188;5860442.5;-4033.597168
403587.5313;5860442.5;-4034.917969
403647.8438;5860442.5;-4036.587158
403708.125;5860442.5;-4038.466553
403768.4375;5860442.5;-4040.352539
403828.7188;5860442.5;-4042.129639
403889.0313;5860442.5;-4043.737793
403949.3438;5860442.5;-4045.111572
404009.625;5860442.5;-4046.277832
404069.9375;5860442.5;-4047.31543
404130.25;5860442.5;-4048.252197
404190.5313;5860442.5;-4049.120117
404250.8438;5860442.5;-4049.934814
404311.125;5860442.5;-4050.719238
404371.4375;5860442.5;-4051.510498
404431.75;5860442.5;-4052.323975
404492.0313;5860442.5;-4053.156982
404552.3438;5860442.5;-4058.737793
404612.625;5860442.5;-4060.980225
404672.9375;5860442.5;-4061.795898
404733.25;5860442.5;-4062.622559
404793.5313;5860442.5;-4063.424561
404853.8438;5860442.5;-4064.245605
404914.1563;5860442.5;-4065.073486
404974.4375;5860442.5;-4065.881836
405034.75;5860442.5;-4066.686035
405095.0313;5860442.5;-4067.481445
405155.3438;5860442.5;-4068.253906
405215.6563;5860442.5;-4069.005371
405275.9375;5860442.5;-4069.736572
405336.25;5860442.5;-4070.423096
405396.5625;5860442.5;-4071.112549
405456.8438;5860442.5;-4072.216553
405517.1563;5860442.5;-4073.290039
405577.4375;5860442.5;-4074.350342
405637.75;5860442.5;-4075.400391
405698.0625;5860442.5;-4069.33374
405758.3438;5860442.5;-4069.954834
405818.6563;5860442.5;-4070.579346
405878.9688;5860442.5;-4071.217041
405939.25;5860442.5;-4071.878906
405999.5625;5860442.5;-4072.567871
406059.8438;5860442.5;-4073.290771
406120.1563;5860442.5;-4074.062012
406180.4688;5860442.5;-4074.895996
406240.75;5860442.5;-4075.798096
406301.0625;5860442.5;-4076.775146
406361.375;5860442.5;-4077.845703
406421.6563;5860442.5;-4079.022461
406481.9688;5860442.5;-4080.300293
406542.25;5860442.5;-4081.676758
406602.5625;5860442.5;-4083.174561
406662.875;5860442.5;-4084.76416
406723.1563;5860442.5;-4086.38501
406783.4688;5860442.5;-4088.025635
406843.7813;5860442.5;-4089.660156
406904.0625;5860442.5;-4091.207275
406964.375;5860442.5;-4092.663574
407024.6563;5860442.5;-4094.030518
407084.9688;5860442.5;-4095.16748
407145.2813;5860442.5;-4095.867432
407205.5625;5860442.5;-4095.941406
407265.875;5860442.5;-4095.071777
407326.1875;5860442.5;-4092.819092
407386.4688;5860442.5;-4089.563232
407446.7813;5860442.5;-4086.515625
407507.0625;5860442.5;-4085.161621
407567.375;5860442.5;-4086.232422
407627.6875;5860442.5;-4087.984375
407687.9688;5860442.5;-4089.659424
407748.2813;5860442.5;-4091.031982
407808.5938;5860442.5;-4091.967529
407868.875;5860442.5;-4092.60376
407929.1875;5860442.5;-4093.05249
407989.4688;5860442.5;-4093.355469
408049.7813;5860442.5;-4093.532471
408110.0938;5860442.5;-4093.628662
408170.375;5860442.5;-4093.674072
408230.6875;5860442.5;-4093.68335
408291;5860442.5;-4093.664795
408351.2813;5860442.5;-4093.628174
408411.5938;5860442.5;-4093.575684
408471.875;5860442.5;-4093.500977
408532.1875;5860442.5;-4093.390381
408592.5;5860442.5;-4102.646484
408652.7813;5860442.5;-4102.449707
408713.0938;5860442.5;-4102.222168
408773.4063;5860442.5;-4101.959473
408833.6875;5860442.5;-4101.669434
408894;5860442.5;-4101.358887
408954.2813;5860442.5;-4101.037598
409014.5938;5860442.5;-4100.711426
409074.9063;5860442.5;-4100.385254
409135.1875;5860442.5;-4100.069824
409195.5;5860442.5;-4099.770508
409255.8125;5860442.5;-4099.49707
409316.0938;5860442.5;-4099.247559
409376.4063;5860442.5;-4099.021484
401356.4063;5860503;-4005.793701
401416.6875;5860503;-4005.8479
401477;5860503;-4005.916504
401537.3125;5860503;-4006.015137
401597.5938;5860503;-4006.188477
401657.9063;5860503;-4006.480957
401718.2188;5860503;-4006.919189
401778.5;5860503;-4007.549072
401838.8125;5860503;-4008.456543
401899.0938;5860503;-4009.632324
401959.4063;5860503;-4011.084961
402019.7188;5860503;-4012.85376
402080;5860503;-4014.921875
402140.3125;5860503;-4017.130859
402200.625;5860503;-4019.394531
402260.9063;5860503;-4021.601318
402321.2188;5860503;-4023.536621
402381.5;5860503;-4025.169434
402441.8125;5860503;-4026.503174
402502.125;5860503;-4027.488037
402562.4063;5860503;-4028.05835
402622.7188;5860503;-4028.33374
402683.0313;5860503;-4028.414551
402743.3125;5860503;-4028.41626
402803.625;5860503;-4028.497559
402863.9063;5860503;-4028.749023
402924.2188;5860503;-4029.196533
402984.5313;5860503;-4029.834717
403044.8125;5860503;-4030.560059
403105.125;5860503;-4031.268311
403165.4375;5860503;-4031.920654
403225.7188;5860503;-4032.400635
403286.0313;5860503;-4032.402588
403346.3125;5860503;-4032.124756
403406.625;5860503;-4031.924805
403466.9375;5860503;-4032.0979
403527.2188;5860503;-4032.99292
403587.5313;5860503;-4034.510498
403647.8438;5860503;-4036.460693
403708.125;5860503;-4038.631104
403768.4375;5860503;-4040.743896
403828.7188;5860503;-4042.66748
403889.0313;5860503;-4044.33667
403949.3438;5860503;-4045.681152
404009.625;5860503;-4046.763428
404069.9375;5860503;-4047.696777
404130.25;5860503;-4048.52124
404190.5313;5860503;-4049.278809
404250.8438;5860503;-4049.990479
404311.125;5860503;-4050.67749
404371.4375;5860503;-4051.382568
404431.75;5860503;-4052.123535
404492.0313;5860503;-4052.897461
404552.3438;5860503;-4060.216309
404612.625;5860503;-4060.945313
404672.9375;5860503;-4061.727051
404733.25;5860503;-4062.530518
404793.5313;5860503;-4063.31543
404853.8438;5860503;-4064.126221
404914.1563;5860503;-4064.94873
404974.4375;5860503;-4065.750732
405034.75;5860503;-4066.549072
405095.0313;5860503;-4067.335205
405155.3438;5860503;-4068.089844
405215.6563;5860503;-4068.818115
405275.9375;5860503;-4069.520508
405336.25;5860503;-4069.510742
405396.5625;5860503;-4070.643799
405456.8438;5860503;-4071.756836
405517.1563;5860503;-4072.830811
405577.4375;5860503;-4073.889648
405637.75;5860503;-4074.934082
405698.0625;5860503;-4075.93457
405758.3438;5860503;-4069.22998
405818.6563;5860503;-4069.822266
405878.9688;5860503;-4070.428955
405939.25;5860503;-4071.061523
405999.5625;5860503;-4071.72168
406059.8438;5860503;-4072.414307
406120.1563;5860503;-4073.156738
406180.4688;5860503;-4073.965088
406240.75;5860503;-4074.843506
406301.0625;5860503;-4075.799805
406361.375;5860503;-4076.856445
406421.6563;5860503;-4078.026123
406481.9688;5860503;-4079.304688
406542.25;5860503;-4080.692139
406602.5625;5860503;-4082.217773
406662.875;5860503;-4083.851807
406723.1563;5860503;-4085.533203
406783.4688;5860503;-4087.255859
406843.7813;5860503;-4089.008545
406904.0625;5860503;-4090.714844
406964.375;5860503;-4092.371094
407024.6563;5860503;-4093.989502
407084.9688;5860503;-4095.437012
407145.2813;5860503;-4096.486816
407205.5625;5860503;-4096.916504
407265.875;5860503;-4096.324219
407326.1875;5860503;-4093.978271
407386.4688;5860503;-4089.919922
407446.7813;5860503;-4085.498535
407507.0625;5860503;-4083.103516
407567.375;5860503;-4083.87207
407627.6875;5860503;-4085.377441
407687.9688;5860503;-4086.803223
407748.2813;5860503;-4088.060547
407808.5938;5860503;-4089.071777
407868.875;5860503;-4089.870117
407929.1875;5860503;-4090.499268
407989.4688;5860503;-4090.973145
408049.7813;5860503;-4091.290039
408110.0938;5860503;-4091.496094
408170.375;5860503;-4091.627197
408230.6875;5860503;-4091.700928
408291;5860503;-4091.730469
408351.2813;5860503;-4091.733154
408411.5938;5860503;-4091.716064
408471.875;5860503;-4091.672119
408532.1875;5860503;-4091.5896
408592.5;5860503;-4100.841309
408652.7813;5860503;-4100.657227
408713.0938;5860503;-4100.442871
408773.4063;5860503;-4100.194824
408833.6875;5860503;-4099.92041
408894;5860503;-4099.626953
408954.2813;5860503;-4099.323242
409014.5938;5860503;-4099.015137
409074.9063;5860503;-4098.707031
409135.1875;5860503;-4098.408691
409195.5;5860503;-4098.125977
409255.8125;5860503;-4097.867188
409316.0938;5860503;-4097.631836
409376.4063;5860503;-4097.417969
401356.4063;5860563.5;-4007.178711
401416.6875;5860563.5;-4007.291748
401477;5860563.5;-4007.427734
401537.3125;5860563.5;-4007.60083
401597.5938;5860563.5;-4007.85083
401657.9063;5860563.5;-4008.211182
401718.2188;5860563.5;-4008.700684
401778.5;5860563.5;-4009.354492
401838.8125;5860563.5;-4010.240479
401899.0938;5860563.5;-4011.345215
401959.4063;5860563.5;-4012.670898
402019.7188;5860563.5;-4014.243652
402080;5860563.5;-4016.041504
402140.3125;5860563.5;-4017.940186
402200.625;5860563.5;-4019.875488
402260.9063;5860563.5;-4021.768799
402321.2188;5860563.5;-4023.463135
402381.5;5860563.5;-4024.931396
402441.8125;5860563.5;-4026.168701
402502.125;5860563.5;-4027.128906
402562.4063;5860563.5;-4027.753174
402622.7188;5860563.5;-4028.135254
402683.0313;5860563.5;-4028.353271
402743.3125;5860563.5;-4028.497314
402803.625;5860563.5;-4028.698975
402863.9063;5860563.5;-4029.022949
402924.2188;5860563.5;-4029.488037
402984.5313;5860563.5;-4030.095947
403044.8125;5860563.5;-4030.763916
403105.125;5860563.5;-4031.398926
403165.4375;5860563.5;-4031.956055
403225.7188;5860563.5;-4032.302002
403286.0313;5860563.5;-4032.127686
403346.3125;5860563.5;-4031.650146
403406.625;5860563.5;-4031.23877
403466.9375;5860563.5;-4031.238037
403527.2188;5860563.5;-4032.22876
403587.5313;5860563.5;-4034.074951
403647.8438;5860563.5;-4036.40918
403708.125;5860563.5;-4038.939453
403768.4375;5860563.5;-4041.312744
403828.7188;5860563.5;-4043.387939
403889.0313;5860563.5;-4045.09668
403949.3438;5860563.5;-4046.373047
404009.625;5860563.5;-4047.330811
404069.9375;5860563.5;-4048.124756
404130.25;5860563.5;-4048.808105
404190.5313;5860563.5;-4049.437744
404250.8438;5860563.5;-4050.036133
404311.125;5860563.5;-4050.619873
404371.4375;5860563.5;-4051.234375
404431.75;5860563.5;-4051.900146
404492.0313;5860563.5;-4052.661377
404552.3438;5860563.5;-4060.19458
404612.625;5860563.5;-4060.873291
404672.9375;5860563.5;-4061.623047
404733.25;5860563.5;-4062.407715
404793.5313;5860563.5;-4063.179688
404853.8438;5860563.5;-4063.985107
404914.1563;5860563.5;-4064.807373
404974.4375;5860563.5;-4065.606934
405034.75;5860563.5;-4066.4021
405095.0313;5860563.5;-4067.183594
405155.3438;5860563.5;-4067.929443
405215.6563;5860563.5;-4068.642334
405275.9375;5860563.5;-4069.323242
405336.25;5860563.5;-4069.008057
405396.5625;5860563.5;-4070.154785
405456.8438;5860563.5;-4071.277344
405517.1563;5860563.5;-4072.352051
405577.4375;5860563.5;-4073.406738
405637.75;5860563.5;-4074.445313
405698.0625;5860563.5;-4075.433105
405758.3438;5860563.5;-4076.412842
405818.6563;5860563.5;-4069.029297
405878.9688;5860563.5;-4069.600586
405939.25;5860563.5;-4070.198242
405999.5625;5860563.5;-4070.824463
406059.8438;5860563.5;-4071.481689
406120.1563;5860563.5;-4072.188965
406180.4688;5860563.5;-4072.96582
406240.75;5860563.5;-4073.813232
406301.0625;5860563.5;-4074.741455
406361.375;5860563.5;-4075.775635
406421.6563;5860563.5;-4076.929932
406481.9688;5860563.5;-4078.199951
406542.25;5860563.5;-4079.590088
406602.5625;5860563.5;-4081.135254
406662.875;5860563.5;-4082.80957
406723.1563;5860563.5;-4084.549561
406783.4688;5860563.5;-4086.356934
406843.7813;5860563.5;-4088.240967
406904.0625;5860563.5;-4090.127686
406964.375;5860563.5;-4092.014893
407024.6563;5860563.5;-4093.929443
407084.9688;5860563.5;-4095.753174
407145.2813;5860563.5;-4097.266113
407205.5625;5860563.5;-4098.246582
407265.875;5860563.5;-4098.251465
407326.1875;5860563.5;-4096.41748
407386.4688;5860563.5;-4092.574219
407446.7813;5860563.5;-4087.618408
407507.0625;5860563.5;-4084.025146
407567.375;5860563.5;-4083.650146
407627.6875;5860563.5;-4084.256348
407687.9688;5860563.5;-4085.017822
407748.2813;5860563.5;-4085.862061
407808.5938;5860563.5;-4086.718506
407868.875;5860563.5;-4087.505615
407929.1875;5860563.5;-4088.187744
407989.4688;5860563.5;-4088.740967
408049.7813;5860563.5;-4089.139648
408110.0938;5860563.5;-4089.417725
408170.375;5860563.5;-4089.610596
408230.6875;5860563.5;-4089.737793
408291;5860563.5;-4089.810791
408351.2813;5860563.5;-4089.851807
408411.5938;5860563.5;-4089.868896
408471.875;5860563.5;-4089.856201
408532.1875;5860563.5;-4099.194336
408592.5;5860563.5;-4099.050293
408652.7813;5860563.5;-4098.877441
408713.0938;5860563.5;-4098.674316
408773.4063;5860563.5;-4098.4375
408833.6875;5860563.5;-4098.17627
408894;5860563.5;-4097.89502
408954.2813;5860563.5;-4097.60498
409014.5938;5860563.5;-4097.310547
409074.9063;5860563.5;-4097.016113
409135.1875;5860563.5;-4096.731445
409195.5;5860563.5;-4096.461426
409255.8125;5860563.5;-4096.214844
409316.0938;5860563.5;-4095.989258
409376.4063;5860563.5;-4095.784912
401356.4063;5860624;-4008.529785
401416.6875;5860624;-4008.686523
401477;5860624;-4008.873047
401537.3125;5860624;-4009.100342
401597.5938;5860624;-4009.404053
401657.9063;5860624;-4009.808838
401718.2188;5860624;-4010.327393
401778.5;5860624;-4010.985352
401838.8125;5860624;-4011.835693
401899.0938;5860624;-4012.862793
401959.4063;5860624;-4014.066406
402019.7188;5860624;-4015.465088
402080;5860624;-4017.036865
402140.3125;5860624;-4018.684326
402200.625;5860624;-4020.359863
402260.9063;5860624;-4022.003906
402321.2188;5860624;-4023.500488
402381.5;5860624;-4024.823975
402441.8125;5860624;-4025.967529
402502.125;5860624;-4026.890625
402562.4063;5860624;-4027.542969
402622.7188;5860624;-4027.996582
402683.0313;5860624;-4028.313965
402743.3125;5860624;-4028.5625
402803.625;5860624;-4028.844727
402863.9063;5860624;-4029.208252
402924.2188;5860624;-4029.667236
402984.5313;5860624;-4030.220215
403044.8125;5860624;-4030.797119
403105.125;5860624;-4031.312256
403165.4375;5860624;-4031.702637
403225.7188;5860624;-4031.840088
403286.0313;5860624;-4031.529297
403346.3125;5860624;-4030.981201
403406.625;5860624;-4030.440186
403466.9375;5860624;-4030.303223
403527.2188;5860624;-4031.471191
403587.5313;5860624;-4033.774414
403647.8438;5860624;-4036.57666
403708.125;5860624;-4039.496582
403768.4375;5860624;-4042.138672
403828.7188;5860624;-4044.338135
403889.0313;5860624;-4046.031982
403949.3438;5860624;-4047.176025
404009.625;5860624;-4047.951416
404069.9375;5860624;-4048.561035
404130.25;5860624;-4049.070557
404190.5313;5860624;-4049.554199
404250.8438;5860624;-4050.03125
404311.125;5860624;-4050.506348
404371.4375;5860624;-4051.028076
404431.75;5860624;-4051.619385
404492.0313;5860624;-4059.506348
404552.3438;5860624;-4060.100342
404612.625;5860624;-4060.732422
404672.9375;5860624;-4061.455811
404733.25;5860624;-4062.22998
404793.5313;5860624;-4062.997314
404853.8438;5860624;-4063.806641
404914.1563;5860624;-4064.635986
404974.4375;5860624;-4065.438721
405034.75;5860624;-4066.236084
405095.0313;5860624;-4067.019775
405155.3438;5860624;-4067.769043
405215.6563;5860624;-4068.478027
405275.9375;5860624;-4067.279297
405336.25;5860624;-4068.476074
405396.5625;5860624;-4069.638916
405456.8438;5860624;-4070.770996
405517.1563;5860624;-4071.843994
405577.4375;5860624;-4072.892822
405637.75;5860624;-4073.922363
405698.0625;5860624;-4074.894775
405758.3438;5860624;-4075.85791
405818.6563;5860624;-4076.823975
405878.9688;5860624;-4068.713379
405939.25;5860624;-4069.269287
405999.5625;5860624;-4069.854248
406059.8438;5860624;-4070.46875
406120.1563;5860624;-4071.134277
406180.4688;5860624;-4071.870605
406240.75;5860624;-4072.678711
406301.0625;5860624;-4073.568848
406361.375;5860624;-4074.569092
406421.6563;5860624;-4075.693604
406481.9688;5860624;-4076.940674
406542.25;5860624;-4078.316895
406602.5625;5860624;-4079.864746
406662.875;5860624;-4081.563965
406723.1563;5860624;-4083.347168
406783.4688;5860624;-4085.228271
406843.7813;5860624;-4087.237305
406904.0625;5860624;-4089.300537
406964.375;5860624;-4091.414307
407024.6563;5860624;-4093.615479
407084.9688;5860624;-4095.791748
407145.2813;5860624;-4097.726074
407205.5625;5860624;-4099.203613
407265.875;5860624;-4099.83252
407326.1875;5860624;-4098.958008
407386.4688;5860624;-4096.434082
407446.7813;5860624;-4092.066406
407507.0625;5860624;-4087.460693
407567.375;5860624;-4085.341064
407627.6875;5860624;-4084.577881
407687.9688;5860624;-4084.390381
407748.2813;5860624;-4084.595215
407808.5938;5860624;-4085.091553
407868.875;5860624;-4085.688721
407929.1875;5860624;-4086.272705
407989.4688;5860624;-4086.785889
408049.7813;5860624;-4087.181641
408110.0938;5860624;-4087.473145
408170.375;5860624;-4087.687988
408230.6875;5860624;-4087.842773
408291;5860624;-4087.945801
408351.2813;5860624;-4088.014893
408411.5938;5860624;-4088.05957
408471.875;5860624;-4097.526367
408532.1875;5860624;-4097.42334
408592.5;5860624;-4097.285156
408652.7813;5860624;-4097.117676
408713.0938;5860624;-4096.919434
408773.4063;5860624;-4096.688965
408833.6875;5860624;-4096.434082
408894;5860624;-4096.161133
408954.2813;5860624;-4095.878662
409014.5938;5860624;-4095.593018
409074.9063;5860624;-4095.307129
409135.1875;5860624;-4095.030762
409195.5;5860624;-4094.769043
409255.8125;5860624;-4094.530029
409316.0938;5860624;-4094.311523
409376.4063;5860624;-4094.113525
401356.4063;5860685;-4009.837891
401416.6875;5860685;-4010.025146
401477;5860685;-4010.245117
401537.3125;5860685;-4010.509033
401597.5938;5860685;-4010.846924
401657.9063;5860685;-4011.276611
401718.2188;5860685;-4011.806396
401778.5;5860685;-4012.454834
401838.8125;5860685;-4013.262207
401899.0938;5860685;-4014.212891
401959.4063;5860685;-4015.304932
402019.7188;5860685;-4016.55127
402080;5860685;-4017.93335
402140.3125;5860685;-4019.374023
402200.625;5860685;-4020.83667
402260.9063;5860685;-4022.277344
402321.2188;5860685;-4023.605713
402381.5;5860685;-4024.800049
402441.8125;5860685;-4025.853027
402502.125;5860685;-4026.730225
402562.4063;5860685;-4027.388916
402622.7188;5860685;-4027.885254
402683.0313;5860685;-4028.266846
402743.3125;5860685;-4028.584473
402803.625;5860685;-4028.913574
402863.9063;5860685;-4029.292236
402924.2188;5860685;-4029.727051
402984.5313;5860685;-4030.215088
403044.8125;5860685;-4030.697021
403105.125;5860685;-4031.100342
403165.4375;5860685;-4031.365479
403225.7188;5860685;-4031.378662
403286.0313;5860685;-4031.0354
403346.3125;5860685;-4030.540771
403406.625;5860685;-4030.08374
403466.9375;5860685;-4030.073975
403527.2188;5860685;-4031.447266
403587.5313;5860685;-4034.018799
403647.8438;5860685;-4037.11792
403708.125;5860685;-4040.323975
403768.4375;5860685;-4043.200684
403828.7188;5860685;-4045.455322
403889.0313;5860685;-4047.022217
403949.3438;5860685;-4047.962158
404009.625;5860685;-4048.516357
404069.9375;5860685;-4048.919189
404130.25;5860685;-4049.243896
404190.5313;5860685;-4049.578369
404250.8438;5860685;-4049.932373
404311.125;5860685;-4050.296631
404371.4375;5860685;-4050.722412
404431.75;5860685;-4051.237061
404492.0313;5860685;-4059.378906
404552.3438;5860685;-4059.905029
404612.625;5860685;-4060.493652
404672.9375;5860685;-4061.199219
404733.25;5860685;-4061.972168
404793.5313;5860685;-4062.746094
404853.8438;5860685;-4063.568848
404914.1563;5860685;-4064.41333
404974.4375;5860685;-4065.224609
405034.75;5860685;-4066.030029
405095.0313;5860685;-4066.821289
405155.3438;5860685;-4067.581299
405215.6563;5860685;-4065.44873
405275.9375;5860685;-4066.706787
405336.25;5860685;-4067.927734
405396.5625;5860685;-4069.104736
405456.8438;5860685;-4070.243408
405517.1563;5860685;-4071.310791
405577.4375;5860685;-4072.349365
405637.75;5860685;-4073.36499
405698.0625;5860685;-4074.317627
405758.3438;5860685;-4075.259277
405818.6563;5860685;-4076.203613
405878.9688;5860685;-4077.10498
405939.25;5860685;-4068.28833
405999.5625;5860685;-4068.830322
406059.8438;5860685;-4069.39917
406120.1563;5860685;-4070.019287
406180.4688;5860685;-4070.711914
406240.75;5860685;-4071.475098
406301.0625;5860685;-4072.320313
406361.375;5860685;-4073.27832
406421.6563;5860685;-4074.363037
406481.9688;5860685;-4075.572998
406542.25;5860685;-4076.917969
406602.5625;5860685;-4078.448975
406662.875;5860685;-4080.148438
406723.1563;5860685;-4081.950195
406783.4688;5860685;-4083.876709
406843.7813;5860685;-4085.979736
406904.0625;5860685;-4088.181152
406964.375;5860685;-4090.474121
407024.6563;5860685;-4092.896484
407084.9688;5860685;-4095.32373
407145.2813;5860685;-4097.519043
407205.5625;5860685;-4099.237793
407265.875;5860685;-4100.105469
407326.1875;5860685;-4099.611328
407386.4688;5860685;-4097.752441
407446.7813;5860685;-4094.097168
407507.0625;5860685;-4089.586182
407567.375;5860685;-4086.717773
407627.6875;5860685;-4085.118896
407687.9688;5860685;-4084.213623
407748.2813;5860685;-4083.852539
407808.5938;5860685;-4083.960205
407868.875;5860685;-4084.294678
407929.1875;5860685;-4084.697754
407989.4688;5860685;-4085.092529
408049.7813;5860685;-4085.422119
408110.0938;5860685;-4085.679199
408170.375;5860685;-4085.880615
408230.6875;5860685;-4086.03833
408291;5860685;-4086.152344
408351.2813;5860685;-4086.236328
408411.5938;5860685;-4095.846191
408471.875;5860685;-4095.784912
408532.1875;5860685;-4095.68042
408592.5;5860685;-4095.54126
408652.7813;5860685;-4095.373047
408713.0938;5860685;-4095.174316
408773.4063;5860685;-4094.94458
408833.6875;5860685;-4094.69165
408894;5860685;-4094.421143
408954.2813;5860685;-4094.143066
409014.5938;5860685;-4093.862061
409074.9063;5860685;-4093.581055
409135.1875;5860685;-4093.310303
409195.5;5860685;-4093.054443
409255.8125;5860685;-4092.820313
409316.0938;5860685;-4092.606689
409376.4063;5860685;-4092.413818
401356.4063;5860745.5;-4011.106445
401416.6875;5860745.5;-4011.3125
401477;5860745.5;-4011.554443
401537.3125;5860745.5;-4011.840576
401597.5938;5860745.5;-4012.197998
401657.9063;5860745.5;-4012.638428
401718.2188;5860745.5;-4013.16626
401778.5;5860745.5;-4013.795166
401838.8125;5860745.5;-4014.555664
401899.0938;5860745.5;-4015.433105
401959.4063;5860745.5;-4016.422119
402019.7188;5860745.5;-4017.533936
402080;5860745.5;-4018.752441
402140.3125;5860745.5;-4020.01709
402200.625;5860745.5;-4021.299072
402260.9063;5860745.5;-4022.56543
402321.2188;5860745.5;-4023.746338
402381.5;5860745.5;-4024.823486
402441.8125;5860745.5;-4025.789551
402502.125;5860745.5;-4026.615967
402562.4063;5860745.5;-4027.266357
402622.7188;5860745.5;-4027.784668
402683.0313;5860745.5;-4028.206299
402743.3125;5860745.5;-4028.56665
402803.625;5860745.5;-4028.921631
402863.9063;5860745.5;-4029.299805
402924.2188;5860745.5;-4029.70459
402984.5313;5860745.5;-4030.130615
403044.8125;5860745.5;-4030.529541
403105.125;5860745.5;-4030.845947
403165.4375;5860745.5;-4031.037109
403225.7188;5860745.5;-4031.02002
403286.0313;5860745.5;-4030.750244
403346.3125;5860745.5;-4030.431885
403406.625;5860745.5;-4030.265625
403466.9375;5860745.5;-4030.618652
403527.2188;5860745.5;-4032.178711
403587.5313;5860745.5;-4034.772705
403647.8438;5860745.5;-4037.939453
403708.125;5860745.5;-4041.303711
403768.4375;5860745.5;-4044.368164
403828.7188;5860745.5;-4046.5979
403889.0313;5860745.5;-4047.918945
403949.3438;5860745.5;-4048.58252
404009.625;5860745.5;-4048.901855
404069.9375;5860745.5;-4049.104736
404130.25;5860745.5;-4049.258545
404190.5313;5860745.5;-4049.458984
404250.8438;5860745.5;-4049.700195
404311.125;5860745.5;-4049.959229
404371.4375;5860745.5;-4050.293457
404431.75;5860745.5;-4055.804443
404492.0313;5860745.5;-4059.15332
404552.3438;5860745.5;-4059.613525
404612.625;5860745.5;-4060.16333
404672.9375;5860745.5;-4060.859863
404733.25;5860745.5;-4061.645264
404793.5313;5860745.5;-4062.439697
404853.8438;5860745.5;-4063.288086
404914.1563;5860745.5;-4064.154785
404974.4375;5860745.5;-4064.97583
405034.75;5860745.5;-4065.789795
405095.0313;5860745.5;-4066.589844
405155.3438;5860745.5;-4067.359863
405215.6563;5860745.5;-4064.80957
405275.9375;5860745.5;-4066.119141
405336.25;5860745.5;-4067.368896
405396.5625;5860745.5;-4068.562256
405456.8438;5860745.5;-4069.706787
405517.1563;5860745.5;-4070.764404
405577.4375;5860745.5;-4071.788818
405637.75;5860745.5;-4072.785889
405698.0625;5860745.5;-4073.714111
405758.3438;5860745.5;-4074.629883
405818.6563;5860745.5;-4075.549316
405878.9688;5860745.5;-4076.422363
405939.25;5860745.5;-4068.317139
405999.5625;5860745.5;-4067.748047
406059.8438;5860745.5;-4068.26709
406120.1563;5860745.5;-4068.83667
406180.4688;5860745.5;-4069.478516
406240.75;5860745.5;-4070.189453
406301.0625;5860745.5;-4070.980469
406361.375;5860745.5;-4071.884033
406421.6563;5860745.5;-4072.912842
406481.9688;5860745.5;-4074.066895
406542.25;5860745.5;-4075.358643
406602.5625;5860745.5;-4076.845215
406662.875;5860745.5;-4078.516357
406723.1563;5860745.5;-4080.303467
406783.4688;5860745.5;-4082.240723
406843.7813;5860745.5;-4084.401123
406904.0625;5860745.5;-4086.697998
406964.375;5860745.5;-4089.119629
407024.6563;5860745.5;-4091.706787
407084.9688;5860745.5;-4094.313232
407145.2813;5860745.5;-4096.67041
407205.5625;5860745.5;-4098.505859
407265.875;5860745.5;-4099.397461
407326.1875;5860745.5;-4098.811035
407386.4688;5860745.5;-4096.902344
407446.7813;5860745.5;-4093.831055
407507.0625;5860745.5;-4090.221191
407567.375;5860745.5;-4087.442871
407627.6875;5860745.5;-4085.472168
407687.9688;5860745.5;-4084.110352
407748.2813;5860745.5;-4083.322021
407808.5938;5860745.5;-4083.078125
407868.875;5860745.5;-4083.138672
407929.1875;5860745.5;-4083.330566
407989.4688;5860745.5;-4083.571533
408049.7813;5860745.5;-4083.801758
408110.0938;5860745.5;-4083.99707
408170.375;5860745.5;-4084.163086
408230.6875;5860745.5;-4084.305664
408291;5860745.5;-4084.418213
408351.2813;5860745.5;-4094.200195
408411.5938;5860745.5;-4094.155029
408471.875;5860745.5;-4094.08252
408532.1875;5860745.5;-4093.968018
408592.5;5860745.5;-4093.820068
408652.7813;5860745.5;-4093.644531
408713.0938;5860745.5;-4093.440186
408773.4063;5860745.5;-4093.205322
408833.6875;5860745.5;-4092.949463
408894;5860745.5;-4092.677734
408954.2813;5860745.5;-4092.398926
409014.5938;5860745.5;-4092.118896
409074.9063;5860745.5;-4091.840576
409135.1875;5860745.5;-4091.572266
409195.5;5860745.5;-4091.318848
409255.8125;5860745.5;-4091.087891
409316.0938;5860745.5;-4090.877197
409376.4063;5860745.5;-4090.687012
401356.4063;5860806;-4012.334473
401416.6875;5860806;-4012.55127
401477;5860806;-4012.803955
401537.3125;5860806;-4013.101318
401597.5938;5860806;-4013.465088
401657.9063;5860806;-4013.903809
401718.2188;5860806;-4014.419678
401778.5;5860806;-4015.020996
401838.8125;5860806;-4015.732178
401899.0938;5860806;-4016.537598
401959.4063;5860806;-4017.433105
402019.7188;5860806;-4018.424805
402080;5860806;-4019.501465
402140.3125;5860806;-4020.613525
402200.625;5860806;-4021.740234
402260.9063;5860806;-4022.855713
402321.2188;5860806;-4023.905518
402381.5;5860806;-4024.875
402441.8125;5860806;-4025.758057
402502.125;5860806;-4026.53125
402562.4063;5860806;-4027.16333
402622.7188;5860806;-4027.687744
402683.0313;5860806;-4028.129639
402743.3125;5860806;-4028.514648
402803.625;5860806;-4028.881104
402863.9063;5860806;-4029.251953
402924.2188;5860806;-4029.628174
402984.5313;5860806;-4030.004883
403044.8125;5860806;-4030.345215
403105.125;5860806;-4030.611572
403165.4375;5860806;-4030.780518
403225.7188;5860806;-4030.807861
403286.0313;5860806;-4030.696777
403346.3125;5860806;-4030.636963
403406.625;5860806;-4030.80835
403466.9375;5860806;-4031.511719
403527.2188;5860806;-4033.211914
403587.5313;5860806;-4035.750244
403647.8438;5860806;-4038.817871
403708.125;5860806;-4042.098389
403768.4375;5860806;-4045.098145
403828.7188;5860806;-4047.229248
403889.0313;5860806;-4048.389648
403949.3438;5860806;-4048.842773
404009.625;5860806;-4048.971436
404069.9375;5860806;-4049.018555
404130.25;5860806;-4049.04126
404190.5313;5860806;-4049.141602
404250.8438;5860806;-4049.292725
404311.125;5860806;-4049.458008
404371.4375;5860806;-4049.709473
404431.75;5860806;-4058.541504
404492.0313;5860806;-4058.819824
404552.3438;5860806;-4059.215332
404612.625;5860806;-4059.733154
404672.9375;5860806;-4060.434082
404733.25;5860806;-4061.251953
404793.5313;5860806;-4062.088867
404853.8438;5860806;-4062.981445
404914.1563;5860806;-4063.876953
404974.4375;5860806;-4064.704346
405034.75;5860806;-4065.521973
405095.0313;5860806;-4066.325928
405155.3438;5860806;-4062.678467
405215.6563;5860806;-4064.131836
405275.9375;5860806;-4065.516357
405336.25;5860806;-4066.801758
405396.5625;5860806;-4068.015625
405456.8438;5860806;-4069.169189
405517.1563;5860806;-4070.213623
405577.4375;5860806;-4071.218506
405637.75;5860806;-4072.192139
405698.0625;5860806;-4073.091064
405758.3438;5860806;-4073.977295
405818.6563;5860806;-4074.867432
405878.9688;5860806;-4075.710449
405939.25;5860806;-4076.566895
405999.5625;5860806;-4066.600342
406059.8438;5860806;-4067.0625
406120.1563;5860806;-4067.573242
406180.4688;5860806;-4068.157227
406240.75;5860806;-4068.805176
406301.0625;5860806;-4069.529053
406361.375;5860806;-4070.362549
406421.6563;5860806;-4071.315918
406481.9688;5860806;-4072.389648
406542.25;5860806;-4073.598145
406602.5625;5860806;-4075.007813
406662.875;5860806;-4076.614746
406723.1563;5860806;-4078.345947
406783.4688;5860806;-4080.250244
406843.7813;5860806;-4082.424561
406904.0625;5860806;-4084.768555
406964.375;5860806;-4087.269043
407024.6563;5860806;-4089.973877
407084.9688;5860806;-4092.714111
407145.2813;5860806;-4095.212891
407205.5625;5860806;-4097.195801
407265.875;5860806;-4098.127441
407326.1875;5860806;-4097.520996
407386.4688;5860806;-4095.733154
407446.7813;5860806;-4093.164551
407507.0625;5860806;-4090.217529
407567.375;5860806;-4087.584717
407627.6875;5860806;-4085.473877
407687.9688;5860806;-4083.876709
407748.2813;5860806;-4082.807129
407808.5938;5860806;-4082.280518
407868.875;5860806;-4082.093262
407929.1875;5860806;-4082.078369
407989.4688;5860806;-4082.156982
408049.7813;5860806;-4082.276123
408110.0938;5860806;-4082.397217
408170.375;5860806;-4082.515381
408230.6875;5860806;-4082.632568
408291;5860806;-4092.638916
408351.2813;5860806;-4092.585693
408411.5938;5860806;-4092.516113
408471.875;5860806;-4092.421631
408532.1875;5860806;-4092.288574
408592.5;5860806;-4092.124756
408652.7813;5860806;-4091.934082
408713.0938;5860806;-4091.716797
408773.4063;5860806;-4091.471924
408833.6875;5860806;-4091.20874
408894;5860806;-4090.930176
408954.2813;5860806;-4090.647461
409014.5938;5860806;-4090.364502
409074.9063;5860806;-4090.084961
409135.1875;5860806;-4089.815918
409195.5;5860806;-4089.562012
409255.8125;5860806;-4089.332031
409316.0938;5860806;-4089.121338
409376.4063;5860806;-4088.930908
401356.4063;5860866.5;-4013.518066
401416.6875;5860866.5;-4013.737061
401477;5860866.5;-4013.991943
401537.3125;5860866.5;-4014.289307
401597.5938;5860866.5;-4014.648682
401657.9063;5860866.5;-4015.075928
401718.2188;5860866.5;-4015.570313
401778.5;5860866.5;-4016.137695
401838.8125;5860866.5;-4016.796387
401899.0938;5860866.5;-4017.532471
401959.4063;5860866.5;-4018.341064
402019.7188;5860866.5;-4019.227051
402080;5860866.5;-4020.179932
402140.3125;5860866.5;-4021.160645
402200.625;5860866.5;-4022.15332
402260.9063;5860866.5;-4023.137451
402321.2188;5860866.5;-4024.071533
402381.5;5860866.5;-4024.943115
402441.8125;5860866.5;-4025.747803
402502.125;5860866.5;-4026.46582
402562.4063;5860866.5;-4027.071533
402622.7188;5860866.5;-4027.5896
402683.0313;5860866.5;-4028.037842
402743.3125;5860866.5;-4028.432373
402803.625;5860866.5;-4028.80249
402863.9063;5860866.5;-4029.165527
402924.2188;5860866.5;-4029.522705
402984.5313;5860866.5;-4029.871094
403044.8125;5860866.5;-4030.185791
403105.125;5860866.5;-4030.444824
403165.4375;5860866.5;-4030.641113
403225.7188;5860866.5;-4030.761475
403286.0313;5860866.5;-4030.841553
403346.3125;5860866.5;-4031.041748
403406.625;5860866.5;-4031.502197
403466.9375;5860866.5;-4032.440674
403527.2188;5860866.5;-4034.179443
403587.5313;5860866.5;-4036.575439
403647.8438;5860866.5;-4039.383789
403708.125;5860866.5;-4042.337891
403768.4375;5860866.5;-4044.999756
403828.7188;5860866.5;-4046.955566
403889.0313;5860866.5;-4048.087158
403949.3438;5860866.5;-4048.487061
404009.625;5860866.5;-4048.557861
404069.9375;5860866.5;-4048.556152
404130.25;5860866.5;-4048.530518
404190.5313;5860866.5;-4048.588623
404250.8438;5860866.5;-4048.684082
404311.125;5860866.5;-4048.773438
404371.4375;5860866.5;-4048.947998
404431.75;5860866.5;-4058.126709
404492.0313;5860866.5;-4058.311768
404552.3438;5860866.5;-4058.645264
404612.625;5860866.5;-4059.144287
404672.9375;5860866.5;-4059.87915
404733.25;5860866.5;-4060.773682
404793.5313;5860866.5;-4061.698242
404853.8438;5860866.5;-4062.671631
404914.1563;5860866.5;-4063.609619
404974.4375;5860866.5;-4064.436768
405034.75;5860866.5;-4065.244141
405095.0313;5860866.5;-4066.037842
405155.3438;5860866.5;-4061.881104
405215.6563;5860866.5;-4063.422119
405275.9375;5860866.5;-4064.884277
405336.25;5860866.5;-4066.20874
405396.5625;5860866.5;-4067.446289
405456.8438;5860866.5;-4068.608154
405517.1563;5860866.5;-4069.637451
405577.4375;5860866.5;-4070.618652
405637.75;5860866.5;-4071.563965
405698.0625;5860866.5;-4072.430176
405758.3438;5860866.5;-4073.283447
405818.6563;5860866.5;-4074.142334
405878.9688;5860866.5;-4074.955078
405939.25;5860866.5;-4075.783447
405999.5625;5860866.5;-4076.648682
406059.8438;5860866.5;-4065.819092
406120.1563;5860866.5;-4066.273438
406180.4688;5860866.5;-4066.801025
406240.75;5860866.5;-4067.386719
406301.0625;5860866.5;-4068.041748
406361.375;5860866.5;-4068.799561
406421.6563;5860866.5;-4069.667725
406481.9688;5860866.5;-4070.645996
406542.25;5860866.5;-4071.749512
406602.5625;5860866.5;-4073.049561
406662.875;5860866.5;-4074.551514
406723.1563;5860866.5;-4076.180176
406783.4688;5860866.5;-4077.99707
406843.7813;5860866.5;-4080.12207
406904.0625;5860866.5;-4082.443359
406964.375;5860866.5;-4084.949707
407024.6563;5860866.5;-4087.70166
407084.9688;5860866.5;-4090.521973
407145.2813;5860866.5;-4093.169189
407205.5625;5860866.5;-4095.368652
407265.875;5860866.5;-4096.373047
407326.1875;5860866.5;-4095.751465
407386.4688;5860866.5;-4094.166016
407446.7813;5860866.5;-4091.993164
407507.0625;5860866.5;-4089.469238
407567.375;5860866.5;-4087.043701
407627.6875;5860866.5;-4084.985107
407687.9688;5860866.5;-4083.334717
407748.2813;5860866.5;-4082.129883
407808.5938;5860866.5;-4081.419922
407868.875;5860866.5;-4081.047119
407929.1875;5860866.5;-4080.862793
407989.4688;5860866.5;-4080.799561
408049.7813;5860866.5;-4080.814453
408110.0938;5860866.5;-4080.861084
408170.375;5860866.5;-4080.92749
408230.6875;5860866.5;-4091.183838
408291;5860866.5;-4091.095947
408351.2813;5860866.5;-4091.004883
408411.5938;5860866.5;-4090.901611
408471.875;5860866.5;-4090.777344
408532.1875;5860866.5;-4090.618408
408592.5;5860866.5;-4090.432373
408652.7813;5860866.5;-4090.221924
408713.0938;5860866.5;-4089.987061
408773.4063;5860866.5;-4089.728516
408833.6875;5860866.5;-4089.454102
408894;5860866.5;-4089.167969
408954.2813;5860866.5;-4088.878418
409014.5938;5860866.5;-4088.591309
409074.9063;5860866.5;-4088.308594
409135.1875;5860866.5;-4088.037354
409195.5;5860866.5;-4087.782227
409255.8125;5860866.5;-4087.55127
409316.0938;5860866.5;-4087.340088
409376.4063;5860866.5;-4087.148926
401356.4063;5860927;-4014.658447
401416.6875;5860927;-4014.873535
401477;5860927;-4015.123535
401537.3125;5860927;-4015.414307
401597.5938;5860927;-4015.762451
401657.9063;5860927;-4016.170166
401718.2188;5860927;-4016.637207
401778.5;5860927;-4017.166016
401838.8125;5860927;-4017.771484
401899.0938;5860927;-4018.440918
401959.4063;5860927;-4019.168213
402019.7188;5860927;-4019.957764
402080;5860927;-4020.800293
402140.3125;5860927;-4021.665283
402200.625;5860927;-4022.539795
402260.9063;5860927;-4023.407715
402321.2188;5860927;-4024.238037
402381.5;5860927;-4025.019775
402441.8125;5860927;-4025.750488
402502.125;5860927;-4026.413818
402562.4063;5860927;-4026.988037
402622.7188;5860927;-4027.492188
402683.0313;5860927;-4027.937012
402743.3125;5860927;-4028.33374
402803.625;5860927;-4028.70459
402863.9063;5860927;-4029.062744
402924.2188;5860927;-4029.40918
402984.5313;5860927;-4029.746094
403044.8125;5860927;-4030.059814
403105.125;5860927;-4030.336914
403165.4375;5860927;-4030.58374
403225.7188;5860927;-4030.809082
403286.0313;5860927;-4031.062012
403346.3125;5860927;-4031.469482
403406.625;5860927;-4032.133057
403466.9375;5860927;-4033.198242
403527.2188;5860927;-4034.885498
403587.5313;5860927;-4037.070068
403647.8438;5860927;-4039.548828
403708.125;5860927;-4042.11499
403768.4375;5860927;-4044.398438
403828.7188;5860927;-4046.123047
403889.0313;5860927;-4047.191895
403949.3438;5860927;-4047.604736
404009.625;5860927;-4047.717529
404069.9375;5860927;-4047.749023
404130.25;5860927;-4047.735352
404190.5313;5860927;-4047.792969
404250.8438;5860927;-4047.862061
404311.125;5860927;-4047.889404
404371.4375;5860927;-4047.989258
404431.75;5860927;-4057.525879
404492.0313;5860927;-4057.622559
404552.3438;5860927;-4057.904297
404612.625;5860927;-4058.40625
404672.9375;5860927;-4059.220947
404733.25;5860927;-4060.263428
404793.5313;5860927;-4061.352051
404853.8438;5860927;-4062.466309
404914.1563;5860927;-4063.463135
404974.4375;5860927;-4064.273682
405034.75;5860927;-4065.040771
405095.0313;5860927;-4059.43457
405155.3438;5860927;-4061.101807
405215.6563;5860927;-4062.716797
405275.9375;5860927;-4064.250977
405336.25;5860927;-4065.611816
405396.5625;5860927;-4066.870361
405456.8438;5860927;-4068.03833
405517.1563;5860927;-4069.047852
405577.4375;5860927;-4070.000977
405637.75;5860927;-4070.914063
405698.0625;5860927;-4071.742676
405758.3438;5860927;-4072.560059
405818.6563;5860927;-4073.385742
405878.9688;5860927;-4074.168701
405939.25;5860927;-4074.970947
405999.5625;5860927;-4075.814453
406059.8438;5860927;-4076.651123
406120.1563;5860927;-4064.937744
406180.4688;5860927;-4065.411377
406240.75;5860927;-4065.934326
406301.0625;5860927;-4066.516602
406361.375;5860927;-4067.19165
406421.6563;5860927;-4067.961182
406481.9688;5860927;-4068.822998
406542.25;5860927;-4069.793701
406602.5625;5860927;-4070.948486
406662.875;5860927;-4072.303467
406723.1563;5860927;-4073.778564
406783.4688;5860927;-4075.451904
406843.7813;5860927;-4077.467773
406904.0625;5860927;-4079.699219
406964.375;5860927;-4082.138428
407024.6563;5860927;-4084.858154
407084.9688;5860927;-4087.659912
407145.2813;5860927;-4090.306152
407205.5625;5860927;-4092.527832
407265.875;5860927;-4093.607666
407326.1875;5860927;-4093.174072
407386.4688;5860927;-4091.90918
407446.7813;5860927;-4090.137695
407507.0625;5860927;-4088.020752
407567.375;5860927;-4085.888672
407627.6875;5860927;-4083.999268
407687.9688;5860927;-4082.41626
407748.2813;5860927;-4081.189941
407808.5938;5860927;-4080.388916
407868.875;5860927;-4079.89917
407929.1875;5860927;-4079.596191
407989.4688;5860927;-4079.426025
408049.7813;5860927;-4079.357666
408110.0938;5860927;-4090.063232
408170.375;5860927;-4089.873779
408230.6875;5860927;-4089.716309
408291;5860927;-4089.579102
408351.2813;5860927;-4089.444092
408411.5938;5860927;-4089.300537
408471.875;5860927;-4089.140381
408532.1875;5860927;-4088.951172
408592.5;5860927;-4088.738037
408652.7813;5860927;-4088.503662
408713.0938;5860927;-4088.248535
408773.4063;5860927;-4087.973633
408833.6875;5860927;-4087.686279
408894;5860927;-4087.389893
408954.2813;5860927;-4087.092773
409014.5938;5860927;-4086.798828
409074.9063;5860927;-4086.512451
409135.1875;5860927;-4086.238281
409195.5;5860927;-4085.980713
409255.8125;5860927;-4085.747559
409316.0938;5860927;-4085.5354
409376.4063;5860927;-4085.341797
401356.4063;5860988;-4015.756592
401416.6875;5860988;-4015.963135
401477;5860988;-4016.202881
401537.3125;5860988;-4016.481201
401597.5938;5860988;-4016.811768
401657.9063;5860988;-4017.195557
401718.2188;5860988;-4017.630859
401778.5;5860988;-4018.119141
401838.8125;5860988;-4018.670898
401899.0938;5860988;-4019.275635
401959.4063;5860988;-4019.926758
402019.7188;5860988;-4020.628418
402080;5860988;-4021.372314
402140.3125;5860988;-4022.133057
402200.625;5860988;-4022.901855
402260.9063;5860988;-4023.666992
402321.2188;5860988;-4024.402832
402381.5;5860988;-4025.102295
402441.8125;5860988;-4025.763428
402502.125;5860988;-4026.372559
402562.4063;5860988;-4026.912842
402622.7188;5860988;-4027.397217
402683.0313;5860988;-4027.833252
402743.3125;5860988;-4028.228027
402803.625;5860988;-4028.597168
402863.9063;5860988;-4028.952881
402924.2188;5860988;-4029.295898
402984.5313;5860988;-4029.632324
403044.8125;5860988;-4029.958252
403105.125;5860988;-4030.265625
403165.4375;5860988;-4030.569824
403225.7188;5860988;-4030.891113
403286.0313;5860988;-4031.283203
403346.3125;5860988;-4031.839111
403406.625;5860988;-4032.627686
403466.9375;5860988;-4033.737549
403527.2188;5860988;-4035.319336
403587.5313;5860988;-4037.264404
403647.8438;5860988;-4039.397949
403708.125;5860988;-4041.572266
403768.4375;5860988;-4043.499268
403828.7188;5860988;-4044.984619
403889.0313;5860988;-4045.967529
403949.3438;5860988;-4046.422607
404009.625;5860988;-4046.609131
404069.9375;5860988;-4046.694092
404130.25;5860988;-4046.708252
404190.5313;5860988;-4046.777344
404250.8438;5860988;-4046.831787
404311.125;5860988;-4046.805908
404371.4375;5860988;-4056.895752
404431.75;5860988;-4056.749756
404492.0313;5860988;-4056.77832
404552.3438;5860988;-4057.028076
404612.625;5860988;-4057.560303
404672.9375;5860988;-4058.505615
404733.25;5860988;-4059.784668
404793.5313;5860988;-4061.134766
404853.8438;5860988;-4062.466309
404914.1563;5860988;-4063.533936
404974.4375;5860988;-4064.303955
405034.75;5860988;-4057.811035
405095.0313;5860988;-4058.705322
405155.3438;5860988;-4060.408447
405215.6563;5860988;-4062.075928
405275.9375;5860988;-4063.666992
405336.25;5860988;-4065.052002
405396.5625;5860988;-4066.324707
405456.8438;5860988;-4067.493652
405517.1563;5860988;-4068.474609
405577.4375;5860988;-4069.390869
405637.75;5860988;-4070.264404
405698.0625;5860988;-4071.050049
405758.3438;5860988;-4071.82666
405818.6563;5860988;-4072.615967
405878.9688;5860988;-4073.369629
405939.25;5860988;-4074.150146
405999.5625;5860988;-4074.976563
406059.8438;5860988;-4075.806396
406120.1563;5860988;-4076.680908
406180.4688;5860988;-4063.966309
406240.75;5860988;-4064.419189
406301.0625;5860988;-4064.917236
406361.375;5860988;-4065.492676
406421.6563;5860988;-4066.13916
406481.9688;5860988;-4066.854248
406542.25;5860988;-4067.654541
406602.5625;5860988;-4068.621094
406662.875;5860988;-4069.783936
406723.1563;5860988;-4071.054932
406783.4688;5860988;-4072.532471
406843.7813;5860988;-4074.391846
406904.0625;5860988;-4076.482178
406964.375;5860988;-4078.800781
407024.6563;5860988;-4081.432617
407084.9688;5860988;-4084.136963
407145.2813;5860988;-4086.647217
407205.5625;5860988;-4088.705811
407265.875;5860988;-4089.860596
407326.1875;5860988;-4089.817383
407386.4688;5860988;-4088.996826
407446.7813;5860988;-4087.667725
407507.0625;5860988;-4085.986328
407567.375;5860988;-4084.202637
407627.6875;5860988;-4082.55542
407687.9688;5860988;-4081.123535
407748.2813;5860988;-4079.961182
407808.5938;5860988;-4079.145264
407868.875;5860988;-4078.602295
407929.1875;5860988;-4078.22998
407989.4688;5860988;-4077.98999
408049.7813;5860988;-4089.068359
408110.0938;5860988;-4088.754395
408170.375;5860988;-4088.495361
408230.6875;5860988;-4088.277588
408291;5860988;-4088.087402
408351.2813;5860988;-4087.903564
408411.5938;5860988;-4087.715088
408471.875;5860988;-4087.513916
408532.1875;5860988;-4087.289551
408592.5;5860988;-4087.04541
408652.7813;5860988;-4086.783936
408713.0938;5860988;-4086.505371
408773.4063;5860988;-4086.21167
408833.6875;5860988;-4085.90918
408894;5860988;-4085.600586
408954.2813;5860988;-4085.293457
409014.5938;5860988;-4084.992676
409074.9063;5860988;-4084.701172
409135.1875;5860988;-4084.422119
409195.5;5860988;-4084.161133
409255.8125;5860988;-4083.925537
409316.0938;5860988;-4083.709961
409376.4063;5860988;-4083.513428
401356.4063;5861048.5;-4016.812744
401416.6875;5861048.5;-4017.005615
401477;5861048.5;-4017.230225
401537.3125;5861048.5;-4017.491699
401597.5938;5861048.5;-4017.800537
401657.9063;5861048.5;-4018.156738
401718.2188;5861048.5;-4018.557129
401778.5;5861048.5;-4019.002686
401838.8125;5861048.5;-4019.501709
401899.0938;5861048.5;-4020.044189
401959.4063;5861048.5;-4020.624756
402019.7188;5861048.5;-4021.245605
402080;5861048.5;-4021.901123
402140.3125;5861048.5;-4022.569824
402200.625;5861048.5;-4023.244629
402260.9063;5861048.5;-4023.917969
402321.2188;5861048.5;-4024.56958
402381.5;5861048.5;-4025.193115
402441.8125;5861048.5;-4025.788574
402502.125;5861048.5;-4026.344971
402562.4063;5861048.5;-4026.848145
402622.7188;5861048.5;-4027.308594
402683.0313;5861048.5;-4027.730957
402743.3125;5861048.5;-4028.118652
402803.625;5861048.5;-4028.484619
402863.9063;5861048.5;-4028.838135
402924.2188;5861048.5;-4029.181396
402984.5313;5861048.5;-4029.523438
403044.8125;5861048.5;-4029.867432
403105.125;5861048.5;-4030.208252
403165.4375;5861048.5;-4030.563721
403225.7188;5861048.5;-4030.959717
403286.0313;5861048.5;-4031.446533
403346.3125;5861048.5;-4032.0896
403406.625;5861048.5;-4032.932373
403466.9375;5861048.5;-4034.020996
403527.2188;5861048.5;-4035.460938
403587.5313;5861048.5;-4037.159912
403647.8438;5861048.5;-4038.964355
403708.125;5861048.5;-4040.773682
403768.4375;5861048.5;-4042.378418
403828.7188;5861048.5;-4043.640381
403889.0313;5861048.5;-4044.525879
403949.3438;5861048.5;-4045.002441
404009.625;5861048.5;-4045.240479
404069.9375;5861048.5;-4045.364746
404130.25;5861048.5;-4045.397949
404190.5313;5861048.5;-4045.473877
404250.8438;5861048.5;-4045.519775
404311.125;5861048.5;-4045.469238
404371.4375;5861048.5;-4055.982422
404431.75;5861048.5;-4055.782471
404492.0313;5861048.5;-4055.758545
404552.3438;5861048.5;-4055.986816
404612.625;5861048.5;-4056.559326
404672.9375;5861048.5;-4057.656738
404733.25;5861048.5;-4059.274658
404793.5313;5861048.5;-4061.019043
404853.8438;5861048.5;-4062.656982
404914.1563;5861048.5;-4063.794678
404974.4375;5861048.5;-4064.502686
405034.75;5861048.5;-4056.474854
405095.0313;5861048.5;-4058.0979
405155.3438;5861048.5;-4059.808105
405215.6563;5861048.5;-4061.496826
405275.9375;5861048.5;-4063.115967
405336.25;5861048.5;-4064.500977
405396.5625;5861048.5;-4065.769775
405456.8438;5861048.5;-4066.927002
405517.1563;5861048.5;-4067.869141
405577.4375;5861048.5;-4068.742188
405637.75;5861048.5;-4069.570801
405698.0625;5861048.5;-4070.311768
405758.3438;5861048.5;-4071.047119
405818.6563;5861048.5;-4071.80127
405878.9688;5861048.5;-4072.530518
405939.25;5861048.5;-4073.295654
405999.5625;5861048.5;-4074.114014
406059.8438;5861048.5;-4074.947266
406120.1563;5861048.5;-4075.831299
406180.4688;5861048.5;-4076.790283
406240.75;5861048.5;-4062.920898
406301.0625;5861048.5;-4063.341309
406361.375;5861048.5;-4063.819092
406421.6563;5861048.5;-4064.339111
406481.9688;5861048.5;-4064.897217
406542.25;5861048.5;-4065.509521
406602.5625;5861048.5;-4066.262939
406662.875;5861048.5;-4067.200684
406723.1563;5861048.5;-4068.227051
406783.4688;5861048.5;-4069.462646
406843.7813;5861048.5;-4071.113037
406904.0625;5861048.5;-4073.010254
406964.375;5861048.5;-4075.158203
407024.6563;5861048.5;-4077.64917
407084.9688;5861048.5;-4080.205811
407145.2813;5861048.5;-4082.568848
407205.5625;5861048.5;-4084.506836
407265.875;5861048.5;-4085.743408
407326.1875;5861048.5;-4086.044922
407386.4688;5861048.5;-4085.635498
407446.7813;5861048.5;-4084.745117
407507.0625;5861048.5;-4083.502686
407567.375;5861048.5;-4082.090576
407627.6875;5861048.5;-4080.728271
407687.9688;5861048.5;-4079.502441
407748.2813;5861048.5;-4078.465576
407808.5938;5861048.5;-4077.696045
407868.875;5861048.5;-4077.1521
407929.1875;5861048.5;-4076.754883
407989.4688;5861048.5;-4076.479492
408049.7813;5861048.5;-4087.787354
408110.0938;5861048.5;-4087.408203
408170.375;5861048.5;-4087.087646
408230.6875;5861048.5;-4086.813232
408291;5861048.5;-4086.571045
408351.2813;5861048.5;-4086.338623
408411.5938;5861048.5;-4086.104004
408471.875;5861048.5;-4085.86084
408532.1875;5861048.5;-4085.600342
408592.5;5861048.5;-4085.324707
408652.7813;5861048.5;-4085.035889
408713.0938;5861048.5;-4084.733887
408773.4063;5861048.5;-4084.421631
408833.6875;5861048.5;-4084.104004
408894;5861048.5;-4083.783936
408954.2813;5861048.5;-4083.467041
409014.5938;5861048.5;-4083.15918
409074.9063;5861048.5;-4082.862793
409135.1875;5861048.5;-4082.57959
409195.5;5861048.5;-4082.314941
409255.8125;5861048.5;-4082.077148
409316.0938;5861048.5;-4081.858398
409376.4063;5861048.5;-4081.658691
401356.4063;5861109;-4017.822021
401416.6875;5861109;-4017.997314
401477;5861109;-4018.203613
401537.3125;5861109;-4018.444092
401597.5938;5861109;-4018.727295
401657.9063;5861109;-4019.05249
401718.2188;5861109;-4019.416992
401778.5;5861109;-4019.819824
401838.8125;5861109;-4020.267578
401899.0938;5861109;-4020.751465
401959.4063;5861109;-4021.266602
402019.7188;5861109;-4021.814697
402080;5861109;-4022.390625
402140.3125;5861109;-4022.977783
402200.625;5861109;-4023.570313
402260.9063;5861109;-4024.161865
402321.2188;5861109;-4024.737305
402381.5;5861109;-4025.29248
402441.8125;5861109;-4025.826416
402502.125;5861109;-4026.331055
402562.4063;5861109;-4026.795898
402622.7188;5861109;-4027.229004
402683.0313;5861109;-4027.632324
402743.3125;5861109;-4028.008789
402803.625;5861109;-4028.368408
402863.9063;5861109;-4028.719238
402924.2188;5861109;-4029.063232
402984.5313;5861109;-4029.411865
403044.8125;5861109;-4029.773193
403105.125;5861109;-4030.140137
403165.4375;5861109;-4030.533203
403225.7188;5861109;-4030.977539
403286.0313;5861109;-4031.513428
403346.3125;5861109;-4032.188477
403406.625;5861109;-4033.028076
403466.9375;5861109;-4034.051025
403527.2188;5861109;-4035.334961
403587.5313;5861109;-4036.804443
403647.8438;5861109;-4038.322754
403708.125;5861109;-4039.828369
403768.4375;5861109;-4041.168213
403828.7188;5861109;-4042.236328
403889.0313;5861109;-4043.016602
403949.3438;5861109;-4043.474854
404009.625;5861109;-4043.726563
404069.9375;5861109;-4043.862549
404130.25;5861109;-4043.896973
404190.5313;5861109;-4043.967773
404250.8438;5861109;-4044.007813
404311.125;5861109;-4055.035889
404371.4375;5861109;-4054.847412
404431.75;5861109;-4054.634277
404492.0313;5861109;-4054.580811
404552.3438;5861109;-4054.785645
404612.625;5861109;-4055.348877
404672.9375;5861109;-4056.508057
404733.25;5861109;-4058.546875
404793.5313;5861109;-4060.896484
404853.8438;5861109;-4062.911377
404914.1563;5861109;-4064.058838
404974.4375;5861109;-4054.346191
405034.75;5861109;-4055.998291
405095.0313;5861109;-4057.627441
405155.3438;5861109;-4059.355225
405215.6563;5861109;-4061.045654
405275.9375;5861109;-4062.659912
405336.25;5861109;-4064.009277
405396.5625;5861109;-4065.240479
405456.8438;5861109;-4066.358398
405517.1563;5861109;-4067.242676
405577.4375;5861109;-4068.058594
405637.75;5861109;-4068.835205
405698.0625;5861109;-4069.526611
405758.3438;5861109;-4070.219482
405818.6563;5861109;-4070.94043
405878.9688;5861109;-4071.650391
405939.25;5861109;-4072.4104
405999.5625;5861109;-4073.232666
406059.8438;5861109;-4074.083496
406120.1563;5861109;-4074.993896
406180.4688;5861109;-4075.976563
406240.75;5861109;-4068.980469
406301.0625;5861109;-4061.791748
406361.375;5861109;-4062.171875
406421.6563;5861109;-4062.559814
406481.9688;5861109;-4062.94873
406542.25;5861109;-4063.355225
406602.5625;5861109;-4063.87085
406662.875;5861109;-4064.555176
406723.1563;5861109;-4065.303955
406783.4688;5861109;-4066.260498
406843.7813;5861109;-4067.665771
406904.0625;5861109;-4069.342529
406964.375;5861109;-4071.306152
407024.6563;5861109;-4073.660889
407084.9688;5861109;-4076.088867
407145.2813;5861109;-4078.345947
407205.5625;5861109;-4080.236328
407265.875;5861109;-4081.560791
407326.1875;5861109;-4082.128418
407386.4688;5861109;-4082.065918
407446.7813;5861109;-4081.564697
407507.0625;5861109;-4080.719482
407567.375;5861109;-4079.660645
407627.6875;5861109;-4078.586914
407687.9688;5861109;-4077.587891
407748.2813;5861109;-4076.710205
407808.5938;5861109;-4076.027832
407868.875;5861109;-4075.524902
407929.1875;5861109;-4075.139648
407989.4688;5861109;-4086.935303
408049.7813;5861109;-4086.426514
408110.0938;5861109;-4085.996582
408170.375;5861109;-4085.625244
408230.6875;5861109;-4085.300781
408291;5861109;-4085.009033
408351.2813;5861109;-4084.729004
408411.5938;5861109;-4084.450928
408471.875;5861109;-4084.16748
408532.1875;5861109;-4083.872314
408592.5;5861109;-4083.566895
408652.7813;5861109;-4083.251953
408713.0938;5861109;-4082.927734
408773.4063;5861109;-4082.597656
408833.6875;5861109;-4082.266357
408894;5861109;-4081.935791
408954.2813;5861109;-4081.610352
409014.5938;5861109;-4081.296631
409074.9063;5861109;-4080.99585
409135.1875;5861109;-4080.708984
409195.5;5861109;-4080.441406
409255.8125;5861109;-4080.200928
409316.0938;5861109;-4079.979736
409376.4063;5861109;-4079.777344
401356.4063;5861169.5;-4018.790039
401416.6875;5861169.5;-4018.946289
401477;5861169.5;-4019.131348
401537.3125;5861169.5;-4019.348877
401597.5938;5861169.5;-4019.605225
401657.9063;5861169.5;-4019.898438
401718.2188;5861169.5;-4020.226074
401778.5;5861169.5;-4020.585938
401838.8125;5861169.5;-4020.984375
401899.0938;5861169.5;-4021.412109
401959.4063;5861169.5;-4021.865723
402019.7188;5861169.5;-4022.346436
402080;5861169.5;-4022.850342
402140.3125;5861169.5;-4023.363281
402200.625;5861169.5;-4023.880127
402260.9063;5861169.5;-4024.397461
402321.2188;5861169.5;-4024.903564
402381.5;5861169.5;-4025.394287
402441.8125;5861169.5;-4025.869873
402502.125;5861169.5;-4026.324707
402562.4063;5861169.5;-4026.750488
402622.7188;5861169.5;-4027.153564
402683.0313;5861169.5;-4027.535156
402743.3125;5861169.5;-4027.897217
402803.625;5861169.5;-4028.248291
402863.9063;5861169.5;-4028.594482
402924.2188;5861169.5;-4028.937744
402984.5313;5861169.5;-4029.29126
403044.8125;5861169.5;-4029.664551
403105.125;5861169.5;-4030.050537
403165.4375;5861169.5;-4030.46875
403225.7188;5861169.5;-4030.941406
403286.0313;5861169.5;-4031.5
403346.3125;5861169.5;-4032.177002
403406.625;5861169.5;-4032.987061
403466.9375;5861169.5;-4033.931396
403527.2188;5861169.5;-4035.067383
403587.5313;5861169.5;-4036.334717
403647.8438;5861169.5;-4037.61792
403708.125;5861169.5;-4038.879883
403768.4375;5861169.5;-4040.01001
403828.7188;5861169.5;-4040.92627
403889.0313;5861169.5;-4041.620117
403949.3438;5861169.5;-4042.058838
404009.625;5861169.5;-4042.323486
404069.9375;5861169.5;-4042.479736
404130.25;5861169.5;-4042.533203
404190.5313;5861169.5;-4042.614502
404250.8438;5861169.5;-4053.693848
404311.125;5861169.5;-4053.630615
404371.4375;5861169.5;-4053.473877
404431.75;5861169.5;-4053.28418
404492.0313;5861169.5;-4053.231934
404552.3438;5861169.5;-4053.401367
404612.625;5861169.5;-4053.851074
404672.9375;5861169.5;-4054.914551
404733.25;5861169.5;-4057.380371
404793.5313;5861169.5;-4060.530273
404853.8438;5861169.5;-4062.812744
404914.1563;5861169.5;-4063.708496
404974.4375;5861169.5;-4053.712646
405034.75;5861169.5;-4055.51123
405095.0313;5861169.5;-4057.275879
405155.3438;5861169.5;-4059.09375
405215.6563;5861169.5;-4060.798584
405275.9375;5861169.5;-4062.38501
405336.25;5861169.5;-4063.66748
405396.5625;5861169.5;-4064.821289
405456.8438;5861169.5;-4065.861328
405517.1563;5861169.5;-4066.658447
405577.4375;5861169.5;-4067.395508
405637.75;5861169.5;-4068.105957
405698.0625;5861169.5;-4068.739502
405758.3438;5861169.5;-4069.38501
405818.6563;5861169.5;-4070.070801
405878.9688;5861169.5;-4070.764404
405939.25;5861169.5;-4071.526367
405999.5625;5861169.5;-4072.361816
406059.8438;5861169.5;-4073.243896
406120.1563;5861169.5;-4074.196289
406180.4688;5861169.5;-4075.217529
406240.75;5861169.5;-4076.284912
406301.0625;5861169.5;-4060.195557
406361.375;5861169.5;-4060.463379
406421.6563;5861169.5;-4060.696533
406481.9688;5861169.5;-4060.887939
406542.25;5861169.5;-4061.057373
406602.5625;5861169.5;-4061.307373
406662.875;5861169.5;-4061.72168
406723.1563;5861169.5;-4062.176514
406783.4688;5861169.5;-4062.842773
406843.7813;5861169.5;-4064.009033
406904.0625;5861169.5;-4065.477783
406964.375;5861169.5;-4067.288574
407024.6563;5861169.5;-4069.563477
407084.9688;5861169.5;-4071.929443
407145.2813;5861169.5;-4074.148682
407205.5625;5861169.5;-4076.04126
407265.875;5861169.5;-4077.462891
407326.1875;5861169.5;-4078.253418
407386.4688;5861169.5;-4078.475342
407446.7813;5861169.5;-4078.300537
407507.0625;5861169.5;-4077.797607
407567.375;5861169.5;-4077.053223
407627.6875;5861169.5;-4076.247803
407687.9688;5861169.5;-4075.469971
407748.2813;5861169.5;-4074.758301
407808.5938;5861169.5;-4074.181641
407868.875;5861169.5;-4073.741455
407929.1875;5861169.5;-4086.193848
407989.4688;5861169.5;-4085.555908
408049.7813;5861169.5;-4085.013184
408110.0938;5861169.5;-4084.543213
408170.375;5861169.5;-4084.127441
408230.6875;5861169.5;-4083.757324
408291;5861169.5;-4083.420166
408351.2813;5861169.5;-4083.095703
408411.5938;5861169.5;-4082.775635
408471.875;5861169.5;-4082.453857
408532.1875;5861169.5;-4082.125244
408592.5;5861169.5;-4081.79126
408652.7813;5861169.5;-4081.45166
408713.0938;5861169.5;-4081.106689
408773.4063;5861169.5;-4080.76001
408833.6875;5861169.5;-4080.415771
408894;5861169.5;-4080.075684
408954.2813;5861169.5;-4079.742432
409014.5938;5861169.5;-4079.422607
409074.9063;5861169.5;-4079.117676
409135.1875;5861169.5;-4078.828125
409195.5;5861169.5;-4078.557373
409255.8125;5861169.5;-4078.314697
409316.0938;5861169.5;-4078.091064
409376.4063;5861169.5;-4077.88501
401356.4063;5861230;-4019.724365
401416.6875;5861230;-4019.859863
401477;5861230;-4020.023193
401537.3125;5861230;-4020.217041
401597.5938;5861230;-4020.445313
401657.9063;5861230;-4020.706055
401718.2188;5861230;-4020.99707
401778.5;5861230;-4021.315186
401838.8125;5861230;-4021.665039
401899.0938;5861230;-4022.040283
401959.4063;5861230;-4022.435791
402019.7188;5861230;-4022.854004
402080;5861230;-4023.290039
402140.3125;5861230;-4023.734131
402200.625;5861230;-4024.181641
402260.9063;5861230;-4024.629883
402321.2188;5861230;-4025.070557
402381.5;5861230;-4025.500732
402441.8125;5861230;-4025.920654
402502.125;5861230;-4026.326172
402562.4063;5861230;-4026.711914
402622.7188;5861230;-4027.083496
402683.0313;5861230;-4027.440674
402743.3125;5861230;-4027.785156
402803.625;5861230;-4028.124023
402863.9063;5861230;-4028.46167
402924.2188;5861230;-4028.801025
402984.5313;5861230;-4029.155029
403044.8125;5861230;-4029.533447
403105.125;5861230;-4029.929688
403165.4375;5861230;-4030.360107
403225.7188;5861230;-4030.845459
403286.0313;5861230;-4031.406494
403346.3125;5861230;-4032.065918
403406.625;5861230;-4032.82959
403466.9375;5861230;-4033.6875
403527.2188;5861230;-4034.683838
403587.5313;5861230;-4035.769043
403647.8438;5861230;-4036.846924
403708.125;5861230;-4037.898926
403768.4375;5861230;-4038.847656
403828.7188;5861230;-4039.628174
403889.0313;5861230;-4040.236328
403949.3438;5861230;-4040.643311
404009.625;5861230;-4040.908691
404069.9375;5861230;-4041.078369
404130.25;5861230;-4047.859863
404190.5313;5861230;-4052.218262
404250.8438;5861230;-4052.267578
404311.125;5861230;-4052.247803
404371.4375;5861230;-4052.149658
404431.75;5861230;-4052.026367
404492.0313;5861230;-4052.025635
404552.3438;5861230;-4052.219238
404612.625;5861230;-4052.681152
404672.9375;5861230;-4053.837158
404733.25;5861230;-4056.648438
404793.5313;5861230;-4060.229004
404853.8438;5861230;-4062.188965
404914.1563;5861230;-4050.290283
404974.4375;5861230;-4052.384521
405034.75;5861230;-4054.620361
405095.0313;5861230;-4056.740234
405155.3438;5861230;-4058.775635
405215.6563;5861230;-4060.551514
405275.9375;5861230;-4062.128662
405336.25;5861230;-4063.343018
405396.5625;5861230;-4064.403809
405456.8438;5861230;-4065.342529
405517.1563;5861230;-4066.033936
405577.4375;5861230;-4066.681152
405637.75;5861230;-4067.31958
405698.0625;5861230;-4067.895264
405758.3438;5861230;-4068.494629
405818.6563;5861230;-4069.147705
405878.9688;5861230;-4069.830811
405939.25;5861230;-4070.601807
405999.5625;5861230;-4071.460938
406059.8438;5861230;-4072.385254
406120.1563;5861230;-4073.390137
406180.4688;5861230;-4074.458984
406240.75;5861230;-4075.570068
406301.0625;5861230;-4076.693604
406361.375;5861230;-4058.766602
406421.6563;5861230;-4058.847656
406481.9688;5861230;-4058.842773
406542.25;5861230;-4058.772217
406602.5625;5861230;-4058.751953
406662.875;5861230;-4058.895264
406723.1563;5861230;-4059.062744
406783.4688;5861230;-4059.455566
406843.7813;5861230;-4060.400879
406904.0625;5861230;-4061.666992
406964.375;5861230;-4063.352051
407024.6563;5861230;-4065.597168
407084.9688;5861230;-4067.937988
407145.2813;5861230;-4070.144531
407205.5625;5861230;-4072.049316
407265.875;5861230;-4073.552002
407326.1875;5861230;-4074.518311
407386.4688;5861230;-4074.964844
407446.7813;5861230;-4075.055176
407507.0625;5861230;-4074.838379
407567.375;5861230;-4074.364746
407627.6875;5861230;-4073.799072
407687.9688;5861230;-4073.224365
407748.2813;5861230;-4072.672607
407808.5938;5861230;-4072.205322
407868.875;5861230;-4085.449463
407929.1875;5861230;-4084.724609
407989.4688;5861230;-4084.075439
408049.7813;5861230;-4083.509521
408110.0938;5861230;-4083.007813
408170.375;5861230;-4082.555664
408230.6875;5861230;-4082.14624
408291;5861230;-4081.769287
408351.2813;5861230;-4081.405762
408411.5938;5861230;-4081.04834
408471.875;5861230;-4080.692627
408532.1875;5861230;-4080.334961
408592.5;5861230;-4079.975586
408652.7813;5861230;-4079.614258
408713.0938;5861230;-4079.251221
408773.4063;5861230;-4078.890625
408833.6875;5861230;-4078.535889
408894;5861230;-4078.187988
408954.2813;5861230;-4077.848633
409014.5938;5861230;-4077.52417
409074.9063;5861230;-4077.216553
409135.1875;5861230;-4076.924805
409195.5;5861230;-4076.651611
409255.8125;5861230;-4076.407715
409316.0938;5861230;-4076.181396
409376.4063;5861230;-4075.972412
401356.4063;5861291;-4020.620605
401416.6875;5861291;-4020.735107
401477;5861291;-4020.875977
401537.3125;5861291;-4021.044678
401597.5938;5861291;-4021.244629
401657.9063;5861291;-4021.473389
401718.2188;5861291;-4021.727539
401778.5;5861291;-4022.005127
401838.8125;5861291;-4022.309326
401899.0938;5861291;-4022.633545
401959.4063;5861291;-4022.975098
402019.7188;5861291;-4023.334473
402080;5861291;-4023.708984
402140.3125;5861291;-4024.089111
402200.625;5861291;-4024.472412
402260.9063;5861291;-4024.856934
402321.2188;5861291;-4025.237061
402381.5;5861291;-4025.610107
402441.8125;5861291;-4025.976563
402502.125;5861291;-4026.333984
402562.4063;5861291;-4026.679199
402622.7188;5861291;-4027.016602
402683.0313;5861291;-4027.346191
402743.3125;5861291;-4027.668701
402803.625;5861291;-4027.991211
402863.9063;5861291;-4028.316895
402924.2188;5861291;-4028.646973
402984.5313;5861291;-4028.995605
403044.8125;5861291;-4029.371826
403105.125;5861291;-4029.768066
403165.4375;5861291;-4030.19873
403225.7188;5861291;-4030.680908
403286.0313;5861291;-4031.227051
403346.3125;5861291;-4031.853027
403406.625;5861291;-4032.558838
403466.9375;5861291;-4033.329102
403527.2188;5861291;-4034.195801
403587.5313;5861291;-4035.121094
403647.8438;5861291;-4036.023682
403708.125;5861291;-4036.89917
403768.4375;5861291;-4037.692627
403828.7188;5861291;-4038.35376
403889.0313;5861291;-4038.88208
403949.3438;5861291;-4039.252686
404009.625;5861291;-4039.511963
404069.9375;5861291;-4050.091309
404130.25;5861291;-4050.520264
404190.5313;5861291;-4050.765381
404250.8438;5861291;-4050.861572
404311.125;5861291;-4050.9104
404371.4375;5861291;-4050.906982
404431.75;5861291;-4050.901611
404492.0313;5861291;-4051.024414
404552.3438;5861291;-4051.342041
404612.625;5861291;-4051.984863
404672.9375;5861291;-4053.34082
404733.25;5861291;-4055.904053
404793.5313;5861291;-4058.75
404853.8438;5861291;-4060.114502
404914.1563;5861291;-4047.956787
404974.4375;5861291;-4050.553711
405034.75;5861291;-4053.409912
405095.0313;5861291;-4056.033936
405155.3438;5861291;-4058.351807
405215.6563;5861291;-4060.240967
405275.9375;5861291;-4061.838135
405336.25;5861291;-4063.001709
405396.5625;5861291;-4063.965088
405456.8438;5861291;-4064.780273
405517.1563;5861291;-4065.344238
405577.4375;5861291;-4065.888184
405637.75;5861291;-4066.453125
405698.0625;5861291;-4066.972168
405758.3438;5861291;-4067.528076
405818.6563;5861291;-4068.152832
405878.9688;5861291;-4068.830811
405939.25;5861291;-4069.61792
405999.5625;5861291;-4070.508057
406059.8438;5861291;-4071.483154
406120.1563;5861291;-4072.549072
406180.4688;5861291;-4073.671875
406240.75;5861291;-4074.832031
406301.0625;5861291;-4075.990723
406361.375;5861291;-4077.087402
406421.6563;5861291;-4056.990967
406481.9688;5861291;-4056.795166
406542.25;5861291;-4056.485352
406602.5625;5861291;-4056.186523
406662.875;5861291;-4056.061035
406723.1563;5861291;-4055.965576
406783.4688;5861291;-4056.134033
406843.7813;5861291;-4056.916504
406904.0625;5861291;-4058.015869
406964.375;5861291;-4059.613037
407024.6563;5861291;-4061.875244
407084.9688;5861291;-4064.215088
407145.2813;5861291;-4066.406982
407205.5625;5861291;-4068.306641
407265.875;5861291;-4069.858154
407326.1875;5861291;-4070.947998
407386.4688;5861291;-4071.557373
407446.7813;5861291;-4071.849609
407507.0625;5861291;-4071.858887
407567.375;5861291;-4071.608887
407627.6875;5861291;-4071.248047
407687.9688;5861291;-4070.853516
407748.2813;5861291;-4070.449951
407808.5938;5861291;-4070.091797
407868.875;5861291;-4083.837891
407929.1875;5861291;-4083.12793
407989.4688;5861291;-4082.478516
408049.7813;5861291;-4081.89917
408110.0938;5861291;-4081.375
408170.375;5861291;-4080.895264
408230.6875;5861291;-4080.45459
408291;5861291;-4080.044434
408351.2813;5861291;-4079.648193
408411.5938;5861291;-4079.259766
408471.875;5861291;-4078.875732
408532.1875;5861291;-4078.493896
408592.5;5861291;-4078.113525
408652.7813;5861291;-4077.734863
408713.0938;5861291;-4077.35791
408773.4063;5861291;-4076.986572
408833.6875;5861291;-4076.624023
408894;5861291;-4076.270508
408954.2813;5861291;-4075.927246
409014.5938;5861291;-4075.599854
409074.9063;5861291;-4075.29126
409135.1875;5861291;-4074.998291
409195.5;5861291;-4074.724365
409255.8125;5861291;-4074.479248
409316.0938;5861291;-4074.251221
409376.4063;5861291;-4074.039795
401356.4063;5861351.5;-4021.466797
401416.6875;5861351.5;-4021.55835
401477;5861351.5;-4021.675781
401537.3125;5861351.5;-4021.819092
401597.5938;5861351.5;-4021.98999
401657.9063;5861351.5;-4022.186279
401718.2188;5861351.5;-4022.404785
401778.5;5861351.5;-4022.642822
401838.8125;5861351.5;-4022.903076
401899.0938;5861351.5;-4023.18042
401959.4063;5861351.5;-4023.471191
402019.7188;5861351.5;-4023.7771
402080;5861351.5;-4024.094482
402140.3125;5861351.5;-4024.416748
402200.625;5861351.5;-4024.742188
402260.9063;5861351.5;-4025.068115
402321.2188;5861351.5;-4025.39209
402381.5;5861351.5;-4025.71167
402441.8125;5861351.5;-4026.027344
402502.125;5861351.5;-4026.337402
402562.4063;5861351.5;-4026.641602
402622.7188;5861351.5;-4026.942383
402683.0313;5861351.5;-4027.241211
402743.3125;5861351.5;-4027.538086
402803.625;5861351.5;-4027.839355
402863.9063;5861351.5;-4028.146729
402924.2188;5861351.5;-4028.462402
402984.5313;5861351.5;-4028.798096
403044.8125;5861351.5;-4029.16333
403105.125;5861351.5;-4029.549561
403165.4375;5861351.5;-4029.968262
403225.7188;5861351.5;-4030.43335
403286.0313;5861351.5;-4030.952637
403346.3125;5861351.5;-4031.535889
403406.625;5861351.5;-4032.180664
403466.9375;5861351.5;-4032.868652
403527.2188;5861351.5;-4033.624756
403587.5313;5861351.5;-4034.419189
403647.8438;5861351.5;-4035.185059
403708.125;5861351.5;-4035.923584
403768.4375;5861351.5;-4036.597412
403828.7188;5861351.5;-4037.165527
403889.0313;5861351.5;-4037.630859
403949.3438;5861351.5;-4037.973145
404009.625;5861351.5;-4048.052734
404069.9375;5861351.5;-4048.541748
404130.25;5861351.5;-4048.964111
404190.5313;5861351.5;-4049.229736
404250.8438;5861351.5;-4049.380859
404311.125;5861351.5;-4049.513916
404371.4375;5861351.5;-4049.624268
404431.75;5861351.5;-4049.764648
404492.0313;5861351.5;-4050.053467
404552.3438;5861351.5;-4050.532227
404612.625;5861351.5;-4051.289063
404672.9375;5861351.5;-4052.568604
404733.25;5861351.5;-4054.432861
404793.5313;5861351.5;-4056.244385
404853.8438;5861351.5;-4044.352051
404914.1563;5861351.5;-4046.216797
404974.4375;5861351.5;-4049.248779
405034.75;5861351.5;-4052.561768
405095.0313;5861351.5;-4055.550781
405155.3438;5861351.5;-4058.008301
405215.6563;5861351.5;-4059.941162
405275.9375;5861351.5;-4061.54834
405336.25;5861351.5;-4062.684814
405396.5625;5861351.5;-4063.543701
405456.8438;5861351.5;-4064.193604
405517.1563;5861351.5;-4064.600098
405577.4375;5861351.5;-4065.02002
405637.75;5861351.5;-4065.503174
405698.0625;5861351.5;-4065.967285
405758.3438;5861351.5;-4066.481689
405818.6563;5861351.5;-4067.077637
405878.9688;5861351.5;-4067.749023
405939.25;5861351.5;-4068.551758
405999.5625;5861351.5;-4069.472168
406059.8438;5861351.5;-4070.497314
406120.1563;5861351.5;-4071.621826
406180.4688;5861351.5;-4072.797607
406240.75;5861351.5;-4074.013672
406301.0625;5861351.5;-4075.222656
406361.375;5861351.5;-4076.3479
406421.6563;5861351.5;-4077.378662
406481.9688;5861351.5;-4054.710938
406542.25;5861351.5;-4054.149658
406602.5625;5861351.5;-4053.543213
406662.875;5861351.5;-4053.139648
406723.1563;5861351.5;-4052.818604
406783.4688;5861351.5;-4052.870605
406843.7813;5861351.5;-4053.682617
406904.0625;5861351.5;-4054.813721
406964.375;5861351.5;-4056.406494
407024.6563;5861351.5;-4058.642822
407084.9688;5861351.5;-4060.921387
407145.2813;5861351.5;-4063.050293
407205.5625;5861351.5;-4064.893799
407265.875;5861351.5;-4066.437256
407326.1875;5861351.5;-4067.584961
407386.4688;5861351.5;-4068.284668
407446.7813;5861351.5;-4068.706299
407507.0625;5861351.5;-4068.874268
407567.375;5861351.5;-4068.791992
407627.6875;5861351.5;-4068.593506
407687.9688;5861351.5;-4068.348877
407748.2813;5861351.5;-4068.075195
407808.5938;5861351.5;-4082.804199
407868.875;5861351.5;-4082.078613
407929.1875;5861351.5;-4081.39209
407989.4688;5861351.5;-4080.751709
408049.7813;5861351.5;-4080.170166
408110.0938;5861351.5;-4079.63501
408170.375;5861351.5;-4079.137939
408230.6875;5861351.5;-4078.67627
408291;5861351.5;-4078.242432
408351.2813;5861351.5;-4077.822266
408411.5938;5861351.5;-4077.411133
408471.875;5861351.5;-4077.006592
408532.1875;5861351.5;-4076.607666
408592.5;5861351.5;-4076.213623
408652.7813;5861351.5;-4075.822998
408713.0938;5861351.5;-4075.437012
408773.4063;5861351.5;-4075.060547
408833.6875;5861351.5;-4074.693848
408894;5861351.5;-4074.338623
408954.2813;5861351.5;-4073.994629
409014.5938;5861351.5;-4073.667725
409074.9063;5861351.5;-4073.360352
409135.1875;5861351.5;-4073.068604
409195.5;5861351.5;-4072.794922
409255.8125;5861351.5;-4072.550049
409316.0938;5861351.5;-4072.322266
409376.4063;5861351.5;-4072.109375
401356.4063;5861412;-4022.273438
401416.6875;5861412;-4022.343018
401477;5861412;-4022.437012
401537.3125;5861412;-4022.554932
401597.5938;5861412;-4022.697754
401657.9063;5861412;-4022.862305
401718.2188;5861412;-4023.045898
401778.5;5861412;-4023.246094
401838.8125;5861412;-4023.4646
401899.0938;5861412;-4023.696533
401959.4063;5861412;-4023.94043
402019.7188;5861412;-4024.195557
402080;5861412;-4024.460205
402140.3125;5861412;-4024.728516
402200.625;5861412;-4024.999268
402260.9063;5861412;-4025.27124
402321.2188;5861412;-4025.541992
402381.5;5861412;-4025.810303
402441.8125;5861412;-4026.07666
402502.125;5861412;-4026.340088
402562.4063;5861412;-4026.602295
402622.7188;5861412;-4026.865234
402683.0313;5861412;-4027.129883
402743.3125;5861412;-4027.397705
402803.625;5861412;-4027.672852
402863.9063;5861412;-4027.956787
402924.2188;5861412;-4028.251221
402984.5313;5861412;-4028.568115
403044.8125;5861412;-4028.914551
403105.125;5861412;-4029.28125
403165.4375;5861412;-4029.678223
403225.7188;5861412;-4030.116699
403286.0313;5861412;-4030.600098
403346.3125;5861412;-4031.134277
403406.625;5861412;-4031.716064
403466.9375;5861412;-4032.325439
403527.2188;5861412;-4032.982178
403587.5313;5861412;-4033.66333
403647.8438;5861412;-4034.313721
403708.125;5861412;-4034.937988
403768.4375;5861412;-4035.509521
403828.7188;5861412;-4035.998291
403889.0313;5861412;-4036.406494
403949.3438;5861412;-4046.003418
404009.625;5861412;-4046.545166
404069.9375;5861412;-4047.00708
404130.25;5861412;-4047.419434
404190.5313;5861412;-4047.703857
404250.8438;5861412;-4047.90918
404311.125;5861412;-4048.124512
404371.4375;5861412;-4048.346436
404431.75;5861412;-4048.628418
404492.0313;5861412;-4049.080322
404552.3438;5861412;-4049.720215
404612.625;5861412;-4050.587402
404672.9375;5861412;-4051.805908
404733.25;5861412;-4053.289551
404793.5313;5861412;-4054.624756
404853.8438;5861412;-4043.023926
404914.1563;5861412;-4045.186035
404974.4375;5861412;-4048.273926
405034.75;5861412;-4051.614258
405095.0313;5861412;-4054.647705
405155.3438;5861412;-4057.163574
405215.6563;5861412;-4059.164307
405275.9375;5861412;-4060.846436
405336.25;5861412;-4062.046631
405396.5625;5861412;-4062.857666
405456.8438;5861412;-4063.354736
405517.1563;5861412;-4063.619873
405577.4375;5861412;-4063.935059
405637.75;5861412;-4064.355957
405698.0625;5861412;-4064.782715
405758.3438;5861412;-4065.269287
405818.6563;5861412;-4065.844971
405878.9688;5861412;-4066.514404
405939.25;5861412;-4067.334229
405999.5625;5861412;-4068.286377
406059.8438;5861412;-4069.363281
406120.1563;5861412;-4070.549561
406180.4688;5861412;-4071.787354
406240.75;5861412;-4073.080322
406301.0625;5861412;-4074.379395
406361.375;5861412;-4075.598877
406421.6563;5861412;-4076.72168
406481.9688;5861412;-4070.866211
406542.25;5861412;-4051.977783
406602.5625;5861412;-4051.022461
406662.875;5861412;-4050.259033
406723.1563;5861412;-4049.665527
406783.4688;5861412;-4049.653076
406843.7813;5861412;-4050.667725
406904.0625;5861412;-4052.024902
406964.375;5861412;-4053.696289
407024.6563;5861412;-4055.863281
407084.9688;5861412;-4058.015137
407145.2813;5861412;-4060.024414
407205.5625;5861412;-4061.756836
407265.875;5861412;-4063.236328
407326.1875;5861412;-4064.385254
407386.4688;5861412;-4065.119873
407446.7813;5861412;-4065.616943
407507.0625;5861412;-4065.893799
407567.375;5861412;-4065.937988
407627.6875;5861412;-4065.868896
407687.9688;5861412;-4065.749268
407748.2813;5861412;-4081.595215
407808.5938;5861412;-4080.877686
407868.875;5861412;-4080.192383
407929.1875;5861412;-4079.53125
407989.4688;5861412;-4078.905518
408049.7813;5861412;-4078.328125
408110.0938;5861412;-4077.788574
408170.375;5861412;-4077.281494
408230.6875;5861412;-4076.806885
408291;5861412;-4076.357178
408351.2813;5861412;-4075.920654
408411.5938;5861412;-4075.494141
408471.875;5861412;-4075.075684
408532.1875;5861412;-4074.66626
408592.5;5861412;-4074.263184
408652.7813;5861412;-4073.865967
408713.0938;5861412;-4073.476074
408773.4063;5861412;-4073.096436
408833.6875;5861412;-4072.729248
408894;5861412;-4072.375732
408954.2813;5861412;-4072.033691
409014.5938;5861412;-4071.70874
409074.9063;5861412;-4071.404541
409135.1875;5861412;-4071.115234
409195.5;5861412;-4070.843262
409255.8125;5861412;-4070.600098
409316.0938;5861412;-4070.372559
409376.4063;5861412;-4070.158691
401356.4063;5861472.5;-4023.048584
401416.6875;5861472.5;-4023.096436
401477;5861472.5;-4023.167725
401537.3125;5861472.5;-4023.260986
401597.5938;5861472.5;-4023.375732
401657.9063;5861472.5;-4023.509521
401718.2188;5861472.5;-4023.658936
401778.5;5861472.5;-4023.822266
401838.8125;5861472.5;-4024.000488
401899.0938;5861472.5;-4024.189453
401959.4063;5861472.5;-4024.387451
402019.7188;5861472.5;-4024.594482
402080;5861472.5;-4024.809082
402140.3125;5861472.5;-4025.026123
402200.625;5861472.5;-4025.245361
402260.9063;5861472.5;-4025.465332
402321.2188;5861472.5;-4025.685059
402381.5;5861472.5;-4025.903809
402441.8125;5861472.5;-4026.12207
402502.125;5861472.5;-4026.340088
402562.4063;5861472.5;-4026.559814
402622.7188;5861472.5;-4026.783691
402683.0313;5861472.5;-4027.012695
402743.3125;5861472.5;-4027.247559
402803.625;5861472.5;-4027.493164
402863.9063;5861472.5;-4027.749756
402924.2188;5861472.5;-4028.018799
402984.5313;5861472.5;-4028.310791
403044.8125;5861472.5;-4028.632568
403105.125;5861472.5;-4028.973633
403165.4375;5861472.5;-4029.342529
403225.7188;5861472.5;-4029.747314
403286.0313;5861472.5;-4030.189209
403346.3125;5861472.5;-4030.671143
403406.625;5861472.5;-4031.188477
403466.9375;5861472.5;-4031.7229
403527.2188;5861472.5;-4032.289063
403587.5313;5861472.5;-4032.86792
403647.8438;5861472.5;-4033.416992
403708.125;5861472.5;-4033.940674
403768.4375;5861472.5;-4034.421143
403828.7188;5861472.5;-4034.838379
403889.0313;5861472.5;-4042.901123
403949.3438;5861472.5;-4044.550781
404009.625;5861472.5;-4045.042236
404069.9375;5861472.5;-4045.472168
404130.25;5861472.5;-4045.869629
404190.5313;5861472.5;-4046.16748
404250.8438;5861472.5;-4046.417969
404311.125;5861472.5;-4046.702148
404371.4375;5861472.5;-4047.016113
404431.75;5861472.5;-4047.412598
404492.0313;5861472.5;-4047.991211
404552.3438;5861472.5;-4048.754639
404612.625;5861472.5;-4049.713623
404672.9375;5861472.5;-4050.920654
404733.25;5861472.5;-4052.26123
404793.5313;5861472.5;-4040.35791
404853.8438;5861472.5;-4042.237061
404914.1563;5861472.5;-4044.438232
404974.4375;5861472.5;-4047.337158
405034.75;5861472.5;-4050.37085
405095.0313;5861472.5;-4053.224609
405155.3438;5861472.5;-4055.76416
405215.6563;5861472.5;-4057.846924
405275.9375;5861472.5;-4059.634521
405336.25;5861472.5;-4060.953857
405396.5625;5861472.5;-4061.769775
405456.8438;5861472.5;-4062.159424
405517.1563;5861472.5;-4062.340332
405577.4375;5861472.5;-4062.607666
405637.75;5861472.5;-4063.004883
405698.0625;5861472.5;-4063.417969
405758.3438;5861472.5;-4063.890625
405818.6563;5861472.5;-4064.453369
405878.9688;5861472.5;-4065.122559
405939.25;5861472.5;-4065.95874
405999.5625;5861472.5;-4066.942139
406059.8438;5861472.5;-4068.069092
406120.1563;5861472.5;-4069.320313
406180.4688;5861472.5;-4070.63501
406240.75;5861472.5;-4072.040283
406301.0625;5861472.5;-4073.494141
406361.375;5861472.5;-4074.912354
406421.6563;5861472.5;-4076.253906
406481.9688;5861472.5;-4077.368652
406542.25;5861472.5;-4050.157959
406602.5625;5861472.5;-4048.806641
406662.875;5861472.5;-4047.53418
406723.1563;5861472.5;-4046.522705
406783.4688;5861472.5;-4046.394775
406843.7813;5861472.5;-4047.687988
406904.0625;5861472.5;-4049.356201
406964.375;5861472.5;-4051.174561
407024.6563;5861472.5;-4053.324219
407084.9688;5861472.5;-4055.35791
407145.2813;5861472.5;-4057.223389
407205.5625;5861472.5;-4058.808594
407265.875;5861472.5;-4060.186035
407326.1875;5861472.5;-4061.298584
407386.4688;5861472.5;-4062.030518
407446.7813;5861472.5;-4062.567383
407507.0625;5861472.5;-4062.918945
407567.375;5861472.5;-4063.060547
407627.6875;5861472.5;-4063.097412
407687.9688;5861472.5;-4080.185547
407748.2813;5861472.5;-4079.527832
407808.5938;5861472.5;-4078.859619
407868.875;5861472.5;-4078.21167
407929.1875;5861472.5;-4077.576416
407989.4688;5861472.5;-4076.967529
408049.7813;5861472.5;-4076.398926
408110.0938;5861472.5;-4075.859619
408170.375;5861472.5;-4075.348389
408230.6875;5861472.5;-4074.866455
408291;5861472.5;-4074.406738
408351.2813;5861472.5;-4073.960205
408411.5938;5861472.5;-4073.523438
408471.875;5861472.5;-4073.096924
408532.1875;5861472.5;-4072.680908
408592.5;5861472.5;-4072.273682
408652.7813;5861472.5;-4071.873535
408713.0938;5861472.5;-4071.483154
408773.4063;5861472.5;-4071.104492
408833.6875;5861472.5;-4070.739258
408894;5861472.5;-4070.38916
408954.2813;5861472.5;-4070.050781
409014.5938;5861472.5;-4069.729736
409074.9063;5861472.5;-4069.429688
409135.1875;5861472.5;-4069.144043
409195.5;5861472.5;-4068.874756
409255.8125;5861472.5;-4068.633545
409316.0938;5861472.5;-4068.406494
409376.4063;5861472.5;-4068.192871
401356.4063;5861533.5;-4023.785645
401416.6875;5861533.5;-4023.812988
401477;5861533.5;-4023.862061
401537.3125;5861533.5;-4023.930664
401597.5938;5861533.5;-4024.017822
401657.9063;5861533.5;-4024.120605
401718.2188;5861533.5;-4024.236572
401778.5;5861533.5;-4024.363525
401838.8125;5861533.5;-4024.502686
401899.0938;5861533.5;-4024.650146
401959.4063;5861533.5;-4024.803955
402019.7188;5861533.5;-4024.964844
402080;5861533.5;-4025.130859
402140.3125;5861533.5;-4025.298828
402200.625;5861533.5;-4025.468506
402260.9063;5861533.5;-4025.638672
402321.2188;5861533.5;-4025.809814
402381.5;5861533.5;-4025.980713
402441.8125;5861533.5;-4026.1521
402502.125;5861533.5;-4026.325439
402562.4063;5861533.5;-4026.502441
402622.7188;5861533.5;-4026.686523
402683.0313;5861533.5;-4026.876953
402743.3125;5861533.5;-4027.077148
402803.625;5861533.5;-4027.289307
402863.9063;5861533.5;-4027.514404
402924.2188;5861533.5;-4027.753906
402984.5313;5861533.5;-4028.017334
403044.8125;5861533.5;-4028.308838
403105.125;5861533.5;-4028.619385
403165.4375;5861533.5;-4028.955078
403225.7188;5861533.5;-4029.321533
403286.0313;5861533.5;-4029.718506
403346.3125;5861533.5;-4030.145996
403406.625;5861533.5;-4030.599854
403466.9375;5861533.5;-4031.062256
403527.2188;5861533.5;-4031.543701
403587.5313;5861533.5;-4032.030518
403647.8438;5861533.5;-4032.488037
403708.125;5861533.5;-4032.921875
403768.4375;5861533.5;-4033.319824
403828.7188;5861533.5;-4033.668701
403889.0313;5861533.5;-4035.487061
403949.3438;5861533.5;-4043.04834
404009.625;5861533.5;-4043.492676
404069.9375;5861533.5;-4043.894775
404130.25;5861533.5;-4044.280029
404190.5313;5861533.5;-4044.594971
404250.8438;5861533.5;-4044.891846
404311.125;5861533.5;-4045.241455
404371.4375;5861533.5;-4045.633301
404431.75;5861533.5;-4046.118164
404492.0313;5861533.5;-4046.786621
404552.3438;5861533.5;-4047.624023
404612.625;5861533.5;-4048.625732
404672.9375;5861533.5;-4049.824219
404733.25;5861533.5;-4051.10083
404793.5313;5861533.5;-4039.594482
404853.8438;5861533.5;-4041.503906
404914.1563;5861533.5;-4043.664063
404974.4375;5861533.5;-4046.317139
405034.75;5861533.5;-4049.008301
405095.0313;5861533.5;-4051.600342
405155.3438;5861533.5;-4054.028076
405215.6563;5861533.5;-4056.085693
405275.9375;5861533.5;-4057.884033
405336.25;5861533.5;-4059.233154
405396.5625;5861533.5;-4060.08252
405456.8438;5861533.5;-4060.510742
405517.1563;5861533.5;-4060.735596
405577.4375;5861533.5;-4061.038574
405637.75;5861533.5;-4061.458984
405698.0625;5861533.5;-4061.882813
405758.3438;5861533.5;-4062.348389
405818.6563;5861533.5;-4062.893555
405878.9688;5861533.5;-4063.552734
405939.25;5861533.5;-4064.393066
405999.5625;5861533.5;-4065.39502
406059.8438;5861533.5;-4066.560303
406120.1563;5861533.5;-4067.869385
406180.4688;5861533.5;-4069.274414
406240.75;5861533.5;-4070.843994
406301.0625;5861533.5;-4072.554199
406361.375;5861533.5;-4074.331543
406421.6563;5861533.5;-4076.090332
406481.9688;5861533.5;-4077.554199
406542.25;5861533.5;-4078.291992
406602.5625;5861533.5;-4047.39917
406662.875;5861533.5;-4045.453857
406723.1563;5861533.5;-4043.807861
406783.4688;5861533.5;-4043.426514
406843.7813;5861533.5;-4044.971436
406904.0625;5861533.5;-4046.97876
406964.375;5861533.5;-4048.972168
407024.6563;5861533.5;-4051.10498
407084.9688;5861533.5;-4052.983887
407145.2813;5861533.5;-4054.651855
407205.5625;5861533.5;-4056.054932
407265.875;5861533.5;-4057.292969
407326.1875;5861533.5;-4058.328613
407386.4688;5861533.5;-4059.032227
407446.7813;5861533.5;-4059.583008
407507.0625;5861533.5;-4059.984375
407567.375;5861533.5;-4060.199463
407627.6875;5861533.5;-4078.482178
407687.9688;5861533.5;-4077.941162
407748.2813;5861533.5;-4077.336914
407808.5938;5861533.5;-4076.716064
407868.875;5861533.5;-4076.107178
407929.1875;5861533.5;-4075.500732
407989.4688;5861533.5;-4074.913086
408049.7813;5861533.5;-4074.359131
408110.0938;5861533.5;-4073.828857
408170.375;5861533.5;-4073.321777
408230.6875;5861533.5;-4072.841309
408291;5861533.5;-4072.381592
408351.2813;5861533.5;-4071.93335
408411.5938;5861533.5;-4071.49585
408471.875;5861533.5;-4071.069336
408532.1875;5861533.5;-4070.655029
408592.5;5861533.5;-4070.250244
408652.7813;5861533.5;-4069.854736
408713.0938;5861533.5;-4069.469727
408773.4063;5861533.5;-4069.098145
408833.6875;5861533.5;-4068.73999
408894;5861533.5;-4068.398193
408954.2813;5861533.5;-4068.068115
409014.5938;5861533.5;-4067.754883
409074.9063;5861533.5;-4067.462158
409135.1875;5861533.5;-4067.183105
409195.5;5861533.5;-4066.919678
409255.8125;5861533.5;-4066.682861
409316.0938;5861533.5;-4066.45874
409376.4063;5861533.5;-4066.246826
401356.4063;5861594;-4024.480469
401416.6875;5861594;-4024.487793
401477;5861594;-4024.514648
401537.3125;5861594;-4024.559326
401597.5938;5861594;-4024.619629
401657.9063;5861594;-4024.692627
401718.2188;5861594;-4024.776367
401778.5;5861594;-4024.868408
401838.8125;5861594;-4024.970215
401899.0938;5861594;-4025.077148
401959.4063;5861594;-4025.189941
402019.7188;5861594;-4025.307129
402080;5861594;-4025.427734
402140.3125;5861594;-4025.549805
402200.625;5861594;-4025.672852
402260.9063;5861594;-4025.796143
402321.2188;5861594;-4025.920166
402381.5;5861594;-4026.04541
402441.8125;5861594;-4026.171631
402502.125;5861594;-4026.300781
402562.4063;5861594;-4026.435791
402622.7188;5861594;-4026.578369
402683.0313;5861594;-4026.729492
402743.3125;5861594;-4026.891602
402803.625;5861594;-4027.067383
402863.9063;5861594;-4027.256836
402924.2188;5861594;-4027.461426
402984.5313;5861594;-4027.689453
403044.8125;5861594;-4027.944824
403105.125;5861594;-4028.218262
403165.4375;5861594;-4028.513916
403225.7188;5861594;-4028.836182
403286.0313;5861594;-4029.183594
403346.3125;5861594;-4029.554443
403406.625;5861594;-4029.944092
403466.9375;5861594;-4030.337402
403527.2188;5861594;-4030.741211
403587.5313;5861594;-4031.144775
403647.8438;5861594;-4031.521729
403708.125;5861594;-4031.876221
403768.4375;5861594;-4032.200684
403828.7188;5861594;-4033.758301
403889.0313;5861594;-4034.109863
403949.3438;5861594;-4034.423096
404009.625;5861594;-4041.925293
404069.9375;5861594;-4042.290527
404130.25;5861594;-4042.651367
404190.5313;5861594;-4042.968506
404250.8438;5861594;-4043.291748
404311.125;5861594;-4043.677002
404371.4375;5861594;-4044.109375
404431.75;5861594;-4044.634277
404492.0313;5861594;-4045.332764
404552.3438;5861594;-4046.178711
404612.625;5861594;-4047.162354
404672.9375;5861594;-4048.318604
404733.25;5861594;-4036.572998
404793.5313;5861594;-4038.390625
404853.8438;5861594;-4040.274414
404914.1563;5861594;-4042.340576
404974.4375;5861594;-4044.770264
405034.75;5861594;-4047.192383
405095.0313;5861594;-4049.539063
405155.3438;5861594;-4051.78833
405215.6563;5861594;-4053.737061
405275.9375;5861594;-4055.44043
405336.25;5861594;-4056.70752
405396.5625;5861594;-4057.607422
405456.8438;5861594;-4058.215332
405517.1563;5861594;-4058.607422
405577.4375;5861594;-4059.028076
405637.75;5861594;-4059.522705
405698.0625;5861594;-4059.989502
405758.3438;5861594;-4060.465576
405818.6563;5861594;-4060.998535
405878.9688;5861594;-4061.648682
405939.25;5861594;-4062.495117
405999.5625;5861594;-4063.517578
406059.8438;5861594;-4064.727539
406120.1563;5861594;-4066.108643
406180.4688;5861594;-4067.644775
406240.75;5861594;-4069.467529
406301.0625;5861594;-4071.588379
406361.375;5861594;-4073.958984
406421.6563;5861594;-4076.435791
406481.9688;5861594;-4078.588867
406542.25;5861594;-4079.778809
406602.5625;5861594;-4079.07959
406662.875;5861594;-4044.730225
406723.1563;5861594;-4042.267578
406783.4688;5861594;-4041.43335
406843.7813;5861594;-4042.964355
406904.0625;5861594;-4045.099121
406964.375;5861594;-4047.134277
407024.6563;5861594;-4049.165527
407084.9688;5861594;-4050.832031
407145.2813;5861594;-4052.263428
407205.5625;5861594;-4053.453369
407265.875;5861594;-4054.523926
407326.1875;5861594;-4055.452148
407386.4688;5861594;-4056.094971
407446.7813;5861594;-4056.624756
407507.0625;5861594;-4057.04248
407567.375;5861594;-4076.574951
407627.6875;5861594;-4076.108887
407687.9688;5861594;-4075.60791
407748.2813;5861594;-4075.042725
407808.5938;5861594;-4074.460449
407868.875;5861594;-4073.887207
407929.1875;5861594;-4073.309326
407989.4688;5861594;-4072.744873
408049.7813;5861594;-4072.209961
408110.0938;5861594;-4071.693848
408170.375;5861594;-4071.197754
408230.6875;5861594;-4070.726807
408291;5861594;-4070.273682
408351.2813;5861594;-4069.831787
408411.5938;5861594;-4069.400879
408471.875;5861594;-4068.980957
408532.1875;5861594;-4068.574463
408592.5;5861594;-4068.178711
408652.7813;5861594;-4067.792725
408713.0938;5861594;-4067.417725
408773.4063;5861594;-4067.056152
408833.6875;5861594;-4066.709229
408894;5861594;-4066.378418
408954.2813;5861594;-4066.058838
409014.5938;5861594;-4065.755127
409074.9063;5861594;-4065.472412
409135.1875;5861594;-4065.20166
409195.5;5861594;-4064.945313
409255.8125;5861594;-4064.714111
409316.0938;5861594;-4064.493408
409376.4063;5861594;-4064.284424
401356.4063;5861654.5;-4025.134766
401416.6875;5861654.5;-4025.121826
401477;5861654.5;-4025.127441
401537.3125;5861654.5;-4025.148682
401597.5938;5861654.5;-4025.182617
401657.9063;5861654.5;-4025.226807
401718.2188;5861654.5;-4025.278564
401778.5;5861654.5;-4025.337646
401838.8125;5861654.5;-4025.403076
401899.0938;5861654.5;-4025.472656
401959.4063;5861654.5;-4025.545898
402019.7188;5861654.5;-4025.621826
402080;5861654.5;-4025.699463
402140.3125;5861654.5;-4025.777832
402200.625;5861654.5;-4025.857178
402260.9063;5861654.5;-4025.935791
402321.2188;5861654.5;-4026.015381
402381.5;5861654.5;-4026.096191
402441.8125;5861654.5;-4026.178955
402502.125;5861654.5;-4026.264648
402562.4063;5861654.5;-4026.35791
402622.7188;5861654.5;-4026.45874
402683.0313;5861654.5;-4026.569092
402743.3125;5861654.5;-4026.691406
402803.625;5861654.5;-4026.827881
402863.9063;5861654.5;-4026.978027
402924.2188;5861654.5;-4027.144043
402984.5313;5861654.5;-4027.331787
403044.8125;5861654.5;-4027.545898
403105.125;5861654.5;-4027.7771
403165.4375;5861654.5;-4028.027832
403225.7188;5861654.5;-4028.301514
403286.0313;5861654.5;-4028.595947
403346.3125;5861654.5;-4028.908203
403406.625;5861654.5;-4029.234131
403466.9375;5861654.5;-4029.561279
403527.2188;5861654.5;-4029.892578
403587.5313;5861654.5;-4030.219971
403647.8438;5861654.5;-4030.523438
403708.125;5861654.5;-4030.807129
403768.4375;5861654.5;-4032.133545
403828.7188;5861654.5;-4032.439697
403889.0313;5861654.5;-4032.719727
403949.3438;5861654.5;-4032.972168
404009.625;5861654.5;-4033.198242
404069.9375;5861654.5;-4040.650879
404130.25;5861654.5;-4040.974365
404190.5313;5861654.5;-4041.277344
404250.8438;5861654.5;-4041.604248
404311.125;5861654.5;-4041.999268
404371.4375;5861654.5;-4042.441162
404431.75;5861654.5;-4042.967285
404492.0313;5861654.5;-4043.651611
404552.3438;5861654.5;-4044.457275
404612.625;5861654.5;-4045.372803
404672.9375;5861654.5;-4039.276611
404733.25;5861654.5;-4034.971191
404793.5313;5861654.5;-4036.721191
404853.8438;5861654.5;-4038.529053
404914.1563;5861654.5;-4040.47876
404974.4375;5861654.5;-4042.720947
405034.75;5861654.5;-4044.933838
405095.0313;5861654.5;-4047.079102
405155.3438;5861654.5;-4049.15918
405215.6563;5861654.5;-4050.98999
405275.9375;5861654.5;-4052.598389
405336.25;5861654.5;-4053.799561
405396.5625;5861654.5;-4054.74585
405456.8438;5861654.5;-4055.501465
405517.1563;5861654.5;-4056.038086
405577.4375;5861654.5;-4056.567383
405637.75;5861654.5;-4057.12915
405698.0625;5861654.5;-4057.635742
405758.3438;5861654.5;-4058.135254
405818.6563;5861654.5;-4058.679443
405878.9688;5861654.5;-4059.334473
405939.25;5861654.5;-4060.193604
405999.5625;5861654.5;-4061.243652
406059.8438;5861654.5;-4062.503174
406120.1563;5861654.5;-4063.959473
406180.4688;5861654.5;-4065.639648
406240.75;5861654.5;-4067.753906
406301.0625;5861654.5;-4070.359131
406361.375;5861654.5;-4073.450439
406421.6563;5861654.5;-4076.856689
406481.9688;5861654.5;-4080.050049
406542.25;5861654.5;-4082.243164
406602.5625;5861654.5;-4082.127441
406662.875;5861654.5;-4052.201172
406723.1563;5861654.5;-4042.984863
406783.4688;5861654.5;-4041.557373
406843.7813;5861654.5;-4042.535889
406904.0625;5861654.5;-4044.204346
406964.375;5861654.5;-4045.852783
407024.6563;5861654.5;-4047.534424
407084.9688;5861654.5;-4048.869629
407145.2813;5861654.5;-4050.008301
407205.5625;5861654.5;-4050.955322
407265.875;5861654.5;-4051.837158
407326.1875;5861654.5;-4052.63623
407386.4688;5861654.5;-4053.192383
407446.7813;5861654.5;-4053.672607
407507.0625;5861654.5;-4074.529297
407567.375;5861654.5;-4074.118896
407627.6875;5861654.5;-4073.663818
407687.9688;5861654.5;-4073.185547
407748.2813;5861654.5;-4072.648926
407808.5938;5861654.5;-4072.098877
407868.875;5861654.5;-4071.558838
407929.1875;5861654.5;-4071.009521
407989.4688;5861654.5;-4070.471436
408049.7813;5861654.5;-4069.960205
408110.0938;5861654.5;-4069.464111
408170.375;5861654.5;-4068.985107
408230.6875;5861654.5;-4068.529541
408291;5861654.5;-4068.090576
408351.2813;5861654.5;-4067.661621
408411.5938;5861654.5;-4067.244141
408471.875;5861654.5;-4066.837646
408532.1875;5861654.5;-4066.444336
408592.5;5861654.5;-4066.062256
408652.7813;5861654.5;-4065.69043
408713.0938;5861654.5;-4065.330078
408773.4063;5861654.5;-4064.982666
408833.6875;5861654.5;-4064.649658
408894;5861654.5;-4064.332764
408954.2813;5861654.5;-4064.026123
409014.5938;5861654.5;-4063.734375
409074.9063;5861654.5;-4063.462402
409135.1875;5861654.5;-4063.200928
409195.5;5861654.5;-4062.952393
409255.8125;5861654.5;-4062.727783
409316.0938;5861654.5;-4062.512451
409376.4063;5861654.5;-4062.306396
401356.4063;5861715;-4025.75415
401416.6875;5861715;-4025.722656
401477;5861715;-4025.707275
401537.3125;5861715;-4025.705078
401597.5938;5861715;-4025.712402
401657.9063;5861715;-4025.728027
401718.2188;5861715;-4025.749512
401778.5;5861715;-4025.775635
401838.8125;5861715;-4025.805664
401899.0938;5861715;-4025.837402
401959.4063;5861715;-4025.872314
402019.7188;5861715;-4025.907959
402080;5861715;-4025.944092
402140.3125;5861715;-4025.980225
402200.625;5861715;-4026.016846
402260.9063;5861715;-4026.052246
402321.2188;5861715;-4026.088135
402381.5;5861715;-4026.126221
402441.8125;5861715;-4026.165527
402502.125;5861715;-4026.20874
402562.4063;5861715;-4026.26001
402622.7188;5861715;-4026.318848
402683.0313;5861715;-4026.388184
402743.3125;5861715;-4026.469482
402803.625;5861715;-4026.564697
402863.9063;5861715;-4026.673096
402924.2188;5861715;-4026.79834
402984.5313;5861715;-4026.944092
403044.8125;5861715;-4027.11377
403105.125;5861715;-4027.300293
403165.4375;5861715;-4027.503662
403225.7188;5861715;-4027.727051
403286.0313;5861715;-4027.967285
403346.3125;5861715;-4028.221191
403406.625;5861715;-4028.483887
403466.9375;5861715;-4028.745117
403527.2188;5861715;-4029.006348
403587.5313;5861715;-4029.260498
403647.8438;5861715;-4029.493408
403708.125;5861715;-4030.622559
403768.4375;5861715;-4030.872314
403828.7188;5861715;-4031.099365
403889.0313;5861715;-4031.30542
403949.3438;5861715;-4031.492432
404009.625;5861715;-4031.662109
404069.9375;5861715;-4031.833252
404130.25;5861715;-4039.227783
404190.5313;5861715;-4039.498779
404250.8438;5861715;-4039.807617
404311.125;5861715;-4040.1875
404371.4375;5861715;-4040.614746
404431.75;5861715;-4041.120361
404492.0313;5861715;-4041.766113
404552.3438;5861715;-4042.510498
404612.625;5861715;-4043.340332
404672.9375;5861715;-4039.406738
404733.25;5861715;-4033.350098
404793.5313;5861715;-4034.989258
404853.8438;5861715;-4036.679199
404914.1563;5861715;-4038.485596
404974.4375;5861715;-4040.537842
405034.75;5861715;-4042.552002
405095.0313;5861715;-4044.506348
405155.3438;5861715;-4046.412842
405215.6563;5861715;-4048.114258
405275.9375;5861715;-4049.624023
405336.25;5861715;-4050.773438
405396.5625;5861715;-4051.740967
405456.8438;5861715;-4052.575439
405517.1563;5861715;-4053.203857
405577.4375;5861715;-4053.804688
405637.75;5861715;-4054.40625
405698.0625;5861715;-4054.935547
405758.3438;5861715;-4055.460449
405818.6563;5861715;-4056.029785
405878.9688;5861715;-4056.690918
405939.25;5861715;-4057.553711
405999.5625;5861715;-4058.618896
406059.8438;5861715;-4059.908203
406120.1563;5861715;-4061.397217
406180.4688;5861715;-4063.158691
406240.75;5861715;-4065.474609
406301.0625;5861715;-4068.445313
406361.375;5861715;-4072.115234
406421.6563;5861715;-4076.297852
406481.9688;5861715;-4080.45874
406542.25;5861715;-4083.946777
406602.5625;5861715;-4085.519775
406662.875;5861715;-4083.727539
406723.1563;5861715;-4046.676758
406783.4688;5861715;-4044.284668
406843.7813;5861715;-4044.00293
406904.0625;5861715;-4044.612549
406964.375;5861715;-4045.466309
407024.6563;5861715;-4046.517578
407084.9688;5861715;-4047.349121
407145.2813;5861715;-4048.07666
407205.5625;5861715;-4048.720459
407265.875;5861715;-4049.354004
407326.1875;5861715;-4049.95752
407386.4688;5861715;-4050.402344
407446.7813;5861715;-4072.349609
407507.0625;5861715;-4071.980225
407567.375;5861715;-4071.543213
407627.6875;5861715;-4071.088623
407687.9688;5861715;-4070.626953
407748.2813;5861715;-4070.11499
407808.5938;5861715;-4069.599365
407868.875;5861715;-4069.09668
407929.1875;5861715;-4068.58252
407989.4688;5861715;-4068.077393
408049.7813;5861715;-4067.597412
408110.0938;5861715;-4067.129395
408170.375;5861715;-4066.676758
408230.6875;5861715;-4066.246582
408291;5861715;-4065.830811
408351.2813;5861715;-4065.423828
408411.5938;5861715;-4065.028076
408471.875;5861715;-4064.643555
408532.1875;5861715;-4064.271729
408592.5;5861715;-4063.910645
408652.7813;5861715;-4063.559814
408713.0938;5861715;-4063.220459
408773.4063;5861715;-4062.893555
408833.6875;5861715;-4062.579834
408894;5861715;-4062.28125
408954.2813;5861715;-4061.991943
409014.5938;5861715;-4061.716309
409074.9063;5861715;-4061.458984
409135.1875;5861715;-4061.210693
409195.5;5861715;-4060.9729
409255.8125;5861715;-4060.757568
409316.0938;5861715;-4060.550293
409376.4063;5861715;-4060.349609
401356.4063;5861775.5;-4026.345459
401416.6875;5861775.5;-4026.296143
401477;5861775.5;-4026.260254
401537.3125;5861775.5;-4026.235596
401597.5938;5861775.5;-4026.217285
401657.9063;5861775.5;-4026.204346
401718.2188;5861775.5;-4026.195557
401778.5;5861775.5;-4026.189209
401838.8125;5861775.5;-4026.18457
401899.0938;5861775.5;-4026.180176
401959.4063;5861775.5;-4026.17749
402019.7188;5861775.5;-4026.174561
402080;5861775.5;-4026.169922
402140.3125;5861775.5;-4026.164795
402200.625;5861775.5;-4026.159668
402260.9063;5861775.5;-4026.153076
402321.2188;5861775.5;-4026.146729
402381.5;5861775.5;-4026.142334
402441.8125;5861775.5;-4026.139648
402502.125;5861775.5;-4026.141357
402562.4063;5861775.5;-4026.150146
402622.7188;5861775.5;-4026.167725
402683.0313;5861775.5;-4026.194824
402743.3125;5861775.5;-4026.235107
402803.625;5861775.5;-4026.287842
402863.9063;5861775.5;-4026.354248
402924.2188;5861775.5;-4026.436768
402984.5313;5861775.5;-4026.539307
403044.8125;5861775.5;-4026.66333
403105.125;5861775.5;-4026.803223
403165.4375;5861775.5;-4026.958252
403225.7188;5861775.5;-4027.130371
403286.0313;5861775.5;-4027.31543
403346.3125;5861775.5;-4027.510498
403406.625;5861775.5;-4027.711426
403466.9375;5861775.5;-4027.908691
403527.2188;5861775.5;-4028.102295
403587.5313;5861775.5;-4028.286621
403647.8438;5861775.5;-4029.24585
403708.125;5861775.5;-4029.436035
403768.4375;5861775.5;-4029.604736
403828.7188;5861775.5;-4029.75293
403889.0313;5861775.5;-4029.884521
403949.3438;5861775.5;-4030.001953
404009.625;5861775.5;-4030.110107
404069.9375;5861775.5;-4030.224365
404130.25;5861775.5;-4030.357178
404190.5313;5861775.5;-4037.668701
404250.8438;5861775.5;-4037.944092
404311.125;5861775.5;-4038.292236
404371.4375;5861775.5;-4038.688965
404431.75;5861775.5;-4039.158447
404492.0313;5861775.5;-4039.751221
404552.3438;5861775.5;-4040.422119
404612.625;5861775.5;-4035.975586
404672.9375;5861775.5;-4037.071533
404733.25;5861775.5;-4038.183594
404793.5313;5861775.5;-4033.092041
404853.8438;5861775.5;-4034.64502
404914.1563;5861775.5;-4036.296387
404974.4375;5861775.5;-4038.162842
405034.75;5861775.5;-4039.989746
405095.0313;5861775.5;-4041.763672
405155.3438;5861775.5;-4043.501953
405215.6563;5861775.5;-4045.073486
405275.9375;5861775.5;-4046.488037
405336.25;5861775.5;-4047.589355
405396.5625;5861775.5;-4048.556885
405456.8438;5861775.5;-4049.42749
405517.1563;5861775.5;-4050.109863
405577.4375;5861775.5;-4050.755127
405637.75;5861775.5;-4051.38623
405698.0625;5861775.5;-4051.937744
405758.3438;5861775.5;-4052.487061
405818.6563;5861775.5;-4053.075928
405878.9688;5861775.5;-4053.731201
405939.25;5861775.5;-4054.578613
405999.5625;5861775.5;-4055.63623
406059.8438;5861775.5;-4056.926758
406120.1563;5861775.5;-4058.402344
406180.4688;5861775.5;-4060.167969
406240.75;5861775.5;-4062.571045
406301.0625;5861775.5;-4065.733154
406361.375;5861775.5;-4069.708252
406421.6563;5861775.5;-4074.290039
406481.9688;5861775.5;-4079.023926
406542.25;5861775.5;-4083.682861
406602.5625;5861775.5;-4087.59668
406662.875;5861775.5;-4087.854004
406723.1563;5861775.5;-4084.879395
406783.4688;5861775.5;-4047.148926
406843.7813;5861775.5;-4045.579346
406904.0625;5861775.5;-4045.077637
406964.375;5861775.5;-4045.081787
407024.6563;5861775.5;-4045.471924
407084.9688;5861775.5;-4045.802979
407145.2813;5861775.5;-4046.135742
407205.5625;5861775.5;-4046.495361
407265.875;5861775.5;-4046.887207
407326.1875;5861775.5;-4047.287842
407386.4688;5861775.5;-4047.611572
407446.7813;5861775.5;-4069.837891
407507.0625;5861775.5;-4069.37793
407567.375;5861775.5;-4068.902344
407627.6875;5861775.5;-4068.439453
407687.9688;5861775.5;-4067.988525
407748.2813;5861775.5;-4067.499512
407808.5938;5861775.5;-4067.018066
407868.875;5861775.5;-4066.555664
407929.1875;5861775.5;-4066.079346
407989.4688;5861775.5;-4065.61084
408049.7813;5861775.5;-4065.166992
408110.0938;5861775.5;-4064.732422
408170.375;5861775.5;-4064.311035
408230.6875;5861775.5;-4063.910645
408291;5861775.5;-4063.523682
408351.2813;5861775.5;-4063.144531
408411.5938;5861775.5;-4062.775391
408471.875;5861775.5;-4062.417236
408532.1875;5861775.5;-4062.071045
408592.5;5861775.5;-4061.734619
408652.7813;5861775.5;-4061.408447
408713.0938;5861775.5;-4061.092529
408773.4063;5861775.5;-4060.788574
408833.6875;5861775.5;-4060.496582
408894;5861775.5;-4060.218506
408954.2813;5861775.5;-4059.948242
409014.5938;5861775.5;-4059.689453
409074.9063;5861775.5;-4059.44873
409135.1875;5861775.5;-4059.214111
409195.5;5861775.5;-4058.988037
409255.8125;5861775.5;-4058.782471
409316.0938;5861775.5;-4058.582764
409376.4063;5861775.5;-4058.388916
401356.4063;5861836.5;-4026.90918
401416.6875;5861836.5;-4026.842529
401477;5861836.5;-4026.787354
401537.3125;5861836.5;-4026.740479
401597.5938;5861836.5;-4026.69751
401657.9063;5861836.5;-4026.657227
401718.2188;5861836.5;-4026.618652
401778.5;5861836.5;-4026.580078
401838.8125;5861836.5;-4026.541748
401899.0938;5861836.5;-4026.501953
401959.4063;5861836.5;-4026.462158
402019.7188;5861836.5;-4026.420898
402080;5861836.5;-4026.376465
402140.3125;5861836.5;-4026.331055
402200.625;5861836.5;-4026.285156
402260.9063;5861836.5;-4026.237061
402321.2188;5861836.5;-4026.189453
402381.5;5861836.5;-4026.144287
402441.8125;5861836.5;-4026.099854
402502.125;5861836.5;-4026.05957
402562.4063;5861836.5;-4026.027832
402622.7188;5861836.5;-4026.003418
402683.0313;5861836.5;-4025.989258
402743.3125;5861836.5;-4025.987549
402803.625;5861836.5;-4025.998291
402863.9063;5861836.5;-4026.021973
402924.2188;5861836.5;-4026.062256
402984.5313;5861836.5;-4026.120605
403044.8125;5861836.5;-4026.19873
403105.125;5861836.5;-4026.291992
403165.4375;5861836.5;-4026.398926
403225.7188;5861836.5;-4026.519287
403286.0313;5861836.5;-4026.650391
403346.3125;5861836.5;-4026.787598
403406.625;5861836.5;-4026.928223
403466.9375;5861836.5;-4027.064453
403527.2188;5861836.5;-4027.193115
403587.5313;5861836.5;-4027.310547
403647.8438;5861836.5;-4028.144043
403708.125;5861836.5;-4028.252686
403768.4375;5861836.5;-4028.34082
403828.7188;5861836.5;-4028.4104
403889.0313;5861836.5;-4028.465332
403949.3438;5861836.5;-4028.509277
404009.625;5861836.5;-4028.548584
404069.9375;5861836.5;-4028.597412
404130.25;5861836.5;-4028.667725
404190.5313;5861836.5;-4028.77002
404250.8438;5861836.5;-4036.019531
404311.125;5861836.5;-4036.320068
404371.4375;5861836.5;-4036.671631
404431.75;5861836.5;-4037.092285
404492.0313;5861836.5;-4037.624268
404552.3438;5861836.5;-4038.215088
404612.625;5861836.5;-4033.643799
404672.9375;5861836.5;-4034.617188
404733.25;5861836.5;-4035.601074
404793.5313;5861836.5;-4031.054443
404853.8438;5861836.5;-4032.460693
404914.1563;5861836.5;-4033.95166
404974.4375;5861836.5;-4035.634033
405034.75;5861836.5;-4037.27832
405095.0313;5861836.5;-4038.875488
405155.3438;5861836.5;-4040.441406
405215.6563;5861836.5;-4041.876221
405275.9375;5861836.5;-4043.187256
405336.25;5861836.5;-4044.228516
405396.5625;5861836.5;-4045.175049
405456.8438;5861836.5;-4046.053223
405517.1563;5861836.5;-4046.766602
405577.4375;5861836.5;-4047.445313
405637.75;5861836.5;-4048.102295
405698.0625;5861836.5;-4048.674561
405758.3438;5861836.5;-4049.236084
405818.6563;5861836.5;-4049.820557
405878.9688;5861836.5;-4050.434082
405939.25;5861836.5;-4051.20752
405999.5625;5861836.5;-4052.175293
406059.8438;5861836.5;-4053.368652
406120.1563;5861836.5;-4054.754639
406180.4688;5861836.5;-4056.448975
406240.75;5861836.5;-4058.800537
406301.0625;5861836.5;-4061.9104
406361.375;5861836.5;-4065.778076
406421.6563;5861836.5;-4070.13916
406481.9688;5861836.5;-4074.444336
406542.25;5861836.5;-4078.634766
406602.5625;5861836.5;-4083.118896
406662.875;5861836.5;-4085.350098
406723.1563;5861836.5;-4083.977539
406783.4688;5861836.5;-4081.372803
406843.7813;5861836.5;-4045.158203
406904.0625;5861836.5;-4044.361572
406964.375;5861836.5;-4043.96875
407024.6563;5861836.5;-4043.961426
407084.9688;5861836.5;-4043.960449
407145.2813;5861836.5;-4044.011719
407205.5625;5861836.5;-4044.161865
407265.875;5861836.5;-4044.352539
407326.1875;5861836.5;-4044.562256
407386.4688;5861836.5;-4067.852051
407446.7813;5861836.5;-4067.260986
407507.0625;5861836.5;-4066.699707
407567.375;5861836.5;-4066.177246
407627.6875;5861836.5;-4065.70166
407687.9688;5861836.5;-4065.26123
407748.2813;5861836.5;-4064.797119
407808.5938;5861836.5;-4064.354248
407868.875;5861836.5;-4063.936279
407929.1875;5861836.5;-4063.50293
407989.4688;5861836.5;-4063.07666
408049.7813;5861836.5;-4062.675293
408110.0938;5861836.5;-4062.278809
408170.375;5861836.5;-4061.894043
408230.6875;5861836.5;-4061.529297
408291;5861836.5;-4061.176025
408351.2813;5861836.5;-4060.828613
408411.5938;5861836.5;-4060.491455
408471.875;5861836.5;-4060.163086
408532.1875;5861836.5;-4059.845947
408592.5;5861836.5;-4059.538086
408652.7813;5861836.5;-4059.239014
408713.0938;5861836.5;-4058.949463
408773.4063;5861836.5;-4058.670166
408833.6875;5861836.5;-4058.400879
408894;5861836.5;-4058.144531
408954.2813;5861836.5;-4057.894775
409014.5938;5861836.5;-4057.654053
409074.9063;5861836.5;-4057.429443
409135.1875;5861836.5;-4057.209229
409195.5;5861836.5;-4056.996094
409255.8125;5861836.5;-4056.800781
409316.0938;5861836.5;-4056.609375
409376.4063;5861836.5;-4056.421631
401356.4063;5861897;-4027.44751
401416.6875;5861897;-4027.364502
401477;5861897;-4027.290527
401537.3125;5861897;-4027.22168
401597.5938;5861897;-4027.153809
401657.9063;5861897;-4027.085938
401718.2188;5861897;-4027.017334
401778.5;5861897;-4026.947754
401838.8125;5861897;-4026.875244
401899.0938;5861897;-4026.799805
401959.4063;5861897;-4026.723389
402019.7188;5861897;-4026.644043
402080;5861897;-4026.559814
402140.3125;5861897;-4026.474365
402200.625;5861897;-4026.387939
402260.9063;5861897;-4026.298096
402321.2188;5861897;-4026.208984
402381.5;5861897;-4026.122314
402441.8125;5861897;-4026.036621
402502.125;5861897;-4025.955566
402562.4063;5861897;-4025.882324
402622.7188;5861897;-4025.816406
402683.0313;5861897;-4025.760742
402743.3125;5861897;-4025.717773
402803.625;5861897;-4025.686279
402863.9063;5861897;-4025.667725
402924.2188;5861897;-4025.665771
402984.5313;5861897;-4025.680664
403044.8125;5861897;-4025.713623
403105.125;5861897;-4025.762207
403165.4375;5861897;-4025.821289
403225.7188;5861897;-4025.89209
403286.0313;5861897;-4025.97168
403346.3125;5861897;-4026.054688
403406.625;5861897;-4026.137939
403466.9375;5861897;-4026.214355
403527.2188;5861897;-4026.281006
403587.5313;5861897;-4032.810547
403647.8438;5861897;-4027.05127
403708.125;5861897;-4027.079346
403768.4375;5861897;-4027.085938
403828.7188;5861897;-4027.075195
403889.0313;5861897;-4027.049561
403949.3438;5861897;-4027.013672
404009.625;5861897;-4026.97583
404069.9375;5861897;-4026.949463
404130.25;5861897;-4026.945801
404190.5313;5861897;-4026.976807
404250.8438;5861897;-4027.075195
404311.125;5861897;-4034.240723
404371.4375;5861897;-4034.524414
404431.75;5861897;-4034.875488
404492.0313;5861897;-4035.329346
404552.3438;5861897;-4030.419678
404612.625;5861897;-4031.172607
404672.9375;5861897;-4032.01416
404733.25;5861897;-4032.86084
404793.5313;5861897;-4033.62207
404853.8438;5861897;-4030.364014
404914.1563;5861897;-4031.684326
404974.4375;5861897;-4033.164551
405034.75;5861897;-4034.611328
405095.0313;5861897;-4036.01123
405155.3438;5861897;-4037.378174
405215.6563;5861897;-4038.644287
405275.9375;5861897;-4039.819092
405336.25;5861897;-4040.77124
405396.5625;5861897;-4041.663818
405456.8438;5861897;-4042.519775
405517.1563;5861897;-4043.249512
405577.4375;5861897;-4043.955078
405637.75;5861897;-4044.635498
405698.0625;5861897;-4045.22583
405758.3438;5861897;-4045.788574
405818.6563;5861897;-4046.34375
405878.9688;5861897;-4046.862793
405939.25;5861897;-4047.481689
405999.5625;5861897;-4048.251709
406059.8438;5861897;-4049.206055
406120.1563;5861897;-4050.371826
406180.4688;5861897;-4051.867188
406240.75;5861897;-4053.963867
406301.0625;5861897;-4056.741943
406361.375;5861897;-4060.217529
406421.6563;5861897;-4064.181641
406481.9688;5861897;-4067.7771
406542.25;5861897;-4070.922363
406602.5625;5861897;-4074.631836
406662.875;5861897;-4077.552246
406723.1563;5861897;-4078.260254
406783.4688;5861897;-4077.474609
406843.7813;5861897;-4058.958252
406904.0625;5861897;-4042.501221
406964.375;5861897;-4042.113525
407024.6563;5861897;-4041.990723
407084.9688;5861897;-4041.834961
407145.2813;5861897;-4041.710693
407205.5625;5861897;-4041.736816
407265.875;5861897;-4041.760498
407326.1875;5861897;-4066.051025
407386.4688;5861897;-4065.27124
407446.7813;5861897;-4064.529053
407507.0625;5861897;-4063.85376
407567.375;5861897;-4063.283203
407627.6875;5861897;-4062.796875
407687.9688;5861897;-4062.369141
407748.2813;5861897;-4061.939209
407808.5938;5861897;-4061.545898
407868.875;5861897;-4061.181641
407929.1875;5861897;-4060.802734
407989.4688;5861897;-4060.429443
408049.7813;5861897;-4060.079346
408110.0938;5861897;-4059.731934
408170.375;5861897;-4059.393311
408230.6875;5861897;-4059.07373
408291;5861897;-4058.763184
408351.2813;5861897;-4058.457031
408411.5938;5861897;-4058.15918
408471.875;5861897;-4057.869385
408532.1875;5861897;-4057.588379
408592.5;5861897;-4057.315186
408652.7813;5861897;-4057.049561
408713.0938;5861897;-4056.79248
408773.4063;5861897;-4056.542969
408833.6875;5861897;-4056.301758
408894;5861897;-4056.071289
408954.2813;5861897;-4055.845703
409014.5938;5861897;-4055.626709
409074.9063;5861897;-4055.422607
409135.1875;5861897;-4055.220703
409195.5;5861897;-4055.022705
409255.8125;5861897;-4054.840576
409316.0938;5861897;-4054.660156
409376.4063;5861897;-4054.481445
401356.4063;5861957.5;-4027.966797
401416.6875;5861957.5;-4027.867432
401477;5861957.5;-4027.77417
401537.3125;5861957.5;-4027.683838
401597.5938;5861957.5;-4027.591309
401657.9063;5861957.5;-4027.49585
401718.2188;5861957.5;-4027.397949
401778.5;5861957.5;-4027.296387
401838.8125;5861957.5;-4027.190186
401899.0938;5861957.5;-4027.079102
401959.4063;5861957.5;-4026.966064
402019.7188;5861957.5;-4026.8479
402080;5861957.5;-4026.724121
402140.3125;5861957.5;-4026.598877
402200.625;5861957.5;-4026.471191
402260.9063;5861957.5;-4026.340332
402321.2188;5861957.5;-4026.209961
402381.5;5861957.5;-4026.081787
402441.8125;5861957.5;-4025.95459
402502.125;5861957.5;-4025.832031
402562.4063;5861957.5;-4025.718262
402622.7188;5861957.5;-4025.611328
402683.0313;5861957.5;-4025.514648
402743.3125;5861957.5;-4025.431152
402803.625;5861957.5;-4025.358887
402863.9063;5861957.5;-4025.299316
402924.2188;5861957.5;-4025.257324
402984.5313;5861957.5;-4025.230713
403044.8125;5861957.5;-4025.220459
403105.125;5861957.5;-4025.226074
403165.4375;5861957.5;-4025.241211
403225.7188;5861957.5;-4025.265137
403286.0313;5861957.5;-4025.296143
403346.3125;5861957.5;-4025.327393
403406.625;5861957.5;-4025.357422
403466.9375;5861957.5;-4025.378174
403527.2188;5861957.5;-4031.873291
403587.5313;5861957.5;-4031.963379
403647.8438;5861957.5;-4031.999756
403708.125;5861957.5;-4025.931641
403768.4375;5861957.5;-4025.856934
403828.7188;5861957.5;-4025.763184
403889.0313;5861957.5;-4025.654541
403949.3438;5861957.5;-4025.533691
404009.625;5861957.5;-4025.410645
404069.9375;5861957.5;-4025.299561
404130.25;5861957.5;-4025.211182
404190.5313;5861957.5;-4025.158691
404250.8438;5861957.5;-4025.176025
404311.125;5861957.5;-4025.268799
404371.4375;5861957.5;-4032.297607
404431.75;5861957.5;-4032.565186
404492.0313;5861957.5;-4032.930664
404552.3438;5861957.5;-4027.97168
404612.625;5861957.5;-4028.602539
404672.9375;5861957.5;-4029.309814
404733.25;5861957.5;-4030.018799
404793.5313;5861957.5;-4030.648682
404853.8438;5861957.5;-4031.297363
404914.1563;5861957.5;-4029.396729
404974.4375;5861957.5;-4030.670898
405034.75;5861957.5;-4031.917725
405095.0313;5861957.5;-4033.11499
405155.3438;5861957.5;-4034.272217
405215.6563;5861957.5;-4035.355225
405275.9375;5861957.5;-4036.376709
405336.25;5861957.5;-4037.221191
405396.5625;5861957.5;-4038.042725
405456.8438;5861957.5;-4038.863281
405517.1563;5861957.5;-4039.604004
405577.4375;5861957.5;-4040.335693
405637.75;5861957.5;-4041.037598
405698.0625;5861957.5;-4041.642578
405758.3438;5861957.5;-4042.192627
405818.6563;5861957.5;-4042.694092
405878.9688;5861957.5;-4043.075684
405939.25;5861957.5;-4043.483398
405999.5625;5861957.5;-4043.990967
406059.8438;5861957.5;-4044.628906
406120.1563;5861957.5;-4045.467285
406180.4688;5861957.5;-4046.614258
406240.75;5861957.5;-4048.260986
406301.0625;5861957.5;-4050.487793
406361.375;5861957.5;-4053.451416
406421.6563;5861957.5;-4057.055908
406481.9688;5861957.5;-4060.178955
406542.25;5861957.5;-4062.702637
406602.5625;5861957.5;-4065.869873
406662.875;5861957.5;-4068.905762
406723.1563;5861957.5;-4070.958496
406783.4688;5861957.5;-4071.763672
406843.7813;5861957.5;-4071.703613
406904.0625;5861957.5;-4039.543213
406964.375;5861957.5;-4039.39917
407024.6563;5861957.5;-4039.394775
407084.9688;5861957.5;-4039.272705
407145.2813;5861957.5;-4039.099609
407205.5625;5861957.5;-4039.080811
407265.875;5861957.5;-4064.440186
407326.1875;5861957.5;-4063.432617
407386.4688;5861957.5;-4062.471191
407446.7813;5861957.5;-4061.578369
407507.0625;5861957.5;-4060.798828
407567.375;5861957.5;-4060.199463
407627.6875;5861957.5;-4059.723145
407687.9688;5861957.5;-4059.329102
407748.2813;5861957.5;-4058.954834
407808.5938;5861957.5;-4058.62793
407868.875;5861957.5;-4058.332275
407929.1875;5861957.5;-4058.019775
407989.4688;5861957.5;-4057.710693
408049.7813;5861957.5;-4057.421387
408110.0938;5861957.5;-4057.131348
408170.375;5861957.5;-4056.846436
408230.6875;5861957.5;-4056.578125
408291;5861957.5;-4056.31543
408351.2813;5861957.5;-4056.05542
408411.5938;5861957.5;-4055.802734
408471.875;5861957.5;-4055.555664
408532.1875;5861957.5;-4055.315186
408592.5;5861957.5;-4055.080322
408652.7813;5861957.5;-4054.851074
408713.0938;5861957.5;-4054.62915
408773.4063;5861957.5;-4054.411377
408833.6875;5861957.5;-4054.199951
408894;5861957.5;-4053.997803
408954.2813;5861957.5;-4053.797607
409014.5938;5861957.5;-4053.602295
409074.9063;5861957.5;-4053.418457
409135.1875;5861957.5;-4053.235596
409195.5;5861957.5;-4053.054688
409255.8125;5861957.5;-4052.886475
409316.0938;5861957.5;-4052.717773
409376.4063;5861957.5;-4052.549072
401356.4063;5862018;-4028.469238
401416.6875;5862018;-4028.353516
401477;5862018;-4028.241699
401537.3125;5862018;-4028.130127
401597.5938;5862018;-4028.012695
401657.9063;5862018;-4027.890137
401718.2188;5862018;-4027.762207
401778.5;5862018;-4027.62915
401838.8125;5862018;-4027.48877
401899.0938;5862018;-4027.342285
401959.4063;5862018;-4027.19165
402019.7188;5862018;-4027.0354
402080;5862018;-4026.871338
402140.3125;5862018;-4026.705322
402200.625;5862018;-4026.536621
402260.9063;5862018;-4026.364014
402321.2188;5862018;-4026.191895
402381.5;5862018;-4026.022217
402441.8125;5862018;-4025.853516
402502.125;5862018;-4025.690186
402562.4063;5862018;-4025.535889
402622.7188;5862018;-4025.388916
402683.0313;5862018;-4025.252686
402743.3125;5862018;-4025.129883
402803.625;5862018;-4025.018555
402863.9063;5862018;-4024.920166
402924.2188;5862018;-4024.840088
402984.5313;5862018;-4024.774658
403044.8125;5862018;-4024.725098
403105.125;5862018;-4024.69165
403165.4375;5862018;-4024.665527
403225.7188;5862018;-4024.647461
403286.0313;5862018;-4024.633789
403346.3125;5862018;-4024.618408
403406.625;5862018;-4024.598633
403466.9375;5862018;-4024.568359
403527.2188;5862018;-4031.133301
403587.5313;5862018;-4031.149658
403647.8438;5862018;-4031.105713
403708.125;5862018;-4031.030029
403768.4375;5862018;-4024.66626
403828.7188;5862018;-4024.48877
403889.0313;5862018;-4024.292969
403949.3438;5862018;-4024.081543
404009.625;5862018;-4023.865723
404069.9375;5862018;-4023.6604
404130.25;5862018;-4023.476807
404190.5313;5862018;-4023.328125
404250.8438;5862018;-4023.250732
404311.125;5862018;-4023.250244
404371.4375;5862018;-4023.314209
404431.75;5862018;-4030.1875
404492.0313;5862018;-4024.995361
404552.3438;5862018;-4025.447021
404612.625;5862018;-4025.951904
404672.9375;5862018;-4026.524902
404733.25;5862018;-4027.098145
404793.5313;5862018;-4027.599609
404853.8438;5862018;-4028.112549
404914.1563;5862018;-4028.600098
404974.4375;5862018;-4028.118164
405034.75;5862018;-4029.167969
405095.0313;5862018;-4030.16333
405155.3438;5862018;-4031.106445
405215.6563;5862018;-4031.997803
405275.9375;5862018;-4032.854248
405336.25;5862018;-4033.578369
405396.5625;5862018;-4034.317871
405456.8438;5862018;-4035.096191
405517.1563;5862018;-4035.844971
405577.4375;5862018;-4036.604004
405637.75;5862018;-4037.329834
405698.0625;5862018;-4037.947266
405758.3438;5862018;-4038.472656
405818.6563;5862018;-4038.895996
405878.9688;5862018;-4039.101807
405939.25;5862018;-4039.253418
405999.5625;5862018;-4039.453369
406059.8438;5862018;-4039.722656
406120.1563;5862018;-4040.150635
406180.4688;5862018;-4040.825928
406240.75;5862018;-4041.867188
406301.0625;5862018;-4043.313965
406361.375;5862018;-4045.226563
406421.6563;5862018;-4047.646729
406481.9688;5862018;-4050.414551
406542.25;5862018;-4053.375
406602.5625;5862018;-4056.859375
406662.875;5862018;-4060.265625
406723.1563;5862018;-4063.159912
406783.4688;5862018;-4065.126709
406843.7813;5862018;-4066.108154
406904.0625;5862018;-4066.458008
406964.375;5862018;-4035.835693
407024.6563;5862018;-4036.14209
407084.9688;5862018;-4036.226807
407145.2813;5862018;-4036.119385
407205.5625;5862018;-4036.112305
407265.875;5862018;-4061.715088
407326.1875;5862018;-4060.502686
407386.4688;5862018;-4059.35376
407446.7813;5862018;-4058.322266
407507.0625;5862018;-4057.466553
407567.375;5862018;-4056.876953
407627.6875;5862018;-4056.45166
407687.9688;5862018;-4056.12915
407748.2813;5862018;-4055.842529
407808.5938;5862018;-4055.607422
407868.875;5862018;-4055.400146
407929.1875;5862018;-4055.168945
407989.4688;5862018;-4054.936279
408049.7813;5862018;-4054.717041
408110.0938;5862018;-4054.491699
408170.375;5862018;-4054.268066
408230.6875;5862018;-4054.056885
408291;5862018;-4053.847656
408351.2813;5862018;-4053.638184
408411.5938;5862018;-4053.434082
408471.875;5862018;-4053.233154
408532.1875;5862018;-4053.0354
408592.5;5862018;-4052.84082
408652.7813;5862018;-4052.650146
408713.0938;5862018;-4052.463623
408773.4063;5862018;-4052.279297
408833.6875;5862018;-4052.098389
408894;5862018;-4051.924561
408954.2813;5862018;-4051.750977
409014.5938;5862018;-4051.578857
409074.9063;5862018;-4051.416504
409135.1875;5862018;-4051.252686
409195.5;5862018;-4051.088135
409255.8125;5862018;-4050.934082
409316.0938;5862018;-4050.7771
409376.4063;5862018;-4050.618164
401356.4063;5862078.5;-4028.959229
401416.6875;5862078.5;-4028.827393
401477;5862078.5;-4028.696533
401537.3125;5862078.5;-4028.563477
401597.5938;5862078.5;-4028.421387
401657.9063;5862078.5;-4028.270996
401718.2188;5862078.5;-4028.113525
401778.5;5862078.5;-4027.947998
401838.8125;5862078.5;-4027.772949
401899.0938;5862078.5;-4027.589844
401959.4063;5862078.5;-4027.401855
402019.7188;5862078.5;-4027.205566
402080;5862078.5;-4027.000977
402140.3125;5862078.5;-4026.793213
402200.625;5862078.5;-4026.582275
402260.9063;5862078.5;-4026.367432
402321.2188;5862078.5;-4026.153076
402381.5;5862078.5;-4025.941406
402441.8125;5862078.5;-4025.730713
402502.125;5862078.5;-4025.526123
402562.4063;5862078.5;-4025.331299
402622.7188;5862078.5;-4025.144043
402683.0313;5862078.5;-4024.96875
402743.3125;5862078.5;-4024.808105
402803.625;5862078.5;-4024.65918
402863.9063;5862078.5;-4024.523682
402924.2188;5862078.5;-4024.408691
402984.5313;5862078.5;-4024.307373
403044.8125;5862078.5;-4024.22168
403105.125;5862078.5;-4024.152588
403165.4375;5862078.5;-4024.090088
403225.7188;5862078.5;-4024.033691
403286.0313;5862078.5;-4023.980713
403346.3125;5862078.5;-4023.923096
403406.625;5862078.5;-4023.858887
403466.9375;5862078.5;-4030.428711
403527.2188;5862078.5;-4030.398926
403587.5313;5862078.5;-4030.344971
403647.8438;5862078.5;-4030.222168
403708.125;5862078.5;-4030.062744
403768.4375;5862078.5;-4029.869629
403828.7188;5862078.5;-4023.268555
403889.0313;5862078.5;-4022.981689
403949.3438;5862078.5;-4022.672852
404009.625;5862078.5;-4022.355469
404069.9375;5862078.5;-4022.045166
404130.25;5862078.5;-4021.753662
404190.5313;5862078.5;-4021.495605
404250.8438;5862078.5;-4021.309326
404311.125;5862078.5;-4021.200928
404371.4375;5862078.5;-4021.156738
404431.75;5862078.5;-4027.757324
404492.0313;5862078.5;-4022.601074
404552.3438;5862078.5;-4022.936523
404612.625;5862078.5;-4023.322754
404672.9375;5862078.5;-4023.772461
404733.25;5862078.5;-4024.218018
404793.5313;5862078.5;-4024.592285
404853.8438;5862078.5;-4024.970215
404914.1563;5862078.5;-4025.317383
404974.4375;5862078.5;-4025.574707
405034.75;5862078.5;-4026.298096
405095.0313;5862078.5;-4027.079102
405155.3438;5862078.5;-4027.80127
405215.6563;5862078.5;-4028.488525
405275.9375;5862078.5;-4029.16333
405336.25;5862078.5;-4029.744873
405396.5625;5862078.5;-4030.380859
405456.8438;5862078.5;-4031.101563
405517.1563;5862078.5;-4031.831787
405577.4375;5862078.5;-4032.598877
405637.75;5862078.5;-4033.329834
405698.0625;5862078.5;-4034.328857
405758.3438;5862078.5;-4034.791992
405818.6563;5862078.5;-4035.084473
405878.9688;5862078.5;-4035.060059
405939.25;5862078.5;-4034.904297
405999.5625;5862078.5;-4034.751709
406059.8438;5862078.5;-4034.61792
406120.1563;5862078.5;-4034.599121
406180.4688;5862078.5;-4034.754395
406240.75;5862078.5;-4035.146973
406301.0625;5862078.5;-4035.750488
406361.375;5862078.5;-4036.447266
406421.6563;5862078.5;-4037.394531
406481.9688;5862078.5;-4039.683105
406542.25;5862078.5;-4043.357422
406602.5625;5862078.5;-4047.590088
406662.875;5862078.5;-4051.612793
406723.1563;5862078.5;-4055.183594
406783.4688;5862078.5;-4057.976563
406843.7813;5862078.5;-4059.753906
406904.0625;5862078.5;-4060.811768
406964.375;5862078.5;-4061.429688
407024.6563;5862078.5;-4032.431152
407084.9688;5862078.5;-4032.898438
407145.2813;5862078.5;-4032.967041
407205.5625;5862078.5;-4059.8125
407265.875;5862078.5;-4058.559814
407326.1875;5862078.5;-4057.110596
407386.4688;5862078.5;-4055.760742
407446.7813;5862078.5;-4054.611572
407507.0625;5862078.5;-4053.729004
407567.375;5862078.5;-4053.209473
407627.6875;5862078.5;-4052.891846
407687.9688;5862078.5;-4052.689209
407748.2813;5862078.5;-4052.53418
407808.5938;5862078.5;-4052.42334
407868.875;5862078.5;-4052.325684
407929.1875;5862078.5;-4052.196045
407989.4688;5862078.5;-4052.055908
408049.7813;5862078.5;-4051.919922
408110.0938;5862078.5;-4051.770752
408170.375;5862078.5;-4051.618652
408230.6875;5862078.5;-4051.473877
408291;5862078.5;-4051.327148
408351.2813;5862078.5;-4051.17627
408411.5938;5862078.5;-4051.02832
408471.875;5862078.5;-4050.880615
408532.1875;5862078.5;-4050.731934
408592.5;5862078.5;-4050.583984
408652.7813;5862078.5;-4050.436523
408713.0938;5862078.5;-4050.29126
408773.4063;5862078.5;-4050.145264
408833.6875;5862078.5;-4049.999268
408894;5862078.5;-4049.857422
408954.2813;5862078.5;-4049.713623
409014.5938;5862078.5;-4049.568848
409074.9063;5862078.5;-4049.430664
409135.1875;5862078.5;-4049.289551
409195.5;5862078.5;-4049.144287
409255.8125;5862078.5;-4049.006836
409316.0938;5862078.5;-4048.864502
409376.4063;5862078.5;-4048.718262
401356.4063;5862139.5;-4029.441895
401416.6875;5862139.5;-4029.293945
401477;5862139.5;-4029.143799
401537.3125;5862139.5;-4028.989014
401597.5938;5862139.5;-4028.821289
401657.9063;5862139.5;-4028.642822
401718.2188;5862139.5;-4028.454834
401778.5;5862139.5;-4028.256592
401838.8125;5862139.5;-4028.046387
401899.0938;5862139.5;-4027.826172
401959.4063;5862139.5;-4027.599121
402019.7188;5862139.5;-4027.363037
402080;5862139.5;-4027.115967
402140.3125;5862139.5;-4026.865723
402200.625;5862139.5;-4026.611572
402260.9063;5862139.5;-4026.353516
402321.2188;5862139.5;-4026.095459
402381.5;5862139.5;-4025.841064
402441.8125;5862139.5;-4025.588135
402502.125;5862139.5;-4025.341553
402562.4063;5862139.5;-4025.106689
402622.7188;5862139.5;-4024.880615
402683.0313;5862139.5;-4024.667236
402743.3125;5862139.5;-4024.470215
402803.625;5862139.5;-4024.286133
402863.9063;5862139.5;-4024.117188
402924.2188;5862139.5;-4023.969971
402984.5313;5862139.5;-4023.837158
403044.8125;5862139.5;-4023.719727
403105.125;5862139.5;-4023.620117
403165.4375;5862139.5;-4023.526611
403225.7188;5862139.5;-4023.436768
403286.0313;5862139.5;-4023.349854
403346.3125;5862139.5;-4023.256348
403406.625;5862139.5;-4029.854736
403466.9375;5862139.5;-4029.790527
403527.2188;5862139.5;-4029.69873
403587.5313;5862139.5;-4029.578857
403647.8438;5862139.5;-4029.381104
403708.125;5862139.5;-4029.139648
403768.4375;5862139.5;-4028.857666
403828.7188;5862139.5;-4028.503174
403889.0313;5862139.5;-4021.733643
403949.3438;5862139.5;-4021.322266
404009.625;5862139.5;-4020.89502
404069.9375;5862139.5;-4020.469727
404130.25;5862139.5;-4020.05957
404190.5313;5862139.5;-4019.680664
404250.8438;5862139.5;-4019.372314
404311.125;5862139.5;-4019.144043
404371.4375;5862139.5;-4018.980957
404431.75;5862139.5;-4018.896973
404492.0313;5862139.5;-4020.20166
404552.3438;5862139.5;-4020.419922
404612.625;5862139.5;-4020.689697
404672.9375;5862139.5;-4021.019775
404733.25;5862139.5;-4021.343018
404793.5313;5862139.5;-4021.593994
404853.8438;5862139.5;-4021.841797
404914.1563;5862139.5;-4022.052734
404974.4375;5862139.5;-4022.175049
405034.75;5862139.5;-4022.831543
405095.0313;5862139.5;-4023.942139
405155.3438;5862139.5;-4024.433594
405215.6563;5862139.5;-4024.900146
405275.9375;5862139.5;-4025.370605
405336.25;5862139.5;-4025.781738
405396.5625;5862139.5;-4026.286621
405456.8438;5862139.5;-4026.933594
405517.1563;5862139.5;-4027.636719
405577.4375;5862139.5;-4028.419678
405637.75;5862139.5;-4029.173828
405698.0625;5862139.5;-4030.74292
405758.3438;5862139.5;-4031.140625
405818.6563;5862139.5;-4031.280762
405878.9688;5862139.5;-4030.987305
405939.25;5862139.5;-4030.485352
405999.5625;5862139.5;-4029.959229
406059.8438;5862139.5;-4029.431152
406120.1563;5862139.5;-4029.012451
406180.4688;5862139.5;-4028.743408
406240.75;5862139.5;-4028.650146
406301.0625;5862139.5;-4028.736084
406361.375;5862139.5;-4029.055908
406421.6563;5862139.5;-4029.821045
406481.9688;5862139.5;-4031.770996
406542.25;5862139.5;-4035.092041
406602.5625;5862139.5;-4039.289307
406662.875;5862139.5;-4043.519531
406723.1563;5862139.5;-4047.4104
406783.4688;5862139.5;-4050.68042
406843.7813;5862139.5;-4053.032715
406904.0625;5862139.5;-4054.711426
406964.375;5862139.5;-4055.998291
407024.6563;5862139.5;-4047.43457
407084.9688;5862139.5;-4029.25293
407145.2813;5862139.5;-4057.245117
407205.5625;5862139.5;-4056.329102
407265.875;5862139.5;-4054.806152
407326.1875;5862139.5;-4053.082031
407386.4688;5862139.5;-4051.553467
407446.7813;5862139.5;-4050.355713
407507.0625;5862139.5;-4049.539063
407567.375;5862139.5;-4049.182617
407627.6875;5862139.5;-4049.054932
407687.9688;5862139.5;-4049.039307
407748.2813;5862139.5;-4049.071777
407808.5938;5862139.5;-4049.121338
407868.875;5862139.5;-4049.158447
407929.1875;5862139.5;-4049.149902
407989.4688;5862139.5;-4049.116455
408049.7813;5862139.5;-4049.073975
408110.0938;5862139.5;-4049.01001
408170.375;5862139.5;-4048.936523
408230.6875;5862139.5;-4048.865234
408291;5862139.5;-4048.785156
408351.2813;5862139.5;-4048.698242
408411.5938;5862139.5;-4048.610352
408471.875;5862139.5;-4048.519775
408532.1875;5862139.5;-4048.42334
408592.5;5862139.5;-4048.324463
408652.7813;5862139.5;-4048.223877
408713.0938;5862139.5;-4048.122559
408773.4063;5862139.5;-4048.015869
408833.6875;5862139.5;-4047.906738
408894;5862139.5;-4047.799316
408954.2813;5862139.5;-4047.686768
409014.5938;5862139.5;-4047.570557
409074.9063;5862139.5;-4047.45874
409135.1875;5862139.5;-4047.340332
409195.5;5862139.5;-4047.216553
409255.8125;5862139.5;-4047.09668
409316.0938;5862139.5;-4046.970215
409376.4063;5862139.5;-4046.837402
401356.4063;5862200;-4029.921387
401416.6875;5862200;-4029.75708
401477;5862200;-4029.587891
401537.3125;5862200;-4029.410889
401597.5938;5862200;-4029.217285
401657.9063;5862200;-4029.010498
401718.2188;5862200;-4028.79126
401778.5;5862200;-4028.559814
401838.8125;5862200;-4028.313477
401899.0938;5862200;-4028.055176
401959.4063;5862200;-4027.78833
402019.7188;5862200;-4027.510254
402080;5862200;-4027.220215
402140.3125;5862200;-4026.925781
402200.625;5862200;-4026.62793
402260.9063;5862200;-4026.324707
402321.2188;5862200;-4026.022705
402381.5;5862200;-4025.724854
402441.8125;5862200;-4025.428955
402502.125;5862200;-4025.140625
402562.4063;5862200;-4024.865967
402622.7188;5862200;-4024.601807
402683.0313;5862200;-4024.352051
402743.3125;5862200;-4024.121338
402803.625;5862200;-4023.905273
402863.9063;5862200;-4023.705811
402924.2188;5862200;-4023.530762
402984.5313;5862200;-4023.371094
403044.8125;5862200;-4023.227295
403105.125;5862200;-4023.102051
403165.4375;5862200;-4022.982422
403225.7188;5862200;-4022.865723
403286.0313;5862200;-4022.751221
403346.3125;5862200;-4022.627197
403406.625;5862200;-4029.317139
403466.9375;5862200;-4029.20166
403527.2188;5862200;-4029.054443
403587.5313;5862200;-4028.874512
403647.8438;5862200;-4028.606445
403708.125;5862200;-4028.287842
403768.4375;5862200;-4027.919678
403828.7188;5862200;-4027.465576
403889.0313;5862200;-4026.95874
403949.3438;5862200;-4020.041504
404009.625;5862200;-4019.497803
404069.9375;5862200;-4018.949707
404130.25;5862200;-4018.410889
404190.5313;5862200;-4017.899902
404250.8438;5862200;-4017.457764
404311.125;5862200;-4017.098633
404371.4375;5862200;-4016.805664
404431.75;5862200;-4016.595947
404492.0313;5862200;-4016.490967
404552.3438;5862200;-4017.882813
404612.625;5862200;-4018.034424
404672.9375;5862200;-4018.245117
404733.25;5862200;-4018.448486
404793.5313;5862200;-4018.579834
404853.8438;5862200;-4018.702393
404914.1563;5862200;-4018.781982
404974.4375;5862200;-4019.459961
405034.75;5862200;-4019.520264
405095.0313;5862200;-4019.534912
405155.3438;5862200;-4021.056885
405215.6563;5862200;-4021.284424
405275.9375;5862200;-4021.526855
405336.25;5862200;-4021.740234
405396.5625;5862200;-4022.089111
405456.8438;5862200;-4022.651123
405517.1563;5862200;-4023.336182
405577.4375;5862200;-4024.166016
405637.75;5862200;-4024.99292
405698.0625;5862200;-4027.171143
405758.3438;5862200;-4027.538086
405818.6563;5862200;-4027.532959
405878.9688;5862200;-4026.944092
405939.25;5862200;-4026.05542
405999.5625;5862200;-4025.133301
406059.8438;5862200;-4024.224365
406120.1563;5862200;-4023.480713
406180.4688;5862200;-4022.92627
406240.75;5862200;-4022.541504
406301.0625;5862200;-4022.333252
406361.375;5862200;-4022.492676
406421.6563;5862200;-4023.341309
406481.9688;5862200;-4025.147949
406542.25;5862200;-4028.062256
406602.5625;5862200;-4031.967285
406662.875;5862200;-4036.051514
406723.1563;5862200;-4039.925049
406783.4688;5862200;-4043.368408
406843.7813;5862200;-4046.114502
406904.0625;5862200;-4048.324951
406964.375;5862200;-4050.213135
407024.6563;5862200;-4051.695801
407084.9688;5862200;-4053.194824
407145.2813;5862200;-4053.331787
407205.5625;5862200;-4052.2146
407265.875;5862200;-4050.285156
407326.1875;5862200;-4048.285645
407386.4688;5862200;-4046.669922
407446.7813;5862200;-4045.553467
407507.0625;5862200;-4044.936035
407567.375;5862200;-4044.854248
407627.6875;5862200;-4045.003418
407687.9688;5862200;-4045.242676
407748.2813;5862200;-4045.511719
407808.5938;5862200;-4045.754883
407868.875;5862200;-4045.947998
407929.1875;5862200;-4046.075195
407989.4688;5862200;-4046.159912
408049.7813;5862200;-4046.217285
408110.0938;5862200;-4046.244629
408170.375;5862200;-4046.254395
408230.6875;5862200;-4046.257813
408291;5862200;-4046.248047
408351.2813;5862200;-4046.226563
408411.5938;5862200;-4046.200928
408471.875;5862200;-4046.168701
408532.1875;5862200;-4046.125244
408592.5;5862200;-4046.075928
408652.7813;5862200;-4046.021729
408713.0938;5862200;-4045.964111
408773.4063;5862200;-4045.897705
408833.6875;5862200;-4045.824951
408894;5862200;-4045.751221
408954.2813;5862200;-4045.67041
409014.5938;5862200;-4045.58252
409074.9063;5862200;-4045.49585
409135.1875;5862200;-4045.401123
409195.5;5862200;-4045.298096
409255.8125;5862200;-4045.195801
409316.0938;5862200;-4045.084717
409376.4063;5862200;-4044.96582
401356.4063;5862260.5;-4030.403564
401416.6875;5862260.5;-4030.222168
401477;5862260.5;-4030.032959
401537.3125;5862260.5;-4029.833252
401597.5938;5862260.5;-4029.613525
401657.9063;5862260.5;-4029.377197
401718.2188;5862260.5;-4029.125977
401778.5;5862260.5;-4028.859863
401838.8125;5862260.5;-4028.576416
401899.0938;5862260.5;-4028.278809
401959.4063;5862260.5;-4027.970947
402019.7188;5862260.5;-4027.649902
402080;5862260.5;-4027.314453
402140.3125;5862260.5;-4026.974365
402200.625;5862260.5;-4026.630615
402260.9063;5862260.5;-4026.281006
402321.2188;5862260.5;-4025.93335
402381.5;5862260.5;-4025.59082
402441.8125;5862260.5;-4025.251709
402502.125;5862260.5;-4024.921631
402562.4063;5862260.5;-4024.607422
402622.7188;5862260.5;-4024.306641
402683.0313;5862260.5;-4024.022705
402743.3125;5862260.5;-4023.760742
402803.625;5862260.5;-4023.516113
402863.9063;5862260.5;-4023.290771
402924.2188;5862260.5;-4023.091553
402984.5313;5862260.5;-4022.90918
403044.8125;5862260.5;-4022.744873
403105.125;5862260.5;-4022.600098
403165.4375;5862260.5;-4022.460205
403225.7188;5862260.5;-4022.322754
403286.0313;5862260.5;-4022.185791
403346.3125;5862260.5;-4028.887451
403406.625;5862260.5;-4028.797607
403466.9375;5862260.5;-4028.638184
403527.2188;5862260.5;-4028.442383
403587.5313;5862260.5;-4028.208984
403647.8438;5862260.5;-4027.876953
403708.125;5862260.5;-4027.48584
403768.4375;5862260.5;-4027.034912
403828.7188;5862260.5;-4026.481689
403889.0313;5862260.5;-4025.862061
403949.3438;5862260.5;-4025.182861
404009.625;5862260.5;-4018.197021
404069.9375;5862260.5;-4017.516602
404130.25;5862260.5;-4016.837891
404190.5313;5862260.5;-4016.180664
404250.8438;5862260.5;-4015.591797
404311.125;5862260.5;-4015.087646
404371.4375;5862260.5;-4014.653809
404431.75;5862260.5;-4014.308105
404492.0313;5862260.5;-4014.075684
404552.3438;5862260.5;-4013.905762
404612.625;5862260.5;-4015.475342
404672.9375;5862260.5;-4015.579834
404733.25;5862260.5;-4015.675781
404793.5313;5862260.5;-4015.697998
404853.8438;5862260.5;-4015.704834
404914.1563;5862260.5;-4015.6604
404974.4375;5862260.5;-4016.421143
405034.75;5862260.5;-4016.358643
405095.0313;5862260.5;-4016.236084
405155.3438;5862260.5;-4016.036133
405215.6563;5862260.5;-4017.541016
405275.9375;5862260.5;-4017.529541
405336.25;5862260.5;-4017.51123
405396.5625;5862260.5;-4017.670654
405456.8438;5862260.5;-4018.134277
405517.1563;5862260.5;-4018.820557
405577.4375;5862260.5;-4019.757813
405637.75;5862260.5;-4020.749756
405698.0625;5862260.5;-4023.639893
405758.3438;5862260.5;-4024.059814
405818.6563;5862260.5;-4023.950928
405878.9688;5862260.5;-4023.04248
405939.25;5862260.5;-4021.723145
405999.5625;5862260.5;-4020.378418
406059.8438;5862260.5;-4019.104248
406120.1563;5862260.5;-4018.127441
406180.4688;5862260.5;-4017.452148
406240.75;5862260.5;-4016.989258
406301.0625;5862260.5;-4016.729248
406361.375;5862260.5;-4016.924805
406421.6563;5862260.5;-4017.877441
406481.9688;5862260.5;-4019.624756
406542.25;5862260.5;-4022.22876
406602.5625;5862260.5;-4025.6875
406662.875;5862260.5;-4029.360352
406723.1563;5862260.5;-4032.937988
406783.4688;5862260.5;-4036.27002
406843.7813;5862260.5;-4039.18457
406904.0625;5862260.5;-4041.754883
406964.375;5862260.5;-4044.083496
407024.6563;5862260.5;-4046.751953
407084.9688;5862260.5;-4048.339355
407145.2813;5862260.5;-4048.686279
407205.5625;5862260.5;-4047.263184
407265.875;5862260.5;-4044.667969
407326.1875;5862260.5;-4042.413574
407386.4688;5862260.5;-4040.908691
407446.7813;5862260.5;-4040.084717
407507.0625;5862260.5;-4039.858643
407567.375;5862260.5;-4040.186279
407627.6875;5862260.5;-4040.709717
407687.9688;5862260.5;-4041.277832
407748.2813;5862260.5;-4041.832764
407808.5938;5862260.5;-4042.299561
407868.875;5862260.5;-4042.669189
407929.1875;5862260.5;-4042.947021
407989.4688;5862260.5;-4043.159424
408049.7813;5862260.5;-4043.325928
408110.0938;5862260.5;-4043.450684
408170.375;5862260.5;-4043.550537
408230.6875;5862260.5;-4043.63501
408291;5862260.5;-4043.698486
408351.2813;5862260.5;-4043.746826
408411.5938;5862260.5;-4043.786621
408471.875;5862260.5;-4043.815674
408532.1875;5862260.5;-4043.828613
408592.5;5862260.5;-4043.830566
408652.7813;5862260.5;-4043.825684
408713.0938;5862260.5;-4043.813232
408773.4063;5862260.5;-4043.78833
408833.6875;5862260.5;-4043.754639
408894;5862260.5;-4043.716309
408954.2813;5862260.5;-4043.667969
409014.5938;5862260.5;-4043.610352
409074.9063;5862260.5;-4043.550537
409135.1875;5862260.5;-4043.480469
409195.5;5862260.5;-4043.400391
409255.8125;5862260.5;-4043.317139
409316.0938;5862260.5;-4043.223145
409376.4063;5862260.5;-4043.119629
401356.4063;5862321;-4030.892822
401416.6875;5862321;-4030.693115
401477;5862321;-4030.48291
401537.3125;5862321;-4030.259766
401597.5938;5862321;-4030.012939
401657.9063;5862321;-4029.746094
401718.2188;5862321;-4029.461426
401778.5;5862321;-4029.160156
401838.8125;5862321;-4028.837891
401899.0938;5862321;-4028.498535
401959.4063;5862321;-4028.147705
402019.7188;5862321;-4027.78125
402080;5862321;-4027.397949
402140.3125;5862321;-4027.01001
402200.625;5862321;-4026.617676
402260.9063;5862321;-4026.219238
402321.2188;5862321;-4025.824219
402381.5;5862321;-4025.435791
402441.8125;5862321;-4025.052002
402502.125;5862321;-4024.680176
402562.4063;5862321;-4024.326904
402622.7188;5862321;-4023.990723
402683.0313;5862321;-4023.675537
402743.3125;5862321;-4023.38623
402803.625;5862321;-4023.118164
402863.9063;5862321;-4022.871582
402924.2188;5862321;-4022.654785
402984.5313;5862321;-4022.457031
403044.8125;5862321;-4022.279541
403105.125;5862321;-4022.122559
403165.4375;5862321;-4021.970947
403225.7188;5862321;-4021.820801
403286.0313;5862321;-4028.54834
403346.3125;5862321;-4028.446289
403406.625;5862321;-4028.328369
403466.9375;5862321;-4028.13501
403527.2188;5862321;-4027.901855
403587.5313;5862321;-4027.627197
403647.8438;5862321;-4027.243164
403708.125;5862321;-4026.790527
403768.4375;5862321;-4026.266113
403828.7188;5862321;-4025.619873
403889.0313;5862321;-4024.890625
403949.3438;5862321;-4024.080566
404009.625;5862321;-4023.148193
404069.9375;5862321;-4016.221924
404130.25;5862321;-4015.387207
404190.5313;5862321;-4014.564941
404250.8438;5862321;-4013.80835
404311.125;5862321;-4013.140137
404371.4375;5862321;-4012.547607
404431.75;5862321;-4012.05249
404492.0313;5862321;-4011.684082
404552.3438;5862321;-4011.385742
404612.625;5862321;-4011.130615
404672.9375;5862321;-4013.011719
404733.25;5862321;-4013.014404
404793.5313;5862321;-4012.939453
404853.8438;5862321;-4012.84375
404914.1563;5862321;-4012.684814
404974.4375;5862321;-4013.525146
405034.75;5862321;-4013.34375
405095.0313;5862321;-4013.081055
405155.3438;5862321;-4012.69751
405215.6563;5862321;-4012.25708
405275.9375;5862321;-4013.438477
405336.25;5862321;-4013.145264
405396.5625;5862321;-4013.071777
405456.8438;5862321;-4013.416504
405517.1563;5862321;-4014.136719
405577.4375;5862321;-4015.281006
405637.75;5862321;-4016.5896
405698.0625;5862321;-4020.375977
405758.3438;5862321;-4020.974609
405818.6563;5862321;-4020.814453
405878.9688;5862321;-4019.538086
405939.25;5862321;-4017.679199
405999.5625;5862321;-4015.815186
406059.8438;5862321;-4014.143799
406120.1563;5862321;-4013.029541
406180.4688;5862321;-4012.439209
406240.75;5862321;-4012.166504
406301.0625;5862321;-4012.135254
406361.375;5862321;-4012.523193
406421.6563;5862321;-4013.556396
406481.9688;5862321;-4015.192383
406542.25;5862321;-4017.422607
406602.5625;5862321;-4020.267334
406662.875;5862321;-4023.335449
406723.1563;5862321;-4026.412109
406783.4688;5862321;-4029.393799
406843.7813;5862321;-4032.231445
406904.0625;5862321;-4034.890137
406964.375;5862321;-4038.075195
407024.6563;5862321;-4040.599609
407084.9688;5862321;-4042.541504
407145.2813;5862321;-4043.25415
407205.5625;5862321;-4041.531494
407265.875;5862321;-4038.074707
407326.1875;5862321;-4035.609863
407386.4688;5862321;-4034.5
407446.7813;5862321;-4034.199951
407507.0625;5862321;-4034.531006
407567.375;5862321;-4035.37207
407627.6875;5862321;-4036.333496
407687.9688;5862321;-4037.269287
407748.2813;5862321;-4038.130859
407808.5938;5862321;-4038.831055
407868.875;5862321;-4039.383057
407929.1875;5862321;-4039.813965
407989.4688;5862321;-4040.157715
408049.7813;5862321;-4040.435547
408110.0938;5862321;-4040.660889
408170.375;5862321;-4040.852783
408230.6875;5862321;-4041.020752
408291;5862321;-4041.160889
408351.2813;5862321;-4041.280273
408411.5938;5862321;-4041.387451
408471.875;5862321;-4041.47876
408532.1875;5862321;-4041.548584
408592.5;5862321;-4041.60376
408652.7813;5862321;-4041.648682
408713.0938;5862321;-4041.682861
408773.4063;5862321;-4041.700195
408833.6875;5862321;-4041.705322
408894;5862321;-4041.702881
408954.2813;5862321;-4041.688721
409014.5938;5862321;-4041.661133
409074.9063;5862321;-4041.62915
409135.1875;5862321;-4041.584717
409195.5;5862321;-4041.527344
409255.8125;5862321;-4041.463867
409316.0938;5862321;-4041.388428
409376.4063;5862321;-4041.300537
401356.4063;5862381.5;-4031.393311
401416.6875;5862381.5;-4031.174072
401477;5862381.5;-4030.942627
401537.3125;5862381.5;-4030.69458
401597.5938;5862381.5;-4030.419434
401657.9063;5862381.5;-4030.121826
401718.2188;5862381.5;-4029.802979
401778.5;5862381.5;-4029.4646
401838.8125;5862381.5;-4029.101563
401899.0938;5862381.5;-4028.719238
401959.4063;5862381.5;-4028.322998
402019.7188;5862381.5;-4027.908447
402080;5862381.5;-4027.475098
402140.3125;5862381.5;-4027.036377
402200.625;5862381.5;-4026.592773
402260.9063;5862381.5;-4026.143555
402321.2188;5862381.5;-4025.697998
402381.5;5862381.5;-4025.262207
402441.8125;5862381.5;-4024.832764
402502.125;5862381.5;-4024.417969
402562.4063;5862381.5;-4024.0271
402622.7188;5862381.5;-4023.657471
402683.0313;5862381.5;-4023.313232
402743.3125;5862381.5;-4023
402803.625;5862381.5;-4022.712402
402863.9063;5862381.5;-4022.450439
402924.2188;5862381.5;-4022.222168
402984.5313;5862381.5;-4022.015869
403044.8125;5862381.5;-4021.831055
403105.125;5862381.5;-4021.669922
403165.4375;5862381.5;-4021.513916
403225.7188;5862381.5;-4021.358643
403286.0313;5862381.5;-4028.183594
403346.3125;5862381.5;-4028.064209
403406.625;5862381.5;-4027.928223
403466.9375;5862381.5;-4027.713379
403527.2188;5862381.5;-4027.457031
403587.5313;5862381.5;-4027.15625
403647.8438;5862381.5;-4026.73584
403708.125;5862381.5;-4026.238525
403768.4375;5862381.5;-4025.655518
403828.7188;5862381.5;-4024.928955
403889.0313;5862381.5;-4024.097412
403949.3438;5862381.5;-4023.157959
404009.625;5862381.5;-4022.05957
404069.9375;5862381.5;-4020.883545
404130.25;5862381.5;-4014.07959
404190.5313;5862381.5;-4013.072021
404250.8438;5862381.5;-4012.125
404311.125;5862381.5;-4011.27124
404371.4375;5862381.5;-4010.5
404431.75;5862381.5;-4009.840088
404492.0313;5862381.5;-4009.326904
404552.3438;5862381.5;-4008.897461
404612.625;5862381.5;-4008.520508
404672.9375;5862381.5;-4008.224121
404733.25;5862381.5;-4010.40332
404793.5313;5862381.5;-4010.243164
404853.8438;5862381.5;-4010.055664
404914.1563;5862381.5;-4009.793213
404974.4375;5862381.5;-4010.721924
405034.75;5862381.5;-4010.425537
405095.0313;5862381.5;-4010.02417
405155.3438;5862381.5;-4009.454102
405215.6563;5862381.5;-4008.80127
405275.9375;5862381.5;-4008.133789
405336.25;5862381.5;-4008.848389
405396.5625;5862381.5;-4008.509521
405456.8438;5862381.5;-4008.715332
405517.1563;5862381.5;-4009.496826
405577.4375;5862381.5;-4010.963867
405637.75;5862381.5;-4012.769287
405698.0625;5862381.5;-4017.64209
405758.3438;5862381.5;-4018.538574
405818.6563;5862381.5;-4018.349121
405878.9688;5862381.5;-4016.589355
405939.25;5862381.5;-4013.980225
405999.5625;5862381.5;-4011.388184
406059.8438;5862381.5;-4009.202881
406120.1563;5862381.5;-4007.987061
406180.4688;5862381.5;-4007.659912
406240.75;5862381.5;-4007.817383
406301.0625;5862381.5;-4008.224609
406361.375;5862381.5;-4008.872803
406421.6563;5862381.5;-4009.908203
406481.9688;5862381.5;-4011.327148
406542.25;5862381.5;-4013.085693
406602.5625;5862381.5;-4015.221924
406662.875;5862381.5;-4017.546875
406723.1563;5862381.5;-4019.953125
406783.4688;5862381.5;-4022.457275
406843.7813;5862381.5;-4025.124023
406904.0625;5862381.5;-4028.388672
406964.375;5862381.5;-4031.159668
407024.6563;5862381.5;-4033.667725
407084.9688;5862381.5;-4035.613525
407145.2813;5862381.5;-4036.331299
407205.5625;5862381.5;-4034.590576
407265.875;5862381.5;-4031.080811
407326.1875;5862381.5;-4028.937988
407386.4688;5862381.5;-4028.474609
407446.7813;5862381.5;-4028.753906
407507.0625;5862381.5;-4029.587891
407567.375;5862381.5;-4030.869385
407627.6875;5862381.5;-4032.202637
407687.9688;5862381.5;-4033.450195
407748.2813;5862381.5;-4034.570801
407808.5938;5862381.5;-4035.469971
407868.875;5862381.5;-4036.181396
407929.1875;5862381.5;-4036.749268
407989.4688;5862381.5;-4037.212891
408049.7813;5862381.5;-4037.596436
408110.0938;5862381.5;-4037.917969
408170.375;5862381.5;-4038.198242
408230.6875;5862381.5;-4038.44873
408291;5862381.5;-4038.662598
408351.2813;5862381.5;-4038.851807
408411.5938;5862381.5;-4039.024658
408471.875;5862381.5;-4039.177002
408532.1875;5862381.5;-4039.302246
408592.5;5862381.5;-4039.409424
408652.7813;5862381.5;-4039.502441
408713.0938;5862381.5;-4039.581543
408773.4063;5862381.5;-4039.640137
408833.6875;5862381.5;-4039.682861
408894;5862381.5;-4039.71582
408954.2813;5862381.5;-4039.733643
409014.5938;5862381.5;-4039.735596
409074.9063;5862381.5;-4039.730713
409135.1875;5862381.5;-4039.710693
409195.5;5862381.5;-4039.67627
409255.8125;5862381.5;-4039.632324
409316.0938;5862381.5;-4039.573486
409376.4063;5862381.5;-4039.501953
401356.4063;5862442.5;-4031.907959
401416.6875;5862442.5;-4031.668701
401477;5862442.5;-4031.414063
401537.3125;5862442.5;-4031.140381
401597.5938;5862442.5;-4030.835938
401657.9063;5862442.5;-4030.506104
401718.2188;5862442.5;-4030.152344
401778.5;5862442.5;-4029.775146
401838.8125;5862442.5;-4029.370117
401899.0938;5862442.5;-4028.942627
401959.4063;5862442.5;-4028.498535
402019.7188;5862442.5;-4028.033691
402080;5862442.5;-4027.546875
402140.3125;5862442.5;-4027.054443
402200.625;5862442.5;-4026.556885
402260.9063;5862442.5;-4026.053223
402321.2188;5862442.5;-4025.555908
402381.5;5862442.5;-4025.070557
402441.8125;5862442.5;-4024.594482
402502.125;5862442.5;-4024.136475
402562.4063;5862442.5;-4023.708008
402622.7188;5862442.5;-4023.306641
402683.0313;5862442.5;-4022.936035
402743.3125;5862442.5;-4022.602783
402803.625;5862442.5;-4022.299805
402863.9063;5862442.5;-4022.026611
402924.2188;5862442.5;-4021.79126
402984.5313;5862442.5;-4021.581787
403044.8125;5862442.5;-4021.395996
403105.125;5862442.5;-4021.235107
403165.4375;5862442.5;-4021.079834
403225.7188;5862442.5;-4027.938232
403286.0313;5862442.5;-4027.822998
403346.3125;5862442.5;-4027.693848
403406.625;5862442.5;-4027.548828
403466.9375;5862442.5;-4027.32251
403527.2188;5862442.5;-4027.055664
403587.5313;5862442.5;-4026.741699
403647.8438;5862442.5;-4026.300781
403708.125;5862442.5;-4025.77417
403768.4375;5862442.5;-4025.147705
403828.7188;5862442.5;-4024.353271
403889.0313;5862442.5;-4023.429199
403949.3438;5862442.5;-4022.363525
404009.625;5862442.5;-4021.094727
404069.9375;5862442.5;-4019.718506
404130.25;5862442.5;-4018.295166
404190.5313;5862442.5;-4011.704834
404250.8438;5862442.5;-4010.547119
404311.125;5862442.5;-4009.487549
404371.4375;5862442.5;-4008.519287
404431.75;5862442.5;-4007.679932
404492.0313;5862442.5;-4007.013184
404552.3438;5862442.5;-4006.447754
404612.625;5862442.5;-4005.94873
404672.9375;5862442.5;-4005.54541
404733.25;5862442.5;-4007.94043
404793.5313;5862442.5;-4007.709717
404853.8438;5862442.5;-4007.445068
404914.1563;5862442.5;-4007.091553
404974.4375;5862442.5;-4008.093506
405034.75;5862442.5;-4007.699463
405095.0313;5862442.5;-4007.175781
405155.3438;5862442.5;-4006.432129
405215.6563;5862442.5;-4005.585205
405275.9375;5862442.5;-4004.712402
405336.25;5862442.5;-4004.666016
405396.5625;5862442.5;-4004.075684
405456.8438;5862442.5;-4004.132324
405517.1563;5862442.5;-4004.942383
405577.4375;5862442.5;-4006.822754
405637.75;5862442.5;-4009.281738
405698.0625;5862442.5;-4011.314453
405758.3438;5862442.5;-4016.612793
405818.6563;5862442.5;-4016.371094
405878.9688;5862442.5;-4013.97583
405939.25;5862442.5;-4010.364014
405999.5625;5862442.5;-4006.803711
406059.8438;5862442.5;-4003.934082
406120.1563;5862442.5;-4002.551514
406180.4688;5862442.5;-4002.64502
406240.75;5862442.5;-4003.513672
406301.0625;5862442.5;-4004.518555
406361.375;5862442.5;-4005.499512
406421.6563;5862442.5;-4006.562744
406481.9688;5862442.5;-4007.748047
406542.25;5862442.5;-4008.998779
406602.5625;5862442.5;-4010.378906
406662.875;5862442.5;-4011.876709
406723.1563;5862442.5;-4013.519287
406783.4688;5862442.5;-4015.483643
406843.7813;5862442.5;-4018.005127
406904.0625;5862442.5;-4021.31543
406964.375;5862442.5;-4023.945068
407024.6563;5862442.5;-4026.2854
407084.9688;5862442.5;-4027.968262
407145.2813;5862442.5;-4028.418701
407205.5625;5862442.5;-4027.136719
407265.875;5862442.5;-4024.693848
407326.1875;5862442.5;-4023.318115
407386.4688;5862442.5;-4023.310547
407446.7813;5862442.5;-4023.9646
407507.0625;5862442.5;-4025.152832
407567.375;5862442.5;-4026.746582
407627.6875;5862442.5;-4028.348877
407687.9688;5862442.5;-4029.827393
407748.2813;5862442.5;-4031.143799
407808.5938;5862442.5;-4032.201172
407868.875;5862442.5;-4033.045166
407929.1875;5862442.5;-4033.73291
407989.4688;5862442.5;-4034.305664
408049.7813;5862442.5;-4034.788086
408110.0938;5862442.5;-4035.202637
408170.375;5862442.5;-4035.569336
408230.6875;5862442.5;-4035.899902
408291;5862442.5;-4036.187256
408351.2813;5862442.5;-4036.445068
408411.5938;5862442.5;-4036.68335
408471.875;5862442.5;-4036.896484
408532.1875;5862442.5;-4037.077148
408592.5;5862442.5;-4037.23584
408652.7813;5862442.5;-4037.376709
408713.0938;5862442.5;-4037.500488
408773.4063;5862442.5;-4037.600586
408833.6875;5862442.5;-4037.681396
408894;5862442.5;-4037.748535
408954.2813;5862442.5;-4037.799561
409014.5938;5862442.5;-4037.831543
409074.9063;5862442.5;-4037.853027
409135.1875;5862442.5;-4037.85791
409195.5;5862442.5;-4037.845947
409255.8125;5862442.5;-4037.821777
409316.0938;5862442.5;-4037.781494
409376.4063;5862442.5;-4037.726563
401356.4063;5862503;-4032.44043
401416.6875;5862503;-4032.178711
401477;5862503;-4031.899902
401537.3125;5862503;-4031.600342
401597.5938;5862503;-4031.266357
401657.9063;5862503;-4030.902832
401718.2188;5862503;-4030.512939
401778.5;5862503;-4030.095703
401838.8125;5862503;-4029.646729
401899.0938;5862503;-4029.171631
401959.4063;5862503;-4028.67749
402019.7188;5862503;-4028.15918
402080;5862503;-4027.616455
402140.3125;5862503;-4027.067139
402200.625;5862503;-4026.511963
402260.9063;5862503;-4025.950684
402321.2188;5862503;-4025.398682
402381.5;5862503;-4024.861328
402441.8125;5862503;-4024.336914
402502.125;5862503;-4023.835205
402562.4063;5862503;-4023.369873
402622.7188;5862503;-4022.937988
402683.0313;5862503;-4022.543457
402743.3125;5862503;-4022.192627
402803.625;5862503;-4021.878418
402863.9063;5862503;-4021.598877
402924.2188;5862503;-4021.361328
402984.5313;5862503;-4021.152588
403044.8125;5862503;-4020.970459
403105.125;5862503;-4020.814453
403165.4375;5862503;-4027.638428
403225.7188;5862503;-4027.582275
403286.0313;5862503;-4027.462402
403346.3125;5862503;-4027.331787
403406.625;5862503;-4027.186768
403466.9375;5862503;-4026.959473
403527.2188;5862503;-4026.694824
403587.5313;5862503;-4026.385986
403647.8438;5862503;-4025.941895
403708.125;5862503;-4025.406006
403768.4375;5862503;-4024.755371
403828.7188;5862503;-4023.909912
403889.0313;5862503;-4022.90625
403949.3438;5862503;-4021.718994
404009.625;5862503;-4020.275635
404069.9375;5862503;-4018.688232
404130.25;5862503;-4017.025635
404190.5313;5862503;-4015.266113
404250.8438;5862503;-4009.085205
404311.125;5862503;-4007.794922
404371.4375;5862503;-4006.608398
404431.75;5862503;-4005.57251
404492.0313;5862503;-4004.74292
404552.3438;5862503;-4004.03833
404612.625;5862503;-4003.41748
404672.9375;5862503;-4002.913086
404733.25;5862503;-4002.423096
404793.5313;5862503;-4005.346436
404853.8438;5862503;-4005.020752
404914.1563;5862503;-4004.59082
404974.4375;5862503;-4005.655029
405034.75;5862503;-4005.184082
405095.0313;5862503;-4004.562256
405155.3438;5862503;-4003.672363
405215.6563;5862503;-4002.67749
405275.9375;5862503;-4001.660889
405336.25;5862503;-4000.540039
405396.5625;5862503;-4000.001953
405456.8438;5862503;-3999.931396
405517.1563;5862503;-4000.729004
405577.4375;5862503;-4002.998047
405637.75;5862503;-4006.135986
405698.0625;5862503;-4008.75708
405758.3438;5862503;-4014.994629
405818.6563;5862503;-4014.647705
405878.9688;5862503;-4011.413818
405939.25;5862503;-4006.487305
405999.5625;5862503;-4001.7146
406059.8438;5862503;-3997.976807
406120.1563;5862503;-3996.380859
406180.4688;5862503;-3997.078125
406240.75;5862503;-3999.002686
406301.0625;5862503;-4000.845703
406361.375;5862503;-4002.273926
406421.6563;5862503;-4003.418213
406481.9688;5862503;-4004.378662
406542.25;5862503;-4005.100342
406602.5625;5862503;-4005.680664
406662.875;5862503;-4006.273682
406723.1563;5862503;-4007.07959
406783.4688;5862503;-4008.463135
406843.7813;5862503;-4011.497559
406904.0625;5862503;-4014.235107
406964.375;5862503;-4016.721191
407024.6563;5862503;-4018.885742
407084.9688;5862503;-4020.475586
407145.2813;5862503;-4021.05542
407205.5625;5862503;-4020.571533
407265.875;5862503;-4019.455811
407326.1875;5862503;-4018.844482
407386.4688;5862503;-4019.058838
407446.7813;5862503;-4019.905762
407507.0625;5862503;-4021.301758
407567.375;5862503;-4023.06543
407627.6875;5862503;-4024.820068
407687.9688;5862503;-4026.438477
407748.2813;5862503;-4027.876465
407808.5938;5862503;-4029.043945
407868.875;5862503;-4029.991455
407929.1875;5862503;-4030.777588
407989.4688;5862503;-4031.446045
408049.7813;5862503;-4032.020752
408110.0938;5862503;-4032.522705
408170.375;5862503;-4032.972412
408230.6875;5862503;-4033.380615
408291;5862503;-4033.740234
408351.2813;5862503;-4034.065674
408411.5938;5862503;-4034.368408
408471.875;5862503;-4034.641602
408532.1875;5862503;-4034.876221
408592.5;5862503;-4035.085938
408652.7813;5862503;-4035.274658
408713.0938;5862503;-4035.442627
408773.4063;5862503;-4035.583496
408833.6875;5862503;-4035.702393
408894;5862503;-4035.804443
408954.2813;5862503;-4035.887695
409014.5938;5862503;-4035.949707
409074.9063;5862503;-4035.998291
409135.1875;5862503;-4036.028809
409195.5;5862503;-4036.039551
409255.8125;5862503;-4036.035156
409316.0938;5862503;-4036.013916
409376.4063;5862503;-4035.976318
401356.4063;5862563.5;-4032.99585
401416.6875;5862563.5;-4032.710449
401477;5862563.5;-4032.406982
401537.3125;5862563.5;-4032.079834
401597.5938;5862563.5;-4031.715088
401657.9063;5862563.5;-4031.318115
401718.2188;5862563.5;-4030.890869
401778.5;5862563.5;-4030.432861
401838.8125;5862563.5;-4029.938477
401899.0938;5862563.5;-4029.414063
401959.4063;5862563.5;-4028.867432
402019.7188;5862563.5;-4028.291748
402080;5862563.5;-4027.689453
402140.3125;5862563.5;-4027.078857
402200.625;5862563.5;-4026.462402
402260.9063;5862563.5;-4025.8396
402321.2188;5862563.5;-4025.22876
402381.5;5862563.5;-4024.636719
402441.8125;5862563.5;-4024.060791
402502.125;5862563.5;-4023.513428
402562.4063;5862563.5;-4023.010742
402622.7188;5862563.5;-4022.548584
402683.0313;5862563.5;-4022.131104
402743.3125;5862563.5;-4021.764893
402803.625;5862563.5;-4021.443115
402863.9063;5862563.5;-4021.160645
402924.2188;5862563.5;-4020.924561
402984.5313;5862563.5;-4020.72168
403044.8125;5862563.5;-4020.547852
403105.125;5862563.5;-4020.4021
403165.4375;5862563.5;-4027.29834
403225.7188;5862563.5;-4027.246338
403286.0313;5862563.5;-4027.131836
403346.3125;5862563.5;-4027.009521
403406.625;5862563.5;-4026.877686
403466.9375;5862563.5;-4026.666016
403527.2188;5862563.5;-4026.425293
403587.5313;5862563.5;-4026.14624
403647.8438;5862563.5;-4025.72998
403708.125;5862563.5;-4025.216553
403768.4375;5862563.5;-4024.57373
403828.7188;5862563.5;-4023.706299
403889.0313;5862563.5;-4022.64502
403949.3438;5862563.5;-4021.348145
404009.625;5862563.5;-4019.725586
404069.9375;5862563.5;-4017.9104
404130.25;5862563.5;-4015.981689
404190.5313;5862563.5;-4013.91748
404250.8438;5862563.5;-4011.84668
404311.125;5862563.5;-4006.205322
404371.4375;5862563.5;-4004.764648
404431.75;5862563.5;-4003.507813
404492.0313;5862563.5;-4002.503906
404552.3438;5862563.5;-4001.658691
404612.625;5862563.5;-4000.924316
404672.9375;5862563.5;-4000.334961
404733.25;5862563.5;-3999.771484
404793.5313;5862563.5;-3999.131592
404853.8438;5862563.5;-4002.708252
404914.1563;5862563.5;-4002.220459
404974.4375;5862563.5;-4003.365723
405034.75;5862563.5;-4002.840088
405095.0313;5862563.5;-4002.151611
405155.3438;5862563.5;-4001.16626
405215.6563;5862563.5;-4000.101807
405275.9375;5862563.5;-3999.054443
405336.25;5862563.5;-3997.924805
405396.5625;5862563.5;-3997.153564
405456.8438;5862563.5;-3996.798096
405517.1563;5862563.5;-3997.73999
405577.4375;5862563.5;-4000.116943
405637.75;5862563.5;-4003.419189
405698.0625;5862563.5;-4006.239014
405758.3438;5862563.5;-4013.245117
405818.6563;5862563.5;-4012.822754
405878.9688;5862563.5;-4008.466553
405939.25;5862563.5;-4001.710693
405999.5625;5862563.5;-3995.545654
406059.8438;5862563.5;-3991.265381
406120.1563;5862563.5;-3990.16626
406180.4688;5862563.5;-3991.746094
406240.75;5862563.5;-3994.629883
406301.0625;5862563.5;-3997.292725
406361.375;5862563.5;-3999.234863
406421.6563;5862563.5;-4000.50293
406481.9688;5862563.5;-4001.236816
406542.25;5862563.5;-4001.414063
406602.5625;5862563.5;-4001.180908
406662.875;5862563.5;-4000.859619
406723.1563;5862563.5;-4000.77124
406783.4688;5862563.5;-4001.676758
406843.7813;5862563.5;-4004.844971
406904.0625;5862563.5;-4007.57373
406964.375;5862563.5;-4010.021729
407024.6563;5862563.5;-4012.166504
407084.9688;5862563.5;-4013.862793
407145.2813;5862563.5;-4014.83667
407205.5625;5862563.5;-4015.108887
407265.875;5862563.5;-4014.992676
407326.1875;5862563.5;-4015.074707
407386.4688;5862563.5;-4015.621338
407446.7813;5862563.5;-4016.680176
407507.0625;5862563.5;-4018.184326
407567.375;5862563.5;-4019.977295
407627.6875;5862563.5;-4021.748047
407687.9688;5862563.5;-4023.390625
407748.2813;5862563.5;-4024.861816
407808.5938;5862563.5;-4026.07959
407868.875;5862563.5;-4027.09082
407929.1875;5862563.5;-4027.947021
407989.4688;5862563.5;-4028.690674
408049.7813;5862563.5;-4029.343994
408110.0938;5862563.5;-4029.924072
408170.375;5862563.5;-4030.449463
408230.6875;5862563.5;-4030.929443
408291;5862563.5;-4031.356201
408351.2813;5862563.5;-4031.745117
408411.5938;5862563.5;-4032.107666
408471.875;5862563.5;-4032.436768
408532.1875;5862563.5;-4032.7229
408592.5;5862563.5;-4032.980713
408652.7813;5862563.5;-4033.2146
408713.0938;5862563.5;-4033.424805
408773.4063;5862563.5;-4033.604248
408833.6875;5862563.5;-4033.759033
408894;5862563.5;-4033.894287
408954.2813;5862563.5;-4034.008545
409014.5938;5862563.5;-4034.098877
409074.9063;5862563.5;-4034.173828
409135.1875;5862563.5;-4034.227783
409195.5;5862563.5;-4034.260986
409255.8125;5862563.5;-4034.276123
409316.0938;5862563.5;-4034.272705
409376.4063;5862563.5;-4034.251953
401356.4063;5862624;-4033.580322
401416.6875;5862624;-4033.270264
401477;5862624;-4032.940186
401537.3125;5862624;-4032.585938
401597.5938;5862624;-4032.19043
401657.9063;5862624;-4031.759033
401718.2188;5862624;-4031.294189
401778.5;5862624;-4030.793457
401838.8125;5862624;-4030.251221
401899.0938;5862624;-4029.675049
401959.4063;5862624;-4029.071777
402019.7188;5862624;-4028.435547
402080;5862624;-4027.767578
402140.3125;5862624;-4027.090088
402200.625;5862624;-4026.405273
402260.9063;5862624;-4025.714844
402321.2188;5862624;-4025.039307
402381.5;5862624;-4024.387207
402441.8125;5862624;-4023.755615
402502.125;5862624;-4023.159424
402562.4063;5862624;-4022.617676
402622.7188;5862624;-4022.125244
402683.0313;5862624;-4021.686279
402743.3125;5862624;-4021.307861
402803.625;5862624;-4020.981934
402863.9063;5862624;-4020.700195
402924.2188;5862624;-4020.470703
402984.5313;5862624;-4020.278564
403044.8125;5862624;-4020.118896
403105.125;5862624;-4026.972168
403165.4375;5862624;-4026.929688
403225.7188;5862624;-4026.888428
403286.0313;5862624;-4026.787842
403346.3125;5862624;-4026.686035
403406.625;5862624;-4026.582764
403466.9375;5862624;-4026.407471
403527.2188;5862624;-4026.217529
403587.5313;5862624;-4025.999756
403647.8438;5862624;-4025.647949
403708.125;5862624;-4025.200195
403768.4375;5862624;-4024.608643
403828.7188;5862624;-4023.758789
403889.0313;5862624;-4022.671387
403949.3438;5862624;-4021.281006
404009.625;5862624;-4019.474365
404069.9375;5862624;-4017.4104
404130.25;5862624;-4015.179688
404190.5313;5862624;-4012.761475
404250.8438;5862624;-4010.313721
404311.125;5862624;-4007.99585
404371.4375;5862624;-4005.879639
404431.75;5862624;-4001.456299
404492.0313;5862624;-4000.265869
404552.3438;5862624;-3999.283203
404612.625;5862624;-3998.450928
404672.9375;5862624;-3997.802246
404733.25;5862624;-3997.194824
404793.5313;5862624;-3996.509521
404853.8438;5862624;-3995.767822
404914.1563;5862624;-4001.675537
404974.4375;5862624;-4001.25708
405034.75;5862624;-4000.689209
405095.0313;5862624;-3999.954102
405155.3438;5862624;-3998.9104
405215.6563;5862624;-3997.829346
405275.9375;5862624;-3996.819824
405336.25;5862624;-3995.766602
405396.5625;5862624;-3995.15332
405456.8438;5862624;-3995.342041
405517.1563;5862624;-3995.458984
405577.4375;5862624;-3997.658936
405637.75;5862624;-4000.570557
405698.0625;5862624;-4003.095947
405758.3438;5862624;-4010.238525
405818.6563;5862624;-4009.808838
405878.9688;5862624;-4004.140869
405939.25;5862624;-3995.051025
405999.5625;5862624;-3987.23877
406059.8438;5862624;-3983.244141
406120.1563;5862624;-3984.15918
406180.4688;5862624;-3987.211182
406240.75;5862624;-3990.889893
406301.0625;5862624;-3994.181152
406361.375;5862624;-3996.597412
406421.6563;5862624;-3997.962646
406481.9688;5862624;-3998.430908
406542.25;5862624;-3998.121338
406602.5625;5862624;-3997.245361
406662.875;5862624;-3996.224365
406723.1563;5862624;-3995.158691
406783.4688;5862624;-3995.191162
406843.7813;5862624;-3998.671143
406904.0625;5862624;-4001.71875
406964.375;5862624;-4004.174072
407024.6563;5862624;-4006.430908
407084.9688;5862624;-4008.362305
407145.2813;5862624;-4009.767578
407205.5625;5862624;-4010.654541
407265.875;5862624;-4011.241455
407326.1875;5862624;-4011.880615
407386.4688;5862624;-4012.772949
407446.7813;5862624;-4014.008789
407507.0625;5862624;-4015.55127
407567.375;5862624;-4017.294434
407627.6875;5862624;-4019.004883
407687.9688;5862624;-4020.604248
407748.2813;5862624;-4022.052246
407808.5938;5862624;-4023.280029
407868.875;5862624;-4024.326172
407929.1875;5862624;-4025.233398
407989.4688;5862624;-4026.038818
408049.7813;5862624;-4026.760498
408110.0938;5862624;-4027.409912
408170.375;5862624;-4028.003662
408230.6875;5862624;-4028.549561
408291;5862624;-4029.038086
408351.2813;5862624;-4029.485107
408411.5938;5862624;-4029.903809
408471.875;5862624;-4030.285156
408532.1875;5862624;-4030.619385
408592.5;5862624;-4030.922363
408652.7813;5862624;-4031.198975
408713.0938;5862624;-4031.44873
408773.4063;5862624;-4031.665527
408833.6875;5862624;-4031.854492
408894;5862624;-4032.020996
408954.2813;5862624;-4032.164795
409014.5938;5862624;-4032.282959
409074.9063;5862624;-4032.382324
409135.1875;5862624;-4032.459961
409195.5;5862624;-4032.514893
409255.8125;5862624;-4032.548828
409316.0938;5862624;-4032.562744
409376.4063;5862624;-4032.558105
401356.4063;5862685;-4034.191406
401416.6875;5862685;-4033.854492
401477;5862685;-4033.497803
401537.3125;5862685;-4033.116211
401597.5938;5862685;-4032.689453
401657.9063;5862685;-4032.223877
401718.2188;5862685;-4031.721436
401778.5;5862685;-4031.177246
401838.8125;5862685;-4030.586182
401899.0938;5862685;-4029.955078
401959.4063;5862685;-4029.292236
402019.7188;5862685;-4028.591064
402080;5862685;-4027.852295
402140.3125;5862685;-4027.101563
402200.625;5862685;-4026.343506
402260.9063;5862685;-4025.577881
402321.2188;5862685;-4024.832031
402381.5;5862685;-4024.115479
402441.8125;5862685;-4023.423096
402502.125;5862685;-4022.774414
402562.4063;5862685;-4022.191895
402622.7188;5862685;-4021.668457
402683.0313;5862685;-4021.208008
402743.3125;5862685;-4020.818115
402803.625;5862685;-4020.490723
402863.9063;5862685;-4020.214111
402924.2188;5862685;-4019.995605
402984.5313;5862685;-4019.819092
403044.8125;5862685;-4019.677979
403105.125;5862685;-4026.539551
403165.4375;5862685;-4026.509033
403225.7188;5862685;-4026.483398
403286.0313;5862685;-4026.404785
403346.3125;5862685;-4026.334229
403406.625;5862685;-4026.271484
403466.9375;5862685;-4026.147949
403527.2188;5862685;-4026.028809
403587.5313;5862685;-4025.898682
403647.8438;5862685;-4025.643799
403708.125;5862685;-4025.298828
403768.4375;5862685;-4024.796631
403828.7188;5862685;-4024.001221
403889.0313;5862685;-4022.91748
403949.3438;5862685;-4021.447754
404009.625;5862685;-4019.452393
404069.9375;5862685;-4017.118164
404130.25;5862685;-4014.549561
404190.5313;5862685;-4011.731445
404250.8438;5862685;-4008.856934
404311.125;5862685;-4006.129883
404371.4375;5862685;-4003.647949
404431.75;5862685;-4001.524902
404492.0313;5862685;-3997.986816
404552.3438;5862685;-3996.874268
404612.625;5862685;-3995.963623
404672.9375;5862685;-3995.282715
404733.25;5862685;-3994.661133
404793.5313;5862685;-3993.959473
404853.8438;5862685;-3993.188965
404914.1563;5862685;-3992.281494
404974.4375;5862685;-3999.291992
405034.75;5862685;-3998.682129
405095.0313;5862685;-3997.90332
405155.3438;5862685;-3996.813721
405215.6563;5862685;-3995.731445
405275.9375;5862685;-3994.770752
405336.25;5862685;-3993.793945
405396.5625;5862685;-3993.297363
405456.8438;5862685;-3993.549561
405517.1563;5862685;-3994.547119
405577.4375;5862685;-3994.92041
405637.75;5862685;-3997.163818
405698.0625;5862685;-3998.95166
405758.3438;5862685;-4004.692871
405818.6563;5862685;-4003.404053
405878.9688;5862685;-3996.506836
405939.25;5862685;-3985.769531
405999.5625;5862685;-3976.691162
406059.8438;5862685;-3973.82666
406120.1563;5862685;-3978.028564
406180.4688;5862685;-3983.287109
406240.75;5862685;-3987.926514
406301.0625;5862685;-3991.7146
406361.375;5862685;-3994.44873
406421.6563;5862685;-3995.794189
406481.9688;5862685;-3995.920654
406542.25;5862685;-3995.193848
406602.5625;5862685;-3993.920654
406662.875;5862685;-3992.567627
406723.1563;5862685;-3990.919189
406783.4688;5862685;-3990.053955
406843.7813;5862685;-3992.703369
406904.0625;5862685;-3996.230469
406964.375;5862685;-3999.136719
407024.6563;5862685;-4001.568604
407084.9688;5862685;-4003.728027
407145.2813;5862685;-4005.492676
407205.5625;5862685;-4006.851807
407265.875;5862685;-4007.952881
407326.1875;5862685;-4009.012451
407386.4688;5862685;-4010.182373
407446.7813;5862685;-4011.548828
407507.0625;5862685;-4013.10083
407567.375;5862685;-4014.772217
407627.6875;5862685;-4016.403809
407687.9688;5862685;-4017.941895
407748.2813;5862685;-4019.351807
407808.5938;5862685;-4020.577148
407868.875;5862685;-4021.648682
407929.1875;5862685;-4022.5979
407989.4688;5862685;-4023.457764
408049.7813;5862685;-4024.241699
408110.0938;5862685;-4024.955078
408170.375;5862685;-4025.612793
408230.6875;5862685;-4026.220947
408291;5862685;-4026.767822
408351.2813;5862685;-4027.27002
408411.5938;5862685;-4027.741211
408471.875;5862685;-4028.172607
408532.1875;5862685;-4028.55249
408592.5;5862685;-4028.898193
408652.7813;5862685;-4029.216553
408713.0938;5862685;-4029.504395
408773.4063;5862685;-4029.756592
408833.6875;5862685;-4029.978516
408894;5862685;-4030.176514
408954.2813;5862685;-4030.349365
409014.5938;5862685;-4030.494385
409074.9063;5862685;-4030.618164
409135.1875;5862685;-4030.71875
409195.5;5862685;-4030.79541
409255.8125;5862685;-4030.848145
409316.0938;5862685;-4030.879883
409376.4063;5862685;-4030.891602
401356.4063;5862745.5;-4034.822754
401416.6875;5862745.5;-4034.458496
401477;5862745.5;-4034.075684
401537.3125;5862745.5;-4033.667236
401597.5938;5862745.5;-4033.210938
401657.9063;5862745.5;-4032.712402
401718.2188;5862745.5;-4032.173096
401778.5;5862745.5;-4031.586426
401838.8125;5862745.5;-4030.946533
401899.0938;5862745.5;-4030.26123
401959.4063;5862745.5;-4029.538086
402019.7188;5862745.5;-4028.77002
402080;5862745.5;-4027.958252
402140.3125;5862745.5;-4027.131104
402200.625;5862745.5;-4026.294678
402260.9063;5862745.5;-4025.450195
402321.2188;5862745.5;-4024.628662
402381.5;5862745.5;-4023.84082
402441.8125;5862745.5;-4023.082764
402502.125;5862745.5;-4022.375977
402562.4063;5862745.5;-4021.748291
402622.7188;5862745.5;-4021.189453
402683.0313;5862745.5;-4020.704102
402743.3125;5862745.5;-4020.302002
402803.625;5862745.5;-4019.97168
402863.9063;5862745.5;-4019.700684
402924.2188;5862745.5;-4019.494141
402984.5313;5862745.5;-4019.336182
403044.8125;5862745.5;-4026.119385
403105.125;5862745.5;-4026.090576
403165.4375;5862745.5;-4026.075928
403225.7188;5862745.5;-4026.072754
403286.0313;5862745.5;-4026.023926
403346.3125;5862745.5;-4025.993652
403406.625;5862745.5;-4025.983643
403466.9375;5862745.5;-4025.925781
403527.2188;5862745.5;-4025.895264
403587.5313;5862745.5;-4025.876465
403647.8438;5862745.5;-4025.746582
403708.125;5862745.5;-4025.538574
403768.4375;5862745.5;-4025.162598
403828.7188;5862745.5;-4024.455078
403889.0313;5862745.5;-4023.400391
403949.3438;5862745.5;-4021.860107
404009.625;5862745.5;-4019.663086
404069.9375;5862745.5;-4017.027832
404130.25;5862745.5;-4014.075928
404190.5313;5862745.5;-4010.797852
404250.8438;5862745.5;-4007.434082
404311.125;5862745.5;-4004.242676
404371.4375;5862745.5;-4001.352295
404431.75;5862745.5;-3998.911133
404492.0313;5862745.5;-3996.990723
404552.3438;5862745.5;-3994.373291
404612.625;5862745.5;-3993.404297
404672.9375;5862745.5;-3992.720215
404733.25;5862745.5;-3992.114746
404793.5313;5862745.5;-3991.425293
404853.8438;5862745.5;-3990.650146
404914.1563;5862745.5;-3989.713379
404974.4375;5862745.5;-3993.926025
405034.75;5862745.5;-3996.750977
405095.0313;5862745.5;-3995.938477
405155.3438;5862745.5;-3994.812256
405215.6563;5862745.5;-3993.730957
405275.9375;5862745.5;-3992.806396
405336.25;5862745.5;-3991.868896
405396.5625;5862745.5;-3991.404785
405456.8438;5862745.5;-3991.563721
405517.1563;5862745.5;-3992.218018
405577.4375;5862745.5;-3993.314453
405637.75;5862745.5;-3992.915283
405698.0625;5862745.5;-3993.555176
405758.3438;5862745.5;-3997.060547
405818.6563;5862745.5;-3994.136475
405878.9688;5862745.5;-3986.596436
405939.25;5862745.5;-3976.340332
405999.5625;5862745.5;-3968.221924
406059.8438;5862745.5;-3967.148926
406120.1563;5862745.5;-3973.818359
406180.4688;5862745.5;-3980.697754
406240.75;5862745.5;-3985.919434
406301.0625;5862745.5;-3989.771973
406361.375;5862745.5;-3992.374756
406421.6563;5862745.5;-3993.547363
406481.9688;5862745.5;-3993.472656
406542.25;5862745.5;-3992.53125
406602.5625;5862745.5;-3991.114746
406662.875;5862745.5;-3988.981934
406723.1563;5862745.5;-3988.314941
406783.4688;5862745.5;-3988.13623
406843.7813;5862745.5;-3989.922607
406904.0625;5862745.5;-3992.56958
406964.375;5862745.5;-3995.088379
407024.6563;5862745.5;-3997.518066
407084.9688;5862745.5;-3999.818604
407145.2813;5862745.5;-4001.825928
407205.5625;5862745.5;-4003.511475
407265.875;5862745.5;-4004.969971
407326.1875;5862745.5;-4006.32666
407386.4688;5862745.5;-4007.703125
407446.7813;5862745.5;-4009.166992
407507.0625;5862745.5;-4010.719727
407567.375;5862745.5;-4012.326172
407627.6875;5862745.5;-4013.886719
407687.9688;5862745.5;-4015.368896
407748.2813;5862745.5;-4016.74292
407808.5938;5862745.5;-4017.964111
407868.875;5862745.5;-4019.057617
407929.1875;5862745.5;-4020.04541
407989.4688;5862745.5;-4020.955811
408049.7813;5862745.5;-4021.797119
408110.0938;5862745.5;-4022.56958
408170.375;5862745.5;-4023.285645
408230.6875;5862745.5;-4023.950928
408291;5862745.5;-4024.551514
408351.2813;5862745.5;-4025.105225
408411.5938;5862745.5;-4025.625732
408471.875;5862745.5;-4026.103516
408532.1875;5862745.5;-4026.526611
408592.5;5862745.5;-4026.913574
408652.7813;5862745.5;-4027.269775
408713.0938;5862745.5;-4027.594238
408773.4063;5862745.5;-4027.880371
408833.6875;5862745.5;-4028.134277
408894;5862745.5;-4028.361084
408954.2813;5862745.5;-4028.562256
409014.5938;5862745.5;-4028.733398
409074.9063;5862745.5;-4028.880371
409135.1875;5862745.5;-4029.003418
409195.5;5862745.5;-4029.099854
409255.8125;5862745.5;-4029.171143
409316.0938;5862745.5;-4029.219727
409376.4063;5862745.5;-4029.248291
401356.4063;5862806;-4035.476074
401416.6875;5862806;-4035.085205
401477;5862806;-4034.67749
401537.3125;5862806;-4034.244629
401597.5938;5862806;-4033.760498
401657.9063;5862806;-4033.231201
401718.2188;5862806;-4032.657715
401778.5;5862806;-4032.03125
401838.8125;5862806;-4031.34375
401899.0938;5862806;-4030.60498
401959.4063;5862806;-4029.821533
402019.7188;5862806;-4028.984619
402080;5862806;-4028.095703
402140.3125;5862806;-4027.1875
402200.625;5862806;-4026.266113
402260.9063;5862806;-4025.333984
402321.2188;5862806;-4024.428711
402381.5;5862806;-4023.563232
402441.8125;5862806;-4022.731201
402502.125;5862806;-4021.959473
402562.4063;5862806;-4021.279541
402622.7188;5862806;-4020.679199
402683.0313;5862806;-4020.164551
402743.3125;5862806;-4019.746582
402803.625;5862806;-4019.413818
402863.9063;5862806;-4019.150635
402924.2188;5862806;-4018.960693
402984.5313;5862806;-4018.826904
403044.8125;5862806;-4025.600342
403105.125;5862806;-4025.589844
403165.4375;5862806;-4025.598389
403225.7188;5862806;-4025.625977
403286.0313;5862806;-4025.61792
403346.3125;5862806;-4025.640137
403406.625;5862806;-4025.69458
403466.9375;5862806;-4025.71582
403527.2188;5862806;-4025.790283
403587.5313;5862806;-4025.90332
403647.8438;5862806;-4025.928223
403708.125;5862806;-4025.89502
403768.4375;5862806;-4025.689209
403828.7188;5862806;-4025.113281
403889.0313;5862806;-4024.122559
403949.3438;5862806;-4022.526367
404009.625;5862806;-4020.11084
404069.9375;5862806;-4017.133545
404130.25;5862806;-4013.736084
404190.5313;5862806;-4009.919678
404250.8438;5862806;-4005.988281
404311.125;5862806;-4002.266602
404371.4375;5862806;-3998.923828
404431.75;5862806;-3996.147949
404492.0313;5862806;-3994.027832
404552.3438;5862806;-3992.517334
404612.625;5862806;-3990.710449
404672.9375;5862806;-3990.069824
404733.25;5862806;-3989.529053
404793.5313;5862806;-3988.897705
404853.8438;5862806;-3988.156738
404914.1563;5862806;-3987.218018
404974.4375;5862806;-3986.110596
405034.75;5862806;-3990.05835
405095.0313;5862806;-3993.931885
405155.3438;5862806;-3992.768066
405215.6563;5862806;-3991.675049
405275.9375;5862806;-3990.755615
405336.25;5862806;-3989.795654
405396.5625;5862806;-3989.243896
405456.8438;5862806;-3989.154785
405517.1563;5862806;-3989.328613
405577.4375;5862806;-3989.692627
405637.75;5862806;-3989.877197
405698.0625;5862806;-3987.485352
405758.3438;5862806;-3985.535645
405818.6563;5862806;-3984.83667
405878.9688;5862806;-3977.852295
405939.25;5862806;-3969.858887
405999.5625;5862806;-3964.611328
406059.8438;5862806;-3965.367432
406120.1563;5862806;-3972.515381
406180.4688;5862806;-3979.406738
406240.75;5862806;-3984.245361
406301.0625;5862806;-3987.62915
406361.375;5862806;-3989.772949
406421.6563;5862806;-3990.752441
406481.9688;5862806;-3990.741455
406542.25;5862806;-3989.914795
406602.5625;5862806;-3987.546387
406662.875;5862806;-3986.626709
406723.1563;5862806;-3986.125
406783.4688;5862806;-3986.295166
406843.7813;5862806;-3987.647705
406904.0625;5862806;-3989.673096
406964.375;5862806;-3991.963135
407024.6563;5862806;-3994.31958
407084.9688;5862806;-3996.626953
407145.2813;5862806;-3998.729004
407205.5625;5862806;-4000.584229
407265.875;5862806;-4002.245605
407326.1875;5862806;-4003.781494
407386.4688;5862806;-4005.287354
407446.7813;5862806;-4006.813477
407507.0625;5862806;-4008.364746
407567.375;5862806;-4009.924072
407627.6875;5862806;-4011.433838
407687.9688;5862806;-4012.876465
407748.2813;5862806;-4014.226074
407808.5938;5862806;-4015.449219
407868.875;5862806;-4016.566406
407929.1875;5862806;-4017.592041
407989.4688;5862806;-4018.548584
408049.7813;5862806;-4019.442139
408110.0938;5862806;-4020.26709
408170.375;5862806;-4021.035645
408230.6875;5862806;-4021.751465
408291;5862806;-4022.400146
408351.2813;5862806;-4022.999756
408411.5938;5862806;-4023.564453
408471.875;5862806;-4024.084961
408532.1875;5862806;-4024.547607
408592.5;5862806;-4024.97168
408652.7813;5862806;-4025.364258
408713.0938;5862806;-4025.722656
408773.4063;5862806;-4026.040283
408833.6875;5862806;-4026.323975
408894;5862806;-4026.578613
408954.2813;5862806;-4026.806152
409014.5938;5862806;-4027.001465
409074.9063;5862806;-4027.171387
409135.1875;5862806;-4027.31543
409195.5;5862806;-4027.431885
409255.8125;5862806;-4027.520996
409316.0938;5862806;-4027.586182
409376.4063;5862806;-4027.630859
401356.4063;5862866.5;-4036.150146
401416.6875;5862866.5;-4035.735352
401477;5862866.5;-4035.305664
401537.3125;5862866.5;-4034.852295
401597.5938;5862866.5;-4034.345459
401657.9063;5862866.5;-4033.791016
401718.2188;5862866.5;-4033.188965
401778.5;5862866.5;-4032.527344
401838.8125;5862866.5;-4031.797119
401899.0938;5862866.5;-4031.009521
401959.4063;5862866.5;-4030.167725
402019.7188;5862866.5;-4029.261719
402080;5862866.5;-4028.290527
402140.3125;5862866.5;-4027.293213
402200.625;5862866.5;-4026.277344
402260.9063;5862866.5;-4025.246338
402321.2188;5862866.5;-4024.24585
402381.5;5862866.5;-4023.291748
402441.8125;5862866.5;-4022.375244
402502.125;5862866.5;-4021.527588
402562.4063;5862866.5;-4020.7854
402622.7188;5862866.5;-4020.132813
402683.0313;5862866.5;-4019.579346
402743.3125;5862866.5;-4019.141357
402803.625;5862866.5;-4018.806152
402863.9063;5862866.5;-4018.553955
402924.2188;5862866.5;-4018.38916
402984.5313;5862866.5;-4024.919189
403044.8125;5862866.5;-4024.989502
403105.125;5862866.5;-4025.007324
403165.4375;5862866.5;-4025.049805
403225.7188;5862866.5;-4025.121094
403286.0313;5862866.5;-4025.167969
403346.3125;5862866.5;-4025.254883
403406.625;5862866.5;-4025.382813
403466.9375;5862866.5;-4025.489502
403527.2188;5862866.5;-4025.67334
403587.5313;5862866.5;-4025.926514
403647.8438;5862866.5;-4026.126221
403708.125;5862866.5;-4026.303467
403768.4375;5862866.5;-4026.319092
403828.7188;5862866.5;-4025.931641
403889.0313;5862866.5;-4025.053955
403949.3438;5862866.5;-4023.423096
404009.625;5862866.5;-4020.770508
404069.9375;5862866.5;-4017.396973
404130.25;5862866.5;-4013.467529
404190.5313;5862866.5;-4009.006348
404250.8438;5862866.5;-4004.402588
404311.125;5862866.5;-4000.072266
404371.4375;5862866.5;-3996.233643
404431.75;5862866.5;-3993.124756
404492.0313;5862866.5;-3990.844482
404552.3438;5862866.5;-3989.307617
404612.625;5862866.5;-3988.435303
404672.9375;5862866.5;-3987.257324
404733.25;5862866.5;-3986.85498
404793.5313;5862866.5;-3986.35083
404853.8438;5862866.5;-3985.70166
404914.1563;5862866.5;-3984.800781
404974.4375;5862866.5;-3983.696045
405034.75;5862866.5;-3982.383545
405095.0313;5862866.5;-3986.504883
405155.3438;5862866.5;-3990.52002
405215.6563;5862866.5;-3989.398438
405275.9375;5862866.5;-3988.446533
405336.25;5862866.5;-3987.402832
405396.5625;5862866.5;-3986.641113
405456.8438;5862866.5;-3986.172852
405517.1563;5862866.5;-3985.821533
405577.4375;5862866.5;-3985.57373
405637.75;5862866.5;-3985.055664
405698.0625;5862866.5;-3983.736084
405758.3438;5862866.5;-3979.030762
405818.6563;5862866.5;-3977.077393
405878.9688;5862866.5;-3971.431641
405939.25;5862866.5;-3966.227295
405999.5625;5862866.5;-3963.595215
406059.8438;5862866.5;-3965.310547
406120.1563;5862866.5;-3971.549316
406180.4688;5862866.5;-3977.479248
406240.75;5862866.5;-3981.661865
406301.0625;5862866.5;-3984.637939
406361.375;5862866.5;-3986.500244
406421.6563;5862866.5;-3987.45459
406481.9688;5862866.5;-3987.679932
406542.25;5862866.5;-3986.137207
406602.5625;5862866.5;-3985.386719
406662.875;5862866.5;-3984.744385
406723.1563;5862866.5;-3984.421143
406783.4688;5862866.5;-3984.652588
406843.7813;5862866.5;-3985.791016
406904.0625;5862866.5;-3987.544678
406964.375;5862866.5;-3989.627197
407024.6563;5862866.5;-3991.825684
407084.9688;5862866.5;-3994.037354
407145.2813;5862866.5;-3996.120361
407205.5625;5862866.5;-3998.020752
407265.875;5862866.5;-3999.765869
407326.1875;5862866.5;-4001.388184
407386.4688;5862866.5;-4002.957031
407446.7813;5862866.5;-4004.511963
407507.0625;5862866.5;-4006.058594
407567.375;5862866.5;-4007.586426
407627.6875;5862866.5;-4009.064209
407687.9688;5862866.5;-4010.484131
407748.2813;5862866.5;-4011.821777
407808.5938;5862866.5;-4013.053467
407868.875;5862866.5;-4014.195801
407929.1875;5862866.5;-4015.256104
407989.4688;5862866.5;-4016.253906
408049.7813;5862866.5;-4017.192139
408110.0938;5862866.5;-4018.0625
408170.375;5862866.5;-4018.874756
408230.6875;5862866.5;-4019.633789
408291;5862866.5;-4020.323486
408351.2813;5862866.5;-4020.963379
408411.5938;5862866.5;-4021.56665
408471.875;5862866.5;-4022.124023
408532.1875;5862866.5;-4022.621582
408592.5;5862866.5;-4023.079834
408652.7813;5862866.5;-4023.504639
408713.0938;5862866.5;-4023.893555
408773.4063;5862866.5;-4024.240479
408833.6875;5862866.5;-4024.551758
408894;5862866.5;-4024.832275
408954.2813;5862866.5;-4025.083984
409014.5938;5862866.5;-4025.302979
409074.9063;5862866.5;-4025.494141
409135.1875;5862866.5;-4025.658691
409195.5;5862866.5;-4025.794434
409255.8125;5862866.5;-4025.900391
409316.0938;5862866.5;-4025.981445
409376.4063;5862866.5;-4026.04126
401356.4063;5862927;-4036.82959
401416.6875;5862927;-4036.395752
401477;5862927;-4035.950195
401537.3125;5862927;-4035.48291
401597.5938;5862927;-4034.961426
401657.9063;5862927;-4034.390625
401718.2188;5862927;-4033.770996
401778.5;5862927;-4033.085693
401838.8125;5862927;-4032.325928
401899.0938;5862927;-4031.499512
401959.4063;5862927;-4030.60791
402019.7188;5862927;-4029.636963
402080;5862927;-4028.581543
402140.3125;5862927;-4027.48999
402200.625;5862927;-4026.370361
402260.9063;5862927;-4025.228271
402321.2188;5862927;-4024.121582
402381.5;5862927;-4023.068359
402441.8125;5862927;-4022.055908
402502.125;5862927;-4021.121094
402562.4063;5862927;-4020.30249
402622.7188;5862927;-4019.581787
402683.0313;5862927;-4018.974609
402743.3125;5862927;-4018.503906
402803.625;5862927;-4018.158691
402863.9063;5862927;-4017.91626
402924.2188;5862927;-4017.780273
402984.5313;5862927;-4024.253662
403044.8125;5862927;-4024.361328
403105.125;5862927;-4024.42041
403165.4375;5862927;-4024.512451
403225.7188;5862927;-4024.641357
403286.0313;5862927;-4024.757324
403346.3125;5862927;-4024.916992
403406.625;5862927;-4025.119629
403466.9375;5862927;-4025.302002
403527.2188;5862927;-4025.577637
403587.5313;5862927;-4025.956055
403647.8438;5862927;-4026.325684
403708.125;5862927;-4026.733398
403768.4375;5862927;-4027.016846
403828.7188;5862927;-4026.873535
403889.0313;5862927;-4026.160156
403949.3438;5862927;-4024.518799
404009.625;5862927;-4021.602051
404069.9375;5862927;-4017.761963
404130.25;5862927;-4013.19458
404190.5313;5862927;-4007.953857
404250.8438;5862927;-4002.548584
404311.125;5862927;-3997.509766
404371.4375;5862927;-3993.11792
404431.75;5862927;-3989.673584
404492.0313;5862927;-3987.272949
404552.3438;5862927;-3985.764404
404612.625;5862927;-3985.0354
404672.9375;5862927;-3984.803955
404733.25;5862927;-3984.010742
404793.5313;5862927;-3983.691895
404853.8438;5862927;-3983.180908
404914.1563;5862927;-3982.345703
404974.4375;5862927;-3981.256592
405034.75;5862927;-3979.92627
405095.0313;5862927;-3978.461914
405155.3438;5862927;-3982.935303
405215.6563;5862927;-3987.063965
405275.9375;5862927;-3986.025879
405336.25;5862927;-3984.815918
405396.5625;5862927;-3983.695068
405456.8438;5862927;-3982.693848
405517.1563;5862927;-3981.790527
405577.4375;5862927;-3981.102783
405637.75;5862927;-3980.319824
405698.0625;5862927;-3978.769043
405758.3438;5862927;-3975.897217
405818.6563;5862927;-3970.834961
405878.9688;5862927;-3966.291992
405939.25;5862927;-3963.568848
405999.5625;5862927;-3962.841553
406059.8438;5862927;-3964.858643
406120.1563;5862927;-3969.674805
406180.4688;5862927;-3974.435547
406240.75;5862927;-3978.213379
406301.0625;5862927;-3981.034424
406361.375;5862927;-3982.854004
406421.6563;5862927;-3983.957764
406481.9688;5862927;-3983.647461
406542.25;5862927;-3983.666504
406602.5625;5862927;-3983.355957
406662.875;5862927;-3983.053467
406723.1563;5862927;-3982.965088
406783.4688;5862927;-3983.289307
406843.7813;5862927;-3984.329346
406904.0625;5862927;-3985.890869
406964.375;5862927;-3987.753906
407024.6563;5862927;-3989.760986
407084.9688;5862927;-3991.82373
407145.2813;5862927;-3993.81543
407205.5625;5862927;-3995.681641
407265.875;5862927;-3997.43335
407326.1875;5862927;-3999.081787
407386.4688;5862927;-4000.675537
407446.7813;5862927;-4002.242676
407507.0625;5862927;-4003.786377
407567.375;5862927;-4005.297363
407627.6875;5862927;-4006.760254
407687.9688;5862927;-4008.172119
407748.2813;5862927;-4009.509766
407808.5938;5862927;-4010.756348
407868.875;5862927;-4011.925049
407929.1875;5862927;-4013.019043
407989.4688;5862927;-4014.054443
408049.7813;5862927;-4015.031494
408110.0938;5862927;-4015.940918
408170.375;5862927;-4016.791992
408230.6875;5862927;-4017.587891
408291;5862927;-4018.314209
408351.2813;5862927;-4018.989258
408411.5938;5862927;-4019.627197
408471.875;5862927;-4020.218506
408532.1875;5862927;-4020.748047
408592.5;5862927;-4021.237305
408652.7813;5862927;-4021.69165
408713.0938;5862927;-4022.109131
408773.4063;5862927;-4022.48291
408833.6875;5862927;-4022.819824
408894;5862927;-4023.124268
408954.2813;5862927;-4023.399658
409014.5938;5862927;-4023.640625
409074.9063;5862927;-4023.852295
409135.1875;5862927;-4024.036133
409195.5;5862927;-4024.190186
409255.8125;5862927;-4024.312012
409316.0938;5862927;-4024.408691
409376.4063;5862927;-4024.482422
401356.4063;5862988;-4037.509766
401416.6875;5862988;-4037.062744
401477;5862988;-4036.608643
401537.3125;5862988;-4036.135986
401597.5938;5862988;-4035.609619
401657.9063;5862988;-4035.035889
401718.2188;5862988;-4034.412598
401778.5;5862988;-4033.719238
401838.8125;5862988;-4032.945068
401899.0938;5862988;-4032.095215
401959.4063;5862988;-4031.163818
402019.7188;5862988;-4030.131836
402080;5862988;-4028.989014
402140.3125;5862988;-4027.792969
402200.625;5862988;-4026.556396
402260.9063;5862988;-4025.28833
402321.2188;5862988;-4024.062012
402381.5;5862988;-4022.898438
402441.8125;5862988;-4021.781006
402502.125;5862988;-4020.749268
402562.4063;5862988;-4019.841797
402622.7188;5862988;-4019.039551
402683.0313;5862988;-4018.362549
402743.3125;5862988;-4017.844971
402803.625;5862988;-4017.482178
402863.9063;5862988;-4017.249268
402924.2188;5862988;-4023.457275
402984.5313;5862988;-4023.553711
403044.8125;5862988;-4023.712402
403105.125;5862988;-4023.828857
403165.4375;5862988;-4023.984863
403225.7188;5862988;-4024.189453
403286.0313;5862988;-4024.387695
403346.3125;5862988;-4024.625977
403406.625;5862988;-4024.895996
403466.9375;5862988;-4025.132568
403527.2188;5862988;-4025.463867
403587.5313;5862988;-4025.931152
403647.8438;5862988;-4026.450684
403708.125;5862988;-4027.101318
403768.4375;5862988;-4027.705566
403828.7188;5862988;-4027.87915
403889.0313;5862988;-4027.400635
403949.3438;5862988;-4025.794189
404009.625;5862988;-4022.598633
404069.9375;5862988;-4018.224854
404130.25;5862988;-4012.907959
404190.5313;5862988;-4006.745605
404250.8438;5862988;-4000.397705
404311.125;5862988;-3994.537842
404371.4375;5862988;-3989.529785
404431.75;5862988;-3985.763428
404492.0313;5862988;-3983.311768
404552.3438;5862988;-3981.905762
404612.625;5862988;-3981.38501
404672.9375;5862988;-3981.432129
404733.25;5862988;-3981.744385
404793.5313;5862988;-3980.935303
404853.8438;5862988;-3980.604248
404914.1563;5862988;-3979.845459
404974.4375;5862988;-3978.779541
405034.75;5862988;-3977.430176
405095.0313;5862988;-3975.928467
405155.3438;5862988;-3974.452881
405215.6563;5862988;-3980.616943
405275.9375;5862988;-3983.287354
405336.25;5862988;-3981.773438
405396.5625;5862988;-3980.085693
405456.8438;5862988;-3978.36792
405517.1563;5862988;-3976.890625
405577.4375;5862988;-3975.985107
405637.75;5862988;-3975.431641
405698.0625;5862988;-3974.419189
405758.3438;5862988;-3972.036865
405818.6563;5862988;-3973.959473
405878.9688;5862988;-3962.900146
405939.25;5862988;-3961.364258
405999.5625;5862988;-3961.517334
406059.8438;5862988;-3963.513184
406120.1563;5862988;-3967.217529
406180.4688;5862988;-3971.061035
406240.75;5862988;-3974.453857
406301.0625;5862988;-3977.174072
406361.375;5862988;-3979.095459
406421.6563;5862988;-3980.472412
406481.9688;5862988;-3980.7771
406542.25;5862988;-3981.265137
406602.5625;5862988;-3981.410889
406662.875;5862988;-3981.465088
406723.1563;5862988;-3981.635498
406783.4688;5862988;-3982.096924
406843.7813;5862988;-3983.106934
406904.0625;5862988;-3984.519775
406964.375;5862988;-3986.185059
407024.6563;5862988;-3988.000732
407084.9688;5862988;-3989.890137
407145.2813;5862988;-3991.750732
407205.5625;5862988;-3993.535889
407265.875;5862988;-3995.245361
407326.1875;5862988;-3996.881592
407386.4688;5862988;-3998.475586
407446.7813;5862988;-4000.042969
407507.0625;5862988;-4001.584473
407567.375;5862988;-4003.088379
407627.6875;5862988;-4004.546875
407687.9688;5862988;-4005.959961
407748.2813;5862988;-4007.304932
407808.5938;5862988;-4008.569336
407868.875;5862988;-4009.763672
407929.1875;5862988;-4010.88623
407989.4688;5862988;-4011.953857
408049.7813;5862988;-4012.963379
408110.0938;5862988;-4013.905273
408170.375;5862988;-4014.788086
408230.6875;5862988;-4015.615723
408291;5862988;-4016.373291
408351.2813;5862988;-4017.078857
408411.5938;5862988;-4017.747314
408471.875;5862988;-4018.368164
408532.1875;5862988;-4018.92627
408592.5;5862988;-4019.443115
408652.7813;5862988;-4019.925049
408713.0938;5862988;-4020.36792
408773.4063;5862988;-4020.766846
408833.6875;5862988;-4021.127197
408894;5862988;-4021.45459
408954.2813;5862988;-4021.751221
409014.5938;5862988;-4022.012207
409074.9063;5862988;-4022.243652
409135.1875;5862988;-4022.445557
409195.5;5862988;-4022.616455
409255.8125;5862988;-4022.753662
409316.0938;5862988;-4022.865234
409376.4063;5862988;-4022.951904
401356.4063;5863048.5;-4038.185791
401416.6875;5863048.5;-4037.734863
401477;5863048.5;-4037.281738
401537.3125;5863048.5;-4036.81543
401597.5938;5863048.5;-4036.298584
401657.9063;5863048.5;-4035.739014
401718.2188;5863048.5;-4035.133301
401778.5;5863048.5;-4034.455078
401838.8125;5863048.5;-4033.689453
401899.0938;5863048.5;-4032.834717
401959.4063;5863048.5;-4031.876221
402019.7188;5863048.5;-4030.783447
402080;5863048.5;-4029.538574
402140.3125;5863048.5;-4028.216309
402200.625;5863048.5;-4026.836182
402260.9063;5863048.5;-4025.416504
402321.2188;5863048.5;-4024.053223
402381.5;5863048.5;-4022.77124
402441.8125;5863048.5;-4021.544189
402502.125;5863048.5;-4020.412598
402562.4063;5863048.5;-4019.411865
402622.7188;5863048.5;-4018.517578
402683.0313;5863048.5;-4017.758301
402743.3125;5863048.5;-4017.182129
402803.625;5863048.5;-4016.794922
402863.9063;5863048.5;-4016.573975
402924.2188;5863048.5;-4022.639648
402984.5313;5863048.5;-4022.791992
403044.8125;5863048.5;-4023.02124
403105.125;5863048.5;-4023.213623
403165.4375;5863048.5;-4023.452637
403225.7188;5863048.5;-4023.75
403286.0313;5863048.5;-4024.046875
403346.3125;5863048.5;-4024.366211
403406.625;5863048.5;-4024.687988
403466.9375;5863048.5;-4024.935791
403527.2188;5863048.5;-4025.253418
403587.5313;5863048.5;-4025.737061
403647.8438;5863048.5;-4026.355957
403708.125;5863048.5;-4027.254395
403768.4375;5863048.5;-4028.254639
403828.7188;5863048.5;-4028.863281
403889.0313;5863048.5;-4028.755859
403949.3438;5863048.5;-4027.295654
404009.625;5863048.5;-4023.841797
404069.9375;5863048.5;-4018.869385
404130.25;5863048.5;-4012.671631
404190.5313;5863048.5;-4005.419189
404250.8438;5863048.5;-3997.947754
404311.125;5863048.5;-3991.102051
404371.4375;5863048.5;-3985.379395
404431.75;5863048.5;-3981.322998
404492.0313;5863048.5;-3978.955811
404552.3438;5863048.5;-3977.782959
404612.625;5863048.5;-3977.555664
404672.9375;5863048.5;-3977.931885
404733.25;5863048.5;-3978.600098
404793.5313;5863048.5;-3979.322754
404853.8438;5863048.5;-3978.074463
404914.1563;5863048.5;-3977.329346
404974.4375;5863048.5;-3976.256348
405034.75;5863048.5;-3974.87793
405095.0313;5863048.5;-3973.317871
405155.3438;5863048.5;-3971.72998
405215.6563;5863048.5;-3970.073242
405275.9375;5863048.5;-3979.734619
405336.25;5863048.5;-3977.5896
405396.5625;5863048.5;-3975.025635
405456.8438;5863048.5;-3972.452881
405517.1563;5863048.5;-3970.442139
405577.4375;5863048.5;-3969.582275
405637.75;5863048.5;-3969.826172
405698.0625;5863048.5;-3970.50293
405758.3438;5863048.5;-3969.446777
405818.6563;5863048.5;-3972.375977
405878.9688;5863048.5;-3966.870605
405939.25;5863048.5;-3959.790283
405999.5625;5863048.5;-3959.790283
406059.8438;5863048.5;-3961.421387
406120.1563;5863048.5;-3964.386963
406180.4688;5863048.5;-3967.664551
406240.75;5863048.5;-3970.783447
406301.0625;5863048.5;-3973.483154
406361.375;5863048.5;-3975.579834
406421.6563;5863048.5;-3976.705566
406481.9688;5863048.5;-3978.014648
406542.25;5863048.5;-3978.948242
406602.5625;5863048.5;-3979.524658
406662.875;5863048.5;-3979.932861
406723.1563;5863048.5;-3980.381348
406783.4688;5863048.5;-3981.012939
406843.7813;5863048.5;-3982.033447
406904.0625;5863048.5;-3983.342285
406964.375;5863048.5;-3984.845947
407024.6563;5863048.5;-3986.488037
407084.9688;5863048.5;-3988.20459
407145.2813;5863048.5;-3989.920898
407205.5625;5863048.5;-3991.607178
407265.875;5863048.5;-3993.251953
407326.1875;5863048.5;-3994.854004
407386.4688;5863048.5;-3996.431641
407446.7813;5863048.5;-3997.989258
407507.0625;5863048.5;-3999.524902
407567.375;5863048.5;-4001.023438
407627.6875;5863048.5;-4002.480957
407687.9688;5863048.5;-4003.896729
407748.2813;5863048.5;-4005.249023
407808.5938;5863048.5;-4006.526855
407868.875;5863048.5;-4007.739746
407929.1875;5863048.5;-4008.883545
407989.4688;5863048.5;-4009.973633
408049.7813;5863048.5;-4011.006104
408110.0938;5863048.5;-4011.971924
408170.375;5863048.5;-4012.878662
408230.6875;5863048.5;-4013.729736
408291;5863048.5;-4014.511719
408351.2813;5863048.5;-4015.241699
408411.5938;5863048.5;-4015.935059
408471.875;5863048.5;-4016.57959
408532.1875;5863048.5;-4017.162109
408592.5;5863048.5;-4017.702881
408652.7813;5863048.5;-4018.207275
408713.0938;5863048.5;-4018.672607
408773.4063;5863048.5;-4019.093018
408833.6875;5863048.5;-4019.474609
408894;5863048.5;-4019.821289
408954.2813;5863048.5;-4020.137207
409014.5938;5863048.5;-4020.417236
409074.9063;5863048.5;-4020.665527
409135.1875;5863048.5;-4020.884033
409195.5;5863048.5;-4021.070801
409255.8125;5863048.5;-4021.222168
409316.0938;5863048.5;-4021.346191
409376.4063;5863048.5;-4021.445068
401356.4063;5863109;-4038.834473
401416.6875;5863109;-4038.390137
401477;5863109;-4037.950684
401537.3125;5863109;-4037.50415
401597.5938;5863109;-4037.016113
401657.9063;5863109;-4036.494873
401718.2188;5863109;-4035.935059
401778.5;5863109;-4035.303955
401838.8125;5863109;-4034.577393
401899.0938;5863109;-4033.740479
401959.4063;5863109;-4032.764404
402019.7188;5863109;-4031.599609
402080;5863109;-4030.218262
402140.3125;5863109;-4028.724121
402200.625;5863109;-4027.150146
402260.9063;5863109;-4025.533203
402321.2188;5863109;-4024.009766
402381.5;5863109;-4022.601807
402441.8125;5863109;-4021.270508
402502.125;5863109;-4020.051514
402562.4063;5863109;-4018.967529
402622.7188;5863109;-4017.98291
402683.0313;5863109;-4017.137451
402743.3125;5863109;-4016.493164
402803.625;5863109;-4016.075684
402863.9063;5863109;-4015.871338
402924.2188;5863109;-4021.813477
402984.5313;5863109;-4022.046387
403044.8125;5863109;-4022.365967
403105.125;5863109;-4022.645752
403165.4375;5863109;-4022.976318
403225.7188;5863109;-4023.377686
403286.0313;5863109;-4023.78833
403346.3125;5863109;-4024.192871
403406.625;5863109;-4024.544678
403466.9375;5863109;-4024.74292
403527.2188;5863109;-4024.938721
403587.5313;5863109;-4025.317627
403647.8438;5863109;-4025.938965
403708.125;5863109;-4027.065674
403768.4375;5863109;-4028.560303
403828.7188;5863109;-4029.784912
403889.0313;5863109;-4030.28833
403949.3438;5863109;-4029.213379
404009.625;5863109;-4025.578125
404069.9375;5863109;-4019.933105
404130.25;5863109;-4012.675781
404190.5313;5863109;-4004.118164
404250.8438;5863109;-3995.283203
404311.125;5863109;-3987.210205
404371.4375;5863109;-3980.596924
404431.75;5863109;-3976.270752
404492.0313;5863109;-3974.180176
404552.3438;5863109;-3973.425293
404612.625;5863109;-3973.602539
404672.9375;5863109;-3974.347412
404733.25;5863109;-3975.419189
404793.5313;5863109;-3976.564453
404853.8438;5863109;-3977.04126
404914.1563;5863109;-3974.685303
404974.4375;5863109;-3973.539063
405034.75;5863109;-3972.125488
405095.0313;5863109;-3970.502441
405155.3438;5863109;-3968.747559
405215.6563;5863109;-3966.696777
405275.9375;5863109;-3964.254395
405336.25;5863109;-3972.338623
405396.5625;5863109;-3968.582764
405456.8438;5863109;-3965.055908
405517.1563;5863109;-3962.587158
405577.4375;5863109;-3961.890625
405637.75;5863109;-3963.100586
405698.0625;5863109;-3966.348145
405758.3438;5863109;-3967.028809
405818.6563;5863109;-3970.300781
405878.9688;5863109;-3967.305664
405939.25;5863109;-3958.410889
405999.5625;5863109;-3957.544434
406059.8438;5863109;-3958.843262
406120.1563;5863109;-3961.352539
406180.4688;5863109;-3964.31543
406240.75;5863109;-3967.29126
406301.0625;5863109;-3970.022705
406361.375;5863109;-3971.700195
406421.6563;5863109;-3973.758057
406481.9688;5863109;-3975.384277
406542.25;5863109;-3976.67041
406602.5625;5863109;-3977.590332
406662.875;5863109;-3978.287842
406723.1563;5863109;-3978.97168
406783.4688;5863109;-3979.759033
406843.7813;5863109;-3980.812256
406904.0625;5863109;-3982.057617
406964.375;5863109;-3983.445557
407024.6563;5863109;-3984.959717
407084.9688;5863109;-3986.541992
407145.2813;5863109;-3988.143799
407205.5625;5863109;-3989.75
407265.875;5863109;-3991.341797
407326.1875;5863109;-3992.915039
407386.4688;5863109;-3994.479248
407446.7813;5863109;-3996.030762
407507.0625;5863109;-3997.563477
407567.375;5863109;-3999.061035
407627.6875;5863109;-4000.519287
407687.9688;5863109;-4001.939697
407748.2813;5863109;-4003.298096
407808.5938;5863109;-4004.58667
407868.875;5863109;-4005.813477
407929.1875;5863109;-4006.972656
407989.4688;5863109;-4008.079346
408049.7813;5863109;-4009.129883
408110.0938;5863109;-4010.114014
408170.375;5863109;-4011.039795
408230.6875;5863109;-4011.910889
408291;5863109;-4012.713135
408351.2813;5863109;-4013.4646
408411.5938;5863109;-4014.179443
408471.875;5863109;-4014.845947
408532.1875;5863109;-4015.449707
408592.5;5863109;-4016.01123
408652.7813;5863109;-4016.536621
408713.0938;5863109;-4017.022949
408773.4063;5863109;-4017.462891
408833.6875;5863109;-4017.863525
408894;5863109;-4018.229248
408954.2813;5863109;-4018.563232
409014.5938;5863109;-4018.860107
409074.9063;5863109;-4019.124756
409135.1875;5863109;-4019.358887
409195.5;5863109;-4019.560791
409255.8125;5863109;-4019.72583
409316.0938;5863109;-4019.862549
409376.4063;5863109;-4019.973633
401356.4063;5863169.5;-4039.44751
401416.6875;5863169.5;-4039.021973
401477;5863169.5;-4038.608154
401537.3125;5863169.5;-4038.196533
401597.5938;5863169.5;-4037.757324
401657.9063;5863169.5;-4037.301025
401718.2188;5863169.5;-4036.81958
401778.5;5863169.5;-4036.269531
401838.8125;5863169.5;-4035.611328
401899.0938;5863169.5;-4034.80835
401959.4063;5863169.5;-4033.810059
402019.7188;5863169.5;-4032.541504
402080;5863169.5;-4030.962646
402140.3125;5863169.5;-4029.2229
402200.625;5863169.5;-4027.381348
402260.9063;5863169.5;-4025.507813
402321.2188;5863169.5;-4023.79834
402381.5;5863169.5;-4022.265625
402441.8125;5863169.5;-4020.848389
402502.125;5863169.5;-4019.571533
402562.4063;5863169.5;-4018.433105
402622.7188;5863169.5;-4017.381348
402683.0313;5863169.5;-4016.461426
402743.3125;5863169.5;-4015.755371
402803.625;5863169.5;-4015.313232
402863.9063;5863169.5;-4015.140137
402924.2188;5863169.5;-4020.968262
402984.5313;5863169.5;-4021.316406
403044.8125;5863169.5;-4021.73999
403105.125;5863169.5;-4022.10376
403165.4375;5863169.5;-4022.515137
403225.7188;5863169.5;-4023.019531
403286.0313;5863169.5;-4023.564453
403346.3125;5863169.5;-4024.073486
403406.625;5863169.5;-4024.455566
403466.9375;5863169.5;-4024.560547
403527.2188;5863169.5;-4024.528809
403587.5313;5863169.5;-4024.664063
403647.8438;5863169.5;-4025.162842
403708.125;5863169.5;-4026.486816
403768.4375;5863169.5;-4028.587891
403828.7188;5863169.5;-4030.653809
403889.0313;5863169.5;-4032.089355
403949.3438;5863169.5;-4031.743652
404009.625;5863169.5;-4028.076172
404069.9375;5863169.5;-4021.693604
404130.25;5863169.5;-4013.198242
404190.5313;5863169.5;-4003.158203
404250.8438;5863169.5;-3992.812744
404311.125;5863169.5;-3983.350098
404371.4375;5863169.5;-3975.645264
404431.75;5863169.5;-3971.042725
404492.0313;5863169.5;-3969.400391
404552.3438;5863169.5;-3969.157227
404612.625;5863169.5;-3969.74707
404672.9375;5863169.5;-3970.782227
404733.25;5863169.5;-3972.072998
404793.5313;5863169.5;-3973.378662
404853.8438;5863169.5;-3973.961426
404914.1563;5863169.5;-3973.557129
404974.4375;5863169.5;-3970.598877
405034.75;5863169.5;-3969.185303
405095.0313;5863169.5;-3967.515381
405155.3438;5863169.5;-3965.576416
405215.6563;5863169.5;-3963.072754
405275.9375;5863169.5;-3959.858643
405336.25;5863169.5;-3955.820557
405396.5625;5863169.5;-3961.716553
405456.8438;5863169.5;-3957.397461
405517.1563;5863169.5;-3954.770264
405577.4375;5863169.5;-3953.998047
405637.75;5863169.5;-3954.289795
405698.0625;5863169.5;-3958.404541
405758.3438;5863169.5;-3961.495117
405818.6563;5863169.5;-3966.896484
405878.9688;5863169.5;-3964.831543
405939.25;5863169.5;-3963.411621
405999.5625;5863169.5;-3955.080078
406059.8438;5863169.5;-3956.188721
406120.1563;5863169.5;-3958.439453
406180.4688;5863169.5;-3961.225098
406240.75;5863169.5;-3964.124756
406301.0625;5863169.5;-3966.079102
406361.375;5863169.5;-3968.745117
406421.6563;5863169.5;-3970.997803
406481.9688;5863169.5;-3972.865967
406542.25;5863169.5;-3974.424072
406602.5625;5863169.5;-3975.616455
406662.875;5863169.5;-3976.551025
406723.1563;5863169.5;-3977.433838
406783.4688;5863169.5;-3978.361084
406843.7813;5863169.5;-3979.458008
406904.0625;5863169.5;-3980.671143
406964.375;5863169.5;-3981.985107
407024.6563;5863169.5;-3983.414307
407084.9688;5863169.5;-3984.9021
407145.2813;5863169.5;-3986.420654
407205.5625;5863169.5;-3987.970947
407265.875;5863169.5;-3989.525146
407326.1875;5863169.5;-3991.077637
407386.4688;5863169.5;-3992.632568
407446.7813;5863169.5;-3994.178955
407507.0625;5863169.5;-3995.709229
407567.375;5863169.5;-3997.204834
407627.6875;5863169.5;-3998.663086
407687.9688;5863169.5;-4000.084717
407748.2813;5863169.5;-4001.446777
407808.5938;5863169.5;-4002.741211
407868.875;5863169.5;-4003.976074
407929.1875;5863169.5;-4005.146484
407989.4688;5863169.5;-4006.264404
408049.7813;5863169.5;-4007.327637
408110.0938;5863169.5;-4008.325684
408170.375;5863169.5;-4009.266602
408230.6875;5863169.5;-4010.154053
408291;5863169.5;-4010.974121
408351.2813;5863169.5;-4011.743408
408411.5938;5863169.5;-4012.476807
408471.875;5863169.5;-4013.162598
408532.1875;5863169.5;-4013.785156
408592.5;5863169.5;-4014.366211
408652.7813;5863169.5;-4014.910156
408713.0938;5863169.5;-4015.414551
408773.4063;5863169.5;-4015.873047
408833.6875;5863169.5;-4016.291504
408894;5863169.5;-4016.673828
408954.2813;5863169.5;-4017.025146
409014.5938;5863169.5;-4017.337891
409074.9063;5863169.5;-4017.618164
409135.1875;5863169.5;-4017.867432
409195.5;5863169.5;-4018.083252
409255.8125;5863169.5;-4018.260986
409316.0938;5863169.5;-4018.410156
409376.4063;5863169.5;-4018.532959
401356.4063;5863230;-4040.023193
401416.6875;5863230;-4039.629639
401477;5863230;-4039.255615
401537.3125;5863230;-4038.89624
401597.5938;5863230;-4038.531738
401657.9063;5863230;-4038.173584
401718.2188;5863230;-4037.809082
401778.5;5863230;-4037.380371
401838.8125;5863230;-4036.821533
401899.0938;5863230;-4036.062744
401959.4063;5863230;-4035.022705
402019.7188;5863230;-4033.592041
402080;5863230;-4031.720459
402140.3125;5863230;-4029.62793
402200.625;5863230;-4027.416016
402260.9063;5863230;-4025.209229
402321.2188;5863230;-4023.289307
402381.5;5863230;-4021.641357
402441.8125;5863230;-4020.170166
402502.125;5863230;-4018.881348
402562.4063;5863230;-4017.737549
402622.7188;5863230;-4016.658691
402683.0313;5863230;-4015.697021
402743.3125;5863230;-4014.953125
402803.625;5863230;-4014.51001
402863.9063;5863230;-4014.401123
402924.2188;5863230;-4020.019043
402984.5313;5863230;-4020.539795
403044.8125;5863230;-4021.081055
403105.125;5863230;-4021.509277
403165.4375;5863230;-4021.969482
403225.7188;5863230;-4022.567139
403286.0313;5863230;-4023.279053
403346.3125;5863230;-4023.94165
403406.625;5863230;-4024.391357
403466.9375;5863230;-4024.394287
403527.2188;5863230;-4024.032471
403587.5313;5863230;-4023.758789
403647.8438;5863230;-4023.976807
403708.125;5863230;-4025.446289
403768.4375;5863230;-4028.270996
403828.7188;5863230;-4031.44873
403889.0313;5863230;-4034.165771
403949.3438;5863230;-4034.931885
404009.625;5863230;-4031.450439
404069.9375;5863230;-4024.303955
404130.25;5863230;-4014.4729
404190.5313;5863230;-4002.910889
404250.8438;5863230;-3991.120605
404311.125;5863230;-3980.303955
404371.4375;5863230;-3971.433838
404431.75;5863230;-3966.508301
404492.0313;5863230;-3965.304688
404552.3438;5863230;-3965.458008
404612.625;5863230;-3966.26123
404672.9375;5863230;-3967.361084
404733.25;5863230;-3968.57959
404793.5313;5863230;-3969.710693
404853.8438;5863230;-3970.295898
404914.1563;5863230;-3970.083984
404974.4375;5863230;-3969.302979
405034.75;5863230;-3966.179932
405095.0313;5863230;-3964.481934
405155.3438;5863230;-3962.367188
405215.6563;5863230;-3959.445557
405275.9375;5863230;-3955.560059
405336.25;5863230;-3950.629395
405396.5625;5863230;-3954.566895
405456.8438;5863230;-3950.763672
405517.1563;5863230;-3948.700684
405577.4375;5863230;-3948.094971
405637.75;5863230;-3945.588135
405698.0625;5863230;-3947.980225
405758.3438;5863230;-3953.397705
405818.6563;5863230;-3962.732422
405878.9688;5863230;-3962.118164
405939.25;5863230;-3961.112305
405999.5625;5863230;-3960.697754
406059.8438;5863230;-3953.968018
406120.1563;5863230;-3956.074219
406180.4688;5863230;-3958.747314
406240.75;5863230;-3960.294189
406301.0625;5863230;-3963.263672
406361.375;5863230;-3965.989502
406421.6563;5863230;-3968.36084
406481.9688;5863230;-3970.394287
406542.25;5863230;-3972.144043
406602.5625;5863230;-3973.55249
406662.875;5863230;-3974.708008
406723.1563;5863230;-3975.78833
406783.4688;5863230;-3976.866699
406843.7813;5863230;-3978.037109
406904.0625;5863230;-3979.267334
406964.375;5863230;-3980.562988
407024.6563;5863230;-3981.948242
407084.9688;5863230;-3983.383545
407145.2813;5863230;-3984.854248
407205.5625;5863230;-3986.367188
407265.875;5863230;-3987.894531
407326.1875;5863230;-3989.430664
407386.4688;5863230;-3990.973633
407446.7813;5863230;-3992.510254
407507.0625;5863230;-3994.031738
407567.375;5863230;-3995.518311
407627.6875;5863230;-3996.968262
407687.9688;5863230;-3998.382813
407748.2813;5863230;-3999.73999
407808.5938;5863230;-4001.032227
407868.875;5863230;-4002.26709
407929.1875;5863230;-4003.439209
407989.4688;5863230;-4004.560791
408049.7813;5863230;-4005.628906
408110.0938;5863230;-4006.634033
408170.375;5863230;-4007.583984
408230.6875;5863230;-4008.481689
408291;5863230;-4009.313721
408351.2813;5863230;-4010.096436
408411.5938;5863230;-4010.843506
408471.875;5863230;-4011.542969
408532.1875;5863230;-4012.181152
408592.5;5863230;-4012.776855
408652.7813;5863230;-4013.335938
408713.0938;5863230;-4013.855225
408773.4063;5863230;-4014.328857
408833.6875;5863230;-4014.761475
408894;5863230;-4015.158203
408954.2813;5863230;-4015.523438
409014.5938;5863230;-4015.850586
409074.9063;5863230;-4016.143066
409135.1875;5863230;-4016.405273
409195.5;5863230;-4016.633057
409255.8125;5863230;-4016.822021
409316.0938;5863230;-4016.982178
409376.4063;5863230;-4017.115234
401356.4063;5863291;-4040.53125
401416.6875;5863291;-4040.182373
401477;5863291;-4039.862305
401537.3125;5863291;-4039.574707
401597.5938;5863291;-4039.316162
401657.9063;5863291;-4039.099365
401718.2188;5863291;-4038.9021
401778.5;5863291;-4038.646973
401838.8125;5863291;-4038.221924
401899.0938;5863291;-4037.508545
401959.4063;5863291;-4036.384521
402019.7188;5863291;-4034.693848
402080;5863291;-4032.38501
402140.3125;5863291;-4029.785645
402200.625;5863291;-4027.067871
402260.9063;5863291;-4024.447998
402321.2188;5863291;-4022.313721
402381.5;5863291;-4020.586182
402441.8125;5863291;-4019.113281
402502.125;5863291;-4017.863037
402562.4063;5863291;-4016.755859
402622.7188;5863291;-4015.686279
402683.0313;5863291;-4014.709961
402743.3125;5863291;-4013.947998
402803.625;5863291;-4013.522949
402863.9063;5863291;-4013.51709
402924.2188;5863291;-4019.006348
402984.5313;5863291;-4019.800537
403044.8125;5863291;-4020.459717
403105.125;5863291;-4020.866699
403165.4375;5863291;-4021.264404
403225.7188;5863291;-4021.906006
403286.0313;5863291;-4022.835449
403346.3125;5863291;-4023.751953
403406.625;5863291;-4024.379883
403466.9375;5863291;-4024.350586
403527.2188;5863291;-4023.583984
403587.5313;5863291;-4022.705811
403647.8438;5863291;-4022.41748
403708.125;5863291;-4023.9104
403768.4375;5863291;-4027.531494
403828.7188;5863291;-4032.029785
403889.0313;5863291;-4036.174316
403949.3438;5863291;-4038.230713
404009.625;5863291;-4035.091309
404069.9375;5863291;-4027.233643
404130.25;5863291;-4016.312256
404190.5313;5863291;-4003.638184
404250.8438;5863291;-3990.961182
404311.125;5863291;-3979.480225
404371.4375;5863291;-3970.112793
404431.75;5863291;-3964.816895
404492.0313;5863291;-3963.320313
404552.3438;5863291;-3963.204834
404612.625;5863291;-3963.732422
404672.9375;5863291;-3964.545166
404733.25;5863291;-3965.457031
404793.5313;5863291;-3966.280762
404853.8438;5863291;-3966.730469
404914.1563;5863291;-3966.575684
404974.4375;5863291;-3965.863281
405034.75;5863291;-3964.749268
405095.0313;5863291;-3961.445557
405155.3438;5863291;-3959.244141
405215.6563;5863291;-3956.114258
405275.9375;5863291;-3951.909668
405336.25;5863291;-3946.579102
405396.5625;5863291;-3940.743164
405456.8438;5863291;-3936.924072
405517.1563;5863291;-3945.724609
405577.4375;5863291;-3949.32373
405637.75;5863291;-3948.036865
405698.0625;5863291;-3947.335938
405758.3438;5863291;-3950.969727
405818.6563;5863291;-3960.768066
405878.9688;5863291;-3960.210449
405939.25;5863291;-3959.19873
405999.5625;5863291;-3958.718018
406059.8438;5863291;-3959.342529
406120.1563;5863291;-3954.083984
406180.4688;5863291;-3956.697754
406240.75;5863291;-3957.932861
406301.0625;5863291;-3960.878906
406361.375;5863291;-3963.61792
406421.6563;5863291;-3966.04541
406481.9688;5863291;-3968.173096
406542.25;5863291;-3970.041748
406602.5625;5863291;-3971.594482
406662.875;5863291;-3972.906738
406723.1563;5863291;-3974.133789
406783.4688;5863291;-3975.331787
406843.7813;5863291;-3976.568604
406904.0625;5863291;-3977.831299
406964.375;5863291;-3979.13501
407024.6563;5863291;-3980.510742
407084.9688;5863291;-3981.92749
407145.2813;5863291;-3983.37915
407205.5625;5863291;-3984.877197
407265.875;5863291;-3986.392578
407326.1875;5863291;-3987.918701
407386.4688;5863291;-3989.451904
407446.7813;5863291;-3990.978027
407507.0625;5863291;-3992.488037
407567.375;5863291;-3993.961914
407627.6875;5863291;-3995.399658
407687.9688;5863291;-3996.802246
407748.2813;5863291;-3998.14917
407808.5938;5863291;-3999.433838
407868.875;5863291;-4000.663574
407929.1875;5863291;-4001.83252
407989.4688;5863291;-4002.952881
408049.7813;5863291;-4004.021729
408110.0938;5863291;-4005.030273
408170.375;5863291;-4005.985107
408230.6875;5863291;-4006.889404
408291;5863291;-4007.730225
408351.2813;5863291;-4008.523193
408411.5938;5863291;-4009.281006
408471.875;5863291;-4009.992188
408532.1875;5863291;-4010.642578
408592.5;5863291;-4011.251221
408652.7813;5863291;-4011.823242
408713.0938;5863291;-4012.355225
408773.4063;5863291;-4012.842041
408833.6875;5863291;-4013.287842
408894;5863291;-4013.69751
408954.2813;5863291;-4014.075195
409014.5938;5863291;-4014.414551
409074.9063;5863291;-4014.719238
409135.1875;5863291;-4014.992676
409195.5;5863291;-4015.231689
409255.8125;5863291;-4015.43042
409316.0938;5863291;-4015.600098
409376.4063;5863291;-4015.74292
401356.4063;5863351.5;-4040.962158
401416.6875;5863351.5;-4040.666748
401477;5863351.5;-4040.411621
401537.3125;5863351.5;-4040.212402
401597.5938;5863351.5;-4040.0896
401657.9063;5863351.5;-4040.056152
401718.2188;5863351.5;-4040.078125
401778.5;5863351.5;-4040.050049
401838.8125;5863351.5;-4039.795654
401899.0938;5863351.5;-4039.12793
401959.4063;5863351.5;-4037.872559
402019.7188;5863351.5;-4035.818604
402080;5863351.5;-4032.927979
402140.3125;5863351.5;-4029.687256
402200.625;5863351.5;-4026.380127
402260.9063;5863351.5;-4023.349121
402321.2188;5863351.5;-4021.067383
402381.5;5863351.5;-4019.348145
402441.8125;5863351.5;-4017.934326
402502.125;5863351.5;-4016.732178
402562.4063;5863351.5;-4015.62793
402622.7188;5863351.5;-4014.532227
402683.0313;5863351.5;-4013.510254
402743.3125;5863351.5;-4012.703613
402803.625;5863351.5;-4012.280029
402863.9063;5863351.5;-4012.408936
402924.2188;5863351.5;-4017.888916
402984.5313;5863351.5;-4019.155518
403044.8125;5863351.5;-4019.937988
403105.125;5863351.5;-4020.138428
403165.4375;5863351.5;-4020.231689
403225.7188;5863351.5;-4020.801025
403286.0313;5863351.5;-4022.006836
403346.3125;5863351.5;-4023.338379
403406.625;5863351.5;-4024.377197
403466.9375;5863351.5;-4024.584229
403527.2188;5863351.5;-4023.510498
403587.5313;5863351.5;-4021.913086
403647.8438;5863351.5;-4020.867188
403708.125;5863351.5;-4022.169434
403768.4375;5863351.5;-4026.398438
403828.7188;5863351.5;-4031.824707
403889.0313;5863351.5;-4036.80249
403949.3438;5863351.5;-4039.595215
404009.625;5863351.5;-4036.629639
404069.9375;5863351.5;-4028.365234
404130.25;5863351.5;-4017.18457
404190.5313;5863351.5;-4004.457275
404250.8438;5863351.5;-3991.915039
404311.125;5863351.5;-3980.742676
404371.4375;5863351.5;-3971.710449
404431.75;5863351.5;-3966.083252
404492.0313;5863351.5;-3963.605469
404552.3438;5863351.5;-3962.584961
404612.625;5863351.5;-3962.39209
404672.9375;5863351.5;-3962.629639
404733.25;5863351.5;-3963.053223
404793.5313;5863351.5;-3963.469238
404853.8438;5863351.5;-3963.639404
404914.1563;5863351.5;-3963.362793
404974.4375;5863351.5;-3962.622559
405034.75;5863351.5;-3961.513428
405095.0313;5863351.5;-3960.054688
405155.3438;5863351.5;-3956.42749
405215.6563;5863351.5;-3953.341064
405275.9375;5863351.5;-3949.204834
405336.25;5863351.5;-3943.924561
405396.5625;5863351.5;-3938.04126
405456.8438;5863351.5;-3933.833496
405517.1563;5863351.5;-3934.452881
405577.4375;5863351.5;-3953.420654
405637.75;5863351.5;-3959.625977
405698.0625;5863351.5;-3956.800781
405758.3438;5863351.5;-3955.517334
405818.6563;5863351.5;-3962.363281
405878.9688;5863351.5;-3960.182129
405939.25;5863351.5;-3958.340088
405999.5625;5863351.5;-3957.439697
406059.8438;5863351.5;-3957.826172
406120.1563;5863351.5;-3959.336426
406180.4688;5863351.5;-3953.15625
406240.75;5863351.5;-3956.047363
406301.0625;5863351.5;-3958.930664
406361.375;5863351.5;-3961.635498
406421.6563;5863351.5;-3964.067139
406481.9688;5863351.5;-3966.235596
406542.25;5863351.5;-3968.167236
406602.5625;5863351.5;-3969.809326
406662.875;5863351.5;-3971.227295
406723.1563;5863351.5;-3972.558594
406783.4688;5863351.5;-3973.846924
406843.7813;5863351.5;-3975.139648
406904.0625;5863351.5;-3976.438232
406964.375;5863351.5;-3977.764404
407024.6563;5863351.5;-3979.149414
407084.9688;5863351.5;-3980.567139
407145.2813;5863351.5;-3982.015869
407205.5625;5863351.5;-3983.509766
407265.875;5863351.5;-3985.019043
407326.1875;5863351.5;-3986.536377
407386.4688;5863351.5;-3988.058105
407446.7813;5863351.5;-3989.570801
407507.0625;5863351.5;-3991.066162
407567.375;5863351.5;-3992.522949
407627.6875;5863351.5;-3993.943359
407687.9688;5863351.5;-3995.329834
407748.2813;5863351.5;-3996.662598
407808.5938;5863351.5;-3997.935791
407868.875;5863351.5;-3999.155518
407929.1875;5863351.5;-4000.317383
407989.4688;5863351.5;-4001.433105
408049.7813;5863351.5;-4002.499268
408110.0938;5863351.5;-4003.507568
408170.375;5863351.5;-4004.4646
408230.6875;5863351.5;-4005.373047
408291;5863351.5;-4006.219727
408351.2813;5863351.5;-4007.02002
408411.5938;5863351.5;-4007.786377
408471.875;5863351.5;-4008.506348
408532.1875;5863351.5;-4009.166992
408592.5;5863351.5;-4009.786133
408652.7813;5863351.5;-4010.368896
408713.0938;5863351.5;-4010.912354
408773.4063;5863351.5;-4011.4104
408833.6875;5863351.5;-4011.867676
408894;5863351.5;-4012.288574
408954.2813;5863351.5;-4012.677979
409014.5938;5863351.5;-4013.028564
409074.9063;5863351.5;-4013.343506
409135.1875;5863351.5;-4013.627686
409195.5;5863351.5;-4013.877197
409255.8125;5863351.5;-4014.085449
409316.0938;5863351.5;-4014.263916
409376.4063;5863351.5;-4014.414551
401356.4063;5863412;-4041.344482
401416.6875;5863412;-4041.109131
401477;5863412;-4040.924072
401537.3125;5863412;-4040.822998
401597.5938;5863412;-4040.855957
401657.9063;5863412;-4041.038818
401718.2188;5863412;-4041.323242
401778.5;5863412;-4041.570801
401838.8125;5863412;-4041.52832
401899.0938;5863412;-4040.925781
401959.4063;5863412;-4039.524902
402019.7188;5863412;-4037.05249
402080;5863412;-4033.505371
402140.3125;5863412;-4029.58374
402200.625;5863412;-4025.729004
402260.9063;5863412;-4022.424805
402321.2188;5863412;-4020.111328
402381.5;5863412;-4018.511719
402441.8125;5863412;-4017.215088
402502.125;5863412;-4016.028564
402562.4063;5863412;-4014.817627
402622.7188;5863412;-4013.588623
402683.0313;5863412;-4012.434326
402743.3125;5863412;-4011.503906
402803.625;5863412;-4011.016602
402863.9063;5863412;-4012.904053
402924.2188;5863412;-4016.583496
402984.5313;5863412;-4018.61499
403044.8125;5863412;-4019.639893
403105.125;5863412;-4019.341553
403165.4375;5863412;-4018.821533
403225.7188;5863412;-4019.21582
403286.0313;5863412;-4020.714111
403346.3125;5863412;-4022.597168
403406.625;5863412;-4024.30249
403466.9375;5863412;-4025.097168
403527.2188;5863412;-4024.014893
403587.5313;5863412;-4021.813721
403647.8438;5863412;-4019.954346
403708.125;5863412;-4020.854248
403768.4375;5863412;-4025.102783
403828.7188;5863412;-4030.384766
403889.0313;5863412;-4035.018555
403949.3438;5863412;-4037.484131
404009.625;5863412;-4034.630127
404069.9375;5863412;-4026.929443
404130.25;5863412;-4016.565918
404190.5313;5863412;-4004.68335
404250.8438;5863412;-3992.933838
404311.125;5863412;-3982.460693
404371.4375;5863412;-3973.908203
404431.75;5863412;-3968.049316
404492.0313;5863412;-3964.69458
404552.3438;5863412;-3962.766602
404612.625;5863412;-3961.781738
404672.9375;5863412;-3961.376465
404733.25;5863412;-3961.256104
404793.5313;5863412;-3961.2146
404853.8438;5863412;-3961.026855
404914.1563;5863412;-3960.527832
404974.4375;5863412;-3959.678223
405034.75;5863412;-3958.51416
405095.0313;5863412;-3957.050781
405155.3438;5863412;-3955.188965
405215.6563;5863412;-3951.082275
405275.9375;5863412;-3947.424805
405336.25;5863412;-3942.907227
405396.5625;5863412;-3938.020264
405456.8438;5863412;-3934.602295
405517.1563;5863412;-3934.851074
405577.4375;5863412;-3945.156006
405637.75;5863412;-3962.407227
405698.0625;5863412;-3961.615723
405758.3438;5863412;-3966.85498
405818.6563;5863412;-3963.595459
405878.9688;5863412;-3960.090088
405939.25;5863412;-3957.567871
405999.5625;5863412;-3956.346436
406059.8438;5863412;-3956.561035
406120.1563;5863412;-3949.029541
406180.4688;5863412;-3951.619141
406240.75;5863412;-3954.412598
406301.0625;5863412;-3957.217773
406361.375;5863412;-3959.872314
406421.6563;5863412;-3962.287109
406481.9688;5863412;-3964.469971
406542.25;5863412;-3966.437012
406602.5625;5863412;-3968.142822
406662.875;5863412;-3969.647217
406723.1563;5863412;-3971.068115
406783.4688;5863412;-3972.437988
406843.7813;5863412;-3973.793457
406904.0625;5863412;-3975.143311
406964.375;5863412;-3976.509277
407024.6563;5863412;-3977.916992
407084.9688;5863412;-3979.349854
407145.2813;5863412;-3980.806641
407205.5625;5863412;-3982.298584
407265.875;5863412;-3983.801514
407326.1875;5863412;-3985.307861
407386.4688;5863412;-3986.8125
407446.7813;5863412;-3988.305908
407507.0625;5863412;-3989.779053
407567.375;5863412;-3991.212402
407627.6875;5863412;-3992.610352
407687.9688;5863412;-3993.975342
407748.2813;5863412;-3995.28833
407808.5938;5863412;-3996.543457
407868.875;5863412;-3997.748291
407929.1875;5863412;-3998.898438
407989.4688;5863412;-4000.004883
408049.7813;5863412;-4001.063721
408110.0938;5863412;-4002.067627
408170.375;5863412;-4003.022461
408230.6875;5863412;-4003.930176
408291;5863412;-4004.778809
408351.2813;5863412;-4005.582764
408411.5938;5863412;-4006.352783
408471.875;5863412;-4007.078369
408532.1875;5863412;-4007.745361
408592.5;5863412;-4008.371338
408652.7813;5863412;-4008.961426
408713.0938;5863412;-4009.512939
408773.4063;5863412;-4010.019043
408833.6875;5863412;-4010.485107
408894;5863412;-4010.914551
408954.2813;5863412;-4011.312256
409014.5938;5863412;-4011.671387
409074.9063;5863412;-4011.994873
409135.1875;5863412;-4012.286621
409195.5;5863412;-4012.543945
409255.8125;5863412;-4012.759766
409316.0938;5863412;-4012.94458
409376.4063;5863412;-4013.102539
401356.4063;5863472.5;-4041.671631
401416.6875;5863472.5;-4041.494873
401477;5863472.5;-4041.378662
401537.3125;5863472.5;-4041.376221
401597.5938;5863472.5;-4041.574707
401657.9063;5863472.5;-4041.99585
401718.2188;5863472.5;-4042.577881
401778.5;5863472.5;-4043.149902
401838.8125;5863472.5;-4043.372803
401899.0938;5863472.5;-4042.874512
401959.4063;5863472.5;-4041.34082
402019.7188;5863472.5;-4038.42749
402080;5863472.5;-4034.203125
402140.3125;5863472.5;-4029.664795
402200.625;5863472.5;-4025.475586
402260.9063;5863472.5;-4022.198242
402321.2188;5863472.5;-4019.876709
402381.5;5863472.5;-4018.462891
402441.8125;5863472.5;-4017.346924
402502.125;5863472.5;-4016.149414
402562.4063;5863472.5;-4014.604736
402622.7188;5863472.5;-4013.019531
402683.0313;5863472.5;-4011.554932
402743.3125;5863472.5;-4010.351807
402803.625;5863472.5;-4009.675781
402863.9063;5863472.5;-4013.507324
402924.2188;5863472.5;-4015.226074
402984.5313;5863472.5;-4018.399902
403044.8125;5863472.5;-4019.986084
403105.125;5863472.5;-4018.491699
403165.4375;5863472.5;-4016.898926
403225.7188;5863472.5;-4017.255371
403286.0313;5863472.5;-4019.072754
403346.3125;5863472.5;-4021.503662
403406.625;5863472.5;-4023.87793
403466.9375;5863472.5;-4025.281494
403527.2188;5863472.5;-4024.536133
403587.5313;5863472.5;-4022.391357
403647.8438;5863472.5;-4020.33374
403708.125;5863472.5;-4020.734131
403768.4375;5863472.5;-4024.054932
403828.7188;5863472.5;-4028.040283
403889.0313;5863472.5;-4031.366699
403949.3438;5863472.5;-4032.712402
404009.625;5863472.5;-4029.925537
404069.9375;5863472.5;-4023.501465
404130.25;5863472.5;-4014.628418
404190.5313;5863472.5;-4004.130859
404250.8438;5863472.5;-3993.561279
404311.125;5863472.5;-3984.006348
404371.4375;5863472.5;-3975.996094
404431.75;5863472.5;-3970.061035
404492.0313;5863472.5;-3966.102539
404552.3438;5863472.5;-3963.436768
404612.625;5863472.5;-3961.73584
404672.9375;5863472.5;-3960.702637
404733.25;5863472.5;-3960.023438
404793.5313;5863472.5;-3959.488281
404853.8438;5863472.5;-3958.885498
404914.1563;5863472.5;-3958.084717
404974.4375;5863472.5;-3957.046875
405034.75;5863472.5;-3955.760254
405095.0313;5863472.5;-3954.243652
405155.3438;5863472.5;-3952.460205
405215.6563;5863472.5;-3950.125732
405275.9375;5863472.5;-3946.062012
405336.25;5863472.5;-3942.682129
405396.5625;5863472.5;-3939.551758
405456.8438;5863472.5;-3938.509521
405517.1563;5863472.5;-3940.813477
405577.4375;5863472.5;-3947.129395
405637.75;5863472.5;-3954.171631
405698.0625;5863472.5;-3966.689941
405758.3438;5863472.5;-3965.196045
405818.6563;5863472.5;-3963.159668
405878.9688;5863472.5;-3959.337646
405939.25;5863472.5;-3956.70459
405999.5625;5863472.5;-3955.444336
406059.8438;5863472.5;-3946.046875
406120.1563;5863472.5;-3947.922363
406180.4688;5863472.5;-3950.401123
406240.75;5863472.5;-3953.083984
406301.0625;5863472.5;-3955.791016
406361.375;5863472.5;-3958.373047
406421.6563;5863472.5;-3960.747314
406481.9688;5863472.5;-3962.919434
406542.25;5863472.5;-3964.895996
406602.5625;5863472.5;-3966.639893
406662.875;5863472.5;-3968.207275
406723.1563;5863472.5;-3969.695068
406783.4688;5863472.5;-3971.131104
406843.7813;5863472.5;-3972.537842
406904.0625;5863472.5;-3973.933594
406964.375;5863472.5;-3975.33667
407024.6563;5863472.5;-3976.766602
407084.9688;5863472.5;-3978.214111
407145.2813;5863472.5;-3979.679443
407205.5625;5863472.5;-3981.167725
407265.875;5863472.5;-3982.662598
407326.1875;5863472.5;-3984.155762
407386.4688;5863472.5;-3985.640381
407446.7813;5863472.5;-3987.110596
407507.0625;5863472.5;-3988.559326
407567.375;5863472.5;-3989.967285
407627.6875;5863472.5;-3991.339844
407687.9688;5863472.5;-3992.680664
407748.2813;5863472.5;-3993.971924
407808.5938;5863472.5;-3995.20874
407868.875;5863472.5;-3996.396973
407929.1875;5863472.5;-3997.534424
407989.4688;5863472.5;-3998.629883
408049.7813;5863472.5;-3999.68042
408110.0938;5863472.5;-4000.678223
408170.375;5863472.5;-4001.629395
408230.6875;5863472.5;-4002.535645
408291;5863472.5;-4003.384033
408351.2813;5863472.5;-4004.189941
408411.5938;5863472.5;-4004.962646
408471.875;5863472.5;-4005.691895
408532.1875;5863472.5;-4006.364014
408592.5;5863472.5;-4006.996338
408652.7813;5863472.5;-4007.593018
408713.0938;5863472.5;-4008.151367
408773.4063;5863472.5;-4008.665283
408833.6875;5863472.5;-4009.138672
408894;5863472.5;-4009.575928
408954.2813;5863472.5;-4009.981445
409014.5938;5863472.5;-4010.348389
409074.9063;5863472.5;-4010.679688
409135.1875;5863472.5;-4010.979492
409195.5;5863472.5;-4011.243652
409255.8125;5863472.5;-4011.466064
409316.0938;5863472.5;-4011.658691
409376.4063;5863472.5;-4011.823486
401356.4063;5863533.5;-4041.950928
401416.6875;5863533.5;-4041.821289
401477;5863533.5;-4041.760498
401537.3125;5863533.5;-4041.843994
401597.5938;5863533.5;-4042.202881
401657.9063;5863533.5;-4042.873291
401718.2188;5863533.5;-4043.786621
401778.5;5863533.5;-4044.746826
401838.8125;5863533.5;-4045.330811
401899.0938;5863533.5;-4045.035645
401959.4063;5863533.5;-4043.447998
402019.7188;5863533.5;-4040.150879
402080;5863533.5;-4035.367188
402140.3125;5863533.5;-4030.553711
402200.625;5863533.5;-4026.639404
402260.9063;5863533.5;-4023.895996
402321.2188;5863533.5;-4021.163574
402381.5;5863533.5;-4019.6604
402441.8125;5863533.5;-4018.760986
402502.125;5863533.5;-4017.680176
402562.4063;5863533.5;-4015.556641
402622.7188;5863533.5;-4013.29834
402683.0313;5863533.5;-4011.297852
402743.3125;5863533.5;-4009.67627
402803.625;5863533.5;-4008.598633
402863.9063;5863533.5;-4011.472656
402924.2188;5863533.5;-4013.655518
402984.5313;5863533.5;-4018.352295
403044.8125;5863533.5;-4020.752197
403105.125;5863533.5;-4017.599121
403165.4375;5863533.5;-4014.518799
403225.7188;5863533.5;-4015.103027
403286.0313;5863533.5;-4017.350098
403346.3125;5863533.5;-4020.141602
403406.625;5863533.5;-4022.88208
403466.9375;5863533.5;-4024.624023
403527.2188;5863533.5;-4024.406006
403587.5313;5863533.5;-4022.962402
403647.8438;5863533.5;-4021.4021
403708.125;5863533.5;-4021.405762
403768.4375;5863533.5;-4023.368652
403828.7188;5863533.5;-4025.752197
403889.0313;5863533.5;-4027.64502
403949.3438;5863533.5;-4027.852051
404009.625;5863533.5;-4024.942139
404069.9375;5863533.5;-4019.430176
404130.25;5863533.5;-4011.888916
404190.5313;5863533.5;-4002.863281
404250.8438;5863533.5;-3993.611572
404311.125;5863533.5;-3985.080811
404371.4375;5863533.5;-3977.707275
404431.75;5863533.5;-3971.890137
404492.0313;5863533.5;-3967.613525
404552.3438;5863533.5;-3964.449707
404612.625;5863533.5;-3962.184326
404672.9375;5863533.5;-3960.583252
404733.25;5863533.5;-3959.363525
404793.5313;5863533.5;-3958.330322
404853.8438;5863533.5;-3957.283203
404914.1563;5863533.5;-3956.124512
404974.4375;5863533.5;-3954.828857
405034.75;5863533.5;-3953.343018
405095.0313;5863533.5;-3951.69043
405155.3438;5863533.5;-3949.878174
405215.6563;5863533.5;-3947.683105
405275.9375;5863533.5;-3945.22168
405336.25;5863533.5;-3941.858398
405396.5625;5863533.5;-3940.018555
405456.8438;5863533.5;-3940.023682
405517.1563;5863533.5;-3942.517822
405577.4375;5863533.5;-3946.592529
405637.75;5863533.5;-3950.837158
405698.0625;5863533.5;-3963.768066
405758.3438;5863533.5;-3962.730469
405818.6563;5863533.5;-3960.123779
405878.9688;5863533.5;-3957.64209
405939.25;5863533.5;-3955.515625
405999.5625;5863533.5;-3944.265137
406059.8438;5863533.5;-3945.218994
406120.1563;5863533.5;-3947.098389
406180.4688;5863533.5;-3949.500244
406240.75;5863533.5;-3952.078857
406301.0625;5863533.5;-3954.679199
406361.375;5863533.5;-3957.169434
406421.6563;5863533.5;-3959.480957
406481.9688;5863533.5;-3961.618164
406542.25;5863533.5;-3963.578857
406602.5625;5863533.5;-3965.335938
406662.875;5863533.5;-3966.94165
406723.1563;5863533.5;-3968.476318
406783.4688;5863533.5;-3969.959229
406843.7813;5863533.5;-3971.404785
406904.0625;5863533.5;-3972.836914
406964.375;5863533.5;-3974.27002
407024.6563;5863533.5;-3975.718018
407084.9688;5863533.5;-3977.177002
407145.2813;5863533.5;-3978.646729
407205.5625;5863533.5;-3980.128174
407265.875;5863533.5;-3981.610596
407326.1875;5863533.5;-3983.086426
407386.4688;5863533.5;-3984.546875
407446.7813;5863533.5;-3985.991455
407507.0625;5863533.5;-3987.413818
407567.375;5863533.5;-3988.793701
407627.6875;5863533.5;-3990.13916
407687.9688;5863533.5;-3991.454346
407748.2813;5863533.5;-3992.722656
407808.5938;5863533.5;-3993.939209
407868.875;5863533.5;-3995.110107
407929.1875;5863533.5;-3996.23291
407989.4688;5863533.5;-3997.316162
408049.7813;5863533.5;-3998.356689
408110.0938;5863533.5;-3999.347412
408170.375;5863533.5;-4000.293701
408230.6875;5863533.5;-4001.196289
408291;5863533.5;-4002.043945
408351.2813;5863533.5;-4002.850098
408411.5938;5863533.5;-4003.624512
408471.875;5863533.5;-4004.356689
408532.1875;5863533.5;-4005.032471
408592.5;5863533.5;-4005.669189
408652.7813;5863533.5;-4006.271484
408713.0938;5863533.5;-4006.835938
408773.4063;5863533.5;-4007.355713
408833.6875;5863533.5;-4007.836426
408894;5863533.5;-4008.280762
408954.2813;5863533.5;-4008.693115
409014.5938;5863533.5;-4009.067383
409074.9063;5863533.5;-4009.405518
409135.1875;5863533.5;-4009.712646
409195.5;5863533.5;-4009.984131
409255.8125;5863533.5;-4010.213135
409316.0938;5863533.5;-4010.412354
409376.4063;5863533.5;-4010.584473
401356.4063;5863594;-4042.224854
401416.6875;5863594;-4042.120605
401477;5863594;-4042.086914
401537.3125;5863594;-4042.22168
401597.5938;5863594;-4042.705811
401657.9063;5863594;-4043.607422
401718.2188;5863594;-4044.869385
401778.5;5863594;-4046.296143
401838.8125;5863594;-4047.400635
401899.0938;5863594;-4047.514404
401959.4063;5863594;-4046.089355
402019.7188;5863594;-4042.646729
402080;5863594;-4037.69458
402140.3125;5863594;-4033.322998
402200.625;5863594;-4030.680176
402260.9063;5863594;-4029.160645
402321.2188;5863594;-4024.739014
402381.5;5863594;-4021.802979
402441.8125;5863594;-4021.252197
402502.125;5863594;-4020.659668
402562.4063;5863594;-4017.955322
402622.7188;5863594;-4014.93335
402683.0313;5863594;-4012.372314
402743.3125;5863594;-4010.339111
402803.625;5863594;-4008.63501
402863.9063;5863594;-4009.630127
402924.2188;5863594;-4011.638672
402984.5313;5863594;-4017.104248
403044.8125;5863594;-4020.194824
403105.125;5863594;-4017.387207
403165.4375;5863594;-4014.03833
403225.7188;5863594;-4014.326416
403286.0313;5863594;-4016.419189
403346.3125;5863594;-4019.087158
403406.625;5863594;-4021.700684
403466.9375;5863594;-4023.375
403527.2188;5863594;-4023.448975
403587.5313;5863594;-4022.561035
403647.8438;5863594;-4021.456299
403708.125;5863594;-4021.215576
403768.4375;5863594;-4022.146973
403828.7188;5863594;-4023.306152
403889.0313;5863594;-4024.047852
403949.3438;5863594;-4023.412842
404009.625;5863594;-4020.402588
404069.9375;5863594;-4015.476074
404130.25;5863594;-4008.988525
404190.5313;5863594;-4001.269775
404250.8438;5863594;-3993.255615
404311.125;5863594;-3985.72168
404371.4375;5863594;-3979.022217
404431.75;5863594;-3973.471924
404492.0313;5863594;-3969.111084
404552.3438;5863594;-3965.674805
404612.625;5863594;-3963.022217
404672.9375;5863594;-3960.97168
404733.25;5863594;-3959.291748
404793.5313;5863594;-3957.816406
404853.8438;5863594;-3956.357422
404914.1563;5863594;-3954.836914
404974.4375;5863594;-3953.229248
405034.75;5863594;-3951.46582
405095.0313;5863594;-3949.560791
405155.3438;5863594;-3947.519043
405215.6563;5863594;-3945.152832
405275.9375;5863594;-3942.60376
405336.25;5863594;-3940.401855
405396.5625;5863594;-3938.420166
405456.8438;5863594;-3938.79541
405517.1563;5863594;-3940.904053
405577.4375;5863594;-3943.940674
405637.75;5863594;-3947.018799
405698.0625;5863594;-3948.675537
405758.3438;5863594;-3958.406982
405818.6563;5863594;-3956.727539
405878.9688;5863594;-3954.752197
405939.25;5863594;-3942.893311
405999.5625;5863594;-3943.281738
406059.8438;5863594;-3944.50415
406120.1563;5863594;-3946.459229
406180.4688;5863594;-3948.825684
406240.75;5863594;-3951.331055
406301.0625;5863594;-3953.845215
406361.375;5863594;-3956.256104
406421.6563;5863594;-3958.505615
406481.9688;5863594;-3960.599121
406542.25;5863594;-3962.5354
406602.5625;5863594;-3964.289551
406662.875;5863594;-3965.910645
406723.1563;5863594;-3967.46875
406783.4688;5863594;-3968.979248
406843.7813;5863594;-3970.449951
406904.0625;5863594;-3971.90625
406964.375;5863594;-3973.359375
407024.6563;5863594;-3974.816162
407084.9688;5863594;-3976.279541
407145.2813;5863594;-3977.74707
407205.5625;5863594;-3979.215088
407265.875;5863594;-3980.679443
407326.1875;5863594;-3982.132813
407386.4688;5863594;-3983.565674
407446.7813;5863594;-3984.981445
407507.0625;5863594;-3986.374023
407567.375;5863594;-3987.724365
407627.6875;5863594;-3989.041504
407687.9688;5863594;-3990.329346
407748.2813;5863594;-3991.573486
407808.5938;5863594;-3992.768311
407868.875;5863594;-3993.919678
407929.1875;5863594;-3995.025879
407989.4688;5863594;-3996.094727
408049.7813;5863594;-3997.122559
408110.0938;5863594;-3998.103516
408170.375;5863594;-3999.041992
408230.6875;5863594;-3999.938232
408291;5863594;-4000.781982
408351.2813;5863594;-4001.585449
408411.5938;5863594;-4002.357666
408471.875;5863594;-4003.089355
408532.1875;5863594;-4003.766113
408592.5;5863594;-4004.404053
408652.7813;5863594;-4005.008789
408713.0938;5863594;-4005.575684
408773.4063;5863594;-4006.099365
408833.6875;5863594;-4006.583252
408894;5863594;-4007.032227
408954.2813;5863594;-4007.448975
409014.5938;5863594;-4007.827637
409074.9063;5863594;-4008.170898
409135.1875;5863594;-4008.482178
409195.5;5863594;-4008.758301
409255.8125;5863594;-4008.991943
409316.0938;5863594;-4009.195557
409376.4063;5863594;-4009.371338
401356.4063;5863654.5;-4042.52417
401416.6875;5863654.5;-4042.419922
401477;5863654.5;-4042.377441
401537.3125;5863654.5;-4042.512695
401597.5938;5863654.5;-4043.058838
401657.9063;5863654.5;-4044.134033
401718.2188;5863654.5;-4045.712891
401778.5;5863654.5;-4047.634766
401838.8125;5863654.5;-4049.410156
401899.0938;5863654.5;-4050.16333
401959.4063;5863654.5;-4049.160156
402019.7188;5863654.5;-4045.823242
402080;5863654.5;-4040.891602
402140.3125;5863654.5;-4037.204346
402200.625;5863654.5;-4036.599121
402260.9063;5863654.5;-4037.78125
402321.2188;5863654.5;-4029.754395
402381.5;5863654.5;-4022.015625
402441.8125;5863654.5;-4023.20752
402502.125;5863654.5;-4023.797363
402562.4063;5863654.5;-4020.352783
402622.7188;5863654.5;-4016.755127
402683.0313;5863654.5;-4013.933594
402743.3125;5863654.5;-4011.835693
402803.625;5863654.5;-4010.10083
402863.9063;5863654.5;-4009.946045
402924.2188;5863654.5;-4011.427246
402984.5313;5863654.5;-4015.832764
403044.8125;5863654.5;-4018.339355
403105.125;5863654.5;-4017.113281
403165.4375;5863654.5;-4014.983643
403225.7188;5863654.5;-4014.855225
403286.0313;5863654.5;-4016.361572
403346.3125;5863654.5;-4018.571777
403406.625;5863654.5;-4020.745605
403466.9375;5863654.5;-4022.101563
403527.2188;5863654.5;-4022.227539
403587.5313;5863654.5;-4021.634277
403647.8438;5863654.5;-4020.786865
403708.125;5863654.5;-4020.362793
403768.4375;5863654.5;-4020.5625
403828.7188;5863654.5;-4020.808594
403889.0313;5863654.5;-4020.666016
403949.3438;5863654.5;-4019.425781
404009.625;5863654.5;-4016.385986
404069.9375;5863654.5;-4011.920654
404130.25;5863654.5;-4006.2854
404190.5313;5863654.5;-3999.669189
404250.8438;5863654.5;-3992.742188
404311.125;5863654.5;-3986.108643
404371.4375;5863654.5;-3980.050537
404431.75;5863654.5;-3974.819824
404492.0313;5863654.5;-3970.488525
404552.3438;5863654.5;-3966.901611
404612.625;5863654.5;-3963.969971
404672.9375;5863654.5;-3961.55835
404733.25;5863654.5;-3959.491211
404793.5313;5863654.5;-3957.63208
404853.8438;5863654.5;-3955.807861
404914.1563;5863654.5;-3953.954102
404974.4375;5863654.5;-3952.049072
405034.75;5863654.5;-3950.012451
405095.0313;5863654.5;-3947.849121
405155.3438;5863654.5;-3945.555908
405215.6563;5863654.5;-3942.96875
405275.9375;5863654.5;-3940.184326
405336.25;5863654.5;-3937.784668
405396.5625;5863654.5;-3936.795654
405456.8438;5863654.5;-3936.898926
405517.1563;5863654.5;-3938.653564
405577.4375;5863654.5;-3941.047852
405637.75;5863654.5;-3943.492188
405698.0625;5863654.5;-3945.109863
405758.3438;5863654.5;-3945.739258
405818.6563;5863654.5;-3953.620361
405878.9688;5863654.5;-3944.282959
405939.25;5863654.5;-3941.625977
405999.5625;5863654.5;-3942.491211
406059.8438;5863654.5;-3943.972412
406120.1563;5863654.5;-3946.005615
406180.4688;5863654.5;-3948.343262
406240.75;5863654.5;-3950.777832
406301.0625;5863654.5;-3953.203857
406361.375;5863654.5;-3955.527588
406421.6563;5863654.5;-3957.704834
406481.9688;5863654.5;-3959.743896
406542.25;5863654.5;-3961.644531
406602.5625;5863654.5;-3963.385742
406662.875;5863654.5;-3965.01001
406723.1563;5863654.5;-3966.582031
406783.4688;5863654.5;-3968.109619
406843.7813;5863654.5;-3969.595947
406904.0625;5863654.5;-3971.067871
406964.375;5863654.5;-3972.533447
407024.6563;5863654.5;-3973.993164
407084.9688;5863654.5;-3975.45459
407145.2813;5863654.5;-3976.914551
407205.5625;5863654.5;-3978.364502
407265.875;5863654.5;-3979.807373
407326.1875;5863654.5;-3981.236084
407386.4688;5863654.5;-3982.639648
407446.7813;5863654.5;-3984.025391
407507.0625;5863654.5;-3985.387695
407567.375;5863654.5;-3986.708008
407627.6875;5863654.5;-3987.996582
407687.9688;5863654.5;-3989.25708
407748.2813;5863654.5;-3990.476563
407808.5938;5863654.5;-3991.64917
407868.875;5863654.5;-3992.780518
407929.1875;5863654.5;-3993.870361
407989.4688;5863654.5;-3994.923828
408049.7813;5863654.5;-3995.938965
408110.0938;5863654.5;-3996.908936
408170.375;5863654.5;-3997.838867
408230.6875;5863654.5;-3998.727783
408291;5863654.5;-3999.56665
408351.2813;5863654.5;-4000.366455
408411.5938;5863654.5;-4001.135986
408471.875;5863654.5;-4001.865967
408532.1875;5863654.5;-4002.542969
408592.5;5863654.5;-4003.181885
408652.7813;5863654.5;-4003.786865
408713.0938;5863654.5;-4004.356445
408773.4063;5863654.5;-4004.882568
408833.6875;5863654.5;-4005.369629
408894;5863654.5;-4005.821777
408954.2813;5863654.5;-4006.242676
409014.5938;5863654.5;-4006.625732
409074.9063;5863654.5;-4006.972412
409135.1875;5863654.5;-4007.28833
409195.5;5863654.5;-4007.569092
409255.8125;5863654.5;-4007.807129
409316.0938;5863654.5;-4008.014404
409376.4063;5863654.5;-4008.19458
401356.4063;5863715;-4042.878662
401416.6875;5863715;-4042.74585
401477;5863715;-4042.656982
401537.3125;5863715;-4042.738037
401597.5938;5863715;-4043.266357
401657.9063;5863715;-4044.427979
401718.2188;5863715;-4046.248779
401778.5;5863715;-4048.657959
401838.8125;5863715;-4051.264648
401899.0938;5863715;-4052.943848
401959.4063;5863715;-4052.716797
402019.7188;5863715;-4049.610352
402080;5863715;-4044.278076
402140.3125;5863715;-4040.427979
402200.625;5863715;-4041.197266
402260.9063;5863715;-4045.625244
402321.2188;5863715;-4034.942871
402381.5;5863715;-4019.370605
402441.8125;5863715;-4023.080566
402502.125;5863715;-4025.852051
402562.4063;5863715;-4021.713135
402622.7188;5863715;-4017.911377
402683.0313;5863715;-4015.438721
402743.3125;5863715;-4013.756348
402803.625;5863715;-4012.698486
402863.9063;5863715;-4012.078125
402924.2188;5863715;-4013.027344
402984.5313;5863715;-4015.664307
403044.8125;5863715;-4017.232178
403105.125;5863715;-4016.938721
403165.4375;5863715;-4015.919678
403225.7188;5863715;-4015.786133
403286.0313;5863715;-4016.886963
403346.3125;5863715;-4018.540527
403406.625;5863715;-4020.129639
403466.9375;5863715;-4021.043457
403527.2188;5863715;-4021.056152
403587.5313;5863715;-4020.55127
403647.8438;5863715;-4019.792969
403708.125;5863715;-4019.189941
403768.4375;5863715;-4018.852539
403828.7188;5863715;-4018.424072
403889.0313;5863715;-4017.62793
403949.3438;5863715;-4015.959717
404009.625;5863715;-4012.932373
404069.9375;5863715;-4008.852051
404130.25;5863715;-4003.905762
404190.5313;5863715;-3998.197021
404250.8438;5863715;-3992.189697
404311.125;5863715;-3986.337891
404371.4375;5863715;-3980.861572
404431.75;5863715;-3975.96167
404492.0313;5863715;-3971.722656
404552.3438;5863715;-3968.065186
404612.625;5863715;-3964.938721
404672.9375;5863715;-3962.245361
404733.25;5863715;-3959.861084
404793.5313;5863715;-3957.680176
404853.8438;5863715;-3955.543213
404914.1563;5863715;-3953.402588
404974.4375;5863715;-3951.242676
405034.75;5863715;-3948.975342
405095.0313;5863715;-3946.60376
405155.3438;5863715;-3944.138428
405215.6563;5863715;-3941.449219
405275.9375;5863715;-3938.599121
405336.25;5863715;-3936.211182
405396.5625;5863715;-3935.24292
405456.8438;5863715;-3935.9375
405517.1563;5863715;-3937.011719
405577.4375;5863715;-3938.893799
405637.75;5863715;-3940.950684
405698.0625;5863715;-3942.584473
405758.3438;5863715;-3943.619385
405818.6563;5863715;-3951.223145
405878.9688;5863715;-3939.875244
405939.25;5863715;-3940.695313
405999.5625;5863715;-3941.932373
406059.8438;5863715;-3943.619629
406120.1563;5863715;-3945.71167
406180.4688;5863715;-3948.015869
406240.75;5863715;-3950.375
406301.0625;5863715;-3952.706543
406361.375;5863715;-3954.936035
406421.6563;5863715;-3957.033691
406481.9688;5863715;-3959.011719
406542.25;5863715;-3960.868896
406602.5625;5863715;-3962.5896
406662.875;5863715;-3964.210693
406723.1563;5863715;-3965.788818
406783.4688;5863715;-3967.326416
406843.7813;5863715;-3968.820801
406904.0625;5863715;-3970.302002
406964.375;5863715;-3971.77417
407024.6563;5863715;-3973.22998
407084.9688;5863715;-3974.68457
407145.2813;5863715;-3976.133545
407205.5625;5863715;-3977.562256
407265.875;5863715;-3978.980957
407326.1875;5863715;-3980.383057
407386.4688;5863715;-3981.756104
407446.7813;5863715;-3983.111084
407507.0625;5863715;-3984.442871
407567.375;5863715;-3985.733154
407627.6875;5863715;-3986.993164
407687.9688;5863715;-3988.226807
407748.2813;5863715;-3989.421387
407808.5938;5863715;-3990.572754
407868.875;5863715;-3991.684326
407929.1875;5863715;-3992.756348
407989.4688;5863715;-3993.79541
408049.7813;5863715;-3994.797119
408110.0938;5863715;-3995.756104
408170.375;5863715;-3996.67627
408230.6875;5863715;-3997.557861
408291;5863715;-3998.391113
408351.2813;5863715;-3999.187012
408411.5938;5863715;-3999.952881
408471.875;5863715;-4000.680908
408532.1875;5863715;-4001.356934
408592.5;5863715;-4001.995605
408652.7813;5863715;-4002.601807
408713.0938;5863715;-4003.172852
408773.4063;5863715;-4003.701416
408833.6875;5863715;-4004.191162
408894;5863715;-4004.646973
408954.2813;5863715;-4005.071045
409014.5938;5863715;-4005.45752
409074.9063;5863715;-4005.808105
409135.1875;5863715;-4006.12793
409195.5;5863715;-4006.413086
409255.8125;5863715;-4006.655273
409316.0938;5863715;-4006.866943
409376.4063;5863715;-4007.050537
401356.4063;5863775.5;-4043.341797
401416.6875;5863775.5;-4043.155029
401477;5863775.5;-4042.984619
401537.3125;5863775.5;-4042.955322
401597.5938;5863775.5;-4043.373535
401657.9063;5863775.5;-4044.497314
401718.2188;5863775.5;-4046.429932
401778.5;5863775.5;-4049.260986
401838.8125;5863775.5;-4052.863037
401899.0938;5863775.5;-4055.926514
401959.4063;5863775.5;-4057.128906
402019.7188;5863775.5;-4054.290039
402080;5863775.5;-4047.38208
402140.3125;5863775.5;-4040.217041
402200.625;5863775.5;-4035.754639
402260.9063;5863775.5;-4039.024902
402321.2188;5863775.5;-4034.272949
402381.5;5863775.5;-4019.633057
402441.8125;5863775.5;-4021.382324
402502.125;5863775.5;-4023.299561
402562.4063;5863775.5;-4019.956787
402622.7188;5863775.5;-4017.474365
402683.0313;5863775.5;-4016.186768
402743.3125;5863775.5;-4015.267822
402803.625;5863775.5;-4014.429443
402863.9063;5863775.5;-4014.042236
402924.2188;5863775.5;-4014.501709
402984.5313;5863775.5;-4015.958008
403044.8125;5863775.5;-4017.036865
403105.125;5863775.5;-4017.151855
403165.4375;5863775.5;-4016.829346
403225.7188;5863775.5;-4016.899902
403286.0313;5863775.5;-4017.686279
403346.3125;5863775.5;-4018.784912
403406.625;5863775.5;-4019.785889
403466.9375;5863775.5;-4020.248047
403527.2188;5863775.5;-4020.062744
403587.5313;5863775.5;-4019.506104
403647.8438;5863775.5;-4018.715332
403708.125;5863775.5;-4017.93457
403768.4375;5863775.5;-4017.21167
403828.7188;5863775.5;-4016.313232
403889.0313;5863775.5;-4015.065674
403949.3438;5863775.5;-4013.115479
404009.625;5863775.5;-4010.131104
404069.9375;5863775.5;-4006.364258
404130.25;5863775.5;-4001.955322
404190.5313;5863775.5;-3996.958252
404250.8438;5863775.5;-3991.686279
404311.125;5863775.5;-3986.476318
404371.4375;5863775.5;-3981.502686
404431.75;5863775.5;-3976.921143
404492.0313;5863775.5;-3972.817139
404552.3438;5863775.5;-3969.158447
404612.625;5863775.5;-3965.920166
404672.9375;5863775.5;-3963.033203
404733.25;5863775.5;-3960.413818
404793.5313;5863775.5;-3957.984375
404853.8438;5863775.5;-3955.604492
404914.1563;5863775.5;-3953.241699
404974.4375;5863775.5;-3950.889404
405034.75;5863775.5;-3948.463867
405095.0313;5863775.5;-3945.978271
405155.3438;5863775.5;-3943.478027
405215.6563;5863775.5;-3940.875488
405275.9375;5863775.5;-3938.244385
405336.25;5863775.5;-3936.203613
405396.5625;5863775.5;-3935.266357
405456.8438;5863775.5;-3935.567627
405517.1563;5863775.5;-3936.692139
405577.4375;5863775.5;-3937.978271
405637.75;5863775.5;-3939.712891
405698.0625;5863775.5;-3941.286377
405758.3438;5863775.5;-3942.532471
405818.6563;5863775.5;-3938.25
405878.9688;5863775.5;-3939.130127
405939.25;5863775.5;-3940.311768
405999.5625;5863775.5;-3941.768066
406059.8438;5863775.5;-3943.571777
406120.1563;5863775.5;-3945.674316
406180.4688;5863775.5;-3947.915771
406240.75;5863775.5;-3950.18335
406301.0625;5863775.5;-3952.413574
406361.375;5863775.5;-3954.544189
406421.6563;5863775.5;-3956.557373
406481.9688;5863775.5;-3958.467285
406542.25;5863775.5;-3960.276855
406602.5625;5863775.5;-3961.968506
406662.875;5863775.5;-3963.573486
406723.1563;5863775.5;-3965.143311
406783.4688;5863775.5;-3966.677002
406843.7813;5863775.5;-3968.167236
406904.0625;5863775.5;-3969.644775
406964.375;5863775.5;-3971.111572
407024.6563;5863775.5;-3972.555664
407084.9688;5863775.5;-3973.994873
407145.2813;5863775.5;-3975.425293
407205.5625;5863775.5;-3976.828857
407265.875;5863775.5;-3978.220459
407326.1875;5863775.5;-3979.59375
407386.4688;5863775.5;-3980.936035
407446.7813;5863775.5;-3982.259766
407507.0625;5863775.5;-3983.561523
407567.375;5863775.5;-3984.821777
407627.6875;5863775.5;-3986.053711
407687.9688;5863775.5;-3987.260986
407748.2813;5863775.5;-3988.430664
407808.5938;5863775.5;-3989.559814
407868.875;5863775.5;-3990.651855
407929.1875;5863775.5;-3991.706299
407989.4688;5863775.5;-3992.729004
408049.7813;5863775.5;-3993.716553
408110.0938;5863775.5;-3994.663086
408170.375;5863775.5;-3995.572998
408230.6875;5863775.5;-3996.445801
408291;5863775.5;-3997.271484
408351.2813;5863775.5;-3998.060791
408411.5938;5863775.5;-3998.822266
408471.875;5863775.5;-3999.545898
408532.1875;5863775.5;-4000.218994
408592.5;5863775.5;-4000.856201
408652.7813;5863775.5;-4001.461426
408713.0938;5863775.5;-4002.032227
408773.4063;5863775.5;-4002.560547
408833.6875;5863775.5;-4003.05127
408894;5863775.5;-4003.507813
408954.2813;5863775.5;-4003.933594
409014.5938;5863775.5;-4004.322021
409074.9063;5863775.5;-4004.675049
409135.1875;5863775.5;-4004.99707
409195.5;5863775.5;-4005.28418
409255.8125;5863775.5;-4005.528809
409316.0938;5863775.5;-4005.743408
409376.4063;5863775.5;-4005.93042
401356.4063;5863836.5;-4043.973145
401416.6875;5863836.5;-4043.72876
401477;5863836.5;-4043.469971
401537.3125;5863836.5;-4043.306641
401597.5938;5863836.5;-4043.548096
401657.9063;5863836.5;-4044.510254
401718.2188;5863836.5;-4046.368164
401778.5;5863836.5;-4049.394287
401838.8125;5863836.5;-4053.98877
401899.0938;5863836.5;-4058.868896
401959.4063;5863836.5;-4062.175049
402019.7188;5863836.5;-4060.088379
402080;5863836.5;-4052.135742
402140.3125;5863836.5;-4043.205322
402200.625;5863836.5;-4035.629639
402260.9063;5863836.5;-4034.701904
402321.2188;5863836.5;-4033.094727
402381.5;5863836.5;-4024.224365
402441.8125;5863836.5;-4021.243896
402502.125;5863836.5;-4019.775635
402562.4063;5863836.5;-4017.985107
402622.7188;5863836.5;-4017.330078
402683.0313;5863836.5;-4017.221924
402743.3125;5863836.5;-4016.905518
402803.625;5863836.5;-4016.193115
402863.9063;5863836.5;-4015.681152
402924.2188;5863836.5;-4015.731689
402984.5313;5863836.5;-4016.515625
403044.8125;5863836.5;-4017.27832
403105.125;5863836.5;-4017.532471
403165.4375;5863836.5;-4017.568604
403225.7188;5863836.5;-4017.766602
403286.0313;5863836.5;-4018.284912
403346.3125;5863836.5;-4018.930664
403406.625;5863836.5;-4019.450439
403466.9375;5863836.5;-4019.539063
403527.2188;5863836.5;-4019.16333
403587.5313;5863836.5;-4018.51123
403647.8438;5863836.5;-4017.643555
403708.125;5863836.5;-4016.710205
403768.4375;5863836.5;-4015.719482
403828.7188;5863836.5;-4014.510498
403889.0313;5863836.5;-4012.974121
403949.3438;5863836.5;-4010.859131
404009.625;5863836.5;-4007.939697
404069.9375;5863836.5;-4004.425293
404130.25;5863836.5;-4000.423828
404190.5313;5863836.5;-3995.961426
404250.8438;5863836.5;-3991.249512
404311.125;5863836.5;-3986.544189
404371.4375;5863836.5;-3981.984131
404431.75;5863836.5;-3977.690918
404492.0313;5863836.5;-3973.740234
404552.3438;5863836.5;-3970.12915
404612.625;5863836.5;-3966.848877
404672.9375;5863836.5;-3963.847412
404733.25;5863836.5;-3961.074951
404793.5313;5863836.5;-3958.477051
404853.8438;5863836.5;-3955.93335
404914.1563;5863836.5;-3953.428955
404974.4375;5863836.5;-3950.966797
405034.75;5863836.5;-3948.473877
405095.0313;5863836.5;-3945.969238
405155.3438;5863836.5;-3943.532227
405215.6563;5863836.5;-3941.127441
405275.9375;5863836.5;-3938.810059
405336.25;5863836.5;-3937.131592
405396.5625;5863836.5;-3936.263672
405456.8438;5863836.5;-3936.311523
405517.1563;5863836.5;-3937.105469
405577.4375;5863836.5;-3938.494385
405637.75;5863836.5;-3939.803955
405698.0625;5863836.5;-3941.232178
405758.3438;5863836.5;-3937.036865
405818.6563;5863836.5;-3937.927734
405878.9688;5863836.5;-3939.028809
405939.25;5863836.5;-3940.372803
405999.5625;5863836.5;-3941.914307
406059.8438;5863836.5;-3943.749756
406120.1563;5863836.5;-3945.814453
406180.4688;5863836.5;-3947.962891
406240.75;5863836.5;-3950.123047
406301.0625;5863836.5;-3952.244629
406361.375;5863836.5;-3954.272217
406421.6563;5863836.5;-3956.199463
406481.9688;5863836.5;-3958.041504
406542.25;5863836.5;-3959.801025
406602.5625;5863836.5;-3961.461914
406662.875;5863836.5;-3963.045166
406723.1563;5863836.5;-3964.600586
406783.4688;5863836.5;-3966.123535
406843.7813;5863836.5;-3967.602051
406904.0625;5863836.5;-3969.068848
406964.375;5863836.5;-3970.523193
407024.6563;5863836.5;-3971.949219
407084.9688;5863836.5;-3973.369141
407145.2813;5863836.5;-3974.776855
407205.5625;5863836.5;-3976.152588
407265.875;5863836.5;-3977.515625
407326.1875;5863836.5;-3978.859131
407386.4688;5863836.5;-3980.170166
407446.7813;5863836.5;-3981.463135
407507.0625;5863836.5;-3982.734131
407567.375;5863836.5;-3983.96582
407627.6875;5863836.5;-3985.170654
407687.9688;5863836.5;-3986.351807
407748.2813;5863836.5;-3987.497559
407808.5938;5863836.5;-3988.60498
407868.875;5863836.5;-3989.677002
407929.1875;5863836.5;-3990.713867
407989.4688;5863836.5;-3991.720703
408049.7813;5863836.5;-3992.693359
408110.0938;5863836.5;-3993.62793
408170.375;5863836.5;-3994.526367
408230.6875;5863836.5;-3995.38916
408291;5863836.5;-3996.207031
408351.2813;5863836.5;-3996.989746
408411.5938;5863836.5;-3997.745117
408471.875;5863836.5;-3998.463867
408532.1875;5863836.5;-3999.133789
408592.5;5863836.5;-3999.768311
408652.7813;5863836.5;-4000.371582
408713.0938;5863836.5;-4000.94043
408773.4063;5863836.5;-4001.468506
408833.6875;5863836.5;-4001.959229
408894;5863836.5;-4002.416504
408954.2813;5863836.5;-4002.843018
409014.5938;5863836.5;-4003.23291
409074.9063;5863836.5;-4003.587158
409135.1875;5863836.5;-4003.911377
409195.5;5863836.5;-4004.200195
409255.8125;5863836.5;-4004.447021
409316.0938;5863836.5;-4004.663574
409376.4063;5863836.5;-4004.852539
401356.4063;5863897;-4044.773438
401416.6875;5863897;-4044.493408
401477;5863897;-4044.18042
401537.3125;5863897;-4043.925537
401597.5938;5863897;-4044.018555
401657.9063;5863897;-4044.797607
401718.2188;5863897;-4046.436035
401778.5;5863897;-4049.315674
401838.8125;5863897;-4054.347656
401899.0938;5863897;-4060.185547
401959.4063;5863897;-4064.519531
402019.7188;5863897;-4063.44165
402080;5863897;-4056.527344
402140.3125;5863897;-4048.979004
402200.625;5863897;-4042.78833
402260.9063;5863897;-4039.943359
402321.2188;5863897;-4036.602051
402381.5;5863897;-4030.179443
402441.8125;5863897;-4024.246582
402502.125;5863897;-4020.70752
402562.4063;5863897;-4019.316406
402622.7188;5863897;-4019.139648
402683.0313;5863897;-4019.25
402743.3125;5863897;-4018.883545
402803.625;5863897;-4017.971924
402863.9063;5863897;-4017.180908
402924.2188;5863897;-4016.861084
402984.5313;5863897;-4017.17749
403044.8125;5863897;-4017.669922
403105.125;5863897;-4017.916992
403165.4375;5863897;-4018.081055
403225.7188;5863897;-4018.297607
403286.0313;5863897;-4018.583008
403346.3125;5863897;-4018.87207
403406.625;5863897;-4019.020508
403466.9375;5863897;-4018.825439
403527.2188;5863897;-4018.295898
403587.5313;5863897;-4017.552979
403647.8438;5863897;-4016.606201
403708.125;5863897;-4015.547119
403768.4375;5863897;-4014.363037
403828.7188;5863897;-4012.940674
403889.0313;5863897;-4011.2146
403949.3438;5863897;-4009.007568
404009.625;5863897;-4006.164551
404069.9375;5863897;-4002.861084
404130.25;5863897;-3999.183105
404190.5313;5863897;-3995.138184
404250.8438;5863897;-3990.869141
404311.125;5863897;-3986.572754
404371.4375;5863897;-3982.360107
404431.75;5863897;-3978.325439
404492.0313;5863897;-3974.532715
404552.3438;5863897;-3970.995361
404612.625;5863897;-3967.716064
404672.9375;5863897;-3964.655273
404733.25;5863897;-3961.78833
404793.5313;5863897;-3959.082031
404853.8438;5863897;-3956.434814
404914.1563;5863897;-3953.847656
404974.4375;5863897;-3951.335693
405034.75;5863897;-3948.835205
405095.0313;5863897;-3946.367676
405155.3438;5863897;-3944.036133
405215.6563;5863897;-3941.859619
405275.9375;5863897;-3939.874268
405336.25;5863897;-3938.489014
405396.5625;5863897;-3937.697998
405456.8438;5863897;-3937.625244
405517.1563;5863897;-3938.201416
405577.4375;5863897;-3939.294189
405637.75;5863897;-3940.723389
405698.0625;5863897;-3936.313721
405758.3438;5863897;-3937.236328
405818.6563;5863897;-3938.140869
405878.9688;5863897;-3939.315674
405939.25;5863897;-3940.708252
405999.5625;5863897;-3942.250488
406059.8438;5863897;-3944.057861
406120.1563;5863897;-3946.047607
406180.4688;5863897;-3948.083984
406240.75;5863897;-3950.127441
406301.0625;5863897;-3952.137207
406361.375;5863897;-3954.064941
406421.6563;5863897;-3955.909912
406481.9688;5863897;-3957.687256
406542.25;5863897;-3959.39917
406602.5625;5863897;-3961.028564
406662.875;5863897;-3962.588623
406723.1563;5863897;-3964.127441
406783.4688;5863897;-3965.635498
406843.7813;5863897;-3967.098145
406904.0625;5863897;-3968.550537
406964.375;5863897;-3969.988281
407024.6563;5863897;-3971.392822
407084.9688;5863897;-3972.789795
407145.2813;5863897;-3974.173096
407205.5625;5863897;-3975.52002
407265.875;5863897;-3976.853516
407326.1875;5863897;-3978.166504
407386.4688;5863897;-3979.446777
407446.7813;5863897;-3980.709473
407507.0625;5863897;-3981.951172
407567.375;5863897;-3983.154541
407627.6875;5863897;-3984.33252
407687.9688;5863897;-3985.488281
407748.2813;5863897;-3986.610596
407808.5938;5863897;-3987.696289
407868.875;5863897;-3988.749756
407929.1875;5863897;-3989.768311
407989.4688;5863897;-3990.759277
408049.7813;5863897;-3991.717529
408110.0938;5863897;-3992.63916
408170.375;5863897;-3993.526367
408230.6875;5863897;-3994.378906
408291;5863897;-3995.188477
408351.2813;5863897;-3995.964355
408411.5938;5863897;-3996.713135
408471.875;5863897;-3997.427246
408532.1875;5863897;-3998.092773
408592.5;5863897;-3998.724365
408652.7813;5863897;-3999.325195
408713.0938;5863897;-3999.892578
408773.4063;5863897;-4000.420166
408833.6875;5863897;-4000.9104
408894;5863897;-4001.36792
408954.2813;5863897;-4001.794678
409014.5938;5863897;-4002.185303
409074.9063;5863897;-4002.541504
409135.1875;5863897;-4002.866699
409195.5;5863897;-4003.157227
409255.8125;5863897;-4003.405518
409316.0938;5863897;-4003.623779
409376.4063;5863897;-4003.814209
401356.4063;5863957.5;-4045.721924
401416.6875;5863957.5;-4045.438477
401477;5863957.5;-4045.123047
401537.3125;5863957.5;-4044.845703
401597.5938;5863957.5;-4044.865723
401657.9063;5863957.5;-4045.517578
401718.2188;5863957.5;-4046.986328
401778.5;5863957.5;-4049.643555
401838.8125;5863957.5;-4054.353516
401899.0938;5863957.5;-4059.670654
401959.4063;5863957.5;-4063.452148
402019.7188;5863957.5;-4063.218018
402080;5863957.5;-4058.704346
402140.3125;5863957.5;-4053.487549
402200.625;5863957.5;-4049.079834
402260.9063;5863957.5;-4045.954834
402321.2188;5863957.5;-4041.839111
402381.5;5863957.5;-4035.981445
402441.8125;5863957.5;-4029.63208
402502.125;5863957.5;-4025.195801
402562.4063;5863957.5;-4023.3125
402622.7188;5863957.5;-4022.599365
402683.0313;5863957.5;-4022.054932
402743.3125;5863957.5;-4021.060303
402803.625;5863957.5;-4019.719971
402863.9063;5863957.5;-4018.601563
402924.2188;5863957.5;-4017.955078
402984.5313;5863957.5;-4017.910156
403044.8125;5863957.5;-4018.152344
403105.125;5863957.5;-4018.298828
403165.4375;5863957.5;-4018.43457
403225.7188;5863957.5;-4018.576416
403286.0313;5863957.5;-4018.649658
403346.3125;5863957.5;-4018.658936
403406.625;5863957.5;-4018.531494
403466.9375;5863957.5;-4018.130615
403527.2188;5863957.5;-4017.481689
403587.5313;5863957.5;-4016.658936
403647.8438;5863957.5;-4015.638184
403708.125;5863957.5;-4014.476318
403768.4375;5863957.5;-4013.150391
403828.7188;5863957.5;-4011.582764
403889.0313;5863957.5;-4009.737305
403949.3438;5863957.5;-4007.486816
404009.625;5863957.5;-4004.724854
404069.9375;5863957.5;-4001.60083
404130.25;5863957.5;-3998.182373
404190.5313;5863957.5;-3994.467041
404250.8438;5863957.5;-3990.55249
404311.125;5863957.5;-3986.590576
404371.4375;5863957.5;-3982.671387
404431.75;5863957.5;-3978.867676
404492.0313;5863957.5;-3975.230225
404552.3438;5863957.5;-3971.783936
404612.625;5863957.5;-3968.535889
404672.9375;5863957.5;-3965.458252
404733.25;5863957.5;-3962.544922
404793.5313;5863957.5;-3959.780029
404853.8438;5863957.5;-3957.078613
404914.1563;5863957.5;-3954.457275
404974.4375;5863957.5;-3951.946533
405034.75;5863957.5;-3949.486328
405095.0313;5863957.5;-3947.099854
405155.3438;5863957.5;-3944.890869
405215.6563;5863957.5;-3942.909668
405275.9375;5863957.5;-3941.186279
405336.25;5863957.5;-3940.006592
405396.5625;5863957.5;-3939.297119
405456.8438;5863957.5;-3939.157715
405517.1563;5863957.5;-3939.57373
405577.4375;5863957.5;-3940.420166
405637.75;5863957.5;-3936.573486
405698.0625;5863957.5;-3937.299561
405758.3438;5863957.5;-3938.103516
405818.6563;5863957.5;-3938.959961
405878.9688;5863957.5;-3940.12085
405939.25;5863957.5;-3941.483398
405999.5625;5863957.5;-3942.962891
406059.8438;5863957.5;-3944.68457
406120.1563;5863957.5;-3946.555176
406180.4688;5863957.5;-3948.448975
406240.75;5863957.5;-3950.352539
406301.0625;5863957.5;-3952.233887
406361.375;5863957.5;-3954.04834
406421.6563;5863957.5;-3955.800049
406481.9688;5863957.5;-3957.501465
406542.25;5863957.5;-3959.154053
406602.5625;5863957.5;-3960.739258
406662.875;5863957.5;-3962.264648
406723.1563;5863957.5;-3963.772705
406783.4688;5863957.5;-3965.25415
406843.7813;5863957.5;-3966.690674
406904.0625;5863957.5;-3968.117676
406964.375;5863957.5;-3969.530029
407024.6563;5863957.5;-3970.906738
407084.9688;5863957.5;-3972.274902
407145.2813;5863957.5;-3973.628906
407205.5625;5863957.5;-3974.944336
407265.875;5863957.5;-3976.24585
407326.1875;5863957.5;-3977.52832
407386.4688;5863957.5;-3978.777588
407446.7813;5863957.5;-3980.009033
407507.0625;5863957.5;-3981.221924
407567.375;5863957.5;-3982.397949
407627.6875;5863957.5;-3983.549316
407687.9688;5863957.5;-3984.680176
407748.2813;5863957.5;-3985.779053
407808.5938;5863957.5;-3986.843262
407868.875;5863957.5;-3987.876953
407929.1875;5863957.5;-3988.878174
407989.4688;5863957.5;-3989.852051
408049.7813;5863957.5;-3990.795654
408110.0938;5863957.5;-3991.703613
408170.375;5863957.5;-3992.578613
408230.6875;5863957.5;-3993.420166
408291;5863957.5;-3994.219727
408351.2813;5863957.5;-3994.987061
408411.5938;5863957.5;-3995.72876
408471.875;5863957.5;-3996.436035
408532.1875;5863957.5;-3997.096436
408592.5;5863957.5;-3997.723633
408652.7813;5863957.5;-3998.320557
408713.0938;5863957.5;-3998.885498
408773.4063;5863957.5;-3999.410645
408833.6875;5863957.5;-3999.899414
408894;5863957.5;-4000.355469
408954.2813;5863957.5;-4000.781494
409014.5938;5863957.5;-4001.171875
409074.9063;5863957.5;-4001.527588
409135.1875;5863957.5;-4001.853271
409195.5;5863957.5;-4002.143799
409255.8125;5863957.5;-4002.392578
409316.0938;5863957.5;-4002.611572
409376.4063;5863957.5;-4002.802979
401356.4063;5864018;-4046.784668
401416.6875;5864018;-4046.531738
401477;5864018;-4046.267334
401537.3125;5864018;-4046.043945
401597.5938;5864018;-4046.079346
401657.9063;5864018;-4046.670654
401718.2188;5864018;-4048.010498
401778.5;5864018;-4050.359863
401838.8125;5864018;-4054.118164
401899.0938;5864018;-4058.076904
401959.4063;5864018;-4060.748779
402019.7188;5864018;-4060.758057
402080;5864018;-4057.98584
402140.3125;5864018;-4054.622314
402200.625;5864018;-4051.55542
402260.9063;5864018;-4048.83374
402321.2188;5864018;-4045.137695
402381.5;5864018;-4040.153809
402441.8125;5864018;-4034.677979
402502.125;5864018;-4030.280029
402562.4063;5864018;-4027.81665
402622.7188;5864018;-4026.157471
402683.0313;5864018;-4024.597656
402743.3125;5864018;-4022.842529
402803.625;5864018;-4021.115234
402863.9063;5864018;-4019.77124
402924.2188;5864018;-4018.924805
402984.5313;5864018;-4018.643311
403044.8125;5864018;-4018.673096
403105.125;5864018;-4018.666748
403165.4375;5864018;-4018.67627
403225.7188;5864018;-4018.673096
403286.0313;5864018;-4018.547363
403346.3125;5864018;-4018.337402
403406.625;5864018;-4018.008301
403466.9375;5864018;-4017.457275
403527.2188;5864018;-4016.712891
403587.5313;5864018;-4015.81665
403647.8438;5864018;-4014.726563
403708.125;5864018;-4013.480225
403768.4375;5864018;-4012.053711
403828.7188;5864018;-4010.393066
403889.0313;5864018;-4008.480469
403949.3438;5864018;-4006.222656
404009.625;5864018;-4003.544434
404069.9375;5864018;-4000.573486
404130.25;5864018;-3997.366211
404190.5313;5864018;-3993.913818
404250.8438;5864018;-3990.283936
404311.125;5864018;-3986.59668
404371.4375;5864018;-3982.925537
404431.75;5864018;-3979.325684
404492.0313;5864018;-3975.838135
404552.3438;5864018;-3972.492188
404612.625;5864018;-3969.299805
404672.9375;5864018;-3966.238281
404733.25;5864018;-3963.317871
404793.5313;5864018;-3960.534424
404853.8438;5864018;-3957.818848
404914.1563;5864018;-3955.199707
404974.4375;5864018;-3952.719971
405034.75;5864018;-3950.324463
405095.0313;5864018;-3948.035645
405155.3438;5864018;-3945.953125
405215.6563;5864018;-3944.136475
405275.9375;5864018;-3942.600342
405336.25;5864018;-3941.553955
405396.5625;5864018;-3940.910156
405456.8438;5864018;-3940.719971
405517.1563;5864018;-3941.020996
405577.4375;5864018;-3937.816895
405637.75;5864018;-3938.053955
405698.0625;5864018;-3938.61377
405758.3438;5864018;-3939.297119
405818.6563;5864018;-3940.073242
405878.9688;5864018;-3941.165283
405939.25;5864018;-3942.444092
405999.5625;5864018;-3943.817627
406059.8438;5864018;-3945.418213
406120.1563;5864018;-3947.147949
406180.4688;5864018;-3948.889893
406240.75;5864018;-3950.652588
406301.0625;5864018;-3952.407715
406361.375;5864018;-3954.112793
406421.6563;5864018;-3955.773193
406481.9688;5864018;-3957.400879
406542.25;5864018;-3958.992676
406602.5625;5864018;-3960.530518
406662.875;5864018;-3962.016113
406723.1563;5864018;-3963.489258
406783.4688;5864018;-3964.937744
406843.7813;5864018;-3966.343262
406904.0625;5864018;-3967.740479
406964.375;5864018;-3969.122803
407024.6563;5864018;-3970.468506
407084.9688;5864018;-3971.805664
407145.2813;5864018;-3973.128174
407205.5625;5864018;-3974.411133
407265.875;5864018;-3975.68042
407326.1875;5864018;-3976.931152
407386.4688;5864018;-3978.149902
407446.7813;5864018;-3979.351807
407507.0625;5864018;-3980.535645
407567.375;5864018;-3981.684326
407627.6875;5864018;-3982.810303
407687.9688;5864018;-3983.916992
407748.2813;5864018;-3984.993164
407808.5938;5864018;-3986.036377
407868.875;5864018;-3987.050293
407929.1875;5864018;-3988.033691
407989.4688;5864018;-3988.990723
408049.7813;5864018;-3989.918457
408110.0938;5864018;-3990.812988
408170.375;5864018;-3991.675049
408230.6875;5864018;-3992.505859
408291;5864018;-3993.29541
408351.2813;5864018;-3994.053955
408411.5938;5864018;-3994.786865
408471.875;5864018;-3995.487061
408532.1875;5864018;-3996.141846
408592.5;5864018;-3996.763916
408652.7813;5864018;-3997.356689
408713.0938;5864018;-3997.917725
408773.4063;5864018;-3998.439697
408833.6875;5864018;-3998.926514
408894;5864018;-3999.380859
408954.2813;5864018;-3999.805664
409014.5938;5864018;-4000.195068
409074.9063;5864018;-4000.550293
409135.1875;5864018;-4000.875488
409195.5;5864018;-4001.166748
409255.8125;5864018;-4001.415527
409316.0938;5864018;-4001.634521
409376.4063;5864018;-4001.826416
401356.4063;5864078.5;-4047.878418
401416.6875;5864078.5;-4047.668457
401477;5864078.5;-4047.477295
401537.3125;5864078.5;-4047.341064
401597.5938;5864078.5;-4047.421875
401657.9063;5864078.5;-4047.938721
401718.2188;5864078.5;-4049.033203
401778.5;5864078.5;-4050.863281
401838.8125;5864078.5;-4053.511719
401899.0938;5864078.5;-4056.116699
401959.4063;5864078.5;-4057.768799
402019.7188;5864078.5;-4057.615723
402080;5864078.5;-4055.607666
402140.3125;5864078.5;-4053.16748
402200.625;5864078.5;-4050.816162
402260.9063;5864078.5;-4048.499268
402321.2188;5864078.5;-4045.467285
402381.5;5864078.5;-4041.560547
402441.8125;5864078.5;-4037.22876
402502.125;5864078.5;-4033.337646
402562.4063;5864078.5;-4030.56543
402622.7188;5864078.5;-4028.228271
402683.0313;5864078.5;-4026.010254
402743.3125;5864078.5;-4023.874512
402803.625;5864078.5;-4022.049805
402863.9063;5864078.5;-4020.681641
402924.2188;5864078.5;-4019.780518
402984.5313;5864078.5;-4019.364014
403044.8125;5864078.5;-4019.214111
403105.125;5864078.5;-4019.036377
403165.4375;5864078.5;-4018.874023
403225.7188;5864078.5;-4018.69165
403286.0313;5864078.5;-4018.379883
403346.3125;5864078.5;-4017.988281
403406.625;5864078.5;-4017.498535
403466.9375;5864078.5;-4016.826172
403527.2188;5864078.5;-4015.994141
403587.5313;5864078.5;-4015.024414
403647.8438;5864078.5;-4013.867432
403708.125;5864078.5;-4012.550537
403768.4375;5864078.5;-4011.05127
403828.7188;5864078.5;-4009.331787
403889.0313;5864078.5;-4007.386475
403949.3438;5864078.5;-4005.143311
404009.625;5864078.5;-4002.548584
404069.9375;5864078.5;-3999.712158
404130.25;5864078.5;-3996.681885
404190.5313;5864078.5;-3993.445068
404250.8438;5864078.5;-3990.049316
404311.125;5864078.5;-3986.592041
404371.4375;5864078.5;-3983.133057
404431.75;5864078.5;-3979.714355
404492.0313;5864078.5;-3976.369385
404552.3438;5864078.5;-3973.128418
404612.625;5864078.5;-3970.006836
404672.9375;5864078.5;-3966.987793
404733.25;5864078.5;-3964.089844
404793.5313;5864078.5;-3961.319336
404853.8438;5864078.5;-3958.618652
404914.1563;5864078.5;-3956.026855
404974.4375;5864078.5;-3953.594238
405034.75;5864078.5;-3951.269043
405095.0313;5864078.5;-3949.073486
405155.3438;5864078.5;-3947.103027
405215.6563;5864078.5;-3945.412354
405275.9375;5864078.5;-3944.007568
405336.25;5864078.5;-3943.032959
405396.5625;5864078.5;-3942.415039
405456.8438;5864078.5;-3942.172607
405517.1563;5864078.5;-3939.655762
405577.4375;5864078.5;-3939.473145
405637.75;5864078.5;-3939.573975
405698.0625;5864078.5;-3940.003906
405758.3438;5864078.5;-3940.576416
405818.6563;5864078.5;-3941.258057
405878.9688;5864078.5;-3942.253174
405939.25;5864078.5;-3943.419922
405999.5625;5864078.5;-3944.665283
406059.8438;5864078.5;-3946.13208
406120.1563;5864078.5;-3947.720215
406180.4688;5864078.5;-3949.317383
406240.75;5864078.5;-3950.950195
406301.0625;5864078.5;-3952.592529
406361.375;5864078.5;-3954.199707
406421.6563;5864078.5;-3955.780029
406481.9688;5864078.5;-3957.339355
406542.25;5864078.5;-3958.875
406602.5625;5864078.5;-3960.366455
406662.875;5864078.5;-3961.812744
406723.1563;5864078.5;-3963.249512
406783.4688;5864078.5;-3964.664063
406843.7813;5864078.5;-3966.036621
406904.0625;5864078.5;-3967.402344
406964.375;5864078.5;-3968.75293
407024.6563;5864078.5;-3970.066406
407084.9688;5864078.5;-3971.37085
407145.2813;5864078.5;-3972.661133
407205.5625;5864078.5;-3973.912109
407265.875;5864078.5;-3975.149902
407326.1875;5864078.5;-3976.369873
407386.4688;5864078.5;-3977.557861
407446.7813;5864078.5;-3978.731201
407507.0625;5864078.5;-3979.886719
407567.375;5864078.5;-3981.009033
407627.6875;5864078.5;-3982.110107
407687.9688;5864078.5;-3983.193359
407748.2813;5864078.5;-3984.246826
407808.5938;5864078.5;-3985.269531
407868.875;5864078.5;-3986.264404
407929.1875;5864078.5;-3987.22998
407989.4688;5864078.5;-3988.170898
408049.7813;5864078.5;-3989.083496
408110.0938;5864078.5;-3989.963867
408170.375;5864078.5;-3990.813477
408230.6875;5864078.5;-3991.632568
408291;5864078.5;-3992.412354
408351.2813;5864078.5;-3993.161865
408411.5938;5864078.5;-3993.886719
408471.875;5864078.5;-3994.57959
408532.1875;5864078.5;-3995.228027
408592.5;5864078.5;-3995.844482
408652.7813;5864078.5;-3996.433105
408713.0938;5864078.5;-3996.98999
408773.4063;5864078.5;-3997.509277
408833.6875;5864078.5;-3997.993652
408894;5864078.5;-3998.446045
408954.2813;5864078.5;-3998.869873
409014.5938;5864078.5;-3999.258301
409074.9063;5864078.5;-3999.612549
409135.1875;5864078.5;-3999.937744
409195.5;5864078.5;-4000.22876
409255.8125;5864078.5;-4000.477295
409316.0938;5864078.5;-4000.696777
409376.4063;5864078.5;-4000.888672
401356.4063;5864139.5;-4048.918945
401416.6875;5864139.5;-4048.739014
401477;5864139.5;-4048.607422
401537.3125;5864139.5;-4048.544678
401597.5938;5864139.5;-4048.658447
401657.9063;5864139.5;-4049.083008
401718.2188;5864139.5;-4049.894531
401778.5;5864139.5;-4051.161865
401838.8125;5864139.5;-4052.837891
401899.0938;5864139.5;-4054.350586
401959.4063;5864139.5;-4055.16333
402019.7188;5864139.5;-4054.746826
402080;5864139.5;-4053.064453
402140.3125;5864139.5;-4051.033936
402200.625;5864139.5;-4048.98291
402260.9063;5864139.5;-4046.895264
402321.2188;5864139.5;-4044.367676
402381.5;5864139.5;-4041.297852
402441.8125;5864139.5;-4037.867432
402502.125;5864139.5;-4034.519775
402562.4063;5864139.5;-4031.695801
402622.7188;5864139.5;-4029.10376
402683.0313;5864139.5;-4026.678955
402743.3125;5864139.5;-4024.512207
402803.625;5864139.5;-4022.788086
402863.9063;5864139.5;-4021.503174
402924.2188;5864139.5;-4020.608643
402984.5313;5864139.5;-4020.094482
403044.8125;5864139.5;-4019.779297
403105.125;5864139.5;-4019.428467
403165.4375;5864139.5;-4019.085938
403225.7188;5864139.5;-4018.720459
403286.0313;5864139.5;-4018.234863
403346.3125;5864139.5;-4017.680664
403406.625;5864139.5;-4017.048096
403466.9375;5864139.5;-4016.263672
403527.2188;5864139.5;-4015.34375
403587.5313;5864139.5;-4014.299561
403647.8438;5864139.5;-4013.077637
403708.125;5864139.5;-4011.698486
403768.4375;5864139.5;-4010.143799
403828.7188;5864139.5;-4008.385254
403889.0313;5864139.5;-4006.424805
403949.3438;5864139.5;-4004.208008
404009.625;5864139.5;-4001.693359
404069.9375;5864139.5;-3998.977783
404130.25;5864139.5;-3996.101318
404190.5313;5864139.5;-3993.048828
404250.8438;5864139.5;-3989.854736
404311.125;5864139.5;-3986.59668
404371.4375;5864139.5;-3983.324219
404431.75;5864139.5;-3980.070801
404492.0313;5864139.5;-3976.86084
404552.3438;5864139.5;-3973.727783
404612.625;5864139.5;-3970.687012
404672.9375;5864139.5;-3967.727295
404733.25;5864139.5;-3964.873047
404793.5313;5864139.5;-3962.137451
404853.8438;5864139.5;-3959.473389
404914.1563;5864139.5;-3956.925049
404974.4375;5864139.5;-3954.547363
405034.75;5864139.5;-3952.29126
405095.0313;5864139.5;-3950.177734
405155.3438;5864139.5;-3948.289307
405215.6563;5864139.5;-3946.686523
405275.9375;5864139.5;-3945.360352
405336.25;5864139.5;-3944.380371
405396.5625;5864139.5;-3943.720215
405456.8438;5864139.5;-3941.891602
405517.1563;5864139.5;-3941.386475
405577.4375;5864139.5;-3941.151367
405637.75;5864139.5;-3941.18335
405698.0625;5864139.5;-3941.527588
405758.3438;5864139.5;-3942.018311
405818.6563;5864139.5;-3942.623047
405878.9688;5864139.5;-3943.520996
405939.25;5864139.5;-3944.574951
405999.5625;5864139.5;-3945.695557
406059.8438;5864139.5;-3947.026123
406120.1563;5864139.5;-3948.469482
406180.4688;5864139.5;-3949.923096
406240.75;5864139.5;-3951.424316
406301.0625;5864139.5;-3952.948242
406361.375;5864139.5;-3954.451416
406421.6563;5864139.5;-3955.941406
406481.9688;5864139.5;-3957.42334
406542.25;5864139.5;-3958.889648
406602.5625;5864139.5;-3960.322998
406662.875;5864139.5;-3961.718994
406723.1563;5864139.5;-3963.108643
406783.4688;5864139.5;-3964.478516
406843.7813;5864139.5;-3965.811035
406904.0625;5864139.5;-3967.137207
406964.375;5864139.5;-3968.450195
407024.6563;5864139.5;-3969.726318
407084.9688;5864139.5;-3970.994629
407145.2813;5864139.5;-3972.249268
407205.5625;5864139.5;-3973.46582
407265.875;5864139.5;-3974.669922
407326.1875;5864139.5;-3975.857666
407386.4688;5864139.5;-3977.014893
407446.7813;5864139.5;-3978.158447
407507.0625;5864139.5;-3979.285645
407567.375;5864139.5;-3980.381592
407627.6875;5864139.5;-3981.45752
407687.9688;5864139.5;-3982.516357
407748.2813;5864139.5;-3983.547119
407808.5938;5864139.5;-3984.548828
407868.875;5864139.5;-3985.524658
407929.1875;5864139.5;-3986.472168
407989.4688;5864139.5;-3987.395752
408049.7813;5864139.5;-3988.29248
408110.0938;5864139.5;-3989.158203
408170.375;5864139.5;-3989.994873
408230.6875;5864139.5;-3990.801758
408291;5864139.5;-3991.571045
408351.2813;5864139.5;-3992.310303
408411.5938;5864139.5;-3993.026123
408471.875;5864139.5;-3993.710693
408532.1875;5864139.5;-3994.353027
408592.5;5864139.5;-3994.963135
408652.7813;5864139.5;-3995.545898
408713.0938;5864139.5;-3996.098145
408773.4063;5864139.5;-3996.613525
408833.6875;5864139.5;-3997.094238
408894;5864139.5;-3997.543945
408954.2813;5864139.5;-3997.965332
409014.5938;5864139.5;-3998.352051
409074.9063;5864139.5;-3998.705078
409135.1875;5864139.5;-3999.028564
409195.5;5864139.5;-3999.318604
409255.8125;5864139.5;-3999.566895
409316.0938;5864139.5;-3999.786377
409376.4063;5864139.5;-3999.977783
401356.4063;5864200;-4049.859619
401416.6875;5864200;-4049.689941
401477;5864200;-4049.589355
401537.3125;5864200;-4049.567383
401597.5938;5864200;-4049.685303
401657.9063;5864200;-4050.004395
401718.2188;5864200;-4050.549561
401778.5;5864200;-4051.325195
401838.8125;5864200;-4052.238037
401899.0938;5864200;-4052.932617
401959.4063;5864200;-4053.102539
402019.7188;5864200;-4052.427734
402080;5864200;-4050.868896
402140.3125;5864200;-4049.006592
402200.625;5864200;-4047.057129
402260.9063;5864200;-4045.043945
402321.2188;5864200;-4042.790771
402381.5;5864200;-4040.228027
402441.8125;5864200;-4037.399902
402502.125;5864200;-4034.513428
402562.4063;5864200;-4031.839111
402622.7188;5864200;-4029.318604
402683.0313;5864200;-4027.002686
402743.3125;5864200;-4025.016846
402803.625;5864200;-4023.47876
402863.9063;5864200;-4022.305908
402924.2188;5864200;-4021.42627
402984.5313;5864200;-4020.817627
403044.8125;5864200;-4020.339355
403105.125;5864200;-4019.817871
403165.4375;5864200;-4019.297363
403225.7188;5864200;-4018.755371
403286.0313;5864200;-4018.109863
403346.3125;5864200;-4017.409424
403406.625;5864200;-4016.647217
403466.9375;5864200;-4015.756348
403527.2188;5864200;-4014.750732
403587.5313;5864200;-4013.632568
403647.8438;5864200;-4012.349365
403708.125;5864200;-4010.916992
403768.4375;5864200;-4009.319824
403828.7188;5864200;-4007.536621
403889.0313;5864200;-4005.574219
403949.3438;5864200;-4003.389893
404009.625;5864200;-4000.951904
404069.9375;5864200;-3998.344482
404130.25;5864200;-3995.601807
404190.5313;5864200;-3992.708496
404250.8438;5864200;-3989.687012
404311.125;5864200;-3986.602783
404371.4375;5864200;-3983.495361
404431.75;5864200;-3980.391357
404492.0313;5864200;-3977.311035
404552.3438;5864200;-3974.286621
404612.625;5864200;-3971.334961
404672.9375;5864200;-3968.448242
404733.25;5864200;-3965.655518
404793.5313;5864200;-3962.973877
404853.8438;5864200;-3960.364258
404914.1563;5864200;-3957.874268
404974.4375;5864200;-3955.558105
405034.75;5864200;-3953.37207
405095.0313;5864200;-3951.33252
405155.3438;5864200;-3949.504395
405215.6563;5864200;-3947.961426
405275.9375;5864200;-3946.679688
405336.25;5864200;-3945.644043
405396.5625;5864200;-3944.310059
405456.8438;5864200;-3943.563965
405517.1563;5864200;-3943.071777
405577.4375;5864200;-3942.820068
405637.75;5864200;-3942.81958
405698.0625;5864200;-3943.101807
405758.3438;5864200;-3943.525879
405818.6563;5864200;-3944.061035
405878.9688;5864200;-3944.862549
405939.25;5864200;-3945.802979
405999.5625;5864200;-3946.804688
406059.8438;5864200;-3948.000732
406120.1563;5864200;-3949.303223
406180.4688;5864200;-3950.62085
406240.75;5864200;-3951.993408
406301.0625;5864200;-3953.401611
406361.375;5864200;-3954.799072
406421.6563;5864200;-3956.196533
406481.9688;5864200;-3957.59668
406542.25;5864200;-3958.989014
406602.5625;5864200;-3960.358154
406662.875;5864200;-3961.698242
406723.1563;5864200;-3963.034912
406783.4688;5864200;-3964.35498
406843.7813;5864200;-3965.642578
406904.0625;5864200;-3966.925049
406964.375;5864200;-3968.196045
407024.6563;5864200;-3969.432861
407084.9688;5864200;-3970.662598
407145.2813;5864200;-3971.879639
407205.5625;5864200;-3973.061035
407265.875;5864200;-3974.231201
407326.1875;5864200;-3975.385986
407386.4688;5864200;-3976.512451
407446.7813;5864200;-3977.626221
407507.0625;5864200;-3978.725586
407567.375;5864200;-3979.79541
407627.6875;5864200;-3980.845947
407687.9688;5864200;-3981.881104
407748.2813;5864200;-3982.889648
407808.5938;5864200;-3983.870605
407868.875;5864200;-3984.82666
407929.1875;5864200;-3985.755859
407989.4688;5864200;-3986.662354
408049.7813;5864200;-3987.542969
408110.0938;5864200;-3988.394287
408170.375;5864200;-3989.217285
408230.6875;5864200;-3990.011475
408291;5864200;-3990.769043
408351.2813;5864200;-3991.498779
408411.5938;5864200;-3992.204834
408471.875;5864200;-3992.880859
408532.1875;5864200;-3993.515137
408592.5;5864200;-3994.119141
408652.7813;5864200;-3994.696045
408713.0938;5864200;-3995.243408
408773.4063;5864200;-3995.753906
408833.6875;5864200;-3996.230713
408894;5864200;-3996.677002
408954.2813;5864200;-3997.095947
409014.5938;5864200;-3997.479492
409074.9063;5864200;-3997.830811
409135.1875;5864200;-3998.152344
409195.5;5864200;-3998.440918
409255.8125;5864200;-3998.688721
409316.0938;5864200;-3998.907227
409376.4063;5864200;-3999.098633
401356.4063;5864260.5;-4050.649902
401416.6875;5864260.5;-4050.464355
401477;5864260.5;-4050.357666
401537.3125;5864260.5;-4050.331787
401597.5938;5864260.5;-4050.41748
401657.9063;5864260.5;-4050.627441
401718.2188;5864260.5;-4050.952637
401778.5;5864260.5;-4051.36499
401838.8125;5864260.5;-4051.758057
401899.0938;5864260.5;-4051.917969
401959.4063;5864260.5;-4051.666992
402019.7188;5864260.5;-4050.802979
402080;5864260.5;-4049.283936
402140.3125;5864260.5;-4047.489258
402200.625;5864260.5;-4045.563477
402260.9063;5864260.5;-4043.543945
402321.2188;5864260.5;-4041.387207
402381.5;5864260.5;-4039.070313
402441.8125;5864260.5;-4036.593994
402502.125;5864260.5;-4034.062012
402562.4063;5864260.5;-4031.64502
402622.7188;5864260.5;-4029.374268
402683.0313;5864260.5;-4027.31958
402743.3125;5864260.5;-4025.581299
402803.625;5864260.5;-4024.217285
402863.9063;5864260.5;-4023.119873
402924.2188;5864260.5;-4022.220459
402984.5313;5864260.5;-4021.499268
403044.8125;5864260.5;-4020.855469
403105.125;5864260.5;-4020.168457
403165.4375;5864260.5;-4019.480225
403225.7188;5864260.5;-4018.775635
403286.0313;5864260.5;-4017.988525
403346.3125;5864260.5;-4017.159424
403406.625;5864260.5;-4016.281982
403466.9375;5864260.5;-4015.293945
403527.2188;5864260.5;-4014.207031
403587.5313;5864260.5;-4013.018066
403647.8438;5864260.5;-4011.678223
403708.125;5864260.5;-4010.201172
403768.4375;5864260.5;-4008.573486
403828.7188;5864260.5;-4006.778076
403889.0313;5864260.5;-4004.82373
403949.3438;5864260.5;-4002.676514
404009.625;5864260.5;-4000.310059
404069.9375;5864260.5;-3997.797852
404130.25;5864260.5;-3995.169922
404190.5313;5864260.5;-3992.410889
404250.8438;5864260.5;-3989.536133
404311.125;5864260.5;-3986.600098
404371.4375;5864260.5;-3983.637451
404431.75;5864260.5;-3980.668457
404492.0313;5864260.5;-3977.710449
404552.3438;5864260.5;-3974.79541
404612.625;5864260.5;-3971.939209
404672.9375;5864260.5;-3969.138428
404733.25;5864260.5;-3966.424072
404793.5313;5864260.5;-3963.812988
404853.8438;5864260.5;-3961.274902
404914.1563;5864260.5;-3958.856689
404974.4375;5864260.5;-3956.609375
405034.75;5864260.5;-3954.495361
405095.0313;5864260.5;-3952.525391
405155.3438;5864260.5;-3950.744873
405215.6563;5864260.5;-3949.241455
405275.9375;5864260.5;-3947.982666
405336.25;5864260.5;-3946.778076
405396.5625;5864260.5;-3945.845703
405456.8438;5864260.5;-3945.174805
405517.1563;5864260.5;-3944.697754
405577.4375;5864260.5;-3944.439941
405637.75;5864260.5;-3944.41748
405698.0625;5864260.5;-3944.642578
405758.3438;5864260.5;-3945
405818.6563;5864260.5;-3945.463135
405878.9688;5864260.5;-3946.164795
405939.25;5864260.5;-3946.993896
405999.5625;5864260.5;-3947.878418
406059.8438;5864260.5;-3948.947021
406120.1563;5864260.5;-3950.119873
406180.4688;5864260.5;-3951.3125
406240.75;5864260.5;-3952.570313
406301.0625;5864260.5;-3953.871582
406361.375;5864260.5;-3955.171631
406421.6563;5864260.5;-3956.481934
406481.9688;5864260.5;-3957.804199
406542.25;5864260.5;-3959.123535
406602.5625;5864260.5;-3960.428955
406662.875;5864260.5;-3961.712891
406723.1563;5864260.5;-3962.996338
406783.4688;5864260.5;-3964.265869
406843.7813;5864260.5;-3965.507568
406904.0625;5864260.5;-3966.746338
406964.375;5864260.5;-3967.974609
407024.6563;5864260.5;-3969.172119
407084.9688;5864260.5;-3970.363037
407145.2813;5864260.5;-3971.543213
407205.5625;5864260.5;-3972.690186
407265.875;5864260.5;-3973.826416
407326.1875;5864260.5;-3974.949707
407386.4688;5864260.5;-3976.046875
407446.7813;5864260.5;-3977.131592
407507.0625;5864260.5;-3978.203613
407567.375;5864260.5;-3979.247559
407627.6875;5864260.5;-3980.273926
407687.9688;5864260.5;-3981.285645
407748.2813;5864260.5;-3982.272461
407808.5938;5864260.5;-3983.23291
407868.875;5864260.5;-3984.17041
407929.1875;5864260.5;-3985.081543
407989.4688;5864260.5;-3985.97168
408049.7813;5864260.5;-3986.836426
408110.0938;5864260.5;-3987.67334
408170.375;5864260.5;-3988.482422
408230.6875;5864260.5;-3989.26416
408291;5864260.5;-3990.01123
408351.2813;5864260.5;-3990.72998
408411.5938;5864260.5;-3991.427002
408471.875;5864260.5;-3992.094482
408532.1875;5864260.5;-3992.72168
408592.5;5864260.5;-3993.318848
408652.7813;5864260.5;-3993.889404
408713.0938;5864260.5;-3994.431641
408773.4063;5864260.5;-3994.937744
408833.6875;5864260.5;-3995.4104
408894;5864260.5;-3995.853271
408954.2813;5864260.5;-3996.269287
409014.5938;5864260.5;-3996.650635
409074.9063;5864260.5;-3996.999268
409135.1875;5864260.5;-3997.319336
409195.5;5864260.5;-3997.606689
409255.8125;5864260.5;-3997.852783
409316.0938;5864260.5;-3998.06958
409376.4063;5864260.5;-3998.260498
401356.4063;5864321;-4051.253662
401416.6875;5864321;-4051.02832
401477;5864321;-4050.884521
401537.3125;5864321;-4050.817627
401597.5938;5864321;-4050.838623
401657.9063;5864321;-4050.93457
401718.2188;5864321;-4051.084961
401778.5;5864321;-4051.248047
401838.8125;5864321;-4051.321777
401899.0938;5864321;-4051.173096
401959.4063;5864321;-4050.689697
402019.7188;5864321;-4049.72876
402080;5864321;-4048.248779
402140.3125;5864321;-4046.514404
402200.625;5864321;-4044.627197
402260.9063;5864321;-4042.619629
402321.2188;5864321;-4040.513672
402381.5;5864321;-4038.328369
402441.8125;5864321;-4036.064941
402502.125;5864321;-4033.79248
402562.4063;5864321;-4031.629639
402622.7188;5864321;-4029.616699
402683.0313;5864321;-4027.802979
402743.3125;5864321;-4026.252197
402803.625;5864321;-4024.980957
402863.9063;5864321;-4023.891846
402924.2188;5864321;-4022.93042
402984.5313;5864321;-4022.085449
403044.8125;5864321;-4021.287354
403105.125;5864321;-4020.452637
403165.4375;5864321;-4019.619141
403225.7188;5864321;-4018.776611
403286.0313;5864321;-4017.869385
403346.3125;5864321;-4016.929932
403406.625;5864321;-4015.950928
403466.9375;5864321;-4014.876465
403527.2188;5864321;-4013.714355
403587.5313;5864321;-4012.46167
403647.8438;5864321;-4011.071533
403708.125;5864321;-4009.557617
403768.4375;5864321;-4007.907959
403828.7188;5864321;-4006.108398
403889.0313;5864321;-4004.167969
403949.3438;5864321;-4002.05835
404009.625;5864321;-3999.757324
404069.9375;5864321;-3997.329834
404130.25;5864321;-3994.80127
404190.5313;5864321;-3992.156738
404250.8438;5864321;-3989.408691
404311.125;5864321;-3986.602051
404371.4375;5864321;-3983.767578
404431.75;5864321;-3980.922119
404492.0313;5864321;-3978.081543
404552.3438;5864321;-3975.274902
404612.625;5864321;-3972.519287
404672.9375;5864321;-3969.813965
404733.25;5864321;-3967.188965
404793.5313;5864321;-3964.663086
404853.8438;5864321;-3962.210205
404914.1563;5864321;-3959.876953
404974.4375;5864321;-3957.709473
405034.75;5864321;-3955.673584
405095.0313;5864321;-3953.778076
405155.3438;5864321;-3952.05957
405215.6563;5864321;-3950.604736
405275.9375;5864321;-3949.37915
405336.25;5864321;-3948.259766
405396.5625;5864321;-3947.388184
405456.8438;5864321;-3946.755859
405517.1563;5864321;-3946.285156
405577.4375;5864321;-3946.017822
405637.75;5864321;-3945.969971
405698.0625;5864321;-3946.143555
405758.3438;5864321;-3946.44043
405818.6563;5864321;-3946.838379
405878.9688;5864321;-3947.449707
405939.25;5864321;-3948.178711
405999.5625;5864321;-3948.961914
406059.8438;5864321;-3949.918701
406120.1563;5864321;-3950.976563
406180.4688;5864321;-3952.060791
406240.75;5864321;-3953.2146
406301.0625;5864321;-3954.416016
406361.375;5864321;-3955.623535
406421.6563;5864321;-3956.848633
406481.9688;5864321;-3958.091553
406542.25;5864321;-3959.337646
406602.5625;5864321;-3960.576172
406662.875;5864321;-3961.801758
406723.1563;5864321;-3963.027344
406783.4688;5864321;-3964.243164
406843.7813;5864321;-3965.436279
406904.0625;5864321;-3966.627686
406964.375;5864321;-3967.810791
407024.6563;5864321;-3968.966797
407084.9688;5864321;-3970.11792
407145.2813;5864321;-3971.259033
407205.5625;5864321;-3972.370117
407265.875;5864321;-3973.4729
407326.1875;5864321;-3974.563721
407386.4688;5864321;-3975.629883
407446.7813;5864321;-3976.686279
407507.0625;5864321;-3977.730713
407567.375;5864321;-3978.749023
407627.6875;5864321;-3979.750977
407687.9688;5864321;-3980.739746
407748.2813;5864321;-3981.704102
407808.5938;5864321;-3982.644531
407868.875;5864321;-3983.5625
407929.1875;5864321;-3984.455566
407989.4688;5864321;-3985.328125
408049.7813;5864321;-3986.177734
408110.0938;5864321;-3986.999268
408170.375;5864321;-3987.794922
408230.6875;5864321;-3988.563965
408291;5864321;-3989.299072
408351.2813;5864321;-3990.007813
408411.5938;5864321;-3990.695068
408471.875;5864321;-3991.353516
408532.1875;5864321;-3991.972412
408592.5;5864321;-3992.5625
408652.7813;5864321;-3993.126709
408713.0938;5864321;-3993.663086
408773.4063;5864321;-3994.163818
408833.6875;5864321;-3994.63208
408894;5864321;-3995.071045
408954.2813;5864321;-3995.48291
409014.5938;5864321;-3995.861328
409074.9063;5864321;-3996.208008
409135.1875;5864321;-3996.525635
409195.5;5864321;-3996.810791
409255.8125;5864321;-3997.055176
409316.0938;5864321;-3997.270752
409376.4063;5864321;-3997.459717
401356.4063;5864381.5;-4051.70752
401416.6875;5864381.5;-4051.439209
401477;5864381.5;-4051.248291
401537.3125;5864381.5;-4051.125
401597.5938;5864381.5;-4051.066162
401657.9063;5864381.5;-4051.04834
401718.2188;5864381.5;-4051.045898
401778.5;5864381.5;-4051.016357
401838.8125;5864381.5;-4050.869385
401899.0938;5864381.5;-4050.520508
401959.4063;5864381.5;-4049.896484
402019.7188;5864381.5;-4048.892334
402080;5864381.5;-4047.465576
402140.3125;5864381.5;-4045.808838
402200.625;5864381.5;-4043.994385
402260.9063;5864381.5;-4042.045654
402321.2188;5864381.5;-4040.012939
402381.5;5864381.5;-4037.943848
402441.8125;5864381.5;-4035.848389
402502.125;5864381.5;-4033.780762
402562.4063;5864381.5;-4031.82959
402622.7188;5864381.5;-4030.019775
402683.0313;5864381.5;-4028.378662
402743.3125;5864381.5;-4026.940674
402803.625;5864381.5;-4025.699463
402863.9063;5864381.5;-4024.578125
402924.2188;5864381.5;-4023.537354
402984.5313;5864381.5;-4022.572021
403044.8125;5864381.5;-4021.638672
403105.125;5864381.5;-4020.675537
403165.4375;5864381.5;-4019.717285
403225.7188;5864381.5;-4018.756104
403286.0313;5864381.5;-4017.744385
403346.3125;5864381.5;-4016.706787
403406.625;5864381.5;-4015.637207
403466.9375;5864381.5;-4014.483643
403527.2188;5864381.5;-4013.25293
403587.5313;5864381.5;-4011.941406
403647.8438;5864381.5;-4010.506592
403708.125;5864381.5;-4008.961182
403768.4375;5864381.5;-4007.293945
403828.7188;5864381.5;-4005.493896
403889.0313;5864381.5;-4003.569092
403949.3438;5864381.5;-4001.49707
404009.625;5864381.5;-3999.257324
404069.9375;5864381.5;-3996.907715
404130.25;5864381.5;-3994.469971
404190.5313;5864381.5;-3991.929688
404250.8438;5864381.5;-3989.295166
404311.125;5864381.5;-3986.608154
404371.4375;5864381.5;-3983.89209
404431.75;5864381.5;-3981.163818
404492.0313;5864381.5;-3978.436035
404552.3438;5864381.5;-3975.737305
404612.625;5864381.5;-3973.083984
404672.9375;5864381.5;-3970.477783
404733.25;5864381.5;-3967.94873
404793.5313;5864381.5;-3965.514404
404853.8438;5864381.5;-3963.153076
404914.1563;5864381.5;-3960.910156
404974.4375;5864381.5;-3958.828857
405034.75;5864381.5;-3956.875732
405095.0313;5864381.5;-3955.058105
405155.3438;5864381.5;-3953.414795
405215.6563;5864381.5;-3952.020264
405275.9375;5864381.5;-3950.840576
405336.25;5864381.5;-3949.773438
405396.5625;5864381.5;-3948.935303
405456.8438;5864381.5;-3948.317871
405517.1563;5864381.5;-3947.848389
405577.4375;5864381.5;-3947.568115
405637.75;5864381.5;-3947.49292
405698.0625;5864381.5;-3947.617432
405758.3438;5864381.5;-3947.857178
405818.6563;5864381.5;-3948.193359
405878.9688;5864381.5;-3948.723877
405939.25;5864381.5;-3949.364502
405999.5625;5864381.5;-3950.059082
406059.8438;5864381.5;-3950.915771
406120.1563;5864381.5;-3951.869873
406180.4688;5864381.5;-3952.854736
406240.75;5864381.5;-3953.909912
406301.0625;5864381.5;-3955.015869
406361.375;5864381.5;-3956.132813
406421.6563;5864381.5;-3957.273438
406481.9688;5864381.5;-3958.436768
406542.25;5864381.5;-3959.606934
406602.5625;5864381.5;-3960.777588
406662.875;5864381.5;-3961.941162
406723.1563;5864381.5;-3963.107666
406783.4688;5864381.5;-3964.26709
406843.7813;5864381.5;-3965.409424
406904.0625;5864381.5;-3966.551514
406964.375;5864381.5;-3967.6875
407024.6563;5864381.5;-3968.800537
407084.9688;5864381.5;-3969.910156
407145.2813;5864381.5;-3971.011719
407205.5625;5864381.5;-3972.087158
407265.875;5864381.5;-3973.155029
407326.1875;5864381.5;-3974.212891
407386.4688;5864381.5;-3975.249756
407446.7813;5864381.5;-3976.276855
407507.0625;5864381.5;-3977.293213
407567.375;5864381.5;-3978.285156
407627.6875;5864381.5;-3979.263428
407687.9688;5864381.5;-3980.228271
407748.2813;5864381.5;-3981.170654
407808.5938;5864381.5;-3982.090088
407868.875;5864381.5;-3982.989014
407929.1875;5864381.5;-3983.86377
407989.4688;5864381.5;-3984.719727
408049.7813;5864381.5;-3985.552734
408110.0938;5864381.5;-3986.358887
408170.375;5864381.5;-3987.140381
408230.6875;5864381.5;-3987.896729
408291;5864381.5;-3988.620117
408351.2813;5864381.5;-3989.317871
408411.5938;5864381.5;-3989.994629
408471.875;5864381.5;-3990.643799
408532.1875;5864381.5;-3991.254639
408592.5;5864381.5;-3991.837402
408652.7813;5864381.5;-3992.394775
408713.0938;5864381.5;-3992.924561
408773.4063;5864381.5;-3993.419678
408833.6875;5864381.5;-3993.882813
408894;5864381.5;-3994.317871
408954.2813;5864381.5;-3994.725586
409014.5938;5864381.5;-3995.10083
409074.9063;5864381.5;-3995.44458
409135.1875;5864381.5;-3995.759766
409195.5;5864381.5;-3996.04248
409255.8125;5864381.5;-3996.285156
409316.0938;5864381.5;-3996.499268
409376.4063;5864381.5;-3996.686523
401356.4063;5864442.5;-4052.025879
401416.6875;5864442.5;-4051.718506
401477;5864442.5;-4051.479004
401537.3125;5864442.5;-4051.29541
401597.5938;5864442.5;-4051.154785
401657.9063;5864442.5;-4051.029297
401718.2188;5864442.5;-4050.893311
401778.5;5864442.5;-4050.709717
401838.8125;5864442.5;-4050.401611
401899.0938;5864442.5;-4049.916992
401959.4063;5864442.5;-4049.208008
402019.7188;5864442.5;-4048.19458
402080;5864442.5;-4046.836426
402140.3125;5864442.5;-4045.27417
402200.625;5864442.5;-4043.560059
402260.9063;5864442.5;-4041.709961
402321.2188;5864442.5;-4039.779541
402381.5;5864442.5;-4037.833252
402441.8125;5864442.5;-4035.886475
402502.125;5864442.5;-4033.985107
402562.4063;5864442.5;-4032.194824
402622.7188;5864442.5;-4030.526855
402683.0313;5864442.5;-4028.991211
402743.3125;5864442.5;-4027.603027
402803.625;5864442.5;-4026.348389
402863.9063;5864442.5;-4025.169434
402924.2188;5864442.5;-4024.040283
402984.5313;5864442.5;-4022.961914
403044.8125;5864442.5;-4021.908936
403105.125;5864442.5;-4020.835205
403165.4375;5864442.5;-4019.769775
403225.7188;5864442.5;-4018.705811
403286.0313;5864442.5;-4017.601563
403346.3125;5864442.5;-4016.477295
403406.625;5864442.5;-4015.325928
403466.9375;5864442.5;-4014.10083
403527.2188;5864442.5;-4012.807373
403587.5313;5864442.5;-4011.442139
403647.8438;5864442.5;-4009.967529
403708.125;5864442.5;-4008.394287
403768.4375;5864442.5;-4006.713623
403828.7188;5864442.5;-4004.915283
403889.0313;5864442.5;-4003.008301
403949.3438;5864442.5;-4000.972168
404009.625;5864442.5;-3998.790527
404069.9375;5864442.5;-3996.512695
404130.25;5864442.5;-3994.158691
404190.5313;5864442.5;-3991.714111
404250.8438;5864442.5;-3989.185547
404311.125;5864442.5;-3986.608398
404371.4375;5864442.5;-3984.004883
404431.75;5864442.5;-3981.387451
404492.0313;5864442.5;-3978.769043
404552.3438;5864442.5;-3976.176025
404612.625;5864442.5;-3973.624268
404672.9375;5864442.5;-3971.118164
404733.25;5864442.5;-3968.686279
404793.5313;5864442.5;-3966.345215
404853.8438;5864442.5;-3964.076904
404914.1563;5864442.5;-3961.925293
404974.4375;5864442.5;-3959.929932
405034.75;5864442.5;-3958.05835
405095.0313;5864442.5;-3956.317139
405155.3438;5864442.5;-3954.746582
405215.6563;5864442.5;-3953.408447
405275.9375;5864442.5;-3952.270996
405336.25;5864442.5;-3951.25293
405396.5625;5864442.5;-3950.445557
405456.8438;5864442.5;-3949.841553
405517.1563;5864442.5;-3949.373535
405577.4375;5864442.5;-3949.080078
405637.75;5864442.5;-3948.978516
405698.0625;5864442.5;-3949.056885
405758.3438;5864442.5;-3949.242432
405818.6563;5864442.5;-3949.52002
405878.9688;5864442.5;-3949.972656
405939.25;5864442.5;-3950.530273
405999.5625;5864442.5;-3951.142578
406059.8438;5864442.5;-3951.903564
406120.1563;5864442.5;-3952.759033
406180.4688;5864442.5;-3953.649658
406240.75;5864442.5;-3954.610596
406301.0625;5864442.5;-3955.623535
406361.375;5864442.5;-3956.652832
406421.6563;5864442.5;-3957.710693
406481.9688;5864442.5;-3958.796143
406542.25;5864442.5;-3959.891846
406602.5625;5864442.5;-3960.994385
406662.875;5864442.5;-3962.096924
406723.1563;5864442.5;-3963.204102
406783.4688;5864442.5;-3964.307861
406843.7813;5864442.5;-3965.399414
406904.0625;5864442.5;-3966.492676
406964.375;5864442.5;-3967.582275
407024.6563;5864442.5;-3968.652588
407084.9688;5864442.5;-3969.721436
407145.2813;5864442.5;-3970.783691
407205.5625;5864442.5;-3971.824219
407265.875;5864442.5;-3972.85791
407326.1875;5864442.5;-3973.883789
407386.4688;5864442.5;-3974.891113
407446.7813;5864442.5;-3975.889893
407507.0625;5864442.5;-3976.878662
407567.375;5864442.5;-3977.846191
407627.6875;5864442.5;-3978.799805
407687.9688;5864442.5;-3979.741943
407748.2813;5864442.5;-3980.662354
407808.5938;5864442.5;-3981.562256
407868.875;5864442.5;-3982.44165
407929.1875;5864442.5;-3983.299072
407989.4688;5864442.5;-3984.137695
408049.7813;5864442.5;-3984.95459
408110.0938;5864442.5;-3985.746582
408170.375;5864442.5;-3986.513916
408230.6875;5864442.5;-3987.257324
408291;5864442.5;-3987.969238
408351.2813;5864442.5;-3988.65625
408411.5938;5864442.5;-3989.323242
408471.875;5864442.5;-3989.962891
408532.1875;5864442.5;-3990.56543
408592.5;5864442.5;-3991.140137
408652.7813;5864442.5;-3991.690918
408713.0938;5864442.5;-3992.214355
408773.4063;5864442.5;-3992.704102
408833.6875;5864442.5;-3993.162354
408894;5864442.5;-3993.592773
408954.2813;5864442.5;-3993.996826
409014.5938;5864442.5;-3994.368652
409074.9063;5864442.5;-3994.709473
409135.1875;5864442.5;-3995.021973
409195.5;5864442.5;-3995.30249
409255.8125;5864442.5;-3995.543945
409316.0938;5864442.5;-3995.756592
409376.4063;5864442.5;-3995.943359
401356.4063;5864503;-4052.185059
401416.6875;5864503;-4051.843018
401477;5864503;-4051.55835
401537.3125;5864503;-4051.316406
401597.5938;5864503;-4051.098145
401657.9063;5864503;-4050.875732
401718.2188;5864503;-4050.628418
401778.5;5864503;-4050.323242
401838.8125;5864503;-4049.899414
401899.0938;5864503;-4049.324219
401959.4063;5864503;-4048.566162
402019.7188;5864503;-4047.562988
402080;5864503;-4046.2771
402140.3125;5864503;-4044.814941
402200.625;5864503;-4043.214355
402260.9063;5864503;-4041.483887
402321.2188;5864503;-4039.67334
402381.5;5864503;-4037.851318
402441.8125;5864503;-4036.035645
402502.125;5864503;-4034.264404
402562.4063;5864503;-4032.587158
402622.7188;5864503;-4031.005615
402683.0313;5864503;-4029.522461
402743.3125;5864503;-4028.141846
402803.625;5864503;-4026.850342
402863.9063;5864503;-4025.608398
402924.2188;5864503;-4024.398438
402984.5313;5864503;-4023.226807
403044.8125;5864503;-4022.078125
403105.125;5864503;-4020.916504
403165.4375;5864503;-4019.764648
403225.7188;5864503;-4018.616455
403286.0313;5864503;-4017.435303
403346.3125;5864503;-4016.237549
403406.625;5864503;-4015.015381
403466.9375;5864503;-4013.728271
403527.2188;5864503;-4012.380859
403587.5313;5864503;-4010.968994
403647.8438;5864503;-4009.460693
403708.125;5864503;-4007.864502
403768.4375;5864503;-4006.174316
403828.7188;5864503;-4004.380859
403889.0313;5864503;-4002.491699
403949.3438;5864503;-4000.490967
404009.625;5864503;-3998.362549
404069.9375;5864503;-3996.151367
404130.25;5864503;-3993.873779
404190.5313;5864503;-3991.516846
404250.8438;5864503;-3989.085205
404311.125;5864503;-3986.610107
404371.4375;5864503;-3984.11084
404431.75;5864503;-3981.598389
404492.0313;5864503;-3979.085205
404552.3438;5864503;-3976.594971
404612.625;5864503;-3974.144043
404672.9375;5864503;-3971.737549
404733.25;5864503;-3969.404053
404793.5313;5864503;-3967.156982
404853.8438;5864503;-3964.98291
404914.1563;5864503;-3962.922852
404974.4375;5864503;-3961.012695
405034.75;5864503;-3959.221191
405095.0313;5864503;-3957.554199
405155.3438;5864503;-3956.05127
405215.6563;5864503;-3954.765137
405275.9375;5864503;-3953.666016
405336.25;5864503;-3952.6875
405396.5625;5864503;-3951.90332
405456.8438;5864503;-3951.306152
405517.1563;5864503;-3950.835449
405577.4375;5864503;-3950.526855
405637.75;5864503;-3950.397461
405698.0625;5864503;-3950.431152
405758.3438;5864503;-3950.565918
405818.6563;5864503;-3950.789307
405878.9688;5864503;-3951.172852
405939.25;5864503;-3951.656006
405999.5625;5864503;-3952.19458
406059.8438;5864503;-3952.870361
406120.1563;5864503;-3953.636963
406180.4688;5864503;-3954.441895
406240.75;5864503;-3955.31665
406301.0625;5864503;-3956.243652
406361.375;5864503;-3957.190674
406421.6563;5864503;-3958.170166
406481.9688;5864503;-3959.180664
406542.25;5864503;-3960.204834
406602.5625;5864503;-3961.241211
406662.875;5864503;-3962.283447
406723.1563;5864503;-3963.332031
406783.4688;5864503;-3964.380859
406843.7813;5864503;-3965.422119
406904.0625;5864503;-3966.467529
406964.375;5864503;-3967.510498
407024.6563;5864503;-3968.538818
407084.9688;5864503;-3969.567139
407145.2813;5864503;-3970.590576
407205.5625;5864503;-3971.595947
407265.875;5864503;-3972.59668
407326.1875;5864503;-3973.590332
407386.4688;5864503;-3974.567871
407446.7813;5864503;-3975.53833
407507.0625;5864503;-3976.500244
407567.375;5864503;-3977.443115
407627.6875;5864503;-3978.373047
407687.9688;5864503;-3979.292236
407748.2813;5864503;-3980.19165
407808.5938;5864503;-3981.070801
407868.875;5864503;-3981.931396
407929.1875;5864503;-3982.770752
407989.4688;5864503;-3983.592285
408049.7813;5864503;-3984.394287
408110.0938;5864503;-3985.171387
408170.375;5864503;-3985.925293
408230.6875;5864503;-3986.655762
408291;5864503;-3987.355957
408351.2813;5864503;-3988.031494
408411.5938;5864503;-3988.687988
408471.875;5864503;-3989.318115
408532.1875;5864503;-3989.912109
408592.5;5864503;-3990.479248
408652.7813;5864503;-3991.022949
408713.0938;5864503;-3991.539795
408773.4063;5864503;-3992.02417
408833.6875;5864503;-3992.477539
408894;5864503;-3992.903076
408954.2813;5864503;-3993.303223
409014.5938;5864503;-3993.671143
409074.9063;5864503;-3994.008789
409135.1875;5864503;-3994.318848
409195.5;5864503;-3994.596924
409255.8125;5864503;-3994.836426
409316.0938;5864503;-3995.048096
409376.4063;5864503;-3995.233887
401356.4063;5864563.5;-4052.17041
401416.6875;5864563.5;-4051.798584
401477;5864563.5;-4051.475586
401537.3125;5864563.5;-4051.184082
401597.5938;5864563.5;-4050.900879
401657.9063;5864563.5;-4050.600586
401718.2188;5864563.5;-4050.266846
401778.5;5864563.5;-4049.87207
401838.8125;5864563.5;-4049.366943
401899.0938;5864563.5;-4048.731689
401959.4063;5864563.5;-4047.94458
402019.7188;5864563.5;-4046.956543
402080;5864563.5;-4045.734619
402140.3125;5864563.5;-4044.361816
402200.625;5864563.5;-4042.867188
402260.9063;5864563.5;-4041.25293
402321.2188;5864563.5;-4039.558594
402381.5;5864563.5;-4037.849121
402441.8125;5864563.5;-4036.141846
402502.125;5864563.5;-4034.467773
402562.4063;5864563.5;-4032.86499
402622.7188;5864563.5;-4031.331543
402683.0313;5864563.5;-4029.868652
402743.3125;5864563.5;-4028.478271
402803.625;5864563.5;-4027.14917
402863.9063;5864563.5;-4025.855713
402924.2188;5864563.5;-4024.58667
402984.5313;5864563.5;-4023.349121
403044.8125;5864563.5;-4022.13208
403105.125;5864563.5;-4020.906738
403165.4375;5864563.5;-4019.690186
403225.7188;5864563.5;-4018.477295
403286.0313;5864563.5;-4017.236084
403346.3125;5864563.5;-4015.979004
403406.625;5864563.5;-4014.699951
403466.9375;5864563.5;-4013.362793
403527.2188;5864563.5;-4011.971924
403587.5313;5864563.5;-4010.523193
403647.8438;5864563.5;-4008.988281
403708.125;5864563.5;-4007.375732
403768.4375;5864563.5;-4005.68042
403828.7188;5864563.5;-4003.894287
403889.0313;5864563.5;-4002.024414
403949.3438;5864563.5;-4000.056885
404009.625;5864563.5;-3997.978271
404069.9375;5864563.5;-3995.82666
404130.25;5864563.5;-3993.618164
404190.5313;5864563.5;-3991.339844
404250.8438;5864563.5;-3988.995605
404311.125;5864563.5;-3986.613525
404371.4375;5864563.5;-3984.209961
404431.75;5864563.5;-3981.79541
404492.0313;5864563.5;-3979.381592
404552.3438;5864563.5;-3976.990723
404612.625;5864563.5;-3974.636719
404672.9375;5864563.5;-3972.327881
404733.25;5864563.5;-3970.089844
404793.5313;5864563.5;-3967.935303
404853.8438;5864563.5;-3965.853271
404914.1563;5864563.5;-3963.880859
404974.4375;5864563.5;-3962.053223
405034.75;5864563.5;-3960.338135
405095.0313;5864563.5;-3958.741211
405155.3438;5864563.5;-3957.300781
405215.6563;5864563.5;-3956.061523
405275.9375;5864563.5;-3954.995361
405336.25;5864563.5;-3954.047607
405396.5625;5864563.5;-3953.27832
405456.8438;5864563.5;-3952.682617
405517.1563;5864563.5;-3952.206543
405577.4375;5864563.5;-3951.881592
405637.75;5864563.5;-3951.724365
405698.0625;5864563.5;-3951.718994
405758.3438;5864563.5;-3951.80835
405818.6563;5864563.5;-3951.983398
405878.9688;5864563.5;-3952.307617
405939.25;5864563.5;-3952.728271
405999.5625;5864563.5;-3953.204102
406059.8438;5864563.5;-3953.806396
406120.1563;5864563.5;-3954.494873
406180.4688;5864563.5;-3955.224854
406240.75;5864563.5;-3956.021729
406301.0625;5864563.5;-3956.87085
406361.375;5864563.5;-3957.743164
406421.6563;5864563.5;-3958.650146
406481.9688;5864563.5;-3959.589844
406542.25;5864563.5;-3960.546875
406602.5625;5864563.5;-3961.52002
406662.875;5864563.5;-3962.503662
406723.1563;5864563.5;-3963.495361
406783.4688;5864563.5;-3964.490479
406843.7813;5864563.5;-3965.482666
406904.0625;5864563.5;-3966.480469
406964.375;5864563.5;-3967.478271
407024.6563;5864563.5;-3968.465576
407084.9688;5864563.5;-3969.453857
407145.2813;5864563.5;-3970.439209
407205.5625;5864563.5;-3971.410645
407265.875;5864563.5;-3972.37793
407326.1875;5864563.5;-3973.340576
407386.4688;5864563.5;-3974.289551
407446.7813;5864563.5;-3975.232422
407507.0625;5864563.5;-3976.167725
407567.375;5864563.5;-3977.085938
407627.6875;5864563.5;-3977.992432
407687.9688;5864563.5;-3978.888916
407748.2813;5864563.5;-3979.76709
407808.5938;5864563.5;-3980.626709
407868.875;5864563.5;-3981.468506
407929.1875;5864563.5;-3982.290527
407989.4688;5864563.5;-3983.095703
408049.7813;5864563.5;-3983.881592
408110.0938;5864563.5;-3984.644043
408170.375;5864563.5;-3985.384277
408230.6875;5864563.5;-3986.101563
408291;5864563.5;-3986.790039
408351.2813;5864563.5;-3987.454834
408411.5938;5864563.5;-3988.101318
408471.875;5864563.5;-3988.721924
408532.1875;5864563.5;-3989.307129
408592.5;5864563.5;-3989.866211
408652.7813;5864563.5;-3990.402832
408713.0938;5864563.5;-3990.912842
408773.4063;5864563.5;-3991.391357
408833.6875;5864563.5;-3991.838867
408894;5864563.5;-3992.259766
408954.2813;5864563.5;-3992.655518
409014.5938;5864563.5;-3993.019531
409074.9063;5864563.5;-3993.354004
409135.1875;5864563.5;-3993.661133
409195.5;5864563.5;-3993.936768
409255.8125;5864563.5;-3994.174072
409316.0938;5864563.5;-3994.383301
409376.4063;5864563.5;-3994.566895
401356.4063;5864624;-4052.040527
401416.6875;5864624;-4051.649902
401477;5864624;-4051.297607
401537.3125;5864624;-4050.966064
401597.5938;5864624;-4050.629395
401657.9063;5864624;-4050.267334
401718.2188;5864624;-4049.865234
401778.5;5864624;-4049.401611
401838.8125;5864624;-4048.835693
401899.0938;5864624;-4048.157471
401959.4063;5864624;-4047.35083
402019.7188;5864624;-4046.378418
402080;5864624;-4045.210205
402140.3125;5864624;-4043.914307
402200.625;5864624;-4042.511719
402260.9063;5864624;-4041.001709
402321.2188;5864624;-4039.412354
402381.5;5864624;-4037.80127
402441.8125;5864624;-4036.185791
402502.125;5864624;-4034.590088
402562.4063;5864624;-4033.041504
402622.7188;5864624;-4031.541016
402683.0313;5864624;-4030.087891
402743.3125;5864624;-4028.684814
402803.625;5864624;-4027.324463
402863.9063;5864624;-4025.990967
402924.2188;5864624;-4024.676025
402984.5313;5864624;-4023.387451
403044.8125;5864624;-4022.117432
403105.125;5864624;-4020.840576
403165.4375;5864624;-4019.571777
403225.7188;5864624;-4018.304443
403286.0313;5864624;-4017.012695
403346.3125;5864624;-4015.70459
403406.625;5864624;-4014.376709
403466.9375;5864624;-4012.997559
403527.2188;5864624;-4011.56958
403587.5313;5864624;-4010.089844
403647.8438;5864624;-4008.533691
403708.125;5864624;-4006.90918
403768.4375;5864624;-4005.212158
403828.7188;5864624;-4003.434326
403889.0313;5864624;-4001.584229
403949.3438;5864624;-3999.648926
404009.625;5864624;-3997.617188
404069.9375;5864624;-3995.521729
404130.25;5864624;-3993.376465
404190.5313;5864624;-3991.170898
404250.8438;5864624;-3988.908203
404311.125;5864624;-3986.613037
404371.4375;5864624;-3984.299805
404431.75;5864624;-3981.978027
404492.0313;5864624;-3979.658936
404552.3438;5864624;-3977.362549
404612.625;5864624;-3975.102051
404672.9375;5864624;-3972.887207
404733.25;5864624;-3970.740967
404793.5313;5864624;-3968.675049
404853.8438;5864624;-3966.679443
404914.1563;5864624;-3964.79126
404974.4375;5864624;-3963.04126
405034.75;5864624;-3961.397461
405095.0313;5864624;-3959.865479
405155.3438;5864624;-3958.483154
405215.6563;5864624;-3957.287598
405275.9375;5864624;-3956.252686
405336.25;5864624;-3955.335205
405396.5625;5864624;-3954.581787
405456.8438;5864624;-3953.98877
405517.1563;5864624;-3953.509766
405577.4375;5864624;-3953.172119
405637.75;5864624;-3952.992188
405698.0625;5864624;-3952.951904
405758.3438;5864624;-3953.002441
405818.6563;5864624;-3953.135254
405878.9688;5864624;-3953.405518
405939.25;5864624;-3953.768799
405999.5625;5864624;-3954.187988
406059.8438;5864624;-3954.721191
406120.1563;5864624;-3955.337158
406180.4688;5864624;-3955.996582
406240.75;5864624;-3956.720459
406301.0625;5864624;-3957.494385
406361.375;5864624;-3958.294922
406421.6563;5864624;-3959.132568
406481.9688;5864624;-3960.003906
406542.25;5864624;-3960.89502
406602.5625;5864624;-3961.807373
406662.875;5864624;-3962.733887
406723.1563;5864624;-3963.670654
406783.4688;5864624;-3964.613037
406843.7813;5864624;-3965.557373
406904.0625;5864624;-3966.509521
406964.375;5864624;-3967.463135
407024.6563;5864624;-3968.410889
407084.9688;5864624;-3969.360352
407145.2813;5864624;-3970.309082
407205.5625;5864624;-3971.24707
407265.875;5864624;-3972.182861
407326.1875;5864624;-3973.11499
407386.4688;5864624;-3974.036377
407446.7813;5864624;-3974.952637
407507.0625;5864624;-3975.862061
407567.375;5864624;-3976.756592
407627.6875;5864624;-3977.640381
407687.9688;5864624;-3978.515381
407748.2813;5864624;-3979.373047
407808.5938;5864624;-3980.213135
407868.875;5864624;-3981.037109
407929.1875;5864624;-3981.842285
407989.4688;5864624;-3982.631348
408049.7813;5864624;-3983.402344
408110.0938;5864624;-3984.150391
408170.375;5864624;-3984.877197
408230.6875;5864624;-3985.582031
408291;5864624;-3986.258789
408351.2813;5864624;-3986.913086
408411.5938;5864624;-3987.549316
408471.875;5864624;-3988.160645
408532.1875;5864624;-3988.737793
408592.5;5864624;-3989.289307
408652.7813;5864624;-3989.818604
408713.0938;5864624;-3990.322021
408773.4063;5864624;-3990.794434
408833.6875;5864624;-3991.237061
408894;5864624;-3991.652588
408954.2813;5864624;-3992.043701
409014.5938;5864624;-3992.404053
409074.9063;5864624;-3992.735107
409135.1875;5864624;-3993.038818
409195.5;5864624;-3993.312012
409255.8125;5864624;-3993.547119
409316.0938;5864624;-3993.754395
409376.4063;5864624;-3993.935791
401356.4063;5864685;-4051.82373
401416.6875;5864685;-4051.422852
401477;5864685;-4051.048096
401537.3125;5864685;-4050.68457
401597.5938;5864685;-4050.304443
401657.9063;5864685;-4049.89209
401718.2188;5864685;-4049.434814
401778.5;5864685;-4048.916748
401838.8125;5864685;-4048.303711
401899.0938;5864685;-4047.592529
401959.4063;5864685;-4046.771729
402019.7188;5864685;-4045.811279
402080;5864685;-4044.6875
402140.3125;5864685;-4043.455078
402200.625;5864685;-4042.129883
402260.9063;5864685;-4040.708496
402321.2188;5864685;-4039.210449
402381.5;5864685;-4037.68457
402441.8125;5864685;-4036.147705
402502.125;5864685;-4034.617676
402562.4063;5864685;-4033.11377
402622.7188;5864685;-4031.639404
402683.0313;5864685;-4030.195801
402743.3125;5864685;-4028.783691
402803.625;5864685;-4027.401611
402863.9063;5864685;-4026.038574
402924.2188;5864685;-4024.690186
402984.5313;5864685;-4023.362793
403044.8125;5864685;-4022.049805
403105.125;5864685;-4020.731689
403165.4375;5864685;-4019.418945
403225.7188;5864685;-4018.105957
403286.0313;5864685;-4016.770508
403346.3125;5864685;-4015.419189
403406.625;5864685;-4014.049561
403466.9375;5864685;-4012.634033
403527.2188;5864685;-4011.173828
403587.5313;5864685;-4009.668457
403647.8438;5864685;-4008.095459
403708.125;5864685;-4006.461914
403768.4375;5864685;-4004.765137
403828.7188;5864685;-4002.997314
403889.0313;5864685;-4001.167236
403949.3438;5864685;-3999.263672
404009.625;5864685;-3997.275879
404069.9375;5864685;-3995.233398
404130.25;5864685;-3993.147949
404190.5313;5864685;-3991.010986
404250.8438;5864685;-3988.825195
404311.125;5864685;-3986.612305
404371.4375;5864685;-3984.384521
404431.75;5864685;-3982.151367
404492.0313;5864685;-3979.923096
404552.3438;5864685;-3977.718262
404612.625;5864685;-3975.54834
404672.9375;5864685;-3973.42334
404733.25;5864685;-3971.366211
404793.5313;5864685;-3969.385254
404853.8438;5864685;-3967.473145
404914.1563;5864685;-3965.664795
404974.4375;5864685;-3963.988281
405034.75;5864685;-3962.412109
405095.0313;5864685;-3960.941406
405155.3438;5864685;-3959.613281
405215.6563;5864685;-3958.458008
405275.9375;5864685;-3957.452148
405336.25;5864685;-3956.560547
405396.5625;5864685;-3955.821533
405456.8438;5864685;-3955.230469
405517.1563;5864685;-3954.748291
405577.4375;5864685;-3954.398193
405637.75;5864685;-3954.196045
405698.0625;5864685;-3954.124023
405758.3438;5864685;-3954.137939
405818.6563;5864685;-3954.231689
405878.9688;5864685;-3954.452881
405939.25;5864685;-3954.763672
405999.5625;5864685;-3955.129883
406059.8438;5864685;-3955.600586
406120.1563;5864685;-3956.149658
406180.4688;5864685;-3956.743408
406240.75;5864685;-3957.399414
406301.0625;5864685;-3958.104004
406361.375;5864685;-3958.838135
406421.6563;5864685;-3959.609863
406481.9688;5864685;-3960.416992
406542.25;5864685;-3961.246582
406602.5625;5864685;-3962.10083
406662.875;5864685;-3962.973145
406723.1563;5864685;-3963.857422
406783.4688;5864685;-3964.749512
406843.7813;5864685;-3965.647705
406904.0625;5864685;-3966.555176
406964.375;5864685;-3967.467285
407024.6563;5864685;-3968.375732
407084.9688;5864685;-3969.287842
407145.2813;5864685;-3970.200928
407205.5625;5864685;-3971.106934
407265.875;5864685;-3972.011719
407326.1875;5864685;-3972.914551
407386.4688;5864685;-3973.80835
407446.7813;5864685;-3974.69873
407507.0625;5864685;-3975.583008
407567.375;5864685;-3976.454102
407627.6875;5864685;-3977.315918
407687.9688;5864685;-3978.169434
407748.2813;5864685;-3979.00708
407808.5938;5864685;-3979.828613
407868.875;5864685;-3980.634766
407929.1875;5864685;-3981.423096
407989.4688;5864685;-3982.196289
408049.7813;5864685;-3982.952148
408110.0938;5864685;-3983.686035
408170.375;5864685;-3984.399414
408230.6875;5864685;-3985.092041
408291;5864685;-3985.757568
408351.2813;5864685;-3986.401367
408411.5938;5864685;-3987.027344
408471.875;5864685;-3987.62915
408532.1875;5864685;-3988.198242
408592.5;5864685;-3988.741699
408652.7813;5864685;-3989.263672
408713.0938;5864685;-3989.760986
408773.4063;5864685;-3990.227051
408833.6875;5864685;-3990.663574
408894;5864685;-3991.074463
408954.2813;5864685;-3991.461182
409014.5938;5864685;-3991.817383
409074.9063;5864685;-3992.144531
409135.1875;5864685;-3992.445313
409195.5;5864685;-3992.71582
409255.8125;5864685;-3992.949219
409316.0938;5864685;-3993.154541
409376.4063;5864685;-3993.334717
401356.4063;5864745.5;-4051.53125
401416.6875;5864745.5;-4051.125244
401477;5864745.5;-4050.735107
401537.3125;5864745.5;-4050.346191
401597.5938;5864745.5;-4049.932129
401657.9063;5864745.5;-4049.479004
401718.2188;5864745.5;-4048.97998
401778.5;5864745.5;-4048.419434
401838.8125;5864745.5;-4047.770264
401899.0938;5864745.5;-4047.033936
401959.4063;5864745.5;-4046.202881
402019.7188;5864745.5;-4045.252197
402080;5864745.5;-4044.162598
402140.3125;5864745.5;-4042.979492
402200.625;5864745.5;-4041.716797
402260.9063;5864745.5;-4040.367676
402321.2188;5864745.5;-4038.944092
402381.5;5864745.5;-4037.489502
402441.8125;5864745.5;-4036.01709
402502.125;5864745.5;-4034.542236
402562.4063;5864745.5;-4033.077637
402622.7188;5864745.5;-4031.62793
402683.0313;5864745.5;-4030.19458
402743.3125;5864745.5;-4028.780762
402803.625;5864745.5;-4027.38623
402863.9063;5864745.5;-4026.005371
402924.2188;5864745.5;-4024.634521
402984.5313;5864745.5;-4023.278564
403044.8125;5864745.5;-4021.932861
403105.125;5864745.5;-4020.581299
403165.4375;5864745.5;-4019.233154
403225.7188;5864745.5;-4017.883057
403286.0313;5864745.5;-4016.510498
403346.3125;5864745.5;-4015.123535
403406.625;5864745.5;-4013.718506
403466.9375;5864745.5;-4012.273193
403527.2188;5864745.5;-4010.786865
403587.5313;5864745.5;-4009.26001
403647.8438;5864745.5;-4007.673584
403708.125;5864745.5;-4006.034668
403768.4375;5864745.5;-4004.339844
403828.7188;5864745.5;-4002.584229
403889.0313;5864745.5;-4000.774414
403949.3438;5864745.5;-3998.900879
404009.625;5864745.5;-3996.955322
404069.9375;5864745.5;-3994.962646
404130.25;5864745.5;-3992.933838
404190.5313;5864745.5;-3990.861328
404250.8438;5864745.5;-3988.747803
404311.125;5864745.5;-3986.612549
404371.4375;5864745.5;-3984.466309
404431.75;5864745.5;-3982.317383
404492.0313;5864745.5;-3980.176025
404552.3438;5864745.5;-3978.058105
404612.625;5864745.5;-3975.975098
404672.9375;5864745.5;-3973.937256
404733.25;5864745.5;-3971.965088
404793.5313;5864745.5;-3970.065918
404853.8438;5864745.5;-3968.233887
404914.1563;5864745.5;-3966.501465
404974.4375;5864745.5;-3964.893555
405034.75;5864745.5;-3963.381592
405095.0313;5864745.5;-3961.96875
405155.3438;5864745.5;-3960.689453
405215.6563;5864745.5;-3959.571777
405275.9375;5864745.5;-3958.592041
405336.25;5864745.5;-3957.72168
405396.5625;5864745.5;-3956.992188
405456.8438;5864745.5;-3956.399658
405517.1563;5864745.5;-3955.912354
405577.4375;5864745.5;-3955.548584
405637.75;5864745.5;-3955.323486
405698.0625;5864745.5;-3955.220703
405758.3438;5864745.5;-3955.200928
405818.6563;5864745.5;-3955.257568
405878.9688;5864745.5;-3955.433594
405939.25;5864745.5;-3955.696289
405999.5625;5864745.5;-3956.014893
406059.8438;5864745.5;-3956.428955
406120.1563;5864745.5;-3956.918457
406180.4688;5864745.5;-3957.453613
406240.75;5864745.5;-3958.048584
406301.0625;5864745.5;-3958.691162
406361.375;5864745.5;-3959.364502
406421.6563;5864745.5;-3960.077393
406481.9688;5864745.5;-3960.825439
406542.25;5864745.5;-3961.598633
406602.5625;5864745.5;-3962.399902
406662.875;5864745.5;-3963.22168
406723.1563;5864745.5;-3964.056396
406783.4688;5864745.5;-3964.900879
406843.7813;5864745.5;-3965.755371
406904.0625;5864745.5;-3966.621094
406964.375;5864745.5;-3967.492676
407024.6563;5864745.5;-3968.364014
407084.9688;5864745.5;-3969.240234
407145.2813;5864745.5;-3970.119385
407205.5625;5864745.5;-3970.993896
407265.875;5864745.5;-3971.868896
407326.1875;5864745.5;-3972.742676
407386.4688;5864745.5;-3973.610107
407446.7813;5864745.5;-3974.474365
407507.0625;5864745.5;-3975.333984
407567.375;5864745.5;-3976.181885
407627.6875;5864745.5;-3977.022217
407687.9688;5864745.5;-3977.854248
407748.2813;5864745.5;-3978.672363
407808.5938;5864745.5;-3979.475098
407868.875;5864745.5;-3980.263672
407929.1875;5864745.5;-3981.0354
407989.4688;5864745.5;-3981.792725
408049.7813;5864745.5;-3982.533447
408110.0938;5864745.5;-3983.253174
408170.375;5864745.5;-3983.953613
408230.6875;5864745.5;-3984.634033
408291;5864745.5;-3985.28833
408351.2813;5864745.5;-3985.921143
408411.5938;5864745.5;-3986.536865
408471.875;5864745.5;-3987.129639
408532.1875;5864745.5;-3987.689697
408592.5;5864745.5;-3988.22583
408652.7813;5864745.5;-3988.73999
408713.0938;5864745.5;-3989.230469
408773.4063;5864745.5;-3989.690186
408833.6875;5864745.5;-3990.121094
408894;5864745.5;-3990.5271
408954.2813;5864745.5;-3990.90918
409014.5938;5864745.5;-3991.260742
409074.9063;5864745.5;-3991.584717
409135.1875;5864745.5;-3991.881836
409195.5;5864745.5;-3992.149414
409255.8125;5864745.5;-3992.380371
409316.0938;5864745.5;-3992.584473
409376.4063;5864745.5;-3992.763672
401356.4063;5864806;-4051.18042
401416.6875;5864806;-4050.773926
401477;5864806;-4050.373535
401537.3125;5864806;-4049.967285
401597.5938;5864806;-4049.528564
401657.9063;5864806;-4049.047363
401718.2188;5864806;-4048.518799
401778.5;5864806;-4047.929688
401838.8125;5864806;-4047.257813
401899.0938;5864806;-4046.506348
401959.4063;5864806;-4045.670166
402019.7188;5864806;-4044.729248
402080;5864806;-4043.667725
402140.3125;5864806;-4042.52417
402200.625;5864806;-4041.308838
402260.9063;5864806;-4040.015869
402321.2188;5864806;-4038.650391
402381.5;5864806;-4037.251221
402441.8125;5864806;-4035.830811
402502.125;5864806;-4034.399902
402562.4063;5864806;-4032.966553
402622.7188;5864806;-4031.537354
402683.0313;5864806;-4030.11499
402743.3125;5864806;-4028.702881
402803.625;5864806;-4027.301758
402863.9063;5864806;-4025.908691
402924.2188;5864806;-4024.521484
402984.5313;5864806;-4023.144287
403044.8125;5864806;-4021.772217
403105.125;5864806;-4020.394531
403165.4375;5864806;-4019.017578
403225.7188;5864806;-4017.635986
403286.0313;5864806;-4016.234619
403346.3125;5864806;-4014.818115
403406.625;5864806;-4013.384277
403466.9375;5864806;-4011.914307
403527.2188;5864806;-4010.407959
403587.5313;5864806;-4008.865234
403647.8438;5864806;-4007.270508
403708.125;5864806;-4005.628662
403768.4375;5864806;-4003.938965
403828.7188;5864806;-4002.196045
403889.0313;5864806;-4000.406494
403949.3438;5864806;-3998.562012
404009.625;5864806;-3996.656006
404069.9375;5864806;-3994.709961
404130.25;5864806;-3992.733643
404190.5313;5864806;-3990.720459
404250.8438;5864806;-3988.674072
404311.125;5864806;-3986.611328
404371.4375;5864806;-3984.540771
404431.75;5864806;-3982.470215
404492.0313;5864806;-3980.409912
404552.3438;5864806;-3978.373535
404612.625;5864806;-3976.371582
404672.9375;5864806;-3974.414551
404733.25;5864806;-3972.52124
404793.5313;5864806;-3970.697998
404853.8438;5864806;-3968.938965
404914.1563;5864806;-3967.275879
404974.4375;5864806;-3965.731201
405034.75;5864806;-3964.276855
405095.0313;5864806;-3962.915771
405155.3438;5864806;-3961.681396
405215.6563;5864806;-3960.597656
405275.9375;5864806;-3959.641846
405336.25;5864806;-3958.792236
405396.5625;5864806;-3958.07373
405456.8438;5864806;-3957.482178
405517.1563;5864806;-3956.992188
405577.4375;5864806;-3956.618408
405637.75;5864806;-3956.375732
405698.0625;5864806;-3956.248535
405758.3438;5864806;-3956.200439
405818.6563;5864806;-3956.225586
405878.9688;5864806;-3956.362305
405939.25;5864806;-3956.583496
405999.5625;5864806;-3956.859619
406059.8438;5864806;-3957.2229
406120.1563;5864806;-3957.657471
406180.4688;5864806;-3958.139404
406240.75;5864806;-3958.677246
406301.0625;5864806;-3959.262207
406361.375;5864806;-3959.879883
406421.6563;5864806;-3960.536865
406481.9688;5864806;-3961.229736
406542.25;5864806;-3961.949463
406602.5625;5864806;-3962.699951
406662.875;5864806;-3963.473145
406723.1563;5864806;-3964.260986
406783.4688;5864806;-3965.061035
406843.7813;5864806;-3965.873779
406904.0625;5864806;-3966.699463
406964.375;5864806;-3967.532715
407024.6563;5864806;-3968.368896
407084.9688;5864806;-3969.210938
407145.2813;5864806;-3970.057373
407205.5625;5864806;-3970.901855
407265.875;5864806;-3971.748291
407326.1875;5864806;-3972.594727
407386.4688;5864806;-3973.437012
407446.7813;5864806;-3974.276611
407507.0625;5864806;-3975.112793
407567.375;5864806;-3975.939453
407627.6875;5864806;-3976.758301
407687.9688;5864806;-3977.570068
407748.2813;5864806;-3978.369385
407808.5938;5864806;-3979.154785
407868.875;5864806;-3979.92627
407929.1875;5864806;-3980.682129
407989.4688;5864806;-3981.424316
408049.7813;5864806;-3982.150635
408110.0938;5864806;-3982.857422
408170.375;5864806;-3983.54541
408230.6875;5864806;-3984.213867
408291;5864806;-3984.856934
408351.2813;5864806;-3985.479492
408411.5938;5864806;-3986.085449
408471.875;5864806;-3986.668945
408532.1875;5864806;-3987.221191
408592.5;5864806;-3987.749023
408652.7813;5864806;-3988.256104
408713.0938;5864806;-3988.739502
408773.4063;5864806;-3989.192871
408833.6875;5864806;-3989.618652
408894;5864806;-3990.019287
408954.2813;5864806;-3990.396729
409014.5938;5864806;-3990.744141
409074.9063;5864806;-3991.063965
409135.1875;5864806;-3991.358154
409195.5;5864806;-3991.623047
409255.8125;5864806;-3991.852295
409316.0938;5864806;-3992.054932
409376.4063;5864806;-3992.23291
401356.4063;5864866.5;-4050.797607
401416.6875;5864866.5;-4050.392822
401477;5864866.5;-4049.986084
401537.3125;5864866.5;-4049.567139
401597.5938;5864866.5;-4049.109619
401657.9063;5864866.5;-4048.608154
401718.2188;5864866.5;-4048.05835
401778.5;5864866.5;-4047.449463
401838.8125;5864866.5;-4046.761963
401899.0938;5864866.5;-4046.001709
401959.4063;5864866.5;-4045.165039
402019.7188;5864866.5;-4044.234131
402080;5864866.5;-4043.195801
402140.3125;5864866.5;-4042.084229
402200.625;5864866.5;-4040.907715
402260.9063;5864866.5;-4039.65918
402321.2188;5864866.5;-4038.341064
402381.5;5864866.5;-4036.987061
402441.8125;5864866.5;-4035.608398
402502.125;5864866.5;-4034.213135
402562.4063;5864866.5;-4032.807373
402622.7188;5864866.5;-4031.397217
402683.0313;5864866.5;-4029.985596
402743.3125;5864866.5;-4028.576172
402803.625;5864866.5;-4027.171143
402863.9063;5864866.5;-4025.770264
402924.2188;5864866.5;-4024.371094
402984.5313;5864866.5;-4022.977051
403044.8125;5864866.5;-4021.583984
403105.125;5864866.5;-4020.18457
403165.4375;5864866.5;-4018.782959
403225.7188;5864866.5;-4017.375488
403286.0313;5864866.5;-4015.949707
403346.3125;5864866.5;-4014.508789
403406.625;5864866.5;-4013.05127
403466.9375;5864866.5;-4011.562256
403527.2188;5864866.5;-4010.039795
403587.5313;5864866.5;-4008.484131
403647.8438;5864866.5;-4006.883545
403708.125;5864866.5;-4005.242188
403768.4375;5864866.5;-4003.558594
403828.7188;5864866.5;-4001.82959
403889.0313;5864866.5;-4000.060059
403949.3438;5864866.5;-3998.243652
404009.625;5864866.5;-3996.374512
404069.9375;5864866.5;-3994.472656
404130.25;5864866.5;-3992.545166
404190.5313;5864866.5;-3990.587646
404250.8438;5864866.5;-3988.604004
404311.125;5864866.5;-3986.608643
404371.4375;5864866.5;-3984.608154
404431.75;5864866.5;-3982.611328
404492.0313;5864866.5;-3980.627441
404552.3438;5864866.5;-3978.666992
404612.625;5864866.5;-3976.740967
404672.9375;5864866.5;-3974.859375
404733.25;5864866.5;-3973.040527
404793.5313;5864866.5;-3971.287109
404853.8438;5864866.5;-3969.596436
404914.1563;5864866.5;-3967.997314
404974.4375;5864866.5;-3966.510742
405034.75;5864866.5;-3965.108887
405095.0313;5864866.5;-3963.795654
405155.3438;5864866.5;-3962.602051
405215.6563;5864866.5;-3961.549072
405275.9375;5864866.5;-3960.615967
405336.25;5864866.5;-3959.7854
405396.5625;5864866.5;-3959.07666
405456.8438;5864866.5;-3958.487061
405517.1563;5864866.5;-3957.995361
405577.4375;5864866.5;-3957.613037
405637.75;5864866.5;-3957.354736
405698.0625;5864866.5;-3957.206055
405758.3438;5864866.5;-3957.13208
405818.6563;5864866.5;-3957.129639
405878.9688;5864866.5;-3957.231445
405939.25;5864866.5;-3957.414307
405999.5625;5864866.5;-3957.651855
406059.8438;5864866.5;-3957.968994
406120.1563;5864866.5;-3958.354248
406180.4688;5864866.5;-3958.787354
406240.75;5864866.5;-3959.273926
406301.0625;5864866.5;-3959.806152
406361.375;5864866.5;-3960.372559
406421.6563;5864866.5;-3960.978271
406481.9688;5864866.5;-3961.620361
406542.25;5864866.5;-3962.291016
406602.5625;5864866.5;-3962.993896
406662.875;5864866.5;-3963.7229
406723.1563;5864866.5;-3964.467285
406783.4688;5864866.5;-3965.225098
406843.7813;5864866.5;-3965.999023
406904.0625;5864866.5;-3966.787109
406964.375;5864866.5;-3967.584473
407024.6563;5864866.5;-3968.386963
407084.9688;5864866.5;-3969.19751
407145.2813;5864866.5;-3970.012939
407205.5625;5864866.5;-3970.829102
407265.875;5864866.5;-3971.647949
407326.1875;5864866.5;-3972.468506
407386.4688;5864866.5;-3973.286621
407446.7813;5864866.5;-3974.103027
407507.0625;5864866.5;-3974.916504
407567.375;5864866.5;-3975.721924
407627.6875;5864866.5;-3976.52124
407687.9688;5864866.5;-3977.313721
407748.2813;5864866.5;-3978.094727
407808.5938;5864866.5;-3978.862793
407868.875;5864866.5;-3979.618652
407929.1875;5864866.5;-3980.359131
407989.4688;5864866.5;-3981.086914
408049.7813;5864866.5;-3981.799316
408110.0938;5864866.5;-3982.492676
408170.375;5864866.5;-3983.168701
408230.6875;5864866.5;-3983.825439
408291;5864866.5;-3984.458008
408351.2813;5864866.5;-3985.070801
408411.5938;5864866.5;-3985.666992
408471.875;5864866.5;-3986.241211
408532.1875;5864866.5;-3986.785156
408592.5;5864866.5;-3987.30542
408652.7813;5864866.5;-3987.805176
408713.0938;5864866.5;-3988.281982
408773.4063;5864866.5;-3988.729248
408833.6875;5864866.5;-3989.149414
408894;5864866.5;-3989.545166
408954.2813;5864866.5;-3989.917236
409014.5938;5864866.5;-3990.260498
409074.9063;5864866.5;-3990.57666
409135.1875;5864866.5;-3990.86792
409195.5;5864866.5;-3991.129639
409255.8125;5864866.5;-3991.357422
409316.0938;5864866.5;-3991.558594
409376.4063;5864866.5;-3991.736084
401356.4063;5864927;-4050.396729
401416.6875;5864927;-4049.993896
401477;5864927;-4049.582275
401537.3125;5864927;-4049.153809
401597.5938;5864927;-4048.681885
401657.9063;5864927;-4048.164551
401718.2188;5864927;-4047.598877
401778.5;5864927;-4046.975342
401838.8125;5864927;-4046.277344
401899.0938;5864927;-4045.511719
401959.4063;5864927;-4044.675781
402019.7188;5864927;-4043.75415
402080;5864927;-4042.735596
402140.3125;5864927;-4041.649902
402200.625;5864927;-4040.504883
402260.9063;5864927;-4039.292725
402321.2188;5864927;-4038.013428
402381.5;5864927;-4036.696533
402441.8125;5864927;-4035.353271
402502.125;5864927;-4033.989014
402562.4063;5864927;-4032.607422
402622.7188;5864927;-4031.213867
402683.0313;5864927;-4029.813477
402743.3125;5864927;-4028.409912
402803.625;5864927;-4027.00415
402863.9063;5864927;-4025.5979
402924.2188;5864927;-4024.190918
402984.5313;5864927;-4022.783936
403044.8125;5864927;-4021.374268
403105.125;5864927;-4019.957275
403165.4375;5864927;-4018.535889
403225.7188;5864927;-4017.107422
403286.0313;5864927;-4015.661133
403346.3125;5864927;-4014.199951
403406.625;5864927;-4012.7229
403466.9375;5864927;-4011.217773
403527.2188;5864927;-4009.682617
403587.5313;5864927;-4008.117676
403647.8438;5864927;-4006.513428
403708.125;5864927;-4004.874268
403768.4375;5864927;-4003.197754
403828.7188;5864927;-4001.482666
403889.0313;5864927;-3999.733154
403949.3438;5864927;-3997.943604
404009.625;5864927;-3996.110107
404069.9375;5864927;-3994.249023
404130.25;5864927;-3992.367432
404190.5313;5864927;-3990.46167
404250.8438;5864927;-3988.536621
404311.125;5864927;-3986.60376
404371.4375;5864927;-3984.669678
404431.75;5864927;-3982.741455
404492.0313;5864927;-3980.827881
404552.3438;5864927;-3978.939697
404612.625;5864927;-3977.084961
404672.9375;5864927;-3975.274414
404733.25;5864927;-3973.524658
404793.5313;5864927;-3971.837402
404853.8438;5864927;-3970.211182
404914.1563;5864927;-3968.672363
404974.4375;5864927;-3967.239258
405034.75;5864927;-3965.887207
405095.0313;5864927;-3964.61792
405155.3438;5864927;-3963.46167
405215.6563;5864927;-3962.4375
405275.9375;5864927;-3961.524902
405336.25;5864927;-3960.710205
405396.5625;5864927;-3960.009033
405456.8438;5864927;-3959.419678
405517.1563;5864927;-3958.924072
405577.4375;5864927;-3958.531982
405637.75;5864927;-3958.257568
405698.0625;5864927;-3958.086182
405758.3438;5864927;-3957.986816
405818.6563;5864927;-3957.956299
405878.9688;5864927;-3958.024658
405939.25;5864927;-3958.171631
405999.5625;5864927;-3958.373047
406059.8438;5864927;-3958.648438
406120.1563;5864927;-3958.989502
406180.4688;5864927;-3959.37915
406240.75;5864927;-3959.820557
406301.0625;5864927;-3960.305908
406361.375;5864927;-3960.827881
406421.6563;5864927;-3961.388916
406481.9688;5864927;-3961.986084
406542.25;5864927;-3962.614014
406602.5625;5864927;-3963.275879
406662.875;5864927;-3963.9646
406723.1563;5864927;-3964.669434
406783.4688;5864927;-3965.389893
406843.7813;5864927;-3966.128662
406904.0625;5864927;-3966.882568
406964.375;5864927;-3967.646973
407024.6563;5864927;-3968.418945
407084.9688;5864927;-3969.199219
407145.2813;5864927;-3969.98584
407205.5625;5864927;-3970.774902
407265.875;5864927;-3971.567871
407326.1875;5864927;-3972.363525
407386.4688;5864927;-3973.158203
407446.7813;5864927;-3973.952148
407507.0625;5864927;-3974.743652
407567.375;5864927;-3975.529053
407627.6875;5864927;-3976.308838
407687.9688;5864927;-3977.083008
407748.2813;5864927;-3977.846436
407808.5938;5864927;-3978.5979
407868.875;5864927;-3979.337402
407929.1875;5864927;-3980.063232
407989.4688;5864927;-3980.776855
408049.7813;5864927;-3981.475586
408110.0938;5864927;-3982.156494
408170.375;5864927;-3982.820313
408230.6875;5864927;-3983.466064
408291;5864927;-3984.087891
408351.2813;5864927;-3984.690918
408411.5938;5864927;-3985.277588
408471.875;5864927;-3985.843262
408532.1875;5864927;-3986.37915
408592.5;5864927;-3986.891602
408652.7813;5864927;-3987.383789
408713.0938;5864927;-3987.854004
408773.4063;5864927;-3988.294922
408833.6875;5864927;-3988.708984
408894;5864927;-3989.099609
408954.2813;5864927;-3989.466797
409014.5938;5864927;-3989.805908
409074.9063;5864927;-3990.118652
409135.1875;5864927;-3990.40625
409195.5;5864927;-3990.665771
409255.8125;5864927;-3990.891113
409316.0938;5864927;-3991.091309
409376.4063;5864927;-3991.267578
401356.4063;5864988;-4049.99292
401416.6875;5864988;-4049.592773
401477;5864988;-4049.178955
401537.3125;5864988;-4048.742676
401597.5938;5864988;-4048.259766
401657.9063;5864988;-4047.730225
401718.2188;5864988;-4047.153564
401778.5;5864988;-4046.519531
401838.8125;5864988;-4045.81543
401899.0938;5864988;-4045.047852
401959.4063;5864988;-4044.214844
402019.7188;5864988;-4043.30249
402080;5864988;-4042.301514
402140.3125;5864988;-4041.238037
402200.625;5864988;-4040.119141
402260.9063;5864988;-4038.937256
402321.2188;5864988;-4037.689697
402381.5;5864988;-4036.40332
402441.8125;5864988;-4035.088623
402502.125;5864988;-4033.750488
402562.4063;5864988;-4032.388916
402622.7188;5864988;-4031.010742
402683.0313;5864988;-4029.620361
402743.3125;5864988;-4028.22168
402803.625;5864988;-4026.815918
402863.9063;5864988;-4025.406494
402924.2188;5864988;-4023.993408
402984.5313;5864988;-4022.575195
403044.8125;5864988;-4021.150879
403105.125;5864988;-4019.719238
403165.4375;5864988;-4018.281494
403225.7188;5864988;-4016.834717
403286.0313;5864988;-4015.371094
403346.3125;5864988;-4013.893555
403406.625;5864988;-4012.400146
403466.9375;5864988;-4010.882568
403527.2188;5864988;-4009.337402
403587.5313;5864988;-4007.765381
403647.8438;5864988;-4006.160156
403708.125;5864988;-4004.523926
403768.4375;5864988;-4002.855713
403828.7188;5864988;-4001.155029
403889.0313;5864988;-3999.425049
403949.3438;5864988;-3997.661133
404009.625;5864988;-3995.861328
404069.9375;5864988;-3994.039307
404130.25;5864988;-3992.200928
404190.5313;5864988;-3990.343994
404250.8438;5864988;-3988.473389
404311.125;5864988;-3986.599121
404371.4375;5864988;-3984.726807
404431.75;5864988;-3982.862549
404492.0313;5864988;-3981.015381
404552.3438;5864988;-3979.193604
404612.625;5864988;-3977.405762
404672.9375;5864988;-3975.661621
404733.25;5864988;-3973.976074
404793.5313;5864988;-3972.349609
404853.8438;5864988;-3970.782227
404914.1563;5864988;-3969.298584
404974.4375;5864988;-3967.915039
405034.75;5864988;-3966.60791
405095.0313;5864988;-3965.37915
405155.3438;5864988;-3964.257568
405215.6563;5864988;-3963.259277
405275.9375;5864988;-3962.366211
405336.25;5864988;-3961.566406
405396.5625;5864988;-3960.873779
405456.8438;5864988;-3960.285889
405517.1563;5864988;-3959.788086
405577.4375;5864988;-3959.387939
405637.75;5864988;-3959.099609
405698.0625;5864988;-3958.910156
405758.3438;5864988;-3958.789307
405818.6563;5864988;-3958.734375
405878.9688;5864988;-3958.772949
405939.25;5864988;-3958.888428
405999.5625;5864988;-3959.057617
406059.8438;5864988;-3959.294922
406120.1563;5864988;-3959.595459
406180.4688;5864988;-3959.945557
406240.75;5864988;-3960.345215
406301.0625;5864988;-3960.787598
406361.375;5864988;-3961.267334
406421.6563;5864988;-3961.787598
406481.9688;5864988;-3962.343018
406542.25;5864988;-3962.929932
406602.5625;5864988;-3963.552734
406662.875;5864988;-3964.203369
406723.1563;5864988;-3964.871826
406783.4688;5864988;-3965.556885
406843.7813;5864988;-3966.262207
406904.0625;5864988;-3966.983887
406964.375;5864988;-3967.717529
407024.6563;5864988;-3968.459473
407084.9688;5864988;-3969.211182
407145.2813;5864988;-3969.970459
407205.5625;5864988;-3970.734131
407265.875;5864988;-3971.502441
407326.1875;5864988;-3972.274902
407386.4688;5864988;-3973.047363
407446.7813;5864988;-3973.819824
407507.0625;5864988;-3974.59082
407567.375;5864988;-3975.356689
407627.6875;5864988;-3976.117676
407687.9688;5864988;-3976.874268
407748.2813;5864988;-3977.620605
407808.5938;5864988;-3978.356445
407868.875;5864988;-3979.080811
407929.1875;5864988;-3979.79248
407989.4688;5864988;-3980.492432
408049.7813;5864988;-3981.178223
408110.0938;5864988;-3981.847412
408170.375;5864988;-3982.5
408230.6875;5864988;-3983.134521
408291;5864988;-3983.746582
408351.2813;5864988;-3984.3396
408411.5938;5864988;-3984.917236
408471.875;5864988;-3985.474121
408532.1875;5864988;-3986.001953
408592.5;5864988;-3986.507324
408652.7813;5864988;-3986.992432
408713.0938;5864988;-3987.455811
408773.4063;5864988;-3987.890381
408833.6875;5864988;-3988.298828
408894;5864988;-3988.684326
408954.2813;5864988;-3989.046875
409014.5938;5864988;-3989.381592
409074.9063;5864988;-3989.689941
409135.1875;5864988;-3989.974609
409195.5;5864988;-3990.231201
409255.8125;5864988;-3990.455078
409316.0938;5864988;-3990.654297
409376.4063;5864988;-3990.830811
401356.4063;5865048.5;-4049.60083
401416.6875;5865048.5;-4049.202393
401477;5865048.5;-4048.785889
401537.3125;5865048.5;-4048.34375
401597.5938;5865048.5;-4047.852051
401657.9063;5865048.5;-4047.314209
401718.2188;5865048.5;-4046.72998
401778.5;5865048.5;-4046.089355
401838.8125;5865048.5;-4045.381104
401899.0938;5865048.5;-4044.614746
401959.4063;5865048.5;-4043.7854
402019.7188;5865048.5;-4042.882324
402080;5865048.5;-4041.896484
402140.3125;5865048.5;-4040.851807
402200.625;5865048.5;-4039.754883
402260.9063;5865048.5;-4038.5979
402321.2188;5865048.5;-4037.375977
402381.5;5865048.5;-4036.114258
402441.8125;5865048.5;-4034.823486
402502.125;5865048.5;-4033.506104
402562.4063;5865048.5;-4032.161621
402622.7188;5865048.5;-4030.79541
402683.0313;5865048.5;-4029.413574
402743.3125;5865048.5;-4028.019287
402803.625;5865048.5;-4026.61377
402863.9063;5865048.5;-4025.201416
402924.2188;5865048.5;-4023.783447
402984.5313;5865048.5;-4022.356201
403044.8125;5865048.5;-4020.92041
403105.125;5865048.5;-4019.476318
403165.4375;5865048.5;-4018.024902
403225.7188;5865048.5;-4016.563721
403286.0313;5865048.5;-4015.086426
403346.3125;5865048.5;-4013.594971
403406.625;5865048.5;-4012.088623
403466.9375;5865048.5;-4010.561279
403527.2188;5865048.5;-4009.008545
403587.5313;5865048.5;-4007.431641
403647.8438;5865048.5;-4005.827148
403708.125;5865048.5;-4004.195313
403768.4375;5865048.5;-4002.536133
403828.7188;5865048.5;-4000.849365
403889.0313;5865048.5;-3999.138672
403949.3438;5865048.5;-3997.399658
404009.625;5865048.5;-3995.631348
404069.9375;5865048.5;-3993.845459
404130.25;5865048.5;-3992.046631
404190.5313;5865048.5;-3990.234863
404250.8438;5865048.5;-3988.415039
404311.125;5865048.5;-3986.594238
404371.4375;5865048.5;-3984.778076
404431.75;5865048.5;-3982.973389
404492.0313;5865048.5;-3981.187012
404552.3438;5865048.5;-3979.425781
404612.625;5865048.5;-3977.698242
404672.9375;5865048.5;-3976.014893
404733.25;5865048.5;-3974.387451
404793.5313;5865048.5;-3972.816895
404853.8438;5865048.5;-3971.303223
404914.1563;5865048.5;-3969.869629
404974.4375;5865048.5;-3968.530273
405034.75;5865048.5;-3967.26416
405095.0313;5865048.5;-3966.07251
405155.3438;5865048.5;-3964.981445
405215.6563;5865048.5;-3964.007324
405275.9375;5865048.5;-3963.13208
405336.25;5865048.5;-3962.347168
405396.5625;5865048.5;-3961.662598
405456.8438;5865048.5;-3961.07666
405517.1563;5865048.5;-3960.577881
405577.4375;5865048.5;-3960.171875
405637.75;5865048.5;-3959.873047
405698.0625;5865048.5;-3959.666748
405758.3438;5865048.5;-3959.527832
405818.6563;5865048.5;-3959.452148
405878.9688;5865048.5;-3959.465088
405939.25;5865048.5;-3959.552734
405999.5625;5865048.5;-3959.693359
406059.8438;5865048.5;-3959.897217
406120.1563;5865048.5;-3960.161865
406180.4688;5865048.5;-3960.476074
406240.75;5865048.5;-3960.838379
406301.0625;5865048.5;-3961.241699
406361.375;5865048.5;-3961.684326
406421.6563;5865048.5;-3962.165771
406481.9688;5865048.5;-3962.68335
406542.25;5865048.5;-3963.233398
406602.5625;5865048.5;-3963.820557
406662.875;5865048.5;-3964.436279
406723.1563;5865048.5;-3965.070557
406783.4688;5865048.5;-3965.7229
406843.7813;5865048.5;-3966.397217
406904.0625;5865048.5;-3967.088867
406964.375;5865048.5;-3967.793457
407024.6563;5865048.5;-3968.508057
407084.9688;5865048.5;-3969.233643
407145.2813;5865048.5;-3969.967041
407205.5625;5865048.5;-3970.706787
407265.875;5865048.5;-3971.452393
407326.1875;5865048.5;-3972.202637
407386.4688;5865048.5;-3972.95459
407446.7813;5865048.5;-3973.706787
407507.0625;5865048.5;-3974.45874
407567.375;5865048.5;-3975.206543
407627.6875;5865048.5;-3975.950439
407687.9688;5865048.5;-3976.689697
407748.2813;5865048.5;-3977.42041
407808.5938;5865048.5;-3978.141357
407868.875;5865048.5;-3978.851318
407929.1875;5865048.5;-3979.549805
407989.4688;5865048.5;-3980.236816
408049.7813;5865048.5;-3980.910889
408110.0938;5865048.5;-3981.568115
408170.375;5865048.5;-3982.209473
408230.6875;5865048.5;-3982.833984
408291;5865048.5;-3983.435791
408351.2813;5865048.5;-3984.02002
408411.5938;5865048.5;-3984.589111
408471.875;5865048.5;-3985.137695
408532.1875;5865048.5;-3985.657715
408592.5;5865048.5;-3986.155762
408652.7813;5865048.5;-3986.634033
408713.0938;5865048.5;-3987.091064
408773.4063;5865048.5;-3987.519287
408833.6875;5865048.5;-3987.922119
408894;5865048.5;-3988.301758
408954.2813;5865048.5;-3988.659912
409014.5938;5865048.5;-3988.989502
409074.9063;5865048.5;-3989.294678
409135.1875;5865048.5;-3989.575928
409195.5;5865048.5;-3989.830322
409255.8125;5865048.5;-3990.05249
409316.0938;5865048.5;-3990.251465
409376.4063;5865048.5;-3990.427734
401356.4063;5865109;-4049.223633
401416.6875;5865109;-4048.825195
401477;5865109;-4048.406006
401537.3125;5865109;-4047.958984
401597.5938;5865109;-4047.460938
401657.9063;5865109;-4046.916504
401718.2188;5865109;-4046.326172
401778.5;5865109;-4045.680664
401838.8125;5865109;-4044.970947
401899.0938;5865109;-4044.205811
401959.4063;5865109;-4043.381104
402019.7188;5865109;-4042.486816
402080;5865109;-4041.51416
402140.3125;5865109;-4040.48584
402200.625;5865109;-4039.407471
402260.9063;5865109;-4038.271484
402321.2188;5865109;-4037.071533
402381.5;5865109;-4035.831055
402441.8125;5865109;-4034.55957
402502.125;5865109;-4033.260498
402562.4063;5865109;-4031.930664
402622.7188;5865109;-4030.575439
402683.0313;5865109;-4029.201416
402743.3125;5865109;-4027.811523
402803.625;5865109;-4026.407227
402863.9063;5865109;-4024.992432
402924.2188;5865109;-4023.570313
402984.5313;5865109;-4022.13623
403044.8125;5865109;-4020.690186
403105.125;5865109;-4019.236084
403165.4375;5865109;-4017.773682
403225.7188;5865109;-4016.299316
403286.0313;5865109;-4014.810547
403346.3125;5865109;-4013.307861
403406.625;5865109;-4011.790283
403466.9375;5865109;-4010.255127
403527.2188;5865109;-4008.697021
403587.5313;5865109;-4007.116699
403647.8438;5865109;-4005.513672
403708.125;5865109;-4003.887207
403768.4375;5865109;-4002.236328
403828.7188;5865109;-4000.564209
403889.0313;5865109;-3998.871582
403949.3438;5865109;-3997.155273
404009.625;5865109;-3995.416504
404069.9375;5865109;-3993.664063
404130.25;5865109;-3991.901855
404190.5313;5865109;-3990.131836
404250.8438;5865109;-3988.357666
404311.125;5865109;-3986.586426
404371.4375;5865109;-3984.82251
404431.75;5865109;-3983.071533
404492.0313;5865109;-3981.340576
404552.3438;5865109;-3979.635986
404612.625;5865109;-3977.964355
404672.9375;5865109;-3976.33667
404733.25;5865109;-3974.762939
404793.5313;5865109;-3973.243652
404853.8438;5865109;-3971.779053
404914.1563;5865109;-3970.391846
404974.4375;5865109;-3969.093506
405034.75;5865109;-3967.864502
405095.0313;5865109;-3966.706543
405155.3438;5865109;-3965.644531
405215.6563;5865109;-3964.692139
405275.9375;5865109;-3963.83374
405336.25;5865109;-3963.060791
405396.5625;5865109;-3962.383057
405456.8438;5865109;-3961.799072
405517.1563;5865109;-3961.298828
405577.4375;5865109;-3960.886475
405637.75;5865109;-3960.576172
405698.0625;5865109;-3960.35498
405758.3438;5865109;-3960.197754
405818.6563;5865109;-3960.102783
405878.9688;5865109;-3960.091797
405939.25;5865109;-3960.153564
405999.5625;5865109;-3960.267578
406059.8438;5865109;-3960.441162
406120.1563;5865109;-3960.673584
406180.4688;5865109;-3960.955811
406240.75;5865109;-3961.284912
406301.0625;5865109;-3961.654785
406361.375;5865109;-3962.064209
406421.6563;5865109;-3962.513184
406481.9688;5865109;-3962.997559
406542.25;5865109;-3963.514893
406602.5625;5865109;-3964.070801
406662.875;5865109;-3964.655518
406723.1563;5865109;-3965.259521
406783.4688;5865109;-3965.882324
406843.7813;5865109;-3966.528809
406904.0625;5865109;-3967.193115
406964.375;5865109;-3967.871582
407024.6563;5865109;-3968.560791
407084.9688;5865109;-3969.261963
407145.2813;5865109;-3969.972412
407205.5625;5865109;-3970.689941
407265.875;5865109;-3971.413574
407326.1875;5865109;-3972.143311
407386.4688;5865109;-3972.875732
407446.7813;5865109;-3973.609619
407507.0625;5865109;-3974.343018
407567.375;5865109;-3975.07373
407627.6875;5865109;-3975.80127
407687.9688;5865109;-3976.524414
407748.2813;5865109;-3977.23999
407808.5938;5865109;-3977.947021
407868.875;5865109;-3978.643311
407929.1875;5865109;-3979.329102
407989.4688;5865109;-3980.004395
408049.7813;5865109;-3980.666748
408110.0938;5865109;-3981.313477
408170.375;5865109;-3981.944092
408230.6875;5865109;-3982.55835
408291;5865109;-3983.151367
408351.2813;5865109;-3983.726807
408411.5938;5865109;-3984.287109
408471.875;5865109;-3984.827881
408532.1875;5865109;-3985.34082
408592.5;5865109;-3985.831543
408652.7813;5865109;-3986.30249
408713.0938;5865109;-3986.753418
408773.4063;5865109;-3987.175537
408833.6875;5865109;-3987.572998
408894;5865109;-3987.947754
408954.2813;5865109;-3988.300049
409014.5938;5865109;-3988.625977
409074.9063;5865109;-3988.927002
409135.1875;5865109;-3989.204834
409195.5;5865109;-3989.456299
409255.8125;5865109;-3989.677246
409316.0938;5865109;-3989.875244
409376.4063;5865109;-3990.052979
401356.4063;5865169.5;-4048.869141
401416.6875;5865169.5;-4048.469238
401477;5865169.5;-4048.046631
401537.3125;5865169.5;-4047.596191
401597.5938;5865169.5;-4047.093018
401657.9063;5865169.5;-4046.543457
401718.2188;5865169.5;-4045.949463
401778.5;5865169.5;-4045.30127
401838.8125;5865169.5;-4044.591553
401899.0938;5865169.5;-4043.828125
401959.4063;5865169.5;-4043.008301
402019.7188;5865169.5;-4042.121826
402080;5865169.5;-4041.161377
402140.3125;5865169.5;-4040.147217
402200.625;5865169.5;-4039.084961
402260.9063;5865169.5;-4037.966309
402321.2188;5865169.5;-4036.784424
402381.5;5865169.5;-4035.562012
402441.8125;5865169.5;-4034.307129
402502.125;5865169.5;-4033.022949
402562.4063;5865169.5;-4031.70459
402622.7188;5865169.5;-4030.359131
402683.0313;5865169.5;-4028.991211
402743.3125;5865169.5;-4027.605225
402803.625;5865169.5;-4026.200684
402863.9063;5865169.5;-4024.783936
402924.2188;5865169.5;-4023.358398
402984.5313;5865169.5;-4021.917969
403044.8125;5865169.5;-4020.462891
403105.125;5865169.5;-4019.000488
403165.4375;5865169.5;-4017.527588
403225.7188;5865169.5;-4016.042969
403286.0313;5865169.5;-4014.544434
403346.3125;5865169.5;-4013.031494
403406.625;5865169.5;-4011.505127
403466.9375;5865169.5;-4009.963623
403527.2188;5865169.5;-4008.401123
403587.5313;5865169.5;-4006.818848
403647.8438;5865169.5;-4005.21875
403708.125;5865169.5;-4003.5979
403768.4375;5865169.5;-4001.956299
403828.7188;5865169.5;-4000.298096
403889.0313;5865169.5;-3998.622559
403949.3438;5865169.5;-3996.928467
404009.625;5865169.5;-3995.216797
404069.9375;5865169.5;-3993.49585
404130.25;5865169.5;-3991.768311
404190.5313;5865169.5;-3990.035889
404250.8438;5865169.5;-3988.304688
404311.125;5865169.5;-3986.579102
404371.4375;5865169.5;-3984.863037
404431.75;5865169.5;-3983.161377
404492.0313;5865169.5;-3981.481445
404552.3438;5865169.5;-3979.828369
404612.625;5865169.5;-3978.208008
404672.9375;5865169.5;-3976.631348
404733.25;5865169.5;-3975.107422
404793.5313;5865169.5;-3973.634521
404853.8438;5865169.5;-3972.215088
404914.1563;5865169.5;-3970.869385
404974.4375;5865169.5;-3969.608398
405034.75;5865169.5;-3968.414063
405095.0313;5865169.5;-3967.286865
405155.3438;5865169.5;-3966.250732
405215.6563;5865169.5;-3965.318604
405275.9375;5865169.5;-3964.475342
405336.25;5865169.5;-3963.714355
405396.5625;5865169.5;-3963.043457
405456.8438;5865169.5;-3962.462646
405517.1563;5865169.5;-3961.961914
405577.4375;5865169.5;-3961.544434
405637.75;5865169.5;-3961.225586
405698.0625;5865169.5;-3960.991455
405758.3438;5865169.5;-3960.818848
405818.6563;5865169.5;-3960.707031
405878.9688;5865169.5;-3960.675293
405939.25;5865169.5;-3960.7146
405999.5625;5865169.5;-3960.80542
406059.8438;5865169.5;-3960.95166
406120.1563;5865169.5;-3961.155273
406180.4688;5865169.5;-3961.408936
406240.75;5865169.5;-3961.70752
406301.0625;5865169.5;-3962.047119
406361.375;5865169.5;-3962.42627
406421.6563;5865169.5;-3962.844482
406481.9688;5865169.5;-3963.29834
406542.25;5865169.5;-3963.785645
406602.5625;5865169.5;-3964.312012
406662.875;5865169.5;-3964.868164
406723.1563;5865169.5;-3965.444336
406783.4688;5865169.5;-3966.039551
406843.7813;5865169.5;-3966.65918
406904.0625;5865169.5;-3967.299072
406964.375;5865169.5;-3967.952393
407024.6563;5865169.5;-3968.618164
407084.9688;5865169.5;-3969.296631
407145.2813;5865169.5;-3969.985352
407205.5625;5865169.5;-3970.682129
407265.875;5865169.5;-3971.385742
407326.1875;5865169.5;-3972.096191
407386.4688;5865169.5;-3972.810059
407446.7813;5865169.5;-3973.526123
407507.0625;5865169.5;-3974.242432
407567.375;5865169.5;-3974.957275
407627.6875;5865169.5;-3975.669189
407687.9688;5865169.5;-3976.377197
407748.2813;5865169.5;-3977.079346
407808.5938;5865169.5;-3977.772705
407868.875;5865169.5;-3978.456299
407929.1875;5865169.5;-3979.130371
407989.4688;5865169.5;-3979.794434
408049.7813;5865169.5;-3980.445313
408110.0938;5865169.5;-3981.082031
408170.375;5865169.5;-3981.703125
408230.6875;5865169.5;-3982.307861
408291;5865169.5;-3982.891846
408351.2813;5865169.5;-3983.459229
408411.5938;5865169.5;-3984.011719
408471.875;5865169.5;-3984.544922
408532.1875;5865169.5;-3985.050537
408592.5;5865169.5;-3985.53418
408652.7813;5865169.5;-3985.998779
408713.0938;5865169.5;-3986.443359
408773.4063;5865169.5;-3986.859863
408833.6875;5865169.5;-3987.251465
408894;5865169.5;-3987.620605
408954.2813;5865169.5;-3987.967773
409014.5938;5865169.5;-3988.288818
409074.9063;5865169.5;-3988.585693
409135.1875;5865169.5;-3988.860107
409195.5;5865169.5;-3989.108887
409255.8125;5865169.5;-3989.328125
409316.0938;5865169.5;-3989.525879
409376.4063;5865169.5;-3989.704102
401356.4063;5865230;-4048.542725
401416.6875;5865230;-4048.140625
401477;5865230;-4047.71582
401537.3125;5865230;-4047.262207
401597.5938;5865230;-4046.755615
401657.9063;5865230;-4046.202637
401718.2188;5865230;-4045.607178
401778.5;5865230;-4044.958252
401838.8125;5865230;-4044.249023
401899.0938;5865230;-4043.489014
401959.4063;5865230;-4042.673828
402019.7188;5865230;-4041.794922
402080;5865230;-4040.844727
402140.3125;5865230;-4039.842529
402200.625;5865230;-4038.793457
402260.9063;5865230;-4037.689453
402321.2188;5865230;-4036.522217
402381.5;5865230;-4035.313232
402441.8125;5865230;-4034.072021
402502.125;5865230;-4032.799316
402562.4063;5865230;-4031.490723
402622.7188;5865230;-4030.151611
402683.0313;5865230;-4028.789063
402743.3125;5865230;-4027.405029
402803.625;5865230;-4026.000732
402863.9063;5865230;-4024.581543
402924.2188;5865230;-4023.152344
402984.5313;5865230;-4021.706299
403044.8125;5865230;-4020.243652
403105.125;5865230;-4018.773682
403165.4375;5865230;-4017.29248
403225.7188;5865230;-4015.798584
403286.0313;5865230;-4014.291748
403346.3125;5865230;-4012.77124
403406.625;5865230;-4011.237061
403466.9375;5865230;-4009.690918
403527.2188;5865230;-4008.125488
403587.5313;5865230;-4006.542236
403647.8438;5865230;-4004.945313
403708.125;5865230;-4003.330322
403768.4375;5865230;-4001.697754
403828.7188;5865230;-4000.052246
403889.0313;5865230;-3998.393311
403949.3438;5865230;-3996.719482
404009.625;5865230;-3995.033691
404069.9375;5865230;-3993.341064
404130.25;5865230;-3991.644531
404190.5313;5865230;-3989.94751
404250.8438;5865230;-3988.255127
404311.125;5865230;-3986.570557
404371.4375;5865230;-3984.897461
404431.75;5865230;-3983.240479
404492.0313;5865230;-3981.606689
404552.3438;5865230;-3979.999756
404612.625;5865230;-3978.425781
404672.9375;5865230;-3976.894775
404733.25;5865230;-3975.414795
404793.5313;5865230;-3973.983887
404853.8438;5865230;-3972.604248
404914.1563;5865230;-3971.296387
404974.4375;5865230;-3970.068848
405034.75;5865230;-3968.904785
405095.0313;5865230;-3967.805176
405155.3438;5865230;-3966.792725
405215.6563;5865230;-3965.878418
405275.9375;5865230;-3965.049805
405336.25;5865230;-3964.299561
405396.5625;5865230;-3963.635742
405456.8438;5865230;-3963.058105
405517.1563;5865230;-3962.557861
405577.4375;5865230;-3962.138184
405637.75;5865230;-3961.8125
405698.0625;5865230;-3961.567627
405758.3438;5865230;-3961.383301
405818.6563;5865230;-3961.257568
405878.9688;5865230;-3961.20874
405939.25;5865230;-3961.228271
405999.5625;5865230;-3961.299316
406059.8438;5865230;-3961.421875
406120.1563;5865230;-3961.599609
406180.4688;5865230;-3961.828369
406240.75;5865230;-3962.100342
406301.0625;5865230;-3962.412354
406361.375;5865230;-3962.764893
406421.6563;5865230;-3963.156006
406481.9688;5865230;-3963.581543
406542.25;5865230;-3964.041748
406602.5625;5865230;-3964.54126
406662.875;5865230;-3965.071045
406723.1563;5865230;-3965.621094
406783.4688;5865230;-3966.191895
406843.7813;5865230;-3966.787598
406904.0625;5865230;-3967.403564
406964.375;5865230;-3968.034912
407024.6563;5865230;-3968.678955
407084.9688;5865230;-3969.33667
407145.2813;5865230;-3970.005371
407205.5625;5865230;-3970.682861
407265.875;5865230;-3971.36792
407326.1875;5865230;-3972.060547
407386.4688;5865230;-3972.757813
407446.7813;5865230;-3973.457031
407507.0625;5865230;-3974.157471
407567.375;5865230;-3974.857422
407627.6875;5865230;-3975.555176
407687.9688;5865230;-3976.249756
407748.2813;5865230;-3976.938965
407808.5938;5865230;-3977.620117
407868.875;5865230;-3978.291992
407929.1875;5865230;-3978.955322
407989.4688;5865230;-3979.608643
408049.7813;5865230;-3980.249756
408110.0938;5865230;-3980.876465
408170.375;5865230;-3981.488525
408230.6875;5865230;-3982.084473
408291;5865230;-3982.660645
408351.2813;5865230;-3983.220215
408411.5938;5865230;-3983.764648
408471.875;5865230;-3984.291016
408532.1875;5865230;-3984.789551
408592.5;5865230;-3985.266357
408652.7813;5865230;-3985.725342
408713.0938;5865230;-3986.163574
408773.4063;5865230;-3986.574219
408833.6875;5865230;-3986.959717
408894;5865230;-3987.323975
408954.2813;5865230;-3987.666016
409014.5938;5865230;-3987.982178
409074.9063;5865230;-3988.274658
409135.1875;5865230;-3988.545166
409195.5;5865230;-3988.790527
409255.8125;5865230;-3989.008057
409316.0938;5865230;-3989.205566
409376.4063;5865230;-3989.384277
401356.4063;5865291;-4048.245605
401416.6875;5865291;-4047.842041
401477;5865291;-4047.415527
401537.3125;5865291;-4046.960938
401597.5938;5865291;-4046.452637
401657.9063;5865291;-4045.899902
401718.2188;5865291;-4045.304688
401778.5;5865291;-4044.656738
401838.8125;5865291;-4043.949951
401899.0938;5865291;-4043.193604
401959.4063;5865291;-4042.383545
402019.7188;5865291;-4041.511963
402080;5865291;-4040.570801
402140.3125;5865291;-4039.578857
402200.625;5865291;-4038.540039
402260.9063;5865291;-4037.447998
402321.2188;5865291;-4036.29248
402381.5;5865291;-4035.094971
402441.8125;5865291;-4033.864258
402502.125;5865291;-4032.600342
402562.4063;5865291;-4031.298828
402622.7188;5865291;-4029.965088
402683.0313;5865291;-4028.605469
402743.3125;5865291;-4027.223633
402803.625;5865291;-4025.818115
402863.9063;5865291;-4024.396973
402924.2188;5865291;-4022.964111
402984.5313;5865291;-4021.512451
403044.8125;5865291;-4020.042725
403105.125;5865291;-4018.566406
403165.4375;5865291;-4017.077637
403225.7188;5865291;-4015.575439
403286.0313;5865291;-4014.061523
403346.3125;5865291;-4012.533936
403406.625;5865291;-4010.993164
403466.9375;5865291;-4009.444092
403527.2188;5865291;-4007.875977
403587.5313;5865291;-4006.292236
403647.8438;5865291;-4004.698486
403708.125;5865291;-4003.089111
403768.4375;5865291;-4001.464111
403828.7188;5865291;-3999.830566
403889.0313;5865291;-3998.186035
403949.3438;5865291;-3996.530029
404009.625;5865291;-3994.865723
404069.9375;5865291;-3993.198242
404130.25;5865291;-3991.529053
404190.5313;5865291;-3989.862549
404250.8438;5865291;-3988.203857
404311.125;5865291;-3986.555176
404371.4375;5865291;-3984.919189
404431.75;5865291;-3983.301025
404492.0313;5865291;-3981.707275
404552.3438;5865291;-3980.140869
404612.625;5865291;-3978.606689
404672.9375;5865291;-3977.115234
404733.25;5865291;-3975.674072
404793.5313;5865291;-3974.279541
404853.8438;5865291;-3972.934814
404914.1563;5865291;-3971.658936
404974.4375;5865291;-3970.460449
405034.75;5865291;-3969.323242
405095.0313;5865291;-3968.247803
405155.3438;5865291;-3967.255615
405215.6563;5865291;-3966.35791
405275.9375;5865291;-3965.54126
405336.25;5865291;-3964.801025
405396.5625;5865291;-3964.143799
405456.8438;5865291;-3963.569824
405517.1563;5865291;-3963.069824
405577.4375;5865291;-3962.648438
405637.75;5865291;-3962.317139
405698.0625;5865291;-3962.063721
405758.3438;5865291;-3961.869141
405818.6563;5865291;-3961.731934
405878.9688;5865291;-3961.668213
405939.25;5865291;-3961.671875
405999.5625;5865291;-3961.725098
406059.8438;5865291;-3961.827881
406120.1563;5865291;-3961.984375
406180.4688;5865291;-3962.191406
406240.75;5865291;-3962.440918
406301.0625;5865291;-3962.729004
406361.375;5865291;-3963.059082
406421.6563;5865291;-3963.427002
406481.9688;5865291;-3963.828857
406542.25;5865291;-3964.265625
406602.5625;5865291;-3964.742676
406662.875;5865291;-3965.249512
406723.1563;5865291;-3965.7771
406783.4688;5865291;-3966.326416
406843.7813;5865291;-3966.901367
406904.0625;5865291;-3967.497314
406964.375;5865291;-3968.108643
407024.6563;5865291;-3968.734131
407084.9688;5865291;-3969.373291
407145.2813;5865291;-3970.02417
407205.5625;5865291;-3970.685303
407265.875;5865291;-3971.354004
407326.1875;5865291;-3972.030273
407386.4688;5865291;-3972.712891
407446.7813;5865291;-3973.397705
407507.0625;5865291;-3974.084473
407567.375;5865291;-3974.771729
407627.6875;5865291;-3975.456543
407687.9688;5865291;-3976.138428
407748.2813;5865291;-3976.816406
407808.5938;5865291;-3977.487061
407868.875;5865291;-3978.148438
407929.1875;5865291;-3978.801514
407989.4688;5865291;-3979.446289
408049.7813;5865291;-3980.077881
408110.0938;5865291;-3980.696289
408170.375;5865291;-3981.300293
408230.6875;5865291;-3981.888428
408291;5865291;-3982.45752
408351.2813;5865291;-3983.01001
408411.5938;5865291;-3983.548096
408471.875;5865291;-3984.067383
408532.1875;5865291;-3984.559814
408592.5;5865291;-3985.03125
408652.7813;5865291;-3985.484131
408713.0938;5865291;-3985.916504
408773.4063;5865291;-3986.321777
408833.6875;5865291;-3986.702393
408894;5865291;-3987.060791
408954.2813;5865291;-3987.397461
409014.5938;5865291;-3987.70874
409074.9063;5865291;-3987.99707
409135.1875;5865291;-3988.262207
409195.5;5865291;-3988.504395
409255.8125;5865291;-3988.719482
409316.0938;5865291;-3988.915527
409376.4063;5865291;-3989.094971
401356.4063;5865351.5;-4047.973633
401416.6875;5865351.5;-4047.568848
401477;5865351.5;-4047.142822
401537.3125;5865351.5;-4046.689209
401597.5938;5865351.5;-4046.181885
401657.9063;5865351.5;-4045.630859
401718.2188;5865351.5;-4045.038086
401778.5;5865351.5;-4044.39209
401838.8125;5865351.5;-4043.688965
401899.0938;5865351.5;-4042.937012
401959.4063;5865351.5;-4042.132324
402019.7188;5865351.5;-4041.267334
402080;5865351.5;-4040.334717
402140.3125;5865351.5;-4039.35083
402200.625;5865351.5;-4038.321533
402260.9063;5865351.5;-4037.238525
402321.2188;5865351.5;-4036.093262
402381.5;5865351.5;-4034.905029
402441.8125;5865351.5;-4033.681885
402502.125;5865351.5;-4032.424805
402562.4063;5865351.5;-4031.127686
402622.7188;5865351.5;-4029.797607
402683.0313;5865351.5;-4028.440186
402743.3125;5865351.5;-4027.058594
402803.625;5865351.5;-4025.651367
402863.9063;5865351.5;-4024.226563
402924.2188;5865351.5;-4022.789551
402984.5313;5865351.5;-4021.332275
403044.8125;5865351.5;-4019.855225
403105.125;5865351.5;-4018.372314
403165.4375;5865351.5;-4016.876221
403225.7188;5865351.5;-4015.365723
403286.0313;5865351.5;-4013.845947
403346.3125;5865351.5;-4012.311768
403406.625;5865351.5;-4010.764893
403466.9375;5865351.5;-4009.21167
403527.2188;5865351.5;-4007.64209
403587.5313;5865351.5;-4006.058105
403647.8438;5865351.5;-4004.466797
403708.125;5865351.5;-4002.862549
403768.4375;5865351.5;-4001.245117
403828.7188;5865351.5;-3999.622314
403889.0313;5865351.5;-3997.991211
403949.3438;5865351.5;-3996.351074
404009.625;5865351.5;-3994.706787
404069.9375;5865351.5;-3993.0625
404130.25;5865351.5;-3991.417725
404190.5313;5865351.5;-3989.778809
404250.8438;5865351.5;-3988.150879
404311.125;5865351.5;-3986.534668
404371.4375;5865351.5;-3984.932861
404431.75;5865351.5;-3983.349121
404492.0313;5865351.5;-3981.791748
404552.3438;5865351.5;-3980.261475
404612.625;5865351.5;-3978.763672
404672.9375;5865351.5;-3977.30835
404733.25;5865351.5;-3975.901367
404793.5313;5865351.5;-3974.539063
404853.8438;5865351.5;-3973.226074
404914.1563;5865351.5;-3971.979248
404974.4375;5865351.5;-3970.806152
405034.75;5865351.5;-3969.692627
405095.0313;5865351.5;-3968.63916
405155.3438;5865351.5;-3967.665771
405215.6563;5865351.5;-3966.783203
405275.9375;5865351.5;-3965.977539
405336.25;5865351.5;-3965.246826
405396.5625;5865351.5;-3964.596191
405456.8438;5865351.5;-3964.026367
405517.1563;5865351.5;-3963.528809
405577.4375;5865351.5;-3963.106689
405637.75;5865351.5;-3962.77124
405698.0625;5865351.5;-3962.510986
405758.3438;5865351.5;-3962.30835
405818.6563;5865351.5;-3962.162598
405878.9688;5865351.5;-3962.086182
405939.25;5865351.5;-3962.075439
405999.5625;5865351.5;-3962.114746
406059.8438;5865351.5;-3962.199707
406120.1563;5865351.5;-3962.337646
406180.4688;5865351.5;-3962.525146
406240.75;5865351.5;-3962.75415
406301.0625;5865351.5;-3963.02124
406361.375;5865351.5;-3963.330566
406421.6563;5865351.5;-3963.677246
406481.9688;5865351.5;-3964.057617
406542.25;5865351.5;-3964.473389
406602.5625;5865351.5;-3964.928955
406662.875;5865351.5;-3965.415039
406723.1563;5865351.5;-3965.922607
406783.4688;5865351.5;-3966.452637
406843.7813;5865351.5;-3967.008545
406904.0625;5865351.5;-3967.585693
406964.375;5865351.5;-3968.178955
407024.6563;5865351.5;-3968.787109
407084.9688;5865351.5;-3969.409424
407145.2813;5865351.5;-3970.044189
407205.5625;5865351.5;-3970.688965
407265.875;5865351.5;-3971.343506
407326.1875;5865351.5;-3972.005371
407386.4688;5865351.5;-3972.674561
407446.7813;5865351.5;-3973.345703
407507.0625;5865351.5;-3974.02002
407567.375;5865351.5;-3974.695313
407627.6875;5865351.5;-3975.368408
407687.9688;5865351.5;-3976.039307
407748.2813;5865351.5;-3976.706787
407808.5938;5865351.5;-3977.367188
407868.875;5865351.5;-3978.019531
407929.1875;5865351.5;-3978.663818
407989.4688;5865351.5;-3979.299561
408049.7813;5865351.5;-3979.923584
408110.0938;5865351.5;-3980.53418
408170.375;5865351.5;-3981.130615
408230.6875;5865351.5;-3981.712158
408291;5865351.5;-3982.274414
408351.2813;5865351.5;-3982.821045
408411.5938;5865351.5;-3983.352539
408471.875;5865351.5;-3983.865479
408532.1875;5865351.5;-3984.352783
408592.5;5865351.5;-3984.818604
408652.7813;5865351.5;-3985.265625
408713.0938;5865351.5;-3985.692383
408773.4063;5865351.5;-3986.092529
408833.6875;5865351.5;-3986.467773
408894;5865351.5;-3986.820801
408954.2813;5865351.5;-3987.152588
409014.5938;5865351.5;-3987.458252
409074.9063;5865351.5;-3987.741211
409135.1875;5865351.5;-3988.001709
409195.5;5865351.5;-3988.239502
409255.8125;5865351.5;-3988.450928
409316.0938;5865351.5;-3988.644531
409376.4063;5865351.5;-3988.823975
401356.4063;5865412;-4047.720947
401416.6875;5865412;-4047.317383
401477;5865412;-4046.894531
401537.3125;5865412;-4046.445068
401597.5938;5865412;-4045.941406
401657.9063;5865412;-4045.394531
401718.2188;5865412;-4044.805908
401778.5;5865412;-4044.163818
401838.8125;5865412;-4043.465576
401899.0938;5865412;-4042.718994
401959.4063;5865412;-4041.919189
402019.7188;5865412;-4041.060303
402080;5865412;-4040.135986
402140.3125;5865412;-4039.160156
402200.625;5865412;-4038.137939
402260.9063;5865412;-4037.0625
402321.2188;5865412;-4035.925781
402381.5;5865412;-4034.744385
402441.8125;5865412;-4033.527344
402502.125;5865412;-4032.273926
402562.4063;5865412;-4030.980225
402622.7188;5865412;-4029.651855
402683.0313;5865412;-4028.294678
402743.3125;5865412;-4026.911865
402803.625;5865412;-4025.501709
402863.9063;5865412;-4024.072754
402924.2188;5865412;-4022.630371
402984.5313;5865412;-4021.166504
403044.8125;5865412;-4019.682129
403105.125;5865412;-4018.192627
403165.4375;5865412;-4016.688721
403225.7188;5865412;-4015.169922
403286.0313;5865412;-4013.643555
403346.3125;5865412;-4012.103271
403406.625;5865412;-4010.550293
403466.9375;5865412;-4008.994141
403527.2188;5865412;-4007.422607
403587.5313;5865412;-4005.837646
403647.8438;5865412;-4004.248779
403708.125;5865412;-4002.64917
403768.4375;5865412;-4001.038086
403828.7188;5865412;-3999.425293
403889.0313;5865412;-3997.806152
403949.3438;5865412;-3996.18042
404009.625;5865412;-3994.554199
404069.9375;5865412;-3992.93042
404130.25;5865412;-3991.30835
404190.5313;5865412;-3989.69458
404250.8438;5865412;-3988.094482
404311.125;5865412;-3986.507324
404371.4375;5865412;-3984.935791
404431.75;5865412;-3983.384766
404492.0313;5865412;-3981.859619
404552.3438;5865412;-3980.362305
404612.625;5865412;-3978.896973
404672.9375;5865412;-3977.473633
404733.25;5865412;-3976.096924
404793.5313;5865412;-3974.763916
404853.8438;5865412;-3973.479736
404914.1563;5865412;-3972.259033
404974.4375;5865412;-3971.107422
405034.75;5865412;-3970.014893
405095.0313;5865412;-3968.981934
405155.3438;5865412;-3968.026123
405215.6563;5865412;-3967.156494
405275.9375;5865412;-3966.361572
405336.25;5865412;-3965.639648
405396.5625;5865412;-3964.996338
405456.8438;5865412;-3964.430908
405517.1563;5865412;-3963.936279
405577.4375;5865412;-3963.515137
405637.75;5865412;-3963.177246
405698.0625;5865412;-3962.911377
405758.3438;5865412;-3962.702881
405818.6563;5865412;-3962.55127
405878.9688;5865412;-3962.464844
405939.25;5865412;-3962.441895
405999.5625;5865412;-3962.46875
406059.8438;5865412;-3962.538574
406120.1563;5865412;-3962.659668
406180.4688;5865412;-3962.830322
406240.75;5865412;-3963.040527
406301.0625;5865412;-3963.28833
406361.375;5865412;-3963.578369
406421.6563;5865412;-3963.905762
406481.9688;5865412;-3964.266602
406542.25;5865412;-3964.663574
406602.5625;5865412;-3965.099854
406662.875;5865412;-3965.566162
406723.1563;5865412;-3966.055908
406783.4688;5865412;-3966.568359
406843.7813;5865412;-3967.106689
406904.0625;5865412;-3967.666992
406964.375;5865412;-3968.243408
407024.6563;5865412;-3968.835693
407084.9688;5865412;-3969.442871
407145.2813;5865412;-3970.062256
407205.5625;5865412;-3970.693604
407265.875;5865412;-3971.333984
407326.1875;5865412;-3971.982666
407386.4688;5865412;-3972.638916
407446.7813;5865412;-3973.298584
407507.0625;5865412;-3973.960693
407567.375;5865412;-3974.625
407627.6875;5865412;-3975.288574
407687.9688;5865412;-3975.948975
407748.2813;5865412;-3976.606689
407808.5938;5865412;-3977.258301
407868.875;5865412;-3977.901855
407929.1875;5865412;-3978.538574
407989.4688;5865412;-3979.166992
408049.7813;5865412;-3979.783447
408110.0938;5865412;-3980.387451
408170.375;5865412;-3980.977295
408230.6875;5865412;-3981.552002
408291;5865412;-3982.108887
408351.2813;5865412;-3982.649902
408411.5938;5865412;-3983.175293
408471.875;5865412;-3983.682861
408532.1875;5865412;-3984.165039
408592.5;5865412;-3984.625977
408652.7813;5865412;-3985.067627
408713.0938;5865412;-3985.489014
408773.4063;5865412;-3985.884277
408833.6875;5865412;-3986.25415
408894;5865412;-3986.602539
408954.2813;5865412;-3986.928711
409014.5938;5865412;-3987.22876
409074.9063;5865412;-3987.505371
409135.1875;5865412;-3987.760498
409195.5;5865412;-3987.991943
409255.8125;5865412;-3988.198975
409316.0938;5865412;-3988.389404
409376.4063;5865412;-3988.567139
