401356.4063;5859412;-4051.437012
401416.6875;5859412;-4051.4375
401477;5859412;-4051.444824
401537.3125;5859412;-4051.470703
401597.5938;5859412;-4051.543945
401657.9063;5859412;-4051.694824
401718.2188;5859412;-4051.943115
401778.5;5859412;-4052.324463
401838.8125;5859412;-4052.904541
401899.0938;5859412;-4053.69165
401959.4063;5859412;-4054.703125
402019.7188;5859412;-4055.991455
402080;5859412;-4057.586914
402140.3125;5859412;-4059.405029
402200.625;5859412;-4061.405518
402260.9063;5859412;-4063.580811
402321.2188;5859412;-4065.885986
402381.5;5859412;-4068.230469
402441.8125;5859412;-4070.566895
402502.125;5859412;-4072.853271
402562.4063;5859412;-4075.040527
402622.7188;5859412;-4077.12207
402683.0313;5859412;-4079.100586
402743.3125;5859412;-4080.969238
402803.625;5859412;-4082.726318
402863.9063;5859412;-4084.394287
402924.2188;5859412;-4085.978027
402984.5313;5859412;-4087.467773
403044.8125;5859412;-4088.868652
403105.125;5859412;-4090.209961
403165.4375;5859412;-4091.500244
403225.7188;5859412;-4092.740479
403286.0313;5859412;-4093.937256
403346.3125;5859412;-4095.104248
403406.625;5859412;-4096.249512
403466.9375;5859412;-4097.380371
403527.2188;5859412;-4098.495117
403587.5313;5859412;-4099.600586
403647.8438;5859412;-4100.703125
403708.125;5859412;-4101.799805
403768.4375;5859412;-4102.890625
403828.7188;5859412;-4103.980957
403889.0313;5859412;-4105.066895
403949.3438;5859412;-4106.145996
404009.625;5859412;-4107.218262
404069.9375;5859412;-4108.283691
404130.25;5859412;-4109.341309
404190.5313;5859412;-4110.388672
404250.8438;5859412;-4111.42334
404311.125;5859412;-4112.446289
404371.4375;5859412;-4113.458984
404431.75;5859412;-4114.461914
404492.0313;5859412;-4115.458008
404552.3438;5859412;-4116.447266
404612.625;5859412;-4117.431641
404672.9375;5859412;-4118.412598
404733.25;5859412;-4119.39209
404793.5313;5859412;-4120.371094
404853.8438;5859412;-4121.350098
404914.1563;5859412;-4122.330566
404974.4375;5859412;-4123.3125
405034.75;5859412;-4124.297363
405095.0313;5859412;-4125.284668
405155.3438;5859412;-4126.276855
405215.6563;5859412;-4131.345215
405275.9375;5859412;-4132.293457
405336.25;5859412;-4133.220215
405396.5625;5859412;-4134.148926
405456.8438;5859412;-4135.081543
405517.1563;5859412;-4135.995605
405577.4375;5859412;-4136.911133
405637.75;5859412;-4137.829102
405698.0625;5859412;-4138.733398
405758.3438;5859412;-4139.637695
405818.6563;5859412;-4140.54248
405878.9688;5859412;-4141.43457
405939.25;5859412;-4142.324219
405999.5625;5859412;-4143.21582
406059.8438;5859412;-4142.20459
406120.1563;5859412;-4143.104492
406180.4688;5859412;-4144.010254
406240.75;5859412;-4144.92627
406301.0625;5859412;-4145.852539
406361.375;5859412;-4146.79248
406421.6563;5859412;-4147.75
406481.9688;5859412;-4148.727539
406542.25;5859412;-4149.723633
406602.5625;5859412;-4150.746094
406662.875;5859412;-4151.79248
406723.1563;5859412;-4152.854004
406783.4688;5859412;-4153.929199
406843.7813;5859412;-4155.020996
406904.0625;5859412;-4156.116699
406964.375;5859412;-4157.210938
407024.6563;5859412;-4158.305176
407084.9688;5859412;-4159.385254
407145.2813;5859412;-4160.444824
407205.5625;5859412;-4161.484863
407265.875;5859412;-4162.492188
407326.1875;5859412;-4163.450195
407386.4688;5859412;-4164.346191
407446.7813;5859412;-4165.157227
407507.0625;5859412;-4165.845215
407567.375;5859412;-4166.351563
407627.6875;5859412;-4166.70166
407687.9688;5859412;-4166.968262
407748.2813;5859412;-4167.298828
407808.5938;5859412;-4168.043945
407868.875;5859412;-4169.649414
407929.1875;5859412;-4172.42041
407989.4688;5859412;-4176.751953
408049.7813;5859412;-4183.179688
408110.0938;5859412;-4190.864258
408170.375;5859412;-4196.887207
408230.6875;5859412;-4199.630371
408291;5859412;-4199.845215
408351.2813;5859412;-4198.691895
408411.5938;5859412;-4196.707031
408471.875;5859412;-4194.144531
408532.1875;5859412;-4191.27002
408592.5;5859412;-4188.425781
408652.7813;5859412;-4185.770508
408713.0938;5859412;-4183.385254
408773.4063;5859412;-4181.337891
408833.6875;5859412;-4179.54834
408894;5859412;-4177.938965
408954.2813;5859412;-4176.461914
409014.5938;5859412;-4175.09082
409074.9063;5859412;-4173.794922
409135.1875;5859412;-4172.556152
409195.5;5859412;-4171.380371
409255.8125;5859412;-4170.278809
409316.0938;5859412;-4180.15332
409376.4063;5859412;-4179.22168
401356.4063;5859472.5;-4051.862549
401416.6875;5859472.5;-4051.805908
401477;5859472.5;-4051.753662
401537.3125;5859472.5;-4051.7146
401597.5938;5859472.5;-4051.716309
401657.9063;5859472.5;-4051.790283
401718.2188;5859472.5;-4051.958984
401778.5;5859472.5;-4052.260742
401838.8125;5859472.5;-4052.773926
401899.0938;5859472.5;-4053.511475
401959.4063;5859472.5;-4054.496582
402019.7188;5859472.5;-4055.79248
402080;5859472.5;-4057.439941
402140.3125;5859472.5;-4059.329346
402200.625;5859472.5;-4061.418213
402260.9063;5859472.5;-4063.692871
402321.2188;5859472.5;-4066.092529
402381.5;5859472.5;-4068.508789
402441.8125;5859472.5;-4070.892578
402502.125;5859472.5;-4073.199463
402562.4063;5859472.5;-4075.372803
402622.7188;5859472.5;-4077.418701
402683.0313;5859472.5;-4079.344238
402743.3125;5859472.5;-4081.14917
402803.625;5859472.5;-4082.840088
402863.9063;5859472.5;-4084.446045
402924.2188;5859472.5;-4085.973389
402984.5313;5859472.5;-4087.414551
403044.8125;5859472.5;-4088.774902
403105.125;5859472.5;-4090.084717
403165.4375;5859472.5;-4091.350342
403225.7188;5859472.5;-4092.571777
403286.0313;5859472.5;-4093.75415
403346.3125;5859472.5;-4094.911133
403406.625;5859472.5;-4096.049316
403466.9375;5859472.5;-4097.175781
403527.2188;5859472.5;-4098.290039
403587.5313;5859472.5;-4099.396484
403647.8438;5859472.5;-4100.503906
403708.125;5859472.5;-4101.607422
403768.4375;5859472.5;-4102.708496
403828.7188;5859472.5;-4103.810547
403889.0313;5859472.5;-4104.909668
403949.3438;5859472.5;-4106.002441
404009.625;5859472.5;-4107.089355
404069.9375;5859472.5;-4108.169434
404130.25;5859472.5;-4109.241211
404190.5313;5859472.5;-4110.302246
404250.8438;5859472.5;-4111.349121
404311.125;5859472.5;-4112.382813
404371.4375;5859472.5;-4113.405273
404431.75;5859472.5;-4114.416504
404492.0313;5859472.5;-4115.41748
404552.3438;5859472.5;-4116.411621
404612.625;5859472.5;-4117.399902
404672.9375;5859472.5;-4118.383301
404733.25;5859472.5;-4119.36377
404793.5313;5859472.5;-4120.342285
404853.8438;5859472.5;-4121.319824
404914.1563;5859472.5;-4122.297852
404974.4375;5859472.5;-4123.277832
405034.75;5859472.5;-4124.258789
405095.0313;5859472.5;-4125.242188
405155.3438;5859472.5;-4130.331543
405215.6563;5859472.5;-4131.269531
405275.9375;5859472.5;-4132.208496
405336.25;5859472.5;-4133.125488
405396.5625;5859472.5;-4134.044922
405456.8438;5859472.5;-4134.966797
405517.1563;5859472.5;-4135.871094
405577.4375;5859472.5;-4136.776367
405637.75;5859472.5;-4137.684082
405698.0625;5859472.5;-4138.57959
405758.3438;5859472.5;-4139.474121
405818.6563;5859472.5;-4140.371094
405878.9688;5859472.5;-4141.255371
405939.25;5859472.5;-4142.139648
405999.5625;5859472.5;-4140.974609
406059.8438;5859472.5;-4141.86377
406120.1563;5859472.5;-4142.76123
406180.4688;5859472.5;-4143.666992
406240.75;5859472.5;-4144.585938
406301.0625;5859472.5;-4145.519531
406361.375;5859472.5;-4146.467773
406421.6563;5859472.5;-4147.438477
406481.9688;5859472.5;-4148.431641
406542.25;5859472.5;-4149.444824
406602.5625;5859472.5;-4150.486816
406662.875;5859472.5;-4151.555176
406723.1563;5859472.5;-4152.63623
406783.4688;5859472.5;-4153.731934
406843.7813;5859472.5;-4154.839355
406904.0625;5859472.5;-4155.946289
406964.375;5859472.5;-4157.046875
407024.6563;5859472.5;-4158.140625
407084.9688;5859472.5;-4159.211426
407145.2813;5859472.5;-4160.250977
407205.5625;5859472.5;-4161.260254
407265.875;5859472.5;-4162.223145
407326.1875;5859472.5;-4163.121094
407386.4688;5859472.5;-4163.944824
407446.7813;5859472.5;-4164.67334
407507.0625;5859472.5;-4165.269043
407567.375;5859472.5;-4165.655762
407627.6875;5859472.5;-4165.84375
407687.9688;5859472.5;-4165.883789
407748.2813;5859472.5;-4165.849609
407808.5938;5859472.5;-4165.98584
407868.875;5859472.5;-4166.734863
407929.1875;5859472.5;-4168.461914
407989.4688;5859472.5;-4171.791016
408049.7813;5859472.5;-4178.137207
408110.0938;5859472.5;-4187.315918
408170.375;5859472.5;-4194.726563
408230.6875;5859472.5;-4198.018066
408291;5859472.5;-4198.385254
408351.2813;5859472.5;-4197.18457
408411.5938;5859472.5;-4195.064941
408471.875;5859472.5;-4192.362793
408532.1875;5859472.5;-4189.435547
408592.5;5859472.5;-4186.645508
408652.7813;5859472.5;-4184.094727
408713.0938;5859472.5;-4181.831055
408773.4063;5859472.5;-4179.909668
408833.6875;5859472.5;-4178.23291
408894;5859472.5;-4176.720703
408954.2813;5859472.5;-4175.327637
409014.5938;5859472.5;-4174.027344
409074.9063;5859472.5;-4172.794434
409135.1875;5859472.5;-4171.61377
409195.5;5859472.5;-4170.491211
409255.8125;5859472.5;-4180.274414
409316.0938;5859472.5;-4179.350098
409376.4063;5859472.5;-4178.46875
401356.4063;5859533.5;-4052.283203
401416.6875;5859533.5;-4052.163574
401477;5859533.5;-4052.043213
401537.3125;5859533.5;-4051.928467
401597.5938;5859533.5;-4051.842041
401657.9063;5859533.5;-4051.817627
401718.2188;5859533.5;-4051.881592
401778.5;5859533.5;-4052.078613
401838.8125;5859533.5;-4052.500732
401899.0938;5859533.5;-4053.17041
401959.4063;5859533.5;-4054.121826
402019.7188;5859533.5;-4055.429688
402080;5859533.5;-4057.143311
402140.3125;5859533.5;-4059.131592
402200.625;5859533.5;-4061.343018
402260.9063;5859533.5;-4063.755615
402321.2188;5859533.5;-4066.284424
402381.5;5859533.5;-4068.804443
402441.8125;5859533.5;-4071.262695
402502.125;5859533.5;-4073.608398
402562.4063;5859533.5;-4075.778809
402622.7188;5859533.5;-4077.791748
402683.0313;5859533.5;-4079.663086
402743.3125;5859533.5;-4081.398682
402803.625;5859533.5;-4083.016602
402863.9063;5859533.5;-4084.552734
402924.2188;5859533.5;-4086.015381
402984.5313;5859533.5;-4087.399902
403044.8125;5859533.5;-4088.713867
403105.125;5859533.5;-4089.985352
403165.4375;5859533.5;-4091.219727
403225.7188;5859533.5;-4092.416504
403286.0313;5859533.5;-4093.580566
403346.3125;5859533.5;-4094.723389
403406.625;5859533.5;-4095.850586
403466.9375;5859533.5;-4096.970215
403527.2188;5859533.5;-4098.081543
403587.5313;5859533.5;-4099.188477
403647.8438;5859533.5;-4100.299805
403708.125;5859533.5;-4101.410645
403768.4375;5859533.5;-4102.521484
403828.7188;5859533.5;-4103.635742
403889.0313;5859533.5;-4104.749023
403949.3438;5859533.5;-4105.856445
404009.625;5859533.5;-4106.958984
404069.9375;5859533.5;-4108.054688
404130.25;5859533.5;-4109.14209
404190.5313;5859533.5;-4110.216309
404250.8438;5859533.5;-4111.275879
404311.125;5859533.5;-4112.320313
404371.4375;5859533.5;-4113.352539
404431.75;5859533.5;-4114.370605
404492.0313;5859533.5;-4115.377441
404552.3438;5859533.5;-4116.376465
404612.625;5859533.5;-4117.367676
404672.9375;5859533.5;-4118.353027
404733.25;5859533.5;-4119.333496
404793.5313;5859533.5;-4120.311035
404853.8438;5859533.5;-4121.287109
404914.1563;5859533.5;-4122.262695
404974.4375;5859533.5;-4123.239746
405034.75;5859533.5;-4124.216797
405095.0313;5859533.5;-4126.222168
405155.3438;5859533.5;-4130.260254
405215.6563;5859533.5;-4131.188965
405275.9375;5859533.5;-4132.118164
405336.25;5859533.5;-4133.025391
405396.5625;5859533.5;-4133.935059
405456.8438;5859533.5;-4134.845703
405517.1563;5859533.5;-4135.740723
405577.4375;5859533.5;-4136.635254
405637.75;5859533.5;-4137.533203
405698.0625;5859533.5;-4138.418945
405758.3438;5859533.5;-4139.304199
405818.6563;5859533.5;-4140.191406
405878.9688;5859533.5;-4141.069336
405939.25;5859533.5;-4141.947266
405999.5625;5859533.5;-4140.629883
406059.8438;5859533.5;-4141.513672
406120.1563;5859533.5;-4142.407715
406180.4688;5859533.5;-4143.313477
406240.75;5859533.5;-4144.234863
406301.0625;5859533.5;-4145.173828
406361.375;5859533.5;-4146.131348
406421.6563;5859533.5;-4147.114746
406481.9688;5859533.5;-4148.123047
406542.25;5859533.5;-4149.154297
406602.5625;5859533.5;-4150.218262
406662.875;5859533.5;-4151.309082
406723.1563;5859533.5;-4152.413574
406783.4688;5859533.5;-4153.530273
406843.7813;5859533.5;-4154.657715
406904.0625;5859533.5;-4155.77832
406964.375;5859533.5;-4156.887695
407024.6563;5859533.5;-4157.984863
407084.9688;5859533.5;-4159.050781
407145.2813;5859533.5;-4160.076172
407205.5625;5859533.5;-4161.05957
407265.875;5859533.5;-4161.987305
407326.1875;5859533.5;-4162.835449
407386.4688;5859533.5;-4163.598145
407446.7813;5859533.5;-4164.254395
407507.0625;5859533.5;-4164.761719
407567.375;5859533.5;-4165.025391
407627.6875;5859533.5;-4165.037109
407687.9688;5859533.5;-4164.82373
407748.2813;5859533.5;-4164.399414
407808.5938;5859533.5;-4163.887207
407868.875;5859533.5;-4163.697754
407929.1875;5859533.5;-4164.251953
407989.4688;5859533.5;-4166.208008
408049.7813;5859533.5;-4171.174805
408110.0938;5859533.5;-4180.040527
408170.375;5859533.5;-4188.435547
408230.6875;5859533.5;-4193.287109
408291;5859533.5;-4194.935547
408351.2813;5859533.5;-4194.501953
408411.5938;5859533.5;-4192.76123
408471.875;5859533.5;-4190.209473
408532.1875;5859533.5;-4187.366211
408592.5;5859533.5;-4184.678223
408652.7813;5859533.5;-4182.254395
408713.0938;5859533.5;-4180.130859
408773.4063;5859533.5;-4178.348145
408833.6875;5859533.5;-4176.797852
408894;5859533.5;-4175.398926
408954.2813;5859533.5;-4174.103516
409014.5938;5859533.5;-4172.88623
409074.9063;5859533.5;-4171.724121
409135.1875;5859533.5;-4170.609375
409195.5;5859533.5;-4180.296875
409255.8125;5859533.5;-4179.373047
409316.0938;5859533.5;-4178.501465
409376.4063;5859533.5;-4177.678223
401356.4063;5859594;-4052.700195
401416.6875;5859594;-4052.512207
401477;5859594;-4052.316406
401537.3125;5859594;-4052.115967
401597.5938;5859594;-4051.925781
401657.9063;5859594;-4051.78125
401718.2188;5859594;-4051.712158
401778.5;5859594;-4051.771729
401838.8125;5859594;-4052.074219
401899.0938;5859594;-4052.656738
401959.4063;5859594;-4053.565186
402019.7188;5859594;-4054.891357
402080;5859594;-4056.693115
402140.3125;5859594;-4058.814941
402200.625;5859594;-4061.191895
402260.9063;5859594;-4063.788086
402321.2188;5859594;-4066.486572
402381.5;5859594;-4069.143311
402441.8125;5859594;-4071.700928
402502.125;5859594;-4074.10083
402562.4063;5859594;-4076.274902
402622.7188;5859594;-4078.25415
402683.0313;5859594;-4080.06543
402743.3125;5859594;-4081.724121
402803.625;5859594;-4083.258301
402863.9063;5859594;-4084.712402
402924.2188;5859594;-4086.099609
402984.5313;5859594;-4087.418213
403044.8125;5859594;-4088.678223
403105.125;5859594;-4089.904053
403165.4375;5859594;-4091.10083
403225.7188;5859594;-4092.268066
403286.0313;5859594;-4093.409668
403346.3125;5859594;-4094.534424
403406.625;5859594;-4095.647949
403466.9375;5859594;-4096.758301
403527.2188;5859594;-4097.864258
403587.5313;5859594;-4098.970703
403647.8438;5859594;-4100.084961
403708.125;5859594;-4101.202637
403768.4375;5859594;-4102.324219
403828.7188;5859594;-4103.45166
403889.0313;5859594;-4104.57959
403949.3438;5859594;-4105.703125
404009.625;5859594;-4106.822754
404069.9375;5859594;-4107.93457
404130.25;5859594;-4109.037598
404190.5313;5859594;-4110.12793
404250.8438;5859594;-4111.199707
404311.125;5859594;-4112.255859
404371.4375;5859594;-4113.296387
404431.75;5859594;-4114.322754
404492.0313;5859594;-4115.335449
404552.3438;5859594;-4116.337891
404612.625;5859594;-4117.331543
404672.9375;5859594;-4118.317871
404733.25;5859594;-4119.29834
404793.5313;5859594;-4120.274902
404853.8438;5859594;-4121.249023
404914.1563;5859594;-4122.222656
404974.4375;5859594;-4123.195313
405034.75;5859594;-4124.168457
405095.0313;5859594;-4129.266113
405155.3438;5859594;-4130.182617
405215.6563;5859594;-4131.101074
405275.9375;5859594;-4132.020508
405336.25;5859594;-4132.91748
405396.5625;5859594;-4133.816895
405456.8438;5859594;-4134.717773
405517.1563;5859594;-4135.601563
405577.4375;5859594;-4136.48584
405637.75;5859594;-4137.372559
405698.0625;5859594;-4138.248535
405758.3438;5859594;-4139.123535
405818.6563;5859594;-4140.001465
405878.9688;5859594;-4140.870605
405939.25;5859594;-4139.40625
405999.5625;5859594;-4140.272949
406059.8438;5859594;-4141.150879
406120.1563;5859594;-4142.041504
406180.4688;5859594;-4142.945313
406240.75;5859594;-4143.870117
406301.0625;5859594;-4144.813965
406361.375;5859594;-4145.780762
406421.6563;5859594;-4146.776367
406481.9688;5859594;-4147.800781
406542.25;5859594;-4148.851563
406602.5625;5859594;-4149.937988
406662.875;5859594;-4151.054688
406723.1563;5859594;-4152.184082
406783.4688;5859594;-4153.325195
406843.7813;5859594;-4154.474121
406904.0625;5859594;-4155.611328
406964.375;5859594;-4156.73291
407024.6563;5859594;-4157.835449
407084.9688;5859594;-4158.899902
407145.2813;5859594;-4159.914551
407205.5625;5859594;-4160.880371
407265.875;5859594;-4161.781738
407326.1875;5859594;-4162.593262
407386.4688;5859594;-4163.309082
407446.7813;5859594;-4163.90918
407507.0625;5859594;-4164.344727
407567.375;5859594;-4164.507813
407627.6875;5859594;-4164.374512
407687.9688;5859594;-4163.948242
407748.2813;5859594;-4163.199219
407808.5938;5859594;-4162.126953
407868.875;5859594;-4161.071777
407929.1875;5859594;-4160.433594
407989.4688;5859594;-4160.607422
408049.7813;5859594;-4162.870605
408110.0938;5859594;-4169.547363
408170.375;5859594;-4178.395508
408230.6875;5859594;-4185.59082
408291;5859594;-4189.341797
408351.2813;5859594;-4190.291504
408411.5938;5859594;-4189.435547
408471.875;5859594;-4187.415039
408532.1875;5859594;-4184.885742
408592.5;5859594;-4182.429199
408652.7813;5859594;-4180.210938
408713.0938;5859594;-4178.275391
408773.4063;5859594;-4176.656738
408833.6875;5859594;-4175.25
408894;5859594;-4173.976563
408954.2813;5859594;-4172.789551
409014.5938;5859594;-4171.662598
409074.9063;5859594;-4170.581543
409135.1875;5859594;-4180.206055
409195.5;5859594;-4179.279297
409255.8125;5859594;-4178.412598
409316.0938;5859594;-4177.598633
409376.4063;5859594;-4176.833984
401356.4063;5859654.5;-4053.122803
401416.6875;5859654.5;-4052.862549
401477;5859654.5;-4052.585449
401537.3125;5859654.5;-4052.289551
401597.5938;5859654.5;-4051.981201
401657.9063;5859654.5;-4051.687988
401718.2188;5859654.5;-4051.445801
401778.5;5859654.5;-4051.322754
401838.8125;5859654.5;-4051.463867
401899.0938;5859654.5;-4051.931152
401959.4063;5859654.5;-4052.787354
402019.7188;5859654.5;-4054.144287
402080;5859654.5;-4056.07373
402140.3125;5859654.5;-4058.386719
402200.625;5859654.5;-4060.998779
402260.9063;5859654.5;-4063.850098
402321.2188;5859654.5;-4066.773438
402381.5;5859654.5;-4069.606445
402441.8125;5859654.5;-4072.287354
402502.125;5859654.5;-4074.751221
402562.4063;5859654.5;-4076.925293
402622.7188;5859654.5;-4078.860596
402683.0313;5859654.5;-4080.59668
402743.3125;5859654.5;-4082.159424
402803.625;5859654.5;-4083.591309
402863.9063;5859654.5;-4084.945557
402924.2188;5859654.5;-4086.239746
402984.5313;5859654.5;-4087.478027
403044.8125;5859654.5;-4088.672607
403105.125;5859654.5;-4089.843994
403165.4375;5859654.5;-4090.994629
403225.7188;5859654.5;-4092.124512
403286.0313;5859654.5;-4093.237793
403346.3125;5859654.5;-4094.339844
403406.625;5859654.5;-4095.435059
403466.9375;5859654.5;-4096.532227
403527.2188;5859654.5;-4097.631348
403587.5313;5859654.5;-4098.735352
403647.8438;5859654.5;-4099.852051
403708.125;5859654.5;-4100.977539
403768.4375;5859654.5;-4102.110352
403828.7188;5859654.5;-4103.251953
403889.0313;5859654.5;-4104.395996
403949.3438;5859654.5;-4105.536621
404009.625;5859654.5;-4106.674316
404069.9375;5859654.5;-4107.804199
404130.25;5859654.5;-4108.923828
404190.5313;5859654.5;-4110.029297
404250.8438;5859654.5;-4111.114746
404311.125;5859654.5;-4112.182129
404371.4375;5859654.5;-4113.232422
404431.75;5859654.5;-4114.266602
404492.0313;5859654.5;-4115.285645
404552.3438;5859654.5;-4116.291992
404612.625;5859654.5;-4117.289063
404672.9375;5859654.5;-4118.276367
404733.25;5859654.5;-4119.257324
404793.5313;5859654.5;-4120.233398
404853.8438;5859654.5;-4121.206543
404914.1563;5859654.5;-4122.177246
404974.4375;5859654.5;-4123.146484
405034.75;5859654.5;-4128.273438
405095.0313;5859654.5;-4129.20166
405155.3438;5859654.5;-4130.108398
405215.6563;5859654.5;-4131.016113
405275.9375;5859654.5;-4131.923828
405336.25;5859654.5;-4132.811035
405396.5625;5859654.5;-4133.69873
405456.8438;5859654.5;-4134.587891
405517.1563;5859654.5;-4135.462402
405577.4375;5859654.5;-4136.336426
405637.75;5859654.5;-4137.212891
405698.0625;5859654.5;-4138.081055
405758.3438;5859654.5;-4138.949219
405818.6563;5859654.5;-4139.821289
405878.9688;5859654.5;-4138.15625
405939.25;5859654.5;-4139.005371
405999.5625;5859654.5;-4139.862793
406059.8438;5859654.5;-4140.733887
406120.1563;5859654.5;-4141.620605
406180.4688;5859654.5;-4142.523926
406240.75;5859654.5;-4143.450195
406301.0625;5859654.5;-4144.399414
406361.375;5859654.5;-4145.375488
406421.6563;5859654.5;-4146.384277
406481.9688;5859654.5;-4147.426758
406542.25;5859654.5;-4148.498535
406602.5625;5859654.5;-4149.609375
406662.875;5859654.5;-4150.752441
406723.1563;5859654.5;-4151.909668
406783.4688;5859654.5;-4153.077637
406843.7813;5859654.5;-4154.251465
406904.0625;5859654.5;-4155.408203
406964.375;5859654.5;-4156.542969
407024.6563;5859654.5;-4157.655762
407084.9688;5859654.5;-4158.722168
407145.2813;5859654.5;-4159.732422
407205.5625;5859654.5;-4160.689453
407265.875;5859654.5;-4161.577148
407326.1875;5859654.5;-4162.369629
407386.4688;5859654.5;-4163.06543
407446.7813;5859654.5;-4163.643555
407507.0625;5859654.5;-4164.054688
407567.375;5859654.5;-4164.1875
407627.6875;5859654.5;-4164.008789
407687.9688;5859654.5;-4163.516602
407748.2813;5859654.5;-4162.658691
407808.5938;5859654.5;-4161.354004
407868.875;5859654.5;-4159.851074
407929.1875;5859654.5;-4158.516113
407989.4688;5859654.5;-4157.712402
408049.7813;5859654.5;-4158.571777
408110.0938;5859654.5;-4163.43457
408170.375;5859654.5;-4171.291504
408230.6875;5859654.5;-4178.800781
408291;5859654.5;-4183.384766
408351.2813;5859654.5;-4185.252441
408411.5938;5859654.5;-4185.233398
408471.875;5859654.5;-4183.890625
408532.1875;5859654.5;-4181.867188
408592.5;5859654.5;-4179.805664
408652.7813;5859654.5;-4177.908691
408713.0938;5859654.5;-4176.234375
408773.4063;5859654.5;-4174.820801
408833.6875;5859654.5;-4173.580566
408894;5859654.5;-4172.446289
408954.2813;5859654.5;-4171.375
409014.5938;5859654.5;-4170.346191
409074.9063;5859654.5;-4169.350586
409135.1875;5859654.5;-4179.033203
409195.5;5859654.5;-4178.17041
409255.8125;5859654.5;-4177.36377
409316.0938;5859654.5;-4176.609375
409376.4063;5859654.5;-4175.903809
401356.4063;5859715;-4053.555176
401416.6875;5859715;-4053.223633
401477;5859715;-4052.863037
401537.3125;5859715;-4052.470215
401597.5938;5859715;-4052.040771
401657.9063;5859715;-4051.580078
401718.2188;5859715;-4051.128906
401778.5;5859715;-4050.784668
401838.8125;5859715;-4050.727539
401899.0938;5859715;-4051.056396
401959.4063;5859715;-4051.854248
402019.7188;5859715;-4053.260254
402080;5859715;-4055.358887
402140.3125;5859715;-4057.923828
402200.625;5859715;-4060.842529
402260.9063;5859715;-4064.020752
402321.2188;5859715;-4067.217529
402381.5;5859715;-4070.252197
402441.8125;5859715;-4073.063965
402502.125;5859715;-4075.584473
402562.4063;5859715;-4077.740723
402622.7188;5859715;-4079.611084
402683.0313;5859715;-4081.249756
402743.3125;5859715;-4082.695068
402803.625;5859715;-4084.003906
402863.9063;5859715;-4085.240234
402924.2188;5859715;-4086.42627
402984.5313;5859715;-4087.570801
403044.8125;5859715;-4088.689697
403105.125;5859715;-4089.797607
403165.4375;5859715;-4090.895508
403225.7188;5859715;-4091.982666
403286.0313;5859715;-4093.062744
403346.3125;5859715;-4094.137939
403406.625;5859715;-4095.211426
403466.9375;5859715;-4096.29248
403527.2188;5859715;-4097.382813
403587.5313;5859715;-4098.483887
403647.8438;5859715;-4099.604004
403708.125;5859715;-4100.738281
403768.4375;5859715;-4101.883789
403828.7188;5859715;-4103.040527
403889.0313;5859715;-4104.20166
403949.3438;5859715;-4105.361816
404009.625;5859715;-4106.51709
404069.9375;5859715;-4107.665527
404130.25;5859715;-4108.801758
404190.5313;5859715;-4109.92334
404250.8438;5859715;-4111.022461
404311.125;5859715;-4112.101563
404371.4375;5859715;-4113.161621
404431.75;5859715;-4114.203125
404492.0313;5859715;-4115.227051
404552.3438;5859715;-4116.238281
404612.625;5859715;-4117.237793
404672.9375;5859715;-4118.226563
404733.25;5859715;-4119.208008
404793.5313;5859715;-4120.183105
404853.8438;5859715;-4121.154785
404914.1563;5859715;-4122.123047
404974.4375;5859715;-4123.088867
405034.75;5859715;-4128.211914
405095.0313;5859715;-4129.129395
405155.3438;5859715;-4130.025879
405215.6563;5859715;-4130.922363
405275.9375;5859715;-4131.817871
405336.25;5859715;-4132.693848
405396.5625;5859715;-4133.570801
405456.8438;5859715;-4134.447754
405517.1563;5859715;-4135.311523
405577.4375;5859715;-4136.174805
405637.75;5859715;-4137.040527
405698.0625;5859715;-4137.901855
405758.3438;5859715;-4138.762695
405818.6563;5859715;-4139.62793
405878.9688;5859715;-4137.746582
405939.25;5859715;-4138.584473
405999.5625;5859715;-4139.432129
406059.8438;5859715;-4140.29541
406120.1563;5859715;-4141.177734
406180.4688;5859715;-4142.080078
406240.75;5859715;-4143.008301
406301.0625;5859715;-4143.963867
406361.375;5859715;-4144.949707
406421.6563;5859715;-4145.972656
406481.9688;5859715;-4147.033203
406542.25;5859715;-4148.126953
406602.5625;5859715;-4149.263672
406662.875;5859715;-4150.435547
406723.1563;5859715;-4151.621094
406783.4688;5859715;-4152.817383
406843.7813;5859715;-4154.016113
406904.0625;5859715;-4155.192871
406964.375;5859715;-4156.342285
407024.6563;5859715;-4157.464844
407084.9688;5859715;-4158.534668
407145.2813;5859715;-4159.543945
407205.5625;5859715;-4160.497559
407265.875;5859715;-4161.380371
407326.1875;5859715;-4162.171387
407386.4688;5859715;-4162.871094
407446.7813;5859715;-4163.459961
407507.0625;5859715;-4163.892578
407567.375;5859715;-4164.062988
407627.6875;5859715;-4163.941895
407687.9688;5859715;-4163.533691
407748.2813;5859715;-4162.789551
407808.5938;5859715;-4161.594727
407868.875;5859715;-4160.098145
407929.1875;5859715;-4158.633789
407989.4688;5859715;-4157.708984
408049.7813;5859715;-4158.461914
408110.0938;5859715;-4162.11084
408170.375;5859715;-4167.962891
408230.6875;5859715;-4174.153809
408291;5859715;-4178.430664
408351.2813;5859715;-4180.543945
408411.5938;5859715;-4180.994629
408471.875;5859715;-4180.19873
408532.1875;5859715;-4178.681641
408592.5;5859715;-4177.046387
408652.7813;5859715;-4175.502441
408713.0938;5859715;-4174.114258
408773.4063;5859715;-4172.918457
408833.6875;5859715;-4171.849121
408894;5859715;-4170.853516
408954.2813;5859715;-4169.897949
409014.5938;5859715;-4168.965332
409074.9063;5859715;-4178.624512
409135.1875;5859715;-4177.792969
409195.5;5859715;-4176.994141
409255.8125;5859715;-4176.248047
409316.0938;5859715;-4175.55127
409376.4063;5859715;-4174.904785
401356.4063;5859775.5;-4054.003662
401416.6875;5859775.5;-4053.60376
401477;5859775.5;-4053.161621
401537.3125;5859775.5;-4052.67627
401597.5938;5859775.5;-4052.127441
401657.9063;5859775.5;-4051.488281
401718.2188;5859775.5;-4050.803955
401778.5;5859775.5;-4050.211914
401838.8125;5859775.5;-4049.92749
401899.0938;5859775.5;-4050.100586
401959.4063;5859775.5;-4050.841309
402019.7188;5859775.5;-4052.314453
402080;5859775.5;-4054.61792
402140.3125;5859775.5;-4057.489258
402200.625;5859775.5;-4060.78418
402260.9063;5859775.5;-4064.36084
402321.2188;5859775.5;-4067.871826
402381.5;5859775.5;-4071.120605
402441.8125;5859775.5;-4074.055664
402502.125;5859775.5;-4076.611328
402562.4063;5859775.5;-4078.721436
402622.7188;5859775.5;-4080.498291
402683.0313;5859775.5;-4082.013916
402743.3125;5859775.5;-4083.318604
402803.625;5859775.5;-4084.484863
402863.9063;5859775.5;-4085.58667
402924.2188;5859775.5;-4086.650146
402984.5313;5859775.5;-4087.691406
403044.8125;5859775.5;-4088.726563
403105.125;5859775.5;-4089.764893
403165.4375;5859775.5;-4090.804443
403225.7188;5859775.5;-4091.84375
403286.0313;5859775.5;-4092.886963
403346.3125;5859775.5;-4093.931641
403406.625;5859775.5;-4094.980469
403466.9375;5859775.5;-4096.043457
403527.2188;5859775.5;-4097.123047
403587.5313;5859775.5;-4098.221191
403647.8438;5859775.5;-4099.344727
403708.125;5859775.5;-4100.488281
403768.4375;5859775.5;-4101.647461
403828.7188;5859775.5;-4102.822266
403889.0313;5859775.5;-4104.00293
403949.3438;5859775.5;-4105.181641
404009.625;5859775.5;-4106.356934
404069.9375;5859775.5;-4107.523438
404130.25;5859775.5;-4108.67627
404190.5313;5859775.5;-4109.813477
404250.8438;5859775.5;-4110.925293
404311.125;5859775.5;-4112.014648
404371.4375;5859775.5;-4113.083984
404431.75;5859775.5;-4114.132813
404492.0313;5859775.5;-4115.162598
404552.3438;5859775.5;-4116.176758
404612.625;5859775.5;-4117.179199
404672.9375;5859775.5;-4118.169434
404733.25;5859775.5;-4119.149902
404793.5313;5859775.5;-4120.125
404853.8438;5859775.5;-4121.094727
404914.1563;5859775.5;-4122.060059
404974.4375;5859775.5;-4127.230957
405034.75;5859775.5;-4128.141602
405095.0313;5859775.5;-4129.047852
405155.3438;5859775.5;-4129.934082
405215.6563;5859775.5;-4130.819336
405275.9375;5859775.5;-4131.703125
405336.25;5859775.5;-4132.567871
405396.5625;5859775.5;-4133.432129
405456.8438;5859775.5;-4134.296387
405517.1563;5859775.5;-4135.149902
405577.4375;5859775.5;-4136.001953
405637.75;5859775.5;-4136.855957
405698.0625;5859775.5;-4137.708008
405758.3438;5859775.5;-4138.562012
405818.6563;5859775.5;-4136.506836
405878.9688;5859775.5;-4137.321777
405939.25;5859775.5;-4138.148926
405999.5625;5859775.5;-4138.985352
406059.8438;5859775.5;-4139.841309
406120.1563;5859775.5;-4140.719238
406180.4688;5859775.5;-4141.619629
406240.75;5859775.5;-4142.550781
406301.0625;5859775.5;-4143.512207
406361.375;5859775.5;-4144.508301
406421.6563;5859775.5;-4145.546875
406481.9688;5859775.5;-4146.626465
406542.25;5859775.5;-4147.742188
406602.5625;5859775.5;-4148.90625
406662.875;5859775.5;-4150.107422
406723.1563;5859775.5;-4151.321777
406783.4688;5859775.5;-4152.546387
406843.7813;5859775.5;-4153.770508
406904.0625;5859775.5;-4154.966309
406964.375;5859775.5;-4156.129883
407024.6563;5859775.5;-4157.260254
407084.9688;5859775.5;-4158.333008
407145.2813;5859775.5;-4159.341797
407205.5625;5859775.5;-4160.294922
407265.875;5859775.5;-4161.180176
407326.1875;5859775.5;-4161.980957
407386.4688;5859775.5;-4162.70166
407446.7813;5859775.5;-4163.325684
407507.0625;5859775.5;-4163.813965
407567.375;5859775.5;-4164.074707
407627.6875;5859775.5;-4164.087402
407687.9688;5859775.5;-4163.869141
407748.2813;5859775.5;-4163.392578
407808.5938;5859775.5;-4162.539063
407868.875;5859775.5;-4161.364258
407929.1875;5859775.5;-4160.089355
407989.4688;5859775.5;-4159.188965
408049.7813;5859775.5;-4159.770996
408110.0938;5859775.5;-4162.388184
408170.375;5859775.5;-4166.496582
408230.6875;5859775.5;-4171.117188
408291;5859775.5;-4174.559082
408351.2813;5859775.5;-4176.438477
408411.5938;5859775.5;-4177.035156
408471.875;5859775.5;-4176.608887
408532.1875;5859775.5;-4175.527344
408592.5;5859775.5;-4174.290039
408652.7813;5859775.5;-4173.086914
408713.0938;5859775.5;-4171.979492
408773.4063;5859775.5;-4170.995605
408833.6875;5859775.5;-4170.09082
408894;5859775.5;-4169.228516
408954.2813;5859775.5;-4168.381348
409014.5938;5859775.5;-4178.043945
409074.9063;5859775.5;-4177.26416
409135.1875;5859775.5;-4176.5
409195.5;5859775.5;-4175.765137
409255.8125;5859775.5;-4175.077637
409316.0938;5859775.5;-4174.437988
409376.4063;5859775.5;-4173.84668
401356.4063;5859836.5;-4054.48584
401416.6875;5859836.5;-4054.022949
401477;5859836.5;-4053.501465
401537.3125;5859836.5;-4052.912842
401597.5938;5859836.5;-4052.223633
401657.9063;5859836.5;-4051.40918
401718.2188;5859836.5;-4050.516602
401778.5;5859836.5;-4049.685547
401838.8125;5859836.5;-4049.162598
401899.0938;5859836.5;-4049.164063
401959.4063;5859836.5;-4049.851074
402019.7188;5859836.5;-4051.412598
402080;5859836.5;-4053.937744
402140.3125;5859836.5;-4057.161377
402200.625;5859836.5;-4060.909912
402260.9063;5859836.5;-4064.973633
402321.2188;5859836.5;-4068.838867
402381.5;5859836.5;-4072.297363
402441.8125;5859836.5;-4075.323975
402502.125;5859836.5;-4077.870605
402562.4063;5859836.5;-4079.891602
402622.7188;5859836.5;-4081.5354
402683.0313;5859836.5;-4082.893311
402743.3125;5859836.5;-4084.030762
402803.625;5859836.5;-4085.034424
402863.9063;5859836.5;-4085.985107
402924.2188;5859836.5;-4086.914307
402984.5313;5859836.5;-4087.842529
403044.8125;5859836.5;-4088.787842
403105.125;5859836.5;-4089.750977
403165.4375;5859836.5;-4090.726807
403225.7188;5859836.5;-4091.714844
403286.0313;5859836.5;-4092.716064
403346.3125;5859836.5;-4093.72583
403406.625;5859836.5;-4094.746338
403466.9375;5859836.5;-4095.787598
403527.2188;5859836.5;-4096.85498
403587.5313;5859836.5;-4097.94873
403647.8438;5859836.5;-4099.075684
403708.125;5859836.5;-4100.229004
403768.4375;5859836.5;-4101.404297
403828.7188;5859836.5;-4102.59668
403889.0313;5859836.5;-4103.796387
403949.3438;5859836.5;-4104.995605
404009.625;5859836.5;-4106.189453
404069.9375;5859836.5;-4107.373535
404130.25;5859836.5;-4108.542969
404190.5313;5859836.5;-4109.693359
404250.8438;5859836.5;-4110.816895
404311.125;5859836.5;-4111.915527
404371.4375;5859836.5;-4112.993164
404431.75;5859836.5;-4114.04834
404492.0313;5859836.5;-4115.08252
404552.3438;5859836.5;-4116.101074
404612.625;5859836.5;-4117.105469
404672.9375;5859836.5;-4118.097656
404733.25;5859836.5;-4119.07959
404793.5313;5859836.5;-4120.053711
404853.8438;5859836.5;-4121.023926
404914.1563;5859836.5;-4121.987793
404974.4375;5859836.5;-4127.186035
405034.75;5859836.5;-4128.084961
405095.0313;5859836.5;-4128.97998
405155.3438;5859836.5;-4129.854004
405215.6563;5859836.5;-4130.727051
405275.9375;5859836.5;-4131.597656
405336.25;5859836.5;-4132.451172
405396.5625;5859836.5;-4133.303711
405456.8438;5859836.5;-4134.155273
405517.1563;5859836.5;-4134.999023
405577.4375;5859836.5;-4135.842285
405637.75;5859836.5;-4136.685547
405698.0625;5859836.5;-4137.535156
405758.3438;5859836.5;-4135.262207
405818.6563;5859836.5;-4136.053223
405878.9688;5859836.5;-4136.85498
405939.25;5859836.5;-4137.668945
405999.5625;5859836.5;-4138.495117
406059.8438;5859836.5;-4139.342773
406120.1563;5859836.5;-4140.214844
406180.4688;5859836.5;-4141.11377
406240.75;5859836.5;-4142.046387
406301.0625;5859836.5;-4143.015137
406361.375;5859836.5;-4144.020508
406421.6563;5859836.5;-4145.074707
406481.9688;5859836.5;-4146.172852
406542.25;5859836.5;-4147.312988
406602.5625;5859836.5;-4148.503418
406662.875;5859836.5;-4149.734375
406723.1563;5859836.5;-4150.977539
406783.4688;5859836.5;-4152.230957
406843.7813;5859836.5;-4153.479492
406904.0625;5859836.5;-4154.692871
406964.375;5859836.5;-4155.867676
407024.6563;5859836.5;-4157.005859
407084.9688;5859836.5;-4158.078613
407145.2813;5859836.5;-4159.085449
407205.5625;5859836.5;-4160.040039
407265.875;5859836.5;-4160.930176
407326.1875;5859836.5;-4161.749023
407386.4688;5859836.5;-4162.503418
407446.7813;5859836.5;-4163.182129
407507.0625;5859836.5;-4163.752441
407567.375;5859836.5;-4164.138672
407627.6875;5859836.5;-4164.328125
407687.9688;5859836.5;-4164.350586
407748.2813;5859836.5;-4164.203613
407808.5938;5859836.5;-4163.785156
407868.875;5859836.5;-4163.062988
407929.1875;5859836.5;-4162.104004
407989.4688;5859836.5;-4161.279785
408049.7813;5859836.5;-4161.561523
408110.0938;5859836.5;-4163.261719
408170.375;5859836.5;-4165.970703
408230.6875;5859836.5;-4169.097168
408291;5859836.5;-4171.533691
408351.2813;5859836.5;-4172.954102
408411.5938;5859836.5;-4173.489746
408471.875;5859836.5;-4173.274902
408532.1875;5859836.5;-4172.529785
408592.5;5859836.5;-4171.632324
408652.7813;5859836.5;-4170.73291
408713.0938;5859836.5;-4169.878906
408773.4063;5859836.5;-4169.088867
408833.6875;5859836.5;-4168.333008
408894;5859836.5;-4167.589355
408954.2813;5859836.5;-4166.841309
409014.5938;5859836.5;-4176.562988
409074.9063;5859836.5;-4175.851563
409135.1875;5859836.5;-4175.151367
409195.5;5859836.5;-4174.475586
409255.8125;5859836.5;-4173.844727
409316.0938;5859836.5;-4173.259766
409376.4063;5859836.5;-4172.720215
401356.4063;5859897;-4055.030029
401416.6875;5859897;-4054.519775
401477;5859897;-4053.931885
401537.3125;5859897;-4053.246826
401597.5938;5859897;-4052.423584
401657.9063;5859897;-4051.474854
401718.2188;5859897;-4050.444824
401778.5;5859897;-4049.437988
401838.8125;5859897;-4048.701172
401899.0938;5859897;-4048.497803
401959.4063;5859897;-4049.138916
402019.7188;5859897;-4050.825439
402080;5859897;-4053.547363
402140.3125;5859897;-4057.14209
402200.625;5859897;-4061.439453
402260.9063;5859897;-4066.098877
402321.2188;5859897;-4070.351074
402381.5;5859897;-4073.972656
402441.8125;5859897;-4077.000244
402502.125;5859897;-4079.443115
402562.4063;5859897;-4081.295166
402622.7188;5859897;-4082.741943
402683.0313;5859897;-4083.892822
402743.3125;5859897;-4084.826904
402803.625;5859897;-4085.644043
402863.9063;5859897;-4086.428223
402924.2188;5859897;-4087.213135
402984.5313;5859897;-4088.023926
403044.8125;5859897;-4088.876709
403105.125;5859897;-4089.762695
403165.4375;5859897;-4090.672363
403225.7188;5859897;-4091.604492
403286.0313;5859897;-4092.559082
403346.3125;5859897;-4093.529297
403406.625;5859897;-4094.516357
403466.9375;5859897;-4095.532471
403527.2188;5859897;-4096.585449
403587.5313;5859897;-4097.673828
403647.8438;5859897;-4098.804688
403708.125;5859897;-4099.971191
403768.4375;5859897;-4101.164063
403828.7188;5859897;-4102.377441
403889.0313;5859897;-4103.598145
403949.3438;5859897;-4104.818359
404009.625;5859897;-4106.030762
404069.9375;5859897;-4107.230957
404130.25;5859897;-4108.413574
404190.5313;5859897;-4109.575684
404250.8438;5859897;-4110.708496
404311.125;5859897;-4111.813965
404371.4375;5859897;-4112.895996
404431.75;5859897;-4113.956055
404492.0313;5859897;-4114.993164
404552.3438;5859897;-4116.014648
404612.625;5859897;-4117.021484
404672.9375;5859897;-4118.014648
404733.25;5859897;-4118.99707
404793.5313;5859897;-4119.97168
404853.8438;5859897;-4120.941406
404914.1563;5859897;-4126.24707
404974.4375;5859897;-4127.13623
405034.75;5859897;-4128.023438
405095.0313;5859897;-4128.907227
405155.3438;5859897;-4129.769531
405215.6563;5859897;-4130.628906
405275.9375;5859897;-4131.486328
405336.25;5859897;-4132.328613
405396.5625;5859897;-4133.168457
405456.8438;5859897;-4134.007324
405517.1563;5859897;-4134.841309
405577.4375;5859897;-4135.674316
405637.75;5859897;-4136.507813
405698.0625;5859897;-4134.03125
405758.3438;5859897;-4134.802734
405818.6563;5859897;-4135.578125
405878.9688;5859897;-4136.364258
405939.25;5859897;-4137.164551
405999.5625;5859897;-4137.979492
406059.8438;5859897;-4138.818359
406120.1563;5859897;-4139.685059
406180.4688;5859897;-4140.582031
406240.75;5859897;-4141.516602
406301.0625;5859897;-4142.490234
406361.375;5859897;-4143.506348
406421.6563;5859897;-4144.575195
406481.9688;5859897;-4145.693848
406542.25;5859897;-4146.856445
406602.5625;5859897;-4148.075195
406662.875;5859897;-4149.334961
406723.1563;5859897;-4150.60791
406783.4688;5859897;-4151.888184
406843.7813;5859897;-4153.159668
406904.0625;5859897;-4154.387207
406964.375;5859897;-4155.570801
407024.6563;5859897;-4156.709961
407084.9688;5859897;-4157.777832
407145.2813;5859897;-4158.777832
407205.5625;5859897;-4159.727539
407265.875;5859897;-4160.619141
407326.1875;5859897;-4161.454102
407386.4688;5859897;-4162.24707
407446.7813;5859897;-4162.98877
407507.0625;5859897;-4163.651367
407567.375;5859897;-4164.17334
407627.6875;5859897;-4164.535156
407687.9688;5859897;-4164.760254
407748.2813;5859897;-4164.850098
407808.5938;5859897;-4164.710449
407868.875;5859897;-4164.280273
407929.1875;5859897;-4163.571289
407989.4688;5859897;-4162.859375
408049.7813;5859897;-4162.89502
408110.0938;5859897;-4163.881836
408170.375;5859897;-4165.54541
408230.6875;5859897;-4167.515625
408291;5859897;-4169.109863
408351.2813;5859897;-4170.077148
408411.5938;5859897;-4170.467773
408471.875;5859897;-4170.345703
408532.1875;5859897;-4169.830566
408592.5;5859897;-4169.187012
408652.7813;5859897;-4168.523438
408713.0938;5859897;-4167.87207
408773.4063;5859897;-4167.23584
408833.6875;5859897;-4166.59668
408894;5859897;-4165.949707
408954.2813;5859897;-4175.689941
409014.5938;5859897;-4175.047852
409074.9063;5859897;-4174.396484
409135.1875;5859897;-4173.754395
409195.5;5859897;-4173.133789
409255.8125;5859897;-4172.555664
409316.0938;5859897;-4172.021484
409376.4063;5859897;-4171.530273
401356.4063;5859957.5;-4055.65918
401416.6875;5859957.5;-4055.124023
401477;5859957.5;-4054.499268
401537.3125;5859957.5;-4053.76416
401597.5938;5859957.5;-4052.875
401657.9063;5859957.5;-4051.871826
401718.2188;5859957.5;-4050.800049
401778.5;5859957.5;-4049.732178
401838.8125;5859957.5;-4048.864502
401899.0938;5859957.5;-4048.472656
401959.4063;5859957.5;-4049.09082
402019.7188;5859957.5;-4050.900879
402080;5859957.5;-4053.712646
402140.3125;5859957.5;-4057.665527
402200.625;5859957.5;-4062.627441
402260.9063;5859957.5;-4067.94873
402321.2188;5859957.5;-4072.541992
402381.5;5859957.5;-4076.200439
402441.8125;5859957.5;-4079.080322
402502.125;5859957.5;-4081.28833
402562.4063;5859957.5;-4082.880615
402622.7188;5859957.5;-4084.066162
402683.0313;5859957.5;-4084.963379
402743.3125;5859957.5;-4085.66333
402803.625;5859957.5;-4086.277344
402863.9063;5859957.5;-4086.886963
402924.2188;5859957.5;-4087.526123
402984.5313;5859957.5;-4088.223389
403044.8125;5859957.5;-4088.98877
403105.125;5859957.5;-4089.800049
403165.4375;5859957.5;-4090.644775
403225.7188;5859957.5;-4091.520264
403286.0313;5859957.5;-4092.423828
403346.3125;5859957.5;-4093.349121
403406.625;5859957.5;-4094.297363
403466.9375;5859957.5;-4095.283936
403527.2188;5859957.5;-4096.319824
403587.5313;5859957.5;-4097.403809
403647.8438;5859957.5;-4098.541504
403708.125;5859957.5;-4099.724121
403768.4375;5859957.5;-4100.938965
403828.7188;5859957.5;-4102.175781
403889.0313;5859957.5;-4103.42041
403949.3438;5859957.5;-4104.661621
404009.625;5859957.5;-4105.891602
404069.9375;5859957.5;-4107.105957
404130.25;5859957.5;-4108.299316
404190.5313;5859957.5;-4109.469238
404250.8438;5859957.5;-4110.606445
404311.125;5859957.5;-4111.715332
404371.4375;5859957.5;-4112.800293
404431.75;5859957.5;-4113.861328
404492.0313;5859957.5;-4114.899414
404552.3438;5859957.5;-4115.920898
404612.625;5859957.5;-4116.928223
404672.9375;5859957.5;-4117.921875
404733.25;5859957.5;-4118.904297
404793.5313;5859957.5;-4119.878906
404853.8438;5859957.5;-4120.848145
404914.1563;5859957.5;-4126.198242
404974.4375;5859957.5;-4127.07666
405034.75;5859957.5;-4127.952637
405095.0313;5859957.5;-4128.823242
405155.3438;5859957.5;-4129.674316
405215.6563;5859957.5;-4130.521973
405275.9375;5859957.5;-4131.365723
405336.25;5859957.5;-4132.196289
405396.5625;5859957.5;-4133.023926
405456.8438;5859957.5;-4133.848633
405517.1563;5859957.5;-4134.672852
405577.4375;5859957.5;-4135.496094
405637.75;5859957.5;-4136.318848
405698.0625;5859957.5;-4133.577148
405758.3438;5859957.5;-4134.330566
405818.6563;5859957.5;-4135.088379
405878.9688;5859957.5;-4135.859375
405939.25;5859957.5;-4136.645508
405999.5625;5859957.5;-4137.447754
406059.8438;5859957.5;-4138.277344
406120.1563;5859957.5;-4139.137695
406180.4688;5859957.5;-4140.032227
406240.75;5859957.5;-4140.968262
406301.0625;5859957.5;-4141.947266
406361.375;5859957.5;-4142.973145
406421.6563;5859957.5;-4144.057129
406481.9688;5859957.5;-4145.195801
406542.25;5859957.5;-4146.381836
406602.5625;5859957.5;-4147.62793
406662.875;5859957.5;-4148.91748
406723.1563;5859957.5;-4150.219238
406783.4688;5859957.5;-4151.526367
406843.7813;5859957.5;-4152.817871
406904.0625;5859957.5;-4154.057617
406964.375;5859957.5;-4155.243164
407024.6563;5859957.5;-4156.37793
407084.9688;5859957.5;-4157.433105
407145.2813;5859957.5;-4158.415527
407205.5625;5859957.5;-4159.347656
407265.875;5859957.5;-4160.227539
407326.1875;5859957.5;-4161.0625
407386.4688;5859957.5;-4161.880371
407446.7813;5859957.5;-4162.675781
407507.0625;5859957.5;-4163.430176
407567.375;5859957.5;-4164.095215
407627.6875;5859957.5;-4164.62207
407687.9688;5859957.5;-4164.999512
407748.2813;5859957.5;-4165.202637
407808.5938;5859957.5;-4165.135742
407868.875;5859957.5;-4164.788574
407929.1875;5859957.5;-4164.229492
407989.4688;5859957.5;-4163.648438
408049.7813;5859957.5;-4163.52002
408110.0938;5859957.5;-4163.986816
408170.375;5859957.5;-4164.898438
408230.6875;5859957.5;-4166.039551
408291;5859957.5;-4167
408351.2813;5859957.5;-4167.598145
408411.5938;5859957.5;-4167.842285
408471.875;5859957.5;-4167.757813
408532.1875;5859957.5;-4167.402344
408592.5;5859957.5;-4166.944336
408652.7813;5859957.5;-4166.455078
408713.0938;5859957.5;-4165.953125
408773.4063;5859957.5;-4165.431641
408833.6875;5859957.5;-4164.882813
408894;5859957.5;-4174.655762
408954.2813;5859957.5;-4174.095215
409014.5938;5859957.5;-4173.507813
409074.9063;5859957.5;-4172.910645
409135.1875;5859957.5;-4172.320313
409195.5;5859957.5;-4171.752441
409255.8125;5859957.5;-4171.223633
409316.0938;5859957.5;-4170.73584
409376.4063;5859957.5;-4170.289551
401356.4063;5860018;-4056.393555
401416.6875;5860018;-4055.860596
401477;5860018;-4055.234863
401537.3125;5860018;-4054.499756
401597.5938;5860018;-4053.623291
401657.9063;5860018;-4052.659912
401718.2188;5860018;-4051.660156
401778.5;5860018;-4050.695068
401838.8125;5860018;-4049.938721
401899.0938;5860018;-4049.629395
401959.4063;5860018;-4050.272461
402019.7188;5860018;-4052.001221
402080;5860018;-4054.720703
402140.3125;5860018;-4059.007813
402200.625;5860018;-4064.720215
402260.9063;5860018;-4070.741943
402321.2188;5860018;-4075.529541
402381.5;5860018;-4078.969727
402441.8125;5860018;-4081.508789
402502.125;5860018;-4083.344727
402562.4063;5860018;-4084.590088
402622.7188;5860018;-4085.457031
402683.0313;5860018;-4086.061768
402743.3125;5860018;-4086.503662
402803.625;5860018;-4086.904541
402863.9063;5860018;-4087.339355
402924.2188;5860018;-4087.839355
402984.5313;5860018;-4088.433838
403044.8125;5860018;-4089.122314
403105.125;5860018;-4089.867188
403165.4375;5860018;-4090.651367
403225.7188;5860018;-4091.469727
403286.0313;5860018;-4092.317871
403346.3125;5860018;-4093.191162
403406.625;5860018;-4094.093506
403466.9375;5860018;-4095.044189
403527.2188;5860018;-4096.060059
403587.5313;5860018;-4097.139648
403647.8438;5860018;-4098.285645
403708.125;5860018;-4099.487793
403768.4375;5860018;-4100.728027
403828.7188;5860018;-4101.993164
403889.0313;5860018;-4103.263672
403949.3438;5860018;-4104.526367
404009.625;5860018;-4105.771484
404069.9375;5860018;-4106.996094
404130.25;5860018;-4108.195801
404190.5313;5860018;-4109.369141
404250.8438;5860018;-4110.505859
404311.125;5860018;-4111.612305
404371.4375;5860018;-4112.695313
404431.75;5860018;-4113.75293
404492.0313;5860018;-4114.789063
404552.3438;5860018;-4115.808594
404612.625;5860018;-4116.81543
404672.9375;5860018;-4117.809082
404733.25;5860018;-4118.792969
404793.5313;5860018;-4119.768066
404853.8438;5860018;-4125.280762
404914.1563;5860018;-4126.174805
404974.4375;5860018;-4127.041016
405034.75;5860018;-4127.904297
405095.0313;5860018;-4128.761719
405155.3438;5860018;-4129.599609
405215.6563;5860018;-4130.432617
405275.9375;5860018;-4131.261719
405336.25;5860018;-4132.07959
405396.5625;5860018;-4132.892578
405456.8438;5860018;-4133.703125
405517.1563;5860018;-4134.515625
405577.4375;5860018;-4135.325684
405637.75;5860018;-4132.351563
405698.0625;5860018;-4133.083984
405758.3438;5860018;-4133.819336
405818.6563;5860018;-4134.559082
405878.9688;5860018;-4135.312988
405939.25;5860018;-4136.084473
405999.5625;5860018;-4136.873047
406059.8438;5860018;-4137.691406
406120.1563;5860018;-4138.544434
406180.4688;5860018;-4139.43457
406240.75;5860018;-4140.370605
406301.0625;5860018;-4141.354004
406361.375;5860018;-4142.38916
406421.6563;5860018;-4143.487305
406481.9688;5860018;-4144.644043
406542.25;5860018;-4145.853516
406602.5625;5860018;-4147.126465
406662.875;5860018;-4148.445313
406723.1563;5860018;-4149.775879
406783.4688;5860018;-4151.10791
406843.7813;5860018;-4152.418457
406904.0625;5860018;-4153.666016
406964.375;5860018;-4154.849609
407024.6563;5860018;-4155.973145
407084.9688;5860018;-4157.006348
407145.2813;5860018;-4157.957031
407205.5625;5860018;-4158.853516
407265.875;5860018;-4159.694336
407326.1875;5860018;-4160.498535
407386.4688;5860018;-4161.3125
407446.7813;5860018;-4162.143555
407507.0625;5860018;-4162.989746
407567.375;5860018;-4163.822266
407627.6875;5860018;-4164.541992
407687.9688;5860018;-4165.062012
407748.2813;5860018;-4165.303711
407808.5938;5860018;-4165.171387
407868.875;5860018;-4164.791504
407929.1875;5860018;-4164.284668
407989.4688;5860018;-4163.770508
408049.7813;5860018;-4163.515137
408110.0938;5860018;-4163.620117
408170.375;5860018;-4164.013184
408230.6875;5860018;-4164.581055
408291;5860018;-4165.088379
408351.2813;5860018;-4165.409668
408411.5938;5860018;-4165.533203
408471.875;5860018;-4165.460938
408532.1875;5860018;-4165.210449
408592.5;5860018;-4164.878906
408652.7813;5860018;-4164.509766
408713.0938;5860018;-4164.112793
408773.4063;5860018;-4163.672852
408833.6875;5860018;-4163.191406
408894;5860018;-4172.991699
408954.2813;5860018;-4172.477539
409014.5938;5860018;-4171.937012
409074.9063;5860018;-4171.386719
409135.1875;5860018;-4170.845215
409195.5;5860018;-4170.324219
409255.8125;5860018;-4169.841309
409316.0938;5860018;-4169.397949
409376.4063;5860018;-4168.991699
401356.4063;5860078.5;-4057.256592
401416.6875;5860078.5;-4056.757568
401477;5860078.5;-4056.171387
401537.3125;5860078.5;-4055.489502
401597.5938;5860078.5;-4054.701172
401657.9063;5860078.5;-4053.873047
401718.2188;5860078.5;-4053.062744
401778.5;5860078.5;-4052.353271
401838.8125;5860078.5;-4051.940186
401899.0938;5860078.5;-4051.997803
401959.4063;5860078.5;-4052.801758
402019.7188;5860078.5;-4054.535156
402080;5860078.5;-4057.39624
402140.3125;5860078.5;-4061.943848
402200.625;5860078.5;-4068.020508
402260.9063;5860078.5;-4074.430176
402321.2188;5860078.5;-4079.133057
402381.5;5860078.5;-4082.063965
402441.8125;5860078.5;-4084.082275
402502.125;5860078.5;-4085.470703
402562.4063;5860078.5;-4086.320068
402622.7188;5860078.5;-4086.828857
402683.0313;5860078.5;-4087.120605
402743.3125;5860078.5;-4087.292969
402803.625;5860078.5;-4087.480713
402863.9063;5860078.5;-4087.750488
402924.2188;5860078.5;-4088.128906
402984.5313;5860078.5;-4088.642578
403044.8125;5860078.5;-4089.273438
403105.125;5860078.5;-4089.966553
403165.4375;5860078.5;-4090.699463
403225.7188;5860078.5;-4091.461914
403286.0313;5860078.5;-4092.249512
403346.3125;5860078.5;-4093.062256
403406.625;5860078.5;-4093.909912
403466.9375;5860078.5;-4094.817139
403527.2188;5860078.5;-4095.810547
403587.5313;5860078.5;-4096.886719
403647.8438;5860078.5;-4098.045898
403708.125;5860078.5;-4099.274902
403768.4375;5860078.5;-4100.549316
403828.7188;5860078.5;-4101.847168
403889.0313;5860078.5;-4103.148438
403949.3438;5860078.5;-4104.433105
404009.625;5860078.5;-4105.690918
404069.9375;5860078.5;-4106.921875
404130.25;5860078.5;-4108.121582
404190.5313;5860078.5;-4109.290527
404250.8438;5860078.5;-4110.42041
404311.125;5860078.5;-4111.517578
404371.4375;5860078.5;-4112.59082
404431.75;5860078.5;-4113.641113
404492.0313;5860078.5;-4114.669922
404552.3438;5860078.5;-4115.685059
404612.625;5860078.5;-4116.689453
404672.9375;5860078.5;-4117.682129
404733.25;5860078.5;-4118.665527
404793.5313;5860078.5;-4119.64209
404853.8438;5860078.5;-4125.270996
404914.1563;5860078.5;-4126.152832
404974.4375;5860078.5;-4127.006348
405034.75;5860078.5;-4127.855469
405095.0313;5860078.5;-4128.699707
405155.3438;5860078.5;-4129.525879
405215.6563;5860078.5;-4130.34375
405275.9375;5860078.5;-4131.156738
405336.25;5860078.5;-4131.961426
405396.5625;5860078.5;-4132.760742
405456.8438;5860078.5;-4133.554199
405517.1563;5860078.5;-4134.354004
405577.4375;5860078.5;-4131.138672
405637.75;5860078.5;-4131.853516
405698.0625;5860078.5;-4132.566406
405758.3438;5860078.5;-4133.282715
405818.6563;5860078.5;-4134.003906
405878.9688;5860078.5;-4134.739258
405939.25;5860078.5;-4135.494629
405999.5625;5860078.5;-4136.268066
406059.8438;5860078.5;-4137.074707
406120.1563;5860078.5;-4137.917969
406180.4688;5860078.5;-4138.803223
406240.75;5860078.5;-4139.736816
406301.0625;5860078.5;-4140.723145
406361.375;5860078.5;-4141.766602
406421.6563;5860078.5;-4142.87793
406481.9688;5860078.5;-4144.053223
406542.25;5860078.5;-4145.285645
406602.5625;5860078.5;-4146.585938
406662.875;5860078.5;-4147.935059
406723.1563;5860078.5;-4149.293457
406783.4688;5860078.5;-4150.650879
406843.7813;5860078.5;-4151.979492
406904.0625;5860078.5;-4153.232422
406964.375;5860078.5;-4154.40918
407024.6563;5860078.5;-4155.513672
407084.9688;5860078.5;-4156.511719
407145.2813;5860078.5;-4157.410156
407205.5625;5860078.5;-4158.238281
407265.875;5860078.5;-4158.993652
407326.1875;5860078.5;-4159.707031
407386.4688;5860078.5;-4160.460449
407446.7813;5860078.5;-4161.287109
407507.0625;5860078.5;-4162.219238
407567.375;5860078.5;-4163.265625
407627.6875;5860078.5;-4164.25293
407687.9688;5860078.5;-4164.955566
407748.2813;5860078.5;-4165.195801
407808.5938;5860078.5;-4164.892578
407868.875;5860078.5;-4164.368164
407929.1875;5860078.5;-4163.808594
407989.4688;5860078.5;-4163.288574
408049.7813;5860078.5;-4162.942871
408110.0938;5860078.5;-4162.824219
408170.375;5860078.5;-4162.899902
408230.6875;5860078.5;-4163.111816
408291;5860078.5;-4163.32959
408351.2813;5860078.5;-4163.465332
408411.5938;5860078.5;-4163.498535
408471.875;5860078.5;-4163.420898
408532.1875;5860078.5;-4163.226074
408592.5;5860078.5;-4162.966797
408652.7813;5860078.5;-4162.668457
408713.0938;5860078.5;-4162.333984
408773.4063;5860078.5;-4161.944824
408833.6875;5860078.5;-4171.762695
408894;5860078.5;-4171.316406
408954.2813;5860078.5;-4170.838867
409014.5938;5860078.5;-4170.338867
409074.9063;5860078.5;-4169.831543
409135.1875;5860078.5;-4169.333496
409195.5;5860078.5;-4168.856934
409255.8125;5860078.5;-4168.416016
409316.0938;5860078.5;-4168.012695
409376.4063;5860078.5;-4167.644043
401356.4063;5860139.5;-4058.269043
401416.6875;5860139.5;-4057.835449
401477;5860139.5;-4057.327148
401537.3125;5860139.5;-4056.744141
401597.5938;5860139.5;-4056.100098
401657.9063;5860139.5;-4055.470459
401718.2188;5860139.5;-4054.915039
401778.5;5860139.5;-4054.52124
401838.8125;5860139.5;-4054.48291
401899.0938;5860139.5;-4054.9375
401959.4063;5860139.5;-4056.049316
402019.7188;5860139.5;-4058.088135
402080;5860139.5;-4061.35376
402140.3125;5860139.5;-4065.918945
402200.625;5860139.5;-4071.595459
402260.9063;5860139.5;-4077.576416
402321.2188;5860139.5;-4081.896973
402381.5;5860139.5;-4084.477051
402441.8125;5860139.5;-4086.180664
402502.125;5860139.5;-4087.312744
402562.4063;5860139.5;-4087.850586
402622.7188;5860139.5;-4088.001465
402683.0313;5860139.5;-4087.994873
402743.3125;5860139.5;-4087.922607
402803.625;5860139.5;-4087.922852
402863.9063;5860139.5;-4088.05835
402924.2188;5860139.5;-4088.352783
402984.5313;5860139.5;-4088.826416
403044.8125;5860139.5;-4089.43457
403105.125;5860139.5;-4090.102051
403165.4375;5860139.5;-4090.79834
403225.7188;5860139.5;-4091.509033
403286.0313;5860139.5;-4092.229248
403346.3125;5860139.5;-4092.969971
403406.625;5860139.5;-4093.750244
403466.9375;5860139.5;-4094.60498
403527.2188;5860139.5;-4095.572266
403587.5313;5860139.5;-4096.648926
403647.8438;5860139.5;-4097.831055
403708.125;5860139.5;-4099.100098
403768.4375;5860139.5;-4100.419922
403828.7188;5860139.5;-4101.762695
403889.0313;5860139.5;-4103.100586
403949.3438;5860139.5;-4104.408203
404009.625;5860139.5;-4105.676758
404069.9375;5860139.5;-4106.907715
404130.25;5860139.5;-4108.099609
404190.5313;5860139.5;-4109.255371
404250.8438;5860139.5;-4110.366699
404311.125;5860139.5;-4111.443848
404371.4375;5860139.5;-4112.498535
404431.75;5860139.5;-4113.532715
404492.0313;5860139.5;-4114.547852
404552.3438;5860139.5;-4115.551758
404612.625;5860139.5;-4116.549316
404672.9375;5860139.5;-4117.538574
404733.25;5860139.5;-4118.520508
404793.5313;5860139.5;-4124.362305
404853.8438;5860139.5;-4125.243652
404914.1563;5860139.5;-4126.11377
404974.4375;5860139.5;-4126.955566
405034.75;5860139.5;-4127.792969
405095.0313;5860139.5;-4128.625
405155.3438;5860139.5;-4129.437988
405215.6563;5860139.5;-4130.242188
405275.9375;5860139.5;-4131.040039
405336.25;5860139.5;-4131.831543
405396.5625;5860139.5;-4132.615723
405456.8438;5860139.5;-4133.393555
405517.1563;5860139.5;-4129.949707
405577.4375;5860139.5;-4130.646484
405637.75;5860139.5;-4131.340332
405698.0625;5860139.5;-4132.032227
405758.3438;5860139.5;-4132.727539
405818.6563;5860139.5;-4133.428223
405878.9688;5860139.5;-4134.143555
405939.25;5860139.5;-4134.880371
405999.5625;5860139.5;-4135.637207
406059.8438;5860139.5;-4136.429199
406120.1563;5860139.5;-4137.261719
406180.4688;5860139.5;-4138.138672
406240.75;5860139.5;-4139.069824
406301.0625;5860139.5;-4140.057617
406361.375;5860139.5;-4141.10791
406421.6563;5860139.5;-4142.231934
406481.9688;5860139.5;-4143.425781
406542.25;5860139.5;-4144.681152
406602.5625;5860139.5;-4146.01123
406662.875;5860139.5;-4147.390625
406723.1563;5860139.5;-4148.780273
406783.4688;5860139.5;-4150.165039
406843.7813;5860139.5;-4151.513672
406904.0625;5860139.5;-4152.770508
406964.375;5860139.5;-4153.937012
407024.6563;5860139.5;-4155.01709
407084.9688;5860139.5;-4155.964844
407145.2813;5860139.5;-4156.777832
407205.5625;5860139.5;-4157.479004
407265.875;5860139.5;-4158.061523
407326.1875;5860139.5;-4158.566406
407386.4688;5860139.5;-4159.137207
407446.7813;5860139.5;-4159.867188
407507.0625;5860139.5;-4160.84375
407567.375;5860139.5;-4162.149902
407627.6875;5860139.5;-4163.535156
407687.9688;5860139.5;-4164.488281
407748.2813;5860139.5;-4164.700195
407808.5938;5860139.5;-4164.20459
407868.875;5860139.5;-4163.498535
407929.1875;5860139.5;-4162.834961
407989.4688;5860139.5;-4162.277832
408049.7813;5860139.5;-4161.881348
408110.0938;5860139.5;-4161.654297
408170.375;5860139.5;-4161.569824
408230.6875;5860139.5;-4161.594727
408291;5860139.5;-4161.652832
408351.2813;5860139.5;-4161.679199
408411.5938;5860139.5;-4161.650391
408471.875;5860139.5;-4161.556152
408532.1875;5860139.5;-4161.382324
408592.5;5860139.5;-4161.154785
408652.7813;5860139.5;-4160.888672
408713.0938;5860139.5;-4160.584961
408773.4063;5860139.5;-4170.428711
408833.6875;5860139.5;-4170.046387
408894;5860139.5;-4169.627441
408954.2813;5860139.5;-4169.181152
409014.5938;5860139.5;-4168.717285
409074.9063;5860139.5;-4168.248535
409135.1875;5860139.5;-4167.790527
409195.5;5860139.5;-4167.353516
409255.8125;5860139.5;-4166.95166
409316.0938;5860139.5;-4166.583496
409376.4063;5860139.5;-4166.248535
401356.4063;5860200;-4059.394043
401416.6875;5860200;-4059.040039
401477;5860200;-4058.626465
401537.3125;5860200;-4058.163086
401597.5938;5860200;-4057.681885
401657.9063;5860200;-4057.262695
401718.2188;5860200;-4056.9646
401778.5;5860200;-4056.876221
401838.8125;5860200;-4057.177246
401899.0938;5860200;-4057.963135
401959.4063;5860200;-4059.356445
402019.7188;5860200;-4061.616455
402080;5860200;-4065.017578
402140.3125;5860200;-4069.343018
402200.625;5860200;-4074.343994
402260.9063;5860200;-4079.480225
402321.2188;5860200;-4083.34375
402381.5;5860200;-4085.872314
402441.8125;5860200;-4087.585205
402502.125;5860200;-4088.729004
402562.4063;5860200;-4089.091064
402622.7188;5860200;-4088.914063
402683.0313;5860200;-4088.63623
402743.3125;5860200;-4088.361572
402803.625;5860200;-4088.21167
402863.9063;5860200;-4088.253906
402924.2188;5860200;-4088.509521
402984.5313;5860200;-4088.984619
403044.8125;5860200;-4089.60376
403105.125;5860200;-4090.268555
403165.4375;5860200;-4090.942871
403225.7188;5860200;-4091.605713
403286.0313;5860200;-4092.249756
403346.3125;5860200;-4092.905029
403406.625;5860200;-4093.602295
403466.9375;5860200;-4094.392578
403527.2188;5860200;-4095.332275
403587.5313;5860200;-4096.415039
403647.8438;5860200;-4097.631836
403708.125;5860200;-4098.956055
403768.4375;5860200;-4100.335938
403828.7188;5860200;-4101.733398
403889.0313;5860200;-4103.115234
403949.3438;5860200;-4104.448242
404009.625;5860200;-4105.723633
404069.9375;5860200;-4106.948242
404130.25;5860200;-4108.124512
404190.5313;5860200;-4109.256836
404250.8438;5860200;-4110.34082
404311.125;5860200;-4111.38916
404371.4375;5860200;-4112.415527
404431.75;5860200;-4113.426758
404492.0313;5860200;-4114.421387
404552.3438;5860200;-4115.410645
404612.625;5860200;-4116.397461
404672.9375;5860200;-4117.380859
404733.25;5860200;-4121.280762
404793.5313;5860200;-4124.362793
404853.8438;5860200;-4125.230957
404914.1563;5860200;-4126.089355
404974.4375;5860200;-4126.918457
405034.75;5860200;-4127.743164
405095.0313;5860200;-4128.561523
405155.3438;5860200;-4129.36084
405215.6563;5860200;-4130.150391
405275.9375;5860200;-4130.930664
405336.25;5860200;-4131.70752
405396.5625;5860200;-4132.474121
405456.8438;5860200;-4133.23291
405517.1563;5860200;-4129.452148
405577.4375;5860200;-4130.126953
405637.75;5860200;-4130.797363
405698.0625;5860200;-4131.467285
405758.3438;5860200;-4132.139648
405818.6563;5860200;-4132.816895
405878.9688;5860200;-4133.51123
405939.25;5860200;-4134.228027
405999.5625;5860200;-4134.966309
406059.8438;5860200;-4135.742188
406120.1563;5860200;-4136.561035
406180.4688;5860200;-4137.428223
406240.75;5860200;-4138.353516
406301.0625;5860200;-4139.339355
406361.375;5860200;-4140.394043
406421.6563;5860200;-4141.529297
406481.9688;5860200;-4142.740234
406542.25;5860200;-4144.017578
406602.5625;5860200;-4145.376465
406662.875;5860200;-4146.789063
406723.1563;5860200;-4148.210449
406783.4688;5860200;-4149.625
406843.7813;5860200;-4150.996094
406904.0625;5860200;-4152.262695
406964.375;5860200;-4153.422363
407024.6563;5860200;-4154.479004
407084.9688;5860200;-4155.369629
407145.2813;5860200;-4156.071777
407205.5625;5860200;-4156.592773
407265.875;5860200;-4156.908691
407326.1875;5860200;-4157.063477
407386.4688;5860200;-4157.288574
407446.7813;5860200;-4157.76709
407507.0625;5860200;-4158.669434
407567.375;5860200;-4160.198242
407627.6875;5860200;-4161.998535
407687.9688;5860200;-4163.195801
407748.2813;5860200;-4163.383301
407808.5938;5860200;-4162.817383
407868.875;5860200;-4162.083496
407929.1875;5860200;-4161.42334
407989.4688;5860200;-4160.890137
408049.7813;5860200;-4160.499023
408110.0938;5860200;-4160.236328
408170.375;5860200;-4160.07666
408230.6875;5860200;-4160.001953
408291;5860200;-4159.967285
408351.2813;5860200;-4159.923828
408411.5938;5860200;-4159.853027
408471.875;5860200;-4159.743652
408532.1875;5860200;-4159.578125
408592.5;5860200;-4159.367188
408652.7813;5860200;-4159.121582
408713.0938;5860200;-4158.839355
408773.4063;5860200;-4168.678223
408833.6875;5860200;-4168.316895
408894;5860200;-4167.921387
408954.2813;5860200;-4167.504395
409014.5938;5860200;-4167.07373
409074.9063;5860200;-4166.641113
409135.1875;5860200;-4166.219727
409195.5;5860200;-4165.818848
409255.8125;5860200;-4165.450684
409316.0938;5860200;-4165.11377
409376.4063;5860200;-4164.808594
401356.4063;5860260.5;-4060.610107
401416.6875;5860260.5;-4060.342773
401477;5860260.5;-4060.032715
401537.3125;5860260.5;-4059.696777
401597.5938;5860260.5;-4059.379883
401657.9063;5860260.5;-4059.161621
401718.2188;5860260.5;-4059.098389
401778.5;5860260.5;-4059.2771
401838.8125;5860260.5;-4059.861572
401899.0938;5860260.5;-4060.909424
401959.4063;5860260.5;-4062.51001
402019.7188;5860260.5;-4064.860596
402080;5860260.5;-4068.144043
402140.3125;5860260.5;-4072.076416
402200.625;5860260.5;-4076.415527
402260.9063;5860260.5;-4080.742676
402321.2188;5860260.5;-4084.133301
402381.5;5860260.5;-4086.548584
402441.8125;5860260.5;-4088.253174
402502.125;5860260.5;-4089.397461
402562.4063;5860260.5;-4089.702393
402622.7188;5860260.5;-4089.420898
402683.0313;5860260.5;-4089.014404
402743.3125;5860260.5;-4088.606689
402803.625;5860260.5;-4088.334961
402863.9063;5860260.5;-4088.329834
402924.2188;5860260.5;-4088.610596
402984.5313;5860260.5;-4089.129639
403044.8125;5860260.5;-4089.786133
403105.125;5860260.5;-4090.467285
403165.4375;5860260.5;-4091.131592
403225.7188;5860260.5;-4091.749756
403286.0313;5860260.5;-4092.307861
403346.3125;5860260.5;-4092.859863
403406.625;5860260.5;-4093.455078
403466.9375;5860260.5;-4094.168457
403527.2188;5860260.5;-4095.078857
403587.5313;5860260.5;-4096.176758
403647.8438;5860260.5;-4097.444824
403708.125;5860260.5;-4098.843262
403768.4375;5860260.5;-4100.30127
403828.7188;5860260.5;-4101.76709
403889.0313;5860260.5;-4103.199707
403949.3438;5860260.5;-4104.559082
404009.625;5860260.5;-4105.835938
404069.9375;5860260.5;-4107.047852
404130.25;5860260.5;-4108.200195
404190.5313;5860260.5;-4109.299316
404250.8438;5860260.5;-4110.34375
404311.125;5860260.5;-4111.353027
404371.4375;5860260.5;-4112.343262
404431.75;5860260.5;-4113.322266
404492.0313;5860260.5;-4114.290039
404552.3438;5860260.5;-4115.258301
404612.625;5860260.5;-4116.232422
404672.9375;5860260.5;-4117.20752
404733.25;5860260.5;-4123.513672
404793.5313;5860260.5;-4124.366699
404853.8438;5860260.5;-4125.220703
404914.1563;5860260.5;-4126.065918
404974.4375;5860260.5;-4126.882324
405034.75;5860260.5;-4127.694336
405095.0313;5860260.5;-4128.498535
405155.3438;5860260.5;-4129.285645
405215.6563;5860260.5;-4130.05957
405275.9375;5860260.5;-4130.822754
405336.25;5860260.5;-4131.582031
405396.5625;5860260.5;-4132.32959
405456.8438;5860260.5;-4133.929199
405517.1563;5860260.5;-4128.934082
405577.4375;5860260.5;-4129.585938
405637.75;5860260.5;-4130.231445
405698.0625;5860260.5;-4130.877441
405758.3438;5860260.5;-4131.525391
405818.6563;5860260.5;-4132.178223
405878.9688;5860260.5;-4132.848633
405939.25;5860260.5;-4133.543457
405999.5625;5860260.5;-4134.262207
406059.8438;5860260.5;-4135.018555
406120.1563;5860260.5;-4135.821289
406180.4688;5860260.5;-4136.676758
406240.75;5860260.5;-4137.594238
406301.0625;5860260.5;-4138.575684
406361.375;5860260.5;-4139.633301
406421.6563;5860260.5;-4140.777832
406481.9688;5860260.5;-4142.00293
406542.25;5860260.5;-4143.303711
406602.5625;5860260.5;-4144.691406
406662.875;5860260.5;-4146.137695
406723.1563;5860260.5;-4147.594238
406783.4688;5860260.5;-4149.043945
406843.7813;5860260.5;-4150.445313
406904.0625;5860260.5;-4151.730469
406964.375;5860260.5;-4152.89502
407024.6563;5860260.5;-4153.939941
407084.9688;5860260.5;-4154.780762
407145.2813;5860260.5;-4155.361328
407205.5625;5860260.5;-4155.662598
407265.875;5860260.5;-4155.628418
407326.1875;5860260.5;-4155.283203
407386.4688;5860260.5;-4154.966309
407446.7813;5860260.5;-4154.996094
407507.0625;5860260.5;-4155.649902
407567.375;5860260.5;-4157.198242
407627.6875;5860260.5;-4159.12793
407687.9688;5860260.5;-4160.506836
407748.2813;5860260.5;-4160.925293
407808.5938;5860260.5;-4160.607422
407868.875;5860260.5;-4160.083984
407929.1875;5860260.5;-4159.586426
407989.4688;5860260.5;-4159.171387
408049.7813;5860260.5;-4158.848633
408110.0938;5860260.5;-4158.607422
408170.375;5860260.5;-4158.432617
408230.6875;5860260.5;-4158.31543
408291;5860260.5;-4158.231445
408351.2813;5860260.5;-4158.149902
408411.5938;5860260.5;-4158.055176
408471.875;5860260.5;-4157.9375
408532.1875;5860260.5;-4157.777832
408592.5;5860260.5;-4157.581055
408652.7813;5860260.5;-4157.351563
408713.0938;5860260.5;-4167.223633
408773.4063;5860260.5;-4166.916992
408833.6875;5860260.5;-4166.57373
408894;5860260.5;-4166.202148
408954.2813;5860260.5;-4165.812988
409014.5938;5860260.5;-4165.414551
409074.9063;5860260.5;-4165.01416
409135.1875;5860260.5;-4164.626465
409195.5;5860260.5;-4164.258301
409255.8125;5860260.5;-4163.920898
409316.0938;5860260.5;-4163.611816
409376.4063;5860260.5;-4163.33252
401356.4063;5860321;-4061.910156
401416.6875;5860321;-4061.732422
401477;5860321;-4061.530273
401537.3125;5860321;-4061.321289
401597.5938;5860321;-4061.159668
401657.9063;5860321;-4061.119629
401718.2188;5860321;-4061.252197
401778.5;5860321;-4061.637451
401838.8125;5860321;-4062.422852
401899.0938;5860321;-4063.634033
401959.4063;5860321;-4065.330811
402019.7188;5860321;-4067.647949
402080;5860321;-4070.675537
402140.3125;5860321;-4074.135986
402200.625;5860321;-4077.830566
402260.9063;5860321;-4081.454834
402321.2188;5860321;-4084.395996
402381.5;5860321;-4086.62085
402441.8125;5860321;-4088.23999
402502.125;5860321;-4089.296875
402562.4063;5860321;-4089.632813
402622.7188;5860321;-4089.475342
402683.0313;5860321;-4089.105225
402743.3125;5860321;-4088.651123
402803.625;5860321;-4088.30542
402863.9063;5860321;-4088.310547
402924.2188;5860321;-4088.687012
402984.5313;5860321;-4089.29126
403044.8125;5860321;-4090.002441
403105.125;5860321;-4090.712158
403165.4375;5860321;-4091.375977
403225.7188;5860321;-4091.952148
403286.0313;5860321;-4092.408691
403346.3125;5860321;-4092.828857
403406.625;5860321;-4093.291504
403466.9375;5860321;-4093.908447
403527.2188;5860321;-4094.791992
403587.5313;5860321;-4095.923096
403647.8438;5860321;-4097.270508
403708.125;5860321;-4098.776367
403768.4375;5860321;-4100.338379
403828.7188;5860321;-4101.891113
403889.0313;5860321;-4103.384766
403949.3438;5860321;-4104.768555
404009.625;5860321;-4106.039551
404069.9375;5860321;-4107.227539
404130.25;5860321;-4108.341309
404190.5313;5860321;-4109.392578
404250.8438;5860321;-4110.385254
404311.125;5860321;-4111.341797
404371.4375;5860321;-4112.283203
404431.75;5860321;-4113.21875
404492.0313;5860321;-4114.150879
404552.3438;5860321;-4115.091797
404612.625;5860321;-4116.046387
404672.9375;5860321;-4119.971191
404733.25;5860321;-4123.509277
404793.5313;5860321;-4124.345703
404853.8438;5860321;-4125.186523
404914.1563;5860321;-4126.021484
404974.4375;5860321;-4126.827148
405034.75;5860321;-4127.62793
405095.0313;5860321;-4128.421387
405155.3438;5860321;-4129.195801
405215.6563;5860321;-4129.955078
405275.9375;5860321;-4130.700684
405336.25;5860321;-4131.443848
405396.5625;5860321;-4132.430664
405456.8438;5860321;-4133.527832
405517.1563;5860321;-4134.596191
405577.4375;5860321;-4129.029297
405637.75;5860321;-4129.648926
405698.0625;5860321;-4130.269043
405758.3438;5860321;-4130.890137
405818.6563;5860321;-4131.515137
405878.9688;5860321;-4132.160156
405939.25;5860321;-4132.830566
405999.5625;5860321;-4133.526367
406059.8438;5860321;-4134.26123
406120.1563;5860321;-4135.04541
406180.4688;5860321;-4135.885254
406240.75;5860321;-4136.791016
406301.0625;5860321;-4137.76709
406361.375;5860321;-4138.824219
406421.6563;5860321;-4139.976074
406481.9688;5860321;-4141.216309
406542.25;5860321;-4142.539063
406602.5625;5860321;-4143.958008
406662.875;5860321;-4145.442383
406723.1563;5860321;-4146.94043
406783.4688;5860321;-4148.433105
406843.7813;5860321;-4149.879883
406904.0625;5860321;-4151.20459
406964.375;5860321;-4152.401367
407024.6563;5860321;-4153.466797
407084.9688;5860321;-4154.293945
407145.2813;5860321;-4154.775879
407205.5625;5860321;-4154.853027
407265.875;5860321;-4154.413086
407326.1875;5860321;-4153.413574
407386.4688;5860321;-4152.299805
407446.7813;5860321;-4151.616211
407507.0625;5860321;-4151.807617
407567.375;5860321;-4153.189453
407627.6875;5860321;-4155.005859
407687.9688;5860321;-4156.524902
407748.2813;5860321;-4157.401855
407808.5938;5860321;-4157.59668
407868.875;5860321;-4157.487793
407929.1875;5860321;-4157.29834
407989.4688;5860321;-4157.100098
408049.7813;5860321;-4156.914551
408110.0938;5860321;-4156.753418
408170.375;5860321;-4156.619141
408230.6875;5860321;-4156.510742
408291;5860321;-4156.419434
408351.2813;5860321;-4156.32959
408411.5938;5860321;-4156.231934
408471.875;5860321;-4156.116699
408532.1875;5860321;-4155.967285
408592.5;5860321;-4155.78418
408652.7813;5860321;-4165.690918
408713.0938;5860321;-4165.439941
408773.4063;5860321;-4165.147461
408833.6875;5860321;-4164.823242
408894;5860321;-4164.474609
408954.2813;5860321;-4164.112305
409014.5938;5860321;-4163.743164
409074.9063;5860321;-4163.373047
409135.1875;5860321;-4163.014648
409195.5;5860321;-4162.675781
409255.8125;5860321;-4162.364746
409316.0938;5860321;-4162.080566
409376.4063;5860321;-4161.822754
401356.4063;5860381.5;-4063.280518
401416.6875;5860381.5;-4063.190674
401477;5860381.5;-4063.090088
401537.3125;5860381.5;-4062.99707
401597.5938;5860381.5;-4062.967773
401657.9063;5860381.5;-4063.065674
401718.2188;5860381.5;-4063.335205
401778.5;5860381.5;-4063.845703
401838.8125;5860381.5;-4064.725098
401899.0938;5860381.5;-4065.980225
401959.4063;5860381.5;-4067.646973
402019.7188;5860381.5;-4069.815186
402080;5860381.5;-4072.51709
402140.3125;5860381.5;-4075.511719
402200.625;5860381.5;-4078.644531
402260.9063;5860381.5;-4081.69751
402321.2188;5860381.5;-4084.249268
402381.5;5860381.5;-4086.267822
402441.8125;5860381.5;-4087.796875
402502.125;5860381.5;-4088.811035
402562.4063;5860381.5;-4089.225342
402622.7188;5860381.5;-4089.230713
402683.0313;5860381.5;-4088.990234
402743.3125;5860381.5;-4088.639893
402803.625;5860381.5;-4088.378418
402863.9063;5860381.5;-4088.453857
402924.2188;5860381.5;-4088.889893
402984.5313;5860381.5;-4089.544678
403044.8125;5860381.5;-4090.292725
403105.125;5860381.5;-4091.02417
403165.4375;5860381.5;-4091.690674
403225.7188;5860381.5;-4092.227539
403286.0313;5860381.5;-4092.556152
403346.3125;5860381.5;-4092.794189
403406.625;5860381.5;-4093.073975
403466.9375;5860381.5;-4093.562256
403527.2188;5860381.5;-4094.426758
403587.5313;5860381.5;-4095.628662
403647.8438;5860381.5;-4097.110352
403708.125;5860381.5;-4098.779297
403768.4375;5860381.5;-4100.48877
403828.7188;5860381.5;-4102.157227
403889.0313;5860381.5;-4103.723145
403949.3438;5860381.5;-4105.125
404009.625;5860381.5;-4106.373535
404069.9375;5860381.5;-4107.517578
404130.25;5860381.5;-4108.574707
404190.5313;5860381.5;-4109.558594
404250.8438;5860381.5;-4110.480469
404311.125;5860381.5;-4111.367676
404371.4375;5860381.5;-4112.245605
404431.75;5860381.5;-4113.125488
404492.0313;5860381.5;-4114.012207
404552.3438;5860381.5;-4114.916504
404612.625;5860381.5;-4115.84668
404672.9375;5860381.5;-4122.641113
404733.25;5860381.5;-4123.489746
404793.5313;5860381.5;-4124.309082
404853.8438;5860381.5;-4125.13916
404914.1563;5860381.5;-4125.967285
404974.4375;5860381.5;-4126.764648
405034.75;5860381.5;-4127.556641
405095.0313;5860381.5;-4128.340332
405155.3438;5860381.5;-4129.102051
405215.6563;5860381.5;-4129.845215
405275.9375;5860381.5;-4130.570801
405336.25;5860381.5;-4131.29248
405396.5625;5860381.5;-4131.989746
405456.8438;5860381.5;-4133.095703
405517.1563;5860381.5;-4134.166992
405577.4375;5860381.5;-4135.226074
405637.75;5860381.5;-4129.033203
405698.0625;5860381.5;-4129.623047
405758.3438;5860381.5;-4130.212891
405818.6563;5860381.5;-4130.807617
405878.9688;5860381.5;-4131.422852
405939.25;5860381.5;-4132.064453
405999.5625;5860381.5;-4132.731934
406059.8438;5860381.5;-4133.440918
406120.1563;5860381.5;-4134.200195
406180.4688;5860381.5;-4135.019531
406240.75;5860381.5;-4135.908691
406301.0625;5860381.5;-4136.873047
406361.375;5860381.5;-4137.925293
406421.6563;5860381.5;-4139.078613
406481.9688;5860381.5;-4140.329102
406542.25;5860381.5;-4141.67041
406602.5625;5860381.5;-4143.120117
406662.875;5860381.5;-4144.647461
406723.1563;5860381.5;-4146.195313
406783.4688;5860381.5;-4147.748047
406843.7813;5860381.5;-4149.268555
406904.0625;5860381.5;-4150.676758
406964.375;5860381.5;-4151.96582
407024.6563;5860381.5;-4153.133301
407084.9688;5860381.5;-4154.04834
407145.2813;5860381.5;-4154.549805
407205.5625;5860381.5;-4154.510742
407265.875;5860381.5;-4153.724121
407326.1875;5860381.5;-4151.992676
407386.4688;5860381.5;-4149.816406
407446.7813;5860381.5;-4148.079102
407507.0625;5860381.5;-4147.583496
407567.375;5860381.5;-4148.802246
407627.6875;5860381.5;-4150.589355
407687.9688;5860381.5;-4152.247559
407748.2813;5860381.5;-4153.482422
407808.5938;5860381.5;-4154.136719
407868.875;5860381.5;-4154.459961
407929.1875;5860381.5;-4154.625488
407989.4688;5860381.5;-4154.694336
408049.7813;5860381.5;-4154.696289
408110.0938;5860381.5;-4154.664551
408170.375;5860381.5;-4154.618652
408230.6875;5860381.5;-4154.564453
408291;5860381.5;-4154.505371
408351.2813;5860381.5;-4154.438965
408411.5938;5860381.5;-4154.361328
408471.875;5860381.5;-4154.265137
408532.1875;5860381.5;-4154.135254
408592.5;5860381.5;-4153.974609
408652.7813;5860381.5;-4163.887207
408713.0938;5860381.5;-4163.647461
408773.4063;5860381.5;-4163.371582
408833.6875;5860381.5;-4163.065918
408894;5860381.5;-4162.739258
408954.2813;5860381.5;-4162.399414
409014.5938;5860381.5;-4162.054199
409074.9063;5860381.5;-4161.709473
409135.1875;5860381.5;-4161.375977
409195.5;5860381.5;-4161.060059
409255.8125;5860381.5;-4160.770996
409316.0938;5860381.5;-4160.506836
409376.4063;5860381.5;-4160.26709
401356.4063;5860442.5;-4064.678955
401416.6875;5860442.5;-4064.666748
401477;5860442.5;-4064.656738
401537.3125;5860442.5;-4064.666992
401597.5938;5860442.5;-4064.748047
401657.9063;5860442.5;-4064.955566
401718.2188;5860442.5;-4065.322998
401778.5;5860442.5;-4065.90918
401838.8125;5860442.5;-4066.820313
401899.0938;5860442.5;-4068.053467
401959.4063;5860442.5;-4069.627686
402019.7188;5860442.5;-4071.603027
402080;5860442.5;-4073.978027
402140.3125;5860442.5;-4076.555664
402200.625;5860442.5;-4079.218262
402260.9063;5860442.5;-4081.810547
402321.2188;5860442.5;-4084.031738
402381.5;5860442.5;-4085.851074
402441.8125;5860442.5;-4087.2854
402502.125;5860442.5;-4088.287598
402562.4063;5860442.5;-4088.786377
402622.7188;5860442.5;-4088.935303
402683.0313;5860442.5;-4088.859619
402743.3125;5860442.5;-4088.695068
402803.625;5860442.5;-4088.618896
402863.9063;5860442.5;-4088.783691
402924.2188;5860442.5;-4089.217041
402984.5313;5860442.5;-4089.867676
403044.8125;5860442.5;-4090.618652
403105.125;5860442.5;-4091.352539
403165.4375;5860442.5;-4092.019043
403225.7188;5860442.5;-4092.527588
403286.0313;5860442.5;-4092.703613
403346.3125;5860442.5;-4092.702881
403406.625;5860442.5;-4092.754395
403466.9375;5860442.5;-4093.093506
403527.2188;5860442.5;-4093.958252
403587.5313;5860442.5;-4095.283936
403647.8438;5860442.5;-4096.969238
403708.125;5860442.5;-4098.864746
403768.4375;5860442.5;-4100.766113
403828.7188;5860442.5;-4102.571777
403889.0313;5860442.5;-4104.211426
403949.3438;5860442.5;-4105.616699
404009.625;5860442.5;-4106.819824
404069.9375;5860442.5;-4107.896973
404130.25;5860442.5;-4108.875
404190.5313;5860442.5;-4109.772949
404250.8438;5860442.5;-4110.609863
404311.125;5860442.5;-4111.415039
404371.4375;5860442.5;-4112.216797
404431.75;5860442.5;-4113.03125
404492.0313;5860442.5;-4113.865234
404552.3438;5860442.5;-4114.729004
404612.625;5860442.5;-4115.972656
404672.9375;5860442.5;-4122.625488
404733.25;5860442.5;-4123.455078
404793.5313;5860442.5;-4124.259766
404853.8438;5860442.5;-4125.082031
404914.1563;5860442.5;-4125.905762
404974.4375;5860442.5;-4126.697266
405034.75;5860442.5;-4127.48291
405095.0313;5860442.5;-4128.257813
405155.3438;5860442.5;-4129.006836
405215.6563;5860442.5;-4129.731934
405275.9375;5860442.5;-4130.436035
405336.25;5860442.5;-4130.386719
405396.5625;5860442.5;-4131.521484
405456.8438;5860442.5;-4132.638184
405517.1563;5860442.5;-4133.712402
405577.4375;5860442.5;-4134.771484
405637.75;5860442.5;-4132.379395
405698.0625;5860442.5;-4128.945313
405758.3438;5860442.5;-4129.501953
405818.6563;5860442.5;-4130.062012
405878.9688;5860442.5;-4130.643555
405939.25;5860442.5;-4131.252441
405999.5625;5860442.5;-4131.88916
406059.8438;5860442.5;-4132.566895
406120.1563;5860442.5;-4133.296875
406180.4688;5860442.5;-4134.091309
406240.75;5860442.5;-4134.958496
406301.0625;5860442.5;-4135.903809
406361.375;5860442.5;-4136.944824
406421.6563;5860442.5;-4138.096191
406481.9688;5860442.5;-4139.351074
406542.25;5860442.5;-4140.707031
406602.5625;5860442.5;-4142.186523
406662.875;5860442.5;-4143.758301
406723.1563;5860442.5;-4145.362793
406783.4688;5860442.5;-4146.987793
406843.7813;5860442.5;-4148.60791
406904.0625;5860442.5;-4150.14209
406964.375;5860442.5;-4151.586914
407024.6563;5860442.5;-4152.941895
407084.9688;5860442.5;-4154.068359
407145.2813;5860442.5;-4154.760254
407205.5625;5860442.5;-4154.826172
407265.875;5860442.5;-4153.950195
407326.1875;5860442.5;-4151.692383
407386.4688;5860442.5;-4148.430176
407446.7813;5860442.5;-4145.373047
407507.0625;5860442.5;-4144.007324
407567.375;5860442.5;-4145.068848
407627.6875;5860442.5;-4146.819824
407687.9688;5860442.5;-4148.497559
407748.2813;5860442.5;-4149.873047
407808.5938;5860442.5;-4150.811523
407868.875;5860442.5;-4151.45166
407929.1875;5860442.5;-4151.90332
407989.4688;5860442.5;-4152.209961
408049.7813;5860442.5;-4152.391113
408110.0938;5860442.5;-4152.491699
408170.375;5860442.5;-4152.541992
408230.6875;5860442.5;-4152.556641
408291;5860442.5;-4152.543945
408351.2813;5860442.5;-4152.513672
408411.5938;5860442.5;-4152.468262
408471.875;5860442.5;-4152.400391
408532.1875;5860442.5;-4152.297363
408592.5;5860442.5;-4162.277344
408652.7813;5860442.5;-4162.082031
408713.0938;5860442.5;-4161.856445
408773.4063;5860442.5;-4161.595215
408833.6875;5860442.5;-4161.307617
408894;5860442.5;-4160.999023
408954.2813;5860442.5;-4160.679688
409014.5938;5860442.5;-4160.355469
409074.9063;5860442.5;-4160.03125
409135.1875;5860442.5;-4159.717285
409195.5;5860442.5;-4159.42041
409255.8125;5860442.5;-4159.147949
409316.0938;5860442.5;-4158.899902
409376.4063;5860442.5;-4158.674805
401356.4063;5860503;-4066.080566
401416.6875;5860503;-4066.13623
401477;5860503;-4066.206543
401537.3125;5860503;-4066.306641
401597.5938;5860503;-4066.481934
401657.9063;5860503;-4066.776855
401718.2188;5860503;-4067.216797
401778.5;5860503;-4067.849609
401838.8125;5860503;-4068.76001
401899.0938;5860503;-4069.938965
401959.4063;5860503;-4071.395264
402019.7188;5860503;-4073.167725
402080;5860503;-4075.239502
402140.3125;5860503;-4077.452148
402200.625;5860503;-4079.719727
402260.9063;5860503;-4081.930176
402321.2188;5860503;-4083.868652
402381.5;5860503;-4085.504883
402441.8125;5860503;-4086.842041
402502.125;5860503;-4087.829102
402562.4063;5860503;-4088.401855
402622.7188;5860503;-4088.679688
402683.0313;5860503;-4088.763428
402743.3125;5860503;-4088.767334
402803.625;5860503;-4088.851318
402863.9063;5860503;-4089.105225
402924.2188;5860503;-4089.553955
402984.5313;5860503;-4090.192871
403044.8125;5860503;-4090.919189
403105.125;5860503;-4091.626953
403165.4375;5860503;-4092.278564
403225.7188;5860503;-4092.756348
403286.0313;5860503;-4092.757813
403346.3125;5860503;-4092.480225
403406.625;5860503;-4092.282227
403466.9375;5860503;-4092.462891
403527.2188;5860503;-4093.365967
403587.5313;5860503;-4094.890625
403647.8438;5860503;-4096.860352
403708.125;5860503;-4099.05127
403768.4375;5860503;-4101.182617
403828.7188;5860503;-4103.141602
403889.0313;5860503;-4104.848633
403949.3438;5860503;-4106.231934
404009.625;5860503;-4107.36084
404069.9375;5860503;-4108.344238
404130.25;5860503;-4109.219238
404190.5313;5860503;-4110.012695
404250.8438;5860503;-4110.749512
404311.125;5860503;-4111.460449
404371.4375;5860503;-4112.177734
404431.75;5860503;-4112.918945
404492.0313;5860503;-4113.693848
404552.3438;5860503;-4114.511719
404612.625;5860503;-4121.786133
404672.9375;5860503;-4122.577148
404733.25;5860503;-4123.388184
404793.5313;5860503;-4124.180664
404853.8438;5860503;-4124.99707
404914.1563;5860503;-4125.819824
404974.4375;5860503;-4126.608398
405034.75;5860503;-4127.391602
405095.0313;5860503;-4128.161133
405155.3438;5860503;-4128.898926
405215.6563;5860503;-4129.607422
405275.9375;5860503;-4128.720215
405336.25;5860503;-4129.893066
405396.5625;5860503;-4131.041992
405456.8438;5860503;-4132.16748
405517.1563;5860503;-4133.243164
405577.4375;5860503;-4134.30127
405637.75;5860503;-4135.342773
405698.0625;5860503;-4128.246582
405758.3438;5860503;-4128.76709
405818.6563;5860503;-4129.290527
405878.9688;5860503;-4129.836426
405939.25;5860503;-4130.410645
405999.5625;5860503;-4131.012695
406059.8438;5860503;-4131.656738
406120.1563;5860503;-4132.354492
406180.4688;5860503;-4133.120117
406240.75;5860503;-4133.960938
406301.0625;5860503;-4134.884766
406361.375;5860503;-4135.910645
406421.6563;5860503;-4137.054199
406481.9688;5860503;-4138.30957
406542.25;5860503;-4139.677246
406602.5625;5860503;-4141.184082
406662.875;5860503;-4142.80127
406723.1563;5860503;-4144.466797
406783.4688;5860503;-4146.174316
406843.7813;5860503;-4147.913086
406904.0625;5860503;-4149.606934
406964.375;5860503;-4151.251953
407024.6563;5860503;-4152.859375
407084.9688;5860503;-4154.296875
407145.2813;5860503;-4155.337891
407205.5625;5860503;-4155.760742
407265.875;5860503;-4155.163574
407326.1875;5860503;-4152.813477
407386.4688;5860503;-4148.750977
407446.7813;5860503;-4144.320313
407507.0625;5860503;-4141.910156
407567.375;5860503;-4142.666016
407627.6875;5860503;-4144.171387
407687.9688;5860503;-4145.600098
407748.2813;5860503;-4146.859863
407808.5938;5860503;-4147.875
407868.875;5860503;-4148.677246
407929.1875;5860503;-4149.310059
407989.4688;5860503;-4149.788086
408049.7813;5860503;-4150.109375
408110.0938;5860503;-4150.320801
408170.375;5860503;-4150.457031
408230.6875;5860503;-4150.536621
408291;5860503;-4150.572266
408351.2813;5860503;-4150.58252
408411.5938;5860503;-4150.571777
408471.875;5860503;-4150.535645
408532.1875;5860503;-4160.615723
408592.5;5860503;-4160.462891
408652.7813;5860503;-4160.281738
408713.0938;5860503;-4160.069336
408773.4063;5860503;-4159.823242
408833.6875;5860503;-4159.550781
408894;5860503;-4159.259766
408954.2813;5860503;-4158.957031
409014.5938;5860503;-4158.650391
409074.9063;5860503;-4158.344238
409135.1875;5860503;-4158.046875
409195.5;5860503;-4157.765625
409255.8125;5860503;-4157.507813
409316.0938;5860503;-4157.272949
409376.4063;5860503;-4157.060059
401356.4063;5860563.5;-4067.468506
401416.6875;5860563.5;-4067.583008
401477;5860563.5;-4067.720703
401537.3125;5860563.5;-4067.895508
401597.5938;5860563.5;-4068.147217
401657.9063;5860563.5;-4068.51001
401718.2188;5860563.5;-4069.002197
401778.5;5860563.5;-4069.658447
401838.8125;5860563.5;-4070.547607
401899.0938;5860563.5;-4071.655273
401959.4063;5860563.5;-4072.984131
402019.7188;5860563.5;-4074.561279
402080;5860563.5;-4076.362793
402140.3125;5860563.5;-4078.265381
402200.625;5860563.5;-4080.204346
402260.9063;5860563.5;-4082.101563
402321.2188;5860563.5;-4083.799805
402381.5;5860563.5;-4085.271484
402441.8125;5860563.5;-4086.512207
402502.125;5860563.5;-4087.475586
402562.4063;5860563.5;-4088.102783
402622.7188;5860563.5;-4088.487549
402683.0313;5860563.5;-4088.708252
402743.3125;5860563.5;-4088.854736
402803.625;5860563.5;-4089.059082
402863.9063;5860563.5;-4089.385742
402924.2188;5860563.5;-4089.852051
402984.5313;5860563.5;-4090.460938
403044.8125;5860563.5;-4091.129883
403105.125;5860563.5;-4091.764404
403165.4375;5860563.5;-4092.320557
403225.7188;5860563.5;-4092.664551
403286.0313;5860563.5;-4092.489746
403346.3125;5860563.5;-4092.013428
403406.625;5860563.5;-4091.604492
403466.9375;5860563.5;-4091.614502
403527.2188;5860563.5;-4092.616211
403587.5313;5860563.5;-4094.472168
403647.8438;5860563.5;-4096.830566
403708.125;5860563.5;-4099.385254
403768.4375;5860563.5;-4101.782227
403828.7188;5860563.5;-4103.900391
403889.0313;5860563.5;-4105.657227
403949.3438;5860563.5;-4106.981445
404009.625;5860563.5;-4107.996094
404069.9375;5860563.5;-4108.852539
404130.25;5860563.5;-4109.597656
404190.5313;5860563.5;-4110.268555
404250.8438;5860563.5;-4110.894531
404311.125;5860563.5;-4111.503906
404371.4375;5860563.5;-4112.130859
404431.75;5860563.5;-4112.794922
404492.0313;5860563.5;-4113.509277
404552.3438;5860563.5;-4114.280762
404612.625;5860563.5;-4121.728027
404672.9375;5860563.5;-4122.490234
404733.25;5860563.5;-4123.286133
404793.5313;5860563.5;-4124.070313
404853.8438;5860563.5;-4124.886719
404914.1563;5860563.5;-4125.713379
404974.4375;5860563.5;-4126.503418
405034.75;5860563.5;-4127.287109
405095.0313;5860563.5;-4128.055664
405155.3438;5860563.5;-4128.785645
405215.6563;5860563.5;-4129.480469
405275.9375;5860563.5;-4128.193848
405336.25;5860563.5;-4129.385254
405396.5625;5860563.5;-4130.546387
405456.8438;5860563.5;-4131.681152
405517.1563;5860563.5;-4132.756836
405577.4375;5860563.5;-4133.810547
405637.75;5860563.5;-4134.845703
405698.0625;5860563.5;-4135.82373
405758.3438;5860563.5;-4128.002441
405818.6563;5860563.5;-4128.48584
405878.9688;5860563.5;-4128.991699
405939.25;5860563.5;-4129.525879
405999.5625;5860563.5;-4130.089355
406059.8438;5860563.5;-4130.693848
406120.1563;5860563.5;-4131.354004
406180.4688;5860563.5;-4132.084961
406240.75;5860563.5;-4132.893066
406301.0625;5860563.5;-4133.787598
406361.375;5860563.5;-4134.790039
406421.6563;5860563.5;-4135.916504
406481.9688;5860563.5;-4137.164063
406542.25;5860563.5;-4138.533691
406602.5625;5860563.5;-4140.060547
406662.875;5860563.5;-4141.717285
406723.1563;5860563.5;-4143.441406
406783.4688;5860563.5;-4145.233887
406843.7813;5860563.5;-4147.104004
406904.0625;5860563.5;-4148.979004
406964.375;5860563.5;-4150.85498
407024.6563;5860563.5;-4152.759277
407084.9688;5860563.5;-4154.573242
407145.2813;5860563.5;-4156.078125
407205.5625;5860563.5;-4157.052734
407265.875;5860563.5;-4157.052246
407326.1875;5860563.5;-4155.214844
407386.4688;5860563.5;-4151.369141
407446.7813;5860563.5;-4146.405762
407507.0625;5860563.5;-4142.79834
407567.375;5860563.5;-4142.408203
407627.6875;5860563.5;-4143.012695
407687.9688;5860563.5;-4143.775879
407748.2813;5860563.5;-4144.621582
407808.5938;5860563.5;-4145.481445
407868.875;5860563.5;-4146.271973
407929.1875;5860563.5;-4146.958008
407989.4688;5860563.5;-4147.515625
408049.7813;5860563.5;-4147.919434
408110.0938;5860563.5;-4148.202637
408170.375;5860563.5;-4148.401367
408230.6875;5860563.5;-4148.53418
408291;5860563.5;-4148.614258
408351.2813;5860563.5;-4148.662598
408411.5938;5860563.5;-4148.6875
408471.875;5860563.5;-4158.910645
408532.1875;5860563.5;-4158.804199
408592.5;5860563.5;-4158.663574
408652.7813;5860563.5;-4158.493652
408713.0938;5860563.5;-4158.291992
408773.4063;5860563.5;-4158.057617
408833.6875;5860563.5;-4157.79834
408894;5860563.5;-4157.519531
408954.2813;5860563.5;-4157.230469
409014.5938;5860563.5;-4156.9375
409074.9063;5860563.5;-4156.644043
409135.1875;5860563.5;-4156.360352
409195.5;5860563.5;-4156.09082
409255.8125;5860563.5;-4155.844727
409316.0938;5860563.5;-4155.619141
409376.4063;5860563.5;-4155.415527
401356.4063;5860624;-4068.822266
401416.6875;5860624;-4068.980469
401477;5860624;-4069.168701
401537.3125;5860624;-4069.397949
401597.5938;5860624;-4069.703613
401657.9063;5860624;-4070.110596
401718.2188;5860624;-4070.631592
401778.5;5860624;-4071.29248
401838.8125;5860624;-4072.145996
401899.0938;5860624;-4073.17627
401959.4063;5860624;-4074.383301
402019.7188;5860624;-4075.785645
402080;5860624;-4077.361572
402140.3125;5860624;-4079.013672
402200.625;5860624;-4080.692871
402260.9063;5860624;-4082.341064
402321.2188;5860624;-4083.841797
402381.5;5860624;-4085.168701
402441.8125;5860624;-4086.316406
402502.125;5860624;-4087.243164
402562.4063;5860624;-4087.897705
402622.7188;5860624;-4088.35498
402683.0313;5860624;-4088.675049
402743.3125;5860624;-4088.926758
402803.625;5860624;-4089.211426
402863.9063;5860624;-4089.577637
402924.2188;5860624;-4090.037842
402984.5313;5860624;-4090.592285
403044.8125;5860624;-4091.169922
403105.125;5860624;-4091.684814
403165.4375;5860624;-4092.074707
403225.7188;5860624;-4092.210693
403286.0313;5860624;-4091.901123
403346.3125;5860624;-4091.355469
403406.625;5860624;-4090.817139
403466.9375;5860624;-4090.695068
403527.2188;5860624;-4091.877441
403587.5313;5860624;-4094.192383
403647.8438;5860624;-4097.024414
403708.125;5860624;-4099.974121
403768.4375;5860624;-4102.64502
403828.7188;5860624;-4104.897461
403889.0313;5860624;-4106.650391
403949.3438;5860624;-4107.854492
404009.625;5860624;-4108.70166
404069.9375;5860624;-4109.387207
404130.25;5860624;-4109.97168
404190.5313;5860624;-4110.502441
404250.8438;5860624;-4111.007324
404311.125;5860624;-4111.509277
404371.4375;5860624;-4112.041992
404431.75;5860624;-4112.62793
404492.0313;5860624;-4113.281738
404552.3438;5860624;-4120.949219
404612.625;5860624;-4121.597168
404672.9375;5860624;-4122.334961
404733.25;5860624;-4123.123535
404793.5313;5860624;-4123.908203
404853.8438;5860624;-4124.73291
404914.1563;5860624;-4125.571289
404974.4375;5860624;-4126.369629
405034.75;5860624;-4127.160645
405095.0313;5860624;-4127.934082
405155.3438;5860624;-4128.662598
405215.6563;5860624;-4126.412598
405275.9375;5860624;-4127.645508
405336.25;5860624;-4128.856445
405396.5625;5860624;-4130.030762
405456.8438;5860624;-4131.172363
405517.1563;5860624;-4132.245117
405577.4375;5860624;-4133.291504
405637.75;5860624;-4134.316406
405698.0625;5860624;-4135.277344
405758.3438;5860624;-4136.227051
405818.6563;5860624;-4127.631348
405878.9688;5860624;-4128.090332
405939.25;5860624;-4128.579102
405999.5625;5860624;-4129.098145
406059.8438;5860624;-4129.65625
406120.1563;5860624;-4130.272461
406180.4688;5860624;-4130.960449
406240.75;5860624;-4131.727051
406301.0625;5860624;-4132.581543
406361.375;5860624;-4133.54834
406421.6563;5860624;-4134.644531
406481.9688;5860624;-4135.867676
406542.25;5860624;-4137.222656
406602.5625;5860624;-4138.751953
406662.875;5860624;-4140.432617
406723.1563;5860624;-4142.199707
406783.4688;5860624;-4144.065918
406843.7813;5860624;-4146.061035
406904.0625;5860624;-4148.111816
406964.375;5860624;-4150.215332
407024.6563;5860624;-4152.40625
407084.9688;5860624;-4154.573242
407145.2813;5860624;-4156.5
407205.5625;5860624;-4157.972168
407265.875;5860624;-4158.59668
407326.1875;5860624;-4157.71875
407386.4688;5860624;-4155.191406
407446.7813;5860624;-4150.818848
407507.0625;5860624;-4146.204102
407567.375;5860624;-4144.068359
407627.6875;5860624;-4143.300293
407687.9688;5860624;-4143.111816
407748.2813;5860624;-4143.316406
407808.5938;5860624;-4143.814941
407868.875;5860624;-4144.414551
407929.1875;5860624;-4145.00293
407989.4688;5860624;-4145.52002
408049.7813;5860624;-4145.92041
408110.0938;5860624;-4146.217285
408170.375;5860624;-4146.438477
408230.6875;5860624;-4146.599121
408291;5860624;-4146.708496
408351.2813;5860624;-4146.786133
408411.5938;5860624;-4146.838379
408471.875;5860624;-4157.122559
408532.1875;5860624;-4157.023926
408592.5;5860624;-4156.88916
408652.7813;5860624;-4156.724609
408713.0938;5860624;-4156.529297
408773.4063;5860624;-4156.30127
408833.6875;5860624;-4156.04834
408894;5860624;-4155.776855
408954.2813;5860624;-4155.495605
409014.5938;5860624;-4155.211426
409074.9063;5860624;-4154.92627
409135.1875;5860624;-4154.649902
409195.5;5860624;-4154.388672
409255.8125;5860624;-4154.149414
409316.0938;5860624;-4153.931152
409376.4063;5860624;-4153.732422
401356.4063;5860685;-4070.133545
401416.6875;5860685;-4070.322021
401477;5860685;-4070.543945
401537.3125;5860685;-4070.80957
401597.5938;5860685;-4071.149902
401657.9063;5860685;-4071.581787
401718.2188;5860685;-4072.114258
401778.5;5860685;-4072.765137
401838.8125;5860685;-4073.575928
401899.0938;5860685;-4074.529785
401959.4063;5860685;-4075.625488
402019.7188;5860685;-4076.875488
402080;5860685;-4078.262207
402140.3125;5860685;-4079.707031
402200.625;5860685;-4081.174072
402260.9063;5860685;-4082.619385
402321.2188;5860685;-4083.951904
402381.5;5860685;-4085.150146
402441.8125;5860685;-4086.207275
402502.125;5860685;-4087.088379
402562.4063;5860685;-4087.750244
402622.7188;5860685;-4088.25
402683.0313;5860685;-4088.635254
402743.3125;5860685;-4088.955322
402803.625;5860685;-4089.287598
402863.9063;5860685;-4089.668945
402924.2188;5860685;-4090.105225
402984.5313;5860685;-4090.594971
403044.8125;5860685;-4091.078125
403105.125;5860685;-4091.481201
403165.4375;5860685;-4091.746338
403225.7188;5860685;-4091.759277
403286.0313;5860685;-4091.418213
403346.3125;5860685;-4090.926758
403406.625;5860685;-4090.474854
403466.9375;5860685;-4090.48291
403527.2188;5860685;-4091.873291
403587.5313;5860685;-4094.458496
403647.8438;5860685;-4097.591797
403708.125;5860685;-4100.833496
403768.4375;5860685;-4103.745117
403828.7188;5860685;-4106.062988
403889.0313;5860685;-4107.70166
403949.3438;5860685;-4108.715332
404009.625;5860685;-4109.354492
404069.9375;5860685;-4109.845703
404130.25;5860685;-4110.259277
404190.5313;5860685;-4110.646484
404250.8438;5860685;-4111.029785
404311.125;5860685;-4111.421387
404371.4375;5860685;-4111.856445
404431.75;5860685;-4112.361816
404492.0313;5860685;-4112.95459
404552.3438;5860685;-4120.765625
404612.625;5860685;-4121.372559
404672.9375;5860685;-4122.093262
404733.25;5860685;-4122.882813
404793.5313;5860685;-4123.680176
404853.8438;5860685;-4124.523438
404914.1563;5860685;-4125.381836
404974.4375;5860685;-4126.192871
405034.75;5860685;-4126.996582
405095.0313;5860685;-4127.78125
405155.3438;5860685;-4124.911133
405215.6563;5860685;-4125.816895
405275.9375;5860685;-4127.080566
405336.25;5860685;-4128.313477
405396.5625;5860685;-4129.498535
405456.8438;5860685;-4130.643066
405517.1563;5860685;-4131.708984
405577.4375;5860685;-4132.743652
405637.75;5860685;-4133.75293
405698.0625;5860685;-4134.691895
405758.3438;5860685;-4135.617676
405818.6563;5860685;-4136.545898
405878.9688;5860685;-4127.139648
405939.25;5860685;-4127.57959
405999.5625;5860685;-4128.050293
406059.8438;5860685;-4128.560547
406120.1563;5860685;-4129.126953
406180.4688;5860685;-4129.768066
406240.75;5860685;-4130.487793
406301.0625;5860685;-4131.295898
406361.375;5860685;-4132.21875
406421.6563;5860685;-4133.273926
406481.9688;5860685;-4134.458008
406542.25;5860685;-4135.78125
406602.5625;5860685;-4137.292969
406662.875;5860685;-4138.973633
406723.1563;5860685;-4140.758789
406783.4688;5860685;-4142.67041
406843.7813;5860685;-4144.759766
406904.0625;5860685;-4146.949219
406964.375;5860685;-4149.231934
407024.6563;5860685;-4151.64502
407084.9688;5860685;-4154.062988
407145.2813;5860685;-4156.251465
407205.5625;5860685;-4157.96582
407265.875;5860685;-4158.82959
407326.1875;5860685;-4158.331543
407386.4688;5860685;-4156.469727
407446.7813;5860685;-4152.810059
407507.0625;5860685;-4148.291016
407567.375;5860685;-4145.410156
407627.6875;5860685;-4143.803711
407687.9688;5860685;-4142.897461
407748.2813;5860685;-4142.534668
407808.5938;5860685;-4142.643066
407868.875;5860685;-4142.979492
407929.1875;5860685;-4143.38623
407989.4688;5860685;-4143.785645
408049.7813;5860685;-4144.119629
408110.0938;5860685;-4144.381836
408170.375;5860685;-4144.589355
408230.6875;5860685;-4144.75293
408291;5860685;-4144.874512
408351.2813;5860685;-4144.966797
408411.5938;5860685;-4155.425781
408471.875;5860685;-4155.370117
408532.1875;5860685;-4155.270508
408592.5;5860685;-4155.135254
408652.7813;5860685;-4154.970703
408713.0938;5860685;-4154.775391
408773.4063;5860685;-4154.547852
408833.6875;5860685;-4154.297363
408894;5860685;-4154.02832
408954.2813;5860685;-4153.751465
409014.5938;5860685;-4153.471191
409074.9063;5860685;-4153.190918
409135.1875;5860685;-4152.919922
409195.5;5860685;-4152.663574
409255.8125;5860685;-4152.428711
409316.0938;5860685;-4152.214844
409376.4063;5860685;-4152.020508
401356.4063;5860745.5;-4071.404541
401416.6875;5860745.5;-4071.612549
401477;5860745.5;-4071.855957
401537.3125;5860745.5;-4072.144287
401597.5938;5860745.5;-4072.503662
401657.9063;5860745.5;-4072.946533
401718.2188;5860745.5;-4073.477295
401778.5;5860745.5;-4074.108643
401838.8125;5860745.5;-4074.872803
401899.0938;5860745.5;-4075.753418
401959.4063;5860745.5;-4076.746338
402019.7188;5860745.5;-4077.861816
402080;5860745.5;-4079.085205
402140.3125;5860745.5;-4080.354004
402200.625;5860745.5;-4081.640381
402260.9063;5860745.5;-4082.911133
402321.2188;5860745.5;-4084.097168
402381.5;5860745.5;-4085.178467
402441.8125;5860745.5;-4086.14917
402502.125;5860745.5;-4086.979736
402562.4063;5860745.5;-4087.633789
402622.7188;5860745.5;-4088.15625
402683.0313;5860745.5;-4088.581055
402743.3125;5860745.5;-4088.944824
402803.625;5860745.5;-4089.303223
402863.9063;5860745.5;-4089.684326
402924.2188;5860745.5;-4090.090576
402984.5313;5860745.5;-4090.518799
403044.8125;5860745.5;-4090.919678
403105.125;5860745.5;-4091.236328
403165.4375;5860745.5;-4091.427979
403225.7188;5860745.5;-4091.411621
403286.0313;5860745.5;-4091.145264
403346.3125;5860745.5;-4090.831787
403406.625;5860745.5;-4090.672119
403466.9375;5860745.5;-4091.045166
403527.2188;5860745.5;-4092.624268
403587.5313;5860745.5;-4095.234131
403647.8438;5860745.5;-4098.440918
403708.125;5860745.5;-4101.847168
403768.4375;5860745.5;-4104.952148
403828.7188;5860745.5;-4107.255859
403889.0313;5860745.5;-4108.662598
403949.3438;5860745.5;-4109.414063
404009.625;5860745.5;-4109.82959
404069.9375;5860745.5;-4110.133301
404130.25;5860745.5;-4110.387207
404190.5313;5860745.5;-4110.64502
404250.8438;5860745.5;-4110.913574
404311.125;5860745.5;-4111.199707
404371.4375;5860745.5;-4111.540039
404431.75;5860745.5;-4111.968262
404492.0313;5860745.5;-4115.431641
404552.3438;5860745.5;-4120.493652
404612.625;5860745.5;-4121.061523
404672.9375;5860745.5;-4121.771973
404733.25;5860745.5;-4122.574219
404793.5313;5860745.5;-4123.394043
404853.8438;5860745.5;-4124.266113
404914.1563;5860745.5;-4125.149414
404974.4375;5860745.5;-4125.976563
405034.75;5860745.5;-4126.794922
405095.0313;5860745.5;-4127.592773
405155.3438;5860745.5;-4123.844727
405215.6563;5860745.5;-4125.208496
405275.9375;5860745.5;-4126.51416
405336.25;5860745.5;-4127.770508
405396.5625;5860745.5;-4128.966797
405456.8438;5860745.5;-4130.112305
405517.1563;5860745.5;-4131.165039
405577.4375;5860745.5;-4132.182617
405637.75;5860745.5;-4133.170898
405698.0625;5860745.5;-4134.082031
405758.3438;5860745.5;-4134.979004
405818.6563;5860745.5;-4135.878418
405878.9688;5860745.5;-4136.726563
405939.25;5860745.5;-4126.529785
405999.5625;5860745.5;-4126.949219
406059.8438;5860745.5;-4127.404785
406120.1563;5860745.5;-4127.918457
406180.4688;5860745.5;-4128.506348
406240.75;5860745.5;-4129.171387
406301.0625;5860745.5;-4129.922363
406361.375;5860745.5;-4130.789063
406421.6563;5860745.5;-4131.786133
406481.9688;5860745.5;-4132.912598
406542.25;5860745.5;-4134.181152
406602.5625;5860745.5;-4135.647461
406662.875;5860745.5;-4137.29834
406723.1563;5860745.5;-4139.068359
406783.4688;5860745.5;-4140.989746
406843.7813;5860745.5;-4143.135742
406904.0625;5860745.5;-4145.421387
406964.375;5860745.5;-4147.833984
407024.6563;5860745.5;-4150.412109
407084.9688;5860745.5;-4153.010742
407145.2813;5860745.5;-4155.360352
407205.5625;5860745.5;-4157.193359
407265.875;5860745.5;-4158.081543
407326.1875;5860745.5;-4157.489746
407386.4688;5860745.5;-4155.577148
407446.7813;5860745.5;-4152.500488
407507.0625;5860745.5;-4148.882813
407567.375;5860745.5;-4146.094727
407627.6875;5860745.5;-4144.118652
407687.9688;5860745.5;-4142.754395
407748.2813;5860745.5;-4141.964355
407808.5938;5860745.5;-4141.719727
407868.875;5860745.5;-4141.782227
407929.1875;5860745.5;-4141.977539
407989.4688;5860745.5;-4142.222168
408049.7813;5860745.5;-4142.456543
408110.0938;5860745.5;-4142.657227
408170.375;5860745.5;-4142.829102
408230.6875;5860745.5;-4142.978027
408291;5860745.5;-4153.774902
408351.2813;5860745.5;-4153.758301
408411.5938;5860745.5;-4153.721191
408471.875;5860745.5;-4153.655273
408532.1875;5860745.5;-4153.545898
408592.5;5860745.5;-4153.40332
408652.7813;5860745.5;-4153.231934
408713.0938;5860745.5;-4153.030762
408773.4063;5860745.5;-4152.798828
408833.6875;5860745.5;-4152.545898
408894;5860745.5;-4152.275391
408954.2813;5860745.5;-4151.998047
409014.5938;5860745.5;-4151.718262
409074.9063;5860745.5;-4151.439941
409135.1875;5860745.5;-4151.171387
409195.5;5860745.5;-4150.916992
409255.8125;5860745.5;-4150.685059
409316.0938;5860745.5;-4150.473145
409376.4063;5860745.5;-4150.281738
401356.4063;5860806;-4072.635254
401416.6875;5860806;-4072.85376
401477;5860806;-4073.108398
401537.3125;5860806;-4073.407715
401597.5938;5860806;-4073.773682
401657.9063;5860806;-4074.214844
401718.2188;5860806;-4074.733398
401778.5;5860806;-4075.337891
401838.8125;5860806;-4076.052002
401899.0938;5860806;-4076.861328
401959.4063;5860806;-4077.760254
402019.7188;5860806;-4078.756348
402080;5860806;-4079.837402
402140.3125;5860806;-4080.95459
402200.625;5860806;-4082.085449
402260.9063;5860806;-4083.206055
402321.2188;5860806;-4084.260742
402381.5;5860806;-4085.235107
402441.8125;5860806;-4086.123291
402502.125;5860806;-4086.900635
402562.4063;5860806;-4087.536865
402622.7188;5860806;-4088.06543
402683.0313;5860806;-4088.511963
402743.3125;5860806;-4088.899902
402803.625;5860806;-4089.270264
402863.9063;5860806;-4089.644775
402924.2188;5860806;-4090.023438
402984.5313;5860806;-4090.402588
403044.8125;5860806;-4090.744873
403105.125;5860806;-4091.012695
403165.4375;5860806;-4091.183105
403225.7188;5860806;-4091.212158
403286.0313;5860806;-4091.106689
403346.3125;5860806;-4091.052734
403406.625;5860806;-4091.232178
403466.9375;5860806;-4091.956787
403527.2188;5860806;-4093.677246
403587.5313;5860806;-4096.234375
403647.8438;5860806;-4099.348145
403708.125;5860806;-4102.676758
403768.4375;5860806;-4105.724609
403828.7188;5860806;-4107.942383
403889.0313;5860806;-4109.20459
403949.3438;5860806;-4109.757813
404009.625;5860806;-4109.993652
404069.9375;5860806;-4110.149414
404130.25;5860806;-4110.280273
404190.5313;5860806;-4110.438477
404250.8438;5860806;-4110.613281
404311.125;5860806;-4110.800293
404371.4375;5860806;-4111.052246
404431.75;5860806;-4111.410156
404492.0313;5860806;-4119.703125
404552.3438;5860806;-4120.12793
404612.625;5860806;-4120.657715
404672.9375;5860806;-4121.367188
404733.25;5860806;-4122.197266
404793.5313;5860806;-4123.058594
404853.8438;5860806;-4123.972656
404914.1563;5860806;-4124.884766
404974.4375;5860806;-4125.726563
405034.75;5860806;-4126.556152
405095.0313;5860806;-4121.65625
405155.3438;5860806;-4123.158203
405215.6563;5860806;-4124.593262
405275.9375;5860806;-4125.955566
405336.25;5860806;-4127.239258
405396.5625;5860806;-4128.448242
405456.8438;5860806;-4129.592285
405517.1563;5860806;-4130.627441
405577.4375;5860806;-4131.620117
405637.75;5860806;-4132.578613
405698.0625;5860806;-4133.455566
405758.3438;5860806;-4134.319336
405818.6563;5860806;-4135.18457
405878.9688;5860806;-4135.997559
405939.25;5860806;-4136.822754
405999.5625;5860806;-4125.791992
406059.8438;5860806;-4126.1875
406120.1563;5860806;-4126.63916
406180.4688;5860806;-4127.166992
406240.75;5860806;-4127.766602
406301.0625;5860806;-4128.447754
406361.375;5860806;-4129.241699
406421.6563;5860806;-4130.160156
406481.9688;5860806;-4131.203613
406542.25;5860806;-4132.38623
406602.5625;5860806;-4133.772949
406662.875;5860806;-4135.357422
406723.1563;5860806;-4137.068848
406783.4688;5860806;-4138.956055
406843.7813;5860806;-4141.116211
406904.0625;5860806;-4143.44873
406964.375;5860806;-4145.939941
407024.6563;5860806;-4148.63623
407084.9688;5860806;-4151.369141
407145.2813;5860806;-4153.861816
407205.5625;5860806;-4155.842285
407265.875;5860806;-4156.770508
407326.1875;5860806;-4156.158691
407386.4688;5860806;-4154.366699
407446.7813;5860806;-4151.790039
407507.0625;5860806;-4148.835938
407567.375;5860806;-4146.195801
407627.6875;5860806;-4144.080078
407687.9688;5860806;-4142.480957
407748.2813;5860806;-4141.408691
407808.5938;5860806;-4140.880859
407868.875;5860806;-4140.694824
407929.1875;5860806;-4140.682617
407989.4688;5860806;-4140.764648
408049.7813;5860806;-4140.887207
408110.0938;5860806;-4141.013672
408170.375;5860806;-4141.137695
408230.6875;5860806;-4152.205566
408291;5860806;-4152.172852
408351.2813;5860806;-4152.12793
408411.5938;5860806;-4152.067383
408471.875;5860806;-4151.980469
408532.1875;5860806;-4151.853516
408592.5;5860806;-4151.694824
408652.7813;5860806;-4151.509766
408713.0938;5860806;-4151.295898
408773.4063;5860806;-4151.054688
408833.6875;5860806;-4150.793457
408894;5860806;-4150.516602
408954.2813;5860806;-4150.23584
409014.5938;5860806;-4149.953125
409074.9063;5860806;-4149.672852
409135.1875;5860806;-4149.402832
409195.5;5860806;-4149.148438
409255.8125;5860806;-4148.916992
409316.0938;5860806;-4148.705078
409376.4063;5860806;-4148.512695
401356.4063;5860866.5;-4073.821289
401416.6875;5860866.5;-4074.041992
401477;5860866.5;-4074.298584
401537.3125;5860866.5;-4074.598389
401597.5938;5860866.5;-4074.959961
401657.9063;5860866.5;-4075.389648
401718.2188;5860866.5;-4075.886963
401778.5;5860866.5;-4076.457275
401838.8125;5860866.5;-4077.119385
401899.0938;5860866.5;-4077.859131
401959.4063;5860866.5;-4078.671631
402019.7188;5860866.5;-4079.561768
402080;5860866.5;-4080.519531
402140.3125;5860866.5;-4081.505371
402200.625;5860866.5;-4082.502441
402260.9063;5860866.5;-4083.491943
402321.2188;5860866.5;-4084.431396
402381.5;5860866.5;-4085.307861
402441.8125;5860866.5;-4086.11792
402502.125;5860866.5;-4086.841064
402562.4063;5860866.5;-4087.451172
402622.7188;5860866.5;-4087.974121
402683.0313;5860866.5;-4088.427002
402743.3125;5860866.5;-4088.825439
402803.625;5860866.5;-4089.199707
402863.9063;5860866.5;-4089.567139
402924.2188;5860866.5;-4089.927002
402984.5313;5860866.5;-4090.27832
403044.8125;5860866.5;-4090.596191
403105.125;5860866.5;-4090.856934
403165.4375;5860866.5;-4091.056152
403225.7188;5860866.5;-4091.179443
403286.0313;5860866.5;-4091.265869
403346.3125;5860866.5;-4091.473633
403406.625;5860866.5;-4091.942627
403466.9375;5860866.5;-4092.904541
403527.2188;5860866.5;-4094.665283
403587.5313;5860866.5;-4097.082031
403647.8438;5860866.5;-4099.942871
403708.125;5860866.5;-4102.952637
403768.4375;5860866.5;-4105.67041
403828.7188;5860866.5;-4107.726074
403889.0313;5860866.5;-4108.973145
403949.3438;5860866.5;-4109.487793
404009.625;5860866.5;-4109.675293
404069.9375;5860866.5;-4109.791016
404130.25;5860866.5;-4109.882813
404190.5313;5860866.5;-4109.999512
404250.8438;5860866.5;-4110.114258
404311.125;5860866.5;-4110.221191
404371.4375;5860866.5;-4110.390137
404431.75;5860866.5;-4110.677246
404492.0313;5860866.5;-4119.227051
404552.3438;5860866.5;-4119.593262
404612.625;5860866.5;-4120.098633
404672.9375;5860866.5;-4120.835938
404733.25;5860866.5;-4121.738281
404793.5313;5860866.5;-4122.686035
404853.8438;5860866.5;-4123.678223
404914.1563;5860866.5;-4124.633301
404974.4375;5860866.5;-4125.48291
405034.75;5860866.5;-4126.30957
405095.0313;5860866.5;-4120.867676
405155.3438;5860866.5;-4122.440918
405215.6563;5860866.5;-4123.946777
405275.9375;5860866.5;-4125.370605
405336.25;5860866.5;-4126.68457
405396.5625;5860866.5;-4127.906738
405456.8438;5860866.5;-4129.049805
405517.1563;5860866.5;-4130.064453
405577.4375;5860866.5;-4131.027832
405637.75;5860866.5;-4131.953125
405698.0625;5860866.5;-4132.791992
405758.3438;5860866.5;-4133.616699
405818.6563;5860866.5;-4134.446289
405878.9688;5860866.5;-4135.224121
405939.25;5860866.5;-4136.016113
405999.5625;5860866.5;-4136.846191
406059.8438;5860866.5;-4124.927734
406120.1563;5860866.5;-4125.319824
406180.4688;5860866.5;-4125.788574
406240.75;5860866.5;-4126.322266
406301.0625;5860866.5;-4126.931152
406361.375;5860866.5;-4127.647461
406421.6563;5860866.5;-4128.477539
406481.9688;5860866.5;-4129.421387
406542.25;5860866.5;-4130.495605
406602.5625;5860866.5;-4131.769531
406662.875;5860866.5;-4133.245605
406723.1563;5860866.5;-4134.852051
406783.4688;5860866.5;-4136.649902
406843.7813;5860866.5;-4138.760254
406904.0625;5860866.5;-4141.070313
406964.375;5860866.5;-4143.567871
407024.6563;5860866.5;-4146.312988
407084.9688;5860866.5;-4149.126465
407145.2813;5860866.5;-4151.768066
407205.5625;5860866.5;-4153.967285
407265.875;5860866.5;-4154.970215
407326.1875;5860866.5;-4154.343262
407386.4688;5860866.5;-4152.751953
407446.7813;5860866.5;-4150.572754
407507.0625;5860866.5;-4148.041992
407567.375;5860866.5;-4145.61084
407627.6875;5860866.5;-4143.547852
407687.9688;5860866.5;-4141.895996
407748.2813;5860866.5;-4140.688477
407808.5938;5860866.5;-4139.977539
407868.875;5860866.5;-4139.605469
407929.1875;5860866.5;-4139.42334
407989.4688;5860866.5;-4139.362793
408049.7813;5860866.5;-4139.381348
408110.0938;5860866.5;-4139.432617
408170.375;5860866.5;-4150.772949
408230.6875;5860866.5;-4150.688477
408291;5860866.5;-4150.612305
408351.2813;5860866.5;-4150.530273
408411.5938;5860866.5;-4150.4375
408471.875;5860866.5;-4150.321289
408532.1875;5860866.5;-4150.169434
408592.5;5860866.5;-4149.989746
408652.7813;5860866.5;-4149.785156
408713.0938;5860866.5;-4149.554199
408773.4063;5860866.5;-4149.299316
408833.6875;5860866.5;-4149.027832
408894;5860866.5;-4148.743652
408954.2813;5860866.5;-4148.455078
409014.5938;5860866.5;-4148.168457
409074.9063;5860866.5;-4147.884766
409135.1875;5860866.5;-4147.612305
409195.5;5860866.5;-4147.356445
409255.8125;5860866.5;-4147.124023
409316.0938;5860866.5;-4146.910645
409376.4063;5860866.5;-4146.717285
401356.4063;5860927;-4074.964111
401416.6875;5860927;-4075.181152
401477;5860927;-4075.433105
401537.3125;5860927;-4075.726318
401597.5938;5860927;-4076.076172
401657.9063;5860927;-4076.486572
401718.2188;5860927;-4076.956543
401778.5;5860927;-4077.488525
401838.8125;5860927;-4078.097168
401899.0938;5860927;-4078.770752
401959.4063;5860927;-4079.502197
402019.7188;5860927;-4080.295898
402080;5860927;-4081.143799
402140.3125;5860927;-4082.013672
402200.625;5860927;-4082.892822
402260.9063;5860927;-4083.766602
402321.2188;5860927;-4084.602539
402381.5;5860927;-4085.389893
402441.8125;5860927;-4086.126221
402502.125;5860927;-4086.794922
402562.4063;5860927;-4087.374268
402622.7188;5860927;-4087.883301
402683.0313;5860927;-4088.333252
402743.3125;5860927;-4088.734863
402803.625;5860927;-4089.110352
402863.9063;5860927;-4089.473389
402924.2188;5860927;-4089.823242
402984.5313;5860927;-4090.163574
403044.8125;5860927;-4090.480957
403105.125;5860927;-4090.761475
403165.4375;5860927;-4091.011963
403225.7188;5860927;-4091.241211
403286.0313;5860927;-4091.501953
403346.3125;5860927;-4091.917969
403406.625;5860927;-4092.59082
403466.9375;5860927;-4093.680176
403527.2188;5860927;-4095.391113
403587.5313;5860927;-4097.598145
403647.8438;5860927;-4100.134277
403708.125;5860927;-4102.762207
403768.4375;5860927;-4105.107422
403828.7188;5860927;-4106.941406
403889.0313;5860927;-4108.134766
403949.3438;5860927;-4108.67334
404009.625;5860927;-4108.911133
404069.9375;5860927;-4109.067383
404130.25;5860927;-4109.177734
404190.5313;5860927;-4109.29541
404250.8438;5860927;-4109.380859
404311.125;5860927;-4109.421387
404371.4375;5860927;-4109.512207
404431.75;5860927;-4109.729492
404492.0313;5860927;-4118.588867
404552.3438;5860927;-4118.90625
404612.625;5860927;-4119.408691
404672.9375;5860927;-4120.219727
404733.25;5860927;-4121.26416
404793.5313;5860927;-4122.373047
404853.8438;5860927;-4123.501465
404914.1563;5860927;-4124.512695
404974.4375;5860927;-4125.350586
405034.75;5860927;-4118.536621
405095.0313;5860927;-4120.122559
405155.3438;5860927;-4121.746582
405215.6563;5860927;-4123.312012
405275.9375;5860927;-4124.791992
405336.25;5860927;-4126.132324
405396.5625;5860927;-4127.366699
405456.8438;5860927;-4128.504883
405517.1563;5860927;-4129.493652
405577.4375;5860927;-4130.422363
405637.75;5860927;-4131.307617
405698.0625;5860927;-4132.103516
405758.3438;5860927;-4132.88623
405818.6563;5860927;-4133.676758
405878.9688;5860927;-4134.417969
405939.25;5860927;-4135.178711
405999.5625;5860927;-4135.980957
406059.8438;5860927;-4126.512695
406120.1563;5860927;-4123.964355
406180.4688;5860927;-4124.375488
406240.75;5860927;-4124.842285
406301.0625;5860927;-4125.375
406361.375;5860927;-4126.004395
406421.6563;5860927;-4126.731934
406481.9688;5860927;-4127.554688
406542.25;5860927;-4128.492676
406602.5625;5860927;-4129.617676
406662.875;5860927;-4130.942383
406723.1563;5860927;-4132.391602
406783.4688;5860927;-4134.043457
406843.7813;5860927;-4136.044434
406904.0625;5860927;-4138.26416
406964.375;5860927;-4140.695313
407024.6563;5860927;-4143.410156
407084.9688;5860927;-4146.206543
407145.2813;5860927;-4148.847656
407205.5625;5860927;-4151.071289
407265.875;5860927;-4152.150879
407326.1875;5860927;-4151.711914
407386.4688;5860927;-4150.442871
407446.7813;5860927;-4148.666016
407507.0625;5860927;-4146.543457
407567.375;5860927;-4144.407227
407627.6875;5860927;-4142.515137
407687.9688;5860927;-4140.931641
407748.2813;5860927;-4139.702637
407808.5938;5860927;-4138.899902
407868.875;5860927;-4138.412109
407929.1875;5860927;-4138.11084
407989.4688;5860927;-4137.942871
408049.7813;5860927;-4137.87793
408110.0938;5860927;-4149.521973
408170.375;5860927;-4149.345703
408230.6875;5860927;-4149.201172
408291;5860927;-4149.075684
408351.2813;5860927;-4148.95166
408411.5938;5860927;-4148.819824
408471.875;5860927;-4148.667969
408532.1875;5860927;-4148.486328
408592.5;5860927;-4148.280762
408652.7813;5860927;-4148.053223
408713.0938;5860927;-4147.801758
408773.4063;5860927;-4147.53125
408833.6875;5860927;-4147.247559
408894;5860927;-4146.952148
408954.2813;5860927;-4146.65625
409014.5938;5860927;-4146.363281
409074.9063;5860927;-4146.076172
409135.1875;5860927;-4145.800781
409195.5;5860927;-4145.541992
409255.8125;5860927;-4145.307129
409316.0938;5860927;-4145.092285
409376.4063;5860927;-4144.896484
401356.4063;5860988;-4076.064941
401416.6875;5860988;-4076.272705
401477;5860988;-4076.514648
401537.3125;5860988;-4076.79541
401597.5938;5860988;-4077.128174
401657.9063;5860988;-4077.514648
401718.2188;5860988;-4077.952881
401778.5;5860988;-4078.444092
401838.8125;5860988;-4078.999268
401899.0938;5860988;-4079.60791
401959.4063;5860988;-4080.263428
402019.7188;5860988;-4080.969482
402080;5860988;-4081.71875
402140.3125;5860988;-4082.484863
402200.625;5860988;-4083.258789
402260.9063;5860988;-4084.029785
402321.2188;5860988;-4084.771729
402381.5;5860988;-4085.477051
402441.8125;5860988;-4086.144043
402502.125;5860988;-4086.759033
402562.4063;5860988;-4087.304932
402622.7188;5860988;-4087.795166
402683.0313;5860988;-4088.237061
402743.3125;5860988;-4088.636963
402803.625;5860988;-4089.011719
402863.9063;5860988;-4089.373047
402924.2188;5860988;-4089.720215
402984.5313;5860988;-4090.061279
403044.8125;5860988;-4090.391846
403105.125;5860988;-4090.703613
403165.4375;5860988;-4091.012451
403225.7188;5860988;-4091.338867
403286.0313;5860988;-4091.739746
403346.3125;5860988;-4092.304932
403406.625;5860988;-4093.103271
403466.9375;5860988;-4094.237793
403527.2188;5860988;-4095.843262
403587.5313;5860988;-4097.811035
403647.8438;5860988;-4100.00293
403708.125;5860988;-4102.239258
403768.4375;5860988;-4104.228516
403828.7188;5860988;-4105.822754
403889.0313;5860988;-4106.928223
403949.3438;5860988;-4107.506836
404009.625;5860988;-4107.817383
404069.9375;5860988;-4108.026855
404130.25;5860988;-4108.166016
404190.5313;5860988;-4108.294922
404250.8438;5860988;-4108.364258
404311.125;5860988;-4108.351563
404371.4375;5860988;-4108.371094
404431.75;5860988;-4117.753906
404492.0313;5860988;-4117.850098
404552.3438;5860988;-4118.136719
404612.625;5860988;-4118.661133
404672.9375;5860988;-4119.59668
404733.25;5860988;-4120.869629
404793.5313;5860988;-4122.228516
404853.8438;5860988;-4123.562988
404914.1563;5860988;-4124.635254
404974.4375;5860988;-4125.429688
405034.75;5860988;-4117.90918
405095.0313;5860988;-4119.498535
405155.3438;5860988;-4121.149414
405215.6563;5860988;-4122.757324
405275.9375;5860988;-4124.284668
405336.25;5860988;-4125.638672
405396.5625;5860988;-4126.874512
405456.8438;5860988;-4128.00293
405517.1563;5860988;-4128.953613
405577.4375;5860988;-4129.836426
405637.75;5860988;-4130.672852
405698.0625;5860988;-4131.416992
405758.3438;5860988;-4132.150879
405818.6563;5860988;-4132.895996
405878.9688;5860988;-4133.600586
405939.25;5860988;-4134.331543
405999.5625;5860988;-4135.109863
406059.8438;5860988;-4135.88916
406120.1563;5860988;-4122.561035
406180.4688;5860988;-4122.911621
406240.75;5860988;-4123.305176
406301.0625;5860988;-4123.748047
406361.375;5860988;-4124.273438
406421.6563;5860988;-4124.87207
406481.9688;5860988;-4125.541992
406542.25;5860988;-4126.303223
406602.5625;5860988;-4127.233887
406662.875;5860988;-4128.360352
406723.1563;5860988;-4129.599609
406783.4688;5860988;-4131.052246
406843.7813;5860988;-4132.895508
406904.0625;5860988;-4134.974609
406964.375;5860988;-4137.285645
407024.6563;5860988;-4139.915039
407084.9688;5860988;-4142.616211
407145.2813;5860988;-4145.12207
407205.5625;5860988;-4147.185059
407265.875;5860988;-4148.340332
407326.1875;5860988;-4148.293945
407386.4688;5860988;-4147.47168
407446.7813;5860988;-4146.139648
407507.0625;5860988;-4144.455078
407567.375;5860988;-4142.669434
407627.6875;5860988;-4141.020508
407687.9688;5860988;-4139.589355
407748.2813;5860988;-4138.425293
407808.5938;5860988;-4137.608887
407868.875;5860988;-4137.066895
407929.1875;5860988;-4136.696777
407989.4688;5860988;-4136.458984
408049.7813;5860988;-4148.491211
408110.0938;5860988;-4148.19043
408170.375;5860988;-4147.945313
408230.6875;5860988;-4147.740723
408291;5860988;-4147.562988
408351.2813;5860988;-4147.391113
408411.5938;5860988;-4147.214844
408471.875;5860988;-4147.023438
408532.1875;5860988;-4146.807129
408592.5;5860988;-4146.570801
408652.7813;5860988;-4146.316406
408713.0938;5860988;-4146.04248
408773.4063;5860988;-4145.753906
408833.6875;5860988;-4145.455566
408894;5860988;-4145.147949
408954.2813;5860988;-4144.842773
409014.5938;5860988;-4144.54248
409074.9063;5860988;-4144.25
409135.1875;5860988;-4143.969238
409195.5;5860988;-4143.70752
409255.8125;5860988;-4143.469727
409316.0938;5860988;-4143.251953
409376.4063;5860988;-4143.053711
401356.4063;5861048.5;-4077.122803
401416.6875;5861048.5;-4077.317627
401477;5861048.5;-4077.544678
401537.3125;5861048.5;-4077.80835
401597.5938;5861048.5;-4078.119385
401657.9063;5861048.5;-4078.478271
401718.2188;5861048.5;-4078.881592
401778.5;5861048.5;-4079.330322
401838.8125;5861048.5;-4079.833008
401899.0938;5861048.5;-4080.379395
401959.4063;5861048.5;-4080.964355
402019.7188;5861048.5;-4081.589844
402080;5861048.5;-4082.250732
402140.3125;5861048.5;-4082.925049
402200.625;5861048.5;-4083.605469
402260.9063;5861048.5;-4084.284912
402321.2188;5861048.5;-4084.942383
402381.5;5861048.5;-4085.572266
402441.8125;5861048.5;-4086.174316
402502.125;5861048.5;-4086.737061
402562.4063;5861048.5;-4087.246338
402622.7188;5861048.5;-4087.713379
402683.0313;5861048.5;-4088.142334
402743.3125;5861048.5;-4088.535645
402803.625;5861048.5;-4088.907959
402863.9063;5861048.5;-4089.268066
402924.2188;5861048.5;-4089.615967
402984.5313;5861048.5;-4089.963623
403044.8125;5861048.5;-4090.313721
403105.125;5861048.5;-4090.659668
403165.4375;5861048.5;-4091.020752
403225.7188;5861048.5;-4091.423584
403286.0313;5861048.5;-4091.919922
403346.3125;5861048.5;-4092.572998
403406.625;5861048.5;-4093.42627
403466.9375;5861048.5;-4094.539551
403527.2188;5861048.5;-4096.003418
403587.5313;5861048.5;-4097.726074
403647.8438;5861048.5;-4099.588379
403708.125;5861048.5;-4101.460938
403768.4375;5861048.5;-4103.128418
403828.7188;5861048.5;-4104.498535
403889.0313;5861048.5;-4105.504883
403949.3438;5861048.5;-4106.103027
404009.625;5861048.5;-4106.464844
404069.9375;5861048.5;-4106.712402
404130.25;5861048.5;-4106.869629
404190.5313;5861048.5;-4107.004883
404250.8438;5861048.5;-4107.06543
404311.125;5861048.5;-4107.027344
404371.4375;5861048.5;-4107.014648
404431.75;5861048.5;-4116.88623
404492.0313;5861048.5;-4116.9375
404552.3438;5861048.5;-4117.203613
404612.625;5861048.5;-4117.761719
404672.9375;5861048.5;-4118.841797
404733.25;5861048.5;-4120.445801
404793.5313;5861048.5;-4122.190918
404853.8438;5861048.5;-4123.819824
404914.1563;5861048.5;-4124.951172
404974.4375;5861048.5;-4115.837402
405034.75;5861048.5;-4117.433594
405095.0313;5861048.5;-4119.000488
405155.3438;5861048.5;-4120.649414
405215.6563;5861048.5;-4122.268555
405275.9375;5861048.5;-4123.813477
405336.25;5861048.5;-4125.156738
405396.5625;5861048.5;-4126.376953
405456.8438;5861048.5;-4127.480957
405517.1563;5861048.5;-4128.383789
405577.4375;5861048.5;-4129.212891
405637.75;5861048.5;-4129.994141
405698.0625;5861048.5;-4130.68457
405758.3438;5861048.5;-4131.368164
405818.6563;5861048.5;-4132.069824
405878.9688;5861048.5;-4132.740234
405939.25;5861048.5;-4133.448242
405999.5625;5861048.5;-4134.210449
406059.8438;5861048.5;-4134.986328
406120.1563;5861048.5;-4135.813965
406180.4688;5861048.5;-4121.44873
406240.75;5861048.5;-4121.775879
406301.0625;5861048.5;-4122.135742
406361.375;5861048.5;-4122.558594
406421.6563;5861048.5;-4123.023926
406481.9688;5861048.5;-4123.52832
406542.25;5861048.5;-4124.09375
406602.5625;5861048.5;-4124.803711
406662.875;5861048.5;-4125.697266
406723.1563;5861048.5;-4126.685059
406783.4688;5861048.5;-4127.889648
406843.7813;5861048.5;-4129.524414
406904.0625;5861048.5;-4131.409668
406964.375;5861048.5;-4133.550781
407024.6563;5861048.5;-4136.043457
407084.9688;5861048.5;-4138.600098
407145.2813;5861048.5;-4140.961914
407205.5625;5861048.5;-4142.907715
407265.875;5861048.5;-4144.148438
407326.1875;5861048.5;-4144.449707
407386.4688;5861048.5;-4144.043457
407446.7813;5861048.5;-4143.153809
407507.0625;5861048.5;-4141.911621
407567.375;5861048.5;-4140.5
407627.6875;5861048.5;-4139.138672
407687.9688;5861048.5;-4137.916016
407748.2813;5861048.5;-4136.87793
407808.5938;5861048.5;-4136.10791
407868.875;5861048.5;-4135.566406
407929.1875;5861048.5;-4135.170898
407989.4688;5861048.5;-4147.634277
408049.7813;5861048.5;-4147.186523
408110.0938;5861048.5;-4146.820801
408170.375;5861048.5;-4146.51416
408230.6875;5861048.5;-4146.253906
408291;5861048.5;-4146.024902
408351.2813;5861048.5;-4145.805176
408411.5938;5861048.5;-4145.583008
408471.875;5861048.5;-4145.351074
408532.1875;5861048.5;-4145.100098
408592.5;5861048.5;-4144.833008
408652.7813;5861048.5;-4144.55127
408713.0938;5861048.5;-4144.254395
408773.4063;5861048.5;-4143.947266
408833.6875;5861048.5;-4143.633789
408894;5861048.5;-4143.315918
408954.2813;5861048.5;-4143.000977
409014.5938;5861048.5;-4142.693359
409074.9063;5861048.5;-4142.396484
409135.1875;5861048.5;-4142.112305
409195.5;5861048.5;-4141.846191
409255.8125;5861048.5;-4141.606445
409316.0938;5861048.5;-4141.385254
409376.4063;5861048.5;-4141.183105
401356.4063;5861109;-4078.134521
401416.6875;5861109;-4078.311768
401477;5861109;-4078.52002
401537.3125;5861109;-4078.762695
401597.5938;5861109;-4079.04834
401657.9063;5861109;-4079.376465
401718.2188;5861109;-4079.743896
401778.5;5861109;-4080.149658
401838.8125;5861109;-4080.601318
401899.0938;5861109;-4081.089355
401959.4063;5861109;-4081.608887
402019.7188;5861109;-4082.161621
402080;5861109;-4082.743408
402140.3125;5861109;-4083.336426
402200.625;5861109;-4083.93457
402260.9063;5861109;-4084.532471
402321.2188;5861109;-4085.114746
402381.5;5861109;-4085.676514
402441.8125;5861109;-4086.217285
402502.125;5861109;-4086.72876
402562.4063;5861109;-4087.200195
402622.7188;5861109;-4087.640625
402683.0313;5861109;-4088.051025
402743.3125;5861109;-4088.434082
402803.625;5861109;-4088.800781
402863.9063;5861109;-4089.158691
402924.2188;5861109;-4089.508545
402984.5313;5861109;-4089.864014
403044.8125;5861109;-4090.231934
403105.125;5861109;-4090.605713
403165.4375;5861109;-4091.005615
403225.7188;5861109;-4091.45752
403286.0313;5861109;-4092.003906
403346.3125;5861109;-4092.689941
403406.625;5861109;-4093.54126
403466.9375;5861109;-4094.588623
403527.2188;5861109;-4095.896973
403587.5313;5861109;-4097.390137
403647.8438;5861109;-4098.966797
403708.125;5861109;-4100.534668
403768.4375;5861109;-4101.9375
403828.7188;5861109;-4103.111328
403889.0313;5861109;-4104.009766
403949.3438;5861109;-4104.587402
404009.625;5861109;-4104.960449
404069.9375;5861109;-4105.217773
404130.25;5861109;-4105.374023
404190.5313;5861109;-4105.503906
404250.8438;5861109;-4105.55957
404311.125;5861109;-4105.523926
404371.4375;5861109;-4115.972168
404431.75;5861109;-4115.841309
404492.0313;5861109;-4115.869141
404552.3438;5861109;-4116.11377
404612.625;5861109;-4116.656738
404672.9375;5861109;-4117.794922
404733.25;5861109;-4119.815918
404793.5313;5861109;-4122.156738
404853.8438;5861109;-4124.151367
404914.1563;5861109;-4120.144531
404974.4375;5861109;-4115.461426
405034.75;5861109;-4117.06543
405095.0313;5861109;-4118.643555
405155.3438;5861109;-4120.300781
405215.6563;5861109;-4121.912598
405275.9375;5861109;-4123.443359
405336.25;5861109;-4124.739746
405396.5625;5861109;-4125.911133
405456.8438;5861109;-4126.962891
405517.1563;5861109;-4127.796875
405577.4375;5861109;-4128.559082
405637.75;5861109;-4129.277344
405698.0625;5861109;-4129.908691
405758.3438;5861109;-4130.540039
405818.6563;5861109;-4131.197754
405878.9688;5861109;-4131.84082
405939.25;5861109;-4132.533203
405999.5625;5861109;-4133.290527
406059.8438;5861109;-4134.075195
406120.1563;5861109;-4134.922363
406180.4688;5861109;-4135.844238
406240.75;5861109;-4120.26123
406301.0625;5861109;-4120.54248
406361.375;5861109;-4120.861328
406421.6563;5861109;-4121.187012
406481.9688;5861109;-4121.512695
406542.25;5861109;-4121.863281
406602.5625;5861109;-4122.325195
406662.875;5861109;-4122.956543
406723.1563;5861109;-4123.656738
406783.4688;5861109;-4124.575195
406843.7813;5861109;-4125.963379
406904.0625;5861109;-4127.62793
406964.375;5861109;-4129.586426
407024.6563;5861109;-4131.949219
407084.9688;5861109;-4134.381836
407145.2813;5861109;-4136.64209
407205.5625;5861109;-4138.546875
407265.875;5861109;-4139.880371
407326.1875;5861109;-4140.452637
407386.4688;5861109;-4140.397949
407446.7813;5861109;-4139.902832
407507.0625;5861109;-4139.062988
407567.375;5861109;-4138.007324
407627.6875;5861109;-4136.937988
407687.9688;5861109;-4135.943848
407748.2813;5861109;-4135.067383
407808.5938;5861109;-4134.385742
407868.875;5861109;-4133.885742
407929.1875;5861109;-4133.502441
407989.4688;5861109;-4146.296387
408049.7813;5861109;-4145.80127
408110.0938;5861109;-4145.385254
408170.375;5861109;-4145.028809
408230.6875;5861109;-4144.717773
408291;5861109;-4144.44043
408351.2813;5861109;-4144.173828
408411.5938;5861109;-4143.908691
408471.875;5861109;-4143.637207
408532.1875;5861109;-4143.352051
408592.5;5861109;-4143.055664
408652.7813;5861109;-4142.749023
408713.0938;5861109;-4142.431152
408773.4063;5861109;-4142.106934
408833.6875;5861109;-4141.780273
408894;5861109;-4141.451172
408954.2813;5861109;-4141.12793
409014.5938;5861109;-4140.81543
409074.9063;5861109;-4140.513672
409135.1875;5861109;-4140.226074
409195.5;5861109;-4139.956543
409255.8125;5861109;-4139.714355
409316.0938;5861109;-4139.491211
409376.4063;5861109;-4139.286133
401356.4063;5861169.5;-4079.104492
401416.6875;5861169.5;-4079.262451
401477;5861169.5;-4079.449707
401537.3125;5861169.5;-4079.669678
401597.5938;5861169.5;-4079.928223
401657.9063;5861169.5;-4080.224121
401718.2188;5861169.5;-4080.554932
401778.5;5861169.5;-4080.918213
401838.8125;5861169.5;-4081.320068
401899.0938;5861169.5;-4081.752197
401959.4063;5861169.5;-4082.210205
402019.7188;5861169.5;-4082.696045
402080;5861169.5;-4083.205566
402140.3125;5861169.5;-4083.724365
402200.625;5861169.5;-4084.24707
402260.9063;5861169.5;-4084.77124
402321.2188;5861169.5;-4085.284668
402381.5;5861169.5;-4085.782227
402441.8125;5861169.5;-4086.265137
402502.125;5861169.5;-4086.727295
402562.4063;5861169.5;-4087.1604
402622.7188;5861169.5;-4087.571045
402683.0313;5861169.5;-4087.960693
402743.3125;5861169.5;-4088.330078
402803.625;5861169.5;-4088.689209
402863.9063;5861169.5;-4089.043213
402924.2188;5861169.5;-4089.394043
402984.5313;5861169.5;-4089.755127
403044.8125;5861169.5;-4090.136719
403105.125;5861169.5;-4090.531006
403165.4375;5861169.5;-4090.957275
403225.7188;5861169.5;-4091.439209
403286.0313;5861169.5;-4092.009521
403346.3125;5861169.5;-4092.698242
403406.625;5861169.5;-4093.520508
403466.9375;5861169.5;-4094.48877
403527.2188;5861169.5;-4095.648926
403587.5313;5861169.5;-4096.939941
403647.8438;5861169.5;-4098.276855
403708.125;5861169.5;-4099.59668
403768.4375;5861169.5;-4100.785156
403828.7188;5861169.5;-4101.797852
403889.0313;5861169.5;-4102.599609
403949.3438;5861169.5;-4103.146484
404009.625;5861169.5;-4103.523926
404069.9375;5861169.5;-4103.795898
404130.25;5861169.5;-4103.964355
404190.5313;5861169.5;-4104.106445
404250.8438;5861169.5;-4104.182129
404311.125;5861169.5;-4114.797363
404371.4375;5861169.5;-4114.713379
404431.75;5861169.5;-4114.607422
404492.0313;5861169.5;-4114.638184
404552.3438;5861169.5;-4114.848633
404612.625;5861169.5;-4115.28125
404672.9375;5861169.5;-4116.331055
404733.25;5861169.5;-4118.786621
404793.5313;5861169.5;-4121.924805
404853.8438;5861169.5;-4124.179688
404914.1563;5861169.5;-4113.082031
404974.4375;5861169.5;-4114.935059
405034.75;5861169.5;-4116.688965
405095.0313;5861169.5;-4118.405273
405155.3438;5861169.5;-4120.147949
405215.6563;5861169.5;-4121.769043
405275.9375;5861169.5;-4123.266602
405336.25;5861169.5;-4124.48584
405396.5625;5861169.5;-4125.568848
405456.8438;5861169.5;-4126.53125
405517.1563;5861169.5;-4127.267578
405577.4375;5861169.5;-4127.939941
405637.75;5861169.5;-4128.578613
405698.0625;5861169.5;-4129.140137
405758.3438;5861169.5;-4129.711914
405818.6563;5861169.5;-4130.322754
405878.9688;5861169.5;-4130.937988
405939.25;5861169.5;-4131.621582
405999.5625;5861169.5;-4132.381836
406059.8438;5861169.5;-4133.187988
406120.1563;5861169.5;-4134.067383
406180.4688;5861169.5;-4135.019043
406240.75;5861169.5;-4136.022461
406301.0625;5861169.5;-4118.901855
406361.375;5861169.5;-4119.101074
406421.6563;5861169.5;-4119.262695
406481.9688;5861169.5;-4119.378418
406542.25;5861169.5;-4119.479004
406602.5625;5861169.5;-4119.663574
406662.875;5861169.5;-4120.011719
406723.1563;5861169.5;-4120.404297
406783.4688;5861169.5;-4121.023438
406843.7813;5861169.5;-4122.170898
406904.0625;5861169.5;-4123.626953
406964.375;5861169.5;-4125.436035
407024.6563;5861169.5;-4127.727539
407084.9688;5861169.5;-4130.106445
407145.2813;5861169.5;-4132.334473
407205.5625;5861169.5;-4134.249512
407265.875;5861169.5;-4135.687012
407326.1875;5861169.5;-4136.487305
407386.4688;5861169.5;-4136.723633
407446.7813;5861169.5;-4136.560547
407507.0625;5861169.5;-4136.067871
407567.375;5861169.5;-4135.331055
407627.6875;5861169.5;-4134.533691
407687.9688;5861169.5;-4133.763672
407748.2813;5861169.5;-4133.054688
407808.5938;5861169.5;-4132.480469
407868.875;5861169.5;-4132.043945
407929.1875;5861169.5;-4145.516602
407989.4688;5861169.5;-4144.89209
408049.7813;5861169.5;-4144.362305
408110.0938;5861169.5;-4143.906738
408170.375;5861169.5;-4143.505371
408230.6875;5861169.5;-4143.149902
408291;5861169.5;-4142.827148
408351.2813;5861169.5;-4142.51709
408411.5938;5861169.5;-4142.210449
408471.875;5861169.5;-4141.901367
408532.1875;5861169.5;-4141.583008
408592.5;5861169.5;-4141.258789
408652.7813;5861169.5;-4140.928223
408713.0938;5861169.5;-4140.589844
408773.4063;5861169.5;-4140.249023
408833.6875;5861169.5;-4139.909668
408894;5861169.5;-4139.572754
408954.2813;5861169.5;-4139.241211
409014.5938;5861169.5;-4138.922363
409074.9063;5861169.5;-4138.617676
409135.1875;5861169.5;-4138.327148
409195.5;5861169.5;-4138.055176
409255.8125;5861169.5;-4137.810547
409316.0938;5861169.5;-4137.584961
409376.4063;5861169.5;-4137.376465
401356.4063;5861230;-4080.040771
401416.6875;5861230;-4080.177979
401477;5861230;-4080.343262
401537.3125;5861230;-4080.539551
401597.5938;5861230;-4080.77002
401657.9063;5861230;-4081.033447
401718.2188;5861230;-4081.327393
401778.5;5861230;-4081.648926
401838.8125;5861230;-4082.00293
401899.0938;5861230;-4082.382568
401959.4063;5861230;-4082.782227
402019.7188;5861230;-4083.205811
402080;5861230;-4083.647949
402140.3125;5861230;-4084.0979
402200.625;5861230;-4084.551514
402260.9063;5861230;-4085.00708
402321.2188;5861230;-4085.455078
402381.5;5861230;-4085.892578
402441.8125;5861230;-4086.320313
402502.125;5861230;-4086.733643
402562.4063;5861230;-4087.127441
402622.7188;5861230;-4087.50708
402683.0313;5861230;-4087.873047
402743.3125;5861230;-4088.225586
402803.625;5861230;-4088.573242
402863.9063;5861230;-4088.92041
402924.2188;5861230;-4089.268066
402984.5313;5861230;-4089.631104
403044.8125;5861230;-4090.019043
403105.125;5861230;-4090.425049
403165.4375;5861230;-4090.865234
403225.7188;5861230;-4091.360596
403286.0313;5861230;-4091.93457
403346.3125;5861230;-4092.606934
403406.625;5861230;-4093.384033
403466.9375;5861230;-4094.265381
403527.2188;5861230;-4095.284912
403587.5313;5861230;-4096.393555
403647.8438;5861230;-4097.520996
403708.125;5861230;-4098.626465
403768.4375;5861230;-4099.628906
403828.7188;5861230;-4100.49707
403889.0313;5861230;-4101.202148
403949.3438;5861230;-4101.707031
404009.625;5861230;-4102.077148
404069.9375;5861230;-4102.355469
404130.25;5861230;-4102.537109
404190.5313;5861230;-4102.70166
404250.8438;5861230;-4113.492188
404311.125;5861230;-4113.532715
404371.4375;5861230;-4113.507813
404431.75;5861230;-4113.46875
404492.0313;5861230;-4113.551758
404552.3438;5861230;-4113.788574
404612.625;5861230;-4114.238281
404672.9375;5861230;-4115.387695
404733.25;5861230;-4118.192383
404793.5313;5861230;-4121.753906
404853.8438;5861230;-4110.455566
404914.1563;5861230;-4111.667969
404974.4375;5861230;-4113.722168
405034.75;5861230;-4115.916016
405095.0313;5861230;-4117.989746
405155.3438;5861230;-4119.943359
405215.6563;5861230;-4121.630371
405275.9375;5861230;-4123.113281
405336.25;5861230;-4124.252441
405396.5625;5861230;-4125.231934
405456.8438;5861230;-4126.081543
405517.1563;5861230;-4126.701172
405577.4375;5861230;-4127.270996
405637.75;5861230;-4127.826172
405698.0625;5861230;-4128.317383
405758.3438;5861230;-4128.830078
405818.6563;5861230;-4129.395996
405878.9688;5861230;-4129.988281
405939.25;5861230;-4130.669922
405999.5625;5861230;-4131.441895
406059.8438;5861230;-4132.279785
406120.1563;5861230;-4133.202148
406180.4688;5861230;-4134.192383
406240.75;5861230;-4135.231445
406301.0625;5861230;-4129.830078
406361.375;5861230;-4117.342285
406421.6563;5861230;-4117.340332
406481.9688;5861230;-4117.244629
406542.25;5861230;-4117.089355
406602.5625;5861230;-4116.986328
406662.875;5861230;-4117.047852
406723.1563;5861230;-4117.136719
406783.4688;5861230;-4117.470215
406843.7813;5861230;-4118.39502
406904.0625;5861230;-4119.649414
406964.375;5861230;-4121.336426
407024.6563;5861230;-4123.612305
407084.9688;5861230;-4125.978027
407145.2813;5861230;-4128.203125
407205.5625;5861230;-4130.141113
407265.875;5861230;-4131.668945
407326.1875;5861230;-4132.653809
407386.4688;5861230;-4133.122559
407446.7813;5861230;-4133.230469
407507.0625;5861230;-4133.030762
407567.375;5861230;-4132.569336
407627.6875;5861230;-4132.015625
407687.9688;5861230;-4131.453125
407748.2813;5861230;-4130.905762
407808.5938;5861230;-4130.442383
407868.875;5861230;-4144.734375
407929.1875;5861230;-4144.021973
407989.4688;5861230;-4143.385742
408049.7813;5861230;-4142.83252
408110.0938;5861230;-4142.345703
408170.375;5861230;-4141.908203
408230.6875;5861230;-4141.51416
408291;5861230;-4141.151367
408351.2813;5861230;-4140.802734
408411.5938;5861230;-4140.459473
408471.875;5861230;-4140.117188
408532.1875;5861230;-4139.770508
408592.5;5861230;-4139.421875
408652.7813;5861230;-4139.069336
408713.0938;5861230;-4138.713379
408773.4063;5861230;-4138.359863
408833.6875;5861230;-4138.010254
408894;5861230;-4137.665039
408954.2813;5861230;-4137.328613
409014.5938;5861230;-4137.005371
409074.9063;5861230;-4136.697754
409135.1875;5861230;-4136.405273
409195.5;5861230;-4136.131348
409255.8125;5861230;-4135.885742
409316.0938;5861230;-4135.657715
409376.4063;5861230;-4135.447266
401356.4063;5861291;-4080.939209
401416.6875;5861291;-4081.05542
401477;5861291;-4081.198242
401537.3125;5861291;-4081.368896
401597.5938;5861291;-4081.571289
401657.9063;5861291;-4081.80249
401718.2188;5861291;-4082.059814
401778.5;5861291;-4082.34082
401838.8125;5861291;-4082.648682
401899.0938;5861291;-4082.977783
401959.4063;5861291;-4083.32373
402019.7188;5861291;-4083.688477
402080;5861291;-4084.069092
402140.3125;5861291;-4084.455566
402200.625;5861291;-4084.845459
402260.9063;5861291;-4085.237305
402321.2188;5861291;-4085.624512
402381.5;5861291;-4086.005615
402441.8125;5861291;-4086.380371
402502.125;5861291;-4086.746094
402562.4063;5861291;-4087.099609
402622.7188;5861291;-4087.446045
402683.0313;5861291;-4087.785156
402743.3125;5861291;-4088.116943
402803.625;5861291;-4088.449463
402863.9063;5861291;-4088.784912
402924.2188;5861291;-4089.125
402984.5313;5861291;-4089.483887
403044.8125;5861291;-4089.87085
403105.125;5861291;-4090.277832
403165.4375;5861291;-4090.719727
403225.7188;5861291;-4091.213867
403286.0313;5861291;-4091.773926
403346.3125;5861291;-4092.414063
403406.625;5861291;-4093.134766
403466.9375;5861291;-4093.92749
403527.2188;5861291;-4094.817139
403587.5313;5861291;-4095.765381
403647.8438;5861291;-4096.713867
403708.125;5861291;-4097.637695
403768.4375;5861291;-4098.480469
403828.7188;5861291;-4099.220215
403889.0313;5861291;-4099.835449
403949.3438;5861291;-4100.293945
404009.625;5861291;-4100.649902
404069.9375;5861291;-4100.930664
404130.25;5861291;-4101.12793
404190.5313;5861291;-4112.049805
404250.8438;5861291;-4112.206055
404311.125;5861291;-4112.312988
404371.4375;5861291;-4112.381836
404431.75;5861291;-4112.459961
404492.0313;5861291;-4112.666016
404552.3438;5861291;-4113.028809
404612.625;5861291;-4113.664063
404672.9375;5861291;-4115.014648
404733.25;5861291;-4117.570801
404793.5313;5861291;-4120.395996
404853.8438;5861291;-4108.253418
404914.1563;5861291;-4109.46582
404974.4375;5861291;-4112.022949
405034.75;5861291;-4114.834473
405095.0313;5861291;-4117.411621
405155.3438;5861291;-4119.641113
405215.6563;5861291;-4121.435059
405275.9375;5861291;-4122.931641
405336.25;5861291;-4124.010254
405396.5625;5861291;-4124.880371
405456.8438;5861291;-4125.594727
405517.1563;5861291;-4126.075684
405577.4375;5861291;-4126.529785
405637.75;5861291;-4126.998047
405698.0625;5861291;-4127.419434
405758.3438;5861291;-4127.876465
405818.6563;5861291;-4128.399902
405878.9688;5861291;-4128.974609
405939.25;5861291;-4129.659668
405999.5625;5861291;-4130.450684
406059.8438;5861291;-4131.329102
406120.1563;5861291;-4132.30127
406180.4688;5861291;-4133.336426
406240.75;5861291;-4134.415039
406301.0625;5861291;-4135.497559
406361.375;5861291;-4115.559082
406421.6563;5861291;-4115.398438
406481.9688;5861291;-4115.09375
406542.25;5861291;-4114.679688
406602.5625;5861291;-4114.278809
406662.875;5861291;-4114.05127
406723.1563;5861291;-4113.858398
406783.4688;5861291;-4113.953613
406843.7813;5861291;-4114.71582
406904.0625;5861291;-4115.804688
406964.375;5861291;-4117.410156
407024.6563;5861291;-4119.721191
407084.9688;5861291;-4122.101563
407145.2813;5861291;-4124.325684
407205.5625;5861291;-4126.271484
407265.875;5861291;-4127.860352
407326.1875;5861291;-4128.978516
407386.4688;5861291;-4129.617676
407446.7813;5861291;-4129.935547
407507.0625;5861291;-4129.969238
407567.375;5861291;-4129.736328
407627.6875;5861291;-4129.391602
407687.9688;5861291;-4129.012695
407748.2813;5861291;-4128.616699
407808.5938;5861291;-4143.855469
407868.875;5861291;-4143.097656
407929.1875;5861291;-4142.398926
407989.4688;5861291;-4141.762695
408049.7813;5861291;-4141.196289
408110.0938;5861291;-4140.687012
408170.375;5861291;-4140.222168
408230.6875;5861291;-4139.797363
408291;5861291;-4139.401855
408351.2813;5861291;-4139.020996
408411.5938;5861291;-4138.647461
408471.875;5861291;-4138.276855
408532.1875;5861291;-4137.906738
408592.5;5861291;-4137.538086
408652.7813;5861291;-4137.168945
408713.0938;5861291;-4136.799316
408773.4063;5861291;-4136.435059
408833.6875;5861291;-4136.078125
408894;5861291;-4135.727539
408954.2813;5861291;-4135.387695
409014.5938;5861291;-4135.062012
409074.9063;5861291;-4134.753906
409135.1875;5861291;-4134.460449
409195.5;5861291;-4134.186035
409255.8125;5861291;-4133.939453
409316.0938;5861291;-4133.709473
409376.4063;5861291;-4133.496094
401356.4063;5861351.5;-4081.786865
401416.6875;5861351.5;-4081.879883
401477;5861351.5;-4081.999268
401537.3125;5861351.5;-4082.144775
401597.5938;5861351.5;-4082.317871
401657.9063;5861351.5;-4082.516846
401718.2188;5861351.5;-4082.738281
401778.5;5861351.5;-4082.979736
401838.8125;5861351.5;-4083.243652
401899.0938;5861351.5;-4083.525391
401959.4063;5861351.5;-4083.821289
402019.7188;5861351.5;-4084.13208
402080;5861351.5;-4084.456055
402140.3125;5861351.5;-4084.784668
402200.625;5861351.5;-4085.116455
402260.9063;5861351.5;-4085.450195
402321.2188;5861351.5;-4085.781738
402381.5;5861351.5;-4086.109375
402441.8125;5861351.5;-4086.433594
402502.125;5861351.5;-4086.752441
402562.4063;5861351.5;-4087.065674
402622.7188;5861351.5;-4087.376221
402683.0313;5861351.5;-4087.684814
402743.3125;5861351.5;-4087.992676
402803.625;5861351.5;-4088.304688
402863.9063;5861351.5;-4088.623047
402924.2188;5861351.5;-4088.949219
402984.5313;5861351.5;-4089.297119
403044.8125;5861351.5;-4089.674805
403105.125;5861351.5;-4090.07373
403165.4375;5861351.5;-4090.505615
403225.7188;5861351.5;-4090.984131
403286.0313;5861351.5;-4091.519287
403346.3125;5861351.5;-4092.118164
403406.625;5861351.5;-4092.779541
403466.9375;5861351.5;-4093.490967
403527.2188;5861351.5;-4094.270508
403587.5313;5861351.5;-4095.088867
403647.8438;5861351.5;-4095.897217
403708.125;5861351.5;-4096.681641
403768.4375;5861351.5;-4097.400879
403828.7188;5861351.5;-4098.040039
403889.0313;5861351.5;-4098.583008
403949.3438;5861351.5;-4099.003418
404009.625;5861351.5;-4099.350586
404069.9375;5861351.5;-4105.933105
404130.25;5861351.5;-4110.317871
404190.5313;5861351.5;-4110.602051
404250.8438;5861351.5;-4110.796875
404311.125;5861351.5;-4110.972168
404371.4375;5861351.5;-4111.138184
404431.75;5861351.5;-4111.34375
404492.0313;5861351.5;-4111.697754
404552.3438;5861351.5;-4112.211914
404612.625;5861351.5;-4112.965332
404672.9375;5861351.5;-4114.240723
404733.25;5861351.5;-4116.101563
404793.5313;5861351.5;-4104.222656
404853.8438;5861351.5;-4106.128906
404914.1563;5861351.5;-4107.946777
404974.4375;5861351.5;-4110.926758
405034.75;5861351.5;-4114.184082
405095.0313;5861351.5;-4117.112305
405155.3438;5861351.5;-4119.464355
405215.6563;5861351.5;-4121.286621
405275.9375;5861351.5;-4122.77832
405336.25;5861351.5;-4123.816406
405396.5625;5861351.5;-4124.568848
405456.8438;5861351.5;-4125.104004
405517.1563;5861351.5;-4125.414551
405577.4375;5861351.5;-4125.731445
405637.75;5861351.5;-4126.102539
405698.0625;5861351.5;-4126.455078
405758.3438;5861351.5;-4126.855469
405818.6563;5861351.5;-4127.335449
405878.9688;5861351.5;-4127.889648
405939.25;5861351.5;-4128.577148
405999.5625;5861351.5;-4129.385742
406059.8438;5861351.5;-4130.30127
406120.1563;5861351.5;-4131.320313
406180.4688;5861351.5;-4132.396484
406240.75;5861351.5;-4133.518555
406301.0625;5861351.5;-4134.638184
406361.375;5861351.5;-4135.680176
406421.6563;5861351.5;-4113.42041
406481.9688;5861351.5;-4112.911621
406542.25;5861351.5;-4112.225586
406602.5625;5861351.5;-4111.492676
406662.875;5861351.5;-4110.962402
406723.1563;5861351.5;-4110.519043
406783.4688;5861351.5;-4110.483398
406843.7813;5861351.5;-4111.277832
406904.0625;5861351.5;-4112.404297
406964.375;5861351.5;-4114.015137
407024.6563;5861351.5;-4116.317871
407084.9688;5861351.5;-4118.652344
407145.2813;5861351.5;-4120.82666
407205.5625;5861351.5;-4122.729492
407265.875;5861351.5;-4124.322266
407326.1875;5861351.5;-4125.508789
407386.4688;5861351.5;-4126.245605
407446.7813;5861351.5;-4126.700684
407507.0625;5861351.5;-4126.899414
407567.375;5861351.5;-4126.838379
407627.6875;5861351.5;-4126.660156
407687.9688;5861351.5;-4126.43457
407748.2813;5861351.5;-4142.790039
407808.5938;5861351.5;-4142.025879
407868.875;5861351.5;-4141.309082
407929.1875;5861351.5;-4140.634766
407989.4688;5861351.5;-4140.008301
408049.7813;5861351.5;-4139.439453
408110.0938;5861351.5;-4138.919434
408170.375;5861351.5;-4138.437988
408230.6875;5861351.5;-4137.991699
408291;5861351.5;-4137.574219
408351.2813;5861351.5;-4137.168945
408411.5938;5861351.5;-4136.773438
408471.875;5861351.5;-4136.383301
408532.1875;5861351.5;-4135.996094
408592.5;5861351.5;-4135.613281
408652.7813;5861351.5;-4135.23291
408713.0938;5861351.5;-4134.85498
408773.4063;5861351.5;-4134.48584
408833.6875;5861351.5;-4134.125
408894;5861351.5;-4133.773926
408954.2813;5861351.5;-4133.432617
409014.5938;5861351.5;-4133.10791
409074.9063;5861351.5;-4132.80127
409135.1875;5861351.5;-4132.509766
409195.5;5861351.5;-4132.23584
409255.8125;5861351.5;-4131.989746
409316.0938;5861351.5;-4131.760742
409376.4063;5861351.5;-4131.546387
401356.4063;5861412;-4082.594727
401416.6875;5861412;-4082.666016
401477;5861412;-4082.761719
401537.3125;5861412;-4082.881836
401597.5938;5861412;-4083.0271
401657.9063;5861412;-4083.193848
401718.2188;5861412;-4083.380615
401778.5;5861412;-4083.584229
401838.8125;5861412;-4083.806396
401899.0938;5861412;-4084.042969
401959.4063;5861412;-4084.29126
402019.7188;5861412;-4084.551758
402080;5861412;-4084.822754
402140.3125;5861412;-4085.097412
402200.625;5861412;-4085.375488
402260.9063;5861412;-4085.654541
402321.2188;5861412;-4085.933594
402381.5;5861412;-4086.209961
402441.8125;5861412;-4086.485352
402502.125;5861412;-4086.758301
402562.4063;5861412;-4087.029785
402622.7188;5861412;-4087.303711
402683.0313;5861412;-4087.579102
402743.3125;5861412;-4087.85791
402803.625;5861412;-4088.144775
402863.9063;5861412;-4088.441162
402924.2188;5861412;-4088.747803
402984.5313;5861412;-4089.077637
403044.8125;5861412;-4089.437988
403105.125;5861412;-4089.81958
403165.4375;5861412;-4090.231445
403225.7188;5861412;-4090.685059
403286.0313;5861412;-4091.185791
403346.3125;5861412;-4091.738037
403406.625;5861412;-4092.337646
403466.9375;5861412;-4092.971191
403527.2188;5861412;-4093.652588
403587.5313;5861412;-4094.358154
403647.8438;5861412;-4095.04834
403708.125;5861412;-4095.715088
403768.4375;5861412;-4096.328613
403828.7188;5861412;-4096.880371
403889.0313;5861412;-4097.35791
403949.3438;5861412;-4097.740234
404009.625;5861412;-4104.693359
404069.9375;5861412;-4108.474609
404130.25;5861412;-4108.871582
404190.5313;5861412;-4109.166992
404250.8438;5861412;-4109.399902
404311.125;5861412;-4109.64209
404371.4375;5861412;-4109.900879
404431.75;5861412;-4110.22998
404492.0313;5861412;-4110.728027
404552.3438;5861412;-4111.39502
404612.625;5861412;-4112.26416
404672.9375;5861412;-4113.481934
404733.25;5861412;-4114.969727
404793.5313;5861412;-4103.151855
404853.8438;5861412;-4105.004395
404914.1563;5861412;-4107.132813
404974.4375;5861412;-4110.166016
405034.75;5861412;-4113.442383
405095.0313;5861412;-4116.403809
405155.3438;5861412;-4118.79834
405215.6563;5861412;-4120.672852
405275.9375;5861412;-4122.225586
405336.25;5861412;-4123.313965
405396.5625;5861412;-4124.004395
405456.8438;5861412;-4124.372559
405517.1563;5861412;-4124.528809
405577.4375;5861412;-4124.728027
405637.75;5861412;-4125.022461
405698.0625;5861412;-4125.321777
405758.3438;5861412;-4125.679199
405818.6563;5861412;-4126.122559
405878.9688;5861412;-4126.658691
405939.25;5861412;-4127.348633
405999.5625;5861412;-4128.174805
406059.8438;5861412;-4129.127441
406120.1563;5861412;-4130.195313
406180.4688;5861412;-4131.321777
406240.75;5861412;-4132.507813
406301.0625;5861412;-4133.702637
406361.375;5861412;-4134.825684
406421.6563;5861412;-4135.859375
406481.9688;5861412;-4110.845703
406542.25;5861412;-4109.914551
406602.5625;5861412;-4108.80127
406662.875;5861412;-4107.878906
406723.1563;5861412;-4107.15918
406783.4688;5861412;-4107.047363
406843.7813;5861412;-4108.022461
406904.0625;5861412;-4109.390625
406964.375;5861412;-4111.095215
407024.6563;5861412;-4113.350586
407084.9688;5861412;-4115.575195
407145.2813;5861412;-4117.643066
407205.5625;5861412;-4119.451172
407265.875;5861412;-4120.993652
407326.1875;5861412;-4122.193848
407386.4688;5861412;-4122.974121
407446.7813;5861412;-4123.513672
407507.0625;5861412;-4123.82959
407567.375;5861412;-4123.899902
407627.6875;5861412;-4123.855469
407687.9688;5861412;-4141.486328
407748.2813;5861412;-4140.777344
407808.5938;5861412;-4140.069824
407868.875;5861412;-4139.394043
407929.1875;5861412;-4138.745605
407989.4688;5861412;-4138.133301
408049.7813;5861412;-4137.569336
408110.0938;5861412;-4137.044922
408170.375;5861412;-4136.554199
408230.6875;5861412;-4136.095215
408291;5861412;-4135.662109
408351.2813;5861412;-4135.241699
408411.5938;5861412;-4134.831055
408471.875;5861412;-4134.426758
408532.1875;5861412;-4134.029297
408592.5;5861412;-4133.638672
408652.7813;5861412;-4133.252441
408713.0938;5861412;-4132.870117
408773.4063;5861412;-4132.498535
408833.6875;5861412;-4132.137695
408894;5861412;-4131.788574
408954.2813;5861412;-4131.449707
409014.5938;5861412;-4131.127441
409074.9063;5861412;-4130.824707
409135.1875;5861412;-4130.535645
409195.5;5861412;-4130.26416
409255.8125;5861412;-4130.02002
409316.0938;5861412;-4129.790527
409376.4063;5861412;-4129.576172
401356.4063;5861472.5;-4083.371094
401416.6875;5861472.5;-4083.420654
401477;5861472.5;-4083.493896
401537.3125;5861472.5;-4083.589111
401597.5938;5861472.5;-4083.705811
401657.9063;5861472.5;-4083.842041
401718.2188;5861472.5;-4083.994873
401778.5;5861472.5;-4084.161377
401838.8125;5861472.5;-4084.343262
401899.0938;5861472.5;-4084.536621
401959.4063;5861472.5;-4084.739502
402019.7188;5861472.5;-4084.952148
402080;5861472.5;-4085.172852
402140.3125;5861472.5;-4085.39624
402200.625;5861472.5;-4085.622559
402260.9063;5861472.5;-4085.850098
402321.2188;5861472.5;-4086.078369
402381.5;5861472.5;-4086.305908
402441.8125;5861472.5;-4086.533447
402502.125;5861472.5;-4086.760986
402562.4063;5861472.5;-4086.990967
402622.7188;5861472.5;-4087.226074
402683.0313;5861472.5;-4087.466553
402743.3125;5861472.5;-4087.713379
402803.625;5861472.5;-4087.97168
402863.9063;5861472.5;-4088.241943
402924.2188;5861472.5;-4088.524414
402984.5313;5861472.5;-4088.831055
403044.8125;5861472.5;-4089.168213
403105.125;5861472.5;-4089.525635
403165.4375;5861472.5;-4089.911377
403225.7188;5861472.5;-4090.333252
403286.0313;5861472.5;-4090.794922
403346.3125;5861472.5;-4091.295898
403406.625;5861472.5;-4091.83374
403466.9375;5861472.5;-4092.392334
403527.2188;5861472.5;-4092.983398
403587.5313;5861472.5;-4093.587891
403647.8438;5861472.5;-4094.173828
403708.125;5861472.5;-4094.736816
403768.4375;5861472.5;-4095.256348
403828.7188;5861472.5;-4095.72876
403889.0313;5861472.5;-4096.144531
403949.3438;5861472.5;-4098.250488
404009.625;5861472.5;-4106.610352
404069.9375;5861472.5;-4107.031738
404130.25;5861472.5;-4107.42041
404190.5313;5861472.5;-4107.723145
404250.8438;5861472.5;-4107.98584
404311.125;5861472.5;-4108.28125
404371.4375;5861472.5;-4108.614258
404431.75;5861472.5;-4109.038574
404492.0313;5861472.5;-4109.643555
404552.3438;5861472.5;-4110.42627
404612.625;5861472.5;-4111.392578
404672.9375;5861472.5;-4112.604004
404733.25;5861472.5;-4100.72168
404793.5313;5861472.5;-4102.560059
404853.8438;5861472.5;-4104.428711
404914.1563;5861472.5;-4106.607422
404974.4375;5861472.5;-4109.450684
405034.75;5861472.5;-4112.413574
405095.0313;5861472.5;-4115.186523
405155.3438;5861472.5;-4117.59082
405215.6563;5861472.5;-4119.532227
405275.9375;5861472.5;-4121.175293
405336.25;5861472.5;-4122.369629
405396.5625;5861472.5;-4123.051758
405456.8438;5861472.5;-4123.29834
405517.1563;5861472.5;-4123.35791
405577.4375;5861472.5;-4123.495117
405637.75;5861472.5;-4123.749023
405698.0625;5861472.5;-4124.019531
405758.3438;5861472.5;-4124.345703
405818.6563;5861472.5;-4124.759277
405878.9688;5861472.5;-4125.27832
405939.25;5861472.5;-4125.968262
405999.5625;5861472.5;-4126.80957
406059.8438;5861472.5;-4127.797852
406120.1563;5861472.5;-4128.916504
406180.4688;5861472.5;-4130.106445
406240.75;5861472.5;-4131.391602
406301.0625;5861472.5;-4132.726563
406361.375;5861472.5;-4134.031738
406421.6563;5861472.5;-4135.267578
406481.9688;5861472.5;-4136.283691
406542.25;5861472.5;-4107.945313
406602.5625;5861472.5;-4106.456055
406662.875;5861472.5;-4105.045898
406723.1563;5861472.5;-4103.897949
406783.4688;5861472.5;-4103.658203
406843.7813;5861472.5;-4104.896973
406904.0625;5861472.5;-4106.522949
406964.375;5861472.5;-4108.338379
407024.6563;5861472.5;-4110.603516
407084.9688;5861472.5;-4112.730469
407145.2813;5861472.5;-4114.670898
407205.5625;5861472.5;-4116.348145
407265.875;5861472.5;-4117.804688
407326.1875;5861472.5;-4118.984375
407386.4688;5861472.5;-4119.771973
407446.7813;5861472.5;-4120.360352
407507.0625;5861472.5;-4120.760254
407567.375;5861472.5;-4120.933105
407627.6875;5861472.5;-4139.910156
407687.9688;5861472.5;-4139.325684
407748.2813;5861472.5;-4138.679199
407808.5938;5861472.5;-4138.021973
407868.875;5861472.5;-4137.384277
407929.1875;5861472.5;-4136.762207
407989.4688;5861472.5;-4136.166992
408049.7813;5861472.5;-4135.611816
408110.0938;5861472.5;-4135.087891
408170.375;5861472.5;-4134.59375
408230.6875;5861472.5;-4134.12793
408291;5861472.5;-4133.685059
408351.2813;5861472.5;-4133.254395
408411.5938;5861472.5;-4132.834961
408471.875;5861472.5;-4132.42334
408532.1875;5861472.5;-4132.019531
408592.5;5861472.5;-4131.625
408652.7813;5861472.5;-4131.235352
408713.0938;5861472.5;-4130.854004
408773.4063;5861472.5;-4130.48291
408833.6875;5861472.5;-4130.125
408894;5861472.5;-4129.779297
408954.2813;5861472.5;-4129.444824
409014.5938;5861472.5;-4129.126953
409074.9063;5861472.5;-4128.828613
409135.1875;5861472.5;-4128.543457
409195.5;5861472.5;-4128.274414
409255.8125;5861472.5;-4128.033203
409316.0938;5861472.5;-4127.804688
409376.4063;5861472.5;-4127.590332
401356.4063;5861533.5;-4084.109375
401416.6875;5861533.5;-4084.138184
401477;5861533.5;-4084.188721
401537.3125;5861533.5;-4084.259277
401597.5938;5861533.5;-4084.348389
401657.9063;5861533.5;-4084.453613
401718.2188;5861533.5;-4084.572754
401778.5;5861533.5;-4084.702637
401838.8125;5861533.5;-4084.845703
401899.0938;5861533.5;-4084.99707
401959.4063;5861533.5;-4085.155762
402019.7188;5861533.5;-4085.321777
402080;5861533.5;-4085.493896
402140.3125;5861533.5;-4085.668701
402200.625;5861533.5;-4085.845215
402260.9063;5861533.5;-4086.023193
402321.2188;5861533.5;-4086.203125
402381.5;5861533.5;-4086.382568
402441.8125;5861533.5;-4086.563721
402502.125;5861533.5;-4086.746582
402562.4063;5861533.5;-4086.93457
402622.7188;5861533.5;-4087.129883
402683.0313;5861533.5;-4087.333008
402743.3125;5861533.5;-4087.546143
402803.625;5861533.5;-4087.771973
402863.9063;5861533.5;-4088.011475
402924.2188;5861533.5;-4088.266357
402984.5313;5861533.5;-4088.54541
403044.8125;5861533.5;-4088.854004
403105.125;5861533.5;-4089.182861
403165.4375;5861533.5;-4089.537354
403225.7188;5861533.5;-4089.922852
403286.0313;5861533.5;-4090.341309
403346.3125;5861533.5;-4090.791016
403406.625;5861533.5;-4091.26709
403466.9375;5861533.5;-4091.756104
403527.2188;5861533.5;-4092.265137
403587.5313;5861533.5;-4092.780029
403647.8438;5861533.5;-4093.275391
403708.125;5861533.5;-4093.749023
403768.4375;5861533.5;-4094.187012
403828.7188;5861533.5;-4094.588867
403889.0313;5861533.5;-4094.948975
403949.3438;5861533.5;-4104.674805
404009.625;5861533.5;-4105.122559
404069.9375;5861533.5;-4105.522949
404130.25;5861533.5;-4105.90625
404190.5313;5861533.5;-4106.225586
404250.8438;5861533.5;-4106.529785
404311.125;5861533.5;-4106.884766
404371.4375;5861533.5;-4107.286621
404431.75;5861533.5;-4107.785156
404492.0313;5861533.5;-4108.46582
404552.3438;5861533.5;-4109.3125
404612.625;5861533.5;-4110.319824
404672.9375;5861533.5;-4111.520996
404733.25;5861533.5;-4100.243164
404793.5313;5861533.5;-4102.079102
404853.8438;5861533.5;-4103.978027
404914.1563;5861533.5;-4106.112793
404974.4375;5861533.5;-4108.699219
405034.75;5861533.5;-4111.302734
405095.0313;5861533.5;-4113.796875
405155.3438;5861533.5;-4116.071289
405215.6563;5861533.5;-4117.96875
405275.9375;5861533.5;-4119.603027
405336.25;5861533.5;-4120.815918
405396.5625;5861533.5;-4121.51709
405456.8438;5861533.5;-4121.786133
405517.1563;5861533.5;-4121.878906
405577.4375;5861533.5;-4122.037598
405637.75;5861533.5;-4122.298828
405698.0625;5861533.5;-4122.5625
405758.3438;5861533.5;-4122.864746
405818.6563;5861533.5;-4123.242676
405878.9688;5861533.5;-4123.734375
405939.25;5861533.5;-4124.412109
405999.5625;5861533.5;-4125.254883
406059.8438;5861533.5;-4126.266113
406120.1563;5861533.5;-4127.427246
406180.4688;5861533.5;-4128.693848
406240.75;5861533.5;-4130.124512
406301.0625;5861533.5;-4131.694824
406361.375;5861533.5;-4133.334961
406421.6563;5861533.5;-4134.959473
406481.9688;5861533.5;-4136.291992
406542.25;5861533.5;-4132.990234
406602.5625;5861533.5;-4105.027344
406662.875;5861533.5;-4102.937988
406723.1563;5861533.5;-4101.151855
406783.4688;5861533.5;-4100.650391
406843.7813;5861533.5;-4102.128906
406904.0625;5861533.5;-4104.086426
406964.375;5861533.5;-4106.054199
407024.6563;5861533.5;-4108.241699
407084.9688;5861533.5;-4110.222656
407145.2813;5861533.5;-4111.973145
407205.5625;5861533.5;-4113.47998
407265.875;5861533.5;-4114.808105
407326.1875;5861533.5;-4115.922852
407386.4688;5861533.5;-4116.6875
407446.7813;5861533.5;-4117.29541
407507.0625;5861533.5;-4117.750977
407567.375;5861533.5;-4138.047363
407627.6875;5861533.5;-4137.567383
407687.9688;5861533.5;-4137.04248
407748.2813;5861533.5;-4136.45166
407808.5938;5861533.5;-4135.842285
407868.875;5861533.5;-4135.245605
407929.1875;5861533.5;-4134.652832
407989.4688;5861533.5;-4134.080566
408049.7813;5861533.5;-4133.540527
408110.0938;5861533.5;-4133.027344
408170.375;5861533.5;-4132.537109
408230.6875;5861533.5;-4132.074219
408291;5861533.5;-4131.631348
408351.2813;5861533.5;-4131.200195
408411.5938;5861533.5;-4130.779297
408471.875;5861533.5;-4130.368164
408532.1875;5861533.5;-4129.967773
408592.5;5861533.5;-4129.575684
408652.7813;5861533.5;-4129.190918
408713.0938;5861533.5;-4128.81543
408773.4063;5861533.5;-4128.452148
408833.6875;5861533.5;-4128.101074
408894;5861533.5;-4127.764648
408954.2813;5861533.5;-4127.438477
409014.5938;5861533.5;-4127.128418
409074.9063;5861533.5;-4126.838379
409135.1875;5861533.5;-4126.560059
409195.5;5861533.5;-4126.297363
409255.8125;5861533.5;-4126.060547
409316.0938;5861533.5;-4125.835938
409376.4063;5861533.5;-4125.623535
401356.4063;5861594;-4084.805176
401416.6875;5861594;-4084.813477
401477;5861594;-4084.841797
401537.3125;5861594;-4084.888672
401597.5938;5861594;-4084.950684
401657.9063;5861594;-4085.026123
401718.2188;5861594;-4085.112549
401778.5;5861594;-4085.20752
401838.8125;5861594;-4085.312744
401899.0938;5861594;-4085.424316
401959.4063;5861594;-4085.541504
402019.7188;5861594;-4085.663818
402080;5861594;-4085.790527
402140.3125;5861594;-4085.918945
402200.625;5861594;-4086.049072
402260.9063;5861594;-4086.180176
402321.2188;5861594;-4086.312744
402381.5;5861594;-4086.447266
402441.8125;5861594;-4086.582764
402502.125;5861594;-4086.722412
402562.4063;5861594;-4086.868652
402622.7188;5861594;-4087.022949
402683.0313;5861594;-4087.1875
402743.3125;5861594;-4087.363281
402803.625;5861594;-4087.553467
402863.9063;5861594;-4087.758545
402924.2188;5861594;-4087.979492
402984.5313;5861594;-4088.224854
403044.8125;5861594;-4088.498779
403105.125;5861594;-4088.792236
403165.4375;5861594;-4089.108887
403225.7188;5861594;-4089.452637
403286.0313;5861594;-4089.82373
403346.3125;5861594;-4090.218994
403406.625;5861594;-4090.633545
403466.9375;5861594;-4091.055908
403527.2188;5861594;-4091.489502
403587.5313;5861594;-4091.923828
403647.8438;5861594;-4092.339355
403708.125;5861594;-4092.734375
403768.4375;5861594;-4093.100098
403828.7188;5861594;-4093.438477
403889.0313;5861594;-4095.063965
403949.3438;5861594;-4095.411133
404009.625;5861594;-4103.615723
404069.9375;5861594;-4103.986328
404130.25;5861594;-4104.353027
404190.5313;5861594;-4104.674316
404250.8438;5861594;-4105
404311.125;5861594;-4105.38623
404371.4375;5861594;-4105.820313
404431.75;5861594;-4106.346191
404492.0313;5861594;-4107.043457
404552.3438;5861594;-4107.890137
404612.625;5861594;-4108.876953
404672.9375;5861594;-4097.76416
404733.25;5861594;-4099.358398
404793.5313;5861594;-4101.171387
404853.8438;5861594;-4103.04541
404914.1563;5861594;-4105.08252
404974.4375;5861594;-4107.435547
405034.75;5861594;-4109.759766
405095.0313;5861594;-4111.992676
405155.3438;5861594;-4114.072266
405215.6563;5861594;-4115.842773
405275.9375;5861594;-4117.363281
405336.25;5861594;-4118.482422
405396.5625;5861594;-4119.221191
405456.8438;5861594;-4119.655762
405517.1563;5861594;-4119.903809
405577.4375;5861594;-4120.165527
405637.75;5861594;-4120.482422
405698.0625;5861594;-4120.771484
405758.3438;5861594;-4121.06543
405818.6563;5861594;-4121.410156
405878.9688;5861594;-4121.873047
405939.25;5861594;-4122.537109
405999.5625;5861594;-4123.381836
406059.8438;5861594;-4124.418945
406120.1563;5861594;-4125.635742
406180.4688;5861594;-4127.01709
406240.75;5861594;-4128.682617
406301.0625;5861594;-4130.638672
406361.375;5861594;-4132.84375
406421.6563;5861594;-4135.148926
406481.9688;5861594;-4137.125488
406542.25;5861594;-4138.164063
406602.5625;5861594;-4104.984375
406662.875;5861594;-4102.186035
406723.1563;5861594;-4099.581543
406783.4688;5861594;-4098.619629
406843.7813;5861594;-4100.072754
406904.0625;5861594;-4102.148926
406964.375;5861594;-4104.15332
407024.6563;5861594;-4106.222656
407084.9688;5861594;-4107.930176
407145.2813;5861594;-4109.449219
407205.5625;5861594;-4110.754395
407265.875;5861594;-4111.928223
407326.1875;5861594;-4112.948242
407386.4688;5861594;-4113.658691
407446.7813;5861594;-4114.252441
407507.0625;5861594;-4135.981934
407567.375;5861594;-4135.601074
407627.6875;5861594;-4135.152832
407687.9688;5861594;-4134.668945
407748.2813;5861594;-4134.118164
407808.5938;5861594;-4133.550293
407868.875;5861594;-4132.990234
407929.1875;5861594;-4132.427246
407989.4688;5861594;-4131.879395
408049.7813;5861594;-4131.360352
408110.0938;5861594;-4130.861816
408170.375;5861594;-4130.384277
408230.6875;5861594;-4129.931152
408291;5861594;-4129.495605
408351.2813;5861594;-4129.070801
408411.5938;5861594;-4128.657227
408471.875;5861594;-4128.25293
408532.1875;5861594;-4127.860352
408592.5;5861594;-4127.477539
408652.7813;5861594;-4127.103516
408713.0938;5861594;-4126.737793
408773.4063;5861594;-4126.385742
408833.6875;5861594;-4126.046387
408894;5861594;-4125.720703
408954.2813;5861594;-4125.405762
409014.5938;5861594;-4125.105957
409074.9063;5861594;-4124.825684
409135.1875;5861594;-4124.557129
409195.5;5861594;-4124.30127
409255.8125;5861594;-4124.070313
409316.0938;5861594;-4123.850098
409376.4063;5861594;-4123.640137
401356.4063;5861654.5;-4085.460205
401416.6875;5861654.5;-4085.448242
401477;5861654.5;-4085.455322
401537.3125;5861654.5;-4085.478271
401597.5938;5861654.5;-4085.513916
401657.9063;5861654.5;-4085.560059
401718.2188;5861654.5;-4085.61499
401778.5;5861654.5;-4085.676758
401838.8125;5861654.5;-4085.74585
401899.0938;5861654.5;-4085.818848
401959.4063;5861654.5;-4085.896484
402019.7188;5861654.5;-4085.977539
402080;5861654.5;-4086.061279
402140.3125;5861654.5;-4086.145996
402200.625;5861654.5;-4086.232422
402260.9063;5861654.5;-4086.318604
402321.2188;5861654.5;-4086.407227
402381.5;5861654.5;-4086.497314
402441.8125;5861654.5;-4086.589355
402502.125;5861654.5;-4086.685791
402562.4063;5861654.5;-4086.790771
402622.7188;5861654.5;-4086.904297
402683.0313;5861654.5;-4087.02832
402743.3125;5861654.5;-4087.165283
402803.625;5861654.5;-4087.317383
402863.9063;5861654.5;-4087.483398
402924.2188;5861654.5;-4087.667236
402984.5313;5861654.5;-4087.874023
403044.8125;5861654.5;-4088.10791
403105.125;5861654.5;-4088.361328
403165.4375;5861654.5;-4088.634521
403225.7188;5861654.5;-4088.931641
403286.0313;5861654.5;-4089.252441
403346.3125;5861654.5;-4089.591797
403406.625;5861654.5;-4089.945068
403466.9375;5861654.5;-4090.303467
403527.2188;5861654.5;-4090.666992
403587.5313;5861654.5;-4091.027588
403647.8438;5861654.5;-4091.37085
403708.125;5861654.5;-4091.695557
403768.4375;5861654.5;-4091.994629
403828.7188;5861654.5;-4093.384277
403889.0313;5861654.5;-4093.698975
403949.3438;5861654.5;-4093.987305
404009.625;5861654.5;-4094.249512
404069.9375;5861654.5;-4102.414551
404130.25;5861654.5;-4102.750977
404190.5313;5861654.5;-4103.058105
404250.8438;5861654.5;-4103.383301
404311.125;5861654.5;-4103.775391
404371.4375;5861654.5;-4104.210938
404431.75;5861654.5;-4104.726074
404492.0313;5861654.5;-4105.397461
404552.3438;5861654.5;-4106.197266
404612.625;5861654.5;-4107.115723
404672.9375;5861654.5;-4096.532227
404733.25;5861654.5;-4098.060547
404793.5313;5861654.5;-4099.80957
404853.8438;5861654.5;-4101.609863
404914.1563;5861654.5;-4103.530762
404974.4375;5861654.5;-4105.682617
405034.75;5861654.5;-4107.797852
405095.0313;5861654.5;-4109.817871
405155.3438;5861654.5;-4111.712891
405215.6563;5861654.5;-4113.349121
405275.9375;5861654.5;-4114.757813
405336.25;5861654.5;-4115.800781
405396.5625;5861654.5;-4116.575195
405456.8438;5861654.5;-4117.142578
405517.1563;5861654.5;-4117.522461
405577.4375;5861654.5;-4117.878418
405637.75;5861654.5;-4118.242676
405698.0625;5861654.5;-4118.55127
405758.3438;5861654.5;-4118.846191
405818.6563;5861654.5;-4119.178223
405878.9688;5861654.5;-4119.623047
405939.25;5861654.5;-4120.276367
405999.5625;5861654.5;-4121.127441
406059.8438;5861654.5;-4122.194336
406120.1563;5861654.5;-4123.466797
406180.4688;5861654.5;-4124.974609
406240.75;5861654.5;-4126.910645
406301.0625;5861654.5;-4129.32666
406361.375;5861654.5;-4132.220215
406421.6563;5861654.5;-4135.409668
406481.9688;5861654.5;-4138.367676
406542.25;5861654.5;-4140.344727
406602.5625;5861654.5;-4140.145508
406662.875;5861654.5;-4103.465332
406723.1563;5861654.5;-4100.258789
406783.4688;5861654.5;-4098.700195
406843.7813;5861654.5;-4099.594238
406904.0625;5861654.5;-4101.195801
406964.375;5861654.5;-4102.807129
407024.6563;5861654.5;-4104.523438
407084.9688;5861654.5;-4105.895996
407145.2813;5861654.5;-4107.079102
407205.5625;5861654.5;-4108.122559
407265.875;5861654.5;-4109.121582
407326.1875;5861654.5;-4110.027344
407386.4688;5861654.5;-4110.658203
407446.7813;5861654.5;-4133.758789
407507.0625;5861654.5;-4133.490723
407567.375;5861654.5;-4133.100098
407627.6875;5861654.5;-4132.664551
407687.9688;5861654.5;-4132.205078
407748.2813;5861654.5;-4131.685059
407808.5938;5861654.5;-4131.150879
407868.875;5861654.5;-4130.625488
407929.1875;5861654.5;-4130.093262
407989.4688;5861654.5;-4129.57373
408049.7813;5861654.5;-4129.07959
408110.0938;5861654.5;-4128.601563
408170.375;5861654.5;-4128.14209
408230.6875;5861654.5;-4127.705566
408291;5861654.5;-4127.284668
408351.2813;5861654.5;-4126.873535
408411.5938;5861654.5;-4126.474121
408471.875;5861654.5;-4126.083496
408532.1875;5861654.5;-4125.704102
408592.5;5861654.5;-4125.335449
408652.7813;5861654.5;-4124.975586
408713.0938;5861654.5;-4124.625488
408773.4063;5861654.5;-4124.287109
408833.6875;5861654.5;-4123.962402
408894;5861654.5;-4123.651367
408954.2813;5861654.5;-4123.350098
409014.5938;5861654.5;-4123.062012
409074.9063;5861654.5;-4122.793457
409135.1875;5861654.5;-4122.533691
409195.5;5861654.5;-4122.286621
409255.8125;5861654.5;-4122.062988
409316.0938;5861654.5;-4121.848145
409376.4063;5861654.5;-4121.641113
401356.4063;5861715;-4086.080078
401416.6875;5861715;-4086.049316
401477;5861715;-4086.035156
401537.3125;5861715;-4086.034424
401597.5938;5861715;-4086.043213
401657.9063;5861715;-4086.060547
401718.2188;5861715;-4086.084717
401778.5;5861715;-4086.113525
401838.8125;5861715;-4086.146484
401899.0938;5861715;-4086.182373
401959.4063;5861715;-4086.221191
402019.7188;5861715;-4086.261963
402080;5861715;-4086.303467
402140.3125;5861715;-4086.345947
402200.625;5861715;-4086.38916
402260.9063;5861715;-4086.432129
402321.2188;5861715;-4086.476807
402381.5;5861715;-4086.52417
402441.8125;5861715;-4086.573242
402502.125;5861715;-4086.627197
402562.4063;5861715;-4086.690186
402622.7188;5861715;-4086.762207
402683.0313;5861715;-4086.845215
402743.3125;5861715;-4086.941895
402803.625;5861715;-4087.053223
402863.9063;5861715;-4087.179199
402924.2188;5861715;-4087.323242
402984.5313;5861715;-4087.489014
403044.8125;5861715;-4087.680176
403105.125;5861715;-4087.890625
403165.4375;5861715;-4088.118896
403225.7188;5861715;-4088.367432
403286.0313;5861715;-4088.63623
403346.3125;5861715;-4088.919189
403406.625;5861715;-4089.212402
403466.9375;5861715;-4089.507568
403527.2188;5861715;-4089.804199
403587.5313;5861715;-4090.094482
403647.8438;5861715;-4090.369629
403708.125;5861715;-4090.626465
403768.4375;5861715;-4091.799316
403828.7188;5861715;-4092.062988
403889.0313;5861715;-4092.306641
403949.3438;5861715;-4092.531982
404009.625;5861715;-4092.740723
404069.9375;5861715;-4092.95166
404130.25;5861715;-4101.070801
404190.5313;5861715;-4101.351563
404250.8438;5861715;-4101.664063
404311.125;5861715;-4102.046387
404371.4375;5861715;-4102.471191
404431.75;5861715;-4102.969238
404492.0313;5861715;-4103.605957
404552.3438;5861715;-4104.349121
404612.625;5861715;-4098.815918
404672.9375;5861715;-4095.158936
404733.25;5861715;-4096.597168
404793.5313;5861715;-4098.244141
404853.8438;5861715;-4099.937012
404914.1563;5861715;-4101.722168
404974.4375;5861715;-4103.686523
405034.75;5861715;-4105.604492
405095.0313;5861715;-4107.447754
405155.3438;5861715;-4109.179199
405215.6563;5861715;-4110.687988
405275.9375;5861715;-4111.998535
405336.25;5861715;-4112.992676
405396.5625;5861715;-4113.788086
405456.8438;5861715;-4114.431152
405517.1563;5861715;-4114.897461
405577.4375;5861715;-4115.314453
405637.75;5861715;-4115.703613
405698.0625;5861715;-4116.012695
405758.3438;5861715;-4116.308594
405818.6563;5861715;-4116.640625
405878.9688;5861715;-4117.064453
405939.25;5861715;-4117.697266
405999.5625;5861715;-4118.539551
406059.8438;5861715;-4119.614746
406120.1563;5861715;-4120.901855
406180.4688;5861715;-4122.475098
406240.75;5861715;-4124.599121
406301.0625;5861715;-4127.365234
406361.375;5861715;-4130.819336
406421.6563;5861715;-4134.762695
406481.9688;5861715;-4138.654297
406542.25;5861715;-4141.875
406602.5625;5861715;-4143.299316
406662.875;5861715;-4139.887207
406723.1563;5861715;-4103.970215
406783.4688;5861715;-4101.461426
406843.7813;5861715;-4101.09375
406904.0625;5861715;-4101.638184
406964.375;5861715;-4102.454102
407024.6563;5861715;-4103.531738
407084.9688;5861715;-4104.393555
407145.2813;5861715;-4105.158691
407205.5625;5861715;-4105.894531
407265.875;5861715;-4106.621094
407326.1875;5861715;-4107.318359
407386.4688;5861715;-4107.82666
407446.7813;5861715;-4131.230469
407507.0625;5861715;-4130.891113
407567.375;5861715;-4130.475586
407627.6875;5861715;-4130.041992
407687.9688;5861715;-4129.601074
407748.2813;5861715;-4129.107422
407808.5938;5861715;-4128.608887
407868.875;5861715;-4128.123535
407929.1875;5861715;-4127.628418
407989.4688;5861715;-4127.142578
408049.7813;5861715;-4126.681641
408110.0938;5861715;-4126.233398
408170.375;5861715;-4125.802246
408230.6875;5861715;-4125.39209
408291;5861715;-4124.995117
408351.2813;5861715;-4124.606934
408411.5938;5861715;-4124.22998
408471.875;5861715;-4123.861816
408532.1875;5861715;-4123.504395
408592.5;5861715;-4123.157227
408652.7813;5861715;-4122.818848
408713.0938;5861715;-4122.490234
408773.4063;5861715;-4122.172852
408833.6875;5861715;-4121.867676
408894;5861715;-4121.575195
408954.2813;5861715;-4121.29248
409014.5938;5861715;-4121.020996
409074.9063;5861715;-4120.76709
409135.1875;5861715;-4120.521484
409195.5;5861715;-4120.285645
409255.8125;5861715;-4120.070801
409316.0938;5861715;-4119.86377
409376.4063;5861715;-4119.664063
401356.4063;5861775.5;-4086.671631
401416.6875;5861775.5;-4086.622559
401477;5861775.5;-4086.588135
401537.3125;5861775.5;-4086.564697
401597.5938;5861775.5;-4086.547607
401657.9063;5861775.5;-4086.536377
401718.2188;5861775.5;-4086.529541
401778.5;5861775.5;-4086.525635
401838.8125;5861775.5;-4086.523438
401899.0938;5861775.5;-4086.523193
401959.4063;5861775.5;-4086.52417
402019.7188;5861775.5;-4086.525635
402080;5861775.5;-4086.526367
402140.3125;5861775.5;-4086.527344
402200.625;5861775.5;-4086.529053
402260.9063;5861775.5;-4086.529541
402321.2188;5861775.5;-4086.531982
402381.5;5861775.5;-4086.536621
402441.8125;5861775.5;-4086.543701
402502.125;5861775.5;-4086.555908
402562.4063;5861775.5;-4086.577393
402622.7188;5861775.5;-4086.607666
402683.0313;5861775.5;-4086.649414
402743.3125;5861775.5;-4086.705566
402803.625;5861775.5;-4086.775146
402863.9063;5861775.5;-4086.859619
402924.2188;5861775.5;-4086.962158
402984.5313;5861775.5;-4087.085693
403044.8125;5861775.5;-4087.232666
403105.125;5861775.5;-4087.398193
403165.4375;5861775.5;-4087.580322
403225.7188;5861775.5;-4087.779785
403286.0313;5861775.5;-4087.996094
403346.3125;5861775.5;-4088.222656
403406.625;5861775.5;-4088.456055
403466.9375;5861775.5;-4088.690674
403527.2188;5861775.5;-4088.922363
403587.5313;5861775.5;-4089.14624
403647.8438;5861775.5;-4089.355713
403708.125;5861775.5;-4090.342285
403768.4375;5861775.5;-4090.548096
403828.7188;5861775.5;-4090.735352
403889.0313;5861775.5;-4090.906494
403949.3438;5861775.5;-4091.064697
404009.625;5861775.5;-4091.215088
404069.9375;5861775.5;-4091.372559
404130.25;5861775.5;-4091.549072
404190.5313;5861775.5;-4099.592773
404250.8438;5861775.5;-4099.87793
404311.125;5861775.5;-4100.23584
404371.4375;5861775.5;-4100.637207
404431.75;5861775.5;-4101.10498
404492.0313;5861775.5;-4101.695313
404552.3438;5861775.5;-4102.370605
404612.625;5861775.5;-4096.688965
404672.9375;5861775.5;-4094.453613
404733.25;5861775.5;-4094.971191
404793.5313;5861775.5;-4096.497559
404853.8438;5861775.5;-4098.065918
404914.1563;5861775.5;-4099.70752
404974.4375;5861775.5;-4101.490723
405034.75;5861775.5;-4103.228027
405095.0313;5861775.5;-4104.897461
405155.3438;5861775.5;-4106.476563
405215.6563;5861775.5;-4107.871094
405275.9375;5861775.5;-4109.092285
405336.25;5861775.5;-4110.044434
405396.5625;5861775.5;-4110.842285
405456.8438;5861775.5;-4111.520508
405517.1563;5861775.5;-4112.037109
405577.4375;5861775.5;-4112.48877
405637.75;5861775.5;-4112.891113
405698.0625;5861775.5;-4113.19873
405758.3438;5861775.5;-4113.492676
405818.6563;5861775.5;-4113.81543
405878.9688;5861775.5;-4114.205078
405939.25;5861775.5;-4114.794434
405999.5625;5861775.5;-4115.603516
406059.8438;5861775.5;-4116.656738
406120.1563;5861775.5;-4117.911133
406180.4688;5861775.5;-4119.472168
406240.75;5861775.5;-4121.670898
406301.0625;5861775.5;-4124.618652
406361.375;5861775.5;-4128.367676
406421.6563;5861775.5;-4132.701172
406481.9688;5861775.5;-4137.152832
406542.25;5861775.5;-4141.508301
406602.5625;5861775.5;-4145.196289
406662.875;5861775.5;-4145.444824
406723.1563;5861775.5;-4107.729492
406783.4688;5861775.5;-4104.358398
406843.7813;5861775.5;-4102.71582
406904.0625;5861775.5;-4102.145996
406964.375;5861775.5;-4102.112793
407024.6563;5861775.5;-4102.521973
407084.9688;5861775.5;-4102.875488
407145.2813;5861775.5;-4103.239746
407205.5625;5861775.5;-4103.687012
407265.875;5861775.5;-4104.167969
407326.1875;5861775.5;-4104.657227
407386.4688;5861775.5;-4129.084473
407446.7813;5861775.5;-4128.663086
407507.0625;5861775.5;-4128.236328
407567.375;5861775.5;-4127.784668
407627.6875;5861775.5;-4127.343262
407687.9688;5861775.5;-4126.914551
407748.2813;5861775.5;-4126.446289
407808.5938;5861775.5;-4125.984863
407868.875;5861775.5;-4125.540527
407929.1875;5861775.5;-4125.085938
407989.4688;5861775.5;-4124.639648
408049.7813;5861775.5;-4124.216797
408110.0938;5861775.5;-4123.803711
408170.375;5861775.5;-4123.404297
408230.6875;5861775.5;-4123.024902
408291;5861775.5;-4122.658203
408351.2813;5861775.5;-4122.29834
408411.5938;5861775.5;-4121.94873
408471.875;5861775.5;-4121.60791
408532.1875;5861775.5;-4121.276855
408592.5;5861775.5;-4120.955078
408652.7813;5861775.5;-4120.64209
408713.0938;5861775.5;-4120.337402
408773.4063;5861775.5;-4120.043457
408833.6875;5861775.5;-4119.760254
408894;5861775.5;-4119.48877
408954.2813;5861775.5;-4119.225098
409014.5938;5861775.5;-4118.971191
409074.9063;5861775.5;-4118.734375
409135.1875;5861775.5;-4118.501953
409195.5;5861775.5;-4118.278809
409255.8125;5861775.5;-4118.074707
409316.0938;5861775.5;-4117.875488
409376.4063;5861775.5;-4117.682129
401356.4063;5861836.5;-4087.235107
401416.6875;5861836.5;-4087.169434
401477;5861836.5;-4087.11499
401537.3125;5861836.5;-4087.069092
401597.5938;5861836.5;-4087.026855
401657.9063;5861836.5;-4086.987793
401718.2188;5861836.5;-4086.951416
401778.5;5861836.5;-4086.915039
401838.8125;5861836.5;-4086.878662
401899.0938;5861836.5;-4086.842529
401959.4063;5861836.5;-4086.806152
402019.7188;5861836.5;-4086.768799
402080;5861836.5;-4086.729736
402140.3125;5861836.5;-4086.69043
402200.625;5861836.5;-4086.650879
402260.9063;5861836.5;-4086.609619
402321.2188;5861836.5;-4086.570557
402381.5;5861836.5;-4086.534424
402441.8125;5861836.5;-4086.499756
402502.125;5861836.5;-4086.470215
402562.4063;5861836.5;-4086.451172
402622.7188;5861836.5;-4086.44043
402683.0313;5861836.5;-4086.441162
402743.3125;5861836.5;-4086.455811
402803.625;5861836.5;-4086.483887
402863.9063;5861836.5;-4086.526367
402924.2188;5861836.5;-4086.588135
402984.5313;5861836.5;-4086.668213
403044.8125;5861836.5;-4086.770508
403105.125;5861836.5;-4086.891602
403165.4375;5861836.5;-4087.026611
403225.7188;5861836.5;-4087.17627
403286.0313;5861836.5;-4087.341064
403346.3125;5861836.5;-4087.512939
403406.625;5861836.5;-4087.688965
403466.9375;5861836.5;-4087.86499
403527.2188;5861836.5;-4088.034668
403587.5313;5861836.5;-4088.19458
403647.8438;5861836.5;-4088.341553
403708.125;5861836.5;-4089.172119
403768.4375;5861836.5;-4089.299561
403828.7188;5861836.5;-4089.410156
403889.0313;5861836.5;-4089.50708
403949.3438;5861836.5;-4089.594482
404009.625;5861836.5;-4089.679199
404069.9375;5861836.5;-4089.774414
404130.25;5861836.5;-4089.891846
404190.5313;5861836.5;-4090.043457
404250.8438;5861836.5;-4098.030762
404311.125;5861836.5;-4098.348633
404371.4375;5861836.5;-4098.711426
404431.75;5861836.5;-4099.136719
404492.0313;5861836.5;-4099.67334
404552.3438;5861836.5;-4093.605713
404612.625;5861836.5;-4094.447998
404672.9375;5861836.5;-4095.391846
404733.25;5861836.5;-4093.216797
404793.5313;5861836.5;-4094.616699
404853.8438;5861836.5;-4096.052246
404914.1563;5861836.5;-4097.546387
404974.4375;5861836.5;-4099.153809
405034.75;5861836.5;-4100.716309
405095.0313;5861836.5;-4102.218262
405155.3438;5861836.5;-4103.638184
405215.6563;5861836.5;-4104.908203
405275.9375;5861836.5;-4106.038574
405336.25;5861836.5;-4106.942871
405396.5625;5861836.5;-4107.726563
405456.8438;5861836.5;-4108.414551
405517.1563;5861836.5;-4108.95752
405577.4375;5861836.5;-4109.433105
405637.75;5861836.5;-4109.843262
405698.0625;5861836.5;-4110.145996
405758.3438;5861836.5;-4110.421875
405818.6563;5861836.5;-4110.70752
405878.9688;5861836.5;-4111.023438
405939.25;5861836.5;-4111.508789
405999.5625;5861836.5;-4112.19873
406059.8438;5861836.5;-4113.130371
406120.1563;5861836.5;-4114.274414
406180.4688;5861836.5;-4115.748535
406240.75;5861836.5;-4117.883301
406301.0625;5861836.5;-4120.772949
406361.375;5861836.5;-4124.413086
406421.6563;5861836.5;-4128.53418
406481.9688;5861836.5;-4132.581543
406542.25;5861836.5;-4136.498535
406602.5625;5861836.5;-4140.74707
406662.875;5861836.5;-4142.912109
406723.1563;5861836.5;-4141.598145
406783.4688;5861836.5;-4103.855469
406843.7813;5861836.5;-4102.324219
406904.0625;5861836.5;-4101.466309
406964.375;5861836.5;-4101.038574
407024.6563;5861836.5;-4101.044434
407084.9688;5861836.5;-4101.059082
407145.2813;5861836.5;-4101.134766
407205.5625;5861836.5;-4101.369629
407265.875;5861836.5;-4101.645508
407326.1875;5861836.5;-4101.94043
407386.4688;5861836.5;-4126.58252
407446.7813;5861836.5;-4126.029297
407507.0625;5861836.5;-4125.504883
407567.375;5861836.5;-4125.007813
407627.6875;5861836.5;-4124.556152
407687.9688;5861836.5;-4124.138672
407748.2813;5861836.5;-4123.697754
407808.5938;5861836.5;-4123.277344
407868.875;5861836.5;-4122.879883
407929.1875;5861836.5;-4122.470703
407989.4688;5861836.5;-4122.068359
408049.7813;5861836.5;-4121.689941
408110.0938;5861836.5;-4121.317383
408170.375;5861836.5;-4120.955566
408230.6875;5861836.5;-4120.613281
408291;5861836.5;-4120.28125
408351.2813;5861836.5;-4119.954102
408411.5938;5861836.5;-4119.637207
408471.875;5861836.5;-4119.32666
408532.1875;5861836.5;-4119.024902
408592.5;5861836.5;-4118.732422
408652.7813;5861836.5;-4118.446777
408713.0938;5861836.5;-4118.168945
408773.4063;5861836.5;-4117.899902
408833.6875;5861836.5;-4117.640137
408894;5861836.5;-4117.391602
408954.2813;5861836.5;-4117.147949
409014.5938;5861836.5;-4116.912598
409074.9063;5861836.5;-4116.692383
409135.1875;5861836.5;-4116.475586
409195.5;5861836.5;-4116.265137
409255.8125;5861836.5;-4116.071777
409316.0938;5861836.5;-4115.881348
409376.4063;5861836.5;-4115.694336
401356.4063;5861897;-4087.773193
401416.6875;5861897;-4087.69043
401477;5861897;-4087.616943
401537.3125;5861897;-4087.549072
401597.5938;5861897;-4087.481689
401657.9063;5861897;-4087.415039
401718.2188;5861897;-4087.348145
401778.5;5861897;-4087.279785
401838.8125;5861897;-4087.209717
401899.0938;5861897;-4087.136963
401959.4063;5861897;-4087.063721
402019.7188;5861897;-4086.987793
402080;5861897;-4086.908447
402140.3125;5861897;-4086.828369
402200.625;5861897;-4086.747559
402260.9063;5861897;-4086.664795
402321.2188;5861897;-4086.58374
402381.5;5861897;-4086.505859
402441.8125;5861897;-4086.429199
402502.125;5861897;-4086.359131
402562.4063;5861897;-4086.298828
402622.7188;5861897;-4086.246338
402683.0313;5861897;-4086.205566
402743.3125;5861897;-4086.179688
402803.625;5861897;-4086.16626
402863.9063;5861897;-4086.166992
402924.2188;5861897;-4086.1875
402984.5313;5861897;-4086.225342
403044.8125;5861897;-4086.283691
403105.125;5861897;-4086.361328
403165.4375;5861897;-4086.450439
403225.7188;5861897;-4086.552734
403286.0313;5861897;-4086.667969
403346.3125;5861897;-4086.787842
403406.625;5861897;-4086.908936
403466.9375;5861897;-4087.027832
403527.2188;5861897;-4087.138428
403587.5313;5861897;-4087.236328
403647.8438;5861897;-4087.94043
403708.125;5861897;-4088.008545
403768.4375;5861897;-4088.056885
403828.7188;5861897;-4088.088867
403889.0313;5861897;-4088.10791
403949.3438;5861897;-4088.118408
404009.625;5861897;-4088.12915
404069.9375;5861897;-4088.153076
404130.25;5861897;-4088.200195
404190.5313;5861897;-4088.285889
404250.8438;5861897;-4096.101074
404311.125;5861897;-4096.357422
404371.4375;5861897;-4096.661621
404431.75;5861897;-4097.028809
404492.0313;5861897;-4097.499023
404552.3438;5861897;-4091.371582
404612.625;5861897;-4092.107666
404672.9375;5861897;-4092.931885
404733.25;5861897;-4093.781494
404793.5313;5861897;-4092.748779
404853.8438;5861897;-4094.042236
404914.1563;5861897;-4095.379883
404974.4375;5861897;-4096.806152
405034.75;5861897;-4098.184082
405095.0313;5861897;-4099.507813
405155.3438;5861897;-4100.756836
405215.6563;5861897;-4101.885254
405275.9375;5861897;-4102.90332
405336.25;5861897;-4103.738281
405396.5625;5861897;-4104.48584
405456.8438;5861897;-4105.162109
405517.1563;5861897;-4105.73291
405577.4375;5861897;-4106.237793
405637.75;5861897;-4106.663574
405698.0625;5861897;-4106.950195
405758.3438;5861897;-4107.186035
405818.6563;5861897;-4107.399902
405878.9688;5861897;-4107.583008
405939.25;5861897;-4107.880859
405999.5625;5861897;-4108.342773
406059.8438;5861897;-4109.012695
406120.1563;5861897;-4109.919922
406180.4688;5861897;-4111.182617
406240.75;5861897;-4113.062012
406301.0625;5861897;-4115.628418
406361.375;5861897;-4118.896973
406421.6563;5861897;-4122.65332
406481.9688;5861897;-4126.045898
406542.25;5861897;-4128.996582
406602.5625;5861897;-4132.539063
406662.875;5861897;-4135.382324
406723.1563;5861897;-4136.086426
406783.4688;5861897;-4135.372559
406843.7813;5861897;-4100.177734
406904.0625;5861897;-4099.664551
406964.375;5861897;-4099.257324
407024.6563;5861897;-4099.148926
407084.9688;5861897;-4099.010254
407145.2813;5861897;-4098.911133
407205.5625;5861897;-4099.015137
407265.875;5861897;-4125.404297
407326.1875;5861897;-4124.657715
407386.4688;5861897;-4123.92334
407446.7813;5861897;-4123.226074
407507.0625;5861897;-4122.594238
407567.375;5861897;-4122.053223
407627.6875;5861897;-4121.59375
407687.9688;5861897;-4121.192383
407748.2813;5861897;-4120.789063
407808.5938;5861897;-4120.420898
407868.875;5861897;-4120.081543
407929.1875;5861897;-4119.728516
407989.4688;5861897;-4119.382324
408049.7813;5861897;-4119.057129
408110.0938;5861897;-4118.73584
408170.375;5861897;-4118.422363
408230.6875;5861897;-4118.126465
408291;5861897;-4117.838379
408351.2813;5861897;-4117.553711
408411.5938;5861897;-4117.276367
408471.875;5861897;-4117.005371
408532.1875;5861897;-4116.740723
408592.5;5861897;-4116.483398
408652.7813;5861897;-4116.231445
408713.0938;5861897;-4115.986816
408773.4063;5861897;-4115.748535
408833.6875;5861897;-4115.51709
408894;5861897;-4115.294434
408954.2813;5861897;-4115.076172
409014.5938;5861897;-4114.86377
409074.9063;5861897;-4114.663574
409135.1875;5861897;-4114.465332
409195.5;5861897;-4114.269531
409255.8125;5861897;-4114.090332
409316.0938;5861897;-4113.911133
409376.4063;5861897;-4113.733887
401356.4063;5861957.5;-4088.292236
401416.6875;5861957.5;-4088.192627
401477;5861957.5;-4088.099609
401537.3125;5861957.5;-4088.01001
401597.5938;5861957.5;-4087.917725
401657.9063;5861957.5;-4087.822754
401718.2188;5861957.5;-4087.726318
401778.5;5861957.5;-4087.625732
401838.8125;5861957.5;-4087.520996
401899.0938;5861957.5;-4087.412598
401959.4063;5861957.5;-4087.302002
402019.7188;5861957.5;-4087.187012
402080;5861957.5;-4087.067627
402140.3125;5861957.5;-4086.946777
402200.625;5861957.5;-4086.824707
402260.9063;5861957.5;-4086.700195
402321.2188;5861957.5;-4086.576904
402381.5;5861957.5;-4086.457275
402441.8125;5861957.5;-4086.339355
402502.125;5861957.5;-4086.227539
402562.4063;5861957.5;-4086.125977
402622.7188;5861957.5;-4086.033203
402683.0313;5861957.5;-4085.95166
402743.3125;5861957.5;-4085.885498
402803.625;5861957.5;-4085.831787
402863.9063;5861957.5;-4085.792236
402924.2188;5861957.5;-4085.773193
402984.5313;5861957.5;-4085.770508
403044.8125;5861957.5;-4085.786621
403105.125;5861957.5;-4085.822998
403165.4375;5861957.5;-4085.870117
403225.7188;5861957.5;-4085.927246
403286.0313;5861957.5;-4085.99585
403346.3125;5861957.5;-4086.066406
403406.625;5861957.5;-4086.136475
403466.9375;5861957.5;-4086.202148
403527.2188;5861957.5;-4086.256348
403587.5313;5861957.5;-4093.939941
403647.8438;5861957.5;-4094.018555
403708.125;5861957.5;-4086.868652
403768.4375;5861957.5;-4086.837158
403828.7188;5861957.5;-4086.789063
403889.0313;5861957.5;-4086.727539
403949.3438;5861957.5;-4086.655518
404009.625;5861957.5;-4086.584473
404069.9375;5861957.5;-4086.527344
404130.25;5861957.5;-4086.494141
404190.5313;5861957.5;-4086.501465
404250.8438;5861957.5;-4086.58252
404311.125;5861957.5;-4094.302734
404371.4375;5861957.5;-4094.533936
404431.75;5861957.5;-4094.830078
404492.0313;5861957.5;-4088.480469
404552.3438;5861957.5;-4089.05249
404612.625;5861957.5;-4089.68042
404672.9375;5861957.5;-4090.385986
404733.25;5861957.5;-4091.112549
404793.5313;5861957.5;-4091.795654
404853.8438;5861957.5;-4091.992676
404914.1563;5861957.5;-4093.175781
404974.4375;5861957.5;-4094.423584
405034.75;5861957.5;-4095.617676
405095.0313;5861957.5;-4096.762207
405155.3438;5861957.5;-4097.834961
405215.6563;5861957.5;-4098.8125
405275.9375;5861957.5;-4099.708496
405336.25;5861957.5;-4100.461914
405396.5625;5861957.5;-4101.160645
405456.8438;5861957.5;-4101.817383
405517.1563;5861957.5;-4102.412598
405577.4375;5861957.5;-4102.947266
405637.75;5861957.5;-4103.384277
405698.0625;5861957.5;-4103.64209
405758.3438;5861957.5;-4103.81543
405818.6563;5861957.5;-4103.922852
405878.9688;5861957.5;-4103.923828
405939.25;5861957.5;-4103.971191
405999.5625;5861957.5;-4104.13623
406059.8438;5861957.5;-4104.464844
406120.1563;5861957.5;-4105.02832
406180.4688;5861957.5;-4105.933105
406240.75;5861957.5;-4107.366211
406301.0625;5861957.5;-4109.398438
406361.375;5861957.5;-4112.175781
406421.6563;5861957.5;-4115.603516
406481.9688;5861957.5;-4118.568848
406542.25;5861957.5;-4120.958984
406602.5625;5861957.5;-4124.016602
406662.875;5861957.5;-4126.990234
406723.1563;5861957.5;-4129.011719
406783.4688;5861957.5;-4129.836426
406843.7813;5861957.5;-4120.59375
406904.0625;5861957.5;-4096.771484
406964.375;5861957.5;-4096.628906
407024.6563;5861957.5;-4096.641602
407084.9688;5861957.5;-4096.539551
407145.2813;5861957.5;-4096.394043
407205.5625;5861957.5;-4096.445801
407265.875;5861957.5;-4122.873535
407326.1875;5861957.5;-4121.948242
407386.4688;5861957.5;-4121.040527
407446.7813;5861957.5;-4120.200195
407507.0625;5861957.5;-4119.472656
407567.375;5861957.5;-4118.90625
407627.6875;5861957.5;-4118.460938
407687.9688;5861957.5;-4118.097656
407748.2813;5861957.5;-4117.75293
407808.5938;5861957.5;-4117.455566
407868.875;5861957.5;-4117.187012
407929.1875;5861957.5;-4116.902832
407989.4688;5861957.5;-4116.623535
408049.7813;5861957.5;-4116.362305
408110.0938;5861957.5;-4116.100098
408170.375;5861957.5;-4115.842285
408230.6875;5861957.5;-4115.599609
408291;5861957.5;-4115.36084
408351.2813;5861957.5;-4115.123047
408411.5938;5861957.5;-4114.89209
408471.875;5861957.5;-4114.665039
408532.1875;5861957.5;-4114.441406
408592.5;5861957.5;-4114.223145
408652.7813;5861957.5;-4114.008789
408713.0938;5861957.5;-4113.799316
408773.4063;5861957.5;-4113.593262
408833.6875;5861957.5;-4113.39209
408894;5861957.5;-4113.19873
408954.2813;5861957.5;-4113.005371
409014.5938;5861957.5;-4112.816895
409074.9063;5861957.5;-4112.637695
409135.1875;5861957.5;-4112.458984
409195.5;5861957.5;-4112.28125
409255.8125;5861957.5;-4112.115234
409316.0938;5861957.5;-4111.94873
409376.4063;5861957.5;-4111.781738
401356.4063;5862018;-4088.794189
401416.6875;5862018;-4088.677734
401477;5862018;-4088.565674
401537.3125;5862018;-4088.45459
401597.5938;5862018;-4088.336914
401657.9063;5862018;-4088.214844
401718.2188;5862018;-4088.088135
401778.5;5862018;-4087.955078
401838.8125;5862018;-4087.815918
401899.0938;5862018;-4087.671143
401959.4063;5862018;-4087.522705
402019.7188;5862018;-4087.369141
402080;5862018;-4087.208496
402140.3125;5862018;-4087.047119
402200.625;5862018;-4086.882813
402260.9063;5862018;-4086.716064
402321.2188;5862018;-4086.551025
402381.5;5862018;-4086.389648
402441.8125;5862018;-4086.229736
402502.125;5862018;-4086.07666
402562.4063;5862018;-4085.934814
402622.7188;5862018;-4085.801758
402683.0313;5862018;-4085.680908
402743.3125;5862018;-4085.575928
402803.625;5862018;-4085.483643
402863.9063;5862018;-4085.405518
402924.2188;5862018;-4085.349365
402984.5313;5862018;-4085.308594
403044.8125;5862018;-4085.286621
403105.125;5862018;-4085.285645
403165.4375;5862018;-4085.293213
403225.7188;5862018;-4085.309326
403286.0313;5862018;-4085.336182
403346.3125;5862018;-4085.361816
403406.625;5862018;-4085.384033
403466.9375;5862018;-4085.401611
403527.2188;5862018;-4085.40332
403587.5313;5862018;-4093.144287
403647.8438;5862018;-4093.145508
403708.125;5862018;-4093.116699
403768.4375;5862018;-4085.654785
403828.7188;5862018;-4085.525146
403889.0313;5862018;-4085.378662
403949.3438;5862018;-4085.218994
404009.625;5862018;-4085.058838
404069.9375;5862018;-4084.911133
404130.25;5862018;-4084.786621
404190.5313;5862018;-4084.703369
404250.8438;5862018;-4084.696289
404311.125;5862018;-4084.768311
404371.4375;5862018;-4092.349365
404431.75;5862018;-4089.981689
404492.0313;5862018;-4086.186279
404552.3438;5862018;-4086.652832
404612.625;5862018;-4087.171387
404672.9375;5862018;-4087.76123
404733.25;5862018;-4088.367432
404793.5313;5862018;-4088.933594
404853.8438;5862018;-4089.513428
404914.1563;5862018;-4090.91748
404974.4375;5862018;-4091.992432
405034.75;5862018;-4093.007568
405095.0313;5862018;-4093.975098
405155.3438;5862018;-4094.871094
405215.6563;5862018;-4095.693604
405275.9375;5862018;-4096.458984
405336.25;5862018;-4097.122559
405396.5625;5862018;-4097.76416
405456.8438;5862018;-4098.396973
405517.1563;5862018;-4099.01416
405577.4375;5862018;-4099.57666
405637.75;5862018;-4100.019531
405698.0625;5862018;-4100.23877
405758.3438;5862018;-4100.326172
405818.6563;5862018;-4100.294922
405878.9688;5862018;-4100.069824
405939.25;5862018;-4099.819824
405999.5625;5862018;-4099.641113
406059.8438;5862018;-4099.572754
406120.1563;5862018;-4099.705078
406180.4688;5862018;-4100.121094
406240.75;5862018;-4100.93457
406301.0625;5862018;-4102.183105
406361.375;5862018;-4103.932129
406421.6563;5862018;-4106.226074
406481.9688;5862018;-4108.89502
406542.25;5862018;-4111.752441
406602.5625;5862018;-4115.154297
406662.875;5862018;-4118.508789
406723.1563;5862018;-4121.367188
406783.4688;5862018;-4123.32666
406843.7813;5862018;-4124.339844
406904.0625;5862018;-4095.939453
406964.375;5862018;-4093.152344
407024.6563;5862018;-4093.478516
407084.9688;5862018;-4093.586914
407145.2813;5862018;-4093.510254
407205.5625;5862018;-4121.039063
407265.875;5862018;-4120.053223
407326.1875;5862018;-4118.931152
407386.4688;5862018;-4117.842285
407446.7813;5862018;-4116.871094
407507.0625;5862018;-4116.073242
407567.375;5862018;-4115.521973
407627.6875;5862018;-4115.131348
407687.9688;5862018;-4114.842285
407748.2813;5862018;-4114.589355
407808.5938;5862018;-4114.38623
407868.875;5862018;-4114.209473
407929.1875;5862018;-4114.010742
407989.4688;5862018;-4113.810059
408049.7813;5862018;-4113.62207
408110.0938;5862018;-4113.426758
408170.375;5862018;-4113.231934
408230.6875;5862018;-4113.047852
408291;5862018;-4112.86377
408351.2813;5862018;-4112.677734
408411.5938;5862018;-4112.496094
408471.875;5862018;-4112.315918
408532.1875;5862018;-4112.13623
408592.5;5862018;-4111.958496
408652.7813;5862018;-4111.782715
408713.0938;5862018;-4111.610352
408773.4063;5862018;-4111.437988
408833.6875;5862018;-4111.268066
408894;5862018;-4111.103027
408954.2813;5862018;-4110.9375
409014.5938;5862018;-4110.772461
409074.9063;5862018;-4110.614746
409135.1875;5862018;-4110.455566
409195.5;5862018;-4110.294434
409255.8125;5862018;-4110.143066
409316.0938;5862018;-4109.98877
409376.4063;5862018;-4109.830566
401356.4063;5862078.5;-4089.282959
401416.6875;5862078.5;-4089.150391
401477;5862078.5;-4089.018555
401537.3125;5862078.5;-4088.885498
401597.5938;5862078.5;-4088.74292
401657.9063;5862078.5;-4088.592529
401718.2188;5862078.5;-4088.435303
401778.5;5862078.5;-4088.269531
401838.8125;5862078.5;-4088.095215
401899.0938;5862078.5;-4087.913574
401959.4063;5862078.5;-4087.726563
402019.7188;5862078.5;-4087.532471
402080;5862078.5;-4087.330566
402140.3125;5862078.5;-4087.126465
402200.625;5862078.5;-4086.919678
402260.9063;5862078.5;-4086.709473
402321.2188;5862078.5;-4086.501465
402381.5;5862078.5;-4086.297363
402441.8125;5862078.5;-4086.094971
402502.125;5862078.5;-4085.900391
402562.4063;5862078.5;-4085.718018
402622.7188;5862078.5;-4085.544434
402683.0313;5862078.5;-4085.384277
402743.3125;5862078.5;-4085.242188
402803.625;5862078.5;-4085.112549
402863.9063;5862078.5;-4084.997803
402924.2188;5862078.5;-4084.907715
402984.5313;5862078.5;-4084.832275
403044.8125;5862078.5;-4084.775146
403105.125;5862078.5;-4084.740234
403165.4375;5862078.5;-4084.712891
403225.7188;5862078.5;-4084.693115
403286.0313;5862078.5;-4084.682129
403346.3125;5862078.5;-4084.667969
403406.625;5862078.5;-4084.648193
403466.9375;5862078.5;-4084.621094
403527.2188;5862078.5;-4092.365723
403587.5313;5862078.5;-4092.35498
403647.8438;5862078.5;-4092.279541
403708.125;5862078.5;-4092.169434
403768.4375;5862078.5;-4092.027588
403828.7188;5862078.5;-4084.310791
403889.0313;5862078.5;-4084.075684
403949.3438;5862078.5;-4083.821777
404009.625;5862078.5;-4083.563477
404069.9375;5862078.5;-4083.314697
404130.25;5862078.5;-4083.086914
404190.5313;5862078.5;-4082.899902
404250.8438;5862078.5;-4082.790283
404311.125;5862078.5;-4082.761963
404371.4375;5862078.5;-4082.805664
404431.75;5862078.5;-4083.608398
404492.0313;5862078.5;-4083.904053
404552.3438;5862078.5;-4084.264893
404612.625;5862078.5;-4084.67749
404672.9375;5862078.5;-4085.156982
404733.25;5862078.5;-4085.650879
404793.5313;5862078.5;-4086.103271
404853.8438;5862078.5;-4086.563232
404914.1563;5862078.5;-4087.003662
404974.4375;5862078.5;-4089.450195
405034.75;5862078.5;-4090.278809
405095.0313;5862078.5;-4091.060547
405155.3438;5862078.5;-4091.77124
405215.6563;5862078.5;-4092.426025
405275.9375;5862078.5;-4093.045654
405336.25;5862078.5;-4093.593994
405396.5625;5862078.5;-4094.156006
405456.8438;5862078.5;-4094.745605
405517.1563;5862078.5;-4095.341064
405577.4375;5862078.5;-4095.889648
405637.75;5862078.5;-4096.689453
405698.0625;5862078.5;-4096.840332
405758.3438;5862078.5;-4096.805664
405818.6563;5862078.5;-4096.583984
405878.9688;5862078.5;-4096.081543
405939.25;5862078.5;-4095.489502
405999.5625;5862078.5;-4094.931152
406059.8438;5862078.5;-4094.441406
406120.1563;5862078.5;-4094.11499
406180.4688;5862078.5;-4094.004639
406240.75;5862078.5;-4094.161133
406301.0625;5862078.5;-4094.558594
406361.375;5862078.5;-4095.085938
406421.6563;5862078.5;-4095.904297
406481.9688;5862078.5;-4098.097168
406542.25;5862078.5;-4101.70752
406602.5625;5862078.5;-4105.917969
406662.875;5862078.5;-4109.926758
406723.1563;5862078.5;-4113.466309
406783.4688;5862078.5;-4116.244141
406843.7813;5862078.5;-4118.033203
406904.0625;5862078.5;-4119.12793
406964.375;5862078.5;-4088.99707
407024.6563;5862078.5;-4089.82666
407084.9688;5862078.5;-4090.321777
407145.2813;5862078.5;-4090.422363
407205.5625;5862078.5;-4117.929199
407265.875;5862078.5;-4116.773438
407326.1875;5862078.5;-4115.417969
407386.4688;5862078.5;-4114.14209
407446.7813;5862078.5;-4113.064941
407507.0625;5862078.5;-4112.251465
407567.375;5862078.5;-4111.779297
407627.6875;5862078.5;-4111.505859
407687.9688;5862078.5;-4111.345215
407748.2813;5862078.5;-4111.229492
407808.5938;5862078.5;-4111.15625
407868.875;5862078.5;-4111.093262
407929.1875;5862078.5;-4110.999512
407989.4688;5862078.5;-4110.894043
408049.7813;5862078.5;-4110.791504
408110.0938;5862078.5;-4110.674805
408170.375;5862078.5;-4110.552734
408230.6875;5862078.5;-4110.437012
408291;5862078.5;-4110.316895
408351.2813;5862078.5;-4110.189941
408411.5938;5862078.5;-4110.06543
408471.875;5862078.5;-4109.939453
408532.1875;5862078.5;-4109.809082
408592.5;5862078.5;-4109.678223
408652.7813;5862078.5;-4109.547363
408713.0938;5862078.5;-4109.416016
408773.4063;5862078.5;-4109.282715
408833.6875;5862078.5;-4109.147461
408894;5862078.5;-4109.015137
408954.2813;5862078.5;-4108.879883
409014.5938;5862078.5;-4108.741699
409074.9063;5862078.5;-4108.609375
409135.1875;5862078.5;-4108.472656
409195.5;5862078.5;-4108.331543
409255.8125;5862078.5;-4108.196777
409316.0938;5862078.5;-4108.056641
409376.4063;5862078.5;-4107.913086
401356.4063;5862139.5;-4089.764404
401416.6875;5862139.5;-4089.61499
401477;5862139.5;-4089.464111
401537.3125;5862139.5;-4089.308838
401597.5938;5862139.5;-4089.139893
401657.9063;5862139.5;-4088.960693
401718.2188;5862139.5;-4088.772461
401778.5;5862139.5;-4088.573486
401838.8125;5862139.5;-4088.363281
401899.0938;5862139.5;-4088.143555
401959.4063;5862139.5;-4087.916992
402019.7188;5862139.5;-4087.681641
402080;5862139.5;-4087.437012
402140.3125;5862139.5;-4087.189209
402200.625;5862139.5;-4086.938477
402260.9063;5862139.5;-4086.684326
402321.2188;5862139.5;-4086.432129
402381.5;5862139.5;-4086.184814
402441.8125;5862139.5;-4085.938965
402502.125;5862139.5;-4085.702148
402562.4063;5862139.5;-4085.479248
402622.7188;5862139.5;-4085.266602
402683.0313;5862139.5;-4085.068604
402743.3125;5862139.5;-4084.890381
402803.625;5862139.5;-4084.72583
402863.9063;5862139.5;-4084.578125
402924.2188;5862139.5;-4084.456543
402984.5313;5862139.5;-4084.350342
403044.8125;5862139.5;-4084.262939
403105.125;5862139.5;-4084.199219
403165.4375;5862139.5;-4084.142334
403225.7188;5862139.5;-4084.091064
403286.0313;5862139.5;-4084.04834
403346.3125;5862139.5;-4084.000488
403406.625;5862139.5;-4083.943604
403466.9375;5862139.5;-4091.725342
403527.2188;5862139.5;-4091.677002
403587.5313;5862139.5;-4091.602295
403647.8438;5862139.5;-4091.453613
403708.125;5862139.5;-4091.264404
403768.4375;5862139.5;-4091.035889
403828.7188;5862139.5;-4090.738037
403889.0313;5862139.5;-4082.83374
403949.3438;5862139.5;-4082.479736
404009.625;5862139.5;-4082.115234
404069.9375;5862139.5;-4081.755615
404130.25;5862139.5;-4081.41333
404190.5313;5862139.5;-4081.110596
404250.8438;5862139.5;-4080.885986
404311.125;5862139.5;-4080.746094
404371.4375;5862139.5;-4080.679932
404431.75;5862139.5;-4080.701904
404492.0313;5862139.5;-4081.616455
404552.3438;5862139.5;-4081.869385
404612.625;5862139.5;-4082.175781
404672.9375;5862139.5;-4082.549072
404733.25;5862139.5;-4082.934082
404793.5313;5862139.5;-4083.275879
404853.8438;5862139.5;-4083.620605
404914.1563;5862139.5;-4083.940186
404974.4375;5862139.5;-4084.588623
405034.75;5862139.5;-4087.494873
405095.0313;5862139.5;-4088.084717
405155.3438;5862139.5;-4088.601563
405215.6563;5862139.5;-4089.074707
405275.9375;5862139.5;-4089.528564
405336.25;5862139.5;-4089.938232
405396.5625;5862139.5;-4090.396729
405456.8438;5862139.5;-4090.928955
405517.1563;5862139.5;-4091.485352
405577.4375;5862139.5;-4092.012939
405637.75;5862139.5;-4093.343994
405698.0625;5862139.5;-4093.427734
405758.3438;5862139.5;-4093.258301
405818.6563;5862139.5;-4092.818359
405878.9688;5862139.5;-4091.999268
405939.25;5862139.5;-4091.030518
405999.5625;5862139.5;-4090.078857
406059.8438;5862139.5;-4089.184082
406120.1563;5862139.5;-4088.45459
406180.4688;5862139.5;-4087.920654
406240.75;5862139.5;-4087.591309
406301.0625;5862139.5;-4087.470215
406361.375;5862139.5;-4087.621338
406421.6563;5862139.5;-4088.253174
406481.9688;5862139.5;-4090.101074
406542.25;5862139.5;-4093.354004
406602.5625;5862139.5;-4097.524902
406662.875;5862139.5;-4101.760742
406723.1563;5862139.5;-4105.670898
406783.4688;5862139.5;-4108.958984
406843.7813;5862139.5;-4111.320801
406904.0625;5862139.5;-4113.030273
406964.375;5862139.5;-4114.362793
407024.6563;5862139.5;-4085.803467
407084.9688;5862139.5;-4086.727539
407145.2813;5862139.5;-4115.124023
407205.5625;5862139.5;-4114.308105
407265.875;5862139.5;-4112.885254
407326.1875;5862139.5;-4111.258789
407386.4688;5862139.5;-4109.818359
407446.7813;5862139.5;-4108.705566
407507.0625;5862139.5;-4107.972168
407567.375;5862139.5;-4107.67334
407627.6875;5862139.5;-4107.600586
407687.9688;5862139.5;-4107.637695
407748.2813;5862139.5;-4107.716309
407808.5938;5862139.5;-4107.808105
407868.875;5862139.5;-4107.885742
407929.1875;5862139.5;-4107.916992
407989.4688;5862139.5;-4107.920898
408049.7813;5862139.5;-4107.914551
408110.0938;5862139.5;-4107.884766
408170.375;5862139.5;-4107.843262
408230.6875;5862139.5;-4107.802246
408291;5862139.5;-4107.749023
408351.2813;5862139.5;-4107.6875
408411.5938;5862139.5;-4107.624023
408471.875;5862139.5;-4107.555664
408532.1875;5862139.5;-4107.478516
408592.5;5862139.5;-4107.396973
408652.7813;5862139.5;-4107.312988
408713.0938;5862139.5;-4107.225586
408773.4063;5862139.5;-4107.132324
408833.6875;5862139.5;-4107.034668
408894;5862139.5;-4106.937012
408954.2813;5862139.5;-4106.833008
409014.5938;5862139.5;-4106.724121
409074.9063;5862139.5;-4106.619141
409135.1875;5862139.5;-4106.505859
409195.5;5862139.5;-4106.385742
409255.8125;5862139.5;-4106.269043
409316.0938;5862139.5;-4106.145508
409376.4063;5862139.5;-4106.014648
401356.4063;5862200;-4090.242188
401416.6875;5862200;-4090.076172
401477;5862200;-4089.905762
401537.3125;5862200;-4089.728027
401597.5938;5862200;-4089.532471
401657.9063;5862200;-4089.324219
401718.2188;5862200;-4089.104492
401778.5;5862200;-4088.871582
401838.8125;5862200;-4088.624512
401899.0938;5862200;-4088.366211
401959.4063;5862200;-4088.099121
402019.7188;5862200;-4087.821289
402080;5862200;-4087.532471
402140.3125;5862200;-4087.23999
402200.625;5862200;-4086.944336
402260.9063;5862200;-4086.644287
402321.2188;5862200;-4086.346924
402381.5;5862200;-4086.055176
402441.8125;5862200;-4085.766113
402502.125;5862200;-4085.486816
402562.4063;5862200;-4085.223877
402622.7188;5862200;-4084.9729
402683.0313;5862200;-4084.738525
402743.3125;5862200;-4084.526855
402803.625;5862200;-4084.330566
402863.9063;5862200;-4084.152832
402924.2188;5862200;-4084.004395
402984.5313;5862200;-4083.872314
403044.8125;5862200;-4083.759277
403105.125;5862200;-4083.671631
403165.4375;5862200;-4083.59082
403225.7188;5862200;-4083.513916
403286.0313;5862200;-4083.445557
403346.3125;5862200;-4083.368896
403406.625;5862200;-4083.28125
403466.9375;5862200;-4091.144775
403527.2188;5862200;-4091.042725
403587.5313;5862200;-4090.90918
403647.8438;5862200;-4090.693115
403708.125;5862200;-4090.428467
403768.4375;5862200;-4090.116699
403828.7188;5862200;-4089.721924
403889.0313;5862200;-4089.276855
403949.3438;5862200;-4081.205566
404009.625;5862200;-4080.727539
404069.9375;5862200;-4080.248779
404130.25;5862200;-4079.782227
404190.5313;5862200;-4079.352539
404250.8438;5862200;-4079.001709
404311.125;5862200;-4078.738037
404371.4375;5862200;-4078.552002
404431.75;5862200;-4078.459473
404492.0313;5862200;-4078.477539
404552.3438;5862200;-4079.448975
404612.625;5862200;-4079.648438
404672.9375;5862200;-4079.915771
404733.25;5862200;-4080.194092
404793.5313;5862200;-4080.428955
404853.8438;5862200;-4080.662109
404914.1563;5862200;-4081.316406
404974.4375;5862200;-4081.568604
405034.75;5862200;-4081.773926
405095.0313;5862200;-4085.103516
405155.3438;5862200;-4085.41748
405215.6563;5862200;-4085.691406
405275.9375;5862200;-4085.958008
405336.25;5862200;-4086.203369
405396.5625;5862200;-4086.533691
405456.8438;5862200;-4086.994873
405517.1563;5862200;-4087.516113
405577.4375;5862200;-4088.045166
405637.75;5862200;-4089.945557
405698.0625;5862200;-4089.998047
405758.3438;5862200;-4089.714355
405818.6563;5862200;-4089.05249
405878.9688;5862200;-4087.886475
405939.25;5862200;-4086.508789
405999.5625;5862200;-4085.152588
406059.8438;5862200;-4083.878662
406120.1563;5862200;-4082.830811
406180.4688;5862200;-4082.020264
406240.75;5862200;-4081.406494
406301.0625;5862200;-4080.997803
406361.375;5862200;-4080.994873
406421.6563;5862200;-4081.708252
406481.9688;5862200;-4083.400391
406542.25;5862200;-4086.231201
406602.5625;5862200;-4090.10791
406662.875;5862200;-4094.19458
406723.1563;5862200;-4098.084961
406783.4688;5862200;-4101.555176
406843.7813;5862200;-4104.337402
406904.0625;5862200;-4106.596191
406964.375;5862200;-4108.54248
407024.6563;5862200;-4109.589844
407084.9688;5862200;-4110.865234
407145.2813;5862200;-4111.07666
407205.5625;5862200;-4110.062988
407265.875;5862200;-4108.237305
407326.1875;5862200;-4106.33252
407386.4688;5862200;-4104.816406
407446.7813;5862200;-4103.797852
407507.0625;5862200;-4103.277344
407567.375;5862200;-4103.265137
407627.6875;5862200;-4103.479492
407687.9688;5862200;-4103.782715
407748.2813;5862200;-4104.10498
407808.5938;5862200;-4104.395996
407868.875;5862200;-4104.634277
407929.1875;5862200;-4104.804199
407989.4688;5862200;-4104.929199
408049.7813;5862200;-4105.025879
408110.0938;5862200;-4105.088867
408170.375;5862200;-4105.132324
408230.6875;5862200;-4105.16748
408291;5862200;-4105.186523
408351.2813;5862200;-4105.19043
408411.5938;5862200;-4105.19043
408471.875;5862200;-4105.180664
408532.1875;5862200;-4105.157227
408592.5;5862200;-4105.126465
408652.7813;5862200;-4105.089355
408713.0938;5862200;-4105.046875
408773.4063;5862200;-4104.993652
408833.6875;5862200;-4104.933105
408894;5862200;-4104.870117
408954.2813;5862200;-4104.79834
409014.5938;5862200;-4104.717773
409074.9063;5862200;-4104.637207
409135.1875;5862200;-4104.54834
409195.5;5862200;-4104.449707
409255.8125;5862200;-4104.351563
409316.0938;5862200;-4104.243164
409376.4063;5862200;-4104.125977
401356.4063;5862260.5;-4090.7229
401416.6875;5862260.5;-4090.539307
401477;5862260.5;-4090.348389
401537.3125;5862260.5;-4090.147217
401597.5938;5862260.5;-4089.925293
401657.9063;5862260.5;-4089.687012
401718.2188;5862260.5;-4089.435059
401778.5;5862260.5;-4089.166504
401838.8125;5862260.5;-4088.881592
401899.0938;5862260.5;-4088.583008
401959.4063;5862260.5;-4088.27417
402019.7188;5862260.5;-4087.952148
402080;5862260.5;-4087.617432
402140.3125;5862260.5;-4087.27832
402200.625;5862260.5;-4086.935791
402260.9063;5862260.5;-4086.588623
402321.2188;5862260.5;-4086.244873
402381.5;5862260.5;-4085.907715
402441.8125;5862260.5;-4085.574463
402502.125;5862260.5;-4085.25293
402562.4063;5862260.5;-4084.950195
402622.7188;5862260.5;-4084.662109
402683.0313;5862260.5;-4084.393555
402743.3125;5862260.5;-4084.150879
402803.625;5862260.5;-4083.926025
402863.9063;5862260.5;-4083.7229
402924.2188;5862260.5;-4083.551025
402984.5313;5862260.5;-4083.397461
403044.8125;5862260.5;-4083.264893
403105.125;5862260.5;-4083.15918
403165.4375;5862260.5;-4083.05957
403225.7188;5862260.5;-4082.963867
403286.0313;5862260.5;-4082.874756
403346.3125;5862260.5;-4082.776123
403406.625;5862260.5;-4090.702148
403466.9375;5862260.5;-4090.58667
403527.2188;5862260.5;-4090.437256
403587.5313;5862260.5;-4090.251953
403647.8438;5862260.5;-4089.973633
403708.125;5862260.5;-4089.638672
403768.4375;5862260.5;-4089.246582
403828.7188;5862260.5;-4088.755615
403889.0313;5862260.5;-4088.200928
403949.3438;5862260.5;-4087.5896
404009.625;5862260.5;-4079.431885
404069.9375;5862260.5;-4078.824463
404130.25;5862260.5;-4078.22168
404190.5313;5862260.5;-4077.651123
404250.8438;5862260.5;-4077.15918
404311.125;5862260.5;-4076.757813
404371.4375;5862260.5;-4076.439941
404431.75;5862260.5;-4076.223145
404492.0313;5862260.5;-4076.125732
404552.3438;5862260.5;-4076.099121
404612.625;5862260.5;-4077.203125
404672.9375;5862260.5;-4077.374268
404733.25;5862260.5;-4077.556641
404793.5313;5862260.5;-4077.693115
404853.8438;5862260.5;-4077.823242
404914.1563;5862260.5;-4078.509766
404974.4375;5862260.5;-4078.681152
405034.75;5862260.5;-4078.796875
405095.0313;5862260.5;-4078.859863
405155.3438;5862260.5;-4082.115723
405215.6563;5862260.5;-4082.172852
405275.9375;5862260.5;-4082.227051
405336.25;5862260.5;-4082.280273
405396.5625;5862260.5;-4082.45459
405456.8438;5862260.5;-4082.828369
405517.1563;5862260.5;-4083.32959
405577.4375;5862260.5;-4083.907227
405637.75;5862260.5;-4086.456543
405698.0625;5862260.5;-4086.554932
405758.3438;5862260.5;-4086.214844
405818.6563;5862260.5;-4085.354736
405878.9688;5862260.5;-4083.818115
405939.25;5862260.5;-4081.993408
405999.5625;5862260.5;-4080.216309
406059.8438;5862260.5;-4078.589355
406120.1563;5862260.5;-4077.325439
406180.4688;5862260.5;-4076.410645
406240.75;5862260.5;-4075.730225
406301.0625;5862260.5;-4075.278076
406361.375;5862260.5;-4075.319092
406421.6563;5862260.5;-4076.140625
406481.9688;5862260.5;-4077.776611
406542.25;5862260.5;-4080.296875
406602.5625;5862260.5;-4083.707764
406662.875;5862260.5;-4087.379639
406723.1563;5862260.5;-4090.980469
406783.4688;5862260.5;-4094.3479
406843.7813;5862260.5;-4097.312988
406904.0625;5862260.5;-4099.945313
406964.375;5862260.5;-4102.346191
407024.6563;5862260.5;-4104.271973
407084.9688;5862260.5;-4105.918457
407145.2813;5862260.5;-4106.332031
407205.5625;5862260.5;-4105.008789
407265.875;5862260.5;-4102.51123
407326.1875;5862260.5;-4100.350098
407386.4688;5862260.5;-4098.95459
407446.7813;5862260.5;-4098.23877
407507.0625;5862260.5;-4098.120117
407567.375;5862260.5;-4098.526855
407627.6875;5862260.5;-4099.125488
407687.9688;5862260.5;-4099.76709
407748.2813;5862260.5;-4100.380859
407808.5938;5862260.5;-4100.900391
407868.875;5862260.5;-4101.320801
407929.1875;5862260.5;-4101.643555
407989.4688;5862260.5;-4101.899414
408049.7813;5862260.5;-4102.106934
408110.0938;5862260.5;-4102.268555
408170.375;5862260.5;-4102.402832
408230.6875;5862260.5;-4102.520508
408291;5862260.5;-4102.613281
408351.2813;5862260.5;-4102.687988
408411.5938;5862260.5;-4102.754395
408471.875;5862260.5;-4102.806641
408532.1875;5862260.5;-4102.839844
408592.5;5862260.5;-4102.861328
408652.7813;5862260.5;-4102.873535
408713.0938;5862260.5;-4102.876465
408773.4063;5862260.5;-4102.865723
408833.6875;5862260.5;-4102.844238
408894;5862260.5;-4102.816895
408954.2813;5862260.5;-4102.777832
409014.5938;5862260.5;-4102.728516
409074.9063;5862260.5;-4102.675781
409135.1875;5862260.5;-4102.611328
409195.5;5862260.5;-4102.536133
409255.8125;5862260.5;-4102.456055
409316.0938;5862260.5;-4102.365234
409376.4063;5862260.5;-4102.264648
401356.4063;5862321;-4091.210449
401416.6875;5862321;-4091.008057
401477;5862321;-4090.795898
401537.3125;5862321;-4090.571045
401597.5938;5862321;-4090.320801
401657.9063;5862321;-4090.051758
401718.2188;5862321;-4089.765625
401778.5;5862321;-4089.460938
401838.8125;5862321;-4089.136475
401899.0938;5862321;-4088.795654
401959.4063;5862321;-4088.442627
402019.7188;5862321;-4088.074463
402080;5862321;-4087.691162
402140.3125;5862321;-4087.303223
402200.625;5862321;-4086.911133
402260.9063;5862321;-4086.514404
402321.2188;5862321;-4086.122559
402381.5;5862321;-4085.738281
402441.8125;5862321;-4085.359863
402502.125;5862321;-4084.996094
402562.4063;5862321;-4084.653809
402622.7188;5862321;-4084.329834
402683.0313;5862321;-4084.029541
402743.3125;5862321;-4083.759521
402803.625;5862321;-4083.51123
402863.9063;5862321;-4083.287354
402924.2188;5862321;-4083.098633
402984.5313;5862321;-4082.93042
403044.8125;5862321;-4082.785156
403105.125;5862321;-4082.669189
403165.4375;5862321;-4082.55957
403225.7188;5862321;-4082.452637
403286.0313;5862321;-4082.352295
403346.3125;5862321;-4090.312256
403406.625;5862321;-4090.234131
403466.9375;5862321;-4090.085938
403527.2188;5862321;-4089.899658
403587.5313;5862321;-4089.674805
403647.8438;5862321;-4089.345703
403708.125;5862321;-4088.951172
403768.4375;5862321;-4088.487305
403828.7188;5862321;-4087.905762
403889.0313;5862321;-4087.243652
403949.3438;5862321;-4086.503906
404009.625;5862321;-4085.645996
404069.9375;5862321;-4077.53125
404130.25;5862321;-4076.776123
404190.5313;5862321;-4076.044922
404250.8438;5862321;-4075.390869
404311.125;5862321;-4074.831787
404371.4375;5862321;-4074.363281
404431.75;5862321;-4074.007568
404492.0313;5862321;-4073.786133
404552.3438;5862321;-4073.643555
404612.625;5862321;-4074.825195
404672.9375;5862321;-4074.908447
404733.25;5862321;-4075.005371
404793.5313;5862321;-4075.05249
404853.8438;5862321;-4075.088379
404914.1563;5862321;-4075.807861
404974.4375;5862321;-4075.908936
405034.75;5862321;-4075.941162
405095.0313;5862321;-4075.90332
405155.3438;5862321;-4078.742676
405215.6563;5862321;-4078.561279
405275.9375;5862321;-4078.373047
405336.25;5862321;-4078.197266
405396.5625;5862321;-4078.172607
405456.8438;5862321;-4078.425293
405517.1563;5862321;-4078.913818
405577.4375;5862321;-4079.601074
405637.75;5862321;-4082.928711
405698.0625;5862321;-4083.198242
405758.3438;5862321;-4082.894531
405818.6563;5862321;-4081.871338
405878.9688;5862321;-4079.92334
405939.25;5862321;-4077.571289
405999.5625;5862321;-4075.312988
406059.8438;5862321;-4073.33667
406120.1563;5862321;-4071.980469
406180.4688;5862321;-4071.186279
406240.75;5862321;-4070.721436
406301.0625;5862321;-4070.515869
406361.375;5862321;-4070.763428
406421.6563;5862321;-4071.676025
406481.9688;5862321;-4073.207764
406542.25;5862321;-4075.361328
406602.5625;5862321;-4078.168945
406662.875;5862321;-4081.237793
406723.1563;5862321;-4084.331055
406783.4688;5862321;-4087.359863
406843.7813;5862321;-4090.269043
406904.0625;5862321;-4093.009033
406964.375;5862321;-4095.491943
407024.6563;5862321;-4098.060059
407084.9688;5862321;-4100.049316
407145.2813;5862321;-4100.817871
407205.5625;5862321;-4099.194336
407265.875;5862321;-4095.833008
407326.1875;5862321;-4093.456299
407386.4688;5862321;-4092.46167
407446.7813;5862321;-4092.276855
407507.0625;5862321;-4092.721924
407567.375;5862321;-4093.650879
407627.6875;5862321;-4094.696533
407687.9688;5862321;-4095.714844
407748.2813;5862321;-4096.640625
407808.5938;5862321;-4097.398438
407868.875;5862321;-4098.005371
407929.1875;5862321;-4098.484375
407989.4688;5862321;-4098.872559
408049.7813;5862321;-4099.193359
408110.0938;5862321;-4099.457031
408170.375;5862321;-4099.684082
408230.6875;5862321;-4099.885742
408291;5862321;-4100.055664
408351.2813;5862321;-4100.202148
408411.5938;5862321;-4100.335938
408471.875;5862321;-4100.450684
408532.1875;5862321;-4100.541504
408592.5;5862321;-4100.616211
408652.7813;5862321;-4100.679199
408713.0938;5862321;-4100.728516
408773.4063;5862321;-4100.760742
408833.6875;5862321;-4100.77832
408894;5862321;-4100.787109
408954.2813;5862321;-4100.782227
409014.5938;5862321;-4100.763672
409074.9063;5862321;-4100.73877
409135.1875;5862321;-4100.699707
409195.5;5862321;-4100.647461
409255.8125;5862321;-4100.587891
409316.0938;5862321;-4100.515625
409376.4063;5862321;-4100.431152
401356.4063;5862381.5;-4091.70874
401416.6875;5862381.5;-4091.486572
401477;5862381.5;-4091.252441
401537.3125;5862381.5;-4091.002197
401597.5938;5862381.5;-4090.723389
401657.9063;5862381.5;-4090.422607
401718.2188;5862381.5;-4090.101563
401778.5;5862381.5;-4089.759277
401838.8125;5862381.5;-4089.393311
401899.0938;5862381.5;-4089.009033
401959.4063;5862381.5;-4088.609619
402019.7188;5862381.5;-4088.192871
402080;5862381.5;-4087.758057
402140.3125;5862381.5;-4087.318604
402200.625;5862381.5;-4086.874023
402260.9063;5862381.5;-4086.425293
402321.2188;5862381.5;-4085.982178
402381.5;5862381.5;-4085.550049
402441.8125;5862381.5;-4085.124756
402502.125;5862381.5;-4084.717285
402562.4063;5862381.5;-4084.337158
402622.7188;5862381.5;-4083.979248
402683.0313;5862381.5;-4083.649658
402743.3125;5862381.5;-4083.355225
402803.625;5862381.5;-4083.087646
402863.9063;5862381.5;-4082.848389
402924.2188;5862381.5;-4082.648926
402984.5313;5862381.5;-4082.473145
403044.8125;5862381.5;-4082.322266
403105.125;5862381.5;-4082.202881
403165.4375;5862381.5;-4082.090332
403225.7188;5862381.5;-4081.979736
403286.0313;5862381.5;-4084.683838
403346.3125;5862381.5;-4089.928223
403406.625;5862381.5;-4089.832764
403466.9375;5862381.5;-4089.663818
403527.2188;5862381.5;-4089.455811
403587.5313;5862381.5;-4089.205566
403647.8438;5862381.5;-4088.841309
403708.125;5862381.5;-4088.40332
403768.4375;5862381.5;-4087.882324
403828.7188;5862381.5;-4087.222168
403889.0313;5862381.5;-4086.460205
403949.3438;5862381.5;-4085.593262
404009.625;5862381.5;-4084.572021
404069.9375;5862381.5;-4083.475342
404130.25;5862381.5;-4075.467529
404190.5313;5862381.5;-4074.555176
404250.8438;5862381.5;-4073.716064
404311.125;5862381.5;-4072.976318
404371.4375;5862381.5;-4072.336914
404431.75;5862381.5;-4071.825439
404492.0313;5862381.5;-4071.469238
404552.3438;5862381.5;-4071.206543
404612.625;5862381.5;-4071.008545
404672.9375;5862381.5;-4072.464111
404733.25;5862381.5;-4072.482178
404793.5313;5862381.5;-4072.446533
404853.8438;5862381.5;-4072.394775
404914.1563;5862381.5;-4073.15918
404974.4375;5862381.5;-4073.190674
405034.75;5862381.5;-4073.138184
405095.0313;5862381.5;-4072.994141
405155.3438;5862381.5;-4072.724365
405215.6563;5862381.5;-4074.98291
405275.9375;5862381.5;-4074.540039
405336.25;5862381.5;-4074.114014
405396.5625;5862381.5;-4073.852783
405456.8438;5862381.5;-4073.942383
405517.1563;5862381.5;-4074.403076
405577.4375;5862381.5;-4075.263672
405637.75;5862381.5;-4079.527588
405698.0625;5862381.5;-4080.099854
405758.3438;5862381.5;-4079.92627
405818.6563;5862381.5;-4078.757813
405878.9688;5862381.5;-4076.311523
405939.25;5862381.5;-4073.273926
405999.5625;5862381.5;-4070.381836
406059.8438;5862381.5;-4067.989014
406120.1563;5862381.5;-4066.61084
406180.4688;5862381.5;-4066.137451
406240.75;5862381.5;-4066.143311
406301.0625;5862381.5;-4066.403809
406361.375;5862381.5;-4066.934082
406421.6563;5862381.5;-4067.866699
406481.9688;5862381.5;-4069.195068
406542.25;5862381.5;-4070.889404
406602.5625;5862381.5;-4073.003906
406662.875;5862381.5;-4075.348877
406723.1563;5862381.5;-4077.788086
406783.4688;5862381.5;-4080.342529
406843.7813;5862381.5;-4083.085449
406904.0625;5862381.5;-4085.755859
406964.375;5862381.5;-4088.535156
407024.6563;5862381.5;-4091.076904
407084.9688;5862381.5;-4093.058838
407145.2813;5862381.5;-4093.821289
407205.5625;5862381.5;-4092.176025
407265.875;5862381.5;-4088.759277
407326.1875;5862381.5;-4086.699463
407386.4688;5862381.5;-4086.356445
407446.7813;5862381.5;-4086.758301
407507.0625;5862381.5;-4087.713623
407567.375;5862381.5;-4089.09082
407627.6875;5862381.5;-4090.51709
407687.9688;5862381.5;-4091.855469
407748.2813;5862381.5;-4093.04541
407808.5938;5862381.5;-4094.006592
407868.875;5862381.5;-4094.7771
407929.1875;5862381.5;-4095.395264
407989.4688;5862381.5;-4095.905273
408049.7813;5862381.5;-4096.33252
408110.0938;5862381.5;-4096.693359
408170.375;5862381.5;-4097.010254
408230.6875;5862381.5;-4097.294434
408291;5862381.5;-4097.538574
408351.2813;5862381.5;-4097.755371
408411.5938;5862381.5;-4097.955078
408471.875;5862381.5;-4098.131348
408532.1875;5862381.5;-4098.277832
408592.5;5862381.5;-4098.404785
408652.7813;5862381.5;-4098.516113
408713.0938;5862381.5;-4098.611328
408773.4063;5862381.5;-4098.68457
408833.6875;5862381.5;-4098.740234
408894;5862381.5;-4098.78418
408954.2813;5862381.5;-4098.8125
409014.5938;5862381.5;-4098.823242
409074.9063;5862381.5;-4098.825195
409135.1875;5862381.5;-4098.811523
409195.5;5862381.5;-4098.781738
409255.8125;5862381.5;-4098.742188
409316.0938;5862381.5;-4098.6875
409376.4063;5862381.5;-4098.618164
401356.4063;5862442.5;-4092.221436
401416.6875;5862442.5;-4091.978516
401477;5862442.5;-4091.720947
401537.3125;5862442.5;-4091.44458
401597.5938;5862442.5;-4091.135986
401657.9063;5862442.5;-4090.802734
401718.2188;5862442.5;-4090.446045
401778.5;5862442.5;-4090.064453
401838.8125;5862442.5;-4089.655762
401899.0938;5862442.5;-4089.225342
401959.4063;5862442.5;-4088.777588
402019.7188;5862442.5;-4088.309814
402080;5862442.5;-4087.821533
402140.3125;5862442.5;-4087.327148
402200.625;5862442.5;-4086.828369
402260.9063;5862442.5;-4086.324463
402321.2188;5862442.5;-4085.828857
402381.5;5862442.5;-4085.346436
402441.8125;5862442.5;-4084.874023
402502.125;5862442.5;-4084.422607
402562.4063;5862442.5;-4084.004395
402622.7188;5862442.5;-4083.614014
402683.0313;5862442.5;-4083.257568
402743.3125;5862442.5;-4082.943115
402803.625;5862442.5;-4082.660156
402863.9063;5862442.5;-4082.409668
402924.2188;5862442.5;-4082.203857
402984.5313;5862442.5;-4082.025146
403044.8125;5862442.5;-4081.873291
403105.125;5862442.5;-4081.755615
403165.4375;5862442.5;-4081.644775
403225.7188;5862442.5;-4081.535889
403286.0313;5862442.5;-4089.641846
403346.3125;5862442.5;-4089.552979
403406.625;5862442.5;-4089.449707
403466.9375;5862442.5;-4089.269531
403527.2188;5862442.5;-4089.05127
403587.5313;5862442.5;-4088.788818
403647.8438;5862442.5;-4088.405029
403708.125;5862442.5;-4087.938477
403768.4375;5862442.5;-4087.374756
403828.7188;5862442.5;-4086.647949
403889.0313;5862442.5;-4085.794434
403949.3438;5862442.5;-4084.802734
404009.625;5862442.5;-4083.612305
404069.9375;5862442.5;-4082.316895
404130.25;5862442.5;-4080.976318
404190.5313;5862442.5;-4079.564697
404250.8438;5862442.5;-4072.138672
404311.125;5862442.5;-4071.197266
404371.4375;5862442.5;-4070.365967
404431.75;5862442.5;-4069.682129
404492.0313;5862442.5;-4069.178955
404552.3438;5862442.5;-4068.78833
404612.625;5862442.5;-4068.477295
404672.9375;5862442.5;-4068.274658
404733.25;5862442.5;-4070.089355
404793.5313;5862442.5;-4069.978516
404853.8438;5862442.5;-4069.844727
404914.1563;5862442.5;-4070.611328
404974.4375;5862442.5;-4070.599854
405034.75;5862442.5;-4070.488037
405095.0313;5862442.5;-4070.261475
405155.3438;5862442.5;-4069.845459
405215.6563;5862442.5;-4069.345459
405275.9375;5862442.5;-4070.717529
405336.25;5862442.5;-4070.062256
405396.5625;5862442.5;-4069.568115
405456.8438;5862442.5;-4069.476807
405517.1563;5862442.5;-4069.835938
405577.4375;5862442.5;-4070.910645
405637.75;5862442.5;-4076.299316
405698.0625;5862442.5;-4077.252197
405758.3438;5862442.5;-4077.23877
405818.6563;5862442.5;-4075.897705
405878.9688;5862442.5;-4072.826904
405939.25;5862442.5;-4068.895752
405999.5625;5862442.5;-4065.178711
406059.8438;5862442.5;-4062.23999
406120.1563;5862442.5;-4060.802002
406180.4688;5862442.5;-4060.818115
406240.75;5862442.5;-4061.578857
406301.0625;5862442.5;-4062.467529
406361.375;5862442.5;-4063.352783
406421.6563;5862442.5;-4064.33252
406481.9688;5862442.5;-4065.44458
406542.25;5862442.5;-4066.64502
406602.5625;5862442.5;-4068.019287
406662.875;5862442.5;-4069.55835
406723.1563;5862442.5;-4071.252441
406783.4688;5862442.5;-4073.281982
406843.7813;5862442.5;-4075.90918
406904.0625;5862442.5;-4078.704834
406964.375;5862442.5;-4081.331299
407024.6563;5862442.5;-4083.689941
407084.9688;5862442.5;-4085.397217
407145.2813;5862442.5;-4085.883545
407205.5625;5862442.5;-4084.690918
407265.875;5862442.5;-4082.34375
407326.1875;5862442.5;-4081.05127
407386.4688;5862442.5;-4081.165039
407446.7813;5862442.5;-4081.939209
407507.0625;5862442.5;-4083.245361
407567.375;5862442.5;-4084.935303
407627.6875;5862442.5;-4086.633545
407687.9688;5862442.5;-4088.206299
407748.2813;5862442.5;-4089.594482
407808.5938;5862442.5;-4090.716309
407868.875;5862442.5;-4091.620605
407929.1875;5862442.5;-4092.360107
407989.4688;5862442.5;-4092.979492
408049.7813;5862442.5;-4093.50708
408110.0938;5862442.5;-4093.961182
408170.375;5862442.5;-4094.364258
408230.6875;5862442.5;-4094.729248
408291;5862442.5;-4095.047119
408351.2813;5862442.5;-4095.332764
408411.5938;5862442.5;-4095.597656
408471.875;5862442.5;-4095.835205
408532.1875;5862442.5;-4096.037109
408592.5;5862442.5;-4096.21582
408652.7813;5862442.5;-4096.375488
408713.0938;5862442.5;-4096.515625
408773.4063;5862442.5;-4096.630371
408833.6875;5862442.5;-4096.724121
408894;5862442.5;-4096.802734
408954.2813;5862442.5;-4096.864258
409014.5938;5862442.5;-4096.904785
409074.9063;5862442.5;-4096.933594
409135.1875;5862442.5;-4096.945313
409195.5;5862442.5;-4096.938477
409255.8125;5862442.5;-4096.918457
409316.0938;5862442.5;-4096.881836
409376.4063;5862442.5;-4096.830078
401356.4063;5862503;-4092.751709
401416.6875;5862503;-4092.486572
401477;5862503;-4092.203857
401537.3125;5862503;-4091.901123
401597.5938;5862503;-4091.5625
401657.9063;5862503;-4091.195313
401718.2188;5862503;-4090.802002
401778.5;5862503;-4090.380127
401838.8125;5862503;-4089.926758
401899.0938;5862503;-4089.448975
401959.4063;5862503;-4088.950195
402019.7188;5862503;-4088.428223
402080;5862503;-4087.883789
402140.3125;5862503;-4087.332031
402200.625;5862503;-4086.775635
402260.9063;5862503;-4086.213867
402321.2188;5862503;-4085.662842
402381.5;5862503;-4085.128418
402441.8125;5862503;-4084.607178
402502.125;5862503;-4084.111572
402562.4063;5862503;-4083.655762
402622.7188;5862503;-4083.234375
402683.0313;5862503;-4082.853516
402743.3125;5862503;-4082.520996
402803.625;5862503;-4082.226318
402863.9063;5862503;-4081.968994
402924.2188;5862503;-4081.76123
402984.5313;5862503;-4081.583252
403044.8125;5862503;-4081.435547
403105.125;5862503;-4081.32373
403165.4375;5862503;-4081.21875
403225.7188;5862503;-4089.354004
403286.0313;5862503;-4089.273438
403346.3125;5862503;-4089.18335
403406.625;5862503;-4089.080322
403466.9375;5862503;-4088.899414
403527.2188;5862503;-4088.683838
403587.5313;5862503;-4088.426758
403647.8438;5862503;-4088.040283
403708.125;5862503;-4087.565186
403768.4375;5862503;-4086.977295
403828.7188;5862503;-4086.199951
403889.0313;5862503;-4085.26709
403949.3438;5862503;-4084.154785
404009.625;5862503;-4082.789551
404069.9375;5862503;-4081.282471
404130.25;5862503;-4079.702637
404190.5313;5862503;-4078.02124
404250.8438;5862503;-4076.352051
404311.125;5862503;-4069.500244
404371.4375;5862503;-4068.453369
404431.75;5862503;-4067.577148
404492.0313;5862503;-4066.914795
404552.3438;5862503;-4066.389893
404612.625;5862503;-4065.962891
404672.9375;5862503;-4065.664551
404733.25;5862503;-4065.380371
404793.5313;5862503;-4067.652344
404853.8438;5862503;-4067.444824
404914.1563;5862503;-4068.174561
404974.4375;5862503;-4068.14624
405034.75;5862503;-4068.002197
405095.0313;5862503;-4067.719482
405155.3438;5862503;-4067.17334
405215.6563;5862503;-4066.547607
405275.9375;5862503;-4065.911377
405336.25;5862503;-4066.171631
405396.5625;5862503;-4065.531006
405456.8438;5862503;-4065.392578
405517.1563;5862503;-4065.556641
405577.4375;5862503;-4066.685303
405637.75;5862503;-4073.23999
405698.0625;5862503;-4074.563232
405758.3438;5862503;-4074.648193
405818.6563;5862503;-4073.073486
405878.9688;5862503;-4069.205566
405939.25;5862503;-4064.120361
405999.5625;5862503;-4059.385498
406059.8438;5862503;-4055.758057
406120.1563;5862503;-4054.238525
406180.4688;5862503;-4054.93457
406240.75;5862503;-4056.792969
406301.0625;5862503;-4058.548828
406361.375;5862503;-4059.903076
406421.6563;5862503;-4060.985596
406481.9688;5862503;-4061.892822
406542.25;5862503;-4062.58252
406602.5625;5862503;-4063.178711
406662.875;5862503;-4063.839355
406723.1563;5862503;-4064.720215
406783.4688;5862503;-4066.084961
406843.7813;5862503;-4068.915527
406904.0625;5862503;-4071.659912
406964.375;5862503;-4074.151367
407024.6563;5862503;-4076.341064
407084.9688;5862503;-4077.953857
407145.2813;5862503;-4078.564453
407205.5625;5862503;-4078.165039
407265.875;5862503;-4077.133057
407326.1875;5862503;-4076.599121
407386.4688;5862503;-4076.928955
407446.7813;5862503;-4077.888916
407507.0625;5862503;-4079.395752
407567.375;5862503;-4081.252686
407627.6875;5862503;-4083.0979
407687.9688;5862503;-4084.805908
407748.2813;5862503;-4086.314453
407808.5938;5862503;-4087.545898
407868.875;5862503;-4088.554199
407929.1875;5862503;-4089.391602
407989.4688;5862503;-4090.106934
408049.7813;5862503;-4090.726318
408110.0938;5862503;-4091.268066
408170.375;5862503;-4091.753906
408230.6875;5862503;-4092.196045
408291;5862503;-4092.586426
408351.2813;5862503;-4092.939697
408411.5938;5862503;-4093.269043
408471.875;5862503;-4093.56665
408532.1875;5862503;-4093.822754
408592.5;5862503;-4094.05249
408652.7813;5862503;-4094.259766
408713.0938;5862503;-4094.44458
408773.4063;5862503;-4094.600342
408833.6875;5862503;-4094.732422
408894;5862503;-4094.845947
408954.2813;5862503;-4094.939209
409014.5938;5862503;-4095.010254
409074.9063;5862503;-4095.066406
409135.1875;5862503;-4095.103516
409195.5;5862503;-4095.119629
409255.8125;5862503;-4095.119873
409316.0938;5862503;-4095.102051
409376.4063;5862503;-4095.067627
401356.4063;5862563.5;-4093.304932
401416.6875;5862563.5;-4093.015137
401477;5862563.5;-4092.70752
401537.3125;5862563.5;-4092.377197
401597.5938;5862563.5;-4092.007324
401657.9063;5862563.5;-4091.605957
401718.2188;5862563.5;-4091.175293
401778.5;5862563.5;-4090.71167
401838.8125;5862563.5;-4090.212402
401899.0938;5862563.5;-4089.68457
401959.4063;5862563.5;-4089.133057
402019.7188;5862563.5;-4088.553467
402080;5862563.5;-4087.948975
402140.3125;5862563.5;-4087.335693
402200.625;5862563.5;-4086.717041
402260.9063;5862563.5;-4086.093506
402321.2188;5862563.5;-4085.483398
402381.5;5862563.5;-4084.893799
402441.8125;5862563.5;-4084.321045
402502.125;5862563.5;-4083.778809
402562.4063;5862563.5;-4083.284912
402622.7188;5862563.5;-4082.83252
402683.0313;5862563.5;-4082.427979
402743.3125;5862563.5;-4082.080078
402803.625;5862563.5;-4081.7771
402863.9063;5862563.5;-4081.516846
402924.2188;5862563.5;-4081.310547
402984.5313;5862563.5;-4081.138672
403044.8125;5862563.5;-4080.999756
403105.125;5862563.5;-4080.898438
403165.4375;5862563.5;-4080.804688
403225.7188;5862563.5;-4089.007568
403286.0313;5862563.5;-4088.932373
403346.3125;5862563.5;-4088.851318
403406.625;5862563.5;-4088.76123
403466.9375;5862563.5;-4088.596191
403527.2188;5862563.5;-4088.405029
403587.5313;5862563.5;-4088.177734
403647.8438;5862563.5;-4087.818848
403708.125;5862563.5;-4087.366455
403768.4375;5862563.5;-4086.787109
403828.7188;5862563.5;-4085.987549
403889.0313;5862563.5;-4084.99707
403949.3438;5862563.5;-4083.775146
404009.625;5862563.5;-4082.230225
404069.9375;5862563.5;-4080.494385
404130.25;5862563.5;-4078.64624
404190.5313;5862563.5;-4076.65625
404250.8438;5862563.5;-4074.659424
404311.125;5862563.5;-4072.785156
404371.4375;5862563.5;-4066.597168
404431.75;5862563.5;-4065.501465
404492.0313;5862563.5;-4064.666748
404552.3438;5862563.5;-4064.003174
404612.625;5862563.5;-4063.464355
404672.9375;5862563.5;-4063.08252
404733.25;5862563.5;-4062.722656
404793.5313;5862563.5;-4062.266113
404853.8438;5862563.5;-4065.109131
404914.1563;5862563.5;-4065.638672
404974.4375;5862563.5;-4065.7771
405034.75;5862563.5;-4065.605225
405095.0313;5862563.5;-4065.276611
405155.3438;5862563.5;-4064.625488
405215.6563;5862563.5;-4063.921631
405275.9375;5862563.5;-4063.248291
405336.25;5862563.5;-4062.460693
405396.5625;5862563.5;-4062.21582
405456.8438;5862563.5;-4062.545166
405517.1563;5862563.5;-4062.788818
405577.4375;5862563.5;-4063.538818
405637.75;5862563.5;-4070.451172
405698.0625;5862563.5;-4071.70752
405758.3438;5862563.5;-4071.727539
405818.6563;5862563.5;-4069.935059
405878.9688;5862563.5;-4065.037842
405939.25;5862563.5;-4058.376709
405999.5625;5862563.5;-4052.499023
406059.8438;5862563.5;-4048.533936
406120.1563;5862563.5;-4047.63916
406180.4688;5862563.5;-4049.289795
406240.75;5862563.5;-4052.152344
406301.0625;5862563.5;-4054.758057
406361.375;5862563.5;-4056.650146
406421.6563;5862563.5;-4057.880615
406481.9688;5862563.5;-4058.587646
406542.25;5862563.5;-4058.758057
406602.5625;5862563.5;-4058.568848
406662.875;5862563.5;-4058.347656
406723.1563;5862563.5;-4058.363037
406783.4688;5862563.5;-4059.049561
406843.7813;5862563.5;-4062.256592
406904.0625;5862563.5;-4065.01001
406964.375;5862563.5;-4067.475586
407024.6563;5862563.5;-4069.657715
407084.9688;5862563.5;-4071.384277
407145.2813;5862563.5;-4072.391357
407205.5625;5862563.5;-4072.740967
407265.875;5862563.5;-4072.701416
407326.1875;5862563.5;-4072.855469
407386.4688;5862563.5;-4073.51123
407446.7813;5862563.5;-4074.67627
407507.0625;5862563.5;-4076.284424
407567.375;5862563.5;-4078.166992
407627.6875;5862563.5;-4080.025146
407687.9688;5862563.5;-4081.754639
407748.2813;5862563.5;-4083.293457
407808.5938;5862563.5;-4084.572998
407868.875;5862563.5;-4085.643555
407929.1875;5862563.5;-4086.550537
407989.4688;5862563.5;-4087.34082
408049.7813;5862563.5;-4088.038574
408110.0938;5862563.5;-4088.657715
408170.375;5862563.5;-4089.218994
408230.6875;5862563.5;-4089.733398
408291;5862563.5;-4090.19043
408351.2813;5862563.5;-4090.606934
408411.5938;5862563.5;-4090.996338
408471.875;5862563.5;-4091.349854
408532.1875;5862563.5;-4091.656982
408592.5;5862563.5;-4091.935059
408652.7813;5862563.5;-4092.187744
408713.0938;5862563.5;-4092.414307
408773.4063;5862563.5;-4092.608887
408833.6875;5862563.5;-4092.7771
408894;5862563.5;-4092.923828
408954.2813;5862563.5;-4093.048096
409014.5938;5862563.5;-4093.147949
409074.9063;5862563.5;-4093.230225
409135.1875;5862563.5;-4093.291016
409195.5;5862563.5;-4093.329346
409255.8125;5862563.5;-4093.349121
409316.0938;5862563.5;-4093.349365
409376.4063;5862563.5;-4093.332275
401356.4063;5862624;-4093.887207
401416.6875;5862624;-4093.57251
401477;5862624;-4093.238281
401537.3125;5862624;-4092.880127
401597.5938;5862624;-4092.479248
401657.9063;5862624;-4092.043213
401718.2188;5862624;-4091.574219
401778.5;5862624;-4091.068359
401838.8125;5862624;-4090.520996
401899.0938;5862624;-4089.940918
401959.4063;5862624;-4089.333252
402019.7188;5862624;-4088.693359
402080;5862624;-4088.022705
402140.3125;5862624;-4087.343262
402200.625;5862624;-4086.656982
402260.9063;5862624;-4085.965576
402321.2188;5862624;-4085.291748
402381.5;5862624;-4084.642334
402441.8125;5862624;-4084.01416
402502.125;5862624;-4083.423584
402562.4063;5862624;-4082.889648
402622.7188;5862624;-4082.406494
402683.0313;5862624;-4081.979736
402743.3125;5862624;-4081.617676
402803.625;5862624;-4081.310059
402863.9063;5862624;-4081.050049
402924.2188;5862624;-4080.849365
402984.5313;5862624;-4080.687988
403044.8125;5862624;-4080.562012
403105.125;5862624;-4080.475586
403165.4375;5862624;-4088.63916
403225.7188;5862624;-4088.634766
403286.0313;5862624;-4088.57373
403346.3125;5862624;-4088.512939
403406.625;5862624;-4088.452148
403466.9375;5862624;-4088.323242
403527.2188;5862624;-4088.181885
403587.5313;5862624;-4088.015381
403647.8438;5862624;-4087.720947
403708.125;5862624;-4087.333496
403768.4375;5862624;-4086.804932
403828.7188;5862624;-4086.022461
403889.0313;5862624;-4085.004883
403949.3438;5862624;-4083.688477
404009.625;5862624;-4081.95752
404069.9375;5862624;-4079.969482
404130.25;5862624;-4077.81543
404190.5313;5862624;-4075.46582
404250.8438;5862624;-4073.083008
404311.125;5862624;-4070.834961
404371.4375;5862624;-4068.774902
404431.75;5862624;-4063.428467
404492.0313;5862624;-4062.40625
404552.3438;5862624;-4061.604248
404612.625;5862624;-4060.967041
404672.9375;5862624;-4060.522461
404733.25;5862624;-4060.111084
404793.5313;5862624;-4059.596436
404853.8438;5862624;-4059.028809
404914.1563;5862624;-4063.117188
404974.4375;5862624;-4062.043457
405034.75;5862624;-4063.361328
405095.0313;5862624;-4062.946045
405155.3438;5862624;-4062.17627
405215.6563;5862624;-4061.384277
405275.9375;5862624;-4060.66748
405336.25;5862624;-4059.858887
405396.5625;5862624;-4059.521729
405456.8438;5862624;-4059.502197
405517.1563;5862624;-4059.964844
405577.4375;5862624;-4060.467529
405637.75;5862624;-4066.893066
405698.0625;5862624;-4067.716553
405758.3438;5862624;-4067.630859
405818.6563;5862624;-4065.737061
405878.9688;5862624;-4059.672607
405939.25;5862624;-4051.004639
405999.5625;5862624;-4043.750244
406059.8438;5862624;-4040.226807
406120.1563;5862624;-4041.377686
406180.4688;5862624;-4044.517578
406240.75;5862624;-4048.198975
406301.0625;5862624;-4051.451904
406361.375;5862624;-4053.830566
406421.6563;5862624;-4055.177002
406481.9688;5862624;-4055.644775
406542.25;5862624;-4055.353271
406602.5625;5862624;-4054.548096
406662.875;5862624;-4053.659912
406723.1563;5862624;-4052.459473
406783.4688;5862624;-4052.515869
406843.7813;5862624;-4056.059326
406904.0625;5862624;-4059.149658
406964.375;5862624;-4061.635986
407024.6563;5862624;-4063.944336
407084.9688;5862624;-4065.916504
407145.2813;5862624;-4067.360352
407205.5625;5862624;-4068.323242
407265.875;5862624;-4068.983887
407326.1875;5862624;-4069.693115
407386.4688;5862624;-4070.687988
407446.7813;5862624;-4072.023926
407507.0625;5862624;-4073.664063
407567.375;5862624;-4075.493164
407627.6875;5862624;-4077.287598
407687.9688;5862624;-4078.969727
407748.2813;5862624;-4080.484619
407808.5938;5862624;-4081.772461
407868.875;5862624;-4082.876465
407929.1875;5862624;-4083.83252
407989.4688;5862624;-4084.682617
408049.7813;5862624;-4085.447266
408110.0938;5862624;-4086.135498
408170.375;5862624;-4086.764648
408230.6875;5862624;-4087.344238
408291;5862624;-4087.862549
408351.2813;5862624;-4088.336914
408411.5938;5862624;-4088.782227
408471.875;5862624;-4089.187988
408532.1875;5862624;-4089.543701
408592.5;5862624;-4089.866211
408652.7813;5862624;-4090.161865
408713.0938;5862624;-4090.428223
408773.4063;5862624;-4090.659668
408833.6875;5862624;-4090.861816
408894;5862624;-4091.040283
408954.2813;5862624;-4091.19458
409014.5938;5862624;-4091.321533
409074.9063;5862624;-4091.428955
409135.1875;5862624;-4091.512695
409195.5;5862624;-4091.572998
409255.8125;5862624;-4091.612061
409316.0938;5862624;-4091.629639
409376.4063;5862624;-4091.628174
401356.4063;5862685;-4094.496338
401416.6875;5862685;-4094.154541
401477;5862685;-4093.793701
401537.3125;5862685;-4093.408203
401597.5938;5862685;-4092.976318
401657.9063;5862685;-4092.505615
401718.2188;5862685;-4091.998779
401778.5;5862685;-4091.450195
401838.8125;5862685;-4090.854248
401899.0938;5862685;-4090.219727
401959.4063;5862685;-4089.553711
402019.7188;5862685;-4088.849365
402080;5862685;-4088.109375
402140.3125;5862685;-4087.358154
402200.625;5862685;-4086.600098
402260.9063;5862685;-4085.835693
402321.2188;5862685;-4085.093018
402381.5;5862685;-4084.380859
402441.8125;5862685;-4083.693604
402502.125;5862685;-4083.051025
402562.4063;5862685;-4082.476074
402622.7188;5862685;-4081.960938
402683.0313;5862685;-4081.511719
402743.3125;5862685;-4081.137207
402803.625;5862685;-4080.825928
402863.9063;5862685;-4080.569336
402924.2188;5862685;-4080.37793
402984.5313;5862685;-4080.230469
403044.8125;5862685;-4080.121582
403105.125;5862685;-4083.496582
403165.4375;5862685;-4088.198486
403225.7188;5862685;-4088.210205
403286.0313;5862685;-4088.171143
403346.3125;5862685;-4088.141357
403406.625;5862685;-4088.121094
403466.9375;5862685;-4088.043701
403527.2188;5862685;-4087.973145
403587.5313;5862685;-4087.894043
403647.8438;5862685;-4087.695068
403708.125;5862685;-4087.408936
403768.4375;5862685;-4086.96875
403828.7188;5862685;-4086.23877
403889.0313;5862685;-4085.223145
403949.3438;5862685;-4083.824219
404009.625;5862685;-4081.900879
404069.9375;5862685;-4079.637207
404130.25;5862685;-4077.139404
404190.5313;5862685;-4074.380371
404250.8438;5862685;-4071.559326
404311.125;5862685;-4068.888672
404371.4375;5862685;-4066.445313
404431.75;5862685;-4064.345947
404492.0313;5862685;-4060.100098
404552.3438;5862685;-4059.166016
404612.625;5862685;-4058.448975
404672.9375;5862685;-4057.967529
404733.25;5862685;-4057.532715
404793.5313;5862685;-4056.986816
404853.8438;5862685;-4056.369629
404914.1563;5862685;-4060.37915
404974.4375;5862685;-4059.208008
405034.75;5862685;-4057.86792
405095.0313;5862685;-4060.734131
405155.3438;5862685;-4059.822266
405215.6563;5862685;-4058.907471
405275.9375;5862685;-4058.099854
405336.25;5862685;-4057.202881
405396.5625;5862685;-4056.69751
405456.8438;5862685;-4056.814941
405517.1563;5862685;-4056.033203
405577.4375;5862685;-4056.488037
405637.75;5862685;-4056.997314
405698.0625;5862685;-4062.102539
405758.3438;5862685;-4061.373291
405818.6563;5862685;-4058.739502
405878.9688;5862685;-4051.580078
405939.25;5862685;-4041.411621
405999.5625;5862685;-4033.047119
406059.8438;5862685;-4030.726563
406120.1563;5862685;-4035.107422
406180.4688;5862685;-4040.422852
406240.75;5862685;-4045.067627
406301.0625;5862685;-4048.825195
406361.375;5862685;-4051.525879
406421.6563;5862685;-4052.867188
406481.9688;5862685;-4053.015625
406542.25;5862685;-4052.324463
406602.5625;5862685;-4051.14502
406662.875;5862685;-4049.216553
406723.1563;5862685;-4048.199463
406783.4688;5862685;-4047.345703
406843.7813;5862685;-4050.063477
406904.0625;5862685;-4053.647705
406964.375;5862685;-4056.594727
407024.6563;5862685;-4059.093262
407084.9688;5862685;-4061.303955
407145.2813;5862685;-4063.114258
407205.5625;5862685;-4064.552246
407265.875;5862685;-4065.72876
407326.1875;5862685;-4066.859131
407386.4688;5862685;-4068.125977
407446.7813;5862685;-4069.587402
407507.0625;5862685;-4071.232422
407567.375;5862685;-4072.98584
407627.6875;5862685;-4074.69751
407687.9688;5862685;-4076.314697
407748.2813;5862685;-4077.788574
407808.5938;5862685;-4079.072266
407868.875;5862685;-4080.199219
407929.1875;5862685;-4081.196289
407989.4688;5862685;-4082.099854
408049.7813;5862685;-4082.925781
408110.0938;5862685;-4083.676758
408170.375;5862685;-4084.368652
408230.6875;5862685;-4085.009033
408291;5862685;-4085.584961
408351.2813;5862685;-4086.114258
408411.5938;5862685;-4086.611816
408471.875;5862685;-4087.067139
408532.1875;5862685;-4087.468262
408592.5;5862685;-4087.83374
408652.7813;5862685;-4088.169922
408713.0938;5862685;-4088.474365
408773.4063;5862685;-4088.741699
408833.6875;5862685;-4088.977051
408894;5862685;-4089.186279
408954.2813;5862685;-4089.369629
409014.5938;5862685;-4089.523926
409074.9063;5862685;-4089.655273
409135.1875;5862685;-4089.762695
409195.5;5862685;-4089.844482
409255.8125;5862685;-4089.9021
409316.0938;5862685;-4089.937256
409376.4063;5862685;-4089.952393
401356.4063;5862745.5;-4095.125488
401416.6875;5862745.5;-4094.756836
401477;5862745.5;-4094.369141
401537.3125;5862745.5;-4093.956787
401597.5938;5862745.5;-4093.495117
401657.9063;5862745.5;-4092.991699
401718.2188;5862745.5;-4092.448486
401778.5;5862745.5;-4091.857178
401838.8125;5862745.5;-4091.212891
401899.0938;5862745.5;-4090.524902
401959.4063;5862745.5;-4089.799072
402019.7188;5862745.5;-4089.029053
402080;5862745.5;-4088.216553
402140.3125;5862745.5;-4087.390625
402200.625;5862745.5;-4086.555908
402260.9063;5862745.5;-4085.714355
402321.2188;5862745.5;-4084.896973
402381.5;5862745.5;-4084.115723
402441.8125;5862745.5;-4083.364502
402502.125;5862745.5;-4082.664795
402562.4063;5862745.5;-4082.043457
402622.7188;5862745.5;-4081.492676
402683.0313;5862745.5;-4081.017334
402743.3125;5862745.5;-4080.628906
402803.625;5862745.5;-4080.313477
402863.9063;5862745.5;-4080.060303
402924.2188;5862745.5;-4079.87915
402984.5313;5862745.5;-4079.748291
403044.8125;5862745.5;-4079.659668
403105.125;5862745.5;-4087.72168
403165.4375;5862745.5;-4087.743896
403225.7188;5862745.5;-4087.778564
403286.0313;5862745.5;-4087.769287
403346.3125;5862745.5;-4087.780029
403406.625;5862745.5;-4087.812256
403466.9375;5862745.5;-4087.799805
403527.2188;5862745.5;-4087.817383
403587.5313;5862745.5;-4087.848389
403647.8438;5862745.5;-4087.773438
403708.125;5862745.5;-4087.623047
403768.4375;5862745.5;-4087.307861
403828.7188;5862745.5;-4086.663818
403889.0313;5862745.5;-4085.675293
403949.3438;5862745.5;-4084.203369
404009.625;5862745.5;-4082.07373
404069.9375;5862745.5;-4079.503174
404130.25;5862745.5;-4076.615479
404190.5313;5862745.5;-4073.385742
404250.8438;5862745.5;-4070.062256
404311.125;5862745.5;-4066.912354
404371.4375;5862745.5;-4064.041748
404431.75;5862745.5;-4061.601318
404492.0313;5862745.5;-4059.688477
404552.3438;5862745.5;-4056.625732
404612.625;5862745.5;-4055.847412
404672.9375;5862745.5;-4055.355225
404733.25;5862745.5;-4054.923828
404793.5313;5862745.5;-4054.371094
404853.8438;5862745.5;-4053.724365
404914.1563;5862745.5;-4052.87915
404974.4375;5862745.5;-4056.375
405034.75;5862745.5;-4054.930664
405095.0313;5862745.5;-4053.330811
405155.3438;5862745.5;-4057.490234
405215.6563;5862745.5;-4056.435059
405275.9375;5862745.5;-4055.491699
405336.25;5862745.5;-4054.429932
405396.5625;5862745.5;-4053.729004
405456.8438;5862745.5;-4053.428467
405517.1563;5862745.5;-4053.225586
405577.4375;5862745.5;-4051.763672
405637.75;5862745.5;-4051.57373
405698.0625;5862745.5;-4055.269043
405758.3438;5862745.5;-4053.364502
405818.6563;5862745.5;-4049.44458
405878.9688;5862745.5;-4041.781982
405939.25;5862745.5;-4032.02124
405999.5625;5862745.5;-4024.538574
406059.8438;5862745.5;-4023.964355
406120.1563;5862745.5;-4030.803711
406180.4688;5862745.5;-4037.704346
406240.75;5862745.5;-4042.926758
406301.0625;5862745.5;-4046.754639
406361.375;5862745.5;-4049.335449
406421.6563;5862745.5;-4050.517334
406481.9688;5862745.5;-4050.476807
406542.25;5862745.5;-4049.58667
406602.5625;5862745.5;-4047.320068
406662.875;5862745.5;-4046.266602
406723.1563;5862745.5;-4045.598145
406783.4688;5862745.5;-4045.435547
406843.7813;5862745.5;-4047.282471
406904.0625;5862745.5;-4049.981689
406964.375;5862745.5;-4052.544678
407024.6563;5862745.5;-4055.053711
407084.9688;5862745.5;-4057.417725
407145.2813;5862745.5;-4059.478027
407205.5625;5862745.5;-4061.24585
407265.875;5862745.5;-4062.782227
407326.1875;5862745.5;-4064.212158
407386.4688;5862745.5;-4065.679688
407446.7813;5862745.5;-4067.233398
407507.0625;5862745.5;-4068.873779
407567.375;5862745.5;-4070.557861
407627.6875;5862745.5;-4072.194092
407687.9688;5862745.5;-4073.751221
407748.2813;5862745.5;-4075.186523
407808.5938;5862745.5;-4076.464111
407868.875;5862745.5;-4077.611328
407929.1875;5862745.5;-4078.64502
407989.4688;5862745.5;-4079.5979
408049.7813;5862745.5;-4080.479736
408110.0938;5862745.5;-4081.288818
408170.375;5862745.5;-4082.038574
408230.6875;5862745.5;-4082.735107
408291;5862745.5;-4083.364014
408351.2813;5862745.5;-4083.944092
408411.5938;5862745.5;-4084.489746
408471.875;5862745.5;-4084.990967
408532.1875;5862745.5;-4085.434814
408592.5;5862745.5;-4085.841309
408652.7813;5862745.5;-4086.215576
408713.0938;5862745.5;-4086.556396
408773.4063;5862745.5;-4086.857178
408833.6875;5862745.5;-4087.124512
408894;5862745.5;-4087.362549
408954.2813;5862745.5;-4087.574219
409014.5938;5862745.5;-4087.754639
409074.9063;5862745.5;-4087.90918
409135.1875;5862745.5;-4088.038818
409195.5;5862745.5;-4088.140869
409255.8125;5862745.5;-4088.216309
409316.0938;5862745.5;-4088.269043
409376.4063;5862745.5;-4088.300781
401356.4063;5862806;-4095.777832
401416.6875;5862806;-4095.38208
401477;5862806;-4094.969727
401537.3125;5862806;-4094.532959
401597.5938;5862806;-4094.043701
401657.9063;5862806;-4093.509766
401718.2188;5862806;-4092.932861
401778.5;5862806;-4092.302246
401838.8125;5862806;-4091.611572
401899.0938;5862806;-4090.87085
401959.4063;5862806;-4090.08667
402019.7188;5862806;-4089.25
402080;5862806;-4088.363037
402140.3125;5862806;-4087.458008
402200.625;5862806;-4086.541992
402260.9063;5862806;-4085.615723
402321.2188;5862806;-4084.71875
402381.5;5862806;-4083.862793
402441.8125;5862806;-4083.041016
402502.125;5862806;-4082.27832
402562.4063;5862806;-4081.604736
402622.7188;5862806;-4081.012207
402683.0313;5862806;-4080.506348
402743.3125;5862806;-4080.099365
402803.625;5862806;-4079.778809
402863.9063;5862806;-4079.530273
402924.2188;5862806;-4079.362549
402984.5313;5862806;-4079.252197
403044.8125;5862806;-4085.242676
403105.125;5862806;-4087.192627
403165.4375;5862806;-4087.239014
403225.7188;5862806;-4087.305176
403286.0313;5862806;-4087.33667
403346.3125;5862806;-4087.400146
403406.625;5862806;-4087.49707
403466.9375;5862806;-4087.563232
403527.2188;5862806;-4087.684326
403587.5313;5862806;-4087.847168
403647.8438;5862806;-4087.925537
403708.125;5862806;-4087.948486
403768.4375;5862806;-4087.801514
403828.7188;5862806;-4087.286621
403889.0313;5862806;-4086.359375
403949.3438;5862806;-4084.828369
404009.625;5862806;-4082.475098
404069.9375;5862806;-4079.556396
404130.25;5862806;-4076.214355
404190.5313;5862806;-4072.43457
404250.8438;5862806;-4068.527832
404311.125;5862806;-4064.830322
404371.4375;5862806;-4061.485596
404431.75;5862806;-4058.685791
404492.0313;5862806;-4056.547363
404552.3438;5862806;-4055.002441
404612.625;5862806;-4053.11377
404672.9375;5862806;-4052.658203
404733.25;5862806;-4052.278809
404793.5313;5862806;-4051.763184
404853.8438;5862806;-4051.124512
404914.1563;5862806;-4050.238037
404974.4375;5862806;-4049.068604
405034.75;5862806;-4052.184082
405095.0313;5862806;-4050.491943
405155.3438;5862806;-4048.684326
405215.6563;5862806;-4053.852295
405275.9375;5862806;-4052.742676
405336.25;5862806;-4051.449463
405396.5625;5862806;-4050.446045
405456.8438;5862806;-4049.712402
405517.1563;5862806;-4048.949707
405577.4375;5862806;-4048.113525
405637.75;5862806;-4045.760254
405698.0625;5862806;-4047.799561
405758.3438;5862806;-4044.887451
405818.6563;5862806;-4040.309326
405878.9688;5862806;-4033.302246
405939.25;5862806;-4025.68457
405999.5625;5862806;-4020.905029
406059.8438;5862806;-4022.081543
406120.1563;5862806;-4029.399658
406180.4688;5862806;-4036.311035
406240.75;5862806;-4041.158447
406301.0625;5862806;-4044.53125
406361.375;5862806;-4046.666016
406421.6563;5862806;-4047.657959
406481.9688;5862806;-4047.692627
406542.25;5862806;-4046.92334
406602.5625;5862806;-4044.872314
406662.875;5862806;-4043.942383
406723.1563;5862806;-4043.435303
406783.4688;5862806;-4043.620117
406843.7813;5862806;-4045.025635
406904.0625;5862806;-4047.094727
406964.375;5862806;-4049.427979
407024.6563;5862806;-4051.872314
407084.9688;5862806;-4054.250488
407145.2813;5862806;-4056.411865
407205.5625;5862806;-4058.351807
407265.875;5862806;-4060.093018
407326.1875;5862806;-4061.703125
407386.4688;5862806;-4063.29541
407446.7813;5862806;-4064.90625
407507.0625;5862806;-4066.540283
407567.375;5862806;-4068.173828
407627.6875;5862806;-4069.755127
407687.9688;5862806;-4071.268799
407748.2813;5862806;-4072.677246
407808.5938;5862806;-4073.95459
407868.875;5862806;-4075.123047
407929.1875;5862806;-4076.193115
407989.4688;5862806;-4077.191406
408049.7813;5862806;-4078.124023
408110.0938;5862806;-4078.984863
408170.375;5862806;-4079.785645
408230.6875;5862806;-4080.532471
408291;5862806;-4081.208984
408351.2813;5862806;-4081.834229
408411.5938;5862806;-4082.424072
408471.875;5862806;-4082.967041
408532.1875;5862806;-4083.449951
408592.5;5862806;-4083.893311
408652.7813;5862806;-4084.303467
408713.0938;5862806;-4084.677979
408773.4063;5862806;-4085.010254
408833.6875;5862806;-4085.307129
408894;5862806;-4085.573242
408954.2813;5862806;-4085.810791
409014.5938;5862806;-4086.015137
409074.9063;5862806;-4086.192627
409135.1875;5862806;-4086.343506
409195.5;5862806;-4086.465332
409255.8125;5862806;-4086.559082
409316.0938;5862806;-4086.628418
409376.4063;5862806;-4086.675781
401356.4063;5862866.5;-4096.451172
401416.6875;5862866.5;-4096.032227
401477;5862866.5;-4095.598633
401537.3125;5862866.5;-4095.141846
401597.5938;5862866.5;-4094.630615
401657.9063;5862866.5;-4094.072754
401718.2188;5862866.5;-4093.468262
401778.5;5862866.5;-4092.804932
401838.8125;5862866.5;-4092.074219
401899.0938;5862866.5;-4091.286865
401959.4063;5862866.5;-4090.448242
402019.7188;5862866.5;-4089.547119
402080;5862866.5;-4088.582031
402140.3125;5862866.5;-4087.594971
402200.625;5862866.5;-4086.591064
402260.9063;5862866.5;-4085.57251
402321.2188;5862866.5;-4084.587158
402381.5;5862866.5;-4083.650146
402441.8125;5862866.5;-4082.751221
402502.125;5862866.5;-4081.916992
402562.4063;5862866.5;-4081.182373
402622.7188;5862866.5;-4080.53833
402683.0313;5862866.5;-4079.993408
402743.3125;5862866.5;-4079.561035
402803.625;5862866.5;-4079.232666
402863.9063;5862866.5;-4078.989746
402924.2188;5862866.5;-4078.840088
402984.5313;5862866.5;-4078.759766
403044.8125;5862866.5;-4086.511719
403105.125;5862866.5;-4086.568604
403165.4375;5862866.5;-4086.651123
403225.7188;5862866.5;-4086.762939
403286.0313;5862866.5;-4086.850342
403346.3125;5862866.5;-4086.97876
403406.625;5862866.5;-4087.149902
403466.9375;5862866.5;-4087.301025
403527.2188;5862866.5;-4087.531006
403587.5313;5862866.5;-4087.832764
403647.8438;5862866.5;-4088.083496
403708.125;5862866.5;-4088.31543
403768.4375;5862866.5;-4088.387207
403828.7188;5862866.5;-4088.057861
403889.0313;5862866.5;-4087.23999
403949.3438;5862866.5;-4085.670654
404009.625;5862866.5;-4083.073975
404069.9375;5862866.5;-4079.750244
404130.25;5862866.5;-4075.867188
404190.5313;5862866.5;-4071.427734
404250.8438;5862866.5;-4066.831543
404311.125;5862866.5;-4062.506104
404371.4375;5862866.5;-4058.641602
404431.75;5862866.5;-4055.481445
404492.0313;5862866.5;-4053.155029
404552.3438;5862866.5;-4051.55127
404612.625;5862866.5;-4050.580078
404672.9375;5862866.5;-4050.030273
404733.25;5862866.5;-4049.575684
404793.5313;5862866.5;-4049.169434
404853.8438;5862866.5;-4048.598633
404914.1563;5862866.5;-4047.713623
404974.4375;5862866.5;-4046.482178
405034.75;5862866.5;-4049.858398
405095.0313;5862866.5;-4048.10791
405155.3438;5862866.5;-4046.23877
405215.6563;5862866.5;-4047.080078
405275.9375;5862866.5;-4049.790527
405336.25;5862866.5;-4048.258057
405396.5625;5862866.5;-4046.89209
405456.8438;5862866.5;-4045.67041
405517.1563;5862866.5;-4044.359619
405577.4375;5862866.5;-4043.005371
405637.75;5862866.5;-4041.338379
405698.0625;5862866.5;-4040.740234
405758.3438;5862866.5;-4037.268066
405818.6563;5862866.5;-4032.713135
405878.9688;5862866.5;-4027.095703
405939.25;5862866.5;-4022.141113
405999.5625;5862866.5;-4019.877197
406059.8438;5862866.5;-4021.925293
406120.1563;5862866.5;-4028.340088
406180.4688;5862866.5;-4034.327148
406240.75;5862866.5;-4038.539795
406301.0625;5862866.5;-4041.510498
406361.375;5862866.5;-4043.36084
406421.6563;5862866.5;-4044.332275
406481.9688;5862866.5;-4044.606689
406542.25;5862866.5;-4043.454346
406602.5625;5862866.5;-4042.788574
406662.875;5862866.5;-4042.137939
406723.1563;5862866.5;-4041.807373
406783.4688;5862866.5;-4042.047607
406843.7813;5862866.5;-4043.226318
406904.0625;5862866.5;-4045.011475
406964.375;5862866.5;-4047.127686
407024.6563;5862866.5;-4049.410645
407084.9688;5862866.5;-4051.691162
407145.2813;5862866.5;-4053.832031
407205.5625;5862866.5;-4055.816406
407265.875;5862866.5;-4057.639404
407326.1875;5862866.5;-4059.335449
407386.4688;5862866.5;-4060.986572
407446.7813;5862866.5;-4062.622803
407507.0625;5862866.5;-4064.248779
407567.375;5862866.5;-4065.847656
407627.6875;5862866.5;-4067.394531
407687.9688;5862866.5;-4068.882324
407748.2813;5862866.5;-4070.277588
407808.5938;5862866.5;-4071.561279
407868.875;5862866.5;-4072.75415
407929.1875;5862866.5;-4073.85791
407989.4688;5862866.5;-4074.896484
408049.7813;5862866.5;-4075.873047
408110.0938;5862866.5;-4076.778564
408170.375;5862866.5;-4077.622803
408230.6875;5862866.5;-4078.411865
408291;5862866.5;-4079.12915
408351.2813;5862866.5;-4079.794189
408411.5938;5862866.5;-4080.421875
408471.875;5862866.5;-4081.001465
408532.1875;5862866.5;-4081.519287
408592.5;5862866.5;-4081.996582
408652.7813;5862866.5;-4082.438965
408713.0938;5862866.5;-4082.84375
408773.4063;5862866.5;-4083.205078
408833.6875;5862866.5;-4083.528809
408894;5862866.5;-4083.820557
408954.2813;5862866.5;-4084.082764
409014.5938;5862866.5;-4084.310303
409074.9063;5862866.5;-4084.509277
409135.1875;5862866.5;-4084.68042
409195.5;5862866.5;-4084.821289
409255.8125;5862866.5;-4084.932129
409316.0938;5862866.5;-4085.01709
409376.4063;5862866.5;-4085.079346
401356.4063;5862927;-4097.130371
401416.6875;5862927;-4096.692871
401477;5862927;-4096.244141
401537.3125;5862927;-4095.773682
401597.5938;5862927;-4095.248535
401657.9063;5862927;-4094.675537
401718.2188;5862927;-4094.053955
401778.5;5862927;-4093.369385
401838.8125;5862927;-4092.611572
401899.0938;5862927;-4091.788086
401959.4063;5862927;-4090.903564
402019.7188;5862927;-4089.941895
402080;5862927;-4088.897217
402140.3125;5862927;-4087.821533
402200.625;5862927;-4086.721436
402260.9063;5862927;-4085.598633
402321.2188;5862927;-4084.513672
402381.5;5862927;-4083.485107
402441.8125;5862927;-4082.49707
402502.125;5862927;-4081.579834
402562.4063;5862927;-4080.770508
402622.7188;5862927;-4080.060303
402683.0313;5862927;-4079.459961
402743.3125;5862927;-4078.989746
402803.625;5862927;-4078.64624
402863.9063;5862927;-4078.407715
402924.2188;5862927;-4078.279053
402984.5313;5862927;-4078.237305
403044.8125;5862927;-4085.839355
403105.125;5862927;-4085.939697
403165.4375;5862927;-4086.073242
403225.7188;5862927;-4086.244873
403286.0313;5862927;-4086.401611
403346.3125;5862927;-4086.604004
403406.625;5862927;-4086.849365
403466.9375;5862927;-4087.075684
403527.2188;5862927;-4087.396973
403587.5313;5862927;-4087.822754
403647.8438;5862927;-4088.241699
403708.125;5862927;-4088.700928
403768.4375;5862927;-4089.038574
403828.7188;5862927;-4088.949951
403889.0313;5862927;-4088.29248
403949.3438;5862927;-4086.708252
404009.625;5862927;-4083.841064
404069.9375;5862927;-4080.04248
404130.25;5862927;-4075.510986
404190.5313;5862927;-4070.277344
404250.8438;5862927;-4064.860352
404311.125;5862927;-4059.806396
404371.4375;5862927;-4055.364502
404431.75;5862927;-4051.841553
404492.0313;5862927;-4049.368164
404552.3438;5862927;-4047.761963
404612.625;5862927;-4046.897217
404672.9375;5862927;-4046.526123
404733.25;5862927;-4046.409424
404793.5313;5862927;-4046.461914
404853.8438;5862927;-4046.009277
404914.1563;5862927;-4045.157959
404974.4375;5862927;-4043.887207
405034.75;5862927;-4042.328125
405095.0313;5862927;-4045.741943
405155.3438;5862927;-4043.824707
405215.6563;5862927;-4041.912598
405275.9375;5862927;-4046.873047
405336.25;5862927;-4045.07666
405396.5625;5862927;-4043.267334
405456.8438;5862927;-4041.467285
405517.1563;5862927;-4039.618896
405577.4375;5862927;-4037.919189
405637.75;5862927;-4036.162598
405698.0625;5862927;-4040.867676
405758.3438;5862927;-4031.135498
405818.6563;5862927;-4026.642822
405878.9688;5862927;-4022.125
405939.25;5862927;-4019.612061
405999.5625;5862927;-4019.175537
406059.8438;5862927;-4021.444336
406120.1563;5862927;-4026.440674
406180.4688;5862927;-4031.308838
406240.75;5862927;-4035.120361
406301.0625;5862927;-4037.930908
406361.375;5862927;-4039.733643
406421.6563;5862927;-4040.850342
406481.9688;5862927;-4040.896484
406542.25;5862927;-4041.089111
406602.5625;5862927;-4040.871582
406662.875;5862927;-4040.558594
406723.1563;5862927;-4040.457031
406783.4688;5862927;-4040.780518
406843.7813;5862927;-4041.845703
406904.0625;5862927;-4043.422852
406964.375;5862927;-4045.307129
407024.6563;5862927;-4047.391602
407084.9688;5862927;-4049.517822
407145.2813;5862927;-4051.564209
407205.5625;5862927;-4053.511719
407265.875;5862927;-4055.339355
407326.1875;5862927;-4057.059326
407386.4688;5862927;-4058.731689
407446.7813;5862927;-4060.375977
407507.0625;5862927;-4061.994873
407567.375;5862927;-4063.574219
407627.6875;5862927;-4065.103027
407687.9688;5862927;-4066.579834
407748.2813;5862927;-4067.972656
407808.5938;5862927;-4069.270508
407868.875;5862927;-4070.487549
407929.1875;5862927;-4071.623779
407989.4688;5862927;-4072.69873
408049.7813;5862927;-4073.713379
408110.0938;5862927;-4074.656738
408170.375;5862927;-4075.539307
408230.6875;5862927;-4076.36499
408291;5862927;-4077.11792
408351.2813;5862927;-4077.818115
408411.5938;5862927;-4078.479736
408471.875;5862927;-4079.093262
408532.1875;5862927;-4079.642334
408592.5;5862927;-4080.149902
408652.7813;5862927;-4080.621582
408713.0938;5862927;-4081.054443
408773.4063;5862927;-4081.442871
408833.6875;5862927;-4081.79248
408894;5862927;-4082.107666
408954.2813;5862927;-4082.393066
409014.5938;5862927;-4082.642578
409074.9063;5862927;-4082.861572
409135.1875;5862927;-4083.052246
409195.5;5862927;-4083.21167
409255.8125;5862927;-4083.337646
409316.0938;5862927;-4083.438477
409376.4063;5862927;-4083.514893
401356.4063;5862988;-4097.810547
401416.6875;5862988;-4097.359863
401477;5862988;-4096.90332
401537.3125;5862988;-4096.428223
401597.5938;5862988;-4095.899414
401657.9063;5862988;-4095.324707
401718.2188;5862988;-4094.700928
401778.5;5862988;-4094.010986
401838.8125;5862988;-4093.241211
401899.0938;5862988;-4092.396729
401959.4063;5862988;-4091.477295
402019.7188;5862988;-4090.460205
402080;5862988;-4089.333252
402140.3125;5862988;-4088.160645
402200.625;5862988;-4086.95166
402260.9063;5862988;-4085.710938
402321.2188;5862988;-4084.515625
402381.5;5862988;-4083.385498
402441.8125;5862988;-4082.301758
402502.125;5862988;-4081.293213
402562.4063;5862988;-4080.397461
402622.7188;5862988;-4079.607666
402683.0313;5862988;-4078.937744
402743.3125;5862988;-4078.414795
402803.625;5862988;-4078.047852
402863.9063;5862988;-4077.812256
402924.2188;5862988;-4077.710205
402984.5313;5862988;-4084.935547
403044.8125;5862988;-4085.139404
403105.125;5862988;-4085.299316
403165.4375;5862988;-4085.500488
403225.7188;5862988;-4085.75
403286.0313;5862988;-4085.990234
403346.3125;5862988;-4086.27124
403406.625;5862988;-4086.585449
403466.9375;5862988;-4086.865234
403527.2188;5862988;-4087.241211
403587.5313;5862988;-4087.755371
403647.8438;5862988;-4088.321289
403708.125;5862988;-4089.02124
403768.4375;5862988;-4089.67627
403828.7188;5862988;-4089.900635
403889.0313;5862988;-4089.474609
403949.3438;5862988;-4087.922119
404009.625;5862988;-4084.769775
404069.9375;5862988;-4080.428711
404130.25;5862988;-4075.137451
404190.5313;5862988;-4068.967529
404250.8438;5862988;-4062.588867
404311.125;5862988;-4056.694092
404371.4375;5862988;-4051.61377
404431.75;5862988;-4047.744873
404492.0313;5862988;-4045.19751
404552.3438;5862988;-4043.669189
404612.625;5862988;-4042.984619
404672.9375;5862988;-4042.862061
404733.25;5862988;-4043.014893
404793.5313;5862988;-4043.256348
404853.8438;5862988;-4043.355469
404914.1563;5862988;-4042.553955
404974.4375;5862988;-4041.262695
405034.75;5862988;-4039.638184
405095.0313;5862988;-4037.806885
405155.3438;5862988;-4041.484863
405215.6563;5862988;-4039.484619
405275.9375;5862988;-4037.504395
405336.25;5862988;-4041.622559
405396.5625;5862988;-4039.222412
405456.8438;5862988;-4036.712891
405517.1563;5862988;-4034.329834
405577.4375;5862988;-4032.496826
405637.75;5862988;-4031.09668
405698.0625;5862988;-4038.063721
405758.3438;5862988;-4034.520752
405818.6563;5862988;-4022.630615
405878.9688;5862988;-4018.93335
405939.25;5862988;-4017.570557
405999.5625;5862988;-4017.953369
406059.8438;5862988;-4020.14917
406120.1563;5862988;-4024.031494
406180.4688;5862988;-4028.01416
406240.75;5862988;-4031.447998
406301.0625;5862988;-4034.155762
406361.375;5862988;-4036.053955
406421.6563;5862988;-4037.016357
406481.9688;5862988;-4038.130615
406542.25;5862988;-4038.799805
406602.5625;5862988;-4039.043457
406662.875;5862988;-4039.083008
406723.1563;5862988;-4039.234619
406783.4688;5862988;-4039.685791
406843.7813;5862988;-4040.707031
406904.0625;5862988;-4042.121094
406964.375;5862988;-4043.794678
407024.6563;5862988;-4045.68042
407084.9688;5862988;-4047.627441
407145.2813;5862988;-4049.538574
407205.5625;5862988;-4051.401855
407265.875;5862988;-4053.185059
407326.1875;5862988;-4054.890625
407386.4688;5862988;-4056.559082
407446.7813;5862988;-4058.199707
407507.0625;5862988;-4059.812988
407567.375;5862988;-4061.381592
407627.6875;5862988;-4062.90332
407687.9688;5862988;-4064.378662
407748.2813;5862988;-4065.776611
407808.5938;5862988;-4067.090332
407868.875;5862988;-4068.331299
407929.1875;5862988;-4069.495361
407989.4688;5862988;-4070.601074
408049.7813;5862988;-4071.647217
408110.0938;5862988;-4072.623047
408170.375;5862988;-4073.536133
408230.6875;5862988;-4074.392578
408291;5862988;-4075.176514
408351.2813;5862988;-4075.906494
408411.5938;5862988;-4076.598389
408471.875;5862988;-4077.240723
408532.1875;5862988;-4077.818115
408592.5;5862988;-4078.353271
408652.7813;5862988;-4078.851807
408713.0938;5862988;-4079.310303
408773.4063;5862988;-4079.723145
408833.6875;5862988;-4080.095703
408894;5862988;-4080.433838
408954.2813;5862988;-4080.740479
409014.5938;5862988;-4081.01001
409074.9063;5862988;-4081.248535
409135.1875;5862988;-4081.457275
409195.5;5862988;-4081.633301
409255.8125;5862988;-4081.775146
409316.0938;5862988;-4081.889893
409376.4063;5862988;-4081.979492
401356.4063;5863048.5;-4098.488281
401416.6875;5863048.5;-4098.03418
401477;5863048.5;-4097.57959
401537.3125;5863048.5;-4097.111328
401597.5938;5863048.5;-4096.594727
401657.9063;5863048.5;-4096.035645
401718.2188;5863048.5;-4095.431152
401778.5;5863048.5;-4094.760254
401838.8125;5863048.5;-4094.003662
401899.0938;5863048.5;-4093.158691
401959.4063;5863048.5;-4092.219238
402019.7188;5863048.5;-4091.14917
402080;5863048.5;-4089.928467
402140.3125;5863048.5;-4088.641113
402200.625;5863048.5;-4087.302734
402260.9063;5863048.5;-4085.923584
402321.2188;5863048.5;-4084.605225
402381.5;5863048.5;-4083.372559
402441.8125;5863048.5;-4082.19458
402502.125;5863048.5;-4081.098145
402562.4063;5863048.5;-4080.115967
402622.7188;5863048.5;-4079.241211
402683.0313;5863048.5;-4078.490967
402743.3125;5863048.5;-4077.902588
402803.625;5863048.5;-4077.504639
402863.9063;5863048.5;-4077.272461
402924.2188;5863048.5;-4077.203857
402984.5313;5863048.5;-4084.097656
403044.8125;5863048.5;-4084.376465
403105.125;5863048.5;-4084.618408
403165.4375;5863048.5;-4084.908203
403225.7188;5863048.5;-4085.256348
403286.0313;5863048.5;-4085.596436
403346.3125;5863048.5;-4085.960938
403406.625;5863048.5;-4086.328125
403466.9375;5863048.5;-4086.620117
403527.2188;5863048.5;-4086.981934
403587.5313;5863048.5;-4087.511719
403647.8438;5863048.5;-4088.175293
403708.125;5863048.5;-4089.119873
403768.4375;5863048.5;-4090.167969
403828.7188;5863048.5;-4090.823486
403889.0313;5863048.5;-4090.764404
403949.3438;5863048.5;-4089.356689
404009.625;5863048.5;-4085.940674
404069.9375;5863048.5;-4080.993652
404130.25;5863048.5;-4074.812012
404190.5313;5863048.5;-4067.539307
404250.8438;5863048.5;-4060.021973
404311.125;5863048.5;-4053.125732
404371.4375;5863048.5;-4047.315674
404431.75;5863048.5;-4043.144043
404492.0313;5863048.5;-4040.669922
404552.3438;5863048.5;-4039.366211
404612.625;5863048.5;-4038.970459
404672.9375;5863048.5;-4039.168701
404733.25;5863048.5;-4039.672363
404793.5313;5863048.5;-4040.274658
404853.8438;5863048.5;-4040.432373
404914.1563;5863048.5;-4039.889404
404974.4375;5863048.5;-4038.561768
405034.75;5863048.5;-4036.878906
405095.0313;5863048.5;-4034.958984
405155.3438;5863048.5;-4032.923828
405215.6563;5863048.5;-4037.138184
405275.9375;5863048.5;-4034.782227
405336.25;5863048.5;-4032.328613
405396.5625;5863048.5;-4033.880859
405456.8438;5863048.5;-4030.555176
405517.1563;5863048.5;-4027.693604
405577.4375;5863048.5;-4025.976318
405637.75;5863048.5;-4025.460938
405698.0625;5863048.5;-4034.804199
405758.3438;5863048.5;-4032.675781
405818.6563;5863048.5;-4026.59375
405878.9688;5863048.5;-4017.669434
405939.25;5863048.5;-4016.227051
405999.5625;5863048.5;-4016.435303
406059.8438;5863048.5;-4018.243896
406120.1563;5863048.5;-4021.367676
406180.4688;5863048.5;-4024.781982
406240.75;5863048.5;-4027.95752
406301.0625;5863048.5;-4030.639648
406361.375;5863048.5;-4031.851074
406421.6563;5863048.5;-4033.908936
406481.9688;5863048.5;-4035.40625
406542.25;5863048.5;-4036.518066
406602.5625;5863048.5;-4037.193115
406662.875;5863048.5;-4037.591797
406723.1563;5863048.5;-4038.02417
406783.4688;5863048.5;-4038.64624
406843.7813;5863048.5;-4039.675293
406904.0625;5863048.5;-4040.982178
406964.375;5863048.5;-4042.491699
407024.6563;5863048.5;-4044.198242
407084.9688;5863048.5;-4045.969971
407145.2813;5863048.5;-4047.736816
407205.5625;5863048.5;-4049.498535
407265.875;5863048.5;-4051.21582
407326.1875;5863048.5;-4052.88623
407386.4688;5863048.5;-4054.535156
407446.7813;5863048.5;-4056.163818
407507.0625;5863048.5;-4057.768799
407567.375;5863048.5;-4059.329834
407627.6875;5863048.5;-4060.848389
407687.9688;5863048.5;-4062.324463
407748.2813;5863048.5;-4063.728027
407808.5938;5863048.5;-4065.053711
407868.875;5863048.5;-4066.3125
407929.1875;5863048.5;-4067.496338
407989.4688;5863048.5;-4068.623779
408049.7813;5863048.5;-4069.692627
408110.0938;5863048.5;-4070.690918
408170.375;5863048.5;-4071.627441
408230.6875;5863048.5;-4072.50708
408291;5863048.5;-4073.314941
408351.2813;5863048.5;-4074.068848
408411.5938;5863048.5;-4074.785156
408471.875;5863048.5;-4075.451416
408532.1875;5863048.5;-4076.052734
408592.5;5863048.5;-4076.61084
408652.7813;5863048.5;-4077.13208
408713.0938;5863048.5;-4077.613037
408773.4063;5863048.5;-4078.046875
408833.6875;5863048.5;-4078.44043
408894;5863048.5;-4078.798096
408954.2813;5863048.5;-4079.123535
409014.5938;5863048.5;-4079.412109
409074.9063;5863048.5;-4079.66748
409135.1875;5863048.5;-4079.892334
409195.5;5863048.5;-4080.083984
409255.8125;5863048.5;-4080.239502
409316.0938;5863048.5;-4080.366943
409376.4063;5863048.5;-4080.469238
401356.4063;5863109;-4099.137695
401416.6875;5863109;-4098.691895
401477;5863109;-4098.251465
401537.3125;5863109;-4097.803711
401597.5938;5863109;-4097.317383
401657.9063;5863109;-4096.798828
401718.2188;5863109;-4096.242676
401778.5;5863109;-4095.622559
401838.8125;5863109;-4094.909424
401899.0938;5863109;-4094.086426
401959.4063;5863109;-4093.13623
402019.7188;5863109;-4092.002441
402080;5863109;-4090.653564
402140.3125;5863109;-4089.206055
402200.625;5863109;-4087.688232
402260.9063;5863109;-4086.125
402321.2188;5863109;-4084.660889
402381.5;5863109;-4083.317627
402441.8125;5863109;-4082.050781
402502.125;5863109;-4080.878174
402562.4063;5863109;-4079.819824
402622.7188;5863109;-4078.862061
402683.0313;5863109;-4078.027588
402743.3125;5863109;-4077.364014
402803.625;5863109;-4076.928955
402863.9063;5863109;-4076.704346
402924.2188;5863109;-4076.685547
402984.5313;5863109;-4083.275391
403044.8125;5863109;-4083.64917
403105.125;5863109;-4083.984375
403165.4375;5863109;-4084.371094
403225.7188;5863109;-4084.828125
403286.0313;5863109;-4085.284424
403346.3125;5863109;-4085.735596
403406.625;5863109;-4086.135254
403466.9375;5863109;-4086.376709
403527.2188;5863109;-4086.617432
403587.5313;5863109;-4087.041748
403647.8438;5863109;-4087.704834
403708.125;5863109;-4088.875
403768.4375;5863109;-4090.414795
403828.7188;5863109;-4091.681396
403889.0313;5863109;-4092.228516
403949.3438;5863109;-4091.201904
404009.625;5863109;-4087.603271
404069.9375;5863109;-4081.97583
404130.25;5863109;-4074.72583
404190.5313;5863109;-4066.13501
404250.8438;5863109;-4057.239014
404311.125;5863109;-4049.099854
404371.4375;5863109;-4042.384521
404431.75;5863109;-4037.933105
404492.0313;5863109;-4035.726563
404552.3438;5863109;-4034.834961
404612.625;5863109;-4034.84082
404672.9375;5863109;-4035.4021
404733.25;5863109;-4036.307373
404793.5313;5863109;-4037.3396
404853.8438;5863109;-4037.67041
404914.1563;5863109;-4037.083984
404974.4375;5863109;-4035.699219
405034.75;5863109;-4033.962158
405095.0313;5863109;-4031.961914
405155.3438;5863109;-4029.743652
405215.6563;5863109;-4027.137207
405275.9375;5863109;-4031.44165
405336.25;5863109;-4027.980957
405396.5625;5863109;-4026.834717
405456.8438;5863109;-4023.07959
405517.1563;5863109;-4019.793213
405577.4375;5863109;-4018.300781
405637.75;5863109;-4018.810791
405698.0625;5863109;-4031.420166
405758.3438;5863109;-4030.776123
405818.6563;5863109;-4027.549316
405878.9688;5863109;-4016.815918
405939.25;5863109;-4014.362549
405999.5625;5863109;-4014.455078
406059.8438;5863109;-4015.910156
406120.1563;5863109;-4018.555908
406180.4688;5863109;-4021.642822
406240.75;5863109;-4024.665771
406301.0625;5863109;-4027.38501
406361.375;5863109;-4028.743164
406421.6563;5863109;-4031.044434
406481.9688;5863109;-4032.850586
406542.25;5863109;-4034.307373
406602.5625;5863109;-4035.322266
406662.875;5863109;-4036.009033
406723.1563;5863109;-4036.676514
406783.4688;5863109;-4037.452148
406843.7813;5863109;-4038.508057
406904.0625;5863109;-4039.74707
406964.375;5863109;-4041.137695
407024.6563;5863109;-4042.709961
407084.9688;5863109;-4044.34375
407145.2813;5863109;-4045.993408
407205.5625;5863109;-4047.671875
407265.875;5863109;-4049.333008
407326.1875;5863109;-4050.973145
407386.4688;5863109;-4052.605713
407446.7813;5863109;-4054.225098
407507.0625;5863109;-4055.824707
407567.375;5863109;-4057.382568
407627.6875;5863109;-4058.899658
407687.9688;5863109;-4060.378174
407748.2813;5863109;-4061.786621
407808.5938;5863109;-4063.121094
407868.875;5863109;-4064.392334
407929.1875;5863109;-4065.59082
407989.4688;5863109;-4066.734375
408049.7813;5863109;-4067.819824
408110.0938;5863109;-4068.836182
408170.375;5863109;-4069.79126
408230.6875;5863109;-4070.690186
408291;5863109;-4071.518066
408351.2813;5863109;-4072.292725
408411.5938;5863109;-4073.030029
408471.875;5863109;-4073.717041
408532.1875;5863109;-4074.3396
408592.5;5863109;-4074.918945
408652.7813;5863109;-4075.460449
408713.0938;5863109;-4075.961426
408773.4063;5863109;-4076.415039
408833.6875;5863109;-4076.827393
408894;5863109;-4077.203857
408954.2813;5863109;-4077.547119
409014.5938;5863109;-4077.852295
409074.9063;5863109;-4078.124268
409135.1875;5863109;-4078.364258
409195.5;5863109;-4078.571289
409255.8125;5863109;-4078.740479
409316.0938;5863109;-4078.880859
409376.4063;5863109;-4078.994873
401356.4063;5863169.5;-4099.751465
401416.6875;5863169.5;-4099.325195
401477;5863169.5;-4098.911621
401537.3125;5863169.5;-4098.5
401597.5938;5863169.5;-4098.064453
401657.9063;5863169.5;-4097.612793
401718.2188;5863169.5;-4097.137207
401778.5;5863169.5;-4096.601563
401838.8125;5863169.5;-4095.960938
401899.0938;5863169.5;-4095.176758
401959.4063;5863169.5;-4094.211426
402019.7188;5863169.5;-4092.982666
402080;5863169.5;-4091.44458
402140.3125;5863169.5;-4089.763672
402200.625;5863169.5;-4087.992676
402260.9063;5863169.5;-4086.186768
402321.2188;5863169.5;-4084.552002
402381.5;5863169.5;-4083.099854
402441.8125;5863169.5;-4081.764648
402502.125;5863169.5;-4080.547852
402562.4063;5863169.5;-4079.444092
402622.7188;5863169.5;-4078.427734
402683.0313;5863169.5;-4077.522705
402743.3125;5863169.5;-4076.790771
402803.625;5863169.5;-4076.324951
402863.9063;5863169.5;-4076.122559
402924.2188;5863169.5;-4076.179688
402984.5313;5863169.5;-4082.462646
403044.8125;5863169.5;-4082.945801
403105.125;5863169.5;-4083.371094
403165.4375;5863169.5;-4083.845459
403225.7188;5863169.5;-4084.411865
403286.0313;5863169.5;-4085.00415
403346.3125;5863169.5;-4085.562256
403406.625;5863169.5;-4085.994385
403466.9375;5863169.5;-4086.143311
403527.2188;5863169.5;-4086.15625
403587.5313;5863169.5;-4086.336182
403647.8438;5863169.5;-4086.874512
403708.125;5863169.5;-4088.23877
403768.4375;5863169.5;-4090.381104
403828.7188;5863169.5;-4092.484863
403889.0313;5863169.5;-4093.959229
403949.3438;5863169.5;-4093.657715
404009.625;5863169.5;-4090.025879
404069.9375;5863169.5;-4083.657227
404130.25;5863169.5;-4075.1604
404190.5313;5863169.5;-4065.075195
404250.8438;5863169.5;-4054.654785
404311.125;5863169.5;-4045.112305
404371.4375;5863169.5;-4037.294678
404431.75;5863169.5;-4032.55957
404492.0313;5863169.5;-4030.796875
404552.3438;5863169.5;-4030.415283
404612.625;5863169.5;-4030.835205
404672.9375;5863169.5;-4031.686279
404733.25;5863169.5;-4032.813721
404793.5313;5863169.5;-4034.019043
404853.8438;5863169.5;-4034.467285
404914.1563;5863169.5;-4033.939453
404974.4375;5863169.5;-4033.046143
405034.75;5863169.5;-4030.873535
405095.0313;5863169.5;-4028.818848
405155.3438;5863169.5;-4026.411377
405215.6563;5863169.5;-4023.352783
405275.9375;5863169.5;-4019.523193
405336.25;5863169.5;-4023.345947
405396.5625;5863169.5;-4018.162598
405456.8438;5863169.5;-4015.428223
405517.1563;5863169.5;-4012.034912
405577.4375;5863169.5;-4010.537109
405637.75;5863169.5;-4010.210449
405698.0625;5863169.5;-4024.329346
405758.3438;5863169.5;-4026.116455
405818.6563;5863169.5;-4024.628174
405878.9688;5863169.5;-4022.547607
405939.25;5863169.5;-4012.216309
405999.5625;5863169.5;-4012.29834
406059.8438;5863169.5;-4013.539795
406120.1563;5863169.5;-4015.90625
406180.4688;5863169.5;-4018.801025
406240.75;5863169.5;-4021.72876
406301.0625;5863169.5;-4022.964355
406361.375;5863169.5;-4025.907959
406421.6563;5863169.5;-4028.383789
406481.9688;5863169.5;-4030.420166
406542.25;5863169.5;-4032.137451
406602.5625;5863169.5;-4033.417969
406662.875;5863169.5;-4034.340088
406723.1563;5863169.5;-4035.204834
406783.4688;5863169.5;-4036.117188
406843.7813;5863169.5;-4037.212646
406904.0625;5863169.5;-4038.416016
406964.375;5863169.5;-4039.729004
407024.6563;5863169.5;-4041.209717
407084.9688;5863169.5;-4042.744141
407145.2813;5863169.5;-4044.307861
407205.5625;5863169.5;-4045.926025
407265.875;5863169.5;-4047.546143
407326.1875;5863169.5;-4049.163086
407386.4688;5863169.5;-4050.783691
407446.7813;5863169.5;-4052.394531
407507.0625;5863169.5;-4053.989258
407567.375;5863169.5;-4055.542969
407627.6875;5863169.5;-4057.057861
407687.9688;5863169.5;-4058.535156
407748.2813;5863169.5;-4059.945801
407808.5938;5863169.5;-4061.284912
407868.875;5863169.5;-4062.563232
407929.1875;5863169.5;-4063.77124
407989.4688;5863169.5;-4064.925049
408049.7813;5863169.5;-4066.022705
408110.0938;5863169.5;-4067.051758
408170.375;5863169.5;-4068.021484
408230.6875;5863169.5;-4068.936279
408291;5863169.5;-4069.780762
408351.2813;5863169.5;-4070.572998
408411.5938;5863169.5;-4071.328369
408471.875;5863169.5;-4072.034668
408532.1875;5863169.5;-4072.675781
408592.5;5863169.5;-4073.273682
408652.7813;5863169.5;-4073.83374
408713.0938;5863169.5;-4074.352539
408773.4063;5863169.5;-4074.824219
408833.6875;5863169.5;-4075.254395
408894;5863169.5;-4075.646973
408954.2813;5863169.5;-4076.007324
409014.5938;5863169.5;-4076.328613
409074.9063;5863169.5;-4076.615479
409135.1875;5863169.5;-4076.871094
409195.5;5863169.5;-4077.091553
409255.8125;5863169.5;-4077.273682
409316.0938;5863169.5;-4077.42627
409376.4063;5863169.5;-4077.552002
401356.4063;5863230;-4100.32959
401416.6875;5863230;-4099.936523
401477;5863230;-4099.563477
401537.3125;5863230;-4099.205566
401597.5938;5863230;-4098.84668
401657.9063;5863230;-4098.496094
401718.2188;5863230;-4098.13916
401778.5;5863230;-4097.72998
401838.8125;5863230;-4097.193848
401899.0938;5863230;-4096.458496
401959.4063;5863230;-4095.459961
402019.7188;5863230;-4094.078857
402080;5863230;-4092.258301
402140.3125;5863230;-4090.240723
402200.625;5863230;-4088.118164
402260.9063;5863230;-4085.996094
402321.2188;5863230;-4084.172607
402381.5;5863230;-4082.631836
402441.8125;5863230;-4081.269531
402502.125;5863230;-4080.065918
402562.4063;5863230;-4078.977295
402622.7188;5863230;-4077.956055
402683.0313;5863230;-4077.022461
402743.3125;5863230;-4076.251465
402803.625;5863230;-4075.782471
402863.9063;5863230;-4075.637207
402924.2188;5863230;-4080.981445
402984.5313;5863230;-4081.56543
403044.8125;5863230;-4082.172119
403105.125;5863230;-4082.676025
403165.4375;5863230;-4083.213379
403225.7188;5863230;-4083.886475
403286.0313;5863230;-4084.651367
403346.3125;5863230;-4085.36792
403406.625;5863230;-4085.873535
403466.9375;5863230;-4085.920898
403527.2188;5863230;-4085.604492
403587.5313;5863230;-4085.375977
403647.8438;5863230;-4085.631348
403708.125;5863230;-4087.138184
403768.4375;5863230;-4090.001953
403828.7188;5863230;-4093.213623
403889.0313;5863230;-4095.96582
403949.3438;5863230;-4096.772461
404009.625;5863230;-4093.324463
404069.9375;5863230;-4086.197266
404130.25;5863230;-4076.360352
404190.5313;5863230;-4064.749268
404250.8438;5863230;-4052.880371
404311.125;5863230;-4041.979736
404371.4375;5863230;-4032.998047
404431.75;5863230;-4027.948975
404492.0313;5863230;-4026.637451
404552.3438;5863230;-4026.669434
404612.625;5863230;-4027.328369
404672.9375;5863230;-4028.270508
404733.25;5863230;-4029.352051
404793.5313;5863230;-4030.412598
404853.8438;5863230;-4030.895752
404914.1563;5863230;-4030.588379
404974.4375;5863230;-4029.828369
405034.75;5863230;-4028.650146
405095.0313;5863230;-4025.547607
405155.3438;5863230;-4022.978027
405215.6563;5863230;-4019.52417
405275.9375;5863230;-4015.053223
405336.25;5863230;-4009.548096
405396.5625;5863230;-4013.145996
405456.8438;5863230;-4008.622803
405517.1563;5863230;-4006.109863
405577.4375;5863230;-4004.882568
405637.75;5863230;-4001.916504
405698.0625;5863230;-4014.962402
405758.3438;5863230;-4019.428467
405818.6563;5863230;-4020.900635
405878.9688;5863230;-4020.223633
405939.25;5863230;-4019.238037
405999.5625;5863230;-4010.470703
406059.8438;5863230;-4011.630371
406120.1563;5863230;-4013.838135
406180.4688;5863230;-4016.609863
406240.75;5863230;-4017.038574
406301.0625;5863230;-4020.255371
406361.375;5863230;-4023.221436
406421.6563;5863230;-4025.78418
406481.9688;5863230;-4027.959961
406542.25;5863230;-4029.848389
406602.5625;5863230;-4031.336182
406662.875;5863230;-4032.486328
406723.1563;5863230;-4033.557129
406783.4688;5863230;-4034.629883
406843.7813;5863230;-4035.806396
406904.0625;5863230;-4037.036621
406964.375;5863230;-4038.339844
407024.6563;5863230;-4039.775879
407084.9688;5863230;-4041.258301
407145.2813;5863230;-4042.776123
407205.5625;5863230;-4044.35376
407265.875;5863230;-4045.945313
407326.1875;5863230;-4047.543457
407386.4688;5863230;-4049.149414
407446.7813;5863230;-4050.748047
407507.0625;5863230;-4052.331543
407567.375;5863230;-4053.873535
407627.6875;5863230;-4055.378418
407687.9688;5863230;-4056.84668
407748.2813;5863230;-4058.250488
407808.5938;5863230;-4059.585938
407868.875;5863230;-4060.862793
407929.1875;5863230;-4062.072021
407989.4688;5863230;-4063.228271
408049.7813;5863230;-4064.330078
408110.0938;5863230;-4065.365479
408170.375;5863230;-4066.343262
408230.6875;5863230;-4067.267578
408291;5863230;-4068.123779
408351.2813;5863230;-4068.928955
408411.5938;5863230;-4069.69751
408471.875;5863230;-4070.416992
408532.1875;5863230;-4071.073242
408592.5;5863230;-4071.685547
408652.7813;5863230;-4072.260254
408713.0938;5863230;-4072.794189
408773.4063;5863230;-4073.279785
408833.6875;5863230;-4073.724365
408894;5863230;-4074.131348
408954.2813;5863230;-4074.505371
409014.5938;5863230;-4074.840576
409074.9063;5863230;-4075.140137
409135.1875;5863230;-4075.407959
409195.5;5863230;-4075.640869
409255.8125;5863230;-4075.833496
409316.0938;5863230;-4075.997314
409376.4063;5863230;-4076.133545
401356.4063;5863291;-4100.839355
401416.6875;5863291;-4100.492188
401477;5863291;-4100.173828
401537.3125;5863291;-4099.88916
401597.5938;5863291;-4099.63916
401657.9063;5863291;-4099.432129
401718.2188;5863291;-4099.244629
401778.5;5863291;-4099.013184
401838.8125;5863291;-4098.616211
401899.0938;5863291;-4097.931152
401959.4063;5863291;-4096.857422
402019.7188;5863291;-4095.227051
402080;5863291;-4092.979248
402140.3125;5863291;-4090.470947
402200.625;5863291;-4087.861084
402260.9063;5863291;-4085.342041
402321.2188;5863291;-4083.325195
402381.5;5863291;-4081.731934
402441.8125;5863291;-4080.394775
402502.125;5863291;-4079.254883
402562.4063;5863291;-4078.225098
402622.7188;5863291;-4077.234619
402683.0313;5863291;-4076.300049
402743.3125;5863291;-4075.508789
402803.625;5863291;-4075.055908
402863.9063;5863291;-4075.005615
402924.2188;5863291;-4079.842529
402984.5313;5863291;-4080.705322
403044.8125;5863291;-4081.436035
403105.125;5863291;-4081.932861
403165.4375;5863291;-4082.421143
403225.7188;5863291;-4083.151855
403286.0313;5863291;-4084.138916
403346.3125;5863291;-4085.114258
403406.625;5863291;-4085.803467
403466.9375;5863291;-4085.81958
403527.2188;5863291;-4085.099609
403587.5313;5863291;-4084.266846
403647.8438;5863291;-4084.013916
403708.125;5863291;-4085.541016
403768.4375;5863291;-4089.198242
403828.7188;5863291;-4093.72583
403889.0313;5863291;-4097.901855
403949.3438;5863291;-4099.995117
404009.625;5863291;-4096.886719
404069.9375;5863291;-4089.05249
404130.25;5863291;-4078.122559
404190.5313;5863291;-4065.397461
404250.8438;5863291;-4052.641357
404311.125;5863291;-4041.076904
404371.4375;5863291;-4031.604248
404431.75;5863291;-4026.197266
404492.0313;5863291;-4024.604736
404552.3438;5863291;-4024.383789
404612.625;5863291;-4024.791992
404672.9375;5863291;-4025.471191
404733.25;5863291;-4026.27417
404793.5313;5863291;-4027.060059
404853.8438;5863291;-4027.44458
404914.1563;5863291;-4027.228516
404974.4375;5863291;-4026.55542
405034.75;5863291;-4025.44043
405095.0313;5863291;-4023.927002
405155.3438;5863291;-4019.696777
405215.6563;5863291;-4016.067139
405275.9375;5863291;-4011.317627
405336.25;5863291;-4005.46167
405396.5625;5863291;-3999.033447
405456.8438;5863291;-4006.008789
405517.1563;5863291;-4005.893555
405577.4375;5863291;-4006.322021
405637.75;5863291;-4004.692627
405698.0625;5863291;-4014.868896
405758.3438;5863291;-4017.935059
405818.6563;5863291;-4019.348145
405878.9688;5863291;-4018.720215
405939.25;5863291;-4017.713379
405999.5625;5863291;-4017.282227
406059.8438;5863291;-4010.056885
406120.1563;5863291;-4012.174805
406180.4688;5863291;-4011.682861
406240.75;5863291;-4014.844482
406301.0625;5863291;-4017.995361
406361.375;5863291;-4020.934326
406421.6563;5863291;-4023.522461
406481.9688;5863291;-4025.770752
406542.25;5863291;-4027.753906
406602.5625;5863291;-4029.375244
406662.875;5863291;-4030.688232
406723.1563;5863291;-4031.912598
406783.4688;5863291;-4033.112061
406843.7813;5863291;-4034.361572
406904.0625;5863291;-4035.632568
406964.375;5863291;-4036.950928
407024.6563;5863291;-4038.376221
407084.9688;5863291;-4039.840088
407145.2813;5863291;-4041.339111
407205.5625;5863291;-4042.898926
407265.875;5863291;-4044.475098
407326.1875;5863291;-4046.061768
407386.4688;5863291;-4047.654297
407446.7813;5863291;-4049.240234
407507.0625;5863291;-4050.80957
407567.375;5863291;-4052.336914
407627.6875;5863291;-4053.827148
407687.9688;5863291;-4055.281494
407748.2813;5863291;-4056.67334
407808.5938;5863291;-4058.000244
407868.875;5863291;-4059.27002
407929.1875;5863291;-4060.475342
407989.4688;5863291;-4061.629395
408049.7813;5863291;-4062.730957
408110.0938;5863291;-4063.768799
408170.375;5863291;-4064.750732
408230.6875;5863291;-4065.681152
408291;5863291;-4066.545654
408351.2813;5863291;-4067.360352
408411.5938;5863291;-4068.138916
408471.875;5863291;-4068.869873
408532.1875;5863291;-4069.537354
408592.5;5863291;-4070.162109
408652.7813;5863291;-4070.749756
408713.0938;5863291;-4071.29541
408773.4063;5863291;-4071.794678
408833.6875;5863291;-4072.251709
408894;5863291;-4072.671387
408954.2813;5863291;-4073.058105
409014.5938;5863291;-4073.405273
409074.9063;5863291;-4073.716553
409135.1875;5863291;-4073.99585
409195.5;5863291;-4074.239502
409255.8125;5863291;-4074.442383
409316.0938;5863291;-4074.615479
409376.4063;5863291;-4074.760498
401356.4063;5863351.5;-4101.271484
401416.6875;5863351.5;-4100.979492
401477;5863351.5;-4100.727051
401537.3125;5863351.5;-4100.531738
401597.5938;5863351.5;-4100.419434
401657.9063;5863351.5;-4100.397949
401718.2188;5863351.5;-4100.433105
401778.5;5863351.5;-4100.432617
401838.8125;5863351.5;-4100.210938
401899.0938;5863351.5;-4099.577148
401959.4063;5863351.5;-4098.381348
402019.7188;5863351.5;-4096.398438
402080;5863351.5;-4093.57959
402140.3125;5863351.5;-4090.445801
402200.625;5863351.5;-4087.263916
402260.9063;5863351.5;-4084.348633
402321.2188;5863351.5;-4082.206055
402381.5;5863351.5;-4080.647705
402441.8125;5863351.5;-4079.397949
402502.125;5863351.5;-4078.331787
402562.4063;5863351.5;-4077.327393
402622.7188;5863351.5;-4076.33252
402683.0313;5863351.5;-4075.366455
402743.3125;5863351.5;-4074.528076
402803.625;5863351.5;-4074.072754
402863.9063;5863351.5;-4074.147949
402924.2188;5863351.5;-4078.601318
402984.5313;5863351.5;-4079.939697
403044.8125;5863351.5;-4080.799072
403105.125;5863351.5;-4081.10376
403165.4375;5863351.5;-4081.302246
403225.7188;5863351.5;-4081.973145
403286.0313;5863351.5;-4083.240723
403346.3125;5863351.5;-4084.63623
403406.625;5863351.5;-4085.740723
403466.9375;5863351.5;-4085.994629
403527.2188;5863351.5;-4084.96875
403587.5313;5863351.5;-4083.417969
403647.8438;5863351.5;-4082.406006
403708.125;5863351.5;-4083.738281
403768.4375;5863351.5;-4088
403828.7188;5863351.5;-4093.452148
403889.0313;5863351.5;-4098.45752
403949.3438;5863351.5;-4101.282715
404009.625;5863351.5;-4098.345215
404069.9375;5863351.5;-4090.101074
404130.25;5863351.5;-4078.912109
404190.5313;5863351.5;-4066.135254
404250.8438;5863351.5;-4053.518066
404311.125;5863351.5;-4042.268066
404371.4375;5863351.5;-4033.140625
404431.75;5863351.5;-4027.411133
404492.0313;5863351.5;-4024.845459
404552.3438;5863351.5;-4023.736572
404612.625;5863351.5;-4023.450439
404672.9375;5863351.5;-4023.581543
404733.25;5863351.5;-4023.925537
404793.5313;5863351.5;-4024.335938
404853.8438;5863351.5;-4024.476318
404914.1563;5863351.5;-4024.172119
404974.4375;5863351.5;-4023.491211
405034.75;5863351.5;-4022.406738
405095.0313;5863351.5;-4020.942383
405155.3438;5863351.5;-4018.975342
405215.6563;5863351.5;-4013.20752
405275.9375;5863351.5;-4008.569824
405336.25;5863351.5;-4002.799072
405396.5625;5863351.5;-3996.36377
405456.8438;5863351.5;-3991.611084
405517.1563;5863351.5;-3991.82251
405577.4375;5863351.5;-4016.206787
405637.75;5863351.5;-4016.481201
405698.0625;5863351.5;-4024.192383
405758.3438;5863351.5;-4022.739502
405818.6563;5863351.5;-4021.280762
405878.9688;5863351.5;-4019.059814
405939.25;5863351.5;-4017.229004
405999.5625;5863351.5;-4016.371094
406059.8438;5863351.5;-4016.787109
406120.1563;5863351.5;-4009.672119
406180.4688;5863351.5;-4010.091309
406240.75;5863351.5;-4013.128418
406301.0625;5863351.5;-4016.174072
406361.375;5863351.5;-4019.037598
406421.6563;5863351.5;-4021.599365
406481.9688;5863351.5;-4023.868164
406542.25;5863351.5;-4025.895508
406602.5625;5863351.5;-4027.596436
406662.875;5863351.5;-4029.020264
406723.1563;5863351.5;-4030.355713
406783.4688;5863351.5;-4031.651123
406843.7813;5863351.5;-4032.961914
406904.0625;5863351.5;-4034.276123
406964.375;5863351.5;-4035.623535
407024.6563;5863351.5;-4037.055664
407084.9688;5863351.5;-4038.519531
407145.2813;5863351.5;-4040.016113
407205.5625;5863351.5;-4041.567627
407265.875;5863351.5;-4043.13501
407326.1875;5863351.5;-4044.710449
407386.4688;5863351.5;-4046.289307
407446.7813;5863351.5;-4047.858887
407507.0625;5863351.5;-4049.410645
407567.375;5863351.5;-4050.918457
407627.6875;5863351.5;-4052.389893
407687.9688;5863351.5;-4053.826172
407748.2813;5863351.5;-4055.202393
407808.5938;5863351.5;-4056.515625
407868.875;5863351.5;-4057.774902
407929.1875;5863351.5;-4058.971436
407989.4688;5863351.5;-4060.119629
408049.7813;5863351.5;-4061.217285
408110.0938;5863351.5;-4062.25415
408170.375;5863351.5;-4063.237549
408230.6875;5863351.5;-4064.171387
408291;5863351.5;-4065.041016
408351.2813;5863351.5;-4065.862549
408411.5938;5863351.5;-4066.64917
408471.875;5863351.5;-4067.387939
408532.1875;5863351.5;-4068.065674
408592.5;5863351.5;-4068.700439
408652.7813;5863351.5;-4069.298584
408713.0938;5863351.5;-4069.855469
408773.4063;5863351.5;-4070.365723
408833.6875;5863351.5;-4070.83374
408894;5863351.5;-4071.264648
408954.2813;5863351.5;-4071.662354
409014.5938;5863351.5;-4072.020752
409074.9063;5863351.5;-4072.342285
409135.1875;5863351.5;-4072.63208
409195.5;5863351.5;-4072.885742
409255.8125;5863351.5;-4073.098389
409316.0938;5863351.5;-4073.279785
409376.4063;5863351.5;-4073.433594
401356.4063;5863412;-4101.65625
401416.6875;5863412;-4101.424805
401477;5863412;-4101.244141
401537.3125;5863412;-4101.147949
401597.5938;5863412;-4101.193359
401657.9063;5863412;-4101.390137
401718.2188;5863412;-4101.688965
401778.5;5863412;-4101.968262
401838.8125;5863412;-4101.962402
401899.0938;5863412;-4101.398438
401959.4063;5863412;-4100.063965
402019.7188;5863412;-4097.671387
402080;5863412;-4094.20459
402140.3125;5863412;-4090.404541
402200.625;5863412;-4086.689453
402260.9063;5863412;-4083.514648
402321.2188;5863412;-4081.361328
402381.5;5863412;-4079.951416
402441.8125;5863412;-4078.848633
402502.125;5863412;-4077.826416
402562.4063;5863412;-4076.736328
402622.7188;5863412;-4075.628906
402683.0313;5863412;-4074.543701
402743.3125;5863412;-4073.582764
402803.625;5863412;-4073.063965
402863.9063;5863412;-4073.270752
402924.2188;5863412;-4077.203613
402984.5313;5863412;-4079.296143
403044.8125;5863412;-4080.390137
403105.125;5863412;-4080.209473
403165.4375;5863412;-4079.80835
403225.7188;5863412;-4080.316895
403286.0313;5863412;-4081.881592
403346.3125;5863412;-4083.833496
403406.625;5863412;-4085.610352
403466.9375;5863412;-4086.451416
403527.2188;5863412;-4085.418213
403587.5313;5863412;-4083.265137
403647.8438;5863412;-4081.438721
403708.125;5863412;-4082.367188
403768.4375;5863412;-4086.64502
403828.7188;5863412;-4091.952881
403889.0313;5863412;-4096.612305
403949.3438;5863412;-4099.10791
404009.625;5863412;-4096.279785
404069.9375;5863412;-4088.598633
404130.25;5863412;-4078.227539
404190.5313;5863412;-4066.304688
404250.8438;5863412;-4054.493652
404311.125;5863412;-4043.955322
404371.4375;5863412;-4035.324707
404431.75;5863412;-4029.381592
404492.0313;5863412;-4025.950684
404552.3438;5863412;-4023.95459
404612.625;5863412;-4022.902832
404672.9375;5863412;-4022.419189
404733.25;5863412;-4022.245361
404793.5313;5863412;-4022.221436
404853.8438;5863412;-4022.030029
404914.1563;5863412;-4021.528076
404974.4375;5863412;-4020.752441
405034.75;5863412;-4019.631348
405095.0313;5863412;-4018.183838
405155.3438;5863412;-4016.329346
405215.6563;5863412;-4013.645996
405275.9375;5863412;-4006.778809
405336.25;5863412;-4001.813721
405396.5625;5863412;-3996.440674
405456.8438;5863412;-3992.54126
405517.1563;5863412;-3992.432373
405577.4375;5863412;-4002.562744
405637.75;5863412;-4026.728516
405698.0625;5863412;-4025.925781
405758.3438;5863412;-4023.590576
405818.6563;5863412;-4022.822754
405878.9688;5863412;-4019.298828
405939.25;5863412;-4016.791992
405999.5625;5863412;-4015.605957
406059.8438;5863412;-4015.834229
406120.1563;5863412;-4006.140869
406180.4688;5863412;-4008.809326
406240.75;5863412;-4011.706543
406301.0625;5863412;-4014.631348
406361.375;5863412;-4017.40332
406421.6563;5863412;-4019.916504
406481.9688;5863412;-4022.17627
406542.25;5863412;-4024.218262
406602.5625;5863412;-4025.97168
406662.875;5863412;-4027.484619
406723.1563;5863412;-4028.910889
406783.4688;5863412;-4030.291016
406843.7813;5863412;-4031.665771
406904.0625;5863412;-4033.03418
406964.375;5863412;-4034.423584
407024.6563;5863412;-4035.875244
407084.9688;5863412;-4037.352051
407145.2813;5863412;-4038.854492
407205.5625;5863412;-4040.400146
407265.875;5863412;-4041.957764
407326.1875;5863412;-4043.518799
407386.4688;5863412;-4045.077393
407446.7813;5863412;-4046.624023
407507.0625;5863412;-4048.151123
407567.375;5863412;-4049.633545
407627.6875;5863412;-4051.079102
407687.9688;5863412;-4052.491455
407748.2813;5863412;-4053.845947
407808.5938;5863412;-4055.140137
407868.875;5863412;-4056.382324
407929.1875;5863412;-4057.565918
407989.4688;5863412;-4058.703857
408049.7813;5863412;-4059.792725
408110.0938;5863412;-4060.824219
408170.375;5863412;-4061.804443
408230.6875;5863412;-4062.736572
408291;5863412;-4063.607178
408351.2813;5863412;-4064.431396
408411.5938;5863412;-4065.22168
408471.875;5863412;-4065.965332
408532.1875;5863412;-4066.648438
408592.5;5863412;-4067.290283
408652.7813;5863412;-4067.894531
408713.0938;5863412;-4068.459229
408773.4063;5863412;-4068.977295
408833.6875;5863412;-4069.454102
408894;5863412;-4069.893066
408954.2813;5863412;-4070.299072
409014.5938;5863412;-4070.665771
409074.9063;5863412;-4070.995361
409135.1875;5863412;-4071.292969
409195.5;5863412;-4071.554688
409255.8125;5863412;-4071.77417
409316.0938;5863412;-4071.962646
409376.4063;5863412;-4072.123047
401356.4063;5863472.5;-4101.985352
401416.6875;5863472.5;-4101.813965
401477;5863472.5;-4101.703125
401537.3125;5863472.5;-4101.706055
401597.5938;5863472.5;-4101.919434
401657.9063;5863472.5;-4102.356445
401718.2188;5863472.5;-4102.95459
401778.5;5863472.5;-4103.562012
401838.8125;5863472.5;-4103.825684
401899.0938;5863472.5;-4103.369629
401959.4063;5863472.5;-4101.910156
402019.7188;5863472.5;-4099.086426
402080;5863472.5;-4094.951172
402140.3125;5863472.5;-4090.547852
402200.625;5863472.5;-4086.512695
402260.9063;5863472.5;-4083.381592
402321.2188;5863472.5;-4081.239746
402381.5;5863472.5;-4080.044189
402441.8125;5863472.5;-4079.153809
402502.125;5863472.5;-4078.152588
402562.4063;5863472.5;-4076.749512
402622.7188;5863472.5;-4075.303467
402683.0313;5863472.5;-4073.919189
402743.3125;5863472.5;-4072.684814
402803.625;5863472.5;-4071.973633
402863.9063;5863472.5;-4072.217529
402924.2188;5863472.5;-4075.755127
402984.5313;5863472.5;-4078.977783
403044.8125;5863472.5;-4080.621582
403105.125;5863472.5;-4079.261475
403165.4375;5863472.5;-4077.804199
403225.7188;5863472.5;-4078.286377
403286.0313;5863472.5;-4080.175537
403346.3125;5863472.5;-4082.678711
403406.625;5863472.5;-4085.128906
403466.9375;5863472.5;-4086.579346
403527.2188;5863472.5;-4085.883545
403587.5313;5863472.5;-4083.787354
403647.8438;5863472.5;-4081.762939
403708.125;5863472.5;-4082.190918
403768.4375;5863472.5;-4085.540283
403828.7188;5863472.5;-4089.551025
403889.0313;5863472.5;-4092.9021
403949.3438;5863472.5;-4094.275635
404009.625;5863472.5;-4091.510986
404069.9375;5863472.5;-4085.097412
404130.25;5863472.5;-4076.221191
404190.5313;5863472.5;-4065.693359
404250.8438;5863472.5;-4055.075439
404311.125;5863472.5;-4045.46875
404371.4375;5863472.5;-4037.396729
404431.75;5863472.5;-4031.396973
404492.0313;5863472.5;-4027.376221
404552.3438;5863472.5;-4024.662354
404612.625;5863472.5;-4022.922363
404672.9375;5863472.5;-4021.838379
404733.25;5863472.5;-4021.133789
404793.5313;5863472.5;-4020.640381
404853.8438;5863472.5;-4020.060303
404914.1563;5863472.5;-4019.282227
404974.4375;5863472.5;-4018.33374
405034.75;5863472.5;-4017.108643
405095.0313;5863472.5;-4015.630615
405155.3438;5863472.5;-4013.878174
405215.6563;5863472.5;-4011.531006
405275.9375;5863472.5;-4008.620605
405336.25;5863472.5;-4001.633057
405396.5625;5863472.5;-3998.084473
405456.8438;5863472.5;-3996.637451
405517.1563;5863472.5;-3998.662109
405577.4375;5863472.5;-4004.765625
405637.75;5863472.5;-4011.580078
405698.0625;5863472.5;-4026.019287
405758.3438;5863472.5;-4024.448242
405818.6563;5863472.5;-4021.408203
405878.9688;5863472.5;-4017.843018
405939.25;5863472.5;-4016.256104
405999.5625;5863472.5;-4015.019287
406059.8438;5863472.5;-4003.413086
406120.1563;5863472.5;-4005.318359
406180.4688;5863472.5;-4007.835449
406240.75;5863472.5;-4010.580566
406301.0625;5863472.5;-4013.365723
406361.375;5863472.5;-4016.025635
406421.6563;5863472.5;-4018.466553
406481.9688;5863472.5;-4020.69458
406542.25;5863472.5;-4022.726318
406602.5625;5863472.5;-4024.507568
406662.875;5863472.5;-4026.085205
406723.1563;5863472.5;-4027.583496
406783.4688;5863472.5;-4029.031982
406843.7813;5863472.5;-4030.459717
406904.0625;5863472.5;-4031.876709
406964.375;5863472.5;-4033.305664
407024.6563;5863472.5;-4034.776367
407084.9688;5863472.5;-4036.265625
407145.2813;5863472.5;-4037.774902
407205.5625;5863472.5;-4039.313232
407265.875;5863472.5;-4040.858887
407326.1875;5863472.5;-4042.404053
407386.4688;5863472.5;-4043.938965
407446.7813;5863472.5;-4045.460205
407507.0625;5863472.5;-4046.959961
407567.375;5863472.5;-4048.414063
407627.6875;5863472.5;-4049.832031
407687.9688;5863472.5;-4051.218262
407748.2813;5863472.5;-4052.548584
407808.5938;5863472.5;-4053.82251
407868.875;5863472.5;-4055.046631
407929.1875;5863472.5;-4056.21582
407989.4688;5863472.5;-4057.341797
408049.7813;5863472.5;-4058.420898
408110.0938;5863472.5;-4059.445068
408170.375;5863472.5;-4060.420898
408230.6875;5863472.5;-4061.350342
408291;5863472.5;-4062.220459
408351.2813;5863472.5;-4063.046143
408411.5938;5863472.5;-4063.837891
408471.875;5863472.5;-4064.584717
408532.1875;5863472.5;-4065.272705
408592.5;5863472.5;-4065.919922
408652.7813;5863472.5;-4066.530762
408713.0938;5863472.5;-4067.101563
408773.4063;5863472.5;-4067.626953
408833.6875;5863472.5;-4068.11084
408894;5863472.5;-4068.557617
408954.2813;5863472.5;-4068.971436
409014.5938;5863472.5;-4069.345459
409074.9063;5863472.5;-4069.683105
409135.1875;5863472.5;-4069.988037
409195.5;5863472.5;-4070.256592
409255.8125;5863472.5;-4070.48291
409316.0938;5863472.5;-4070.678955
409376.4063;5863472.5;-4070.846436
401356.4063;5863533.5;-4102.266113
401416.6875;5863533.5;-4102.143066
401477;5863533.5;-4102.088867
401537.3125;5863533.5;-4102.179688
401597.5938;5863533.5;-4102.554688
401657.9063;5863533.5;-4103.242676
401718.2188;5863533.5;-4104.173828
401778.5;5863533.5;-4105.17334
401838.8125;5863533.5;-4105.801758
401899.0938;5863533.5;-4105.552734
401959.4063;5863533.5;-4104.04834
402019.7188;5863533.5;-4100.849609
402080;5863533.5;-4096.163086
402140.3125;5863533.5;-4091.496094
402200.625;5863533.5;-4087.753662
402260.9063;5863533.5;-4085.183594
402321.2188;5863533.5;-4082.64917
402381.5;5863533.5;-4081.387939
402441.8125;5863533.5;-4080.74585
402502.125;5863533.5;-4079.90332
402562.4063;5863533.5;-4077.943115
402622.7188;5863533.5;-4075.837646
402683.0313;5863533.5;-4073.924561
402743.3125;5863533.5;-4072.268555
402803.625;5863533.5;-4071.152344
402863.9063;5863533.5;-4071.017578
402924.2188;5863533.5;-4074.096436
402984.5313;5863533.5;-4078.826904
403044.8125;5863533.5;-4081.26709
403105.125;5863533.5;-4078.270264
403165.4375;5863533.5;-4075.345947
403225.7188;5863533.5;-4076.065674
403286.0313;5863533.5;-4078.388184
403346.3125;5863533.5;-4081.256348
403406.625;5863533.5;-4084.077881
403466.9375;5863533.5;-4085.865723
403527.2188;5863533.5;-4085.696289
403587.5313;5863533.5;-4084.301025
403647.8438;5863533.5;-4082.773438
403708.125;5863533.5;-4082.805664
403768.4375;5863533.5;-4084.797119
403828.7188;5863533.5;-4087.205078
403889.0313;5863533.5;-4089.121582
403949.3438;5863533.5;-4089.354248
404009.625;5863533.5;-4086.461182
404069.9375;5863533.5;-4080.955078
404130.25;5863533.5;-4073.412598
404190.5313;5863533.5;-4064.365967
404250.8438;5863533.5;-4055.078125
404311.125;5863533.5;-4046.508301
404371.4375;5863533.5;-4039.091064
404431.75;5863533.5;-4033.22876
404492.0313;5863533.5;-4028.907715
404552.3438;5863533.5;-4025.715332
404612.625;5863533.5;-4023.438721
404672.9375;5863533.5;-4021.816406
404733.25;5863533.5;-4020.598633
404793.5313;5863533.5;-4019.631836
404853.8438;5863533.5;-4018.633789
404914.1563;5863533.5;-4017.524658
404974.4375;5863533.5;-4016.33252
405034.75;5863533.5;-4014.927246
405095.0313;5863533.5;-4013.334961
405155.3438;5863533.5;-4011.576904
405215.6563;5863533.5;-4009.396729
405275.9375;5863533.5;-4006.917725
405336.25;5863533.5;-4000.842041
405396.5625;5863533.5;-3998.63916
405456.8438;5863533.5;-3998.290283
405517.1563;5863533.5;-4000.551758
405577.4375;5863533.5;-4004.428955
405637.75;5863533.5;-4008.481201
405698.0625;5863533.5;-4023.514893
405758.3438;5863533.5;-4022.408447
405818.6563;5863533.5;-4019.778076
405878.9688;5863533.5;-4016.752686
405939.25;5863533.5;-4014.83374
405999.5625;5863533.5;-4001.97876
406059.8438;5863533.5;-4002.891602
406120.1563;5863533.5;-4004.757568
406180.4688;5863533.5;-4007.1604
406240.75;5863533.5;-4009.761963
406301.0625;5863533.5;-4012.400879
406361.375;5863533.5;-4014.931152
406421.6563;5863533.5;-4017.280518
406481.9688;5863533.5;-4019.452637
406542.25;5863533.5;-4021.450928
406602.5625;5863533.5;-4023.236084
406662.875;5863533.5;-4024.855957
406723.1563;5863533.5;-4026.406006
406783.4688;5863533.5;-4027.906006
406843.7813;5863533.5;-4029.374268
406904.0625;5863533.5;-4030.830811
406964.375;5863533.5;-4032.292969
407024.6563;5863533.5;-4033.778564
407084.9688;5863533.5;-4035.276855
407145.2813;5863533.5;-4036.788574
407205.5625;5863533.5;-4038.31665
407265.875;5863533.5;-4039.846924
407326.1875;5863533.5;-4041.371338
407386.4688;5863533.5;-4042.879639
407446.7813;5863533.5;-4044.37207
407507.0625;5863533.5;-4045.842773
407567.375;5863533.5;-4047.265869
407627.6875;5863533.5;-4048.655273
407687.9688;5863533.5;-4050.013184
407748.2813;5863533.5;-4051.318604
407808.5938;5863533.5;-4052.570557
407868.875;5863533.5;-4053.776123
407929.1875;5863533.5;-4054.928955
407989.4688;5863533.5;-4056.041016
408049.7813;5863533.5;-4057.109131
408110.0938;5863533.5;-4058.125488
408170.375;5863533.5;-4059.094971
408230.6875;5863533.5;-4060.020508
408291;5863533.5;-4060.888428
408351.2813;5863533.5;-4061.713867
408411.5938;5863533.5;-4062.506592
408471.875;5863533.5;-4063.255859
408532.1875;5863533.5;-4063.947021
408592.5;5863533.5;-4064.598389
408652.7813;5863533.5;-4065.213867
408713.0938;5863533.5;-4065.790771
408773.4063;5863533.5;-4066.322021
408833.6875;5863533.5;-4066.8125
408894;5863533.5;-4067.265625
408954.2813;5863533.5;-4067.686523
409014.5938;5863533.5;-4068.067627
409074.9063;5863533.5;-4068.412109
409135.1875;5863533.5;-4068.724121
409195.5;5863533.5;-4069.000488
409255.8125;5863533.5;-4069.23291
409316.0938;5863533.5;-4069.435303
409376.4063;5863533.5;-4069.610107
401356.4063;5863594;-4102.541992
401416.6875;5863594;-4102.444336
401477;5863594;-4102.417969
401537.3125;5863594;-4102.560059
401597.5938;5863594;-4103.061035
401657.9063;5863594;-4103.980469
401718.2188;5863594;-4105.26123
401778.5;5863594;-4106.726563
401838.8125;5863594;-4107.875977
401899.0938;5863594;-4108.037598
401959.4063;5863594;-4106.696289
402019.7188;5863594;-4103.353027
402080;5863594;-4098.496094
402140.3125;5863594;-4094.265869
402200.625;5863594;-4091.792969
402260.9063;5863594;-4090.484375
402321.2188;5863594;-4086.261475
402381.5;5863594;-4083.531738
402441.8125;5863594;-4083.230469
402502.125;5863594;-4082.884521
402562.4063;5863594;-4080.312744
402622.7188;5863594;-4077.396484
402683.0313;5863594;-4074.880127
402743.3125;5863594;-4072.794189
402803.625;5863594;-4071.036133
402863.9063;5863594;-4070.191162
402924.2188;5863594;-4072.22583
402984.5313;5863594;-4077.695313
403044.8125;5863594;-4080.79541
403105.125;5863594;-4078.119873
403165.4375;5863594;-4074.903809
403225.7188;5863594;-4075.305908
403286.0313;5863594;-4077.461182
403346.3125;5863594;-4080.193604
403406.625;5863594;-4082.875
403466.9375;5863594;-4084.589111
403527.2188;5863594;-4084.704102
403587.5313;5863594;-4083.856689
403647.8438;5863594;-4082.782227
403708.125;5863594;-4082.569092
403768.4375;5863594;-4083.526855
403828.7188;5863594;-4084.70874
403889.0313;5863594;-4085.47168
403949.3438;5863594;-4084.858887
404009.625;5863594;-4081.862549
404069.9375;5863594;-4076.941406
404130.25;5863594;-4070.45459
404190.5313;5863594;-4062.721436
404250.8438;5863594;-4054.681885
404311.125;5863594;-4047.118408
404371.4375;5863594;-4040.387451
404431.75;5863594;-4034.80542
404492.0313;5863594;-4030.413086
404552.3438;5863594;-4026.95874
404612.625;5863594;-4024.308838
404672.9375;5863594;-4022.251953
404733.25;5863594;-4020.588135
404793.5313;5863594;-4019.186523
404853.8438;5863594;-4017.787598
404914.1563;5863594;-4016.326904
404974.4375;5863594;-4014.828125
405034.75;5863594;-4013.153564
405095.0313;5863594;-4011.320801
405155.3438;5863594;-4009.345947
405215.6563;5863594;-4007.01416
405275.9375;5863594;-4004.466309
405336.25;5863594;-4002.125
405396.5625;5863594;-3997.180176
405456.8438;5863594;-3997.233398
405517.1563;5863594;-3999.128418
405577.4375;5863594;-4001.978271
405637.75;5863594;-4004.895508
405698.0625;5863594;-4006.421387
405758.3438;5863594;-4018.479004
405818.6563;5863594;-4016.786133
405878.9688;5863594;-4014.793701
405939.25;5863594;-4001.05957
405999.5625;5863594;-4001.356689
406059.8438;5863594;-4002.512939
406120.1563;5863594;-4004.42041
406180.4688;5863594;-4006.758057
406240.75;5863594;-4009.255859
406301.0625;5863594;-4011.777344
406361.375;5863594;-4014.197754
406421.6563;5863594;-4016.459961
406481.9688;5863594;-4018.569092
406542.25;5863594;-4020.523682
406602.5625;5863594;-4022.293213
406662.875;5863594;-4023.921631
406723.1563;5863594;-4025.489258
406783.4688;5863594;-4027.012939
406843.7813;5863594;-4028.500977
406904.0625;5863594;-4029.977539
406964.375;5863594;-4031.455078
407024.6563;5863594;-4032.944336
407084.9688;5863594;-4034.442627
407145.2813;5863594;-4035.94751
407205.5625;5863594;-4037.457275
407265.875;5863594;-4038.965088
407326.1875;5863594;-4040.463135
407386.4688;5863594;-4041.939697
407446.7813;5863594;-4043.399658
407507.0625;5863594;-4044.83667
407567.375;5863594;-4046.228027
407627.6875;5863594;-4047.585449
407687.9688;5863594;-4048.913574
407748.2813;5863594;-4050.192139
407808.5938;5863594;-4051.419922
407868.875;5863594;-4052.604004
407929.1875;5863594;-4053.739014
407989.4688;5863594;-4054.834717
408049.7813;5863594;-4055.889404
408110.0938;5863594;-4056.894043
408170.375;5863594;-4057.854736
408230.6875;5863594;-4058.772705
408291;5863594;-4059.635742
408351.2813;5863594;-4060.45752
408411.5938;5863594;-4061.247803
408471.875;5863594;-4061.996094
408532.1875;5863594;-4062.687012
408592.5;5863594;-4063.339111
408652.7813;5863594;-4063.957031
408713.0938;5863594;-4064.536133
408773.4063;5863594;-4065.070557
408833.6875;5863594;-4065.564209
408894;5863594;-4066.021973
408954.2813;5863594;-4066.446289
409014.5938;5863594;-4066.832031
409074.9063;5863594;-4067.181152
409135.1875;5863594;-4067.497559
409195.5;5863594;-4067.778564
409255.8125;5863594;-4068.015625
409316.0938;5863594;-4068.222656
409376.4063;5863594;-4068.400879
401356.4063;5863654.5;-4102.842285
401416.6875;5863654.5;-4102.745117
401477;5863654.5;-4102.710449
401537.3125;5863654.5;-4102.853516
401597.5938;5863654.5;-4103.416504
401657.9063;5863654.5;-4104.510254
401718.2188;5863654.5;-4106.10791
401778.5;5863654.5;-4108.068848
401838.8125;5863654.5;-4109.889648
401899.0938;5863654.5;-4110.690918
401959.4063;5863654.5;-4109.771484
402019.7188;5863654.5;-4106.534668
402080;5863654.5;-4101.694336
402140.3125;5863654.5;-4098.138184
402200.625;5863654.5;-4097.689453
402260.9063;5863654.5;-4099.137695
402321.2188;5863654.5;-4091.345459
402381.5;5863654.5;-4083.70874
402441.8125;5863654.5;-4085.158936
402502.125;5863654.5;-4086.024658
402562.4063;5863654.5;-4082.672852
402622.7188;5863654.5;-4079.128418
402683.0313;5863654.5;-4076.308105
402743.3125;5863654.5;-4074.137207
402803.625;5863654.5;-4072.334229
402863.9063;5863654.5;-4070.706787
402924.2188;5863654.5;-4072.171875
402984.5313;5863654.5;-4076.55249
403044.8125;5863654.5;-4079.044678
403105.125;5863654.5;-4077.919434
403165.4375;5863654.5;-4075.891357
403225.7188;5863654.5;-4075.854004
403286.0313;5863654.5;-4077.410889
403346.3125;5863654.5;-4079.673096
403406.625;5863654.5;-4081.900879
403466.9375;5863654.5;-4083.289307
403527.2188;5863654.5;-4083.449219
403587.5313;5863654.5;-4082.888916
403647.8438;5863654.5;-4082.068359
403708.125;5863654.5;-4081.669189
403768.4375;5863654.5;-4081.893555
403828.7188;5863654.5;-4082.160156
403889.0313;5863654.5;-4082.036865
403949.3438;5863654.5;-4080.816895
404009.625;5863654.5;-4077.788818
404069.9375;5863654.5;-4073.329834
404130.25;5863654.5;-4067.697021
404190.5313;5863654.5;-4061.07251
404250.8438;5863654.5;-4054.128906
404311.125;5863654.5;-4047.475098
404371.4375;5863654.5;-4041.397461
404431.75;5863654.5;-4036.148438
404492.0313;5863654.5;-4031.798096
404552.3438;5863654.5;-4028.205078
404612.625;5863654.5;-4025.288086
404672.9375;5863654.5;-4022.884766
404733.25;5863654.5;-4020.845703
404793.5313;5863654.5;-4019.067139
404853.8438;5863654.5;-4017.310791
404914.1563;5863654.5;-4015.526123
404974.4375;5863654.5;-4013.73291
405034.75;5863654.5;-4011.791016
405095.0313;5863654.5;-4009.708496
405155.3438;5863654.5;-4007.492432
405215.6563;5863654.5;-4004.950684
405275.9375;5863654.5;-4002.180176
405336.25;5863654.5;-3999.655273
405396.5625;5863654.5;-3998.519043
405456.8438;5863654.5;-3995.493408
405517.1563;5863654.5;-3997.051758
405577.4375;5863654.5;-3999.267822
405637.75;5863654.5;-4001.560059
405698.0625;5863654.5;-4003.068848
405758.3438;5863654.5;-4014.825684
405818.6563;5863654.5;-4014.044434
405878.9688;5863654.5;-4000.029541
405939.25;5863654.5;-4000.140869
405999.5625;5863654.5;-4000.89917
406059.8438;5863654.5;-4002.291016
406120.1563;5863654.5;-4004.248535
406180.4688;5863654.5;-4006.53125
406240.75;5863654.5;-4008.930176
406301.0625;5863654.5;-4011.335205
406361.375;5863654.5;-4013.641602
406421.6563;5863654.5;-4015.808594
406481.9688;5863654.5;-4017.845459
406542.25;5863654.5;-4019.74707
406602.5625;5863654.5;-4021.490723
406662.875;5863654.5;-4023.116211
406723.1563;5863654.5;-4024.69165
406783.4688;5863654.5;-4026.227295
406843.7813;5863654.5;-4027.727539
406904.0625;5863654.5;-4029.215576
406964.375;5863654.5;-4030.70166
407024.6563;5863654.5;-4032.188721
407084.9688;5863654.5;-4033.680176
407145.2813;5863654.5;-4035.17334
407205.5625;5863654.5;-4036.660645
407265.875;5863654.5;-4038.142578
407326.1875;5863654.5;-4039.612061
407386.4688;5863654.5;-4041.055664
407446.7813;5863654.5;-4042.481445
407507.0625;5863654.5;-4043.884766
407567.375;5863654.5;-4045.242432
407627.6875;5863654.5;-4046.568359
407687.9688;5863654.5;-4047.866699
407748.2813;5863654.5;-4049.118408
407808.5938;5863654.5;-4050.322021
407868.875;5863654.5;-4051.483887
407929.1875;5863654.5;-4052.600098
407989.4688;5863654.5;-4053.679443
408049.7813;5863654.5;-4054.719238
408110.0938;5863654.5;-4055.712158
408170.375;5863654.5;-4056.663086
408230.6875;5863654.5;-4057.572754
408291;5863654.5;-4058.43042
408351.2813;5863654.5;-4059.247559
408411.5938;5863654.5;-4060.033936
408471.875;5863654.5;-4060.780029
408532.1875;5863654.5;-4061.471191
408592.5;5863654.5;-4062.123291
408652.7813;5863654.5;-4062.741211
408713.0938;5863654.5;-4063.322266
408773.4063;5863654.5;-4063.858887
408833.6875;5863654.5;-4064.355713
408894;5863654.5;-4064.81665
408954.2813;5863654.5;-4065.244873
409014.5938;5863654.5;-4065.634521
409074.9063;5863654.5;-4065.987305
409135.1875;5863654.5;-4066.308105
409195.5;5863654.5;-4066.593506
409255.8125;5863654.5;-4066.834961
409316.0938;5863654.5;-4067.045654
409376.4063;5863654.5;-4067.228271
401356.4063;5863715;-4103.197754
401416.6875;5863715;-4103.072754
401477;5863715;-4102.991699
401537.3125;5863715;-4103.081055
401597.5938;5863715;-4103.626953
401657.9063;5863715;-4104.807617
401718.2188;5863715;-4106.647949
401778.5;5863715;-4109.095215
401838.8125;5863715;-4111.74707
401899.0938;5863715;-4113.475098
401959.4063;5863715;-4113.332031
402019.7188;5863715;-4110.327148
402080;5863715;-4105.085449
402140.3125;5863715;-4101.355957
402200.625;5863715;-4102.259766
402260.9063;5863715;-4106.999023
402321.2188;5863715;-4096.625
402381.5;5863715;-4080.998535
402441.8125;5863715;-4084.976563
402502.125;5863715;-4088.083496
402562.4063;5863715;-4083.988037
402622.7188;5863715;-4080.186523
402683.0313;5863715;-4077.687012
402743.3125;5863715;-4075.921387
402803.625;5863715;-4074.64502
402863.9063;5863715;-4073.045654
402924.2188;5863715;-4073.93457
402984.5313;5863715;-4076.511963
403044.8125;5863715;-4078.035645
403105.125;5863715;-4077.815674
403165.4375;5863715;-4076.870361
403225.7188;5863715;-4076.804688
403286.0313;5863715;-4077.943359
403346.3125;5863715;-4079.635986
403406.625;5863715;-4081.265869
403466.9375;5863715;-4082.205566
403527.2188;5863715;-4082.244385
403587.5313;5863715;-4081.765137
403647.8438;5863715;-4081.030762
403708.125;5863715;-4080.449951
403768.4375;5863715;-4080.134521
403828.7188;5863715;-4079.725342
403889.0313;5863715;-4078.947021
403949.3438;5863715;-4077.296143
404009.625;5863715;-4074.280762
404069.9375;5863715;-4070.207031
404130.25;5863715;-4065.264893
404190.5313;5863715;-4059.553955
404250.8438;5863715;-4053.538574
404311.125;5863715;-4047.675293
404371.4375;5863715;-4042.190674
404431.75;5863715;-4037.285645
404492.0313;5863715;-4033.040039
404552.3438;5863715;-4029.389893
404612.625;5863715;-4026.290039
404672.9375;5863715;-4023.619141
404733.25;5863715;-4021.274658
404793.5313;5863715;-4019.180664
404853.8438;5863715;-4017.119385
404914.1563;5863715;-4015.05542
404974.4375;5863715;-4013.008789
405034.75;5863715;-4010.840332
405095.0313;5863715;-4008.556396
405155.3438;5863715;-4006.171631
405215.6563;5863715;-4003.533936
405275.9375;5863715;-4000.708008
405336.25;5863715;-3998.207031
405396.5625;5863715;-3997.106934
405456.8438;5863715;-3997.672852
405517.1563;5863715;-3995.56958
405577.4375;5863715;-3997.285889
405637.75;5863715;-3999.195801
405698.0625;5863715;-4000.728027
405758.3438;5863715;-4001.681152
405818.6563;5863715;-3998.574219
405878.9688;5863715;-3998.834717
405939.25;5863715;-3999.525879
405999.5625;5863715;-4000.643799
406059.8438;5863715;-4002.222412
406120.1563;5863715;-4004.215576
406180.4688;5863715;-4006.439697
406240.75;5863715;-4008.738281
406301.0625;5863715;-4011.022705
406361.375;5863715;-4013.209961
406421.6563;5863715;-4015.276367
406481.9688;5863715;-4017.234863
406542.25;5863715;-4019.077393
406602.5625;5863715;-4020.789795
406662.875;5863715;-4022.406738
406723.1563;5863715;-4023.983643
406783.4688;5863715;-4025.524658
406843.7813;5863715;-4027.029541
406904.0625;5863715;-4028.522949
406964.375;5863715;-4030.011475
407024.6563;5863715;-4031.490723
407084.9688;5863715;-4032.971191
407145.2813;5863715;-4034.448975
407205.5625;5863715;-4035.910645
407265.875;5863715;-4037.364502
407326.1875;5863715;-4038.803223
407386.4688;5863715;-4040.212891
407446.7813;5863715;-4041.60498
407507.0625;5863715;-4042.974365
407567.375;5863715;-4044.299072
407627.6875;5863715;-4045.59375
407687.9688;5863715;-4046.861572
407748.2813;5863715;-4048.086426
407808.5938;5863715;-4049.266357
407868.875;5863715;-4050.406494
407929.1875;5863715;-4051.503906
407989.4688;5863715;-4052.56665
408049.7813;5863715;-4053.591797
408110.0938;5863715;-4054.572266
408170.375;5863715;-4055.512695
408230.6875;5863715;-4056.414063
408291;5863715;-4057.265137
408351.2813;5863715;-4058.077393
408411.5938;5863715;-4058.859619
408471.875;5863715;-4059.602783
408532.1875;5863715;-4060.29248
408592.5;5863715;-4060.944336
408652.7813;5863715;-4061.562744
408713.0938;5863715;-4062.14502
408773.4063;5863715;-4062.683594
408833.6875;5863715;-4063.182861
408894;5863715;-4063.646729
408954.2813;5863715;-4064.078369
409014.5938;5863715;-4064.471191
409074.9063;5863715;-4064.828125
409135.1875;5863715;-4065.153076
409195.5;5863715;-4065.442139
409255.8125;5863715;-4065.687744
409316.0938;5863715;-4065.902344
409376.4063;5863715;-4066.089355
401356.4063;5863775.5;-4103.661621
401416.6875;5863775.5;-4103.482422
401477;5863775.5;-4103.319824
401537.3125;5863775.5;-4103.29834
401597.5938;5863775.5;-4103.733887
401657.9063;5863775.5;-4104.875977
401718.2188;5863775.5;-4106.82666
401778.5;5863775.5;-4109.694336
401838.8125;5863775.5;-4113.338379
401899.0938;5863775.5;-4116.446777
401959.4063;5863775.5;-4117.72998
402019.7188;5863775.5;-4114.990723
402080;5863775.5;-4108.176758
402140.3125;5863775.5;-4101.13916
402200.625;5863775.5;-4096.782227
402260.9063;5863775.5;-4100.273438
402321.2188;5863775.5;-4095.841797
402381.5;5863775.5;-4081.186768
402441.8125;5863775.5;-4083.1521
402502.125;5863775.5;-4085.331787
402562.4063;5863775.5;-4082.018311
402622.7188;5863775.5;-4079.554199
402683.0313;5863775.5;-4078.261963
402743.3125;5863775.5;-4077.263184
402803.625;5863775.5;-4076.343506
402863.9063;5863775.5;-4075.125977
402924.2188;5863775.5;-4075.516602
402984.5313;5863775.5;-4076.906738
403044.8125;5863775.5;-4077.935303
403105.125;5863775.5;-4078.098633
403165.4375;5863775.5;-4077.824219
403225.7188;5863775.5;-4077.939453
403286.0313;5863775.5;-4078.750488
403346.3125;5863775.5;-4079.874512
403406.625;5863775.5;-4080.902344
403466.9375;5863775.5;-4081.383789
403527.2188;5863775.5;-4081.218262
403587.5313;5863775.5;-4080.681152
403647.8438;5863775.5;-4079.911377
403708.125;5863775.5;-4079.150635
403768.4375;5863775.5;-4078.44751
403828.7188;5863775.5;-4077.566895
403889.0313;5863775.5;-4076.335938
403949.3438;5863775.5;-4074.401611
404009.625;5863775.5;-4071.427734
404069.9375;5863775.5;-4067.668213
404130.25;5863775.5;-4063.263672
404190.5313;5863775.5;-4058.26709
404250.8438;5863775.5;-4052.991211
404311.125;5863775.5;-4047.774658
404371.4375;5863775.5;-4042.797363
404431.75;5863775.5;-4038.217041
404492.0313;5863775.5;-4034.111572
404552.3438;5863775.5;-4030.4646
404612.625;5863775.5;-4027.256104
404672.9375;5863775.5;-4024.395508
404733.25;5863775.5;-4021.818604
404793.5313;5863775.5;-4019.472412
404853.8438;5863775.5;-4017.16748
404914.1563;5863775.5;-4014.880371
404974.4375;5863775.5;-4012.634766
405034.75;5863775.5;-4010.304443
405095.0313;5863775.5;-4007.903564
405155.3438;5863775.5;-4005.475342
405215.6563;5863775.5;-4002.92041
405275.9375;5863775.5;-4000.3125
405336.25;5863775.5;-3998.166992
405396.5625;5863775.5;-3997.111084
405456.8438;5863775.5;-3997.295166
405517.1563;5863775.5;-3998.141602
405577.4375;5863775.5;-3996.579102
405637.75;5863775.5;-3998.171631
405698.0625;5863775.5;-3999.642822
405758.3438;5863775.5;-3997.013184
405818.6563;5863775.5;-3997.621094
405878.9688;5863775.5;-3998.362793
405939.25;5863775.5;-3999.412598
405999.5625;5863775.5;-4000.745117
406059.8438;5863775.5;-4002.429932
406120.1563;5863775.5;-4004.42041
406180.4688;5863775.5;-4006.565674
406240.75;5863775.5;-4008.754883
406301.0625;5863775.5;-4010.919434
406361.375;5863775.5;-4012.989746
406421.6563;5863775.5;-4014.955566
406481.9688;5863775.5;-4016.831543
406542.25;5863775.5;-4018.612793
406602.5625;5863775.5;-4020.284912
406662.875;5863775.5;-4021.877441
406723.1563;5863775.5;-4023.437744
406783.4688;5863775.5;-4024.967773
406843.7813;5863775.5;-4026.462158
406904.0625;5863775.5;-4027.94751
406964.375;5863775.5;-4029.424805
407024.6563;5863775.5;-4030.886963
407084.9688;5863775.5;-4032.346924
407145.2813;5863775.5;-4033.80127
407205.5625;5863775.5;-4035.233643
407265.875;5863775.5;-4036.655518
407326.1875;5863775.5;-4038.061279
407386.4688;5863775.5;-4039.435791
407446.7813;5863775.5;-4040.792725
407507.0625;5863775.5;-4042.128418
407567.375;5863775.5;-4043.420166
407627.6875;5863775.5;-4044.683594
407687.9688;5863775.5;-4045.922607
407748.2813;5863775.5;-4047.119873
407808.5938;5863775.5;-4048.275391
407868.875;5863775.5;-4049.393555
407929.1875;5863775.5;-4050.471436
407989.4688;5863775.5;-4051.516602
408049.7813;5863775.5;-4052.526123
408110.0938;5863775.5;-4053.49292
408170.375;5863775.5;-4054.421875
408230.6875;5863775.5;-4055.313232
408291;5863775.5;-4056.155762
408351.2813;5863775.5;-4056.960938
408411.5938;5863775.5;-4057.738037
408471.875;5863775.5;-4058.476074
408532.1875;5863775.5;-4059.162598
408592.5;5863775.5;-4059.812256
408652.7813;5863775.5;-4060.429443
408713.0938;5863775.5;-4061.010254
408773.4063;5863775.5;-4061.549072
408833.6875;5863775.5;-4062.048828
408894;5863775.5;-4062.513428
408954.2813;5863775.5;-4062.946533
409014.5938;5863775.5;-4063.341309
409074.9063;5863775.5;-4063.700195
409135.1875;5863775.5;-4064.0271
409195.5;5863775.5;-4064.318604
409255.8125;5863775.5;-4064.566895
409316.0938;5863775.5;-4064.784668
409376.4063;5863775.5;-4064.974121
401356.4063;5863836.5;-4104.292969
401416.6875;5863836.5;-4104.055664
401477;5863836.5;-4103.804688
401537.3125;5863836.5;-4103.649414
401597.5938;5863836.5;-4103.907715
401657.9063;5863836.5;-4104.886719
401718.2188;5863836.5;-4106.762207
401778.5;5863836.5;-4109.821777
401838.8125;5863836.5;-4114.454102
401899.0938;5863836.5;-4119.375
401959.4063;5863836.5;-4122.754883
402019.7188;5863836.5;-4120.763184
402080;5863836.5;-4112.900879
402140.3125;5863836.5;-4104.097168
402200.625;5863836.5;-4096.630371
402260.9063;5863836.5;-4095.848877
402321.2188;5863836.5;-4094.486816
402381.5;5863836.5;-4085.73877
402441.8125;5863836.5;-4082.913818
402502.125;5863836.5;-4081.578125
402562.4063;5863836.5;-4079.821533
402622.7188;5863836.5;-4079.21582
402683.0313;5863836.5;-4079.119385
402743.3125;5863836.5;-4078.713867
402803.625;5863836.5;-4077.566895
402863.9063;5863836.5;-4076.863281
402924.2188;5863836.5;-4076.843506
402984.5313;5863836.5;-4077.560791
403044.8125;5863836.5;-4078.271484
403105.125;5863836.5;-4078.549561
403165.4375;5863836.5;-4078.608887
403225.7188;5863836.5;-4078.828857
403286.0313;5863836.5;-4079.357666
403346.3125;5863836.5;-4080.014648
403406.625;5863836.5;-4080.545898
403466.9375;5863836.5;-4080.648682
403527.2188;5863836.5;-4080.286377
403587.5313;5863836.5;-4079.647705
403647.8438;5863836.5;-4078.79834
403708.125;5863836.5;-4077.883057
403768.4375;5863836.5;-4076.910645
403828.7188;5863836.5;-4075.718018
403889.0313;5863836.5;-4074.196777
403949.3438;5863836.5;-4072.096191
404009.625;5863836.5;-4069.187256
404069.9375;5863836.5;-4065.680176
404130.25;5863836.5;-4061.684082
404190.5313;5863836.5;-4057.224121
404250.8438;5863836.5;-4052.512207
404311.125;5863836.5;-4047.803711
404371.4375;5863836.5;-4043.244385
404431.75;5863836.5;-4038.956299
404492.0313;5863836.5;-4035.009277
404552.3438;5863836.5;-4031.412598
404612.625;5863836.5;-4028.163086
404672.9375;5863836.5;-4025.189941
404733.25;5863836.5;-4022.459961
404793.5313;5863836.5;-4019.940674
404853.8438;5863836.5;-4017.467773
404914.1563;5863836.5;-4015.034668
404974.4375;5863836.5;-4012.670166
405034.75;5863836.5;-4010.264893
405095.0313;5863836.5;-4007.837646
405155.3438;5863836.5;-4005.461182
405215.6563;5863836.5;-4003.094482
405275.9375;5863836.5;-4000.795166
405336.25;5863836.5;-3999.01709
405396.5625;5863836.5;-3998.039307
405456.8438;5863836.5;-3997.977051
405517.1563;5863836.5;-3998.513184
405577.4375;5863836.5;-3999.647217
405637.75;5863836.5;-3998.442139
405698.0625;5863836.5;-3995.870117
405758.3438;5863836.5;-3996.75415
405818.6563;5863836.5;-3997.520996
405878.9688;5863836.5;-3998.487793
405939.25;5863836.5;-3999.70166
405999.5625;5863836.5;-4001.120117
406059.8438;5863836.5;-4002.830566
406120.1563;5863836.5;-4004.774414
406180.4688;5863836.5;-4006.815918
406240.75;5863836.5;-4008.884277
406301.0625;5863836.5;-4010.925293
406361.375;5863836.5;-4012.87793
406421.6563;5863836.5;-4014.744385
406481.9688;5863836.5;-4016.540527
406542.25;5863836.5;-4018.259766
406602.5625;5863836.5;-4019.890381
406662.875;5863836.5;-4021.453857
406723.1563;5863836.5;-4022.99292
406783.4688;5863836.5;-4024.504639
406843.7813;5863836.5;-4025.981445
406904.0625;5863836.5;-4027.450439
406964.375;5863836.5;-4028.9104
407024.6563;5863836.5;-4030.349609
407084.9688;5863836.5;-4031.785645
407145.2813;5863836.5;-4033.212158
407205.5625;5863836.5;-4034.612305
407265.875;5863836.5;-4036.001465
407326.1875;5863836.5;-4037.373047
407386.4688;5863836.5;-4038.712891
407446.7813;5863836.5;-4040.0354
407507.0625;5863836.5;-4041.33667
407567.375;5863836.5;-4042.596924
407627.6875;5863836.5;-4043.829834
407687.9688;5863836.5;-4045.039795
407748.2813;5863836.5;-4046.210938
407808.5938;5863836.5;-4047.342285
407868.875;5863836.5;-4048.438721
407929.1875;5863836.5;-4049.497559
407989.4688;5863836.5;-4050.524902
408049.7813;5863836.5;-4051.518066
408110.0938;5863836.5;-4052.471436
408170.375;5863836.5;-4053.388184
408230.6875;5863836.5;-4054.268311
408291;5863836.5;-4055.102051
408351.2813;5863836.5;-4055.900146
408411.5938;5863836.5;-4056.670166
408471.875;5863836.5;-4057.402588
408532.1875;5863836.5;-4058.085449
408592.5;5863836.5;-4058.731689
408652.7813;5863836.5;-4059.346436
408713.0938;5863836.5;-4059.925781
408773.4063;5863836.5;-4060.463623
408833.6875;5863836.5;-4060.963135
408894;5863836.5;-4061.428223
408954.2813;5863836.5;-4061.862549
409014.5938;5863836.5;-4062.258301
409074.9063;5863836.5;-4062.618408
409135.1875;5863836.5;-4062.947266
409195.5;5863836.5;-4063.240234
409255.8125;5863836.5;-4063.490479
409316.0938;5863836.5;-4063.710449
409376.4063;5863836.5;-4063.9021
401356.4063;5863897;-4105.09375
401416.6875;5863897;-4104.820313
401477;5863897;-4104.515137
401537.3125;5863897;-4104.267578
401597.5938;5863897;-4104.376953
401657.9063;5863897;-4105.172363
401718.2188;5863897;-4106.827637
401778.5;5863897;-4109.738281
401838.8125;5863897;-4114.804199
401899.0938;5863897;-4120.679199
401959.4063;5863897;-4125.078613
402019.7188;5863897;-4124.084961
402080;5863897;-4117.250488
402140.3125;5863897;-4109.813477
402200.625;5863897;-4103.737793
402260.9063;5863897;-4101.025391
402321.2188;5863897;-4097.861816
402381.5;5863897;-4091.610352
402441.8125;5863897;-4085.810059
402502.125;5863897;-4082.345459
402562.4063;5863897;-4080.988525
402622.7188;5863897;-4080.865479
402683.0313;5863897;-4080.978516
402743.3125;5863897;-4080.493896
402803.625;5863897;-4079.385742
402863.9063;5863897;-4078.462158
402924.2188;5863897;-4078.071045
402984.5313;5863897;-4078.320801
403044.8125;5863897;-4078.758057
403105.125;5863897;-4079.004883
403165.4375;5863897;-4079.168457
403225.7188;5863897;-4079.384277
403286.0313;5863897;-4079.665771
403346.3125;5863897;-4079.950439
403406.625;5863897;-4080.094727
403466.9375;5863897;-4079.908447
403527.2188;5863897;-4079.386963
403587.5313;5863897;-4078.651367
403647.8438;5863897;-4077.720459
403708.125;5863897;-4076.678223
403768.4375;5863897;-4075.509521
403828.7188;5863897;-4074.102783
403889.0313;5863897;-4072.391602
403949.3438;5863897;-4070.19751
404009.625;5863897;-4067.36499
404069.9375;5863897;-4064.06958
404130.25;5863897;-4060.397461
404190.5313;5863897;-4056.357422
404250.8438;5863897;-4052.092041
404311.125;5863897;-4047.796143
404371.4375;5863897;-4043.588135
404431.75;5863897;-4039.563477
404492.0313;5863897;-4035.77832
404552.3438;5863897;-4032.259033
404612.625;5863897;-4029.012451
404672.9375;5863897;-4025.981445
404733.25;5863897;-4023.156738
404793.5313;5863897;-4020.523926
404853.8438;5863897;-4017.943115
404914.1563;5863897;-4015.421631
404974.4375;5863897;-4012.996094
405034.75;5863897;-4010.57373
405095.0313;5863897;-4008.175049
405155.3438;5863897;-4005.890137
405215.6563;5863897;-4003.740967
405275.9375;5863897;-4001.765381
405336.25;5863897;-4000.282715
405396.5625;5863897;-3999.385986
405456.8438;5863897;-3999.206787
405517.1563;5863897;-3999.543457
405577.4375;5863897;-4000.396973
405637.75;5863897;-3995.528076
405698.0625;5863897;-3996.329102
405758.3438;5863897;-3997.13208
405818.6563;5863897;-3997.922607
405878.9688;5863897;-3998.969482
405939.25;5863897;-4000.235596
405999.5625;5863897;-4001.657227
406059.8438;5863897;-4003.336914
406120.1563;5863897;-4005.199951
406180.4688;5863897;-4007.120361
406240.75;5863897;-4009.060547
406301.0625;5863897;-4010.977295
406361.375;5863897;-4012.817383
406421.6563;5863897;-4014.590332
406481.9688;5863897;-4016.310059
406542.25;5863897;-4017.97168
406602.5625;5863897;-4019.562256
406662.875;5863897;-4021.095459
406723.1563;5863897;-4022.611084
406783.4688;5863897;-4024.102051
406843.7813;5863897;-4025.558105
406904.0625;5863897;-4027.007568
406964.375;5863897;-4028.446045
407024.6563;5863897;-4029.859375
407084.9688;5863897;-4031.267822
407145.2813;5863897;-4032.666016
407205.5625;5863897;-4034.032959
407265.875;5863897;-4035.388428
407326.1875;5863897;-4036.726074
407386.4688;5863897;-4038.031494
407446.7813;5863897;-4039.320068
407507.0625;5863897;-4040.588623
407567.375;5863897;-4041.817383
407627.6875;5863897;-4043.020996
407687.9688;5863897;-4044.202637
407748.2813;5863897;-4045.347168
407808.5938;5863897;-4046.455322
407868.875;5863897;-4047.531006
407929.1875;5863897;-4048.570068
407989.4688;5863897;-4049.579834
408049.7813;5863897;-4050.557617
408110.0938;5863897;-4051.496826
408170.375;5863897;-4052.400879
408230.6875;5863897;-4053.27002
408291;5863897;-4054.094727
408351.2813;5863897;-4054.88501
408411.5938;5863897;-4055.647461
408471.875;5863897;-4056.375
408532.1875;5863897;-4057.052979
408592.5;5863897;-4057.696045
408652.7813;5863897;-4058.307861
408713.0938;5863897;-4058.885742
408773.4063;5863897;-4059.422363
408833.6875;5863897;-4059.921143
408894;5863897;-4060.386475
408954.2813;5863897;-4060.820313
409014.5938;5863897;-4061.217285
409074.9063;5863897;-4061.578857
409135.1875;5863897;-4061.908936
409195.5;5863897;-4062.203613
409255.8125;5863897;-4062.455322
409316.0938;5863897;-4062.677002
409376.4063;5863897;-4062.869873
401356.4063;5863957.5;-4106.041504
401416.6875;5863957.5;-4105.764648
401477;5863957.5;-4105.456543
401537.3125;5863957.5;-4105.186035
401597.5938;5863957.5;-4105.220703
401657.9063;5863957.5;-4105.888184
401718.2188;5863957.5;-4107.37207
401778.5;5863957.5;-4110.057617
401838.8125;5863957.5;-4114.79834
401899.0938;5863957.5;-4120.148438
401959.4063;5863957.5;-4123.985352
402019.7188;5863957.5;-4123.820313
402080;5863957.5;-4119.373535
402140.3125;5863957.5;-4114.25
402200.625;5863957.5;-4109.949219
402260.9063;5863957.5;-4106.941406
402321.2188;5863957.5;-4102.966797
402381.5;5863957.5;-4097.257813
402441.8125;5863957.5;-4091.038086
402502.125;5863957.5;-4086.671143
402562.4063;5863957.5;-4084.818604
402622.7188;5863957.5;-4084.151855
402683.0313;5863957.5;-4083.605957
402743.3125;5863957.5;-4082.502686
402803.625;5863957.5;-4081.051025
402863.9063;5863957.5;-4079.836426
402924.2188;5863957.5;-4079.129395
402984.5313;5863957.5;-4079.027588
403044.8125;5863957.5;-4079.223389
403105.125;5863957.5;-4079.36377
403165.4375;5863957.5;-4079.493408
403225.7188;5863957.5;-4079.62915
403286.0313;5863957.5;-4079.696777
403346.3125;5863957.5;-4079.699463
403406.625;5863957.5;-4079.56543
403466.9375;5863957.5;-4079.172852
403527.2188;5863957.5;-4078.531738
403587.5313;5863957.5;-4077.716064
403647.8438;5863957.5;-4076.710449
403708.125;5863957.5;-4075.564453
403768.4375;5863957.5;-4074.253662
403828.7188;5863957.5;-4072.700195
403889.0313;5863957.5;-4070.868896
403949.3438;5863957.5;-4068.630371
404009.625;5863957.5;-4065.878174
404069.9375;5863957.5;-4062.761963
404130.25;5863957.5;-4059.349609
404190.5313;5863957.5;-4055.640381
404250.8438;5863957.5;-4051.729248
404311.125;5863957.5;-4047.769287
404371.4375;5863957.5;-4043.855713
404431.75;5863957.5;-4040.062256
404492.0313;5863957.5;-4036.432617
404552.3438;5863957.5;-4033.002686
404612.625;5863957.5;-4029.784912
404672.9375;5863957.5;-4026.734131
404733.25;5863957.5;-4023.858643
404793.5313;5863957.5;-4021.157471
404853.8438;5863957.5;-4018.51416
404914.1563;5863957.5;-4015.949219
404974.4375;5863957.5;-4013.510742
405034.75;5863957.5;-4011.115234
405095.0313;5863957.5;-4008.785156
405155.3438;5863957.5;-4006.611084
405215.6563;5863957.5;-4004.64624
405275.9375;5863957.5;-4002.924072
405336.25;5863957.5;-4001.651855
405396.5625;5863957.5;-4000.842773
405456.8438;5863957.5;-4000.602295
405517.1563;5863957.5;-4000.804932
405577.4375;5863957.5;-3996.481689
405637.75;5863957.5;-3996.792969
405698.0625;5863957.5;-3997.404297
405758.3438;5863957.5;-3998.098145
405818.6563;5863957.5;-3998.848877
405878.9688;5863957.5;-3999.890137
405939.25;5863957.5;-4001.133545
405999.5625;5863957.5;-4002.499268
406059.8438;5863957.5;-4004.097168
406120.1563;5863957.5;-4005.842773
406180.4688;5863957.5;-4007.619629
406240.75;5863957.5;-4009.416748
406301.0625;5863957.5;-4011.200195
406361.375;5863957.5;-4012.921875
406421.6563;5863957.5;-4014.595703
406481.9688;5863957.5;-4016.233887
406542.25;5863957.5;-4017.829346
406602.5625;5863957.5;-4019.369873
406662.875;5863957.5;-4020.862793
406723.1563;5863957.5;-4022.342773
406783.4688;5863957.5;-4023.801758
406843.7813;5863957.5;-4025.226807
406904.0625;5863957.5;-4026.646729
406964.375;5863957.5;-4028.055664
407024.6563;5863957.5;-4029.436768
407084.9688;5863957.5;-4030.8125
407145.2813;5863957.5;-4032.176758
407205.5625;5863957.5;-4033.508545
407265.875;5863957.5;-4034.828857
407326.1875;5863957.5;-4036.131592
407386.4688;5863957.5;-4037.402344
407446.7813;5863957.5;-4038.656982
407507.0625;5863957.5;-4039.893311
407567.375;5863957.5;-4041.091797
407627.6875;5863957.5;-4042.265869
407687.9688;5863957.5;-4043.420166
407748.2813;5863957.5;-4044.539795
407808.5938;5863957.5;-4045.624023
407868.875;5863957.5;-4046.678223
407929.1875;5863957.5;-4047.697754
407989.4688;5863957.5;-4048.689697
408049.7813;5863957.5;-4049.650879
408110.0938;5863957.5;-4050.575195
408170.375;5863957.5;-4051.46582
408230.6875;5863957.5;-4052.323242
408291;5863957.5;-4053.137451
408351.2813;5863957.5;-4053.918213
408411.5938;5863957.5;-4054.673096
408471.875;5863957.5;-4055.392822
408532.1875;5863957.5;-4056.06543
408592.5;5863957.5;-4056.703369
408652.7813;5863957.5;-4057.311279
408713.0938;5863957.5;-4057.885986
408773.4063;5863957.5;-4058.420166
408833.6875;5863957.5;-4058.917236
408894;5863957.5;-4059.380615
408954.2813;5863957.5;-4059.813965
409014.5938;5863957.5;-4060.210205
409074.9063;5863957.5;-4060.571533
409135.1875;5863957.5;-4060.9021
409195.5;5863957.5;-4061.196777
409255.8125;5863957.5;-4061.449219
409316.0938;5863957.5;-4061.671387
409376.4063;5863957.5;-4061.865479
401356.4063;5864018;-4107.103516
401416.6875;5864018;-4106.856934
401477;5864018;-4106.599121
401537.3125;5864018;-4106.382324
401597.5938;5864018;-4106.430176
401657.9063;5864018;-4107.036133
401718.2188;5864018;-4108.389648
401778.5;5864018;-4110.76416
401838.8125;5864018;-4114.549805
401899.0938;5864018;-4118.537598
401959.4063;5864018;-4121.255371
402019.7188;5864018;-4121.320313
402080;5864018;-4118.603516
402140.3125;5864018;-4115.31543
402200.625;5864018;-4112.336426
402260.9063;5864018;-4109.709961
402321.2188;5864018;-4106.125
402381.5;5864018;-4101.258789
402441.8125;5864018;-4095.890625
402502.125;5864018;-4091.561768
402562.4063;5864018;-4089.137695
402622.7188;5864018;-4087.519287
402683.0313;5864018;-4085.958008
402743.3125;5864018;-4084.123291
402803.625;5864018;-4082.318359
402863.9063;5864018;-4080.907959
402924.2188;5864018;-4080.017334
402984.5313;5864018;-4079.693848
403044.8125;5864018;-4079.689209
403105.125;5864018;-4079.677734
403165.4375;5864018;-4079.681152
403225.7188;5864018;-4079.672852
403286.0313;5864018;-4079.543213
403346.3125;5864018;-4079.32959
403406.625;5864018;-4078.99585
403466.9375;5864018;-4078.45459
403527.2188;5864018;-4077.719971
403587.5313;5864018;-4076.832275
403647.8438;5864018;-4075.757324
403708.125;5864018;-4074.526611
403768.4375;5864018;-4073.114258
403828.7188;5864018;-4071.467285
403889.0313;5864018;-4069.567627
403949.3438;5864018;-4067.321289
404009.625;5864018;-4064.651855
404069.9375;5864018;-4061.688477
404130.25;5864018;-4058.487061
404190.5313;5864018;-4055.040527
404250.8438;5864018;-4051.415039
404311.125;5864018;-4047.729736
404371.4375;5864018;-4044.063721
404431.75;5864018;-4040.473145
404492.0313;5864018;-4036.992676
404552.3438;5864018;-4033.661133
404612.625;5864018;-4030.493896
404672.9375;5864018;-4027.454834
404733.25;5864018;-4024.565918
404793.5313;5864018;-4021.835693
404853.8438;5864018;-4019.16748
404914.1563;5864018;-4016.594238
404974.4375;5864018;-4014.171387
405034.75;5864018;-4011.825928
405095.0313;5864018;-4009.579346
405155.3438;5864018;-4007.519287
405215.6563;5864018;-4005.706055
405275.9375;5864018;-4004.161621
405336.25;5864018;-4003.025635
405396.5625;5864018;-4002.286377
405456.8438;5864018;-4001.998779
405517.1563;5864018;-3998.388184
405577.4375;5864018;-3998.202393
405637.75;5864018;-3998.321777
405698.0625;5864018;-3998.774658
405758.3438;5864018;-3999.356201
405818.6563;5864018;-4000.033203
405878.9688;5864018;-4001.015137
405939.25;5864018;-4002.184326
405999.5625;5864018;-4003.452637
406059.8438;5864018;-4004.935547
406120.1563;5864018;-4006.544922
406180.4688;5864018;-4008.172607
406240.75;5864018;-4009.828613
406301.0625;5864018;-4011.483643
406361.375;5864018;-4013.094727
406421.6563;5864018;-4014.673828
406481.9688;5864018;-4016.233398
406542.25;5864018;-4017.763672
406602.5625;5864018;-4019.251953
406662.875;5864018;-4020.701172
406723.1563;5864018;-4022.141113
406783.4688;5864018;-4023.562744
406843.7813;5864018;-4024.952637
406904.0625;5864018;-4026.338623
406964.375;5864018;-4027.713623
407024.6563;5864018;-4029.060059
407084.9688;5864018;-4030.400391
407145.2813;5864018;-4031.729492
407205.5625;5864018;-4033.025146
407265.875;5864018;-4034.309814
407326.1875;5864018;-4035.577393
407386.4688;5864018;-4036.813965
407446.7813;5864018;-4038.035889
407507.0625;5864018;-4039.240234
407567.375;5864018;-4040.408691
407627.6875;5864018;-4041.554932
407687.9688;5864018;-4042.682129
407748.2813;5864018;-4043.776611
407808.5938;5864018;-4044.838379
407868.875;5864018;-4045.87085
407929.1875;5864018;-4046.87085
407989.4688;5864018;-4047.844482
408049.7813;5864018;-4048.788818
408110.0938;5864018;-4049.698486
408170.375;5864018;-4050.575684
408230.6875;5864018;-4051.420898
408291;5864018;-4052.224121
408351.2813;5864018;-4052.995605
408411.5938;5864018;-4053.741455
408471.875;5864018;-4054.453613
408532.1875;5864018;-4055.119629
408592.5;5864018;-4055.752686
408652.7813;5864018;-4056.355469
408713.0938;5864018;-4056.926025
408773.4063;5864018;-4057.456787
408833.6875;5864018;-4057.952148
408894;5864018;-4058.413574
408954.2813;5864018;-4058.845459
409014.5938;5864018;-4059.240723
409074.9063;5864018;-4059.601563
409135.1875;5864018;-4059.931396
409195.5;5864018;-4060.226807
409255.8125;5864018;-4060.479492
409316.0938;5864018;-4060.701416
409376.4063;5864018;-4060.895996
401356.4063;5864078.5;-4108.196777
401416.6875;5864078.5;-4107.992188
401477;5864078.5;-4107.806641
401537.3125;5864078.5;-4107.677246
401597.5938;5864078.5;-4107.769043
401657.9063;5864078.5;-4108.297852
401718.2188;5864078.5;-4109.405273
401778.5;5864078.5;-4111.257813
401838.8125;5864078.5;-4113.930176
401899.0938;5864078.5;-4116.560547
401959.4063;5864078.5;-4118.25
402019.7188;5864078.5;-4118.141113
402080;5864078.5;-4116.177734
402140.3125;5864078.5;-4113.795898
402200.625;5864078.5;-4111.512695
402260.9063;5864078.5;-4109.268066
402321.2188;5864078.5;-4106.316895
402381.5;5864078.5;-4102.496094
402441.8125;5864078.5;-4098.246094
402502.125;5864078.5;-4094.411865
402562.4063;5864078.5;-4091.674072
402622.7188;5864078.5;-4089.373291
402683.0313;5864078.5;-4087.163574
402743.3125;5864078.5;-4084.984863
402803.625;5864078.5;-4083.121094
402863.9063;5864078.5;-4081.718262
402924.2188;5864078.5;-4080.789307
402984.5313;5864078.5;-4080.347168
403044.8125;5864078.5;-4080.176025
403105.125;5864078.5;-4079.993408
403165.4375;5864078.5;-4079.825928
403225.7188;5864078.5;-4079.638428
403286.0313;5864078.5;-4079.325439
403346.3125;5864078.5;-4078.931885
403406.625;5864078.5;-4078.440186
403466.9375;5864078.5;-4077.779297
403527.2188;5864078.5;-4076.958008
403587.5313;5864078.5;-4075.998779
403647.8438;5864078.5;-4074.857422
403708.125;5864078.5;-4073.555176
403768.4375;5864078.5;-4072.070068
403828.7188;5864078.5;-4070.363525
403889.0313;5864078.5;-4068.43042
403949.3438;5864078.5;-4066.197754
404009.625;5864078.5;-4063.612061
404069.9375;5864078.5;-4060.783203
404130.25;5864078.5;-4057.758301
404190.5313;5864078.5;-4054.527344
404250.8438;5864078.5;-4051.136963
404311.125;5864078.5;-4047.681641
404371.4375;5864078.5;-4044.228027
404431.75;5864078.5;-4040.818115
404492.0313;5864078.5;-4037.479004
404552.3438;5864078.5;-4034.250488
404612.625;5864078.5;-4031.149658
404672.9375;5864078.5;-4028.148682
404733.25;5864078.5;-4025.275879
404793.5313;5864078.5;-4022.547852
404853.8438;5864078.5;-4019.884766
404914.1563;5864078.5;-4017.327393
404974.4375;5864078.5;-4014.935547
405034.75;5864078.5;-4012.645264
405095.0313;5864078.5;-4010.476563
405155.3438;5864078.5;-4008.510742
405215.6563;5864078.5;-4006.813721
405275.9375;5864078.5;-4005.387451
405336.25;5864078.5;-4004.32373
405396.5625;5864078.5;-4003.611328
405456.8438;5864078.5;-4000.811523
405517.1563;5864078.5;-4000.198486
405577.4375;5864078.5;-3999.895996
405637.75;5864078.5;-3999.878662
405698.0625;5864078.5;-4000.209229
405758.3438;5864078.5;-4000.687256
405818.6563;5864078.5;-4001.2771
405878.9688;5864078.5;-4002.171387
405939.25;5864078.5;-4003.238281
405999.5625;5864078.5;-4004.387695
406059.8438;5864078.5;-4005.743408
406120.1563;5864078.5;-4007.215088
406180.4688;5864078.5;-4008.701416
406240.75;5864078.5;-4010.228516
406301.0625;5864078.5;-4011.769775
406361.375;5864078.5;-4013.282227
406421.6563;5864078.5;-4014.778809
406481.9688;5864078.5;-4016.266602
406542.25;5864078.5;-4017.73584
406602.5625;5864078.5;-4019.173828
406662.875;5864078.5;-4020.579346
406723.1563;5864078.5;-4021.979004
406783.4688;5864078.5;-4023.362793
406843.7813;5864078.5;-4024.716064
406904.0625;5864078.5;-4026.066162
406964.375;5864078.5;-4027.40625
407024.6563;5864078.5;-4028.716797
407084.9688;5864078.5;-4030.020996
407145.2813;5864078.5;-4031.314209
407205.5625;5864078.5;-4032.574463
407265.875;5864078.5;-4033.823242
407326.1875;5864078.5;-4035.057373
407386.4688;5864078.5;-4036.260498
407446.7813;5864078.5;-4037.450439
407507.0625;5864078.5;-4038.623291
407567.375;5864078.5;-4039.762939
407627.6875;5864078.5;-4040.881836
407687.9688;5864078.5;-4041.98291
407748.2813;5864078.5;-4043.053223
407808.5938;5864078.5;-4044.092041
407868.875;5864078.5;-4045.104248
407929.1875;5864078.5;-4046.084717
407989.4688;5864078.5;-4047.040771
408049.7813;5864078.5;-4047.96875
408110.0938;5864078.5;-4048.863037
408170.375;5864078.5;-4049.726807
408230.6875;5864078.5;-4050.559814
408291;5864078.5;-4051.352539
408351.2813;5864078.5;-4052.114258
408411.5938;5864078.5;-4052.851074
408471.875;5864078.5;-4053.555664
408532.1875;5864078.5;-4054.215088
408592.5;5864078.5;-4054.842041
408652.7813;5864078.5;-4055.44043
408713.0938;5864078.5;-4056.006592
408773.4063;5864078.5;-4056.53418
408833.6875;5864078.5;-4057.026611
408894;5864078.5;-4057.486572
408954.2813;5864078.5;-4057.916992
409014.5938;5864078.5;-4058.311279
409074.9063;5864078.5;-4058.670898
409135.1875;5864078.5;-4059.000732
409195.5;5864078.5;-4059.295898
409255.8125;5864078.5;-4059.548584
409316.0938;5864078.5;-4059.77124
409376.4063;5864078.5;-4059.965576
401356.4063;5864139.5;-4109.236328
401416.6875;5864139.5;-4109.062012
401477;5864139.5;-4108.935059
401537.3125;5864139.5;-4108.878418
401597.5938;5864139.5;-4109.001953
401657.9063;5864139.5;-4109.4375
401718.2188;5864139.5;-4110.260254
401778.5;5864139.5;-4111.546387
401838.8125;5864139.5;-4113.243652
401899.0938;5864139.5;-4114.77832
401959.4063;5864139.5;-4115.622559
402019.7188;5864139.5;-4115.242188
402080;5864139.5;-4113.597168
402140.3125;5864139.5;-4111.613281
402200.625;5864139.5;-4109.616699
402260.9063;5864139.5;-4107.584473
402321.2188;5864139.5;-4105.118652
402381.5;5864139.5;-4102.113281
402441.8125;5864139.5;-4098.746582
402502.125;5864139.5;-4095.445801
402562.4063;5864139.5;-4092.650635
402622.7188;5864139.5;-4090.088379
402683.0313;5864139.5;-4087.675781
402743.3125;5864139.5;-4085.488281
402803.625;5864139.5;-4083.745117
402863.9063;5864139.5;-4082.443848
402924.2188;5864139.5;-4081.533691
402984.5313;5864139.5;-4081.005127
403044.8125;5864139.5;-4080.678467
403105.125;5864139.5;-4080.325928
403165.4375;5864139.5;-4079.981689
403225.7188;5864139.5;-4079.614258
403286.0313;5864139.5;-4079.131104
403346.3125;5864139.5;-4078.578369
403406.625;5864139.5;-4077.947754
403466.9375;5864139.5;-4077.175537
403527.2188;5864139.5;-4076.268066
403587.5313;5864139.5;-4075.235352
403647.8438;5864139.5;-4074.02832
403708.125;5864139.5;-4072.663818
403768.4375;5864139.5;-4071.12207
403828.7188;5864139.5;-4069.375488
403889.0313;5864139.5;-4067.426514
403949.3438;5864139.5;-4065.218994
404009.625;5864139.5;-4062.712158
404069.9375;5864139.5;-4060.003418
404130.25;5864139.5;-4057.131592
404190.5313;5864139.5;-4054.085205
404250.8438;5864139.5;-4050.894775
404311.125;5864139.5;-4047.638428
404371.4375;5864139.5;-4044.370117
404431.75;5864139.5;-4041.123047
404492.0313;5864139.5;-4037.91748
404552.3438;5864139.5;-4034.792725
404612.625;5864139.5;-4031.767578
404672.9375;5864139.5;-4028.820801
404733.25;5864139.5;-4025.984619
404793.5313;5864139.5;-4023.281006
404853.8438;5864139.5;-4020.644287
404914.1563;5864139.5;-4018.120117
404974.4375;5864139.5;-4015.768555
405034.75;5864139.5;-4013.53418
405095.0313;5864139.5;-4011.434814
405155.3438;5864139.5;-4009.537109
405215.6563;5864139.5;-4007.91748
405275.9375;5864139.5;-4006.562744
405336.25;5864139.5;-4005.491211
405396.5625;5864139.5;-4003.541016
405456.8438;5864139.5;-4002.52417
405517.1563;5864139.5;-4001.904297
405577.4375;5864139.5;-4001.557129
405637.75;5864139.5;-4001.477539
405698.0625;5864139.5;-4001.72998
405758.3438;5864139.5;-4002.133301
405818.6563;5864139.5;-4002.652588
405878.9688;5864139.5;-4003.458984
405939.25;5864139.5;-4004.421875
405999.5625;5864139.5;-4005.454834
406059.8438;5864139.5;-4006.681152
406120.1563;5864139.5;-4008.015625
406180.4688;5864139.5;-4009.365479
406240.75;5864139.5;-4010.765381
406301.0625;5864139.5;-4012.192139
406361.375;5864139.5;-4013.602783
406421.6563;5864139.5;-4015.010742
406481.9688;5864139.5;-4016.420654
406542.25;5864139.5;-4017.820557
406602.5625;5864139.5;-4019.199219
406662.875;5864139.5;-4020.55249
406723.1563;5864139.5;-4021.903076
406783.4688;5864139.5;-4023.240234
406843.7813;5864139.5;-4024.550781
406904.0625;5864139.5;-4025.859131
406964.375;5864139.5;-4027.158447
407024.6563;5864139.5;-4028.428711
407084.9688;5864139.5;-4029.694092
407145.2813;5864139.5;-4030.948975
407205.5625;5864139.5;-4032.171875
407265.875;5864139.5;-4033.384521
407326.1875;5864139.5;-4034.582764
407386.4688;5864139.5;-4035.75293
407446.7813;5864139.5;-4036.910156
407507.0625;5864139.5;-4038.052246
407567.375;5864139.5;-4039.16333
407627.6875;5864139.5;-4040.254639
407687.9688;5864139.5;-4041.329346
407748.2813;5864139.5;-4042.374756
407808.5938;5864139.5;-4043.391357
407868.875;5864139.5;-4044.382324
407929.1875;5864139.5;-4045.343994
407989.4688;5864139.5;-4046.281494
408049.7813;5864139.5;-4047.192139
408110.0938;5864139.5;-4048.071045
408170.375;5864139.5;-4048.920898
408230.6875;5864139.5;-4049.740479
408291;5864139.5;-4050.521729
408351.2813;5864139.5;-4051.272949
408411.5938;5864139.5;-4052.000488
408471.875;5864139.5;-4052.696533
408532.1875;5864139.5;-4053.349121
408592.5;5864139.5;-4053.969238
408652.7813;5864139.5;-4054.561768
408713.0938;5864139.5;-4055.122559
408773.4063;5864139.5;-4055.646484
408833.6875;5864139.5;-4056.13501
408894;5864139.5;-4056.591797
408954.2813;5864139.5;-4057.019775
409014.5938;5864139.5;-4057.412109
409074.9063;5864139.5;-4057.770752
409135.1875;5864139.5;-4058.099121
409195.5;5864139.5;-4058.393066
409255.8125;5864139.5;-4058.645264
409316.0938;5864139.5;-4058.86792
409376.4063;5864139.5;-4059.062744
401356.4063;5864200;-4110.177246
401416.6875;5864200;-4110.011719
401477;5864200;-4109.916016
401537.3125;5864200;-4109.897949
401597.5938;5864200;-4110.024902
401657.9063;5864200;-4110.353027
401718.2188;5864200;-4110.908203
401778.5;5864200;-4111.700684
401838.8125;5864200;-4112.631836
401899.0938;5864200;-4113.345703
401959.4063;5864200;-4113.541992
402019.7188;5864200;-4112.896973
402080;5864200;-4111.369141
402140.3125;5864200;-4109.54541
402200.625;5864200;-4107.638672
402260.9063;5864200;-4105.669434
402321.2188;5864200;-4103.462891
402381.5;5864200;-4100.949707
402441.8125;5864200;-4098.170898
402502.125;5864200;-4095.322754
402562.4063;5864200;-4092.672119
402622.7188;5864200;-4090.175293
402683.0313;5864200;-4087.872803
402743.3125;5864200;-4085.877441
402803.625;5864200;-4084.332275
402863.9063;5864200;-4083.152832
402924.2188;5864200;-4082.26709
402984.5313;5864200;-4081.653076
403044.8125;5864200;-4081.171387
403105.125;5864200;-4080.652832
403165.4375;5864200;-4080.135498
403225.7188;5864200;-4079.596436
403286.0313;5864200;-4078.957275
403346.3125;5864200;-4078.262939
403406.625;5864200;-4077.506592
403466.9375;5864200;-4076.629639
403527.2188;5864200;-4075.637207
403587.5313;5864200;-4074.531006
403647.8438;5864200;-4073.261719
403708.125;5864200;-4071.842773
403768.4375;5864200;-4070.258057
403828.7188;5864200;-4068.486328
403889.0313;5864200;-4066.533936
403949.3438;5864200;-4064.358154
404009.625;5864200;-4061.927246
404069.9375;5864200;-4059.325195
404130.25;5864200;-4056.586426
404190.5313;5864200;-4053.69751
404250.8438;5864200;-4050.679199
404311.125;5864200;-4047.595215
404371.4375;5864200;-4044.48999
404431.75;5864200;-4041.389893
404492.0313;5864200;-4038.311279
404552.3438;5864200;-4035.29126
404612.625;5864200;-4032.349365
404672.9375;5864200;-4029.469727
404733.25;5864200;-4026.688232
404793.5313;5864200;-4024.027588
404853.8438;5864200;-4021.435791
404914.1563;5864200;-4018.959717
404974.4375;5864200;-4016.656738
405034.75;5864200;-4014.479736
405095.0313;5864200;-4012.442139
405155.3438;5864200;-4010.593018
405215.6563;5864200;-4009.021484
405275.9375;5864200;-4007.703857
405336.25;5864200;-4006.213135
405396.5625;5864200;-4005.0271
405456.8438;5864200;-4004.125732
405517.1563;5864200;-4003.530029
405577.4375;5864200;-4003.17749
405637.75;5864200;-4003.076172
405698.0625;5864200;-4003.273193
405758.3438;5864200;-4003.615967
405818.6563;5864200;-4004.071777
405878.9688;5864200;-4004.789551
405939.25;5864200;-4005.648438
405999.5625;5864200;-4006.569092
406059.8438;5864200;-4007.669678
406120.1563;5864200;-4008.872803
406180.4688;5864200;-4010.094971
406240.75;5864200;-4011.374268
406301.0625;5864200;-4012.69043
406361.375;5864200;-4014.000488
406421.6563;5864200;-4015.31958
406481.9688;5864200;-4016.649414
406542.25;5864200;-4017.976563
406602.5625;5864200;-4019.29126
406662.875;5864200;-4020.588623
406723.1563;5864200;-4021.885254
406783.4688;5864200;-4023.171631
406843.7813;5864200;-4024.435547
406904.0625;5864200;-4025.698486
406964.375;5864200;-4026.953857
407024.6563;5864200;-4028.182861
407084.9688;5864200;-4029.407471
407145.2813;5864200;-4030.622314
407205.5625;5864200;-4031.807861
407265.875;5864200;-4032.983398
407326.1875;5864200;-4034.146484
407386.4688;5864200;-4035.283447
407446.7813;5864200;-4036.40918
407507.0625;5864200;-4037.520752
407567.375;5864200;-4038.603271
407627.6875;5864200;-4039.66748
407687.9688;5864200;-4040.716309
407748.2813;5864200;-4041.737793
407808.5938;5864200;-4042.731934
407868.875;5864200;-4043.701904
407929.1875;5864200;-4044.644043
407989.4688;5864200;-4045.563232
408049.7813;5864200;-4046.457031
408110.0938;5864200;-4047.320313
408170.375;5864200;-4048.155029
408230.6875;5864200;-4048.961914
408291;5864200;-4049.731201
408351.2813;5864200;-4050.471924
408411.5938;5864200;-4051.188965
408471.875;5864200;-4051.875977
408532.1875;5864200;-4052.520264
408592.5;5864200;-4053.133789
408652.7813;5864200;-4053.720215
408713.0938;5864200;-4054.276367
408773.4063;5864200;-4054.795166
408833.6875;5864200;-4055.279297
408894;5864200;-4055.732666
408954.2813;5864200;-4056.157715
409014.5938;5864200;-4056.547607
409074.9063;5864200;-4056.904053
409135.1875;5864200;-4057.230225
409195.5;5864200;-4057.523438
409255.8125;5864200;-4057.775146
409316.0938;5864200;-4057.99707
409376.4063;5864200;-4058.19165
401356.4063;5864260.5;-4110.966797
401416.6875;5864260.5;-4110.785156
401477;5864260.5;-4110.681641
401537.3125;5864260.5;-4110.660156
401597.5938;5864260.5;-4110.753418
401657.9063;5864260.5;-4110.970703
401718.2188;5864260.5;-4111.304199
401778.5;5864260.5;-4111.730469
401838.8125;5864260.5;-4112.138672
401899.0938;5864260.5;-4112.31543
401959.4063;5864260.5;-4112.085938
402019.7188;5864260.5;-4111.245605
402080;5864260.5;-4109.751465
402140.3125;5864260.5;-4107.986816
402200.625;5864260.5;-4106.092773
402260.9063;5864260.5;-4104.105469
402321.2188;5864260.5;-4101.98291
402381.5;5864260.5;-4099.700684
402441.8125;5864260.5;-4097.259277
402502.125;5864260.5;-4094.754883
402562.4063;5864260.5;-4092.356689
402622.7188;5864260.5;-4090.104492
402683.0313;5864260.5;-4088.063232
402743.3125;5864260.5;-4086.327637
402803.625;5864260.5;-4084.966797
402863.9063;5864260.5;-4083.873779
402924.2188;5864260.5;-4082.977295
402984.5313;5864260.5;-4082.259521
403044.8125;5864260.5;-4081.619629
403105.125;5864260.5;-4080.940674
403165.4375;5864260.5;-4080.260742
403225.7188;5864260.5;-4079.564453
403286.0313;5864260.5;-4078.788086
403346.3125;5864260.5;-4077.969238
403406.625;5864260.5;-4077.102051
403466.9375;5864260.5;-4076.128906
403527.2188;5864260.5;-4075.055664
403587.5313;5864260.5;-4073.880859
403647.8438;5864260.5;-4072.554199
403708.125;5864260.5;-4071.089844
403768.4375;5864260.5;-4069.473389
403828.7188;5864260.5;-4067.688477
403889.0313;5864260.5;-4065.743408
403949.3438;5864260.5;-4063.603516
404009.625;5864260.5;-4061.243164
404069.9375;5864260.5;-4058.73584
404130.25;5864260.5;-4056.111328
404190.5313;5864260.5;-4053.355469
404250.8438;5864260.5;-4050.482666
404311.125;5864260.5;-4047.546631
404371.4375;5864260.5;-4044.583984
404431.75;5864260.5;-4041.616455
404492.0313;5864260.5;-4038.657959
404552.3438;5864260.5;-4035.743652
404612.625;5864260.5;-4032.891846
404672.9375;5864260.5;-4030.093018
404733.25;5864260.5;-4027.381836
404793.5313;5864260.5;-4024.781738
404853.8438;5864260.5;-4022.251709
404914.1563;5864260.5;-4019.83667
404974.4375;5864260.5;-4017.589355
405034.75;5864260.5;-4015.471924
405095.0313;5864260.5;-4013.491455
405155.3438;5864260.5;-4011.677002
405215.6563;5864260.5;-4010.133057
405275.9375;5864260.5;-4008.82251
405336.25;5864260.5;-4007.506592
405396.5625;5864260.5;-4006.455322
405456.8438;5864260.5;-4005.661377
405517.1563;5864260.5;-4005.092773
405577.4375;5864260.5;-4004.744141
405637.75;5864260.5;-4004.630127
405698.0625;5864260.5;-4004.776855
405758.3438;5864260.5;-4005.058594
405818.6563;5864260.5;-4005.448242
405878.9688;5864260.5;-4006.073975
405939.25;5864260.5;-4006.827637
405999.5625;5864260.5;-4007.639648
406059.8438;5864260.5;-4008.622803
406120.1563;5864260.5;-4009.705566
406180.4688;5864260.5;-4010.8125
406240.75;5864260.5;-4011.983643
406301.0625;5864260.5;-4013.199219
406361.375;5864260.5;-4014.417969
406421.6563;5864260.5;-4015.653564
406481.9688;5864260.5;-4016.906738
406542.25;5864260.5;-4018.16333
406602.5625;5864260.5;-4019.415039
406662.875;5864260.5;-4020.656006
406723.1563;5864260.5;-4021.898926
406783.4688;5864260.5;-4023.133789
406843.7813;5864260.5;-4024.350586
406904.0625;5864260.5;-4025.568359
406964.375;5864260.5;-4026.779541
407024.6563;5864260.5;-4027.967041
407084.9688;5864260.5;-4029.151123
407145.2813;5864260.5;-4030.32666
407205.5625;5864260.5;-4031.475098
407265.875;5864260.5;-4032.615234
407326.1875;5864260.5;-4033.744141
407386.4688;5864260.5;-4034.849365
407446.7813;5864260.5;-4035.943848
407507.0625;5864260.5;-4037.025635
407567.375;5864260.5;-4038.080566
407627.6875;5864260.5;-4039.118652
407687.9688;5864260.5;-4040.14209
407748.2813;5864260.5;-4041.140381
407808.5938;5864260.5;-4042.112793
407868.875;5864260.5;-4043.062744
407929.1875;5864260.5;-4043.985596
407989.4688;5864260.5;-4044.887207
408049.7813;5864260.5;-4045.76416
408110.0938;5864260.5;-4046.612305
408170.375;5864260.5;-4047.432617
408230.6875;5864260.5;-4048.22583
408291;5864260.5;-4048.984131
408351.2813;5864260.5;-4049.713623
408411.5938;5864260.5;-4050.421143
408471.875;5864260.5;-4051.098877
408532.1875;5864260.5;-4051.73584
408592.5;5864260.5;-4052.342529
408652.7813;5864260.5;-4052.922119
408713.0938;5864260.5;-4053.472656
408773.4063;5864260.5;-4053.986816
408833.6875;5864260.5;-4054.467285
408894;5864260.5;-4054.916992
408954.2813;5864260.5;-4055.339111
409014.5938;5864260.5;-4055.726318
409074.9063;5864260.5;-4056.080811
409135.1875;5864260.5;-4056.405273
409195.5;5864260.5;-4056.696777
409255.8125;5864260.5;-4056.946533
409316.0938;5864260.5;-4057.16748
409376.4063;5864260.5;-4057.361572
401356.4063;5864321;-4111.570313
401416.6875;5864321;-4111.348145
401477;5864321;-4111.20752
401537.3125;5864321;-4111.144531
401597.5938;5864321;-4111.171387
401657.9063;5864321;-4111.273926
401718.2188;5864321;-4111.431641
401778.5;5864321;-4111.606445
401838.8125;5864321;-4111.693359
401899.0938;5864321;-4111.558105
401959.4063;5864321;-4111.092773
402019.7188;5864321;-4110.151367
402080;5864321;-4108.692871
402140.3125;5864321;-4106.981934
402200.625;5864321;-4105.119629
402260.9063;5864321;-4103.137207
402321.2188;5864321;-4101.057129
402381.5;5864321;-4098.897949
402441.8125;5864321;-4096.660645
402502.125;5864321;-4094.409912
402562.4063;5864321;-4092.262695
402622.7188;5864321;-4090.265381
402683.0313;5864321;-4088.465332
402743.3125;5864321;-4086.92334
402803.625;5864321;-4085.661133
402863.9063;5864321;-4084.580811
402924.2188;5864321;-4083.628174
402984.5313;5864321;-4082.79126
403044.8125;5864321;-4082.001953
403105.125;5864321;-4081.178223
403165.4375;5864321;-4080.355957
403225.7188;5864321;-4079.524658
403286.0313;5864321;-4078.630127
403346.3125;5864321;-4077.703125
403406.625;5864321;-4076.736816
403466.9375;5864321;-4075.677002
403527.2188;5864321;-4074.529541
403587.5313;5864321;-4073.289795
403647.8438;5864321;-4071.912842
403708.125;5864321;-4070.410645
403768.4375;5864321;-4068.770752
403828.7188;5864321;-4066.980957
403889.0313;5864321;-4065.048584
403949.3438;5864321;-4062.945068
404009.625;5864321;-4060.649658
404069.9375;5864321;-4058.226074
404130.25;5864321;-4055.699951
404190.5313;5864321;-4053.058105
404250.8438;5864321;-4050.310547
404311.125;5864321;-4047.502441
404371.4375;5864321;-4044.666748
404431.75;5864321;-4041.819824
404492.0313;5864321;-4038.976074
404552.3438;5864321;-4036.167236
404612.625;5864321;-4033.411621
404672.9375;5864321;-4030.703857
404733.25;5864321;-4028.077148
404793.5313;5864321;-4025.554443
404853.8438;5864321;-4023.101563
404914.1563;5864321;-4020.763672
404974.4375;5864321;-4018.587646
405034.75;5864321;-4016.539795
405095.0313;5864321;-4014.625732
405155.3438;5864321;-4012.867432
405215.6563;5864321;-4011.366699
405275.9375;5864321;-4010.089844
405336.25;5864321;-4008.875732
405396.5625;5864321;-4007.906494
405456.8438;5864321;-4007.174316
405517.1563;5864321;-4006.62207
405577.4375;5864321;-4006.272705
405637.75;5864321;-4006.14209
405698.0625;5864321;-4006.241455
405758.3438;5864321;-4006.466553
405818.6563;5864321;-4006.793701
405878.9688;5864321;-4007.334229
405939.25;5864321;-4007.994629
405999.5625;5864321;-4008.71167
406059.8438;5864321;-4009.590332
406120.1563;5864321;-4010.566406
406180.4688;5864321;-4011.572021
406240.75;5864321;-4012.645752
406301.0625;5864321;-4013.767578
406361.375;5864321;-4014.898926
406421.6563;5864321;-4016.053711
406481.9688;5864321;-4017.231689
406542.25;5864321;-4018.416504
406602.5625;5864321;-4019.603516
406662.875;5864321;-4020.786377
406723.1563;5864321;-4021.972412
406783.4688;5864321;-4023.15332
406843.7813;5864321;-4024.321289
406904.0625;5864321;-4025.490723
406964.375;5864321;-4026.655518
407024.6563;5864321;-4027.800537
407084.9688;5864321;-4028.942871
407145.2813;5864321;-4030.078369
407205.5625;5864321;-4031.189209
407265.875;5864321;-4032.293701
407326.1875;5864321;-4033.388184
407386.4688;5864321;-4034.460938
407446.7813;5864321;-4035.524658
407507.0625;5864321;-4036.577148
407567.375;5864321;-4037.605225
407627.6875;5864321;-4038.616943
407687.9688;5864321;-4039.615967
407748.2813;5864321;-4040.590332
407808.5938;5864321;-4041.541504
407868.875;5864321;-4042.470459
407929.1875;5864321;-4043.374512
407989.4688;5864321;-4044.257813
408049.7813;5864321;-4045.118164
408110.0938;5864321;-4045.950439
408170.375;5864321;-4046.75708
408230.6875;5864321;-4047.536865
408291;5864321;-4048.282471
408351.2813;5864321;-4049.001221
408411.5938;5864321;-4049.69873
408471.875;5864321;-4050.366943
408532.1875;5864321;-4050.995605
408592.5;5864321;-4051.594727
408652.7813;5864321;-4052.167969
408713.0938;5864321;-4052.712402
408773.4063;5864321;-4053.220947
408833.6875;5864321;-4053.696777
408894;5864321;-4054.142822
408954.2813;5864321;-4054.561035
409014.5938;5864321;-4054.945068
409074.9063;5864321;-4055.297119
409135.1875;5864321;-4055.619873
409195.5;5864321;-4055.908936
409255.8125;5864321;-4056.157471
409316.0938;5864321;-4056.376709
409376.4063;5864321;-4056.569092
401356.4063;5864381.5;-4112.023926
401416.6875;5864381.5;-4111.758301
401477;5864381.5;-4111.570801
401537.3125;5864381.5;-4111.450195
401597.5938;5864381.5;-4111.396973
401657.9063;5864381.5;-4111.384277
401718.2188;5864381.5;-4111.388672
401778.5;5864381.5;-4111.369141
401838.8125;5864381.5;-4111.233398
401899.0938;5864381.5;-4110.896484
401959.4063;5864381.5;-4110.288086
402019.7188;5864381.5;-4109.300781
402080;5864381.5;-4107.891602
402140.3125;5864381.5;-4106.254883
402200.625;5864381.5;-4104.460938
402260.9063;5864381.5;-4102.533691
402321.2188;5864381.5;-4100.522949
402381.5;5864381.5;-4098.476074
402441.8125;5864381.5;-4096.402832
402502.125;5864381.5;-4094.35376
402562.4063;5864381.5;-4092.416992
402622.7188;5864381.5;-4090.621826
402683.0313;5864381.5;-4088.994141
402743.3125;5864381.5;-4087.566406
402803.625;5864381.5;-4086.336426
402863.9063;5864381.5;-4085.225586
402924.2188;5864381.5;-4084.195068
402984.5313;5864381.5;-4083.239746
403044.8125;5864381.5;-4082.317139
403105.125;5864381.5;-4081.366455
403165.4375;5864381.5;-4080.42041
403225.7188;5864381.5;-4079.47168
403286.0313;5864381.5;-4078.473389
403346.3125;5864381.5;-4077.448975
403406.625;5864381.5;-4076.392334
403466.9375;5864381.5;-4075.253174
403527.2188;5864381.5;-4074.035645
403587.5313;5864381.5;-4072.736572
403647.8438;5864381.5;-4071.313721
403708.125;5864381.5;-4069.778809
403768.4375;5864381.5;-4068.12085
403828.7188;5864381.5;-4066.328857
403889.0313;5864381.5;-4064.411621
403949.3438;5864381.5;-4062.345215
404009.625;5864381.5;-4060.109131
404069.9375;5864381.5;-4057.762451
404130.25;5864381.5;-4055.325928
404190.5313;5864381.5;-4052.787109
404250.8438;5864381.5;-4050.1521
404311.125;5864381.5;-4047.461914
404371.4375;5864381.5;-4044.743164
404431.75;5864381.5;-4042.010986
404492.0313;5864381.5;-4039.27832
404552.3438;5864381.5;-4036.574463
404612.625;5864381.5;-4033.917725
404672.9375;5864381.5;-4031.305176
404733.25;5864381.5;-4028.77002
404793.5313;5864381.5;-4026.33252
404853.8438;5864381.5;-4023.965576
404914.1563;5864381.5;-4021.712891
404974.4375;5864381.5;-4019.617676
405034.75;5864381.5;-4017.646973
405095.0313;5864381.5;-4015.806641
405155.3438;5864381.5;-4014.123047
405215.6563;5864381.5;-4012.682861
405275.9375;5864381.5;-4011.452637
405336.25;5864381.5;-4010.30249
405396.5625;5864381.5;-4009.378662
405456.8438;5864381.5;-4008.67334
405517.1563;5864381.5;-4008.12915
405577.4375;5864381.5;-4007.773193
405637.75;5864381.5;-4007.621582
405698.0625;5864381.5;-4007.677002
405758.3438;5864381.5;-4007.849121
405818.6563;5864381.5;-4008.118164
405878.9688;5864381.5;-4008.582275
405939.25;5864381.5;-4009.158936
405999.5625;5864381.5;-4009.79248
406059.8438;5864381.5;-4010.576172
406120.1563;5864381.5;-4011.455322
406180.4688;5864381.5;-4012.367676
406240.75;5864381.5;-4013.349121
406301.0625;5864381.5;-4014.380859
406361.375;5864381.5;-4015.427246
406421.6563;5864381.5;-4016.501709
406481.9688;5864381.5;-4017.603516
406542.25;5864381.5;-4018.716553
406602.5625;5864381.5;-4019.837402
406662.875;5864381.5;-4020.960205
406723.1563;5864381.5;-4022.087646
406783.4688;5864381.5;-4023.213379
406843.7813;5864381.5;-4024.330078
406904.0625;5864381.5;-4025.450195
406964.375;5864381.5;-4026.567627
407024.6563;5864381.5;-4027.668701
407084.9688;5864381.5;-4028.768555
407145.2813;5864381.5;-4029.862793
407205.5625;5864381.5;-4030.936523
407265.875;5864381.5;-4032.005371
407326.1875;5864381.5;-4033.065186
407386.4688;5864381.5;-4034.106445
407446.7813;5864381.5;-4035.139404
407507.0625;5864381.5;-4036.162598
407567.375;5864381.5;-4037.162598
407627.6875;5864381.5;-4038.148926
407687.9688;5864381.5;-4039.123047
407748.2813;5864381.5;-4040.074219
407808.5938;5864381.5;-4041.003418
407868.875;5864381.5;-4041.912109
407929.1875;5864381.5;-4042.796631
407989.4688;5864381.5;-4043.662109
408049.7813;5864381.5;-4044.505615
408110.0938;5864381.5;-4045.322021
408170.375;5864381.5;-4046.11377
408230.6875;5864381.5;-4046.880127
408291;5864381.5;-4047.613525
408351.2813;5864381.5;-4048.321289
408411.5938;5864381.5;-4049.007813
408471.875;5864381.5;-4049.666748
408532.1875;5864381.5;-4050.286377
408592.5;5864381.5;-4050.87793
408652.7813;5864381.5;-4051.444336
408713.0938;5864381.5;-4051.982178
408773.4063;5864381.5;-4052.485107
408833.6875;5864381.5;-4052.955566
408894;5864381.5;-4053.397461
408954.2813;5864381.5;-4053.811523
409014.5938;5864381.5;-4054.192383
409074.9063;5864381.5;-4054.541504
409135.1875;5864381.5;-4054.861572
409195.5;5864381.5;-4055.148682
409255.8125;5864381.5;-4055.395508
409316.0938;5864381.5;-4055.613281
409376.4063;5864381.5;-4055.804443
401356.4063;5864442.5;-4112.341797
401416.6875;5864442.5;-4112.037109
401477;5864442.5;-4111.800293
401537.3125;5864442.5;-4111.619629
401597.5938;5864442.5;-4111.483398
401657.9063;5864442.5;-4111.362793
401718.2188;5864442.5;-4111.231934
401778.5;5864442.5;-4111.056641
401838.8125;5864442.5;-4110.758301
401899.0938;5864442.5;-4110.283691
401959.4063;5864442.5;-4109.586914
402019.7188;5864442.5;-4108.588379
402080;5864442.5;-4107.244629
402140.3125;5864442.5;-4105.69873
402200.625;5864442.5;-4104.001465
402260.9063;5864442.5;-4102.168945
402321.2188;5864442.5;-4100.256348
402381.5;5864442.5;-4098.328125
402441.8125;5864442.5;-4096.399414
402502.125;5864442.5;-4094.513916
402562.4063;5864442.5;-4092.737061
402622.7188;5864442.5;-4091.082764
402683.0313;5864442.5;-4089.560547
402743.3125;5864442.5;-4088.184326
402803.625;5864442.5;-4086.942139
402863.9063;5864442.5;-4085.775146
402924.2188;5864442.5;-4084.658203
402984.5313;5864442.5;-4083.592529
403044.8125;5864442.5;-4082.551514
403105.125;5864442.5;-4081.491943
403165.4375;5864442.5;-4080.439941
403225.7188;5864442.5;-4079.389648
403286.0313;5864442.5;-4078.299561
403346.3125;5864442.5;-4077.188965
403406.625;5864442.5;-4076.051025
403466.9375;5864442.5;-4074.839111
403527.2188;5864442.5;-4073.558838
403587.5313;5864442.5;-4072.205078
403647.8438;5864442.5;-4070.741455
403708.125;5864442.5;-4069.177246
403768.4375;5864442.5;-4067.504883
403828.7188;5864442.5;-4065.713867
403889.0313;5864442.5;-4063.812744
403949.3438;5864442.5;-4061.781494
404009.625;5864442.5;-4059.602539
404069.9375;5864442.5;-4057.327148
404130.25;5864442.5;-4054.973633
404190.5313;5864442.5;-4052.529053
404250.8438;5864442.5;-4049.998779
404311.125;5864442.5;-4047.416992
404371.4375;5864442.5;-4044.809082
404431.75;5864442.5;-4042.186035
404492.0313;5864442.5;-4039.560547
404552.3438;5864442.5;-4036.960205
404612.625;5864442.5;-4034.401123
404672.9375;5864442.5;-4031.885498
404733.25;5864442.5;-4029.443115
404793.5313;5864442.5;-4027.092529
404853.8438;5864442.5;-4024.813477
404914.1563;5864442.5;-4022.647217
404974.4375;5864442.5;-4020.631836
405034.75;5864442.5;-4018.737061
405095.0313;5864442.5;-4016.969238
405155.3438;5864442.5;-4015.357178
405215.6563;5864442.5;-4013.973389
405275.9375;5864442.5;-4012.786621
405336.25;5864442.5;-4011.696289
405396.5625;5864442.5;-4010.814453
405456.8438;5864442.5;-4010.134521
405517.1563;5864442.5;-4009.5979
405577.4375;5864442.5;-4009.235352
405637.75;5864442.5;-4009.063965
405698.0625;5864442.5;-4009.076904
405758.3438;5864442.5;-4009.198486
405818.6563;5864442.5;-4009.412598
405878.9688;5864442.5;-4009.803711
405939.25;5864442.5;-4010.302002
405999.5625;5864442.5;-4010.856934
406059.8438;5864442.5;-4011.551758
406120.1563;5864442.5;-4012.337891
406180.4688;5864442.5;-4013.162354
406240.75;5864442.5;-4014.055664
406301.0625;5864442.5;-4015
406361.375;5864442.5;-4015.964355
406421.6563;5864442.5;-4016.960693
406481.9688;5864442.5;-4017.987549
406542.25;5864442.5;-4019.029053
406602.5625;5864442.5;-4020.084473
406662.875;5864442.5;-4021.147705
406723.1563;5864442.5;-4022.217529
406783.4688;5864442.5;-4023.288086
406843.7813;5864442.5;-4024.354248
406904.0625;5864442.5;-4025.425293
406964.375;5864442.5;-4026.49585
407024.6563;5864442.5;-4027.553711
407084.9688;5864442.5;-4028.611572
407145.2813;5864442.5;-4029.666016
407205.5625;5864442.5;-4030.703125
407265.875;5864442.5;-4031.73584
407326.1875;5864442.5;-4032.762451
407386.4688;5864442.5;-4033.772949
407446.7813;5864442.5;-4034.775879
407507.0625;5864442.5;-4035.77002
407567.375;5864442.5;-4036.743652
407627.6875;5864442.5;-4037.704834
407687.9688;5864442.5;-4038.654297
407748.2813;5864442.5;-4039.582764
407808.5938;5864442.5;-4040.490479
407868.875;5864442.5;-4041.379395
407929.1875;5864442.5;-4042.245605
407989.4688;5864442.5;-4043.093262
408049.7813;5864442.5;-4043.919678
408110.0938;5864442.5;-4044.721191
408170.375;5864442.5;-4045.498047
408230.6875;5864442.5;-4046.251465
408291;5864442.5;-4046.972412
408351.2813;5864442.5;-4047.669434
408411.5938;5864442.5;-4048.345703
408471.875;5864442.5;-4048.994385
408532.1875;5864442.5;-4049.605957
408592.5;5864442.5;-4050.189453
408652.7813;5864442.5;-4050.748535
408713.0938;5864442.5;-4051.280029
408773.4063;5864442.5;-4051.777588
408833.6875;5864442.5;-4052.243164
408894;5864442.5;-4052.680176
408954.2813;5864442.5;-4053.090576
409014.5938;5864442.5;-4053.468262
409074.9063;5864442.5;-4053.813965
409135.1875;5864442.5;-4054.131592
409195.5;5864442.5;-4054.416504
409255.8125;5864442.5;-4054.662109
409316.0938;5864442.5;-4054.878906
409376.4063;5864442.5;-4055.069092
401356.4063;5864503;-4112.500977
401416.6875;5864503;-4112.161133
401477;5864503;-4111.879395
401537.3125;5864503;-4111.640137
401597.5938;5864503;-4111.425781
401657.9063;5864503;-4111.20752
401718.2188;5864503;-4110.964844
401778.5;5864503;-4110.666016
401838.8125;5864503;-4110.25
401899.0938;5864503;-4109.683594
401959.4063;5864503;-4108.936035
402019.7188;5864503;-4107.945313
402080;5864503;-4106.671387
402140.3125;5864503;-4105.222656
402200.625;5864503;-4103.636719
402260.9063;5864503;-4101.92041
402321.2188;5864503;-4100.125
402381.5;5864503;-4098.318359
402441.8125;5864503;-4096.517578
402502.125;5864503;-4094.760254
402562.4063;5864503;-4093.095459
402622.7188;5864503;-4091.5271
402683.0313;5864503;-4090.056641
402743.3125;5864503;-4088.689209
402803.625;5864503;-4087.410156
402863.9063;5864503;-4086.181396
402924.2188;5864503;-4084.984863
402984.5313;5864503;-4083.82666
403044.8125;5864503;-4082.690674
403105.125;5864503;-4081.543701
403165.4375;5864503;-4080.405762
403225.7188;5864503;-4079.271484
403286.0313;5864503;-4078.10498
403346.3125;5864503;-4076.92041
403406.625;5864503;-4075.711914
403466.9375;5864503;-4074.4375
403527.2188;5864503;-4073.102051
403587.5313;5864503;-4071.700928
403647.8438;5864503;-4070.202148
403708.125;5864503;-4068.614502
403768.4375;5864503;-4066.931396
403828.7188;5864503;-4065.144287
403889.0313;5864503;-4063.260498
403949.3438;5864503;-4061.263184
404009.625;5864503;-4059.136963
404069.9375;5864503;-4056.926758
404130.25;5864503;-4054.648682
404190.5313;5864503;-4052.290771
404250.8438;5864503;-4049.855957
404311.125;5864503;-4047.375488
404371.4375;5864503;-4044.869873
404431.75;5864503;-4042.350586
404492.0313;5864503;-4039.827881
404552.3438;5864503;-4037.328369
404612.625;5864503;-4034.866943
404672.9375;5864503;-4032.44873
404733.25;5864503;-4030.101318
404793.5313;5864503;-4027.84082
404853.8438;5864503;-4025.651611
404914.1563;5864503;-4023.572266
404974.4375;5864503;-4021.638672
405034.75;5864503;-4019.821045
405095.0313;5864503;-4018.124023
405155.3438;5864503;-4016.579834
405215.6563;5864503;-4015.248779
405275.9375;5864503;-4014.101318
405336.25;5864503;-4013.058838
405396.5625;5864503;-4012.209229
405456.8438;5864503;-4011.544678
405517.1563;5864503;-4011.010742
405577.4375;5864503;-4010.638428
405637.75;5864503;-4010.443848
405698.0625;5864503;-4010.416504
405758.3438;5864503;-4010.490479
405818.6563;5864503;-4010.653809
405878.9688;5864503;-4010.979004
405939.25;5864503;-4011.406494
405999.5625;5864503;-4011.891357
406059.8438;5864503;-4012.505615
406120.1563;5864503;-4013.208496
406180.4688;5864503;-4013.952148
406240.75;5864503;-4014.763916
406301.0625;5864503;-4015.627441
406361.375;5864503;-4016.514404
406421.6563;5864503;-4017.436279
406481.9688;5864503;-4018.39209
406542.25;5864503;-4019.365234
406602.5625;5864503;-4020.357178
406662.875;5864503;-4021.361084
406723.1563;5864503;-4022.374023
406783.4688;5864503;-4023.390869
406843.7813;5864503;-4024.406738
406904.0625;5864503;-4025.429932
406964.375;5864503;-4026.454102
407024.6563;5864503;-4027.468994
407084.9688;5864503;-4028.48584
407145.2813;5864503;-4029.500488
407205.5625;5864503;-4030.501709
407265.875;5864503;-4031.5
407326.1875;5864503;-4032.493164
407386.4688;5864503;-4033.4729
407446.7813;5864503;-4034.446045
407507.0625;5864503;-4035.411865
407567.375;5864503;-4036.359863
407627.6875;5864503;-4037.295654
407687.9688;5864503;-4038.221436
407748.2813;5864503;-4039.127686
407808.5938;5864503;-4040.01416
407868.875;5864503;-4040.882813
407929.1875;5864503;-4041.730225
407989.4688;5864503;-4042.560303
408049.7813;5864503;-4043.371338
408110.0938;5864503;-4044.157227
408170.375;5864503;-4044.920166
408230.6875;5864503;-4045.659424
408291;5864503;-4046.368896
408351.2813;5864503;-4047.053711
408411.5938;5864503;-4047.719238
408471.875;5864503;-4048.358398
408532.1875;5864503;-4048.961182
408592.5;5864503;-4049.536865
408652.7813;5864503;-4050.088867
408713.0938;5864503;-4050.61377
408773.4063;5864503;-4051.105713
408833.6875;5864503;-4051.566162
408894;5864503;-4051.998291
408954.2813;5864503;-4052.404785
409014.5938;5864503;-4052.778564
409074.9063;5864503;-4053.121582
409135.1875;5864503;-4053.436523
409195.5;5864503;-4053.718994
409255.8125;5864503;-4053.962646
409316.0938;5864503;-4054.178467
409376.4063;5864503;-4054.368164
401356.4063;5864563.5;-4112.486816
401416.6875;5864563.5;-4112.117188
401477;5864563.5;-4111.796875
401537.3125;5864563.5;-4111.507813
401597.5938;5864563.5;-4111.227539
401657.9063;5864563.5;-4110.931152
401718.2188;5864563.5;-4110.601074
401778.5;5864563.5;-4110.212891
401838.8125;5864563.5;-4109.714355
401899.0938;5864563.5;-4109.086426
401959.4063;5864563.5;-4108.308594
402019.7188;5864563.5;-4107.330566
402080;5864563.5;-4106.119141
402140.3125;5864563.5;-4104.758789
402200.625;5864563.5;-4103.276367
402260.9063;5864563.5;-4101.675293
402321.2188;5864563.5;-4099.994629
402381.5;5864563.5;-4098.297852
402441.8125;5864563.5;-4096.604492
402502.125;5864563.5;-4094.943604
402562.4063;5864563.5;-4093.352783
402622.7188;5864563.5;-4091.831787
402683.0313;5864563.5;-4090.381836
402743.3125;5864563.5;-4089.003662
402803.625;5864563.5;-4087.687256
402863.9063;5864563.5;-4086.406738
402924.2188;5864563.5;-4085.151123
402984.5313;5864563.5;-4083.92627
403044.8125;5864563.5;-4082.722412
403105.125;5864563.5;-4081.510986
403165.4375;5864563.5;-4080.30835
403225.7188;5864563.5;-4079.108643
403286.0313;5864563.5;-4077.880859
403346.3125;5864563.5;-4076.636475
403406.625;5864563.5;-4075.369873
403466.9375;5864563.5;-4074.044434
403527.2188;5864563.5;-4072.664307
403587.5313;5864563.5;-4071.22583
403647.8438;5864563.5;-4069.699463
403708.125;5864563.5;-4068.094482
403768.4375;5864563.5;-4066.405273
403828.7188;5864563.5;-4064.624268
403889.0313;5864563.5;-4062.758789
403949.3438;5864563.5;-4060.793945
404009.625;5864563.5;-4058.716064
404069.9375;5864563.5;-4056.564941
404130.25;5864563.5;-4054.35498
404190.5313;5864563.5;-4052.074219
404250.8438;5864563.5;-4049.72583
404311.125;5864563.5;-4047.337402
404371.4375;5864563.5;-4044.926514
404431.75;5864563.5;-4042.503174
404492.0313;5864563.5;-4040.079102
404552.3438;5864563.5;-4037.676514
404612.625;5864563.5;-4035.311035
404672.9375;5864563.5;-4032.988037
404733.25;5864563.5;-4030.734131
404793.5313;5864563.5;-4028.563477
404853.8438;5864563.5;-4026.463135
404914.1563;5864563.5;-4024.470215
404974.4375;5864563.5;-4022.617188
405034.75;5864563.5;-4020.874268
405095.0313;5864563.5;-4019.246094
405155.3438;5864563.5;-4017.765869
405215.6563;5864563.5;-4016.483154
405275.9375;5864563.5;-4015.370605
405336.25;5864563.5;-4014.364258
405396.5625;5864563.5;-4013.534668
405456.8438;5864563.5;-4012.876709
405517.1563;5864563.5;-4012.341309
405577.4375;5864563.5;-4011.956543
405637.75;5864563.5;-4011.738525
405698.0625;5864563.5;-4011.674561
405758.3438;5864563.5;-4011.706299
405818.6563;5864563.5;-4011.823975
405878.9688;5864563.5;-4012.092773
405939.25;5864563.5;-4012.459961
405999.5625;5864563.5;-4012.883789
406059.8438;5864563.5;-4013.427734
406120.1563;5864563.5;-4014.056885
406180.4688;5864563.5;-4014.729248
406240.75;5864563.5;-4015.467529
406301.0625;5864563.5;-4016.256836
406361.375;5864563.5;-4017.072754
406421.6563;5864563.5;-4017.926025
406481.9688;5864563.5;-4018.814453
406542.25;5864563.5;-4019.723389
406602.5625;5864563.5;-4020.654785
406662.875;5864563.5;-4021.601807
406723.1563;5864563.5;-4022.55957
406783.4688;5864563.5;-4023.523682
406843.7813;5864563.5;-4024.491211
406904.0625;5864563.5;-4025.467529
406964.375;5864563.5;-4026.446533
407024.6563;5864563.5;-4027.419922
407084.9688;5864563.5;-4028.396484
407145.2813;5864563.5;-4029.372803
407205.5625;5864563.5;-4030.339111
407265.875;5864563.5;-4031.303467
407326.1875;5864563.5;-4032.264404
407386.4688;5864563.5;-4033.214111
407446.7813;5864563.5;-4034.15918
407507.0625;5864563.5;-4035.097168
407567.375;5864563.5;-4036.019531
407627.6875;5864563.5;-4036.930908
407687.9688;5864563.5;-4037.833008
407748.2813;5864563.5;-4038.717041
407808.5938;5864563.5;-4039.583252
407868.875;5864563.5;-4040.432617
407929.1875;5864563.5;-4041.261963
407989.4688;5864563.5;-4042.074951
408049.7813;5864563.5;-4042.869141
408110.0938;5864563.5;-4043.640137
408170.375;5864563.5;-4044.388916
408230.6875;5864563.5;-4045.114746
408291;5864563.5;-4045.812256
408351.2813;5864563.5;-4046.486328
408411.5938;5864563.5;-4047.141113
408471.875;5864563.5;-4047.770264
408532.1875;5864563.5;-4048.364258
408592.5;5864563.5;-4048.931885
408652.7813;5864563.5;-4049.476318
408713.0938;5864563.5;-4049.994629
408773.4063;5864563.5;-4050.480225
408833.6875;5864563.5;-4050.935303
408894;5864563.5;-4051.362549
408954.2813;5864563.5;-4051.764893
409014.5938;5864563.5;-4052.134521
409074.9063;5864563.5;-4052.474365
409135.1875;5864563.5;-4052.786377
409195.5;5864563.5;-4053.06665
409255.8125;5864563.5;-4053.30835
409316.0938;5864563.5;-4053.521729
409376.4063;5864563.5;-4053.708984
401356.4063;5864624;-4112.356934
401416.6875;5864624;-4111.96875
401477;5864624;-4111.618652
401537.3125;5864624;-4111.290039
401597.5938;5864624;-4110.956055
401657.9063;5864624;-4110.597168
401718.2188;5864624;-4110.198242
401778.5;5864624;-4109.740234
401838.8125;5864624;-4109.179688
401899.0938;5864624;-4108.507324
401959.4063;5864624;-4107.708984
402019.7188;5864624;-4106.745117
402080;5864624;-4105.585938
402140.3125;5864624;-4104.300293
402200.625;5864624;-4102.908691
402260.9063;5864624;-4101.409668
402321.2188;5864624;-4099.832031
402381.5;5864624;-4098.23291
402441.8125;5864624;-4096.629395
402502.125;5864624;-4095.045898
402562.4063;5864624;-4093.509277
402622.7188;5864624;-4092.020508
402683.0313;5864624;-4090.579834
402743.3125;5864624;-4089.189209
402803.625;5864624;-4087.841553
402863.9063;5864624;-4086.520264
402924.2188;5864624;-4085.218506
402984.5313;5864624;-4083.943115
403044.8125;5864624;-4082.685791
403105.125;5864624;-4081.422607
403165.4375;5864624;-4080.166748
403225.7188;5864624;-4078.912354
403286.0313;5864624;-4077.633057
403346.3125;5864624;-4076.337402
403406.625;5864624;-4075.020996
403466.9375;5864624;-4073.652588
403527.2188;5864624;-4072.234131
403587.5313;5864624;-4070.763428
403647.8438;5864624;-4069.215332
403708.125;5864624;-4067.597412
403768.4375;5864624;-4065.905518
403828.7188;5864624;-4064.132324
403889.0313;5864624;-4062.285645
403949.3438;5864624;-4060.351807
404009.625;5864624;-4058.320068
404069.9375;5864624;-4056.223877
404130.25;5864624;-4054.07666
404190.5313;5864624;-4051.86792
404250.8438;5864624;-4049.599854
404311.125;5864624;-4047.297119
404371.4375;5864624;-4044.97583
404431.75;5864624;-4042.643799
404492.0313;5864624;-4040.312988
404552.3438;5864624;-4038.003662
404612.625;5864624;-4035.729736
404672.9375;5864624;-4033.499023
404733.25;5864624;-4031.334717
404793.5313;5864624;-4029.250488
404853.8438;5864624;-4027.234131
404914.1563;5864624;-4025.32251
404974.4375;5864624;-4023.545654
405034.75;5864624;-4021.872559
405095.0313;5864624;-4020.308594
405155.3438;5864624;-4018.887207
405215.6563;5864624;-4017.64917
405275.9375;5864624;-4016.569824
405336.25;5864624;-4015.598389
405396.5625;5864624;-4014.789795
405456.8438;5864624;-4014.139648
405517.1563;5864624;-4013.605225
405577.4375;5864624;-4013.211182
405637.75;5864624;-4012.973877
405698.0625;5864624;-4012.87793
405758.3438;5864624;-4012.873291
405818.6563;5864624;-4012.951172
405878.9688;5864624;-4013.168457
405939.25;5864624;-4013.480469
405999.5625;5864624;-4013.849609
406059.8438;5864624;-4014.328125
406120.1563;5864624;-4014.887939
406180.4688;5864624;-4015.493408
406240.75;5864624;-4016.162109
406301.0625;5864624;-4016.881104
406361.375;5864624;-4017.62915
406421.6563;5864624;-4018.41626
406481.9688;5864624;-4019.239258
406542.25;5864624;-4020.085938
406602.5625;5864624;-4020.95874
406662.875;5864624;-4021.850586
406723.1563;5864624;-4022.754395
406783.4688;5864624;-4023.66748
406843.7813;5864624;-4024.588135
406904.0625;5864624;-4025.518799
406964.375;5864624;-4026.454102
407024.6563;5864624;-4027.387939
407084.9688;5864624;-4028.325439
407145.2813;5864624;-4029.264404
407205.5625;5864624;-4030.196533
407265.875;5864624;-4031.128418
407326.1875;5864624;-4032.05835
407386.4688;5864624;-4032.979736
407446.7813;5864624;-4033.896973
407507.0625;5864624;-4034.80835
407567.375;5864624;-4035.706055
407627.6875;5864624;-4036.593994
407687.9688;5864624;-4037.473389
407748.2813;5864624;-4038.336182
407808.5938;5864624;-4039.182373
407868.875;5864624;-4040.013184
407929.1875;5864624;-4040.824951
407989.4688;5864624;-4041.621094
408049.7813;5864624;-4042.399902
408110.0938;5864624;-4043.156006
408170.375;5864624;-4043.890869
408230.6875;5864624;-4044.604248
408291;5864624;-4045.289795
408351.2813;5864624;-4045.952637
408411.5938;5864624;-4046.597168
408471.875;5864624;-4047.217529
408532.1875;5864624;-4047.80249
408592.5;5864624;-4048.362549
408652.7813;5864624;-4048.899658
408713.0938;5864624;-4049.411133
408773.4063;5864624;-4049.890625
408833.6875;5864624;-4050.340088
408894;5864624;-4050.762939
408954.2813;5864624;-4051.1604
409014.5938;5864624;-4051.526123
409074.9063;5864624;-4051.862793
409135.1875;5864624;-4052.171631
409195.5;5864624;-4052.449463
409255.8125;5864624;-4052.688965
409316.0938;5864624;-4052.900635
409376.4063;5864624;-4053.086426
401356.4063;5864685;-4112.141113
401416.6875;5864685;-4111.742188
401477;5864685;-4111.369629
401537.3125;5864685;-4111.008301
401597.5938;5864685;-4110.630371
401657.9063;5864685;-4110.221191
401718.2188;5864685;-4109.766602
401778.5;5864685;-4109.25293
401838.8125;5864685;-4108.645508
401899.0938;5864685;-4107.939453
401959.4063;5864685;-4107.125488
402019.7188;5864685;-4106.172363
402080;5864685;-4105.056152
402140.3125;5864685;-4103.832031
402200.625;5864685;-4102.516602
402260.9063;5864685;-4101.10498
402321.2188;5864685;-4099.617188
402381.5;5864685;-4098.102051
402441.8125;5864685;-4096.575684
402502.125;5864685;-4095.056885
402562.4063;5864685;-4093.564697
402622.7188;5864685;-4092.101563
402683.0313;5864685;-4090.669678
402743.3125;5864685;-4089.269531
402803.625;5864685;-4087.899902
402863.9063;5864685;-4086.549316
402924.2188;5864685;-4085.213623
402984.5313;5864685;-4083.898438
403044.8125;5864685;-4082.5979
403105.125;5864685;-4081.292725
403165.4375;5864685;-4079.992432
403225.7188;5864685;-4078.691895
403286.0313;5864685;-4077.36792
403346.3125;5864685;-4076.028076
403406.625;5864685;-4074.669189
403466.9375;5864685;-4073.263672
403527.2188;5864685;-4071.812256
403587.5313;5864685;-4070.314697
403647.8438;5864685;-4068.748291
403708.125;5864685;-4067.12085
403768.4375;5864685;-4065.428223
403828.7188;5864685;-4063.664063
403889.0313;5864685;-4061.836426
403949.3438;5864685;-4059.933594
404009.625;5864685;-4057.945313
404069.9375;5864685;-4055.901123
404130.25;5864685;-4053.812744
404190.5313;5864685;-4051.671631
404250.8438;5864685;-4049.479736
404311.125;5864685;-4047.258789
404371.4375;5864685;-4045.021484
404431.75;5864685;-4042.777344
404492.0313;5864685;-4040.535889
404552.3438;5864685;-4038.316895
404612.625;5864685;-4036.131836
404672.9375;5864685;-4033.989258
404733.25;5864685;-4031.913086
404793.5313;5864685;-4029.911865
404853.8438;5864685;-4027.977051
404914.1563;5864685;-4026.143799
404974.4375;5864685;-4024.438721
405034.75;5864685;-4022.832275
405095.0313;5864685;-4021.328613
405155.3438;5864685;-4019.962646
405215.6563;5864685;-4018.766357
405275.9375;5864685;-4017.717285
405336.25;5864685;-4016.775879
405396.5625;5864685;-4015.98584
405456.8438;5864685;-4015.341797
405517.1563;5864685;-4014.807373
405577.4375;5864685;-4014.403564
405637.75;5864685;-4014.147705
405698.0625;5864685;-4014.022217
405758.3438;5864685;-4013.983643
405818.6563;5864685;-4014.024658
405878.9688;5864685;-4014.194824
405939.25;5864685;-4014.456299
405999.5625;5864685;-4014.774658
406059.8438;5864685;-4015.193359
406120.1563;5864685;-4015.689453
406180.4688;5864685;-4016.232666
406240.75;5864685;-4016.83667
406301.0625;5864685;-4017.490234
406361.375;5864685;-4018.175049
406421.6563;5864685;-4018.899658
406481.9688;5864685;-4019.661621
406542.25;5864685;-4020.449219
406602.5625;5864685;-4021.266113
406662.875;5864685;-4022.105713
406723.1563;5864685;-4022.958984
406783.4688;5864685;-4023.822998
406843.7813;5864685;-4024.697754
406904.0625;5864685;-4025.584229
406964.375;5864685;-4026.478516
407024.6563;5864685;-4027.373047
407084.9688;5864685;-4028.272949
407145.2813;5864685;-4029.176025
407205.5625;5864685;-4030.075439
407265.875;5864685;-4030.976074
407326.1875;5864685;-4031.875488
407386.4688;5864685;-4032.768555
407446.7813;5864685;-4033.658936
407507.0625;5864685;-4034.544434
407567.375;5864685;-4035.417725
407627.6875;5864685;-4036.282959
407687.9688;5864685;-4037.140137
407748.2813;5864685;-4037.981934
407808.5938;5864685;-4038.809082
407868.875;5864685;-4039.621094
407929.1875;5864685;-4040.41626
407989.4688;5864685;-4041.196045
408049.7813;5864685;-4041.959229
408110.0938;5864685;-4042.700439
408170.375;5864685;-4043.421875
408230.6875;5864685;-4044.123047
408291;5864685;-4044.796631
408351.2813;5864685;-4045.44873
408411.5938;5864685;-4046.083008
408471.875;5864685;-4046.693604
408532.1875;5864685;-4047.270508
408592.5;5864685;-4047.82251
408652.7813;5864685;-4048.352295
408713.0938;5864685;-4048.857178
408773.4063;5864685;-4049.330566
408833.6875;5864685;-4049.774414
408894;5864685;-4050.191895
408954.2813;5864685;-4050.584961
409014.5938;5864685;-4050.946533
409074.9063;5864685;-4051.279785
409135.1875;5864685;-4051.585449
409195.5;5864685;-4051.86084
409255.8125;5864685;-4052.098389
409316.0938;5864685;-4052.30835
409376.4063;5864685;-4052.49292
401356.4063;5864745.5;-4111.848633
401416.6875;5864745.5;-4111.445313
401477;5864745.5;-4111.056641
401537.3125;5864745.5;-4110.669922
401597.5938;5864745.5;-4110.258789
401657.9063;5864745.5;-4109.808105
401718.2188;5864745.5;-4109.311523
401778.5;5864745.5;-4108.755371
401838.8125;5864745.5;-4108.11084
401899.0938;5864745.5;-4107.378418
401959.4063;5864745.5;-4106.554199
402019.7188;5864745.5;-4105.609863
402080;5864745.5;-4104.527344
402140.3125;5864745.5;-4103.352051
402200.625;5864745.5;-4102.097656
402260.9063;5864745.5;-4100.756836
402321.2188;5864745.5;-4099.342773
402381.5;5864745.5;-4097.897949
402441.8125;5864745.5;-4096.435547
402502.125;5864745.5;-4094.971191
402562.4063;5864745.5;-4093.51709
402622.7188;5864745.5;-4092.078125
402683.0313;5864745.5;-4090.655518
402743.3125;5864745.5;-4089.253418
402803.625;5864745.5;-4087.870117
402863.9063;5864745.5;-4086.500977
402924.2188;5864745.5;-4085.141846
402984.5313;5864745.5;-4083.797607
403044.8125;5864745.5;-4082.463379
403105.125;5864745.5;-4081.124268
403165.4375;5864745.5;-4079.787598
403225.7188;5864745.5;-4078.448486
403286.0313;5864745.5;-4077.087158
403346.3125;5864745.5;-4075.710205
403406.625;5864745.5;-4074.315186
403466.9375;5864745.5;-4072.878174
403527.2188;5864745.5;-4071.400146
403587.5313;5864745.5;-4069.880127
403647.8438;5864745.5;-4068.300049
403708.125;5864745.5;-4066.665527
403768.4375;5864745.5;-4064.974121
403828.7188;5864745.5;-4063.221436
403889.0313;5864745.5;-4061.413086
403949.3438;5864745.5;-4059.539795
404009.625;5864745.5;-4057.592529
404069.9375;5864745.5;-4055.597412
404130.25;5864745.5;-4053.564941
404190.5313;5864745.5;-4051.487549
404250.8438;5864745.5;-4049.366943
404311.125;5864745.5;-4047.223145
404371.4375;5864745.5;-4045.066406
404431.75;5864745.5;-4042.905273
404492.0313;5864745.5;-4040.75
404552.3438;5864745.5;-4038.617188
404612.625;5864745.5;-4036.518066
404672.9375;5864745.5;-4034.46167
404733.25;5864745.5;-4032.469238
404793.5313;5864745.5;-4030.548584
404853.8438;5864745.5;-4028.693115
404914.1563;5864745.5;-4026.93457
404974.4375;5864745.5;-4025.29834
405034.75;5864745.5;-4023.755371
405095.0313;5864745.5;-4022.309814
405155.3438;5864745.5;-4020.993408
405215.6563;5864745.5;-4019.836182
405275.9375;5864745.5;-4018.814453
405336.25;5864745.5;-4017.897217
405396.5625;5864745.5;-4017.119385
405456.8438;5864745.5;-4016.477051
405517.1563;5864745.5;-4015.939941
405577.4375;5864745.5;-4015.524902
405637.75;5864745.5;-4015.248535
405698.0625;5864745.5;-4015.094971
405758.3438;5864745.5;-4015.024414
405818.6563;5864745.5;-4015.030762
405878.9688;5864745.5;-4015.157471
405939.25;5864745.5;-4015.373047
405999.5625;5864745.5;-4015.64502
406059.8438;5864745.5;-4016.009277
406120.1563;5864745.5;-4016.448486
406180.4688;5864745.5;-4016.935791
406240.75;5864745.5;-4017.481689
406301.0625;5864745.5;-4018.075928
406361.375;5864745.5;-4018.703125
406421.6563;5864745.5;-4019.371338
406481.9688;5864745.5;-4020.077148
406542.25;5864745.5;-4020.810791
406602.5625;5864745.5;-4021.576904
406662.875;5864745.5;-4022.367188
406723.1563;5864745.5;-4023.172119
406783.4688;5864745.5;-4023.98999
406843.7813;5864745.5;-4024.822021
406904.0625;5864745.5;-4025.667725
406964.375;5864745.5;-4026.521484
407024.6563;5864745.5;-4027.378662
407084.9688;5864745.5;-4028.24292
407145.2813;5864745.5;-4029.111816
407205.5625;5864745.5;-4029.979492
407265.875;5864745.5;-4030.848877
407326.1875;5864745.5;-4031.719238
407386.4688;5864745.5;-4032.584961
407446.7813;5864745.5;-4033.44873
407507.0625;5864745.5;-4034.308838
407567.375;5864745.5;-4035.158691
407627.6875;5864745.5;-4036.001709
407687.9688;5864745.5;-4036.83667
407748.2813;5864745.5;-4037.658691
407808.5938;5864745.5;-4038.466064
407868.875;5864745.5;-4039.26001
407929.1875;5864745.5;-4040.037842
407989.4688;5864745.5;-4040.801758
408049.7813;5864745.5;-4041.549561
408110.0938;5864745.5;-4042.276611
408170.375;5864745.5;-4042.984863
408230.6875;5864745.5;-4043.672852
408291;5864745.5;-4044.334961
408351.2813;5864745.5;-4044.976074
408411.5938;5864745.5;-4045.600098
408471.875;5864745.5;-4046.201172
408532.1875;5864745.5;-4046.769531
408592.5;5864745.5;-4047.313232
408652.7813;5864745.5;-4047.835449
408713.0938;5864745.5;-4048.33374
408773.4063;5864745.5;-4048.800781
408833.6875;5864745.5;-4049.23877
408894;5864745.5;-4049.651123
408954.2813;5864745.5;-4050.039551
409014.5938;5864745.5;-4050.397217
409074.9063;5864745.5;-4050.726563
409135.1875;5864745.5;-4051.029297
409195.5;5864745.5;-4051.301514
409255.8125;5864745.5;-4051.537109
409316.0938;5864745.5;-4051.745605
409376.4063;5864745.5;-4051.929443
401356.4063;5864806;-4111.499023
401416.6875;5864806;-4111.094727
401477;5864806;-4110.696289
401537.3125;5864806;-4110.291992
401597.5938;5864806;-4109.85498
401657.9063;5864806;-4109.376465
401718.2188;5864806;-4108.850586
401778.5;5864806;-4108.265625
401838.8125;5864806;-4107.597168
401899.0938;5864806;-4106.849609
401959.4063;5864806;-4106.019531
402019.7188;5864806;-4105.083984
402080;5864806;-4104.028809
402140.3125;5864806;-4102.891602
402200.625;5864806;-4101.68457
402260.9063;5864806;-4100.398438
402321.2188;5864806;-4099.041504
402381.5;5864806;-4097.651367
402441.8125;5864806;-4096.240234
402502.125;5864806;-4094.818359
402562.4063;5864806;-4093.395264
402622.7188;5864806;-4091.976318
402683.0313;5864806;-4090.563721
402743.3125;5864806;-4089.162598
402803.625;5864806;-4087.772217
402863.9063;5864806;-4086.389893
402924.2188;5864806;-4085.01416
402984.5313;5864806;-4083.647705
403044.8125;5864806;-4082.286621
403105.125;5864806;-4080.919922
403165.4375;5864806;-4079.553223
403225.7188;5864806;-4078.182373
403286.0313;5864806;-4076.790771
403346.3125;5864806;-4075.383789
403406.625;5864806;-4073.958496
403466.9375;5864806;-4072.496582
403527.2188;5864806;-4070.997559
403587.5313;5864806;-4069.460693
403647.8438;5864806;-4067.87085
403708.125;5864806;-4066.23291
403768.4375;5864806;-4064.545654
403828.7188;5864806;-4062.804932
403889.0313;5864806;-4061.016357
403949.3438;5864806;-4059.171143
404009.625;5864806;-4057.262451
404069.9375;5864806;-4055.313477
404130.25;5864806;-4053.332764
404190.5313;5864806;-4051.314209
404250.8438;5864806;-4049.259766
404311.125;5864806;-4047.1875
404371.4375;5864806;-4045.105713
404431.75;5864806;-4043.022705
404492.0313;5864806;-4040.947754
404552.3438;5864806;-4038.895264
404612.625;5864806;-4036.875977
404672.9375;5864806;-4034.900146
404733.25;5864806;-4032.98584
404793.5313;5864806;-4031.139893
404853.8438;5864806;-4029.356689
404914.1563;5864806;-4027.666504
404974.4375;5864806;-4026.092529
405034.75;5864806;-4024.607178
405095.0313;5864806;-4023.213379
405155.3438;5864806;-4021.942871
405215.6563;5864806;-4020.820313
405275.9375;5864806;-4019.824219
405336.25;5864806;-4018.929932
405396.5625;5864806;-4018.165283
405456.8438;5864806;-4017.5271
405517.1563;5864806;-4016.989014
405577.4375;5864806;-4016.566406
405637.75;5864806;-4016.274658
405698.0625;5864806;-4016.098633
405758.3438;5864806;-4016.001709
405818.6563;5864806;-4015.978516
405878.9688;5864806;-4016.067871
405939.25;5864806;-4016.242676
405999.5625;5864806;-4016.473877
406059.8438;5864806;-4016.789307
406120.1563;5864806;-4017.176514
406180.4688;5864806;-4017.612305
406240.75;5864806;-4018.104492
406301.0625;5864806;-4018.643799
406361.375;5864806;-4019.217773
406421.6563;5864806;-4019.832764
406481.9688;5864806;-4020.486084
406542.25;5864806;-4021.168457
406602.5625;5864806;-4021.885742
406662.875;5864806;-4022.629395
406723.1563;5864806;-4023.388916
406783.4688;5864806;-4024.16333
406843.7813;5864806;-4024.95459
406904.0625;5864806;-4025.760742
406964.375;5864806;-4026.577148
407024.6563;5864806;-4027.39917
407084.9688;5864806;-4028.229004
407145.2813;5864806;-4029.065186
407205.5625;5864806;-4029.9021
407265.875;5864806;-4030.742676
407326.1875;5864806;-4031.585449
407386.4688;5864806;-4032.425537
407446.7813;5864806;-4033.263916
407507.0625;5864806;-4034.099854
407567.375;5864806;-4034.92749
407627.6875;5864806;-4035.748535
407687.9688;5864806;-4036.563232
407748.2813;5864806;-4037.365723
407808.5938;5864806;-4038.155273
407868.875;5864806;-4038.932373
407929.1875;5864806;-4039.693359
407989.4688;5864806;-4040.44165
408049.7813;5864806;-4041.174561
408110.0938;5864806;-4041.888428
408170.375;5864806;-4042.583496
408230.6875;5864806;-4043.259766
408291;5864806;-4043.910889
408351.2813;5864806;-4044.541504
408411.5938;5864806;-4045.155762
408471.875;5864806;-4045.746826
408532.1875;5864806;-4046.307373
408592.5;5864806;-4046.843506
408652.7813;5864806;-4047.358154
408713.0938;5864806;-4047.848877
408773.4063;5864806;-4048.310059
408833.6875;5864806;-4048.74292
408894;5864806;-4049.150391
408954.2813;5864806;-4049.533936
409014.5938;5864806;-4049.886963
409074.9063;5864806;-4050.212891
409135.1875;5864806;-4050.512451
409195.5;5864806;-4050.781982
409255.8125;5864806;-4051.015869
409316.0938;5864806;-4051.223145
409376.4063;5864806;-4051.406006
401356.4063;5864866.5;-4111.117188
401416.6875;5864866.5;-4110.714844
401477;5864866.5;-4110.309082
401537.3125;5864866.5;-4109.89209
401597.5938;5864866.5;-4109.437012
401657.9063;5864866.5;-4108.937988
401718.2188;5864866.5;-4108.390625
401778.5;5864866.5;-4107.784668
401838.8125;5864866.5;-4107.100586
401899.0938;5864866.5;-4106.344238
401959.4063;5864866.5;-4105.512207
402019.7188;5864866.5;-4104.586426
402080;5864866.5;-4103.553223
402140.3125;5864866.5;-4102.448242
402200.625;5864866.5;-4101.277832
402260.9063;5864866.5;-4100.036133
402321.2188;5864866.5;-4098.726074
402381.5;5864866.5;-4097.379883
402441.8125;5864866.5;-4096.009766
402502.125;5864866.5;-4094.623047
402562.4063;5864866.5;-4093.226563
402622.7188;5864866.5;-4091.825195
402683.0313;5864866.5;-4090.42334
402743.3125;5864866.5;-4089.023926
402803.625;5864866.5;-4087.62915
402863.9063;5864866.5;-4086.238037
402924.2188;5864866.5;-4084.849609
402984.5313;5864866.5;-4083.465576
403044.8125;5864866.5;-4082.082764
403105.125;5864866.5;-4080.693115
403165.4375;5864866.5;-4079.301514
403225.7188;5864866.5;-4077.903564
403286.0313;5864866.5;-4076.486572
403346.3125;5864866.5;-4075.054199
403406.625;5864866.5;-4073.604492
403466.9375;5864866.5;-4072.122559
403527.2188;5864866.5;-4070.606201
403587.5313;5864866.5;-4069.055908
403647.8438;5864866.5;-4067.459229
403708.125;5864866.5;-4065.821289
403768.4375;5864866.5;-4064.139404
403828.7188;5864866.5;-4062.411377
403889.0313;5864866.5;-4060.64209
403949.3438;5864866.5;-4058.823975
404009.625;5864866.5;-4056.952393
404069.9375;5864866.5;-4055.046875
404130.25;5864866.5;-4053.114258
404190.5313;5864866.5;-4051.150146
404250.8438;5864866.5;-4049.158447
404311.125;5864866.5;-4047.152588
404371.4375;5864866.5;-4045.140625
404431.75;5864866.5;-4043.130371
404492.0313;5864866.5;-4041.131104
404552.3438;5864866.5;-4039.154297
404612.625;5864866.5;-4037.209961
404672.9375;5864866.5;-4035.308838
404733.25;5864866.5;-4033.467529
404793.5313;5864866.5;-4031.691162
404853.8438;5864866.5;-4029.975586
404914.1563;5864866.5;-4028.348633
404974.4375;5864866.5;-4026.832275
405034.75;5864866.5;-4025.39917
405095.0313;5864866.5;-4024.053223
405155.3438;5864866.5;-4022.823975
405215.6563;5864866.5;-4021.733398
405275.9375;5864866.5;-4020.760986
405336.25;5864866.5;-4019.887939
405396.5625;5864866.5;-4019.135254
405456.8438;5864866.5;-4018.501221
405517.1563;5864866.5;-4017.963379
405577.4375;5864866.5;-4017.534424
405637.75;5864866.5;-4017.229004
405698.0625;5864866.5;-4017.033203
405758.3438;5864866.5;-4016.912354
405818.6563;5864866.5;-4016.863037
405878.9688;5864866.5;-4016.918945
405939.25;5864866.5;-4017.057129
405999.5625;5864866.5;-4017.250732
406059.8438;5864866.5;-4017.522461
406120.1563;5864866.5;-4017.862305
406180.4688;5864866.5;-4018.251709
406240.75;5864866.5;-4018.694824
406301.0625;5864866.5;-4019.18335
406361.375;5864866.5;-4019.709229
406421.6563;5864866.5;-4020.275391
406481.9688;5864866.5;-4020.880127
406542.25;5864866.5;-4021.515625
406602.5625;5864866.5;-4022.1875
406662.875;5864866.5;-4022.888184
406723.1563;5864866.5;-4023.605469
406783.4688;5864866.5;-4024.338867
406843.7813;5864866.5;-4025.091797
406904.0625;5864866.5;-4025.861084
406964.375;5864866.5;-4026.641357
407024.6563;5864866.5;-4027.430908
407084.9688;5864866.5;-4028.22876
407145.2813;5864866.5;-4029.033691
407205.5625;5864866.5;-4029.842041
407265.875;5864866.5;-4030.655029
407326.1875;5864866.5;-4031.471436
407386.4688;5864866.5;-4032.286621
407446.7813;5864866.5;-4033.101074
407507.0625;5864866.5;-4033.914063
407567.375;5864866.5;-4034.720215
407627.6875;5864866.5;-4035.52124
407687.9688;5864866.5;-4036.315918
407748.2813;5864866.5;-4037.100098
407808.5938;5864866.5;-4037.871826
407868.875;5864866.5;-4038.63208
407929.1875;5864866.5;-4039.378418
407989.4688;5864866.5;-4040.111816
408049.7813;5864866.5;-4040.830566
408110.0938;5864866.5;-4041.530762
408170.375;5864866.5;-4042.213867
408230.6875;5864866.5;-4042.878174
408291;5864866.5;-4043.518555
408351.2813;5864866.5;-4044.138916
408411.5938;5864866.5;-4044.74292
408471.875;5864866.5;-4045.325439
408532.1875;5864866.5;-4045.877197
408592.5;5864866.5;-4046.405762
408652.7813;5864866.5;-4046.913086
408713.0938;5864866.5;-4047.397461
408773.4063;5864866.5;-4047.852539
408833.6875;5864866.5;-4048.279541
408894;5864866.5;-4048.681885
408954.2813;5864866.5;-4049.060791
409014.5938;5864866.5;-4049.410156
409074.9063;5864866.5;-4049.731934
409135.1875;5864866.5;-4050.028564
409195.5;5864866.5;-4050.29541
409255.8125;5864866.5;-4050.527832
409316.0938;5864866.5;-4050.734131
409376.4063;5864866.5;-4050.916016
401356.4063;5864927;-4110.717285
401416.6875;5864927;-4110.316406
401477;5864927;-4109.90625
401537.3125;5864927;-4109.479492
401597.5938;5864927;-4109.009277
401657.9063;5864927;-4108.494629
401718.2188;5864927;-4107.931152
401778.5;5864927;-4107.310547
401838.8125;5864927;-4106.615723
401899.0938;5864927;-4105.854004
401959.4063;5864927;-4105.021973
402019.7188;5864927;-4104.10498
402080;5864927;-4103.091309
402140.3125;5864927;-4102.01123
402200.625;5864927;-4100.872559
402260.9063;5864927;-4099.666504
402321.2188;5864927;-4098.394531
402381.5;5864927;-4097.084473
402441.8125;5864927;-4095.748779
402502.125;5864927;-4094.392334
402562.4063;5864927;-4093.019287
402622.7188;5864927;-4091.634521
402683.0313;5864927;-4090.24292
402743.3125;5864927;-4088.848145
402803.625;5864927;-4087.45166
402863.9063;5864927;-4086.054688
402924.2188;5864927;-4084.657715
402984.5313;5864927;-4083.259521
403044.8125;5864927;-4081.858887
403105.125;5864927;-4080.450928
403165.4375;5864927;-4079.038574
403225.7188;5864927;-4077.618652
403286.0313;5864927;-4076.18042
403346.3125;5864927;-4074.726563
403406.625;5864927;-4073.256592
403466.9375;5864927;-4071.757813
403527.2188;5864927;-4070.227783
403587.5313;5864927;-4068.666992
403647.8438;5864927;-4067.06665
403708.125;5864927;-4065.429199
403768.4375;5864927;-4063.75415
403828.7188;5864927;-4062.039551
403889.0313;5864927;-4060.289307
403949.3438;5864927;-4058.497314
404009.625;5864927;-4056.660889
404069.9375;5864927;-4054.79541
404130.25;5864927;-4052.908203
404190.5313;5864927;-4050.995361
404250.8438;5864927;-4049.061768
404311.125;5864927;-4047.11792
404371.4375;5864927;-4045.171875
404431.75;5864927;-4043.229492
404492.0313;5864927;-4041.300293
404552.3438;5864927;-4039.39502
404612.625;5864927;-4037.521729
404672.9375;5864927;-4035.691406
404733.25;5864927;-4033.919434
404793.5313;5864927;-4032.208252
404853.8438;5864927;-4030.556641
404914.1563;5864927;-4028.990479
404974.4375;5864927;-4027.527344
405034.75;5864927;-4026.144043
405095.0313;5864927;-4024.842285
405155.3438;5864927;-4023.651123
405215.6563;5864927;-4022.5896
405275.9375;5864927;-4021.638672
405336.25;5864927;-4020.782471
405396.5625;5864927;-4020.039551
405456.8438;5864927;-4019.407471
405517.1563;5864927;-4018.867432
405577.4375;5864927;-4018.430176
405637.75;5864927;-4018.110352
405698.0625;5864927;-4017.893799
405758.3438;5864927;-4017.749023
405818.6563;5864927;-4017.67334
405878.9688;5864927;-4017.697266
405939.25;5864927;-4017.80127
405999.5625;5864927;-4017.959961
406059.8438;5864927;-4018.191895
406120.1563;5864927;-4018.489258
406180.4688;5864927;-4018.837158
406240.75;5864927;-4019.237305
406301.0625;5864927;-4019.681885
406361.375;5864927;-4020.164551
406421.6563;5864927;-4020.688232
406481.9688;5864927;-4021.25
406542.25;5864927;-4021.844238
406602.5625;5864927;-4022.476074
406662.875;5864927;-4023.137695
406723.1563;5864927;-4023.817139
406783.4688;5864927;-4024.51416
406843.7813;5864927;-4025.232178
406904.0625;5864927;-4025.967529
406964.375;5864927;-4026.71582
407024.6563;5864927;-4027.473633
407084.9688;5864927;-4028.241943
407145.2813;5864927;-4029.018066
407205.5625;5864927;-4029.798828
407265.875;5864927;-4030.585449
407326.1875;5864927;-4031.376709
407386.4688;5864927;-4032.168213
407446.7813;5864927;-4032.959961
407507.0625;5864927;-4033.750488
407567.375;5864927;-4034.536621
407627.6875;5864927;-4035.317383
407687.9688;5864927;-4036.093506
407748.2813;5864927;-4036.859131
407808.5938;5864927;-4037.614258
407868.875;5864927;-4038.358154
407929.1875;5864927;-4039.089111
407989.4688;5864927;-4039.80835
408049.7813;5864927;-4040.513428
408110.0938;5864927;-4041.200684
408170.375;5864927;-4041.871826
408230.6875;5864927;-4042.524414
408291;5864927;-4043.154053
408351.2813;5864927;-4043.765137
408411.5938;5864927;-4044.359863
408471.875;5864927;-4044.933105
408532.1875;5864927;-4045.477051
408592.5;5864927;-4045.997559
408652.7813;5864927;-4046.497559
408713.0938;5864927;-4046.975342
408773.4063;5864927;-4047.423828
408833.6875;5864927;-4047.844971
408894;5864927;-4048.242432
408954.2813;5864927;-4048.615967
409014.5938;5864927;-4048.961426
409074.9063;5864927;-4049.279785
409135.1875;5864927;-4049.572998
409195.5;5864927;-4049.837891
409255.8125;5864927;-4050.068115
409316.0938;5864927;-4050.273193
409376.4063;5864927;-4050.45459
401356.4063;5864988;-4110.314453
401416.6875;5864988;-4109.916016
401477;5864988;-4109.503906
401537.3125;5864988;-4109.069336
401597.5938;5864988;-4108.587891
401657.9063;5864988;-4108.061035
401718.2188;5864988;-4107.486328
401778.5;5864988;-4106.85498
401838.8125;5864988;-4106.153809
401899.0938;5864988;-4105.389648
401959.4063;5864988;-4104.560059
402019.7188;5864988;-4103.652344
402080;5864988;-4102.65625
402140.3125;5864988;-4101.597656
402200.625;5864988;-4100.483887
402260.9063;5864988;-4099.308105
402321.2188;5864988;-4098.066406
402381.5;5864988;-4096.787109
402441.8125;5864988;-4095.479004
402502.125;5864988;-4094.148193
402562.4063;5864988;-4092.794434
402622.7188;5864988;-4091.423828
402683.0313;5864988;-4090.041504
402743.3125;5864988;-4088.651123
402803.625;5864988;-4087.253418
402863.9063;5864988;-4085.852539
402924.2188;5864988;-4084.447998
402984.5313;5864988;-4083.03833
403044.8125;5864988;-4081.622314
403105.125;5864988;-4080.19873
403165.4375;5864988;-4078.769043
403225.7188;5864988;-4077.32959
403286.0313;5864988;-4075.873291
403346.3125;5864988;-4074.402344
403406.625;5864988;-4072.915039
403466.9375;5864988;-4071.402588
403527.2188;5864988;-4069.861816
403587.5313;5864988;-4068.293457
403647.8438;5864988;-4066.690918
403708.125;5864988;-4065.056396
403768.4375;5864988;-4063.388672
403828.7188;5864988;-4061.6875
403889.0313;5864988;-4059.956543
403949.3438;5864988;-4058.190186
404009.625;5864988;-4056.38623
404069.9375;5864988;-4054.559082
404130.25;5864988;-4052.7146
404190.5313;5864988;-4050.850342
404250.8438;5864988;-4048.970459
404311.125;5864988;-4047.084961
404371.4375;5864988;-4045.199951
404431.75;5864988;-4043.321289
404492.0313;5864988;-4041.458252
404552.3438;5864988;-4039.619141
404612.625;5864988;-4037.812256
404672.9375;5864988;-4036.047607
404733.25;5864988;-4034.339355
404793.5313;5864988;-4032.689209
404853.8438;5864988;-4031.096191
404914.1563;5864988;-4029.584717
404974.4375;5864988;-4028.171143
405034.75;5864988;-4026.83252
405095.0313;5864988;-4025.571777
405155.3438;5864988;-4024.415283
405215.6563;5864988;-4023.380859
405275.9375;5864988;-4022.449707
405336.25;5864988;-4021.610352
405396.5625;5864988;-4020.876709
405456.8438;5864988;-4020.247559
405517.1563;5864988;-4019.706543
405577.4375;5864988;-4019.263184
405637.75;5864988;-4018.931152
405698.0625;5864988;-4018.697998
405758.3438;5864988;-4018.533203
405818.6563;5864988;-4018.435059
405878.9688;5864988;-4018.43042
405939.25;5864988;-4018.50415
405999.5625;5864988;-4018.631836
406059.8438;5864988;-4018.827148
406120.1563;5864988;-4019.086426
406180.4688;5864988;-4019.39624
406240.75;5864988;-4019.756592
406301.0625;5864988;-4020.160156
406361.375;5864988;-4020.603027
406421.6563;5864988;-4021.087158
406481.9688;5864988;-4021.609131
406542.25;5864988;-4022.164063
406602.5625;5864988;-4022.758545
406662.875;5864988;-4023.383301
406723.1563;5864988;-4024.026855
406783.4688;5864988;-4024.689209
406843.7813;5864988;-4025.374756
406904.0625;5864988;-4026.078613
406964.375;5864988;-4026.795898
407024.6563;5864988;-4027.52417
407084.9688;5864988;-4028.263672
407145.2813;5864988;-4029.012939
407205.5625;5864988;-4029.767578
407265.875;5864988;-4030.529785
407326.1875;5864988;-4031.297119
407386.4688;5864988;-4032.066162
407446.7813;5864988;-4032.836182
407507.0625;5864988;-4033.605957
407567.375;5864988;-4034.371826
407627.6875;5864988;-4035.133789
407687.9688;5864988;-4035.891357
407748.2813;5864988;-4036.640625
407808.5938;5864988;-4037.379883
407868.875;5864988;-4038.10791
407929.1875;5864988;-4038.824463
407989.4688;5864988;-4039.530273
408049.7813;5864988;-4040.222168
408110.0938;5864988;-4040.897461
408170.375;5864988;-4041.556885
408230.6875;5864988;-4042.198975
408291;5864988;-4042.818115
408351.2813;5864988;-4043.419189
408411.5938;5864988;-4044.004395
408471.875;5864988;-4044.56958
408532.1875;5864988;-4045.105225
408592.5;5864988;-4045.618652
408652.7813;5864988;-4046.111328
408713.0938;5864988;-4046.58252
408773.4063;5864988;-4047.024658
408833.6875;5864988;-4047.440186
408894;5864988;-4047.832275
408954.2813;5864988;-4048.20166
409014.5938;5864988;-4048.54248
409074.9063;5864988;-4048.857178
409135.1875;5864988;-4049.147217
409195.5;5864988;-4049.40918
409255.8125;5864988;-4049.638428
409316.0938;5864988;-4049.842529
409376.4063;5864988;-4050.023926
401356.4063;5865048.5;-4109.923828
401416.6875;5865048.5;-4109.526367
401477;5865048.5;-4109.111816
401537.3125;5865048.5;-4108.670898
401597.5938;5865048.5;-4108.181641
401657.9063;5865048.5;-4107.64502
401718.2188;5865048.5;-4107.0625
401778.5;5865048.5;-4106.425293
401838.8125;5865048.5;-4105.719727
401899.0938;5865048.5;-4104.956543
401959.4063;5865048.5;-4104.130371
402019.7188;5865048.5;-4103.230957
402080;5865048.5;-4102.249512
402140.3125;5865048.5;-4101.209473
402200.625;5865048.5;-4100.117676
402260.9063;5865048.5;-4098.965332
402321.2188;5865048.5;-4097.749512
402381.5;5865048.5;-4096.494141
402441.8125;5865048.5;-4095.209229
402502.125;5865048.5;-4093.898682
402562.4063;5865048.5;-4092.560791
402622.7188;5865048.5;-4091.202148
402683.0313;5865048.5;-4089.827393
402743.3125;5865048.5;-4088.440918
402803.625;5865048.5;-4087.042725
402863.9063;5865048.5;-4085.637939
402924.2188;5865048.5;-4084.227783
402984.5313;5865048.5;-4082.80835
403044.8125;5865048.5;-4081.37915
403105.125;5865048.5;-4079.942383
403165.4375;5865048.5;-4078.498047
403225.7188;5865048.5;-4077.043457
403286.0313;5865048.5;-4075.57251
403346.3125;5865048.5;-4074.086914
403406.625;5865048.5;-4072.585693
403466.9375;5865048.5;-4071.062988
403527.2188;5865048.5;-4069.513916
403587.5313;5865048.5;-4067.939941
403647.8438;5865048.5;-4066.337158
403708.125;5865048.5;-4064.706299
403768.4375;5865048.5;-4063.047119
403828.7188;5865048.5;-4061.359619
403889.0313;5865048.5;-4059.646973
403949.3438;5865048.5;-4057.904785
404009.625;5865048.5;-4056.131592
404069.9375;5865048.5;-4054.340576
404130.25;5865048.5;-4052.535156
404190.5313;5865048.5;-4050.715576
404250.8438;5865048.5;-4048.885986
404311.125;5865048.5;-4047.053711
404371.4375;5865048.5;-4045.224609
404431.75;5865048.5;-4043.404785
404492.0313;5865048.5;-4041.601807
404552.3438;5865048.5;-4039.823242
404612.625;5865048.5;-4038.076416
404672.9375;5865048.5;-4036.37207
404733.25;5865048.5;-4034.721924
404793.5313;5865048.5;-4033.127197
404853.8438;5865048.5;-4031.587646
404914.1563;5865048.5;-4030.126221
404974.4375;5865048.5;-4028.756592
405034.75;5865048.5;-4027.459229
405095.0313;5865048.5;-4026.234863
405155.3438;5865048.5;-4025.110352
405215.6563;5865048.5;-4024.100098
405275.9375;5865048.5;-4023.187744
405336.25;5865048.5;-4022.364014
405396.5625;5865048.5;-4021.640137
405456.8438;5865048.5;-4021.013916
405517.1563;5865048.5;-4020.473389
405577.4375;5865048.5;-4020.025146
405637.75;5865048.5;-4019.683838
405698.0625;5865048.5;-4019.435547
405758.3438;5865048.5;-4019.253906
405818.6563;5865048.5;-4019.136475
405878.9688;5865048.5;-4019.107666
405939.25;5865048.5;-4019.154541
405999.5625;5865048.5;-4019.255127
406059.8438;5865048.5;-4019.418457
406120.1563;5865048.5;-4019.643311
406180.4688;5865048.5;-4019.919434
406240.75;5865048.5;-4020.243164
406301.0625;5865048.5;-4020.610107
406361.375;5865048.5;-4021.01709
406421.6563;5865048.5;-4021.464844
406481.9688;5865048.5;-4021.950439
406542.25;5865048.5;-4022.470215
406602.5625;5865048.5;-4023.030029
406662.875;5865048.5;-4023.621338
406723.1563;5865048.5;-4024.231689
406783.4688;5865048.5;-4024.862061
406843.7813;5865048.5;-4025.51709
406904.0625;5865048.5;-4026.191406
406964.375;5865048.5;-4026.879883
407024.6563;5865048.5;-4027.581055
407084.9688;5865048.5;-4028.294434
407145.2813;5865048.5;-4029.017822
407205.5625;5865048.5;-4029.749023
407265.875;5865048.5;-4030.487305
407326.1875;5865048.5;-4031.232422
407386.4688;5865048.5;-4031.980957
407446.7813;5865048.5;-4032.730469
407507.0625;5865048.5;-4033.480469
407567.375;5865048.5;-4034.228271
407627.6875;5865048.5;-4034.972168
407687.9688;5865048.5;-4035.712891
407748.2813;5865048.5;-4036.446045
407808.5938;5865048.5;-4037.169678
407868.875;5865048.5;-4037.884033
407929.1875;5865048.5;-4038.587158
407989.4688;5865048.5;-4039.279785
408049.7813;5865048.5;-4039.959473
408110.0938;5865048.5;-4040.623291
408170.375;5865048.5;-4041.27124
408230.6875;5865048.5;-4041.902588
408291;5865048.5;-4042.512207
408351.2813;5865048.5;-4043.104248
408411.5938;5865048.5;-4043.680908
408471.875;5865048.5;-4044.237549
408532.1875;5865048.5;-4044.765869
408592.5;5865048.5;-4045.271729
408652.7813;5865048.5;-4045.757813
408713.0938;5865048.5;-4046.222168
408773.4063;5865048.5;-4046.658447
408833.6875;5865048.5;-4047.068359
408894;5865048.5;-4047.455078
408954.2813;5865048.5;-4047.81958
409014.5938;5865048.5;-4048.155762
409074.9063;5865048.5;-4048.467041
409135.1875;5865048.5;-4048.75415
409195.5;5865048.5;-4049.013916
409255.8125;5865048.5;-4049.241455
409316.0938;5865048.5;-4049.445313
409376.4063;5865048.5;-4049.626953
401356.4063;5865109;-4109.547363
401416.6875;5865109;-4109.150879
401477;5865109;-4108.732422
401537.3125;5865109;-4108.287598
401597.5938;5865109;-4107.791016
401657.9063;5865109;-4107.248535
401718.2188;5865109;-4106.659668
401778.5;5865109;-4106.016602
401838.8125;5865109;-4105.310059
401899.0938;5865109;-4104.547363
401959.4063;5865109;-4103.725586
402019.7188;5865109;-4102.834961
402080;5865109;-4101.866211
402140.3125;5865109;-4100.842285
402200.625;5865109;-4099.768555
402260.9063;5865109;-4098.636719
402321.2188;5865109;-4097.442383
402381.5;5865109;-4096.208008
402441.8125;5865109;-4094.94165
402502.125;5865109;-4093.648682
402562.4063;5865109;-4092.324951
402622.7188;5865109;-4090.976318
402683.0313;5865109;-4089.608887
402743.3125;5865109;-4088.225586
402803.625;5865109;-4086.827637
402863.9063;5865109;-4085.419922
402924.2188;5865109;-4084.004395
402984.5313;5865109;-4082.577393
403044.8125;5865109;-4081.137451
403105.125;5865109;-4079.689941
403165.4375;5865109;-4078.233398
403225.7188;5865109;-4076.764893
403286.0313;5865109;-4075.281738
403346.3125;5865109;-4073.783691
403406.625;5865109;-4072.270752
403466.9375;5865109;-4070.739502
403527.2188;5865109;-4069.184082
403587.5313;5865109;-4067.605957
403647.8438;5865109;-4066.004395
403708.125;5865109;-4064.37793
403768.4375;5865109;-4062.727051
403828.7188;5865109;-4061.053467
403889.0313;5865109;-4059.358154
403949.3438;5865109;-4057.638428
404009.625;5865109;-4055.894287
404069.9375;5865109;-4054.135986
404130.25;5865109;-4052.366943
404190.5313;5865109;-4050.588379
404250.8438;5865109;-4048.804199
404311.125;5865109;-4047.020996
404371.4375;5865109;-4045.243652
404431.75;5865109;-4043.477783
404492.0313;5865109;-4041.72998
404552.3438;5865109;-4040.007568
404612.625;5865109;-4038.316406
404672.9375;5865109;-4036.667725
404733.25;5865109;-4035.071289
404793.5313;5865109;-4033.527588
404853.8438;5865109;-4032.037109
404914.1563;5865109;-4030.621826
404974.4375;5865109;-4029.293701
405034.75;5865109;-4028.033691
405095.0313;5865109;-4026.84375
405155.3438;5865109;-4025.748047
405215.6563;5865109;-4024.760254
405275.9375;5865109;-4023.865479
405336.25;5865109;-4023.054443
405396.5625;5865109;-4022.338135
405456.8438;5865109;-4021.715088
405517.1563;5865109;-4021.174316
405577.4375;5865109;-4020.721191
405637.75;5865109;-4020.369385
405698.0625;5865109;-4020.107178
405758.3438;5865109;-4019.908936
405818.6563;5865109;-4019.772949
405878.9688;5865109;-4019.721924
405939.25;5865109;-4019.743652
405999.5625;5865109;-4019.818848
406059.8438;5865109;-4019.953613
406120.1563;5865109;-4020.147949
406180.4688;5865109;-4020.393311
406240.75;5865109;-4020.685791
406301.0625;5865109;-4021.020264
406361.375;5865109;-4021.395996
406421.6563;5865109;-4021.8125
406481.9688;5865109;-4022.265869
406542.25;5865109;-4022.754395
406602.5625;5865109;-4023.28418
406662.875;5865109;-4023.844727
406723.1563;5865109;-4024.42627
406783.4688;5865109;-4025.027588
406843.7813;5865109;-4025.654785
406904.0625;5865109;-4026.302246
406964.375;5865109;-4026.965088
407024.6563;5865109;-4027.640869
407084.9688;5865109;-4028.329834
407145.2813;5865109;-4029.029541
407205.5625;5865109;-4029.73877
407265.875;5865109;-4030.455322
407326.1875;5865109;-4031.179688
407386.4688;5865109;-4031.908203
407446.7813;5865109;-4032.63916
407507.0625;5865109;-4033.37085
407567.375;5865109;-4034.101074
407627.6875;5865109;-4034.828613
407687.9688;5865109;-4035.552979
407748.2813;5865109;-4036.270996
407808.5938;5865109;-4036.980225
407868.875;5865109;-4037.680908
407929.1875;5865109;-4038.371094
407989.4688;5865109;-4039.051514
408049.7813;5865109;-4039.719727
408110.0938;5865109;-4040.372314
408170.375;5865109;-4041.010498
408230.6875;5865109;-4041.631348
408291;5865109;-4042.231934
408351.2813;5865109;-4042.815186
408411.5938;5865109;-4043.383301
408471.875;5865109;-4043.932129
408532.1875;5865109;-4044.453125
408592.5;5865109;-4044.95166
408652.7813;5865109;-4045.430664
408713.0938;5865109;-4045.88916
408773.4063;5865109;-4046.319092
408833.6875;5865109;-4046.723877
408894;5865109;-4047.105225
408954.2813;5865109;-4047.4646
409014.5938;5865109;-4047.796875
409074.9063;5865109;-4048.104492
409135.1875;5865109;-4048.387939
409195.5;5865109;-4048.645264
409255.8125;5865109;-4048.871338
409316.0938;5865109;-4049.074707
409376.4063;5865109;-4049.257568
401356.4063;5865169.5;-4109.194824
401416.6875;5865169.5;-4108.795898
401477;5865169.5;-4108.375
401537.3125;5865169.5;-4107.925781
401597.5938;5865169.5;-4107.42334
401657.9063;5865169.5;-4106.875977
401718.2188;5865169.5;-4106.28418
401778.5;5865169.5;-4105.638184
401838.8125;5865169.5;-4104.930664
401899.0938;5865169.5;-4104.169922
401959.4063;5865169.5;-4103.352539
402019.7188;5865169.5;-4102.469727
402080;5865169.5;-4101.513184
402140.3125;5865169.5;-4100.502441
402200.625;5865169.5;-4099.444336
402260.9063;5865169.5;-4098.330078
402321.2188;5865169.5;-4097.152832
402381.5;5865169.5;-4095.935303
402441.8125;5865169.5;-4094.685791
402502.125;5865169.5;-4093.406738
402562.4063;5865169.5;-4092.094238
402622.7188;5865169.5;-4090.75415
402683.0313;5865169.5;-4089.392334
402743.3125;5865169.5;-4088.012207
402803.625;5865169.5;-4086.614014
402863.9063;5865169.5;-4085.202881
402924.2188;5865169.5;-4083.783447
402984.5313;5865169.5;-4082.348877
403044.8125;5865169.5;-4080.898926
403105.125;5865169.5;-4079.442139
403165.4375;5865169.5;-4077.975098
403225.7188;5865169.5;-4076.495117
403286.0313;5865169.5;-4075.001221
403346.3125;5865169.5;-4073.492432
403406.625;5865169.5;-4071.969971
403466.9375;5865169.5;-4070.431396
403527.2188;5865169.5;-4068.871582
403587.5313;5865169.5;-4067.290527
403647.8438;5865169.5;-4065.690918
403708.125;5865169.5;-4064.070068
403768.4375;5865169.5;-4062.427002
403828.7188;5865169.5;-4060.766846
403889.0313;5865169.5;-4059.088379
403949.3438;5865169.5;-4057.390137
404009.625;5865169.5;-4055.673096
404069.9375;5865169.5;-4053.945801
404130.25;5865169.5;-4052.210938
404190.5313;5865169.5;-4050.469971
404250.8438;5865169.5;-4048.728271
404311.125;5865169.5;-4046.990234
404371.4375;5865169.5;-4045.266846
404431.75;5865169.5;-4043.543457
404492.0313;5865169.5;-4041.846924
404552.3438;5865169.5;-4040.175537
404612.625;5865169.5;-4038.535645
404672.9375;5865169.5;-4036.937744
404733.25;5865169.5;-4035.390869
404793.5313;5865169.5;-4033.893311
404853.8438;5865169.5;-4032.448242
404914.1563;5865169.5;-4031.074707
404974.4375;5865169.5;-4029.783691
405034.75;5865169.5;-4028.558594
405095.0313;5865169.5;-4027.399414
405155.3438;5865169.5;-4026.329834
405215.6563;5865169.5;-4025.362793
405275.9375;5865169.5;-4024.483643
405336.25;5865169.5;-4023.685547
405396.5625;5865169.5;-4022.977051
405456.8438;5865169.5;-4022.357666
405517.1563;5865169.5;-4021.817383
405577.4375;5865169.5;-4021.360352
405637.75;5865169.5;-4021.001221
405698.0625;5865169.5;-4020.727295
405758.3438;5865169.5;-4020.514648
405818.6563;5865169.5;-4020.363037
405878.9688;5865169.5;-4020.291992
405939.25;5865169.5;-4020.292969
405999.5625;5865169.5;-4020.345947
406059.8438;5865169.5;-4020.45459
406120.1563;5865169.5;-4020.621338
406180.4688;5865169.5;-4020.839355
406240.75;5865169.5;-4021.103027
406301.0625;5865169.5;-4021.408691
406361.375;5865169.5;-4021.755371
406421.6563;5865169.5;-4022.142578
406481.9688;5865169.5;-4022.567383
406542.25;5865169.5;-4023.026611
406602.5625;5865169.5;-4023.527832
406662.875;5865169.5;-4024.060791
406723.1563;5865169.5;-4024.614502
406783.4688;5865169.5;-4025.189209
406843.7813;5865169.5;-4025.790283
406904.0625;5865169.5;-4026.41333
406964.375;5865169.5;-4027.051514
407024.6563;5865169.5;-4027.703857
407084.9688;5865169.5;-4028.370117
407145.2813;5865169.5;-4029.04834
407205.5625;5865169.5;-4029.736816
407265.875;5865169.5;-4030.433105
407326.1875;5865169.5;-4031.137939
407386.4688;5865169.5;-4031.848145
407446.7813;5865169.5;-4032.560791
407507.0625;5865169.5;-4033.274658
407567.375;5865169.5;-4033.989014
407627.6875;5865169.5;-4034.701172
407687.9688;5865169.5;-4035.410156
407748.2813;5865169.5;-4036.114014
407808.5938;5865169.5;-4036.810303
407868.875;5865169.5;-4037.497559
407929.1875;5865169.5;-4038.176514
407989.4688;5865169.5;-4038.845215
408049.7813;5865169.5;-4039.501953
408110.0938;5865169.5;-4040.144531
408170.375;5865169.5;-4040.772949
408230.6875;5865169.5;-4041.384521
408291;5865169.5;-4041.976074
408351.2813;5865169.5;-4042.551025
408411.5938;5865169.5;-4043.111328
408471.875;5865169.5;-4043.652588
408532.1875;5865169.5;-4044.166504
408592.5;5865169.5;-4044.657959
408652.7813;5865169.5;-4045.130859
408713.0938;5865169.5;-4045.583008
408773.4063;5865169.5;-4046.007324
408833.6875;5865169.5;-4046.40625
408894;5865169.5;-4046.782471
408954.2813;5865169.5;-4047.136963
409014.5938;5865169.5;-4047.464844
409074.9063;5865169.5;-4047.767822
409135.1875;5865169.5;-4048.04834
409195.5;5865169.5;-4048.302734
409255.8125;5865169.5;-4048.527344
409316.0938;5865169.5;-4048.730713
409376.4063;5865169.5;-4048.914551
401356.4063;5865230;-4108.869141
401416.6875;5865230;-4108.468262
401477;5865230;-4108.044922
401537.3125;5865230;-4107.593262
401597.5938;5865230;-4107.086914
401657.9063;5865230;-4106.536133
401718.2188;5865230;-4105.942383
401778.5;5865230;-4105.295898
401838.8125;5865230;-4104.588867
401899.0938;5865230;-4103.831055
401959.4063;5865230;-4103.018555
402019.7188;5865230;-4102.142578
402080;5865230;-4101.195313
402140.3125;5865230;-4100.196777
402200.625;5865230;-4099.151367
402260.9063;5865230;-4098.05127
402321.2188;5865230;-4096.888184
402381.5;5865230;-4095.683838
402441.8125;5865230;-4094.447266
402502.125;5865230;-4093.179443
402562.4063;5865230;-4091.875732
402622.7188;5865230;-4090.541992
402683.0313;5865230;-4089.184326
402743.3125;5865230;-4087.805908
402803.625;5865230;-4086.406738
402863.9063;5865230;-4084.99292
402924.2188;5865230;-4083.568848
402984.5313;5865230;-4082.127686
403044.8125;5865230;-4080.669678
403105.125;5865230;-4079.20459
403165.4375;5865230;-4077.727783
403225.7188;5865230;-4076.238037
403286.0313;5865230;-4074.735352
403346.3125;5865230;-4073.218262
403406.625;5865230;-4071.686768
403466.9375;5865230;-4070.143311
403527.2188;5865230;-4068.579346
403587.5313;5865230;-4066.997314
403647.8438;5865230;-4065.400635
403708.125;5865230;-4063.784668
403768.4375;5865230;-4062.150146
403828.7188;5865230;-4060.502441
403889.0313;5865230;-4058.840088
403949.3438;5865230;-4057.161377
404009.625;5865230;-4055.469727
404069.9375;5865230;-4053.770508
404130.25;5865230;-4052.066162
404190.5313;5865230;-4050.360352
404250.8438;5865230;-4048.656982
404311.125;5865230;-4046.959717
404371.4375;5865230;-4045.272949
404431.75;5865230;-4043.600098
404492.0313;5865230;-4041.949219
404552.3438;5865230;-4040.324219
404612.625;5865230;-4038.730469
404672.9375;5865230;-4037.177734
404733.25;5865230;-4035.675049
404793.5313;5865230;-4034.219238
404853.8438;5865230;-4032.813965
404914.1563;5865230;-4031.478027
404974.4375;5865230;-4030.220947
405034.75;5865230;-4029.025879
405095.0313;5865230;-4027.89502
405155.3438;5865230;-4026.848633
405215.6563;5865230;-4025.900391
405275.9375;5865230;-4025.035645
405336.25;5865230;-4024.249268
405396.5625;5865230;-4023.54834
405456.8438;5865230;-4022.933105
405517.1563;5865230;-4022.394043
405577.4375;5865230;-4021.935791
405637.75;5865230;-4021.570557
405698.0625;5865230;-4021.287109
405758.3438;5865230;-4021.063721
405818.6563;5865230;-4020.89917
405878.9688;5865230;-4020.812012
405939.25;5865230;-4020.794434
405999.5625;5865230;-4020.828369
406059.8438;5865230;-4020.914795
406120.1563;5865230;-4021.057129
406180.4688;5865230;-4021.251221
406240.75;5865230;-4021.489746
406301.0625;5865230;-4021.769043
406361.375;5865230;-4022.090332
406421.6563;5865230;-4022.451904
406481.9688;5865230;-4022.849121
406542.25;5865230;-4023.282715
406602.5625;5865230;-4023.758301
406662.875;5865230;-4024.265137
406723.1563;5865230;-4024.793945
406783.4688;5865230;-4025.344482
406843.7813;5865230;-4025.922119
406904.0625;5865230;-4026.521484
406964.375;5865230;-4027.138184
407024.6563;5865230;-4027.768555
407084.9688;5865230;-4028.414307
407145.2813;5865230;-4029.072754
407205.5625;5865230;-4029.741943
407265.875;5865230;-4030.419189
407326.1875;5865230;-4031.106445
407386.4688;5865230;-4031.799316
407446.7813;5865230;-4032.495361
407507.0625;5865230;-4033.193359
407567.375;5865230;-4033.892822
407627.6875;5865230;-4034.590576
407687.9688;5865230;-4035.285645
407748.2813;5865230;-4035.976807
407808.5938;5865230;-4036.660645
407868.875;5865230;-4037.336426
407929.1875;5865230;-4038.003906
407989.4688;5865230;-4038.662354
408049.7813;5865230;-4039.309082
408110.0938;5865230;-4039.942139
408170.375;5865230;-4040.561035
408230.6875;5865230;-4041.164063
408291;5865230;-4041.747803
408351.2813;5865230;-4042.315186
408411.5938;5865230;-4042.867676
408471.875;5865230;-4043.401855
408532.1875;5865230;-4043.908936
408592.5;5865230;-4044.393799
408652.7813;5865230;-4044.860596
408713.0938;5865230;-4045.306885
408773.4063;5865230;-4045.725342
408833.6875;5865230;-4046.118408
408894;5865230;-4046.489746
408954.2813;5865230;-4046.838867
409014.5938;5865230;-4047.161865
409074.9063;5865230;-4047.461426
409135.1875;5865230;-4047.737793
409195.5;5865230;-4047.989258
409255.8125;5865230;-4048.212646
409316.0938;5865230;-4048.415283
409376.4063;5865230;-4048.599609
401356.4063;5865291;-4108.57373
401416.6875;5865291;-4108.17041
401477;5865291;-4107.745605
401537.3125;5865291;-4107.292969
401597.5938;5865291;-4106.785645
401657.9063;5865291;-4106.234375
401718.2188;5865291;-4105.640625
401778.5;5865291;-4104.994629
401838.8125;5865291;-4104.290039
401899.0938;5865291;-4103.535645
401959.4063;5865291;-4102.728027
402019.7188;5865291;-4101.859375
402080;5865291;-4100.921387
402140.3125;5865291;-4099.932129
402200.625;5865291;-4098.896973
402260.9063;5865291;-4097.808105
402321.2188;5865291;-4096.657227
402381.5;5865291;-4095.463379
402441.8125;5865291;-4094.236572
402502.125;5865291;-4092.977051
402562.4063;5865291;-4091.679932
402622.7188;5865291;-4090.350586
402683.0313;5865291;-4088.99585
402743.3125;5865291;-4087.618896
402803.625;5865291;-4086.217285
402863.9063;5865291;-4084.800781
402924.2188;5865291;-4083.372314
402984.5313;5865291;-4081.925049
403044.8125;5865291;-4080.459473
403105.125;5865291;-4078.987305
403165.4375;5865291;-4077.502441
403225.7188;5865291;-4076.003418
403286.0313;5865291;-4074.49292
403346.3125;5865291;-4072.968262
403406.625;5865291;-4071.429688
403466.9375;5865291;-4069.882324
403527.2188;5865291;-4068.31543
403587.5313;5865291;-4066.731689
403647.8438;5865291;-4065.137695
403708.125;5865291;-4063.5271
403768.4375;5865291;-4061.900146
403828.7188;5865291;-4060.263428
403889.0313;5865291;-4058.615479
403949.3438;5865291;-4056.954346
404009.625;5865291;-4055.28418
404069.9375;5865291;-4053.609131
404130.25;5865291;-4051.932129
404190.5313;5865291;-4050.256348
404250.8438;5865291;-4048.586426
404311.125;5865291;-4046.924805
404371.4375;5865291;-4045.274658
404431.75;5865291;-4043.640625
404492.0313;5865291;-4042.029785
404552.3438;5865291;-4040.445068
404612.625;5865291;-4038.891113
404672.9375;5865291;-4037.37793
404733.25;5865291;-4035.913574
404793.5313;5865291;-4034.494385
404853.8438;5865291;-4033.123535
404914.1563;5865291;-4031.820068
404974.4375;5865291;-4030.592041
405034.75;5865291;-4029.424072
405095.0313;5865291;-4028.317139
405155.3438;5865291;-4027.291992
405215.6563;5865291;-4026.359863
405275.9375;5865291;-4025.508301
405336.25;5865291;-4024.731689
405396.5625;5865291;-4024.038086
405456.8438;5865291;-4023.426514
405517.1563;5865291;-4022.889404
405577.4375;5865291;-4022.429932
405637.75;5865291;-4022.060059
405698.0625;5865291;-4021.768555
405758.3438;5865291;-4021.536133
405818.6563;5865291;-4021.361084
405878.9688;5865291;-4021.26001
405939.25;5865291;-4021.227051
405999.5625;5865291;-4021.244629
406059.8438;5865291;-4021.311768
406120.1563;5865291;-4021.434082
406180.4688;5865291;-4021.607666
406240.75;5865291;-4021.824707
406301.0625;5865291;-4022.081543
406361.375;5865291;-4022.381592
406421.6563;5865291;-4022.720459
406481.9688;5865291;-4023.094971
406542.25;5865291;-4023.506348
406602.5625;5865291;-4023.959961
406662.875;5865291;-4024.444336
406723.1563;5865291;-4024.951172
406783.4688;5865291;-4025.480957
406843.7813;5865291;-4026.03833
406904.0625;5865291;-4026.618164
406964.375;5865291;-4027.214844
407024.6563;5865291;-4027.827148
407084.9688;5865291;-4028.45459
407145.2813;5865291;-4029.094971
407205.5625;5865291;-4029.74707
407265.875;5865291;-4030.408691
407326.1875;5865291;-4031.079346
407386.4688;5865291;-4031.757324
407446.7813;5865291;-4032.438965
407507.0625;5865291;-4033.123291
407567.375;5865291;-4033.809814
407627.6875;5865291;-4034.494629
407687.9688;5865291;-4035.177246
407748.2813;5865291;-4035.856689
407808.5938;5865291;-4036.529785
407868.875;5865291;-4037.195313
407929.1875;5865291;-4037.853027
407989.4688;5865291;-4038.502441
408049.7813;5865291;-4039.139893
408110.0938;5865291;-4039.764404
408170.375;5865291;-4040.375
408230.6875;5865291;-4040.970703
408291;5865291;-4041.547363
408351.2813;5865291;-4042.107666
408411.5938;5865291;-4042.653809
408471.875;5865291;-4043.181152
408532.1875;5865291;-4043.682373
408592.5;5865291;-4044.161621
408652.7813;5865291;-4044.622559
408713.0938;5865291;-4045.062988
408773.4063;5865291;-4045.476318
408833.6875;5865291;-4045.864258
408894;5865291;-4046.230469
408954.2813;5865291;-4046.574463
409014.5938;5865291;-4046.892578
409074.9063;5865291;-4047.187256
409135.1875;5865291;-4047.459229
409195.5;5865291;-4047.707275
409255.8125;5865291;-4047.927979
409316.0938;5865291;-4048.129395
409376.4063;5865291;-4048.314941
401356.4063;5865351.5;-4108.302734
401416.6875;5865351.5;-4107.899414
401477;5865351.5;-4107.474609
401537.3125;5865351.5;-4107.021973
401597.5938;5865351.5;-4106.516113
401657.9063;5865351.5;-4105.966309
401718.2188;5865351.5;-4105.375
401778.5;5865351.5;-4104.730957
401838.8125;5865351.5;-4104.029785
401899.0938;5865351.5;-4103.279785
401959.4063;5865351.5;-4102.477051
402019.7188;5865351.5;-4101.614258
402080;5865351.5;-4100.68457
402140.3125;5865351.5;-4099.703613
402200.625;5865351.5;-4098.677246
402260.9063;5865351.5;-4097.597656
402321.2188;5865351.5;-4096.455566
402381.5;5865351.5;-4095.270996
402441.8125;5865351.5;-4094.051514
402502.125;5865351.5;-4092.798096
402562.4063;5865351.5;-4091.505127
402622.7188;5865351.5;-4090.179199
402683.0313;5865351.5;-4088.825439
402743.3125;5865351.5;-4087.447998
402803.625;5865351.5;-4086.044678
402863.9063;5865351.5;-4084.623779
402924.2188;5865351.5;-4083.190674
402984.5313;5865351.5;-4081.736572
403044.8125;5865351.5;-4080.262939
403105.125;5865351.5;-4078.783691
403165.4375;5865351.5;-4077.290527
403225.7188;5865351.5;-4075.782959
403286.0313;5865351.5;-4074.265625
403346.3125;5865351.5;-4072.733643
403406.625;5865351.5;-4071.188721
403466.9375;5865351.5;-4069.636719
403527.2188;5865351.5;-4068.067627
403587.5313;5865351.5;-4066.483154
403647.8438;5865351.5;-4064.891113
403708.125;5865351.5;-4063.2854
403768.4375;5865351.5;-4061.665039
403828.7188;5865351.5;-4060.039063
403889.0313;5865351.5;-4058.403809
403949.3438;5865351.5;-4056.758301
404009.625;5865351.5;-4055.10791
404069.9375;5865351.5;-4053.456055
404130.25;5865351.5;-4051.802979
404190.5313;5865351.5;-4050.154541
404250.8438;5865351.5;-4048.514893
404311.125;5865351.5;-4046.885742
404371.4375;5865351.5;-4045.269531
404431.75;5865351.5;-4043.669922
404492.0313;5865351.5;-4042.095215
404552.3438;5865351.5;-4040.546387
404612.625;5865351.5;-4039.02832
404672.9375;5865351.5;-4037.55127
404733.25;5865351.5;-4036.120605
404793.5313;5865351.5;-4034.733887
404853.8438;5865351.5;-4033.39502
404914.1563;5865351.5;-4032.120605
404974.4375;5865351.5;-4030.917969
405034.75;5865351.5;-4029.773682
405095.0313;5865351.5;-4028.688965
405155.3438;5865351.5;-4027.682861
405215.6563;5865351.5;-4026.765869
405275.9375;5865351.5;-4025.926025
405336.25;5865351.5;-4025.159424
405396.5625;5865351.5;-4024.472656
405456.8438;5865351.5;-4023.865967
405517.1563;5865351.5;-4023.331543
405577.4375;5865351.5;-4022.871826
405637.75;5865351.5;-4022.499023
405698.0625;5865351.5;-4022.20166
405758.3438;5865351.5;-4021.961182
405818.6563;5865351.5;-4021.778809
405878.9688;5865351.5;-4021.66626
405939.25;5865351.5;-4021.619873
405999.5625;5865351.5;-4021.623779
406059.8438;5865351.5;-4021.674561
406120.1563;5865351.5;-4021.778809
406180.4688;5865351.5;-4021.934326
406240.75;5865351.5;-4022.131836
406301.0625;5865351.5;-4022.368408
406361.375;5865351.5;-4022.648926
406421.6563;5865351.5;-4022.967773
406481.9688;5865351.5;-4023.321533
406542.25;5865351.5;-4023.712646
406602.5625;5865351.5;-4024.145508
406662.875;5865351.5;-4024.610352
406723.1563;5865351.5;-4025.0979
406783.4688;5865351.5;-4025.608643
406843.7813;5865351.5;-4026.146729
406904.0625;5865351.5;-4026.708252
406964.375;5865351.5;-4027.287109
407024.6563;5865351.5;-4027.88208
407084.9688;5865351.5;-4028.492432
407145.2813;5865351.5;-4029.117188
407205.5625;5865351.5;-4029.753662
407265.875;5865351.5;-4030.400391
407326.1875;5865351.5;-4031.056885
407386.4688;5865351.5;-4031.721191
407446.7813;5865351.5;-4032.389404
407507.0625;5865351.5;-4033.060791
407567.375;5865351.5;-4033.734863
407627.6875;5865351.5;-4034.408447
407687.9688;5865351.5;-4035.080078
407748.2813;5865351.5;-4035.749023
407808.5938;5865351.5;-4036.412109
407868.875;5865351.5;-4037.068115
407929.1875;5865351.5;-4037.717285
407989.4688;5865351.5;-4038.35791
408049.7813;5865351.5;-4038.987305
408110.0938;5865351.5;-4039.604492
408170.375;5865351.5;-4040.208008
408230.6875;5865351.5;-4040.796387
408291;5865351.5;-4041.366211
408351.2813;5865351.5;-4041.921143
408411.5938;5865351.5;-4042.460938
408471.875;5865351.5;-4042.981689
408532.1875;5865351.5;-4043.477783
408592.5;5865351.5;-4043.951904
408652.7813;5865351.5;-4044.406982
408713.0938;5865351.5;-4044.842529
408773.4063;5865351.5;-4045.250244
408833.6875;5865351.5;-4045.633301
408894;5865351.5;-4045.993896
408954.2813;5865351.5;-4046.333496
409014.5938;5865351.5;-4046.645996
409074.9063;5865351.5;-4046.935303
409135.1875;5865351.5;-4047.202637
409195.5;5865351.5;-4047.446533
409255.8125;5865351.5;-4047.663818
409316.0938;5865351.5;-4047.863525
409376.4063;5865351.5;-4048.048584
401356.4063;5865412;-4108.05127
401416.6875;5865412;-4107.648926
401477;5865412;-4107.227539
401537.3125;5865412;-4106.778809
401597.5938;5865412;-4106.276855
401657.9063;5865412;-4105.730957
401718.2188;5865412;-4105.143555
401778.5;5865412;-4104.50293
401838.8125;5865412;-4103.806641
401899.0938;5865412;-4103.062012
401959.4063;5865412;-4102.26416
402019.7188;5865412;-4101.407227
402080;5865412;-4100.485352
402140.3125;5865412;-4099.512207
402200.625;5865412;-4098.492676
402260.9063;5865412;-4097.419922
402321.2188;5865412;-4096.286621
402381.5;5865412;-4095.108154
402441.8125;5865412;-4093.894043
402502.125;5865412;-4092.644287
402562.4063;5865412;-4091.354004
402622.7188;5865412;-4090.029541
402683.0313;5865412;-4088.675537
402743.3125;5865412;-4087.296143
402803.625;5865412;-4085.888916
402863.9063;5865412;-4084.463379
402924.2188;5865412;-4083.023926
402984.5313;5865412;-4081.562988
403044.8125;5865412;-4080.081299
403105.125;5865412;-4078.594482
403165.4375;5865412;-4077.093018
403225.7188;5865412;-4075.57666
403286.0313;5865412;-4074.052002
403346.3125;5865412;-4072.513428
403406.625;5865412;-4070.961426
403466.9375;5865412;-4069.40625
403527.2188;5865412;-4067.834717
403587.5313;5865412;-4066.249023
403647.8438;5865412;-4064.65918
403708.125;5865412;-4063.057373
403768.4375;5865412;-4061.442871
403828.7188;5865412;-4059.82666
403889.0313;5865412;-4058.203369
403949.3438;5865412;-4056.571777
404009.625;5865412;-4054.939209
404069.9375;5865412;-4053.307129
404130.25;5865412;-4051.676514
404190.5313;5865412;-4050.052979
404250.8438;5865412;-4048.440918
404311.125;5865412;-4046.840332
404371.4375;5865412;-4045.254639
404431.75;5865412;-4043.687256
404492.0313;5865412;-4042.144775
404552.3438;5865412;-4040.628662
404612.625;5865412;-4039.142822
404672.9375;5865412;-4037.69751
404733.25;5865412;-4036.297607
404793.5313;5865412;-4034.939941
404853.8438;5865412;-4033.62915
404914.1563;5865412;-4032.380859
404974.4375;5865412;-4031.200439
405034.75;5865412;-4030.077148
405095.0313;5865412;-4029.012939
405155.3438;5865412;-4028.024414
405215.6563;5865412;-4027.12085
405275.9375;5865412;-4026.291504
405336.25;5865412;-4025.534424
405396.5625;5865412;-4024.855225
405456.8438;5865412;-4024.253418
405517.1563;5865412;-4023.722656
405577.4375;5865412;-4023.264893
405637.75;5865412;-4022.889893
405698.0625;5865412;-4022.587402
405758.3438;5865412;-4022.342529
405818.6563;5865412;-4022.154297
405878.9688;5865412;-4022.032227
405939.25;5865412;-4021.974609
405999.5625;5865412;-4021.967041
406059.8438;5865412;-4022.003662
406120.1563;5865412;-4022.091797
406180.4688;5865412;-4022.230957
406240.75;5865412;-4022.411133
406301.0625;5865412;-4022.629395
406361.375;5865412;-4022.891602
406421.6563;5865412;-4023.192139
406481.9688;5865412;-4023.527588
406542.25;5865412;-4023.900391
406602.5625;5865412;-4024.314453
406662.875;5865412;-4024.760254
406723.1563;5865412;-4025.22998
406783.4688;5865412;-4025.724121
406843.7813;5865412;-4026.245117
406904.0625;5865412;-4026.790283
406964.375;5865412;-4027.352295
407024.6563;5865412;-4027.931641
407084.9688;5865412;-4028.527588
407145.2813;5865412;-4029.136475
407205.5625;5865412;-4029.759277
407265.875;5865412;-4030.392334
407326.1875;5865412;-4031.0354
407386.4688;5865412;-4031.686768
407446.7813;5865412;-4032.343018
407507.0625;5865412;-4033.00293
407567.375;5865412;-4033.66626
407627.6875;5865412;-4034.329346
407687.9688;5865412;-4034.990723
407748.2813;5865412;-4035.649902
407808.5938;5865412;-4036.304688
407868.875;5865412;-4036.951904
407929.1875;5865412;-4037.592773
407989.4688;5865412;-4038.226563
408049.7813;5865412;-4038.848877
408110.0938;5865412;-4039.459229
408170.375;5865412;-4040.056152
408230.6875;5865412;-4040.638184
408291;5865412;-4041.202881
408351.2813;5865412;-4041.752197
408411.5938;5865412;-4042.285889
408471.875;5865412;-4042.801758
408532.1875;5865412;-4043.292725
408592.5;5865412;-4043.761963
408652.7813;5865412;-4044.211914
408713.0938;5865412;-4044.641846
408773.4063;5865412;-4045.045166
408833.6875;5865412;-4045.42334
408894;5865412;-4045.779053
408954.2813;5865412;-4046.112793
409014.5938;5865412;-4046.420166
409074.9063;5865412;-4046.703613
409135.1875;5865412;-4046.965332
409195.5;5865412;-4047.203369
409255.8125;5865412;-4047.416748
409316.0938;5865412;-4047.612793
409376.4063;5865412;-4047.796143
