401356.4063;5859412;-4087.578369
401416.6875;5859412;-4087.587646
401477;5859412;-4087.604004
401537.3125;5859412;-4087.639404
401597.5938;5859412;-4087.7229
401657.9063;5859412;-4087.884277
401718.2188;5859412;-4088.144043
401778.5;5859412;-4088.537109
401838.8125;5859412;-4089.129883
401899.0938;5859412;-4089.930664
401959.4063;5859412;-4090.956787
402019.7188;5859412;-4092.260498
402080;5859412;-4093.872803
402140.3125;5859412;-4095.708008
402200.625;5859412;-4097.727539
402260.9063;5859412;-4099.921875
402321.2188;5859412;-4102.249023
402381.5;5859412;-4104.614746
402441.8125;5859412;-4106.974121
402502.125;5859412;-4109.285156
402562.4063;5859412;-4111.498535
402622.7188;5859412;-4113.608887
402683.0313;5859412;-4115.617676
402743.3125;5859412;-4117.518066
402803.625;5859412;-4119.308594
402863.9063;5859412;-4121.011719
402924.2188;5859412;-4122.632324
402984.5313;5859412;-4124.161621
403044.8125;5859412;-4125.605469
403105.125;5859412;-4126.991699
403165.4375;5859412;-4128.330078
403225.7188;5859412;-4129.620605
403286.0313;5859412;-4130.871094
403346.3125;5859412;-4132.094238
403406.625;5859412;-4133.299316
403466.9375;5859412;-4134.493164
403527.2188;5859412;-4135.677246
403587.5313;5859412;-4136.855957
403647.8438;5859412;-4138.037109
403708.125;5859412;-4139.216797
403768.4375;5859412;-4140.396973
403828.7188;5859412;-4141.580566
403889.0313;5859412;-4142.763672
403949.3438;5859412;-4143.948242
404009.625;5859412;-4145.132324
404069.9375;5859412;-4146.313965
404130.25;5859412;-4147.492188
404190.5313;5859412;-4148.66748
404250.8438;5859412;-4149.839355
404311.125;5859412;-4151.009766
404371.4375;5859412;-4152.179199
404431.75;5859412;-4153.345703
404492.0313;5859412;-4154.511719
404552.3438;5859412;-4155.677246
404612.625;5859412;-4156.844238
404672.9375;5859412;-4158.015137
404733.25;5859412;-4159.191406
404793.5313;5859412;-4160.373535
404853.8438;5859412;-4161.563477
404914.1563;5859412;-4162.762695
404974.4375;5859412;-4163.971191
405034.75;5859412;-4165.1875
405095.0313;5859412;-4166.412109
405155.3438;5859412;-4167.647461
405215.6563;5859412;-4168.895508
405275.9375;5859412;-4174.453613
405336.25;5859412;-4175.644043
405396.5625;5859412;-4176.841797
405456.8438;5859412;-4178.048828
405517.1563;5859412;-4179.243652
405577.4375;5859412;-4180.445313
405637.75;5859412;-4181.654785
405698.0625;5859412;-4182.85791
405758.3438;5859412;-4184.062012
405818.6563;5859412;-4185.271484
405878.9688;5859412;-4186.472168
405939.25;5859412;-4187.673828
405999.5625;5859412;-4186.677246
406059.8438;5859412;-4187.876465
406120.1563;5859412;-4189.080078
406180.4688;5859412;-4190.291992
406240.75;5859412;-4191.51416
406301.0625;5859412;-4192.745605
406361.375;5859412;-4193.989746
406421.6563;5859412;-4195.250488
406481.9688;5859412;-4196.52832
406542.25;5859412;-4197.823242
406602.5625;5859412;-4199.140137
406662.875;5859412;-4200.478516
406723.1563;5859412;-4201.829102
406783.4688;5859412;-4203.191895
406843.7813;5859412;-4204.565918
406904.0625;5859412;-4205.939453
406964.375;5859412;-4207.309082
407024.6563;5859412;-4208.673828
407084.9688;5859412;-4210.020508
407145.2813;5859412;-4211.34082
407205.5625;5859412;-4212.63623
407265.875;5859412;-4213.892578
407326.1875;5859412;-4215.091797
407386.4688;5859412;-4216.223633
407446.7813;5859412;-4217.266113
407507.0625;5859412;-4218.180176
407567.375;5859412;-4218.906738
407627.6875;5859412;-4219.470215
407687.9688;5859412;-4219.946289
407748.2813;5859412;-4220.480469
407808.5938;5859412;-4221.419922
407868.875;5859412;-4223.211426
407929.1875;5859412;-4226.162598
407989.4688;5859412;-4230.67041
408049.7813;5859412;-4237.267578
408110.0938;5859412;-4245.116211
408170.375;5859412;-4251.300293
408230.6875;5859412;-4254.199219
408291;5859412;-4254.561035
408351.2813;5859412;-4253.546387
408411.5938;5859412;-4251.694824
408471.875;5859412;-4249.259766
408532.1875;5859412;-4246.503906
408592.5;5859412;-4243.770996
408652.7813;5859412;-4241.221191
408713.0938;5859412;-4238.93457
408773.4063;5859412;-4236.979492
408833.6875;5859412;-4235.276855
408894;5859412;-4233.748535
408954.2813;5859412;-4232.348633
409014.5938;5859412;-4231.04834
409074.9063;5859412;-4229.818848
409135.1875;5859412;-4228.643066
409195.5;5859412;-4227.525391
409255.8125;5859412;-4237.859375
409316.0938;5859412;-4236.947266
409376.4063;5859412;-4236.072266
401356.4063;5859472.5;-4087.994385
401416.6875;5859472.5;-4087.946533
401477;5859472.5;-4087.90332
401537.3125;5859472.5;-4087.874023
401597.5938;5859472.5;-4087.885742
401657.9063;5859472.5;-4087.970215
401718.2188;5859472.5;-4088.150146
401778.5;5859472.5;-4088.463867
401838.8125;5859472.5;-4088.989746
401899.0938;5859472.5;-4089.740967
401959.4063;5859472.5;-4090.740723
402019.7188;5859472.5;-4092.052246
402080;5859472.5;-4093.716064
402140.3125;5859472.5;-4095.623047
402200.625;5859472.5;-4097.72998
402260.9063;5859472.5;-4100.024414
402321.2188;5859472.5;-4102.444336
402381.5;5859472.5;-4104.883301
402441.8125;5859472.5;-4107.290039
402502.125;5859472.5;-4109.620605
402562.4063;5859472.5;-4111.820313
402622.7188;5859472.5;-4113.894043
402683.0313;5859472.5;-4115.849609
402743.3125;5859472.5;-4117.686523
402803.625;5859472.5;-4119.410156
402863.9063;5859472.5;-4121.050293
402924.2188;5859472.5;-4122.614746
402984.5313;5859472.5;-4124.095215
403044.8125;5859472.5;-4125.497559
403105.125;5859472.5;-4126.852051
403165.4375;5859472.5;-4128.165039
403225.7188;5859472.5;-4129.436035
403286.0313;5859472.5;-4130.671875
403346.3125;5859472.5;-4131.884277
403406.625;5859472.5;-4133.081055
403466.9375;5859472.5;-4134.270508
403527.2188;5859472.5;-4135.452637
403587.5313;5859472.5;-4136.632813
403647.8438;5859472.5;-4137.817871
403708.125;5859472.5;-4139.004883
403768.4375;5859472.5;-4140.194336
403828.7188;5859472.5;-4141.388672
403889.0313;5859472.5;-4142.585938
403949.3438;5859472.5;-4143.783203
404009.625;5859472.5;-4144.981934
404069.9375;5859472.5;-4146.178711
404130.25;5859472.5;-4147.371094
404190.5313;5859472.5;-4148.55957
404250.8438;5859472.5;-4149.745117
404311.125;5859472.5;-4150.92627
404371.4375;5859472.5;-4152.10498
404431.75;5859472.5;-4153.280762
404492.0313;5859472.5;-4154.453125
404552.3438;5859472.5;-4155.625
404612.625;5859472.5;-4156.79541
404672.9375;5859472.5;-4157.970215
404733.25;5859472.5;-4159.148438
404793.5313;5859472.5;-4160.332031
404853.8438;5859472.5;-4161.521973
404914.1563;5859472.5;-4162.720215
404974.4375;5859472.5;-4163.927246
405034.75;5859472.5;-4165.141602
405095.0313;5859472.5;-4166.363281
405155.3438;5859472.5;-4167.595703
405215.6563;5859472.5;-4173.164063
405275.9375;5859472.5;-4174.361328
405336.25;5859472.5;-4175.544434
405396.5625;5859472.5;-4176.734375
405456.8438;5859472.5;-4177.933105
405517.1563;5859472.5;-4179.120117
405577.4375;5859472.5;-4180.312988
405637.75;5859472.5;-4181.515137
405698.0625;5859472.5;-4182.709961
405758.3438;5859472.5;-4183.907227
405818.6563;5859472.5;-4185.108398
405878.9688;5859472.5;-4186.303223
405939.25;5859472.5;-4187.500488
405999.5625;5859472.5;-4186.350586
406059.8438;5859472.5;-4187.54541
406120.1563;5859472.5;-4188.75
406180.4688;5859472.5;-4189.964355
406240.75;5859472.5;-4191.191406
406301.0625;5859472.5;-4192.431641
406361.375;5859472.5;-4193.686523
406421.6563;5859472.5;-4194.962402
406481.9688;5859472.5;-4196.259277
406542.25;5859472.5;-4197.572754
406602.5625;5859472.5;-4198.911621
406662.875;5859472.5;-4200.273926
406723.1563;5859472.5;-4201.646973
406783.4688;5859472.5;-4203.030273
406843.7813;5859472.5;-4204.42334
406904.0625;5859472.5;-4205.810059
406964.375;5859472.5;-4207.186523
407024.6563;5859472.5;-4208.552734
407084.9688;5859472.5;-4209.891602
407145.2813;5859472.5;-4211.193848
407205.5625;5859472.5;-4212.459473
407265.875;5859472.5;-4213.67334
407326.1875;5859472.5;-4214.814453
407386.4688;5859472.5;-4215.875
407446.7813;5859472.5;-4216.835938
407507.0625;5859472.5;-4217.65918
407567.375;5859472.5;-4218.266113
407627.6875;5859472.5;-4218.669434
407687.9688;5859472.5;-4218.919922
407748.2813;5859472.5;-4219.089844
407808.5938;5859472.5;-4219.421387
407868.875;5859472.5;-4220.356445
407929.1875;5859472.5;-4222.264648
407989.4688;5859472.5;-4225.770508
408049.7813;5859472.5;-4232.285156
408110.0938;5859472.5;-4241.62793
408170.375;5859472.5;-4249.202148
408230.6875;5859472.5;-4252.651367
408291;5859472.5;-4253.165039
408351.2813;5859472.5;-4252.10498
408411.5938;5859472.5;-4250.119629
408471.875;5859472.5;-4247.544922
408532.1875;5859472.5;-4244.736816
408592.5;5859472.5;-4242.056641
408652.7813;5859472.5;-4239.611328
408713.0938;5859472.5;-4237.448242
408773.4063;5859472.5;-4235.620605
408833.6875;5859472.5;-4234.030273
408894;5859472.5;-4232.599609
408954.2813;5859472.5;-4231.28418
409014.5938;5859472.5;-4230.055176
409074.9063;5859472.5;-4228.88916
409135.1875;5859472.5;-4227.771484
409195.5;5859472.5;-4237.993652
409255.8125;5859472.5;-4237.07959
409316.0938;5859472.5;-4236.21582
409376.4063;5859472.5;-4235.39209
401356.4063;5859533.5;-4088.405518
401416.6875;5859533.5;-4088.294189
401477;5859533.5;-4088.183105
401537.3125;5859533.5;-4088.078125
401597.5938;5859533.5;-4088.001465
401657.9063;5859533.5;-4087.987549
401718.2188;5859533.5;-4088.062988
401778.5;5859533.5;-4088.271729
401838.8125;5859533.5;-4088.706787
401899.0938;5859533.5;-4089.390137
401959.4063;5859533.5;-4090.355713
402019.7188;5859533.5;-4091.679443
402080;5859533.5;-4093.40918
402140.3125;5859533.5;-4095.414795
402200.625;5859533.5;-4097.644531
402260.9063;5859533.5;-4100.07666
402321.2188;5859533.5;-4102.625977
402381.5;5859533.5;-4105.16748
402441.8125;5859533.5;-4107.648926
402502.125;5859533.5;-4110.018066
402562.4063;5859533.5;-4112.214355
402622.7188;5859533.5;-4114.255371
402683.0313;5859533.5;-4116.155762
402743.3125;5859533.5;-4117.922852
402803.625;5859533.5;-4119.57373
402863.9063;5859533.5;-4121.143555
402924.2188;5859533.5;-4122.64209
402984.5313;5859533.5;-4124.06543
403044.8125;5859533.5;-4125.420898
403105.125;5859533.5;-4126.736816
403165.4375;5859533.5;-4128.017578
403225.7188;5859533.5;-4129.263672
403286.0313;5859533.5;-4130.47998
403346.3125;5859533.5;-4131.678223
403406.625;5859533.5;-4132.863281
403466.9375;5859533.5;-4134.044922
403527.2188;5859533.5;-4135.223633
403587.5313;5859533.5;-4136.402832
403647.8438;5859533.5;-4137.591797
403708.125;5859533.5;-4138.785156
403768.4375;5859533.5;-4139.983887
403828.7188;5859533.5;-4141.190918
403889.0313;5859533.5;-4142.401367
403949.3438;5859533.5;-4143.613281
404009.625;5859533.5;-4144.827148
404069.9375;5859533.5;-4146.039063
404130.25;5859533.5;-4147.24707
404190.5313;5859533.5;-4148.449707
404250.8438;5859533.5;-4149.647461
404311.125;5859533.5;-4150.840332
404371.4375;5859533.5;-4152.029297
404431.75;5859533.5;-4153.212891
404492.0313;5859533.5;-4154.39209
404552.3438;5859533.5;-4155.568359
404612.625;5859533.5;-4156.743652
404672.9375;5859533.5;-4157.92041
404733.25;5859533.5;-4159.100586
404793.5313;5859533.5;-4160.28418
404853.8438;5859533.5;-4161.473633
404914.1563;5859533.5;-4162.671387
404974.4375;5859533.5;-4163.876953
405034.75;5859533.5;-4165.088867
405095.0313;5859533.5;-4166.308105
405155.3438;5859533.5;-4171.88916
405215.6563;5859533.5;-4173.071289
405275.9375;5859533.5;-4174.262207
405336.25;5859533.5;-4175.4375
405396.5625;5859533.5;-4176.619141
405456.8438;5859533.5;-4177.80957
405517.1563;5859533.5;-4178.98877
405577.4375;5859533.5;-4180.17334
405637.75;5859533.5;-4181.367188
405698.0625;5859533.5;-4182.554199
405758.3438;5859533.5;-4183.744629
405818.6563;5859533.5;-4184.938477
405878.9688;5859533.5;-4186.126953
405939.25;5859533.5;-4184.83252
405999.5625;5859533.5;-4186.01416
406059.8438;5859533.5;-4187.207031
406120.1563;5859533.5;-4188.411133
406180.4688;5859533.5;-4189.626953
406240.75;5859533.5;-4190.858887
406301.0625;5859533.5;-4192.107422
406361.375;5859533.5;-4193.373535
406421.6563;5859533.5;-4194.664551
406481.9688;5859533.5;-4195.979004
406542.25;5859533.5;-4197.312988
406602.5625;5859533.5;-4198.675781
406662.875;5859533.5;-4200.062988
406723.1563;5859533.5;-4201.460938
406783.4688;5859533.5;-4202.868652
406843.7813;5859533.5;-4204.283203
406904.0625;5859533.5;-4205.686035
406964.375;5859533.5;-4207.073242
407024.6563;5859533.5;-4208.444336
407084.9688;5859533.5;-4209.779785
407145.2813;5859533.5;-4211.069336
407205.5625;5859533.5;-4212.312012
407265.875;5859533.5;-4213.491211
407326.1875;5859533.5;-4214.584473
407386.4688;5859533.5;-4215.585938
407446.7813;5859533.5;-4216.475098
407507.0625;5859533.5;-4217.210449
407567.375;5859533.5;-4217.695801
407627.6875;5859533.5;-4217.924316
407687.9688;5859533.5;-4217.921387
407748.2813;5859533.5;-4217.703613
407808.5938;5859533.5;-4217.387207
407868.875;5859533.5;-4217.384766
407929.1875;5859533.5;-4218.121094
407989.4688;5859533.5;-4220.253906
408049.7813;5859533.5;-4225.389648
408110.0938;5859533.5;-4234.417969
408170.375;5859533.5;-4242.977539
408230.6875;5859533.5;-4247.986816
408291;5859533.5;-4249.783691
408351.2813;5859533.5;-4249.491211
408411.5938;5859533.5;-4247.885742
408471.875;5859533.5;-4245.462402
408532.1875;5859533.5;-4242.738281
408592.5;5859533.5;-4240.161621
408652.7813;5859533.5;-4237.84375
408713.0938;5859533.5;-4235.820313
408773.4063;5859533.5;-4234.131348
408833.6875;5859533.5;-4232.668457
408894;5859533.5;-4231.351074
408954.2813;5859533.5;-4230.133789
409014.5938;5859533.5;-4228.987793
409074.9063;5859533.5;-4227.894043
409135.1875;5859533.5;-4226.841797
409195.5;5859533.5;-4237.114258
409255.8125;5859533.5;-4236.253906
409316.0938;5859533.5;-4235.441895
409376.4063;5859533.5;-4234.675781
401356.4063;5859594;-4088.812744
401416.6875;5859594;-4088.632813
401477;5859594;-4088.445801
401537.3125;5859594;-4088.254639
401597.5938;5859594;-4088.074707
401657.9063;5859594;-4087.94043
401718.2188;5859594;-4087.882568
401778.5;5859594;-4087.954346
401838.8125;5859594;-4088.269531
401899.0938;5859594;-4088.865479
401959.4063;5859594;-4089.788574
402019.7188;5859594;-4091.129883
402080;5859594;-4092.948242
402140.3125;5859594;-4095.087402
402200.625;5859594;-4097.482422
402260.9063;5859594;-4100.097656
402321.2188;5859594;-4102.816406
402381.5;5859594;-4105.495117
402441.8125;5859594;-4108.074707
402502.125;5859594;-4110.498535
402562.4063;5859594;-4112.698242
402622.7188;5859594;-4114.704102
402683.0313;5859594;-4116.544434
402743.3125;5859594;-4118.233887
402803.625;5859594;-4119.800781
402863.9063;5859594;-4121.288574
402924.2188;5859594;-4122.710938
402984.5313;5859594;-4124.066895
403044.8125;5859594;-4125.368652
403105.125;5859594;-4126.638184
403165.4375;5859594;-4127.880371
403225.7188;5859594;-4129.095703
403286.0313;5859594;-4130.289063
403346.3125;5859594;-4131.468262
403406.625;5859594;-4132.638184
403466.9375;5859594;-4133.810059
403527.2188;5859594;-4134.982422
403587.5313;5859594;-4136.161133
403647.8438;5859594;-4137.351563
403708.125;5859594;-4138.551758
403768.4375;5859594;-4139.760742
403828.7188;5859594;-4140.979492
403889.0313;5859594;-4142.20459
403949.3438;5859594;-4143.432617
404009.625;5859594;-4144.663086
404069.9375;5859594;-4145.891113
404130.25;5859594;-4147.115234
404190.5313;5859594;-4148.333008
404250.8438;5859594;-4149.543457
404311.125;5859594;-4150.747559
404371.4375;5859594;-4151.946289
404431.75;5859594;-4153.138672
404492.0313;5859594;-4154.324219
404552.3438;5859594;-4155.505371
404612.625;5859594;-4156.68457
404672.9375;5859594;-4157.863281
404733.25;5859594;-4159.044434
404793.5313;5859594;-4160.228516
404853.8438;5859594;-4161.41748
404914.1563;5859594;-4162.614258
404974.4375;5859594;-4163.817383
405034.75;5859594;-4165.027344
405095.0313;5859594;-4166.243164
405155.3438;5859594;-4171.794434
405215.6563;5859594;-4172.970215
405275.9375;5859594;-4174.152832
405336.25;5859594;-4175.320313
405396.5625;5859594;-4176.494141
405456.8438;5859594;-4177.675781
405517.1563;5859594;-4178.847168
405577.4375;5859594;-4180.023926
405637.75;5859594;-4181.208984
405698.0625;5859594;-4182.388672
405758.3438;5859594;-4183.570313
405818.6563;5859594;-4184.757324
405878.9688;5859594;-4183.322266
405939.25;5859594;-4184.490723
405999.5625;5859594;-4185.66748
406059.8438;5859594;-4186.856445
406120.1563;5859594;-4188.059082
406180.4688;5859594;-4189.276855
406240.75;5859594;-4190.513672
406301.0625;5859594;-4191.770508
406361.375;5859594;-4193.048828
406421.6563;5859594;-4194.354492
406481.9688;5859594;-4195.6875
406542.25;5859594;-4197.043945
406602.5625;5859594;-4198.432129
406662.875;5859594;-4199.846191
406723.1563;5859594;-4201.271973
406783.4688;5859594;-4202.706055
406843.7813;5859594;-4204.14502
406904.0625;5859594;-4205.566406
406964.375;5859594;-4206.967773
407024.6563;5859594;-4208.347168
407084.9688;5859594;-4209.682617
407145.2813;5859594;-4210.963379
407205.5625;5859594;-4212.189941
407265.875;5859594;-4213.344238
407326.1875;5859594;-4214.401855
407386.4688;5859594;-4215.357422
407446.7813;5859594;-4216.192383
407507.0625;5859594;-4216.85791
407567.375;5859594;-4217.243652
407627.6875;5859594;-4217.327148
407687.9688;5859594;-4217.11377
407748.2813;5859594;-4216.571289
407808.5938;5859594;-4215.695801
407868.875;5859594;-4214.829102
407929.1875;5859594;-4214.373535
407989.4688;5859594;-4214.724121
408049.7813;5859594;-4217.157227
408110.0938;5859594;-4223.995117
408170.375;5859594;-4233.003906
408230.6875;5859594;-4240.35791
408291;5859594;-4244.260254
408351.2813;5859594;-4245.353516
408411.5938;5859594;-4244.634277
408471.875;5859594;-4242.743164
408532.1875;5859594;-4240.332031
408592.5;5859594;-4237.987793
408652.7813;5859594;-4235.875488
408713.0938;5859594;-4234.041016
408773.4063;5859594;-4232.516113
408833.6875;5859594;-4231.197266
408894;5859594;-4230.005859
408954.2813;5859594;-4228.897461
409014.5938;5859594;-4227.842773
409074.9063;5859594;-4226.829102
409135.1875;5859594;-4237.035645
409195.5;5859594;-4236.175781
409255.8125;5859594;-4235.37207
409316.0938;5859594;-4234.617676
409376.4063;5859594;-4233.908691
401356.4063;5859654.5;-4089.224365
401416.6875;5859654.5;-4088.971924
401477;5859654.5;-4088.703613
401537.3125;5859654.5;-4088.41748
401597.5938;5859654.5;-4088.118652
401657.9063;5859654.5;-4087.835693
401718.2188;5859654.5;-4087.604736
401778.5;5859654.5;-4087.493408
401838.8125;5859654.5;-4087.647217
401899.0938;5859654.5;-4088.12793
401959.4063;5859654.5;-4088.998535
402019.7188;5859654.5;-4090.37085
402080;5859654.5;-4092.316406
402140.3125;5859654.5;-4094.646973
402200.625;5859654.5;-4097.276855
402260.9063;5859654.5;-4100.146973
402321.2188;5859654.5;-4103.090332
402381.5;5859654.5;-4105.944336
402441.8125;5859654.5;-4108.646973
402502.125;5859654.5;-4111.134766
402562.4063;5859654.5;-4113.333984
402622.7188;5859654.5;-4115.295898
402683.0313;5859654.5;-4117.060547
402743.3125;5859654.5;-4118.65332
402803.625;5859654.5;-4120.116699
402863.9063;5859654.5;-4121.503906
402924.2188;5859654.5;-4122.833008
402984.5313;5859654.5;-4124.10791
403044.8125;5859654.5;-4125.343262
403105.125;5859654.5;-4126.557617
403165.4375;5859654.5;-4127.752441
403225.7188;5859654.5;-4128.930176
403286.0313;5859654.5;-4130.09375
403346.3125;5859654.5;-4131.249023
403406.625;5859654.5;-4132.400391
403466.9375;5859654.5;-4133.558105
403527.2188;5859654.5;-4134.72168
403587.5313;5859654.5;-4135.896973
403647.8438;5859654.5;-4137.089844
403708.125;5859654.5;-4138.296387
403768.4375;5859654.5;-4139.516113
403828.7188;5859654.5;-4140.749023
403889.0313;5859654.5;-4141.989746
403949.3438;5859654.5;-4143.234375
404009.625;5859654.5;-4144.48291
404069.9375;5859654.5;-4145.728027
404130.25;5859654.5;-4146.968262
404190.5313;5859654.5;-4148.20166
404250.8438;5859654.5;-4149.425781
404311.125;5859654.5;-4150.642578
404371.4375;5859654.5;-4151.851563
404431.75;5859654.5;-4153.052246
404492.0313;5859654.5;-4154.245117
404552.3438;5859654.5;-4155.432129
404612.625;5859654.5;-4156.614258
404672.9375;5859654.5;-4157.796387
404733.25;5859654.5;-4158.979492
404793.5313;5859654.5;-4160.164063
404853.8438;5859654.5;-4161.353516
404914.1563;5859654.5;-4162.548828
404974.4375;5859654.5;-4163.751465
405034.75;5859654.5;-4164.958496
405095.0313;5859654.5;-4170.544434
405155.3438;5859654.5;-4171.700684
405215.6563;5859654.5;-4172.867188
405275.9375;5859654.5;-4174.041504
405336.25;5859654.5;-4175.200195
405396.5625;5859654.5;-4176.366699
405456.8438;5859654.5;-4177.539063
405517.1563;5859654.5;-4178.70166
405577.4375;5859654.5;-4179.870117
405637.75;5859654.5;-4181.046875
405698.0625;5859654.5;-4182.21875
405758.3438;5859654.5;-4183.393555
405818.6563;5859654.5;-4184.573242
405878.9688;5859654.5;-4182.93457
405939.25;5859654.5;-4184.095215
405999.5625;5859654.5;-4185.265137
406059.8438;5859654.5;-4186.450684
406120.1563;5859654.5;-4187.652832
406180.4688;5859654.5;-4188.871582
406240.75;5859654.5;-4190.113281
406301.0625;5859654.5;-4191.378906
406361.375;5859654.5;-4192.669434
406421.6563;5859654.5;-4193.991211
406481.9688;5859654.5;-4195.344727
406542.25;5859654.5;-4196.725098
406602.5625;5859654.5;-4198.140137
406662.875;5859654.5;-4199.584961
406723.1563;5859654.5;-4201.040527
406783.4688;5859654.5;-4202.504395
406843.7813;5859654.5;-4203.970215
406904.0625;5859654.5;-4205.413574
406964.375;5859654.5;-4206.830566
407024.6563;5859654.5;-4208.22168
407084.9688;5859654.5;-4209.562012
407145.2813;5859654.5;-4210.840332
407205.5625;5859654.5;-4212.060059
407265.875;5859654.5;-4213.202637
407326.1875;5859654.5;-4214.243164
407386.4688;5859654.5;-4215.180176
407446.7813;5859654.5;-4215.994141
407507.0625;5859654.5;-4216.63623
407567.375;5859654.5;-4216.993652
407627.6875;5859654.5;-4217.032715
407687.9688;5859654.5;-4216.753906
407748.2813;5859654.5;-4216.103516
407808.5938;5859654.5;-4214.996582
407868.875;5859654.5;-4213.682617
407929.1875;5859654.5;-4212.53125
407989.4688;5859654.5;-4211.905273
408049.7813;5859654.5;-4212.935547
408110.0938;5859654.5;-4217.959473
408170.375;5859654.5;-4225.975586
408230.6875;5859654.5;-4233.642578
408291;5859654.5;-4238.378906
408351.2813;5859654.5;-4240.391602
408411.5938;5859654.5;-4240.510254
408471.875;5859654.5;-4239.296875
408532.1875;5859654.5;-4237.394043
408592.5;5859654.5;-4235.444824
408652.7813;5859654.5;-4233.655273
408713.0938;5859654.5;-4232.082031
408773.4063;5859654.5;-4230.762207
408833.6875;5859654.5;-4229.610352
408894;5859654.5;-4228.558594
408954.2813;5859654.5;-4227.565918
409014.5938;5859654.5;-4226.609863
409074.9063;5859654.5;-4236.77832
409135.1875;5859654.5;-4235.946777
409195.5;5859654.5;-4235.150879
409255.8125;5859654.5;-4234.40625
409316.0938;5859654.5;-4233.709961
409376.4063;5859654.5;-4233.060547
401356.4063;5859715;-4089.644775
401416.6875;5859715;-4089.321289
401477;5859715;-4088.969482
401537.3125;5859715;-4088.585938
401597.5938;5859715;-4088.165771
401657.9063;5859715;-4087.715332
401718.2188;5859715;-4087.275391
401778.5;5859715;-4086.942871
401838.8125;5859715;-4086.898193
401899.0938;5859715;-4087.240479
401959.4063;5859715;-4088.05249
402019.7188;5859715;-4089.473633
402080;5859715;-4091.588623
402140.3125;5859715;-4094.170898
402200.625;5859715;-4097.107422
402260.9063;5859715;-4100.304199
402321.2188;5859715;-4103.520508
402381.5;5859715;-4106.576172
402441.8125;5859715;-4109.409668
402502.125;5859715;-4111.952637
402562.4063;5859715;-4114.133301
402622.7188;5859715;-4116.029785
402683.0313;5859715;-4117.696289
402743.3125;5859715;-4119.171387
402803.625;5859715;-4120.510742
402863.9063;5859715;-4121.779297
402924.2188;5859715;-4122.999023
402984.5313;5859715;-4124.180176
403044.8125;5859715;-4125.338867
403105.125;5859715;-4126.48877
403165.4375;5859715;-4127.629883
403225.7188;5859715;-4128.763184
403286.0313;5859715;-4129.892578
403346.3125;5859715;-4131.02002
403406.625;5859715;-4132.148926
403466.9375;5859715;-4133.289063
403527.2188;5859715;-4134.443359
403587.5313;5859715;-4135.61377
403647.8438;5859715;-4136.809082
403708.125;5859715;-4138.023438
403768.4375;5859715;-4139.254883
403828.7188;5859715;-4140.502441
403889.0313;5859715;-4141.759277
403949.3438;5859715;-4143.022949
404009.625;5859715;-4144.289063
404069.9375;5859715;-4145.553223
404130.25;5859715;-4146.810547
404190.5313;5859715;-4148.059082
404250.8438;5859715;-4149.296875
404311.125;5859715;-4150.525879
404371.4375;5859715;-4151.745117
404431.75;5859715;-4152.95459
404492.0313;5859715;-4154.153809
404552.3438;5859715;-4155.345703
404612.625;5859715;-4156.532715
404672.9375;5859715;-4157.716797
404733.25;5859715;-4158.901855
404793.5313;5859715;-4160.087402
404853.8438;5859715;-4161.276855
404914.1563;5859715;-4162.47168
404974.4375;5859715;-4163.671875
405034.75;5859715;-4169.28418
405095.0313;5859715;-4170.446289
405155.3438;5859715;-4171.594238
405215.6563;5859715;-4172.75293
405275.9375;5859715;-4173.91748
405336.25;5859715;-4175.068359
405396.5625;5859715;-4176.225586
405456.8438;5859715;-4177.388672
405517.1563;5859715;-4178.542969
405577.4375;5859715;-4179.702637
405637.75;5859715;-4180.870605
405698.0625;5859715;-4182.035156
405758.3438;5859715;-4183.20166
405818.6563;5859715;-4181.385742
405878.9688;5859715;-4182.526855
405939.25;5859715;-4183.679199
405999.5625;5859715;-4184.843262
406059.8438;5859715;-4186.024902
406120.1563;5859715;-4187.225586
406180.4688;5859715;-4188.446289
406240.75;5859715;-4189.693359
406301.0625;5859715;-4190.968262
406361.375;5859715;-4192.271484
406421.6563;5859715;-4193.611328
406481.9688;5859715;-4194.986816
406542.25;5859715;-4196.391602
406602.5625;5859715;-4197.836426
406662.875;5859715;-4199.3125
406723.1563;5859715;-4200.799316
406783.4688;5859715;-4202.294434
406843.7813;5859715;-4203.788086
406904.0625;5859715;-4205.253906
406964.375;5859715;-4206.687988
407024.6563;5859715;-4208.091309
407084.9688;5859715;-4209.4375
407145.2813;5859715;-4210.716797
407205.5625;5859715;-4211.935547
407265.875;5859715;-4213.075684
407326.1875;5859715;-4214.115723
407386.4688;5859715;-4215.058105
407446.7813;5859715;-4215.884766
407507.0625;5859715;-4216.549316
407567.375;5859715;-4216.945801
407627.6875;5859715;-4217.044434
407687.9688;5859715;-4216.850586
407748.2813;5859715;-4216.314941
407808.5938;5859715;-4215.318359
407868.875;5859715;-4214.012207
407929.1875;5859715;-4212.731934
407989.4688;5859715;-4211.985352
408049.7813;5859715;-4212.90918
408110.0938;5859715;-4216.722656
408170.375;5859715;-4222.734375
408230.6875;5859715;-4229.081055
408291;5859715;-4233.509766
408351.2813;5859715;-4235.767578
408411.5938;5859715;-4236.356445
408471.875;5859715;-4235.691406
408532.1875;5859715;-4234.294922
408592.5;5859715;-4232.772461
408652.7813;5859715;-4231.336914
408713.0938;5859715;-4230.049805
408773.4063;5859715;-4228.94873
408833.6875;5859715;-4227.968262
408894;5859715;-4227.055664
408954.2813;5859715;-4226.178711
409014.5938;5859715;-4225.317871
409074.9063;5859715;-4235.557129
409135.1875;5859715;-4234.796387
409195.5;5859715;-4234.064453
409255.8125;5859715;-4233.379395
409316.0938;5859715;-4232.740723
409376.4063;5859715;-4232.148438
401356.4063;5859775.5;-4090.080811
401416.6875;5859775.5;-4089.688965
401477;5859775.5;-4089.255127
401537.3125;5859775.5;-4088.778809
401597.5938;5859775.5;-4088.239258
401657.9063;5859775.5;-4087.610352
401718.2188;5859775.5;-4086.936768
401778.5;5859775.5;-4086.356445
401838.8125;5859775.5;-4086.084473
401899.0938;5859775.5;-4086.270996
401959.4063;5859775.5;-4087.025879
402019.7188;5859775.5;-4088.514404
402080;5859775.5;-4090.83374
402140.3125;5859775.5;-4093.722168
402200.625;5859775.5;-4097.03418
402260.9063;5859775.5;-4100.629395
402321.2188;5859775.5;-4104.15918
402381.5;5859775.5;-4107.428711
402441.8125;5859775.5;-4110.384766
402502.125;5859775.5;-4112.962891
402562.4063;5859775.5;-4115.09668
402622.7188;5859775.5;-4116.899414
402683.0313;5859775.5;-4118.441895
402743.3125;5859775.5;-4119.775391
402803.625;5859775.5;-4120.97168
402863.9063;5859775.5;-4122.10498
402924.2188;5859775.5;-4123.20166
402984.5313;5859775.5;-4124.277832
403044.8125;5859775.5;-4125.351563
403105.125;5859775.5;-4126.430664
403165.4375;5859775.5;-4127.512695
403225.7188;5859775.5;-4128.597168
403286.0313;5859775.5;-4129.688477
403346.3125;5859775.5;-4130.78418
403406.625;5859775.5;-4131.88623
403466.9375;5859775.5;-4133.006836
403527.2188;5859775.5;-4134.149414
403587.5313;5859775.5;-4135.315918
403647.8438;5859775.5;-4136.513184
403708.125;5859775.5;-4137.736816
403768.4375;5859775.5;-4138.980469
403828.7188;5859775.5;-4140.244629
403889.0313;5859775.5;-4141.520508
403949.3438;5859775.5;-4142.802246
404009.625;5859775.5;-4144.087891
404069.9375;5859775.5;-4145.369629
404130.25;5859775.5;-4146.643066
404190.5313;5859775.5;-4147.907715
404250.8438;5859775.5;-4149.15918
404311.125;5859775.5;-4150.398438
404371.4375;5859775.5;-4151.627441
404431.75;5859775.5;-4152.844727
404492.0313;5859775.5;-4154.050293
404552.3438;5859775.5;-4155.247559
404612.625;5859775.5;-4156.4375
404672.9375;5859775.5;-4157.625488
404733.25;5859775.5;-4158.811523
404793.5313;5859775.5;-4159.997559
404853.8438;5859775.5;-4161.1875
404914.1563;5859775.5;-4162.382324
404974.4375;5859775.5;-4163.581055
405034.75;5859775.5;-4169.181641
405095.0313;5859775.5;-4170.335938
405155.3438;5859775.5;-4171.476563
405215.6563;5859775.5;-4172.626465
405275.9375;5859775.5;-4173.782715
405336.25;5859775.5;-4174.924805
405396.5625;5859775.5;-4176.071777
405456.8438;5859775.5;-4177.225586
405517.1563;5859775.5;-4178.371582
405577.4375;5859775.5;-4179.522461
405637.75;5859775.5;-4180.681152
405698.0625;5859775.5;-4181.836914
405758.3438;5859775.5;-4179.855469
405818.6563;5859775.5;-4180.973633
405878.9688;5859775.5;-4182.104492
405939.25;5859775.5;-4183.249512
405999.5625;5859775.5;-4184.406738
406059.8438;5859775.5;-4185.583496
406120.1563;5859775.5;-4186.783691
406180.4688;5859775.5;-4188.006836
406240.75;5859775.5;-4189.259277
406301.0625;5859775.5;-4190.543945
406361.375;5859775.5;-4191.861328
406421.6563;5859775.5;-4193.220703
406481.9688;5859775.5;-4194.618164
406542.25;5859775.5;-4196.049316
406602.5625;5859775.5;-4197.523926
406662.875;5859775.5;-4199.032715
406723.1563;5859775.5;-4200.552246
406783.4688;5859775.5;-4202.078125
406843.7813;5859775.5;-4203.600098
406904.0625;5859775.5;-4205.087891
406964.375;5859775.5;-4206.539063
407024.6563;5859775.5;-4207.953613
407084.9688;5859775.5;-4209.304199
407145.2813;5859775.5;-4210.585938
407205.5625;5859775.5;-4211.806152
407265.875;5859775.5;-4212.950684
407326.1875;5859775.5;-4214.001953
407386.4688;5859775.5;-4214.967773
407446.7813;5859775.5;-4215.831055
407507.0625;5859775.5;-4216.552734
407567.375;5859775.5;-4217.041016
407627.6875;5859775.5;-4217.274414
407687.9688;5859775.5;-4217.270996
407748.2813;5859775.5;-4217.003906
407808.5938;5859775.5;-4216.351074
407868.875;5859775.5;-4215.367188
407929.1875;5859775.5;-4214.277344
407989.4688;5859775.5;-4213.557617
408049.7813;5859775.5;-4214.310059
408110.0938;5859775.5;-4217.094238
408170.375;5859775.5;-4221.36377
408230.6875;5859775.5;-4226.139648
408291;5859775.5;-4229.731445
408351.2813;5859775.5;-4231.754395
408411.5938;5859775.5;-4232.48877
408471.875;5859775.5;-4232.194336
408532.1875;5859775.5;-4231.233887
408592.5;5859775.5;-4230.109863
408652.7813;5859775.5;-4229.015625
408713.0938;5859775.5;-4228.009766
408773.4063;5859775.5;-4227.121094
408833.6875;5859775.5;-4226.305176
408894;5859775.5;-4225.526367
408954.2813;5859775.5;-4224.757813
409014.5938;5859775.5;-4234.997559
409074.9063;5859775.5;-4234.292969
409135.1875;5859775.5;-4233.598633
409195.5;5859775.5;-4232.929688
409255.8125;5859775.5;-4232.303223
409316.0938;5859775.5;-4231.721191
409376.4063;5859775.5;-4231.183594
401356.4063;5859836.5;-4090.549805
401416.6875;5859836.5;-4090.094482
401477;5859836.5;-4089.581543
401537.3125;5859836.5;-4089.001221
401597.5938;5859836.5;-4088.321289
401657.9063;5859836.5;-4087.51709
401718.2188;5859836.5;-4086.63501
401778.5;5859836.5;-4085.815186
401838.8125;5859836.5;-4085.304932
401899.0938;5859836.5;-4085.31958
401959.4063;5859836.5;-4086.020752
402019.7188;5859836.5;-4087.597168
402080;5859836.5;-4090.138672
402140.3125;5859836.5;-4093.378662
402200.625;5859836.5;-4097.144531
402260.9063;5859836.5;-4101.226074
402321.2188;5859836.5;-4105.110352
402381.5;5859836.5;-4108.588379
402441.8125;5859836.5;-4111.635742
402502.125;5859836.5;-4114.204102
402562.4063;5859836.5;-4116.247559
402622.7188;5859836.5;-4117.916504
402683.0313;5859836.5;-4119.30127
402743.3125;5859836.5;-4120.46582
402803.625;5859836.5;-4121.499023
402863.9063;5859836.5;-4122.480957
402924.2188;5859836.5;-4123.441895
402984.5313;5859836.5;-4124.403809
403044.8125;5859836.5;-4125.38623
403105.125;5859836.5;-4126.388672
403165.4375;5859836.5;-4127.40625
403225.7188;5859836.5;-4128.4375
403286.0313;5859836.5;-4129.48584
403346.3125;5859836.5;-4130.544922
403406.625;5859836.5;-4131.617188
403466.9375;5859836.5;-4132.714844
403527.2188;5859836.5;-4133.84375
403587.5313;5859836.5;-4135.004395
403647.8438;5859836.5;-4136.203613
403708.125;5859836.5;-4137.436523
403768.4375;5859836.5;-4138.694824
403828.7188;5859836.5;-4139.975586
403889.0313;5859836.5;-4141.270996
403949.3438;5859836.5;-4142.571777
404009.625;5859836.5;-4143.876465
404069.9375;5859836.5;-4145.175293
404130.25;5859836.5;-4146.465332
404190.5313;5859836.5;-4147.743652
404250.8438;5859836.5;-4149.006836
404311.125;5859836.5;-4150.255859
404371.4375;5859836.5;-4151.493652
404431.75;5859836.5;-4152.718262
404492.0313;5859836.5;-4153.930176
404552.3438;5859836.5;-4155.132324
404612.625;5859836.5;-4156.327148
404672.9375;5859836.5;-4157.51709
404733.25;5859836.5;-4158.706055
404793.5313;5859836.5;-4159.894043
404853.8438;5859836.5;-4161.085449
404914.1563;5859836.5;-4162.280762
404974.4375;5859836.5;-4167.947266
405034.75;5859836.5;-4169.091309
405095.0313;5859836.5;-4170.236328
405155.3438;5859836.5;-4171.368652
405215.6563;5859836.5;-4172.508301
405275.9375;5859836.5;-4173.654785
405336.25;5859836.5;-4174.787598
405396.5625;5859836.5;-4175.92627
405456.8438;5859836.5;-4177.069824
405517.1563;5859836.5;-4178.20752
405577.4375;5859836.5;-4179.350098
405637.75;5859836.5;-4180.5
405698.0625;5859836.5;-4178.310547
405758.3438;5859836.5;-4179.410645
405818.6563;5859836.5;-4180.51709
405878.9688;5859836.5;-4181.638184
405939.25;5859836.5;-4182.774414
405999.5625;5859836.5;-4183.923828
406059.8438;5859836.5;-4185.097168
406120.1563;5859836.5;-4186.296387
406180.4688;5859836.5;-4187.520996
406240.75;5859836.5;-4188.779785
406301.0625;5859836.5;-4190.074219
406361.375;5859836.5;-4191.40625
406421.6563;5859836.5;-4192.78418
406481.9688;5859836.5;-4194.205078
406542.25;5859836.5;-4195.663086
406602.5625;5859836.5;-4197.168457
406662.875;5859836.5;-4198.710449
406723.1563;5859836.5;-4200.262695
406783.4688;5859836.5;-4201.820801
406843.7813;5859836.5;-4203.370117
406904.0625;5859836.5;-4204.878906
406964.375;5859836.5;-4206.344727
407024.6563;5859836.5;-4207.769043
407084.9688;5859836.5;-4209.124023
407145.2813;5859836.5;-4210.405762
407205.5625;5859836.5;-4211.628906
407265.875;5859836.5;-4212.78125
407326.1875;5859836.5;-4213.852539
407386.4688;5859836.5;-4214.854004
407446.7813;5859836.5;-4215.773926
407507.0625;5859836.5;-4216.57959
407567.375;5859836.5;-4217.193359
407627.6875;5859836.5;-4217.60498
407687.9688;5859836.5;-4217.844727
407748.2813;5859836.5;-4217.908203
407808.5938;5859836.5;-4217.69043
407868.875;5859836.5;-4217.160645
407929.1875;5859836.5;-4216.388184
407989.4688;5859836.5;-4215.745605
408049.7813;5859836.5;-4216.200195
408110.0938;5859836.5;-4218.067871
408170.375;5859836.5;-4220.938965
408230.6875;5859836.5;-4224.220215
408291;5859836.5;-4226.806152
408351.2813;5859836.5;-4228.369141
408411.5938;5859836.5;-4229.04248
408471.875;5859836.5;-4228.958984
408532.1875;5859836.5;-4228.335938
408592.5;5859836.5;-4227.551758
408652.7813;5859836.5;-4226.760742
408713.0938;5859836.5;-4226.009277
408773.4063;5859836.5;-4225.31543
408833.6875;5859836.5;-4224.647949
408894;5859836.5;-4223.987793
408954.2813;5859836.5;-4234.247559
409014.5938;5859836.5;-4233.620117
409074.9063;5859836.5;-4232.983398
409135.1875;5859836.5;-4232.352539
409195.5;5859836.5;-4231.742188
409255.8125;5859836.5;-4231.171387
409316.0938;5859836.5;-4230.643066
409376.4063;5859836.5;-4230.155762
401356.4063;5859897;-4091.079834
401416.6875;5859897;-4090.576904
401477;5859897;-4089.99707
401537.3125;5859897;-4089.320313
401597.5938;5859897;-4088.506104
401657.9063;5859897;-4087.567139
401718.2188;5859897;-4086.547607
401778.5;5859897;-4085.552002
401838.8125;5859897;-4084.827393
401899.0938;5859897;-4084.637207
401959.4063;5859897;-4085.291992
402019.7188;5859897;-4086.993896
402080;5859897;-4089.731445
402140.3125;5859897;-4093.342773
402200.625;5859897;-4097.657227
402260.9063;5859897;-4102.333496
402321.2188;5859897;-4106.603516
402381.5;5859897;-4110.244629
402441.8125;5859897;-4113.291992
402502.125;5859897;-4115.755859
402562.4063;5859897;-4117.630859
402622.7188;5859897;-4119.101563
402683.0313;5859897;-4120.278809
402743.3125;5859897;-4121.239258
402803.625;5859897;-4122.084473
402863.9063;5859897;-4122.897949
402924.2188;5859897;-4123.713867
402984.5313;5859897;-4124.557129
403044.8125;5859897;-4125.446289
403105.125;5859897;-4126.370117
403165.4375;5859897;-4127.319336
403225.7188;5859897;-4128.293457
403286.0313;5859897;-4129.293457
403346.3125;5859897;-4130.311035
403406.625;5859897;-4131.349121
403466.9375;5859897;-4132.419434
403527.2188;5859897;-4133.532227
403587.5313;5859897;-4134.686035
403647.8438;5859897;-4135.888672
403708.125;5859897;-4137.131836
403768.4375;5859897;-4138.407227
403828.7188;5859897;-4139.708008
403889.0313;5859897;-4141.023438
403949.3438;5859897;-4142.345215
404009.625;5859897;-4143.66748
404069.9375;5859897;-4144.98291
404130.25;5859897;-4146.286133
404190.5313;5859897;-4147.576172
404250.8438;5859897;-4148.848145
404311.125;5859897;-4150.10498
404371.4375;5859897;-4151.349121
404431.75;5859897;-4152.579102
404492.0313;5859897;-4153.79541
404552.3438;5859897;-4155.001465
404612.625;5859897;-4156.199707
404672.9375;5859897;-4157.393066
404733.25;5859897;-4158.584473
404793.5313;5859897;-4159.774414
404853.8438;5859897;-4160.968262
404914.1563;5859897;-4162.164063
404974.4375;5859897;-4167.855469
405034.75;5859897;-4168.991211
405095.0313;5859897;-4170.12793
405155.3438;5859897;-4171.250977
405215.6563;5859897;-4172.382813
405275.9375;5859897;-4173.518555
405336.25;5859897;-4174.643066
405396.5625;5859897;-4175.771484
405456.8438;5859897;-4176.904785
405517.1563;5859897;-4178.034668
405577.4375;5859897;-4179.168457
405637.75;5859897;-4180.310059
405698.0625;5859897;-4177.85791
405758.3438;5859897;-4178.944824
405818.6563;5859897;-4180.038086
405878.9688;5859897;-4181.147949
405939.25;5859897;-4182.275391
405999.5625;5859897;-4183.418457
406059.8438;5859897;-4184.587402
406120.1563;5859897;-4185.78418
406180.4688;5859897;-4187.01123
406240.75;5859897;-4188.276855
406301.0625;5859897;-4189.580566
406361.375;5859897;-4190.927246
406421.6563;5859897;-4192.324707
406481.9688;5859897;-4193.77002
406542.25;5859897;-4195.255859
406602.5625;5859897;-4196.79248
406662.875;5859897;-4198.367676
406723.1563;5859897;-4199.953613
406783.4688;5859897;-4201.54248
406843.7813;5859897;-4203.118652
406904.0625;5859897;-4204.644531
406964.375;5859897;-4206.12207
407024.6563;5859897;-4207.550781
407084.9688;5859897;-4208.90332
407145.2813;5859897;-4210.181152
407205.5625;5859897;-4211.402344
407265.875;5859897;-4212.558594
407326.1875;5859897;-4213.648926
407386.4688;5859897;-4214.689941
407446.7813;5859897;-4215.674316
407507.0625;5859897;-4216.57373
407567.375;5859897;-4217.325684
407627.6875;5859897;-4217.911133
407687.9688;5859897;-4218.354004
407748.2813;5859897;-4218.65625
407808.5938;5859897;-4218.71875
407868.875;5859897;-4218.481934
407929.1875;5859897;-4217.960938
407989.4688;5859897;-4217.431152
408049.7813;5859897;-4217.641602
408110.0938;5859897;-4218.796875
408170.375;5859897;-4220.623047
408230.6875;5859897;-4222.748535
408291;5859897;-4224.491211
408351.2813;5859897;-4225.600586
408411.5938;5859897;-4226.128418
408471.875;5859897;-4226.136719
408532.1875;5859897;-4225.743652
408592.5;5859897;-4225.214844
408652.7813;5859897;-4224.659668
408713.0938;5859897;-4224.11084
408773.4063;5859897;-4223.570801
408833.6875;5859897;-4223.021484
408894;5859897;-4222.457031
408954.2813;5859897;-4232.78125
409014.5938;5859897;-4232.216797
409074.9063;5859897;-4231.639648
409135.1875;5859897;-4231.066406
409195.5;5859897;-4230.510254
409255.8125;5859897;-4229.991699
409316.0938;5859897;-4229.512695
409376.4063;5859897;-4229.072754
401356.4063;5859957.5;-4091.693359
401416.6875;5859957.5;-4091.165527
401477;5859957.5;-4090.548828
401537.3125;5859957.5;-4089.821777
401597.5938;5859957.5;-4088.941406
401657.9063;5859957.5;-4087.947754
401718.2188;5859957.5;-4086.88623
401778.5;5859957.5;-4085.82959
401838.8125;5859957.5;-4084.973633
401899.0938;5859957.5;-4084.594971
401959.4063;5859957.5;-4085.227295
402019.7188;5859957.5;-4087.051758
402080;5859957.5;-4089.87915
402140.3125;5859957.5;-4093.848389
402200.625;5859957.5;-4098.827148
402260.9063;5859957.5;-4104.165039
402321.2188;5859957.5;-4108.774902
402381.5;5859957.5;-4112.452148
402441.8125;5859957.5;-4115.352051
402502.125;5859957.5;-4117.57959
402562.4063;5859957.5;-4119.194336
402622.7188;5859957.5;-4120.402832
402683.0313;5859957.5;-4121.324707
402743.3125;5859957.5;-4122.050293
402803.625;5859957.5;-4122.691406
402863.9063;5859957.5;-4123.32959
402924.2188;5859957.5;-4123.998535
402984.5313;5859957.5;-4124.727051
403044.8125;5859957.5;-4125.527344
403105.125;5859957.5;-4126.374512
403165.4375;5859957.5;-4127.257813
403225.7188;5859957.5;-4128.172852
403286.0313;5859957.5;-4129.120117
403346.3125;5859957.5;-4130.091309
403406.625;5859957.5;-4131.088379
403466.9375;5859957.5;-4132.12793
403527.2188;5859957.5;-4133.22168
403587.5313;5859957.5;-4134.369141
403647.8438;5859957.5;-4135.57666
403708.125;5859957.5;-4136.834473
403768.4375;5859957.5;-4138.130371
403828.7188;5859957.5;-4139.454102
403889.0313;5859957.5;-4140.79248
403949.3438;5859957.5;-4142.134766
404009.625;5859957.5;-4143.474121
404069.9375;5859957.5;-4144.803223
404130.25;5859957.5;-4146.117188
404190.5313;5859957.5;-4147.414551
404250.8438;5859957.5;-4148.692383
404311.125;5859957.5;-4149.953125
404371.4375;5859957.5;-4151.199707
404431.75;5859957.5;-4152.432617
404492.0313;5859957.5;-4153.649902
404552.3438;5859957.5;-4154.85791
404612.625;5859957.5;-4156.058594
404672.9375;5859957.5;-4157.254395
404733.25;5859957.5;-4158.447754
404793.5313;5859957.5;-4159.640137
404853.8438;5859957.5;-4160.835449
404914.1563;5859957.5;-4166.625977
404974.4375;5859957.5;-4167.75
405034.75;5859957.5;-4168.87793
405095.0313;5859957.5;-4170.006348
405155.3438;5859957.5;-4171.121582
405215.6563;5859957.5;-4172.243652
405275.9375;5859957.5;-4173.370605
405336.25;5859957.5;-4174.486328
405396.5625;5859957.5;-4175.60498
405456.8438;5859957.5;-4176.728027
405517.1563;5859957.5;-4177.849609
405577.4375;5859957.5;-4178.975098
405637.75;5859957.5;-4176.32373
405698.0625;5859957.5;-4177.391602
405758.3438;5859957.5;-4178.465332
405818.6563;5859957.5;-4179.546387
405878.9688;5859957.5;-4180.64502
405939.25;5859957.5;-4181.763184
405999.5625;5859957.5;-4182.897461
406059.8438;5859957.5;-4184.061523
406120.1563;5859957.5;-4185.257324
406180.4688;5859957.5;-4186.486816
406240.75;5859957.5;-4187.757813
406301.0625;5859957.5;-4189.071289
406361.375;5859957.5;-4190.433105
406421.6563;5859957.5;-4191.850586
406481.9688;5859957.5;-4193.320313
406542.25;5859957.5;-4194.834473
406602.5625;5859957.5;-4196.40332
406662.875;5859957.5;-4198.012695
406723.1563;5859957.5;-4199.630371
406783.4688;5859957.5;-4201.250488
406843.7813;5859957.5;-4202.850586
406904.0625;5859957.5;-4204.39209
406964.375;5859957.5;-4205.875977
407024.6563;5859957.5;-4207.303223
407084.9688;5859957.5;-4208.645508
407145.2813;5859957.5;-4209.908691
407205.5625;5859957.5;-4211.115723
407265.875;5859957.5;-4212.261719
407326.1875;5859957.5;-4213.35498
407386.4688;5859957.5;-4214.422852
407446.7813;5859957.5;-4215.462402
407507.0625;5859957.5;-4216.456055
407567.375;5859957.5;-4217.352539
407627.6875;5859957.5;-4218.104492
407687.9688;5859957.5;-4218.701172
407748.2813;5859957.5;-4219.118652
407808.5938;5859957.5;-4219.254395
407868.875;5859957.5;-4219.101563
407929.1875;5859957.5;-4218.730957
407989.4688;5859957.5;-4218.333984
408049.7813;5859957.5;-4218.380859
408110.0938;5859957.5;-4219.018066
408170.375;5859957.5;-4220.092773
408230.6875;5859957.5;-4221.388672
408291;5859957.5;-4222.496582
408351.2813;5859957.5;-4223.236328
408411.5938;5859957.5;-4223.618164
408471.875;5859957.5;-4223.664551
408532.1875;5859957.5;-4223.431152
408592.5;5859957.5;-4223.087891
408652.7813;5859957.5;-4222.707031
408713.0938;5859957.5;-4222.308594
408773.4063;5859957.5;-4221.882324
408833.6875;5859957.5;-4221.42334
408894;5859957.5;-4231.783203
408954.2813;5859957.5;-4231.306641
409014.5938;5859957.5;-4230.795898
409074.9063;5859957.5;-4230.271973
409135.1875;5859957.5;-4229.750488
409195.5;5859957.5;-4229.245605
409255.8125;5859957.5;-4228.775391
409316.0938;5859957.5;-4228.342773
409376.4063;5859957.5;-4227.946289
401356.4063;5860018;-4092.411377
401416.6875;5860018;-4091.885498
401477;5860018;-4091.267334
401537.3125;5860018;-4090.540283
401597.5938;5860018;-4089.672607
401657.9063;5860018;-4088.718506
401718.2188;5860018;-4087.729004
401778.5;5860018;-4086.774414
401838.8125;5860018;-4086.030029
401899.0938;5860018;-4085.733643
401959.4063;5860018;-4086.390381
402019.7188;5860018;-4088.133301
402080;5860018;-4090.868408
402140.3125;5860018;-4095.171875
402200.625;5860018;-4100.900391
402260.9063;5860018;-4106.9375
402321.2188;5860018;-4111.742188
402381.5;5860018;-4115.200195
402441.8125;5860018;-4117.757813
402502.125;5860018;-4119.613281
402562.4063;5860018;-4120.879395
402622.7188;5860018;-4121.768555
402683.0313;5860018;-4122.396973
402743.3125;5860018;-4122.862793
402803.625;5860018;-4123.290527
402863.9063;5860018;-4123.751953
402924.2188;5860018;-4124.280273
402984.5313;5860018;-4124.904785
403044.8125;5860018;-4125.625977
403105.125;5860018;-4126.405762
403165.4375;5860018;-4127.226074
403225.7188;5860018;-4128.083008
403286.0313;5860018;-4128.972656
403346.3125;5860018;-4129.889648
403406.625;5860018;-4130.838867
403466.9375;5860018;-4131.840332
403527.2188;5860018;-4132.913086
403587.5313;5860018;-4134.054199
403647.8438;5860018;-4135.268066
403708.125;5860018;-4136.544922
403768.4375;5860018;-4137.865234
403828.7188;5860018;-4139.215332
403889.0313;5860018;-4140.579102
403949.3438;5860018;-4141.942871
404009.625;5860018;-4143.296875
404069.9375;5860018;-4144.637207
404130.25;5860018;-4145.958008
404190.5313;5860018;-4147.258301
404250.8438;5860018;-4148.535645
404311.125;5860018;-4149.79541
404371.4375;5860018;-4151.041016
404431.75;5860018;-4152.271484
404492.0313;5860018;-4153.489258
404552.3438;5860018;-4154.696777
404612.625;5860018;-4155.898438
404672.9375;5860018;-4157.095703
404733.25;5860018;-4158.291992
404793.5313;5860018;-4159.487793
404853.8438;5860018;-4160.686035
404914.1563;5860018;-4166.551758
404974.4375;5860018;-4167.66748
405034.75;5860018;-4168.786621
405095.0313;5860018;-4169.905762
405155.3438;5860018;-4171.01123
405215.6563;5860018;-4172.123535
405275.9375;5860018;-4173.237793
405336.25;5860018;-4174.345215
405396.5625;5860018;-4175.453613
405456.8438;5860018;-4176.564453
405517.1563;5860018;-4177.676758
405577.4375;5860018;-4174.78418
405637.75;5860018;-4175.833008
405698.0625;5860018;-4176.886719
405758.3438;5860018;-4177.946289
405818.6563;5860018;-4179.013184
405878.9688;5860018;-4180.099609
405939.25;5860018;-4181.207031
405999.5625;5860018;-4182.333008
406059.8438;5860018;-4183.491211
406120.1563;5860018;-4184.68457
406180.4688;5860018;-4185.915039
406240.75;5860018;-4187.191895
406301.0625;5860018;-4188.514648
406361.375;5860018;-4189.88916
406421.6563;5860018;-4191.325684
406481.9688;5860018;-4192.819336
406542.25;5860018;-4194.361816
406602.5625;5860018;-4195.962891
406662.875;5860018;-4197.605957
406723.1563;5860018;-4199.256836
406783.4688;5860018;-4200.90625
406843.7813;5860018;-4202.530273
406904.0625;5860018;-4204.083496
406964.375;5860018;-4205.568359
407024.6563;5860018;-4206.98877
407084.9688;5860018;-4208.312012
407145.2813;5860018;-4209.546875
407205.5625;5860018;-4210.720703
407265.875;5860018;-4211.830566
407326.1875;5860018;-4212.894531
407386.4688;5860018;-4213.961426
407446.7813;5860018;-4215.039063
407507.0625;5860018;-4216.125488
407567.375;5860018;-4217.191895
407627.6875;5860018;-4218.137695
407687.9688;5860018;-4218.879395
407748.2813;5860018;-4219.335938
407808.5938;5860018;-4219.408203
407868.875;5860018;-4219.223633
407929.1875;5860018;-4218.905762
407989.4688;5860018;-4218.575195
408049.7813;5860018;-4218.496582
408110.0938;5860018;-4218.772461
408170.375;5860018;-4219.329102
408230.6875;5860018;-4220.051758
408291;5860018;-4220.707031
408351.2813;5860018;-4221.169922
408411.5938;5860018;-4221.430664
408471.875;5860018;-4221.48877
408532.1875;5860018;-4221.359375
408592.5;5860018;-4221.142578
408652.7813;5860018;-4220.883301
408713.0938;5860018;-4220.588867
408773.4063;5860018;-4220.244629
408833.6875;5860018;-4230.644043
408894;5860018;-4230.25
408954.2813;5860018;-4229.817871
409014.5938;5860018;-4229.353027
409074.9063;5860018;-4228.875977
409135.1875;5860018;-4228.401367
409195.5;5860018;-4227.943359
409255.8125;5860018;-4227.518066
409316.0938;5860018;-4227.12793
409376.4063;5860018;-4226.770996
401356.4063;5860078.5;-4093.256836
401416.6875;5860078.5;-4092.764648
401477;5860078.5;-4092.185791
401537.3125;5860078.5;-4091.511719
401597.5938;5860078.5;-4090.731934
401657.9063;5860078.5;-4089.91333
401718.2188;5860078.5;-4089.112793
401778.5;5860078.5;-4088.414307
401838.8125;5860078.5;-4088.012695
401899.0938;5860078.5;-4088.08252
401959.4063;5860078.5;-4088.899658
402019.7188;5860078.5;-4090.647461
402080;5860078.5;-4093.523682
402140.3125;5860078.5;-4098.087402
402200.625;5860078.5;-4104.179199
402260.9063;5860078.5;-4110.604004
402321.2188;5860078.5;-4115.322266
402381.5;5860078.5;-4118.270508
402441.8125;5860078.5;-4120.307129
402502.125;5860078.5;-4121.713867
402562.4063;5860078.5;-4122.583496
402622.7188;5860078.5;-4123.11377
402683.0313;5860078.5;-4123.427246
402743.3125;5860078.5;-4123.623535
402803.625;5860078.5;-4123.835938
402863.9063;5860078.5;-4124.130859
402924.2188;5860078.5;-4124.536133
402984.5313;5860078.5;-4125.078613
403044.8125;5860078.5;-4125.740723
403105.125;5860078.5;-4126.466309
403165.4375;5860078.5;-4127.233887
403225.7188;5860078.5;-4128.032227
403286.0313;5860078.5;-4128.859375
403346.3125;5860078.5;-4129.713867
403406.625;5860078.5;-4130.605957
403466.9375;5860078.5;-4131.562012
403527.2188;5860078.5;-4132.609863
403587.5313;5860078.5;-4133.745605
403647.8438;5860078.5;-4134.97168
403708.125;5860078.5;-4136.273438
403768.4375;5860078.5;-4137.625977
403828.7188;5860078.5;-4139.009766
403889.0313;5860078.5;-4140.402832
403949.3438;5860078.5;-4141.786621
404009.625;5860078.5;-4143.154785
404069.9375;5860078.5;-4144.500977
404130.25;5860078.5;-4145.823242
404190.5313;5860078.5;-4147.120117
404250.8438;5860078.5;-4148.390625
404311.125;5860078.5;-4149.641602
404371.4375;5860078.5;-4150.878906
404431.75;5860078.5;-4152.103027
404492.0313;5860078.5;-4153.31543
404552.3438;5860078.5;-4154.519531
404612.625;5860078.5;-4155.720215
404672.9375;5860078.5;-4156.918457
404733.25;5860078.5;-4158.116699
404793.5313;5860078.5;-4159.31543
404853.8438;5860078.5;-4165.347656
404914.1563;5860078.5;-4166.475098
404974.4375;5860078.5;-4167.58252
405034.75;5860078.5;-4168.692383
405095.0313;5860078.5;-4169.802734
405155.3438;5860078.5;-4170.899902
405215.6563;5860078.5;-4172.000977
405275.9375;5860078.5;-4173.104004
405336.25;5860078.5;-4174.201172
405396.5625;5860078.5;-4175.299316
405456.8438;5860078.5;-4176.397461
405517.1563;5860078.5;-4173.257324
405577.4375;5860078.5;-4174.286133
405637.75;5860078.5;-4175.318359
405698.0625;5860078.5;-4176.357422
405758.3438;5860078.5;-4177.401855
405818.6563;5860078.5;-4178.454102
405878.9688;5860078.5;-4179.527344
405939.25;5860078.5;-4180.623535
405999.5625;5860078.5;-4181.739746
406059.8438;5860078.5;-4182.891602
406120.1563;5860078.5;-4184.080566
406180.4688;5860078.5;-4185.311035
406240.75;5860078.5;-4186.591309
406301.0625;5860078.5;-4187.922363
406361.375;5860078.5;-4189.30957
406421.6563;5860078.5;-4190.766113
406481.9688;5860078.5;-4192.28418
406542.25;5860078.5;-4193.854004
406602.5625;5860078.5;-4195.488281
406662.875;5860078.5;-4197.166016
406723.1563;5860078.5;-4198.851074
406783.4688;5860078.5;-4200.53125
406843.7813;5860078.5;-4202.176758
406904.0625;5860078.5;-4203.739746
406964.375;5860078.5;-4205.221191
407024.6563;5860078.5;-4206.626465
407084.9688;5860078.5;-4207.918457
407145.2813;5860078.5;-4209.104004
407205.5625;5860078.5;-4210.211914
407265.875;5860078.5;-4211.239258
407326.1875;5860078.5;-4212.21582
407386.4688;5860078.5;-4213.223633
407446.7813;5860078.5;-4214.298828
407507.0625;5860078.5;-4215.474121
407567.375;5860078.5;-4216.754395
407627.6875;5860078.5;-4217.970215
407687.9688;5860078.5;-4218.895996
407748.2813;5860078.5;-4219.353516
407808.5938;5860078.5;-4219.256348
407868.875;5860078.5;-4218.927734
407929.1875;5860078.5;-4218.557617
407989.4688;5860078.5;-4218.222168
408049.7813;5860078.5;-4218.053223
408110.0938;5860078.5;-4218.106934
408170.375;5860078.5;-4218.34668
408230.6875;5860078.5;-4218.712891
408291;5860078.5;-4219.078613
408351.2813;5860078.5;-4219.35498
408411.5938;5860078.5;-4219.524902
408471.875;5860078.5;-4219.577148
408532.1875;5860078.5;-4219.504883
408592.5;5860078.5;-4219.36084
408652.7813;5860078.5;-4219.170898
408713.0938;5860078.5;-4218.938477
408773.4063;5860078.5;-4218.645996
408833.6875;5860078.5;-4229.072754
408894;5860078.5;-4228.713379
408954.2813;5860078.5;-4228.317383
409014.5938;5860078.5;-4227.892578
409074.9063;5860078.5;-4227.45752
409135.1875;5860078.5;-4227.025391
409195.5;5860078.5;-4226.610352
409255.8125;5860078.5;-4226.226563
409316.0938;5860078.5;-4225.875
409376.4063;5860078.5;-4225.554688
401356.4063;5860139.5;-4094.250488
401416.6875;5860139.5;-4093.823486
401477;5860139.5;-4093.322021
401537.3125;5860139.5;-4092.74707
401597.5938;5860139.5;-4092.111572
401657.9063;5860139.5;-4091.490967
401718.2188;5860139.5;-4090.945068
401778.5;5860139.5;-4090.562012
401838.8125;5860139.5;-4090.534912
401899.0938;5860139.5;-4091.001709
401959.4063;5860139.5;-4092.125977
402019.7188;5860139.5;-4094.178467
402080;5860139.5;-4097.458984
402140.3125;5860139.5;-4102.039551
402200.625;5860139.5;-4107.72998
402260.9063;5860139.5;-4113.725586
402321.2188;5860139.5;-4118.061523
402381.5;5860139.5;-4120.658691
402441.8125;5860139.5;-4122.379395
402502.125;5860139.5;-4123.529297
402562.4063;5860139.5;-4124.086426
402622.7188;5860139.5;-4124.257324
402683.0313;5860139.5;-4124.271973
402743.3125;5860139.5;-4124.22168
402803.625;5860139.5;-4124.244629
402863.9063;5860139.5;-4124.405273
402924.2188;5860139.5;-4124.724609
402984.5313;5860139.5;-4125.225098
403044.8125;5860139.5;-4125.862305
403105.125;5860139.5;-4126.560547
403165.4375;5860139.5;-4127.289063
403225.7188;5860139.5;-4128.033691
403286.0313;5860139.5;-4128.791016
403346.3125;5860139.5;-4129.571289
403406.625;5860139.5;-4130.393066
403466.9375;5860139.5;-4131.294434
403527.2188;5860139.5;-4132.313477
403587.5313;5860139.5;-4133.447266
403647.8438;5860139.5;-4134.694336
403708.125;5860139.5;-4136.035156
403768.4375;5860139.5;-4137.431641
403828.7188;5860139.5;-4138.858887
403889.0313;5860139.5;-4140.287598
403949.3438;5860139.5;-4141.695801
404009.625;5860139.5;-4143.072754
404069.9375;5860139.5;-4144.419434
404130.25;5860139.5;-4145.733398
404190.5313;5860139.5;-4147.016602
404250.8438;5860139.5;-4148.269043
404311.125;5860139.5;-4149.501465
404371.4375;5860139.5;-4150.721191
404431.75;5860139.5;-4151.930664
404492.0313;5860139.5;-4153.130371
404552.3438;5860139.5;-4154.326172
404612.625;5860139.5;-4155.520508
404672.9375;5860139.5;-4156.717285
404733.25;5860139.5;-4157.916992
404793.5313;5860139.5;-4159.118652
404853.8438;5860139.5;-4165.254395
404914.1563;5860139.5;-4166.375488
404974.4375;5860139.5;-4167.476074
405034.75;5860139.5;-4168.579102
405095.0313;5860139.5;-4169.682129
405155.3438;5860139.5;-4170.770508
405215.6563;5860139.5;-4171.862793
405275.9375;5860139.5;-4172.955566
405336.25;5860139.5;-4174.042969
405396.5625;5860139.5;-4175.129395
405456.8438;5860139.5;-4176.217285
405517.1563;5860139.5;-4172.760254
405577.4375;5860139.5;-4173.772949
405637.75;5860139.5;-4174.788574
405698.0625;5860139.5;-4175.811523
405758.3438;5860139.5;-4176.839844
405818.6563;5860139.5;-4177.875977
405878.9688;5860139.5;-4178.93457
405939.25;5860139.5;-4180.018066
405999.5625;5860139.5;-4181.123535
406059.8438;5860139.5;-4182.266113
406120.1563;5860139.5;-4183.450684
406180.4688;5860139.5;-4184.678711
406240.75;5860139.5;-4185.962402
406301.0625;5860139.5;-4187.300293
406361.375;5860139.5;-4188.700684
406421.6563;5860139.5;-4190.174805
406481.9688;5860139.5;-4191.716797
406542.25;5860139.5;-4193.316895
406602.5625;5860139.5;-4194.985352
406662.875;5860139.5;-4196.700195
406723.1563;5860139.5;-4198.420898
406783.4688;5860139.5;-4200.133301
406843.7813;5860139.5;-4201.802734
406904.0625;5860139.5;-4203.375
406964.375;5860139.5;-4204.851074
407024.6563;5860139.5;-4206.235352
407084.9688;5860139.5;-4207.480469
407145.2813;5860139.5;-4208.583984
407205.5625;5860139.5;-4209.568359
407265.875;5860139.5;-4210.425781
407326.1875;5860139.5;-4211.195313
407386.4688;5860139.5;-4212.023926
407446.7813;5860139.5;-4213.003906
407507.0625;5860139.5;-4214.225098
407567.375;5860139.5;-4215.76709
407627.6875;5860139.5;-4217.382813
407687.9688;5860139.5;-4218.562012
407748.2813;5860139.5;-4218.992188
407808.5938;5860139.5;-4218.703613
407868.875;5860139.5;-4218.194336
407929.1875;5860139.5;-4217.720703
407989.4688;5860139.5;-4217.348633
408049.7813;5860139.5;-4217.129883
408110.0938;5860139.5;-4217.074707
408170.375;5860139.5;-4217.154785
408230.6875;5860139.5;-4217.335449
408291;5860139.5;-4217.541016
408351.2813;5860139.5;-4217.708008
408411.5938;5860139.5;-4217.815918
408471.875;5860139.5;-4217.851074
408532.1875;5860139.5;-4217.798828
408592.5;5860139.5;-4217.686035
408652.7813;5860139.5;-4217.528809
408713.0938;5860139.5;-4217.327637
408773.4063;5860139.5;-4227.79834
408833.6875;5860139.5;-4227.505859
408894;5860139.5;-4227.172363
408954.2813;5860139.5;-4226.806641
409014.5938;5860139.5;-4226.41748
409074.9063;5860139.5;-4226.019043
409135.1875;5860139.5;-4225.626465
409195.5;5860139.5;-4225.250977
409255.8125;5860139.5;-4224.904297
409316.0938;5860139.5;-4224.587402
409376.4063;5860139.5;-4224.299316
401356.4063;5860200;-4095.355957
401416.6875;5860200;-4095.008057
401477;5860200;-4094.601318
401537.3125;5860200;-4094.145752
401597.5938;5860200;-4093.672852
401657.9063;5860200;-4093.262451
401718.2188;5860200;-4092.973633
401778.5;5860200;-4092.895264
401838.8125;5860200;-4093.207275
401899.0938;5860200;-4094.004883
401959.4063;5860200;-4095.410889
402019.7188;5860200;-4097.684082
402080;5860200;-4101.099121
402140.3125;5860200;-4105.438477
402200.625;5860200;-4110.454102
402260.9063;5860200;-4115.604004
402321.2188;5860200;-4119.48291
402381.5;5860200;-4122.027344
402441.8125;5860200;-4123.756836
402502.125;5860200;-4124.91748
402562.4063;5860200;-4125.296875
402622.7188;5860200;-4125.13916
402683.0313;5860200;-4124.881348
402743.3125;5860200;-4124.627441
402803.625;5860200;-4124.499512
402863.9063;5860200;-4124.563965
402924.2188;5860200;-4124.843262
402984.5313;5860200;-4125.34375
403044.8125;5860200;-4125.989746
403105.125;5860200;-4126.683105
403165.4375;5860200;-4127.387207
403225.7188;5860200;-4128.082031
403286.0313;5860200;-4128.760254
403346.3125;5860200;-4129.453125
403406.625;5860200;-4130.188965
403466.9375;5860200;-4131.023926
403527.2188;5860200;-4132.012695
403587.5313;5860200;-4133.150879
403647.8438;5860200;-4134.430664
403708.125;5860200;-4135.824219
403768.4375;5860200;-4137.279785
403828.7188;5860200;-4138.76123
403889.0313;5860200;-4140.233398
403949.3438;5860200;-4141.666016
404009.625;5860200;-4143.050293
404069.9375;5860200;-4144.391602
404130.25;5860200;-4145.69043
404190.5313;5860200;-4146.950195
404250.8438;5860200;-4148.17627
404311.125;5860200;-4149.380371
404371.4375;5860200;-4150.574219
404431.75;5860200;-4151.761719
404492.0313;5860200;-4152.943359
404552.3438;5860200;-4154.125
404612.625;5860200;-4155.312012
404672.9375;5860200;-4156.504395
404733.25;5860200;-4157.70459
404793.5313;5860200;-4164.058594
404853.8438;5860200;-4165.173828
404914.1563;5860200;-4166.289063
404974.4375;5860200;-4167.381836
405034.75;5860200;-4168.477051
405095.0313;5860200;-4169.572266
405155.3438;5860200;-4170.652832
405215.6563;5860200;-4171.733398
405275.9375;5860200;-4172.814453
405336.25;5860200;-4173.891602
405396.5625;5860200;-4174.966797
405456.8438;5860200;-4171.240723
405517.1563;5860200;-4172.237305
405577.4375;5860200;-4173.23291
405637.75;5860200;-4174.231445
405698.0625;5860200;-4175.236816
405758.3438;5860200;-4176.246582
405818.6563;5860200;-4177.265625
405878.9688;5860200;-4178.308594
405939.25;5860200;-4179.376953
405999.5625;5860200;-4180.469238
406059.8438;5860200;-4181.601074
406120.1563;5860200;-4182.77832
406180.4688;5860200;-4184.00293
406240.75;5860200;-4185.286133
406301.0625;5860200;-4186.629395
406361.375;5860200;-4188.040527
406421.6563;5860200;-4189.530273
406481.9688;5860200;-4191.096191
406542.25;5860200;-4192.725586
406602.5625;5860200;-4194.428711
406662.875;5860200;-4196.182129
406723.1563;5860200;-4197.939941
406783.4688;5860200;-4199.6875
406843.7813;5860200;-4201.385742
406904.0625;5860200;-4202.971191
406964.375;5860200;-4204.444824
407024.6563;5860200;-4205.810059
407084.9688;5860200;-4207.00293
407145.2813;5860200;-4207.998535
407205.5625;5860200;-4208.805664
407265.875;5860200;-4209.399414
407326.1875;5860200;-4209.821289
407386.4688;5860200;-4210.305176
407446.7813;5860200;-4211.035156
407507.0625;5860200;-4212.184082
407567.375;5860200;-4213.950684
407627.6875;5860200;-4215.98291
407687.9688;5860200;-4217.408203
407748.2813;5860200;-4217.817383
407808.5938;5860200;-4217.459473
407868.875;5860200;-4216.921875
407929.1875;5860200;-4216.452637
407989.4688;5860200;-4216.10498
408049.7813;5860200;-4215.89209
408110.0938;5860200;-4215.80127
408170.375;5860200;-4215.806152
408230.6875;5860200;-4215.887207
408291;5860200;-4215.999023
408351.2813;5860200;-4216.097656
408411.5938;5860200;-4216.162598
408471.875;5860200;-4216.183105
408532.1875;5860200;-4216.138184
408592.5;5860200;-4216.04248
408652.7813;5860200;-4215.904785
408713.0938;5860200;-4226.431641
408773.4063;5860200;-4226.206543
408833.6875;5860200;-4225.933594
408894;5860200;-4225.623535
408954.2813;5860200;-4225.286133
409014.5938;5860200;-4224.929199
409074.9063;5860200;-4224.564941
409135.1875;5860200;-4224.208496
409195.5;5860200;-4223.867676
409255.8125;5860200;-4223.554199
409316.0938;5860200;-4223.267578
409376.4063;5860200;-4223.007813
401356.4063;5860260.5;-4096.550781
401416.6875;5860260.5;-4096.289551
401477;5860260.5;-4095.986084
401537.3125;5860260.5;-4095.657715
401597.5938;5860260.5;-4095.348633
401657.9063;5860260.5;-4095.139404
401718.2188;5860260.5;-4095.085205
401778.5;5860260.5;-4095.273926
401838.8125;5860260.5;-4095.868896
401899.0938;5860260.5;-4096.927734
401959.4063;5860260.5;-4098.540039
402019.7188;5860260.5;-4100.903809
402080;5860260.5;-4104.200195
402140.3125;5860260.5;-4108.145996
402200.625;5860260.5;-4112.499023
402260.9063;5860260.5;-4116.839844
402321.2188;5860260.5;-4120.245117
402381.5;5860260.5;-4122.675293
402441.8125;5860260.5;-4124.395996
402502.125;5860260.5;-4125.556152
402562.4063;5860260.5;-4125.877441
402622.7188;5860260.5;-4125.614258
402683.0313;5860260.5;-4125.225586
402743.3125;5860260.5;-4124.837402
402803.625;5860260.5;-4124.586426
402863.9063;5860260.5;-4124.602051
402924.2188;5860260.5;-4124.904785
402984.5313;5860260.5;-4125.447266
403044.8125;5860260.5;-4126.128418
403105.125;5860260.5;-4126.835938
403165.4375;5860260.5;-4127.527832
403225.7188;5860260.5;-4128.175293
403286.0313;5860260.5;-4128.764648
403346.3125;5860260.5;-4129.351074
403406.625;5860260.5;-4129.98291
403466.9375;5860260.5;-4130.738281
403527.2188;5860260.5;-4131.695313
403587.5313;5860260.5;-4132.845703
403647.8438;5860260.5;-4134.175293
403708.125;5860260.5;-4135.64209
403768.4375;5860260.5;-4137.173828
403828.7188;5860260.5;-4138.722656
403889.0313;5860260.5;-4140.246094
403949.3438;5860260.5;-4141.70459
404009.625;5860260.5;-4143.091309
404069.9375;5860260.5;-4144.419434
404130.25;5860260.5;-4145.694824
404190.5313;5860260.5;-4146.920898
404250.8438;5860260.5;-4148.108887
404311.125;5860260.5;-4149.275879
404371.4375;5860260.5;-4150.435547
404431.75;5860260.5;-4151.592285
404492.0313;5860260.5;-4152.749023
404552.3438;5860260.5;-4153.913086
404612.625;5860260.5;-4155.087891
404672.9375;5860260.5;-4156.273926
404733.25;5860260.5;-4157.473633
404793.5313;5860260.5;-4163.982422
404853.8438;5860260.5;-4165.090332
404914.1563;5860260.5;-4166.199707
404974.4375;5860260.5;-4167.286133
405034.75;5860260.5;-4168.375
405095.0313;5860260.5;-4169.462891
405155.3438;5860260.5;-4170.534668
405215.6563;5860260.5;-4171.605469
405275.9375;5860260.5;-4172.673828
405336.25;5860260.5;-4173.740234
405396.5625;5860260.5;-4175.285156
405456.8438;5860260.5;-4176.67627
405517.1563;5860260.5;-4171.694336
405577.4375;5860260.5;-4172.672852
405637.75;5860260.5;-4173.651367
405698.0625;5860260.5;-4174.638184
405758.3438;5860260.5;-4175.629883
405818.6563;5860260.5;-4176.628906
405878.9688;5860260.5;-4177.65332
405939.25;5860260.5;-4178.706055
405999.5625;5860260.5;-4179.783691
406059.8438;5860260.5;-4180.902832
406120.1563;5860260.5;-4182.069824
406180.4688;5860260.5;-4183.289063
406240.75;5860260.5;-4184.570313
406301.0625;5860260.5;-4185.916504
406361.375;5860260.5;-4187.336426
406421.6563;5860260.5;-4188.841797
406481.9688;5860260.5;-4190.429199
406542.25;5860260.5;-4192.086914
406602.5625;5860260.5;-4193.82666
406662.875;5860260.5;-4195.620117
406723.1563;5860260.5;-4197.419434
406783.4688;5860260.5;-4199.207031
406843.7813;5860260.5;-4200.940918
406904.0625;5860260.5;-4202.550293
406964.375;5860260.5;-4204.03418
407024.6563;5860260.5;-4205.391113
407084.9688;5860260.5;-4206.537598
407145.2813;5860260.5;-4207.415527
407205.5625;5860260.5;-4208.006348
407265.875;5860260.5;-4208.252441
407326.1875;5860260.5;-4208.17627
407386.4688;5860260.5;-4208.119629
407446.7813;5860260.5;-4208.40332
407507.0625;5860260.5;-4209.304199
407567.375;5860260.5;-4211.091309
407627.6875;5860260.5;-4213.255371
407687.9688;5860260.5;-4214.864746
407748.2813;5860260.5;-4215.505859
407808.5938;5860260.5;-4215.396484
407868.875;5860260.5;-4215.071777
407929.1875;5860260.5;-4214.765625
407989.4688;5860260.5;-4214.536133
408049.7813;5860260.5;-4214.392578
408110.0938;5860260.5;-4214.32373
408170.375;5860260.5;-4214.313477
408230.6875;5860260.5;-4214.351563
408291;5860260.5;-4214.414551
408351.2813;5860260.5;-4214.474121
408411.5938;5860260.5;-4214.515625
408471.875;5860260.5;-4214.526367
408532.1875;5860260.5;-4214.488281
408592.5;5860260.5;-4214.404785
408652.7813;5860260.5;-4214.283691
408713.0938;5860260.5;-4224.825195
408773.4063;5860260.5;-4224.612793
408833.6875;5860260.5;-4224.35791
408894;5860260.5;-4224.069824
408954.2813;5860260.5;-4223.759766
409014.5938;5860260.5;-4223.433594
409074.9063;5860260.5;-4223.101563
409135.1875;5860260.5;-4222.776855
409195.5;5860260.5;-4222.467773
409255.8125;5860260.5;-4222.182617
409316.0938;5860260.5;-4221.92334
409376.4063;5860260.5;-4221.688477
401356.4063;5860321;-4097.828613
401416.6875;5860321;-4097.657227
401477;5860321;-4097.461426
401537.3125;5860321;-4097.259766
401597.5938;5860321;-4097.105469
401657.9063;5860321;-4097.074219
401718.2188;5860321;-4097.215332
401778.5;5860321;-4097.609863
401838.8125;5860321;-4098.405762
401899.0938;5860321;-4099.62793
401959.4063;5860321;-4101.335938
402019.7188;5860321;-4103.664551
402080;5860321;-4106.705078
402140.3125;5860321;-4110.178223
402200.625;5860321;-4113.885742
402260.9063;5860321;-4117.523438
402321.2188;5860321;-4120.479004
402381.5;5860321;-4122.718262
402441.8125;5860321;-4124.352539
402502.125;5860321;-4125.424316
402562.4063;5860321;-4125.775879
402622.7188;5860321;-4125.635254
402683.0313;5860321;-4125.281738
402743.3125;5860321;-4124.845215
402803.625;5860321;-4124.518555
402863.9063;5860321;-4124.54248
402924.2188;5860321;-4124.939453
402984.5313;5860321;-4125.564941
403044.8125;5860321;-4126.298828
403105.125;5860321;-4127.031738
403165.4375;5860321;-4127.721191
403225.7188;5860321;-4128.324219
403286.0313;5860321;-4128.80957
403346.3125;5860321;-4129.26123
403406.625;5860321;-4129.756836
403466.9375;5860321;-4130.413086
403527.2188;5860321;-4131.34082
403587.5313;5860321;-4132.521484
403647.8438;5860321;-4133.929199
403708.125;5860321;-4135.500977
403768.4375;5860321;-4137.135254
403828.7188;5860321;-4138.770996
403889.0313;5860321;-4140.354004
403949.3438;5860321;-4141.836914
404009.625;5860321;-4143.21582
404069.9375;5860321;-4144.520508
404130.25;5860321;-4145.757324
404190.5313;5860321;-4146.936523
404250.8438;5860321;-4148.072266
404311.125;5860321;-4149.1875
404371.4375;5860321;-4150.299805
404431.75;5860321;-4151.416016
404492.0313;5860321;-4152.540039
404552.3438;5860321;-4153.677734
404612.625;5860321;-4154.835449
404672.9375;5860321;-4156.01416
404733.25;5860321;-4162.789551
404793.5313;5860321;-4163.875977
404853.8438;5860321;-4164.978027
404914.1563;5860321;-4166.083984
404974.4375;5860321;-4167.166504
405034.75;5860321;-4168.250977
405095.0313;5860321;-4169.334473
405155.3438;5860321;-4170.399902
405215.6563;5860321;-4171.460938
405275.9375;5860321;-4172.518066
405336.25;5860321;-4173.574219
405396.5625;5860321;-4174.830566
405456.8438;5860321;-4176.29248
405517.1563;5860321;-4171.137207
405577.4375;5860321;-4172.097168
405637.75;5860321;-4173.055664
405698.0625;5860321;-4174.021973
405758.3438;5860321;-4174.992188
405818.6563;5860321;-4175.970215
405878.9688;5860321;-4176.974609
405939.25;5860321;-4178.008789
405999.5625;5860321;-4179.069824
406059.8438;5860321;-4180.173828
406120.1563;5860321;-4181.328613
406180.4688;5860321;-4182.538574
406240.75;5860321;-4183.815918
406301.0625;5860321;-4185.163086
406361.375;5860321;-4186.590332
406421.6563;5860321;-4188.109863
406481.9688;5860321;-4189.716797
406542.25;5860321;-4191.404297
406602.5625;5860321;-4193.182129
406662.875;5860321;-4195.02002
406723.1563;5860321;-4196.867188
406783.4688;5860321;-4198.70459
406843.7813;5860321;-4200.489258
406904.0625;5860321;-4202.143555
406964.375;5860321;-4203.663086
407024.6563;5860321;-4205.045898
407084.9688;5860321;-4206.182129
407145.2813;5860321;-4206.96582
407205.5625;5860321;-4207.335938
407265.875;5860321;-4207.179199
407326.1875;5860321;-4206.450684
407386.4688;5860321;-4205.599121
407446.7813;5860321;-4205.169922
407507.0625;5860321;-4205.608887
407567.375;5860321;-4207.230957
407627.6875;5860321;-4209.283203
407687.9688;5860321;-4211.033691
407748.2813;5860321;-4212.135254
407808.5938;5860321;-4212.540039
407868.875;5860321;-4212.630859
407929.1875;5860321;-4212.634766
407989.4688;5860321;-4212.623047
408049.7813;5860321;-4212.616699
408110.0938;5860321;-4212.628906
408170.375;5860321;-4212.65918
408230.6875;5860321;-4212.706055
408291;5860321;-4212.761719
408351.2813;5860321;-4212.8125
408411.5938;5860321;-4212.849609
408471.875;5860321;-4212.86377
408532.1875;5860321;-4212.835449
408592.5;5860321;-4212.766113
408652.7813;5860321;-4223.368164
408713.0938;5860321;-4223.218262
408773.4063;5860321;-4223.019043
408833.6875;5860321;-4222.782227
408894;5860321;-4222.515625
408954.2813;5860321;-4222.231445
409014.5938;5860321;-4221.933594
409074.9063;5860321;-4221.630859
409135.1875;5860321;-4221.334961
409195.5;5860321;-4221.052734
409255.8125;5860321;-4220.793945
409316.0938;5860321;-4220.558105
409376.4063;5860321;-4220.34375
401356.4063;5860381.5;-4099.174805
401416.6875;5860381.5;-4099.09082
401477;5860381.5;-4098.996582
401537.3125;5860381.5;-4098.910645
401597.5938;5860381.5;-4098.888672
401657.9063;5860381.5;-4098.995117
401718.2188;5860381.5;-4099.272949
401778.5;5860381.5;-4099.792969
401838.8125;5860381.5;-4100.681641
401899.0938;5860381.5;-4101.947754
401959.4063;5860381.5;-4103.625
402019.7188;5860381.5;-4105.804199
402080;5860381.5;-4108.517578
402140.3125;5860381.5;-4111.524902
402200.625;5860381.5;-4114.67041
402260.9063;5860381.5;-4117.736328
402321.2188;5860381.5;-4120.301758
402381.5;5860381.5;-4122.333496
402441.8125;5860381.5;-4123.875977
402502.125;5860381.5;-4124.904785
402562.4063;5860381.5;-4125.333984
402622.7188;5860381.5;-4125.354004
402683.0313;5860381.5;-4125.129395
402743.3125;5860381.5;-4124.79541
402803.625;5860381.5;-4124.55127
402863.9063;5860381.5;-4124.644043
402924.2188;5860381.5;-4125.098633
402984.5313;5860381.5;-4125.771973
403044.8125;5860381.5;-4126.540527
403105.125;5860381.5;-4127.292969
403165.4375;5860381.5;-4127.982422
403225.7188;5860381.5;-4128.541992
403286.0313;5860381.5;-4128.896973
403346.3125;5860381.5;-4129.163086
403406.625;5860381.5;-4129.472656
403466.9375;5860381.5;-4129.997559
403527.2188;5860381.5;-4130.90332
403587.5313;5860381.5;-4132.152344
403647.8438;5860381.5;-4133.692383
403708.125;5860381.5;-4135.425781
403768.4375;5860381.5;-4137.206543
403828.7188;5860381.5;-4138.956055
403889.0313;5860381.5;-4140.609863
403949.3438;5860381.5;-4142.109863
404009.625;5860381.5;-4143.466309
404069.9375;5860381.5;-4144.726074
404130.25;5860381.5;-4145.904785
404190.5313;5860381.5;-4147.016602
404250.8438;5860381.5;-4148.081543
404311.125;5860381.5;-4149.129395
404371.4375;5860381.5;-4150.178711
404431.75;5860381.5;-4151.241699
404492.0313;5860381.5;-4152.323242
404552.3438;5860381.5;-4153.429688
404612.625;5860381.5;-4154.563965
404672.9375;5860381.5;-4155.732422
404733.25;5860381.5;-4162.665039
404793.5313;5860381.5;-4163.743164
404853.8438;5860381.5;-4164.842773
404914.1563;5860381.5;-4165.951172
404974.4375;5860381.5;-4167.032715
405034.75;5860381.5;-4168.117188
405095.0313;5860381.5;-4169.198242
405155.3438;5860381.5;-4170.258789
405215.6563;5860381.5;-4171.312012
405275.9375;5860381.5;-4172.356445
405336.25;5860381.5;-4172.854492
405396.5625;5860381.5;-4174.341309
405456.8438;5860381.5;-4175.822266
405517.1563;5860381.5;-4177.26709
405577.4375;5860381.5;-4171.492676
405637.75;5860381.5;-4172.429199
405698.0625;5860381.5;-4173.37207
405758.3438;5860381.5;-4174.318359
405818.6563;5860381.5;-4175.271484
405878.9688;5860381.5;-4176.25293
405939.25;5860381.5;-4177.264648
405999.5625;5860381.5;-4178.304199
406059.8438;5860381.5;-4179.38916
406120.1563;5860381.5;-4180.526367
406180.4688;5860381.5;-4181.723145
406240.75;5860381.5;-4182.991211
406301.0625;5860381.5;-4184.334473
406361.375;5860381.5;-4185.763184
406421.6563;5860381.5;-4187.291992
406481.9688;5860381.5;-4188.916016
406542.25;5860381.5;-4190.629883
406602.5625;5860381.5;-4192.445801
406662.875;5860381.5;-4194.333008
406723.1563;5860381.5;-4196.236816
406783.4688;5860381.5;-4198.140625
406843.7813;5860381.5;-4200.005371
406904.0625;5860381.5;-4201.748535
406964.375;5860381.5;-4203.366211
407024.6563;5860381.5;-4204.855469
407084.9688;5860381.5;-4206.083984
407145.2813;5860381.5;-4206.890625
407205.5625;5860381.5;-4207.148438
407265.875;5860381.5;-4206.647461
407326.1875;5860381.5;-4205.189453
407386.4688;5860381.5;-4203.276855
407446.7813;5860381.5;-4201.793457
407507.0625;5860381.5;-4201.545898
407567.375;5860381.5;-4203.004883
407627.6875;5860381.5;-4205.029785
407687.9688;5860381.5;-4206.920898
407748.2813;5860381.5;-4208.379883
407808.5938;5860381.5;-4209.247559
407868.875;5860381.5;-4209.771484
407929.1875;5860381.5;-4210.130859
407989.4688;5860381.5;-4210.387695
408049.7813;5860381.5;-4210.569824
408110.0938;5860381.5;-4210.711426
408170.375;5860381.5;-4210.830078
408230.6875;5860381.5;-4210.930664
408291;5860381.5;-4211.018066
408351.2813;5860381.5;-4211.091797
408411.5938;5860381.5;-4211.148926
408471.875;5860381.5;-4211.181152
408532.1875;5860381.5;-4211.171875
408592.5;5860381.5;-4221.85791
408652.7813;5860381.5;-4221.755859
408713.0938;5860381.5;-4221.616211
408773.4063;5860381.5;-4221.432617
408833.6875;5860381.5;-4221.213379
408894;5860381.5;-4220.967773
408954.2813;5860381.5;-4220.705078
409014.5938;5860381.5;-4220.430176
409074.9063;5860381.5;-4220.151367
409135.1875;5860381.5;-4219.878418
409195.5;5860381.5;-4219.618164
409255.8125;5860381.5;-4219.379883
409316.0938;5860381.5;-4219.162598
409376.4063;5860381.5;-4218.965332
401356.4063;5860442.5;-4100.54834
401416.6875;5860442.5;-4100.541504
401477;5860442.5;-4100.537598
401537.3125;5860442.5;-4100.554688
401597.5938;5860442.5;-4100.643066
401657.9063;5860442.5;-4100.858398
401718.2188;5860442.5;-4101.233887
401778.5;5860442.5;-4101.828613
401838.8125;5860442.5;-4102.749512
401899.0938;5860442.5;-4103.992676
401959.4063;5860442.5;-4105.577148
402019.7188;5860442.5;-4107.562988
402080;5860442.5;-4109.949707
402140.3125;5860442.5;-4112.538086
402200.625;5860442.5;-4115.213379
402260.9063;5860442.5;-4117.817871
402321.2188;5860442.5;-4120.05127
402381.5;5860442.5;-4121.883301
402441.8125;5860442.5;-4123.331055
402502.125;5860442.5;-4124.346191
402562.4063;5860442.5;-4124.858398
402622.7188;5860442.5;-4125.021484
402683.0313;5860442.5;-4124.960938
402743.3125;5860442.5;-4124.810547
402803.625;5860442.5;-4124.75
402863.9063;5860442.5;-4124.930176
402924.2188;5860442.5;-4125.379395
402984.5313;5860442.5;-4126.046875
403044.8125;5860442.5;-4126.815918
403105.125;5860442.5;-4127.568359
403165.4375;5860442.5;-4128.253906
403225.7188;5860442.5;-4128.783691
403286.0313;5860442.5;-4128.982422
403346.3125;5860442.5;-4129.005859
403406.625;5860442.5;-4129.083984
403466.9375;5860442.5;-4129.456055
403527.2188;5860442.5;-4130.359863
403587.5313;5860442.5;-4131.72998
403647.8438;5860442.5;-4133.472168
403708.125;5860442.5;-4135.430664
403768.4375;5860442.5;-4137.400879
403828.7188;5860442.5;-4139.286621
403889.0313;5860442.5;-4141.01416
403949.3438;5860442.5;-4142.515137
404009.625;5860442.5;-4143.825684
404069.9375;5860442.5;-4145.01709
404130.25;5860442.5;-4146.114746
404190.5313;5860442.5;-4147.139648
404250.8438;5860442.5;-4148.119141
404311.125;5860442.5;-4149.086426
404371.4375;5860442.5;-4150.062988
404431.75;5860442.5;-4151.063477
404492.0313;5860442.5;-4152.09668
404552.3438;5860442.5;-4153.165527
404612.625;5860442.5;-4154.274902
404672.9375;5860442.5;-4161.434082
404733.25;5860442.5;-4162.518066
404793.5313;5860442.5;-4163.589844
404853.8438;5860442.5;-4164.690918
404914.1563;5860442.5;-4165.804688
404974.4375;5860442.5;-4166.890137
405034.75;5860442.5;-4167.978027
405095.0313;5860442.5;-4169.05957
405155.3438;5860442.5;-4170.116211
405215.6563;5860442.5;-4171.160156
405275.9375;5860442.5;-4170.794434
405336.25;5860442.5;-4172.316895
405396.5625;5860442.5;-4173.826172
405456.8438;5860442.5;-4175.325684
405517.1563;5860442.5;-4176.782715
405577.4375;5860442.5;-4178.23291
405637.75;5860442.5;-4171.776367
405698.0625;5860442.5;-4172.692871
405758.3438;5860442.5;-4173.612793
405818.6563;5860442.5;-4174.538574
405878.9688;5860442.5;-4175.493652
405939.25;5860442.5;-4176.479004
405999.5625;5860442.5;-4177.494141
406059.8438;5860442.5;-4178.555664
406120.1563;5860442.5;-4179.671387
406180.4688;5860442.5;-4180.851074
406240.75;5860442.5;-4182.104492
406301.0625;5860442.5;-4183.4375
406361.375;5860442.5;-4184.86377
406421.6563;5860442.5;-4186.397461
406481.9688;5860442.5;-4188.033691
406542.25;5860442.5;-4189.767578
406602.5625;5860442.5;-4191.621094
406662.875;5860442.5;-4193.560547
406723.1563;5860442.5;-4195.527832
406783.4688;5860442.5;-4197.51123
406843.7813;5860442.5;-4199.480957
406904.0625;5860442.5;-4201.356445
406964.375;5860442.5;-4203.134766
407024.6563;5860442.5;-4204.815918
407084.9688;5860442.5;-4206.260742
407145.2813;5860442.5;-4207.261719
407205.5625;5860442.5;-4207.62793
407265.875;5860442.5;-4207.041016
407326.1875;5860442.5;-4205.059082
407386.4688;5860442.5;-4202.062012
407446.7813;5860442.5;-4199.259277
407507.0625;5860442.5;-4198.13916
407567.375;5860442.5;-4199.44043
407627.6875;5860442.5;-4201.431152
407687.9688;5860442.5;-4203.343262
407748.2813;5860442.5;-4204.945313
407808.5938;5860442.5;-4206.097656
407868.875;5860442.5;-4206.939453
407929.1875;5860442.5;-4207.586426
407989.4688;5860442.5;-4208.081055
408049.7813;5860442.5;-4208.442383
408110.0938;5860442.5;-4208.716309
408170.375;5860442.5;-4208.931152
408230.6875;5860442.5;-4209.100098
408291;5860442.5;-4209.23291
408351.2813;5860442.5;-4209.342773
408411.5938;5860442.5;-4209.430664
408471.875;5860442.5;-4209.491211
408532.1875;5860442.5;-4209.507324
408592.5;5860442.5;-4220.240723
408652.7813;5860442.5;-4220.150391
408713.0938;5860442.5;-4220.023926
408773.4063;5860442.5;-4219.854492
408833.6875;5860442.5;-4219.652344
408894;5860442.5;-4219.423828
408954.2813;5860442.5;-4219.180176
409014.5938;5860442.5;-4218.924805
409074.9063;5860442.5;-4218.665527
409135.1875;5860442.5;-4218.411133
409195.5;5860442.5;-4218.167969
409255.8125;5860442.5;-4217.944824
409316.0938;5860442.5;-4217.741699
409376.4063;5860442.5;-4217.558105
401356.4063;5860503;-4101.923828
401416.6875;5860503;-4101.984863
401477;5860503;-4102.060547
401537.3125;5860503;-4102.16748
401597.5938;5860503;-4102.350098
401657.9063;5860503;-4102.652344
401718.2188;5860503;-4103.100586
401778.5;5860503;-4103.741211
401838.8125;5860503;-4104.661133
401899.0938;5860503;-4105.849121
401959.4063;5860503;-4107.31543
402019.7188;5860503;-4109.098145
402080;5860503;-4111.180664
402140.3125;5860503;-4113.404297
402200.625;5860503;-4115.683105
402260.9063;5860503;-4117.904785
402321.2188;5860503;-4119.855469
402381.5;5860503;-4121.503418
402441.8125;5860503;-4122.852539
402502.125;5860503;-4123.852051
402562.4063;5860503;-4124.437012
402622.7188;5860503;-4124.728027
402683.0313;5860503;-4124.824707
402743.3125;5860503;-4124.841797
402803.625;5860503;-4124.939453
402863.9063;5860503;-4125.207031
402924.2188;5860503;-4125.668945
402984.5313;5860503;-4126.322754
403044.8125;5860503;-4127.063965
403105.125;5860503;-4127.788574
403165.4375;5860503;-4128.456543
403225.7188;5860503;-4128.95166
403286.0313;5860503;-4128.972656
403346.3125;5860503;-4128.71582
403406.625;5860503;-4128.540527
403466.9375;5860503;-4128.751465
403527.2188;5860503;-4129.69043
403587.5313;5860503;-4131.256348
403647.8438;5860503;-4133.281738
403708.125;5860503;-4135.53418
403768.4375;5860503;-4137.73291
403828.7188;5860503;-4139.77002
403889.0313;5860503;-4141.563965
403949.3438;5860503;-4143.041992
404009.625;5860503;-4144.274902
404069.9375;5860503;-4145.370605
404130.25;5860503;-4146.363281
404190.5313;5860503;-4147.282227
404250.8438;5860503;-4148.162598
404311.125;5860503;-4149.035645
404371.4375;5860503;-4149.929688
404431.75;5860503;-4150.86084
404492.0313;5860503;-4151.838379
404552.3438;5860503;-4152.865723
404612.625;5860503;-4153.945313
404672.9375;5860503;-4161.260254
404733.25;5860503;-4162.333008
404793.5313;5860503;-4163.402344
404853.8438;5860503;-4164.507813
404914.1563;5860503;-4165.630371
404974.4375;5860503;-4166.723145
405034.75;5860503;-4167.817871
405095.0313;5860503;-4168.904297
405155.3438;5860503;-4169.959473
405215.6563;5860503;-4170.996094
405275.9375;5860503;-4170.21875
405336.25;5860503;-4171.766602
405396.5625;5860503;-4173.299316
405456.8438;5860503;-4174.816406
405517.1563;5860503;-4176.28418
405577.4375;5860503;-4177.741211
405637.75;5860503;-4179.191406
405698.0625;5860503;-4171.994141
405758.3438;5860503;-4172.885254
405818.6563;5860503;-4173.782227
405878.9688;5860503;-4174.708008
405939.25;5860503;-4175.666504
405999.5625;5860503;-4176.653809
406059.8438;5860503;-4177.688477
406120.1563;5860503;-4178.780273
406180.4688;5860503;-4179.938965
406240.75;5860503;-4181.175293
406301.0625;5860503;-4182.494629
406361.375;5860503;-4183.913574
406421.6563;5860503;-4185.44873
406481.9688;5860503;-4187.09375
406542.25;5860503;-4188.844238
406602.5625;5860503;-4190.732422
406662.875;5860503;-4192.724121
406723.1563;5860503;-4194.760742
406783.4688;5860503;-4196.833496
406843.7813;5860503;-4198.928223
406904.0625;5860503;-4200.969238
406964.375;5860503;-4202.953613
407024.6563;5860503;-4204.89209
407084.9688;5860503;-4206.652832
407145.2813;5860503;-4208.007324
407205.5625;5860503;-4208.734863
407265.875;5860503;-4208.429688
407326.1875;5860503;-4206.359375
407386.4688;5860503;-4202.563477
407446.7813;5860503;-4198.387207
407507.0625;5860503;-4196.22168
407567.375;5860503;-4197.215332
407627.6875;5860503;-4198.962402
407687.9688;5860503;-4200.626465
407748.2813;5860503;-4202.114258
407808.5938;5860503;-4203.342773
407868.875;5860503;-4204.347656
407929.1875;5860503;-4205.17627
407989.4688;5860503;-4205.842773
408049.7813;5860503;-4206.344727
408110.0938;5860503;-4206.729004
408170.375;5860503;-4207.029785
408230.6875;5860503;-4207.263672
408291;5860503;-4207.444824
408351.2813;5860503;-4207.593262
408411.5938;5860503;-4207.71582
408471.875;5860503;-4207.807129
408532.1875;5860503;-4218.67627
408592.5;5860503;-4218.633301
408652.7813;5860503;-4218.555664
408713.0938;5860503;-4218.441406
408773.4063;5860503;-4218.286133
408833.6875;5860503;-4218.098145
408894;5860503;-4217.885742
408954.2813;5860503;-4217.657715
409014.5938;5860503;-4217.419434
409074.9063;5860503;-4217.175781
409135.1875;5860503;-4216.936523
409195.5;5860503;-4216.708008
409255.8125;5860503;-4216.498535
409316.0938;5860503;-4216.307617
409376.4063;5860503;-4216.134277
401356.4063;5860563.5;-4103.285156
401416.6875;5860563.5;-4103.403809
401477;5860563.5;-4103.547852
401537.3125;5860563.5;-4103.728516
401597.5938;5860563.5;-4103.987305
401657.9063;5860563.5;-4104.356445
401718.2188;5860563.5;-4104.856934
401778.5;5860563.5;-4105.521484
401838.8125;5860563.5;-4106.418945
401899.0938;5860563.5;-4107.535156
401959.4063;5860563.5;-4108.873535
402019.7188;5860563.5;-4110.460449
402080;5860563.5;-4112.272461
402140.3125;5860563.5;-4114.185547
402200.625;5860563.5;-4116.135254
402260.9063;5860563.5;-4118.042969
402321.2188;5860563.5;-4119.752441
402381.5;5860563.5;-4121.235352
402441.8125;5860563.5;-4122.487305
402502.125;5860563.5;-4123.461914
402562.4063;5860563.5;-4124.099609
402622.7188;5860563.5;-4124.496582
402683.0313;5860563.5;-4124.728516
402743.3125;5860563.5;-4124.88623
402803.625;5860563.5;-4125.102539
402863.9063;5860563.5;-4125.440918
402924.2188;5860563.5;-4125.918945
402984.5313;5860563.5;-4126.540039
403044.8125;5860563.5;-4127.22168
403105.125;5860563.5;-4127.869629
403165.4375;5860563.5;-4128.439453
403225.7188;5860563.5;-4128.796875
403286.0313;5860563.5;-4128.638672
403346.3125;5860563.5;-4128.179688
403406.625;5860563.5;-4127.789551
403466.9375;5860563.5;-4127.827637
403527.2188;5860563.5;-4128.861328
403587.5313;5860563.5;-4130.756348
403647.8438;5860563.5;-4133.168457
403708.125;5860563.5;-4135.783691
403768.4375;5860563.5;-4138.246582
403828.7188;5860563.5;-4140.440918
403889.0313;5860563.5;-4142.282227
403949.3438;5860563.5;-4143.699219
404009.625;5860563.5;-4144.81543
404069.9375;5860563.5;-4145.778809
404130.25;5860563.5;-4146.639648
404190.5313;5860563.5;-4147.434082
404250.8438;5860563.5;-4148.201172
404311.125;5860563.5;-4148.973633
404371.4375;5860563.5;-4149.777832
404431.75;5860563.5;-4150.635742
404492.0313;5860563.5;-4151.558594
404552.3438;5860563.5;-4152.54541
404612.625;5860563.5;-4160.027832
404672.9375;5860563.5;-4161.039551
404733.25;5860563.5;-4162.104004
404793.5313;5860563.5;-4163.174316
404853.8438;5860563.5;-4164.288574
404914.1563;5860563.5;-4165.42627
404974.4375;5860563.5;-4166.531738
405034.75;5860563.5;-4167.638184
405095.0313;5860563.5;-4168.734375
405155.3438;5860563.5;-4169.79248
405215.6563;5860563.5;-4168.041992
405275.9375;5860563.5;-4169.629883
405336.25;5860563.5;-4171.205078
405396.5625;5860563.5;-4172.758789
405456.8438;5860563.5;-4174.293457
405517.1563;5860563.5;-4175.77002
405577.4375;5860563.5;-4177.232422
405637.75;5860563.5;-4178.68457
405698.0625;5860563.5;-4180.082031
405758.3438;5860563.5;-4172.131348
405818.6563;5860563.5;-4172.996094
405878.9688;5860563.5;-4173.890137
405939.25;5860563.5;-4174.816406
405999.5625;5860563.5;-4175.773438
406059.8438;5860563.5;-4176.777344
406120.1563;5860563.5;-4177.840332
406180.4688;5860563.5;-4178.972168
406240.75;5860563.5;-4180.185059
406301.0625;5860563.5;-4181.483887
406361.375;5860563.5;-4182.888672
406421.6563;5860563.5;-4184.415527
406481.9688;5860563.5;-4186.060059
406542.25;5860563.5;-4187.821777
406602.5625;5860563.5;-4189.733887
406662.875;5860563.5;-4191.773438
406723.1563;5860563.5;-4193.875
406783.4688;5860563.5;-4196.040527
406843.7813;5860563.5;-4198.272949
406904.0625;5860563.5;-4200.500488
406964.375;5860563.5;-4202.722168
407024.6563;5860563.5;-4204.962402
407084.9688;5860563.5;-4207.104492
407145.2813;5860563.5;-4208.927734
407205.5625;5860563.5;-4210.209961
407265.875;5860563.5;-4210.506348
407326.1875;5860563.5;-4208.951172
407386.4688;5860563.5;-4205.374512
407446.7813;5860563.5;-4200.668945
407507.0625;5860563.5;-4197.305176
407567.375;5860563.5;-4197.151855
407627.6875;5860563.5;-4197.996094
407687.9688;5860563.5;-4198.994141
407748.2813;5860563.5;-4200.067383
407808.5938;5860563.5;-4201.140137
407868.875;5860563.5;-4202.133789
407929.1875;5860563.5;-4203.015625
407989.4688;5860563.5;-4203.76123
408049.7813;5860563.5;-4204.345703
408110.0938;5860563.5;-4204.801758
408170.375;5860563.5;-4205.164063
408230.6875;5860563.5;-4205.450684
408291;5860563.5;-4205.674805
408351.2813;5860563.5;-4205.861328
408411.5938;5860563.5;-4206.018066
408471.875;5860563.5;-4217.068848
408532.1875;5860563.5;-4217.079102
408592.5;5860563.5;-4217.047363
408652.7813;5860563.5;-4216.97998
408713.0938;5860563.5;-4216.876465
408773.4063;5860563.5;-4216.731934
408833.6875;5860563.5;-4216.555176
408894;5860563.5;-4216.354492
408954.2813;5860563.5;-4216.138672
409014.5938;5860563.5;-4215.912109
409074.9063;5860563.5;-4215.680176
409135.1875;5860563.5;-4215.452637
409195.5;5860563.5;-4215.235352
409255.8125;5860563.5;-4215.035645
409316.0938;5860563.5;-4214.852539
409376.4063;5860563.5;-4214.687012
401356.4063;5860624;-4104.609863
401416.6875;5860624;-4104.772949
401477;5860624;-4104.966797
401537.3125;5860624;-4105.202148
401597.5938;5860624;-4105.513672
401657.9063;5860624;-4105.927246
401718.2188;5860624;-4106.456055
401778.5;5860624;-4107.124512
401838.8125;5860624;-4107.986328
401899.0938;5860624;-4109.024902
401959.4063;5860624;-4110.241211
402019.7188;5860624;-4111.652832
402080;5860624;-4113.238281
402140.3125;5860624;-4114.900391
402200.625;5860624;-4116.589355
402260.9063;5860624;-4118.248047
402321.2188;5860624;-4119.758301
402381.5;5860624;-4121.095703
402441.8125;5860624;-4122.253906
402502.125;5860624;-4123.190918
402562.4063;5860624;-4123.855469
402622.7188;5860624;-4124.322754
402683.0313;5860624;-4124.65332
402743.3125;5860624;-4124.914063
402803.625;5860624;-4125.208984
402863.9063;5860624;-4125.585449
402924.2188;5860624;-4126.055176
402984.5313;5860624;-4126.619141
403044.8125;5860624;-4127.207031
403105.125;5860624;-4127.731934
403165.4375;5860624;-4128.132324
403225.7188;5860624;-4128.278809
403286.0313;5860624;-4127.982422
403346.3125;5860624;-4127.450195
403406.625;5860624;-4126.927246
403466.9375;5860624;-4126.830566
403527.2188;5860624;-4128.043945
403587.5313;5860624;-4130.394043
403647.8438;5860624;-4133.27832
403708.125;5860624;-4136.286621
403768.4375;5860624;-4139.021973
403828.7188;5860624;-4141.349121
403889.0313;5860624;-4143.183594
403949.3438;5860624;-4144.476563
404009.625;5860624;-4145.419922
404069.9375;5860624;-4146.208496
404130.25;5860624;-4146.904297
404190.5313;5860624;-4147.553711
404250.8438;5860624;-4148.196777
404311.125;5860624;-4148.859375
404371.4375;5860624;-4149.571777
404431.75;5860624;-4150.355469
404492.0313;5860624;-4151.223633
404552.3438;5860624;-4152.17334
404612.625;5860624;-4159.748535
404672.9375;5860624;-4160.739258
404733.25;5860624;-4161.801758
404793.5313;5860624;-4162.881348
404853.8438;5860624;-4164.01416
404914.1563;5860624;-4165.174316
404974.4375;5860624;-4166.300293
405034.75;5860624;-4167.427246
405095.0313;5860624;-4168.542969
405155.3438;5860624;-4166.52832
405215.6563;5860624;-4167.401855
405275.9375;5860624;-4169.023438
405336.25;5860624;-4170.626953
405396.5625;5860624;-4172.20166
405456.8438;5860624;-4173.750488
405517.1563;5860624;-4175.233398
405577.4375;5860624;-4176.697754
405637.75;5860624;-4178.148926
405698.0625;5860624;-4179.538574
405758.3438;5860624;-4180.92041
405818.6563;5860624;-4172.166992
405878.9688;5860624;-4173.023926
405939.25;5860624;-4173.914063
405999.5625;5860624;-4174.835449
406059.8438;5860624;-4175.803223
406120.1563;5860624;-4176.831543
406180.4688;5860624;-4177.930664
406240.75;5860624;-4179.11084
406301.0625;5860624;-4180.379883
406361.375;5860624;-4181.758789
406421.6563;5860624;-4183.263672
406481.9688;5860624;-4184.893555
406542.25;5860624;-4186.648926
406602.5625;5860624;-4188.569336
406662.875;5860624;-4190.638184
406723.1563;5860624;-4192.791016
406783.4688;5860624;-4195.036133
406843.7813;5860624;-4197.400391
406904.0625;5860624;-4199.810059
406964.375;5860624;-4202.26416
407024.6563;5860624;-4204.796387
407084.9688;5860624;-4207.294922
407145.2813;5860624;-4209.544434
407205.5625;5860624;-4211.32959
407265.875;5860624;-4212.253418
407326.1875;5860624;-4211.659668
407386.4688;5860624;-4209.404785
407446.7813;5860624;-4205.293457
407507.0625;5860624;-4200.925781
407567.375;5860624;-4199.025879
407627.6875;5860624;-4198.493652
407687.9688;5860624;-4198.538574
407748.2813;5860624;-4198.967773
407808.5938;5860624;-4199.677734
407868.875;5860624;-4200.47998
407929.1875;5860624;-4201.262207
407989.4688;5860624;-4201.967285
408049.7813;5860624;-4202.547363
408110.0938;5860624;-4203.016113
408170.375;5860624;-4203.399902
408230.6875;5860624;-4203.712891
408291;5860624;-4203.96582
408351.2813;5860624;-4204.180176
408411.5938;5860624;-4215.433594
408471.875;5860624;-4215.505371
408532.1875;5860624;-4215.521484
408592.5;5860624;-4215.496094
408652.7813;5860624;-4215.43457
408713.0938;5860624;-4215.335449
408773.4063;5860624;-4215.196289
408833.6875;5860624;-4215.025391
408894;5860624;-4214.830566
408954.2813;5860624;-4214.621094
409014.5938;5860624;-4214.401367
409074.9063;5860624;-4214.17627
409135.1875;5860624;-4213.955078
409195.5;5860624;-4213.744141
409255.8125;5860624;-4213.549805
409316.0938;5860624;-4213.37207
409376.4063;5860624;-4213.211426
401356.4063;5860685;-4105.890625
401416.6875;5860685;-4106.083496
401477;5860685;-4106.310547
401537.3125;5860685;-4106.582031
401597.5938;5860685;-4106.928711
401657.9063;5860685;-4107.367676
401718.2188;5860685;-4107.90625
401778.5;5860685;-4108.564941
401838.8125;5860685;-4109.383301
401899.0938;5860685;-4110.345703
401959.4063;5860685;-4111.450195
402019.7188;5860685;-4112.708984
402080;5860685;-4114.104492
402140.3125;5860685;-4115.558105
402200.625;5860685;-4117.034668
402260.9063;5860685;-4118.489258
402321.2188;5860685;-4119.831543
402381.5;5860685;-4121.039063
402441.8125;5860685;-4122.105469
402502.125;5860685;-4122.995605
402562.4063;5860685;-4123.666504
402622.7188;5860685;-4124.175293
402683.0313;5860685;-4124.568848
402743.3125;5860685;-4124.897461
402803.625;5860685;-4125.237793
402863.9063;5860685;-4125.626953
402924.2188;5860685;-4126.070801
402984.5313;5860685;-4126.567871
403044.8125;5860685;-4127.058594
403105.125;5860685;-4127.46875
403165.4375;5860685;-4127.741699
403225.7188;5860685;-4127.761719
403286.0313;5860685;-4127.430664
403346.3125;5860685;-4126.949707
403406.625;5860685;-4126.509766
403466.9375;5860685;-4126.541016
403527.2188;5860685;-4127.958496
403587.5313;5860685;-4130.57666
403647.8438;5860685;-4133.760254
403708.125;5860685;-4137.058594
403768.4375;5860685;-4140.031738
403828.7188;5860685;-4142.421875
403889.0313;5860685;-4144.137695
403949.3438;5860685;-4145.234375
404009.625;5860685;-4145.964844
404069.9375;5860685;-4146.554199
404130.25;5860685;-4147.073242
404190.5313;5860685;-4147.574219
404250.8438;5860685;-4148.089844
404311.125;5860685;-4148.638672
404371.4375;5860685;-4149.253418
404431.75;5860685;-4149.960938
404492.0313;5860685;-4150.773926
404552.3438;5860685;-4156.620605
404612.625;5860685;-4159.362793
404672.9375;5860685;-4160.341797
404733.25;5860685;-4161.414063
404793.5313;5860685;-4162.515137
404853.8438;5860685;-4163.677246
404914.1563;5860685;-4164.868652
404974.4375;5860685;-4166.021973
405034.75;5860685;-4167.175781
405095.0313;5860685;-4168.315918
405155.3438;5860685;-4165.04248
405215.6563;5860685;-4166.740234
405275.9375;5860685;-4168.399414
405336.25;5860685;-4170.033691
405396.5625;5860685;-4171.627441
405456.8438;5860685;-4173.187988
405517.1563;5860685;-4174.673828
405577.4375;5860685;-4176.13623
405637.75;5860685;-4177.581543
405698.0625;5860685;-4178.959473
405758.3438;5860685;-4180.327148
405818.6563;5860685;-4181.701172
405878.9688;5860685;-4172.111816
405939.25;5860685;-4172.962402
405999.5625;5860685;-4173.84668
406059.8438;5860685;-4174.775391
406120.1563;5860685;-4175.765137
406180.4688;5860685;-4176.828613
406240.75;5860685;-4177.97168
406301.0625;5860685;-4179.204102
406361.375;5860685;-4180.548828
406421.6563;5860685;-4182.022461
406481.9688;5860685;-4183.623047
406542.25;5860685;-4185.356445
406602.5625;5860685;-4187.266113
406662.875;5860685;-4189.336914
406723.1563;5860685;-4191.515625
406783.4688;5860685;-4193.813965
406843.7813;5860685;-4196.277832
406904.0625;5860685;-4198.833008
406964.375;5860685;-4201.472168
407024.6563;5860685;-4204.231445
407084.9688;5860685;-4206.987305
407145.2813;5860685;-4209.501953
407205.5625;5860685;-4211.533203
407265.875;5860685;-4212.699707
407326.1875;5860685;-4212.487793
407386.4688;5860685;-4210.900879
407446.7813;5860685;-4207.503418
407507.0625;5860685;-4203.235352
407567.375;5860685;-4200.590332
407627.6875;5860685;-4199.219238
407687.9688;5860685;-4198.543945
407748.2813;5860685;-4198.404297
407808.5938;5860685;-4198.723145
407868.875;5860685;-4199.260742
407929.1875;5860685;-4199.86084
407989.4688;5860685;-4200.446289
408049.7813;5860685;-4200.958496
408110.0938;5860685;-4201.392578
408170.375;5860685;-4201.76123
408230.6875;5860685;-4202.075195
408291;5860685;-4202.338867
408351.2813;5860685;-4213.807617
408411.5938;5860685;-4213.916504
408471.875;5860685;-4213.987793
408532.1875;5860685;-4214.00293
408592.5;5860685;-4213.976563
408652.7813;5860685;-4213.913574
408713.0938;5860685;-4213.813477
408773.4063;5860685;-4213.673828
408833.6875;5860685;-4213.504395
408894;5860685;-4213.310547
408954.2813;5860685;-4213.103516
409014.5938;5860685;-4212.887207
409074.9063;5860685;-4212.664551
409135.1875;5860685;-4212.446777
409195.5;5860685;-4212.239746
409255.8125;5860685;-4212.04834
409316.0938;5860685;-4211.874023
409376.4063;5860685;-4211.71582
401356.4063;5860745.5;-4107.130371
401416.6875;5860745.5;-4107.342285
401477;5860745.5;-4107.59082
401537.3125;5860745.5;-4107.884766
401597.5938;5860745.5;-4108.25
401657.9063;5860745.5;-4108.699219
401718.2188;5860745.5;-4109.236328
401778.5;5860745.5;-4109.875
401838.8125;5860745.5;-4110.646973
401899.0938;5860745.5;-4111.535156
401959.4063;5860745.5;-4112.536133
402019.7188;5860745.5;-4113.659668
402080;5860745.5;-4114.89209
402140.3125;5860745.5;-4116.168945
402200.625;5860745.5;-4117.464355
402260.9063;5860745.5;-4118.743652
402321.2188;5860745.5;-4119.938477
402381.5;5860745.5;-4121.027344
402441.8125;5860745.5;-4122.007324
402502.125;5860745.5;-4122.845703
402562.4063;5860745.5;-4123.507813
402622.7188;5860745.5;-4124.038086
402683.0313;5860745.5;-4124.470215
402743.3125;5860745.5;-4124.840332
402803.625;5860745.5;-4125.205078
402863.9063;5860745.5;-4125.591797
402924.2188;5860745.5;-4126.004395
402984.5313;5860745.5;-4126.437012
403044.8125;5860745.5;-4126.842773
403105.125;5860745.5;-4127.164063
403165.4375;5860745.5;-4127.360352
403225.7188;5860745.5;-4127.348633
403286.0313;5860745.5;-4127.089355
403346.3125;5860745.5;-4126.783203
403406.625;5860745.5;-4126.632813
403466.9375;5860745.5;-4127.025391
403527.2188;5860745.5;-4128.629395
403587.5313;5860745.5;-4131.268555
403647.8438;5860745.5;-4134.523438
403708.125;5860745.5;-4137.983398
403768.4375;5860745.5;-4141.147461
403828.7188;5860745.5;-4143.52002
403889.0313;5860745.5;-4144.999023
403949.3438;5860745.5;-4145.827637
404009.625;5860745.5;-4146.328125
404069.9375;5860745.5;-4146.722656
404130.25;5860745.5;-4147.074707
404190.5313;5860745.5;-4147.437012
404250.8438;5860745.5;-4147.830078
404311.125;5860745.5;-4148.266113
404371.4375;5860745.5;-4148.785156
404431.75;5860745.5;-4149.418457
404492.0313;5860745.5;-4150.180664
404552.3438;5860745.5;-4158.075684
404612.625;5860745.5;-4158.887695
404672.9375;5860745.5;-4159.861816
404733.25;5860745.5;-4160.952148
404793.5313;5860745.5;-4162.086426
404853.8438;5860745.5;-4163.286133
404914.1563;5860745.5;-4164.512207
404974.4375;5860745.5;-4165.695313
405034.75;5860745.5;-4166.87793
405095.0313;5860745.5;-4162.524902
405155.3438;5860745.5;-4164.32666
405215.6563;5860745.5;-4166.080566
405275.9375;5860745.5;-4167.78418
405336.25;5860745.5;-4169.44873
405396.5625;5860745.5;-4171.061035
405456.8438;5860745.5;-4172.628418
405517.1563;5860745.5;-4174.111328
405577.4375;5860745.5;-4175.564941
405637.75;5860745.5;-4176.998535
405698.0625;5860745.5;-4178.358398
405758.3438;5860745.5;-4179.708008
405818.6563;5860745.5;-4181.063965
405878.9688;5860745.5;-4171.161133
405939.25;5860745.5;-4171.970215
405999.5625;5860745.5;-4172.813477
406059.8438;5860745.5;-4173.700195
406120.1563;5860745.5;-4174.647949
406180.4688;5860745.5;-4175.668945
406240.75;5860745.5;-4176.769043
406301.0625;5860745.5;-4177.956055
406361.375;5860745.5;-4179.255859
406421.6563;5860745.5;-4180.682129
406481.9688;5860745.5;-4182.234863
406542.25;5860745.5;-4183.922852
406602.5625;5860745.5;-4185.795898
406662.875;5860745.5;-4187.842285
406723.1563;5860745.5;-4190.006348
406783.4688;5860745.5;-4192.322266
406843.7813;5860745.5;-4194.850098
406904.0625;5860745.5;-4197.506836
406964.375;5860745.5;-4200.280762
407024.6563;5860745.5;-4203.210449
407084.9688;5860745.5;-4206.150391
407145.2813;5860745.5;-4208.830566
407205.5625;5860745.5;-4210.982422
407265.875;5860745.5;-4212.17627
407326.1875;5860745.5;-4211.87207
407386.4688;5860745.5;-4210.234375
407446.7813;5860745.5;-4207.419922
407507.0625;5860745.5;-4204.053711
407567.375;5860745.5;-4201.506348
407627.6875;5860745.5;-4199.764648
407687.9688;5860745.5;-4198.631348
407748.2813;5860745.5;-4198.062988
407808.5938;5860745.5;-4198.027832
407868.875;5860745.5;-4198.289063
407929.1875;5860745.5;-4198.67627
407989.4688;5860745.5;-4199.105469
408049.7813;5860745.5;-4199.516602
408110.0938;5860745.5;-4199.887207
408170.375;5860745.5;-4200.219238
408230.6875;5860745.5;-4200.51709
408291;5860745.5;-4212.234863
408351.2813;5860745.5;-4212.358398
408411.5938;5860745.5;-4212.455566
408471.875;5860745.5;-4212.515625
408532.1875;5860745.5;-4212.520508
408592.5;5860745.5;-4212.484863
408652.7813;5860745.5;-4212.415039
408713.0938;5860745.5;-4212.308105
408773.4063;5860745.5;-4212.162598
408833.6875;5860745.5;-4211.989258
408894;5860745.5;-4211.791992
408954.2813;5860745.5;-4211.583496
409014.5938;5860745.5;-4211.366211
409074.9063;5860745.5;-4211.144531
409135.1875;5860745.5;-4210.927246
409195.5;5860745.5;-4210.720703
409255.8125;5860745.5;-4210.530273
409316.0938;5860745.5;-4210.356934
409376.4063;5860745.5;-4210.199707
401356.4063;5860806;-4108.328125
401416.6875;5860806;-4108.550293
401477;5860806;-4108.810059
401537.3125;5860806;-4109.114258
401597.5938;5860806;-4109.48584
401657.9063;5860806;-4109.933105
401718.2188;5860806;-4110.458496
401778.5;5860806;-4111.069336
401838.8125;5860806;-4111.790527
401899.0938;5860806;-4112.607422
401959.4063;5860806;-4113.51416
402019.7188;5860806;-4114.518066
402080;5860806;-4115.606934
402140.3125;5860806;-4116.731934
402200.625;5860806;-4117.870605
402260.9063;5860806;-4118.999512
402321.2188;5860806;-4120.0625
402381.5;5860806;-4121.044434
402441.8125;5860806;-4121.939941
402502.125;5860806;-4122.724121
402562.4063;5860806;-4123.367188
402622.7188;5860806;-4123.902832
402683.0313;5860806;-4124.354492
402743.3125;5860806;-4124.748047
402803.625;5860806;-4125.122559
402863.9063;5860806;-4125.501465
402924.2188;5860806;-4125.883789
402984.5313;5860806;-4126.265625
403044.8125;5860806;-4126.61084
403105.125;5860806;-4126.880371
403165.4375;5860806;-4127.052734
403225.7188;5860806;-4127.083008
403286.0313;5860806;-4126.982422
403346.3125;5860806;-4126.933594
403406.625;5860806;-4127.119141
403466.9375;5860806;-4127.861328
403527.2188;5860806;-4129.602539
403587.5313;5860806;-4132.185059
403647.8438;5860806;-4135.344238
403708.125;5860806;-4138.724609
403768.4375;5860806;-4141.827637
403828.7188;5860806;-4144.109375
403889.0313;5860806;-4145.437012
403949.3438;5860806;-4146.064453
404009.625;5860806;-4146.375977
404069.9375;5860806;-4146.612793
404130.25;5860806;-4146.831543
404190.5313;5860806;-4147.081543
404250.8438;5860806;-4147.365723
404311.125;5860806;-4147.692871
404371.4375;5860806;-4148.119629
404431.75;5860806;-4148.68457
404492.0313;5860806;-4149.401855
404552.3438;5860806;-4157.548828
404612.625;5860806;-4158.32373
404672.9375;5860806;-4159.300293
404733.25;5860806;-4160.422363
404793.5313;5860806;-4161.602539
404853.8438;5860806;-4162.849609
404914.1563;5860806;-4164.111328
404974.4375;5860806;-4165.321777
405034.75;5860806;-4166.527832
405095.0313;5860806;-4161.742676
405155.3438;5860806;-4163.619141
405215.6563;5860806;-4165.438965
405275.9375;5860806;-4167.196289
405336.25;5860806;-4168.891602
405396.5625;5860806;-4170.518555
405456.8438;5860806;-4172.089844
405517.1563;5860806;-4173.562012
405577.4375;5860806;-4174.999512
405637.75;5860806;-4176.411621
405698.0625;5860806;-4177.746582
405758.3438;5860806;-4179.071777
405818.6563;5860806;-4180.402832
405878.9688;5860806;-4181.681641
405939.25;5860806;-4170.938477
405999.5625;5860806;-4171.739746
406059.8438;5860806;-4172.57959
406120.1563;5860806;-4173.479004
406180.4688;5860806;-4174.452637
406240.75;5860806;-4175.5
406301.0625;5860806;-4176.629395
406361.375;5860806;-4177.869141
406421.6563;5860806;-4179.228516
406481.9688;5860806;-4180.708008
406542.25;5860806;-4182.321289
406602.5625;5860806;-4184.123047
406662.875;5860806;-4186.109375
406723.1563;5860806;-4188.216309
406783.4688;5860806;-4190.499023
406843.7813;5860806;-4193.045898
406904.0625;5860806;-4195.754883
406964.375;5860806;-4198.612305
407024.6563;5860806;-4201.664551
407084.9688;5860806;-4204.741211
407145.2813;5860806;-4207.565918
407205.5625;5860806;-4209.870117
407265.875;5860806;-4211.10498
407326.1875;5860806;-4210.779297
407386.4688;5860806;-4209.263184
407446.7813;5860806;-4206.949219
407507.0625;5860806;-4204.246094
407567.375;5860806;-4201.848633
407627.6875;5860806;-4199.968262
407687.9688;5860806;-4198.598633
407748.2813;5860806;-4197.745605
407808.5938;5860806;-4197.425293
407868.875;5860806;-4197.437012
407929.1875;5860806;-4197.614258
407989.4688;5860806;-4197.878418
408049.7813;5860806;-4198.176758
408110.0938;5860806;-4198.469727
408170.375;5860806;-4198.752441
408230.6875;5860806;-4210.768066
408291;5860806;-4210.882813
408351.2813;5860806;-4210.977539
408411.5938;5860806;-4211.050293
408471.875;5860806;-4211.088867
408532.1875;5860806;-4211.075195
408592.5;5860806;-4211.023438
408652.7813;5860806;-4210.937988
408713.0938;5860806;-4210.817383
408773.4063;5860806;-4210.661133
408833.6875;5860806;-4210.479004
408894;5860806;-4210.274414
408954.2813;5860806;-4210.05957
409014.5938;5860806;-4209.837891
409074.9063;5860806;-4209.612793
409135.1875;5860806;-4209.394043
409195.5;5860806;-4209.185059
409255.8125;5860806;-4208.994141
409316.0938;5860806;-4208.818848
409376.4063;5860806;-4208.660156
401356.4063;5860866.5;-4109.47998
401416.6875;5860866.5;-4109.70459
401477;5860866.5;-4109.965332
401537.3125;5860866.5;-4110.27002
401597.5938;5860866.5;-4110.637695
401657.9063;5860866.5;-4111.072754
401718.2188;5860866.5;-4111.576172
401778.5;5860866.5;-4112.152832
401838.8125;5860866.5;-4112.821777
401899.0938;5860866.5;-4113.568848
401959.4063;5860866.5;-4114.388184
402019.7188;5860866.5;-4115.285645
402080;5860866.5;-4116.250977
402140.3125;5860866.5;-4117.243652
402200.625;5860866.5;-4118.248535
402260.9063;5860866.5;-4119.245605
402321.2188;5860866.5;-4120.191895
402381.5;5860866.5;-4121.075195
402441.8125;5860866.5;-4121.89209
402502.125;5860866.5;-4122.621094
402562.4063;5860866.5;-4123.237305
402622.7188;5860866.5;-4123.765137
402683.0313;5860866.5;-4124.222656
402743.3125;5860866.5;-4124.625
402803.625;5860866.5;-4125.002441
402863.9063;5860866.5;-4125.372559
402924.2188;5860866.5;-4125.733887
402984.5313;5860866.5;-4126.085938
403044.8125;5860866.5;-4126.403809
403105.125;5860866.5;-4126.664551
403165.4375;5860866.5;-4126.862305
403225.7188;5860866.5;-4126.984863
403286.0313;5860866.5;-4127.073242
403346.3125;5860866.5;-4127.283691
403406.625;5860866.5;-4127.756836
403466.9375;5860866.5;-4128.73291
403527.2188;5860866.5;-4130.51123
403587.5313;5860866.5;-4132.949707
403647.8438;5860866.5;-4135.852539
403708.125;5860866.5;-4138.909668
403768.4375;5860866.5;-4141.678223
403828.7188;5860866.5;-4143.793945
403889.0313;5860866.5;-4145.103027
403949.3438;5860866.5;-4145.685547
404009.625;5860866.5;-4145.94043
404069.9375;5860866.5;-4146.125977
404130.25;5860866.5;-4146.291992
404190.5313;5860866.5;-4146.484863
404250.8438;5860866.5;-4146.693359
404311.125;5860866.5;-4146.927734
404371.4375;5860866.5;-4147.266113
404431.75;5860866.5;-4147.762695
404492.0313;5860866.5;-4156.239746
404552.3438;5860866.5;-4156.841797
404612.625;5860866.5;-4157.596191
404672.9375;5860866.5;-4158.605469
404733.25;5860866.5;-4159.805664
404793.5313;5860866.5;-4161.079102
404853.8438;5860866.5;-4162.410645
404914.1563;5860866.5;-4163.723145
404974.4375;5860866.5;-4164.954102
405034.75;5860866.5;-4159.024414
405095.0313;5860866.5;-4160.936523
405155.3438;5860866.5;-4162.881348
405215.6563;5860866.5;-4164.768066
405275.9375;5860866.5;-4166.582031
405336.25;5860866.5;-4168.311523
405396.5625;5860866.5;-4169.957031
405456.8438;5860866.5;-4171.529297
405517.1563;5860866.5;-4172.989258
405577.4375;5860866.5;-4174.405762
405637.75;5860866.5;-4175.792969
405698.0625;5860866.5;-4177.099609
405758.3438;5860866.5;-4178.395996
405818.6563;5860866.5;-4179.701172
405878.9688;5860866.5;-4180.953613
405939.25;5860866.5;-4182.223145
405999.5625;5860866.5;-4170.625977
406059.8438;5860866.5;-4171.421387
406120.1563;5860866.5;-4172.274414
406180.4688;5860866.5;-4173.203125
406240.75;5860866.5;-4174.198242
406301.0625;5860866.5;-4175.268066
406361.375;5860866.5;-4176.442383
406421.6563;5860866.5;-4177.725586
406481.9688;5860866.5;-4179.116699
406542.25;5860866.5;-4180.632813
406602.5625;5860866.5;-4182.331543
406662.875;5860866.5;-4184.21582
406723.1563;5860866.5;-4186.224121
406783.4688;5860866.5;-4188.413574
406843.7813;5860866.5;-4190.911133
406904.0625;5860866.5;-4193.602051
406964.375;5860866.5;-4196.470703
407024.6563;5860866.5;-4199.575684
407084.9688;5860866.5;-4202.736328
407145.2813;5860866.5;-4205.712891
407205.5625;5860866.5;-4208.239258
407265.875;5860866.5;-4209.550781
407326.1875;5860866.5;-4209.209961
407386.4688;5860866.5;-4207.894043
407446.7813;5860866.5;-4205.978027
407507.0625;5860866.5;-4203.700195
407567.375;5860866.5;-4201.511719
407627.6875;5860866.5;-4199.684082
407687.9688;5860866.5;-4198.26123
407748.2813;5860866.5;-4197.272461
407808.5938;5860866.5;-4196.766602
407868.875;5860866.5;-4196.590332
407929.1875;5860866.5;-4196.595215
407989.4688;5860866.5;-4196.71582
408049.7813;5860866.5;-4196.906738
408110.0938;5860866.5;-4197.124023
408170.375;5860866.5;-4209.43457
408230.6875;5860866.5;-4209.509277
408291;5860866.5;-4209.57959
408351.2813;5860866.5;-4209.637207
408411.5938;5860866.5;-4209.676758
408471.875;5860866.5;-4209.686035
408532.1875;5860866.5;-4209.646484
408592.5;5860866.5;-4209.572266
408652.7813;5860866.5;-4209.466309
408713.0938;5860866.5;-4209.327637
408773.4063;5860866.5;-4209.157227
408833.6875;5860866.5;-4208.962402
408894;5860866.5;-4208.748047
408954.2813;5860866.5;-4208.525391
409014.5938;5860866.5;-4208.297852
409074.9063;5860866.5;-4208.067871
409135.1875;5860866.5;-4207.844727
409195.5;5860866.5;-4207.633301
409255.8125;5860866.5;-4207.439453
409316.0938;5860866.5;-4207.262207
409376.4063;5860866.5;-4207.100586
401356.4063;5860927;-4110.587402
401416.6875;5860927;-4110.808105
401477;5860927;-4111.063477
401537.3125;5860927;-4111.361816
401597.5938;5860927;-4111.716797
401657.9063;5860927;-4112.133301
401718.2188;5860927;-4112.608887
401778.5;5860927;-4113.146484
401838.8125;5860927;-4113.761719
401899.0938;5860927;-4114.441895
401959.4063;5860927;-4115.180176
402019.7188;5860927;-4115.980469
402080;5860927;-4116.834961
402140.3125;5860927;-4117.711914
402200.625;5860927;-4118.598145
402260.9063;5860927;-4119.479004
402321.2188;5860927;-4120.321289
402381.5;5860927;-4121.114258
402441.8125;5860927;-4121.856445
402502.125;5860927;-4122.530762
402562.4063;5860927;-4123.114746
402622.7188;5860927;-4123.62793
402683.0313;5860927;-4124.081055
402743.3125;5860927;-4124.485352
402803.625;5860927;-4124.862793
402863.9063;5860927;-4125.226074
402924.2188;5860927;-4125.575684
402984.5313;5860927;-4125.915527
403044.8125;5860927;-4126.230957
403105.125;5860927;-4126.508301
403165.4375;5860927;-4126.756348
403225.7188;5860927;-4126.981934
403286.0313;5860927;-4127.242676
403346.3125;5860927;-4127.658203
403406.625;5860927;-4128.332031
403466.9375;5860927;-4129.432617
403527.2188;5860927;-4131.158203
403587.5313;5860927;-4133.383301
403647.8438;5860927;-4135.957031
403708.125;5860927;-4138.628418
403768.4375;5860927;-4141.02002
403828.7188;5860927;-4142.908691
403889.0313;5860927;-4144.161133
403949.3438;5860927;-4144.760254
404009.625;5860927;-4145.054199
404069.9375;5860927;-4145.26709
404130.25;5860927;-4145.4375
404190.5313;5860927;-4145.61377
404250.8438;5860927;-4145.772461
404311.125;5860927;-4145.926758
404371.4375;5860927;-4146.180664
404431.75;5860927;-4146.608887
404492.0313;5860927;-4155.422363
404552.3438;5860927;-4155.984863
404612.625;5860927;-4156.744141
404672.9375;5860927;-4157.835449
404733.25;5860927;-4159.186035
404793.5313;5860927;-4160.626465
404853.8438;5860927;-4162.099609
404914.1563;5860927;-4163.474121
404974.4375;5860927;-4164.70459
405034.75;5860927;-4158.226563
405095.0313;5860927;-4160.169434
405155.3438;5860927;-4162.164063
405215.6563;5860927;-4164.109375
405275.9375;5860927;-4165.978516
405336.25;5860927;-4167.73877
405396.5625;5860927;-4169.399414
405456.8438;5860927;-4170.972168
405517.1563;5860927;-4172.413574
405577.4375;5860927;-4173.803223
405637.75;5860927;-4175.159668
405698.0625;5860927;-4176.432129
405758.3438;5860927;-4177.695313
405818.6563;5860927;-4178.97168
405878.9688;5860927;-4180.198242
405939.25;5860927;-4181.445801
405999.5625;5860927;-4182.737305
406059.8438;5860927;-4170.233887
406120.1563;5860927;-4171.044922
406180.4688;5860927;-4171.930664
406240.75;5860927;-4172.873535
406301.0625;5860927;-4173.881836
406361.375;5860927;-4174.98291
406421.6563;5860927;-4176.176758
406481.9688;5860927;-4177.459473
406542.25;5860927;-4178.850098
406602.5625;5860927;-4180.409668
406662.875;5860927;-4182.149902
406723.1563;5860927;-4184.007813
406783.4688;5860927;-4186.056641
406843.7813;5860927;-4188.434082
406904.0625;5860927;-4191.033203
406964.375;5860927;-4193.838867
407024.6563;5860927;-4196.916016
407084.9688;5860927;-4200.061523
407145.2813;5860927;-4203.038086
407205.5625;5860927;-4205.593262
407265.875;5860927;-4206.981934
407326.1875;5860927;-4206.82959
407386.4688;5860927;-4205.837891
407446.7813;5860927;-4204.325684
407507.0625;5860927;-4202.457031
407567.375;5860927;-4200.563965
407627.6875;5860927;-4198.907715
407687.9688;5860927;-4197.552734
407748.2813;5860927;-4196.541992
407808.5938;5860927;-4195.943359
407868.875;5860927;-4195.648438
407929.1875;5860927;-4195.532227
407989.4688;5860927;-4195.542969
408049.7813;5860927;-4195.648438
408110.0938;5860927;-4208.279297
408170.375;5860927;-4208.272461
408230.6875;5860927;-4208.287598
408291;5860927;-4208.308594
408351.2813;5860927;-4208.322266
408411.5938;5860927;-4208.322754
408471.875;5860927;-4208.295898
408532.1875;5860927;-4208.226074
408592.5;5860927;-4208.124512
408652.7813;5860927;-4207.994141
408713.0938;5860927;-4207.833496
408773.4063;5860927;-4207.645508
408833.6875;5860927;-4207.437012
408894;5860927;-4207.210938
408954.2813;5860927;-4206.978516
409014.5938;5860927;-4206.743164
409074.9063;5860927;-4206.507813
409135.1875;5860927;-4206.280273
409195.5;5860927;-4206.063965
409255.8125;5860927;-4205.867676
409316.0938;5860927;-4205.686523
409376.4063;5860927;-4205.521973
401356.4063;5860988;-4111.650879
401416.6875;5860988;-4111.861816
401477;5860988;-4112.107422
401537.3125;5860988;-4112.393066
401597.5938;5860988;-4112.730469
401657.9063;5860988;-4113.12207
401718.2188;5860988;-4113.565918
401778.5;5860988;-4114.062988
401838.8125;5860988;-4114.625
401899.0938;5860988;-4115.239258
401959.4063;5860988;-4115.900879
402019.7188;5860988;-4116.613281
402080;5860988;-4117.369141
402140.3125;5860988;-4118.141113
402200.625;5860988;-4118.921875
402260.9063;5860988;-4119.69873
402321.2188;5860988;-4120.446777
402381.5;5860988;-4121.157227
402441.8125;5860988;-4121.82959
402502.125;5860988;-4122.449219
402562.4063;5860988;-4122.998535
402622.7188;5860988;-4123.491699
402683.0313;5860988;-4123.936523
402743.3125;5860988;-4124.337402
402803.625;5860988;-4124.712891
402863.9063;5860988;-4125.073242
402924.2188;5860988;-4125.418945
402984.5313;5860988;-4125.757324
403044.8125;5860988;-4126.084473
403105.125;5860988;-4126.391113
403165.4375;5860988;-4126.694824
403225.7188;5860988;-4127.015625
403286.0313;5860988;-4127.414063
403346.3125;5860988;-4127.976563
403406.625;5860988;-4128.772949
403466.9375;5860988;-4129.915039
403527.2188;5860988;-4131.530273
403587.5313;5860988;-4133.512695
403647.8438;5860988;-4135.736328
403708.125;5860988;-4138.010742
403768.4375;5860988;-4140.040527
403828.7188;5860988;-4141.684082
403889.0313;5860988;-4142.841797
403949.3438;5860988;-4143.474609
404009.625;5860988;-4143.831055
404069.9375;5860988;-4144.083008
404130.25;5860988;-4144.265625
404190.5313;5860988;-4144.433105
404250.8438;5860988;-4144.555176
404311.125;5860988;-4144.63916
404371.4375;5860988;-4144.812012
404431.75;5860988;-4145.174316
404492.0313;5860988;-4154.533203
404552.3438;5860988;-4155.080566
404612.625;5860988;-4155.872559
404672.9375;5860988;-4157.100098
404733.25;5860988;-4158.687988
404793.5313;5860988;-4160.381836
404853.8438;5860988;-4162.0625
404914.1563;5860988;-4163.498047
404974.4375;5860988;-4155.550293
405034.75;5860988;-4157.538086
405095.0313;5860988;-4159.510254
405155.3438;5860988;-4161.539551
405215.6563;5860988;-4163.535156
405275.9375;5860988;-4165.458496
405336.25;5860988;-4167.23584
405396.5625;5860988;-4168.902832
405456.8438;5860988;-4170.467285
405517.1563;5860988;-4171.877441
405577.4375;5860988;-4173.228027
405637.75;5860988;-4174.54248
405698.0625;5860988;-4175.771973
405758.3438;5860988;-4176.996094
405818.6563;5860988;-4178.236328
405878.9688;5860988;-4179.435059
405939.25;5860988;-4180.662109
405999.5625;5860988;-4181.938477
406059.8438;5860988;-4183.211914
406120.1563;5860988;-4169.787109
406180.4688;5860988;-4170.630371
406240.75;5860988;-4171.516113
406301.0625;5860988;-4172.45166
406361.375;5860988;-4173.46582
406421.6563;5860988;-4174.547852
406481.9688;5860988;-4175.691895
406542.25;5860988;-4176.92041
406602.5625;5860988;-4178.297852
406662.875;5860988;-4179.847656
406723.1563;5860988;-4181.502441
406783.4688;5860988;-4183.356934
406843.7813;5860988;-4185.577148
406904.0625;5860988;-4188.018555
406964.375;5860988;-4190.694824
407024.6563;5860988;-4193.686035
407084.9688;5860988;-4196.735352
407145.2813;5860988;-4199.574707
407205.5625;5860988;-4201.969238
407265.875;5860988;-4203.434082
407326.1875;5860988;-4203.67334
407386.4688;5860988;-4203.130859
407446.7813;5860988;-4202.064941
407507.0625;5860988;-4200.634766
407567.375;5860988;-4199.09375
407627.6875;5860988;-4197.680664
407687.9688;5860988;-4196.477539
407748.2813;5860988;-4195.530273
407808.5938;5860988;-4194.915039
407868.875;5860988;-4194.564941
407929.1875;5860988;-4194.377441
407989.4688;5860988;-4194.31543
408049.7813;5860988;-4207.344238
408110.0938;5860988;-4207.223633
408170.375;5860988;-4207.146973
408230.6875;5860988;-4207.100098
408291;5860988;-4207.068359
408351.2813;5860988;-4207.033691
408411.5938;5860988;-4206.987793
408471.875;5860988;-4206.919922
408532.1875;5860988;-4206.813965
408592.5;5860988;-4206.680664
408652.7813;5860988;-4206.522949
408713.0938;5860988;-4206.337402
408773.4063;5860988;-4206.129883
408833.6875;5860988;-4205.905273
408894;5860988;-4205.665039
408954.2813;5860988;-4205.422363
409014.5938;5860988;-4205.178223
409074.9063;5860988;-4204.936035
409135.1875;5860988;-4204.702148
409195.5;5860988;-4204.481445
409255.8125;5860988;-4204.280762
409316.0938;5860988;-4204.096191
409376.4063;5860988;-4203.927734
401356.4063;5861048.5;-4112.669922
401416.6875;5861048.5;-4112.867188
401477;5861048.5;-4113.098145
401537.3125;5861048.5;-4113.366699
401597.5938;5861048.5;-4113.681641
401657.9063;5861048.5;-4114.04541
401718.2188;5861048.5;-4114.454102
401778.5;5861048.5;-4114.908691
401838.8125;5861048.5;-4115.416504
401899.0938;5861048.5;-4115.96875
401959.4063;5861048.5;-4116.560059
402019.7188;5861048.5;-4117.191406
402080;5861048.5;-4117.858398
402140.3125;5861048.5;-4118.538086
402200.625;5861048.5;-4119.224609
402260.9063;5861048.5;-4119.90918
402321.2188;5861048.5;-4120.571777
402381.5;5861048.5;-4121.207031
402441.8125;5861048.5;-4121.813477
402502.125;5861048.5;-4122.379883
402562.4063;5861048.5;-4122.891602
402622.7188;5861048.5;-4123.361328
402683.0313;5861048.5;-4123.791504
402743.3125;5861048.5;-4124.185059
402803.625;5861048.5;-4124.557129
402863.9063;5861048.5;-4124.915039
402924.2188;5861048.5;-4125.260742
402984.5313;5861048.5;-4125.604492
403044.8125;5861048.5;-4125.94873
403105.125;5861048.5;-4126.288574
403165.4375;5861048.5;-4126.643066
403225.7188;5861048.5;-4127.038574
403286.0313;5861048.5;-4127.530273
403346.3125;5861048.5;-4128.177734
403406.625;5861048.5;-4129.026367
403466.9375;5861048.5;-4130.144043
403527.2188;5861048.5;-4131.615234
403587.5313;5861048.5;-4133.34668
403647.8438;5861048.5;-4135.237305
403708.125;5861048.5;-4137.142578
403768.4375;5861048.5;-4138.845703
403828.7188;5861048.5;-4140.259277
403889.0313;5861048.5;-4141.3125
403949.3438;5861048.5;-4141.958496
404009.625;5861048.5;-4142.355957
404069.9375;5861048.5;-4142.634766
404130.25;5861048.5;-4142.821777
404190.5313;5861048.5;-4142.975098
404250.8438;5861048.5;-4143.064941
404311.125;5861048.5;-4143.103027
404371.4375;5861048.5;-4143.232422
404431.75;5861048.5;-4153.15918
404492.0313;5861048.5;-4153.476074
404552.3438;5861048.5;-4154.021484
404612.625;5861048.5;-4154.85791
404672.9375;5861048.5;-4156.242676
404733.25;5861048.5;-4158.169922
404793.5313;5861048.5;-4160.250488
404853.8438;5861048.5;-4162.225098
404914.1563;5861048.5;-4160.583008
404974.4375;5861048.5;-4155.003906
405034.75;5861048.5;-4157.005371
405095.0313;5861048.5;-4158.981445
405155.3438;5861048.5;-4161.016113
405215.6563;5861048.5;-4163.029785
405275.9375;5861048.5;-4164.977051
405336.25;5861048.5;-4166.74707
405396.5625;5861048.5;-4168.401367
405456.8438;5861048.5;-4169.945801
405517.1563;5861048.5;-4171.314453
405577.4375;5861048.5;-4172.618652
405637.75;5861048.5;-4173.885254
405698.0625;5861048.5;-4175.069824
405758.3438;5861048.5;-4176.252441
405818.6563;5861048.5;-4177.458496
405878.9688;5861048.5;-4178.633301
405939.25;5861048.5;-4179.847168
405999.5625;5861048.5;-4181.116699
406059.8438;5861048.5;-4182.396484
406120.1563;5861048.5;-4183.724609
406180.4688;5861048.5;-4169.337402
406240.75;5861048.5;-4170.175293
406301.0625;5861048.5;-4171.04541
406361.375;5861048.5;-4171.974609
406421.6563;5861048.5;-4172.939941
406481.9688;5861048.5;-4173.93457
406542.25;5861048.5;-4174.98291
406602.5625;5861048.5;-4176.151855
406662.875;5861048.5;-4177.477051
406723.1563;5861048.5;-4178.887207
406783.4688;5861048.5;-4180.499023
406843.7813;5861048.5;-4182.510254
406904.0625;5861048.5;-4184.756836
406964.375;5861048.5;-4187.247559
407024.6563;5861048.5;-4190.081543
407084.9688;5861048.5;-4192.984375
407145.2813;5861048.5;-4195.677246
407205.5625;5861048.5;-4197.957031
407265.875;5861048.5;-4199.508301
407326.1875;5861048.5;-4200.096191
407386.4688;5861048.5;-4199.972656
407446.7813;5861048.5;-4199.351074
407507.0625;5861048.5;-4198.365723
407567.375;5861048.5;-4197.199219
407627.6875;5861048.5;-4196.074707
407687.9688;5861048.5;-4195.079102
407748.2813;5861048.5;-4194.257324
407808.5938;5861048.5;-4193.687988
407868.875;5861048.5;-4193.335449
407929.1875;5861048.5;-4193.120605
407989.4688;5861048.5;-4206.587402
408049.7813;5861048.5;-4206.327148
408110.0938;5861048.5;-4206.140137
408170.375;5861048.5;-4206.001465
408230.6875;5861048.5;-4205.897461
408291;5861048.5;-4205.812988
408351.2813;5861048.5;-4205.729004
408411.5938;5861048.5;-4205.637207
408471.875;5861048.5;-4205.526367
408532.1875;5861048.5;-4205.383789
408592.5;5861048.5;-4205.218262
408652.7813;5861048.5;-4205.032227
408713.0938;5861048.5;-4204.822266
408773.4063;5861048.5;-4204.594727
408833.6875;5861048.5;-4204.353516
408894;5861048.5;-4204.101074
408954.2813;5861048.5;-4203.846191
409014.5938;5861048.5;-4203.59375
409074.9063;5861048.5;-4203.345215
409135.1875;5861048.5;-4203.105957
409195.5;5861048.5;-4202.880371
409255.8125;5861048.5;-4202.675781
409316.0938;5861048.5;-4202.487305
409376.4063;5861048.5;-4202.313965
401356.4063;5861109;-4113.640625
401416.6875;5861109;-4113.820313
401477;5861109;-4114.031738
401537.3125;5861109;-4114.27832
401597.5938;5861109;-4114.568848
401657.9063;5861109;-4114.901855
401718.2188;5861109;-4115.273926
401778.5;5861109;-4115.685059
401838.8125;5861109;-4116.14209
401899.0938;5861109;-4116.635254
401959.4063;5861109;-4117.160645
402019.7188;5861109;-4117.71875
402080;5861109;-4118.305664
402140.3125;5861109;-4118.904297
402200.625;5861109;-4119.507813
402260.9063;5861109;-4120.11084
402321.2188;5861109;-4120.697266
402381.5;5861109;-4121.263184
402441.8125;5861109;-4121.808105
402502.125;5861109;-4122.322754
402562.4063;5861109;-4122.796875
402622.7188;5861109;-4123.238281
402683.0313;5861109;-4123.649414
402743.3125;5861109;-4124.032227
402803.625;5861109;-4124.397461
402863.9063;5861109;-4124.75293
402924.2188;5861109;-4125.099609
402984.5313;5861109;-4125.449707
403044.8125;5861109;-4125.810547
403105.125;5861109;-4126.176758
403165.4375;5861109;-4126.568848
403225.7188;5861109;-4127.012207
403286.0313;5861109;-4127.551758
403346.3125;5861109;-4128.230957
403406.625;5861109;-4129.075684
403466.9375;5861109;-4130.125
403527.2188;5861109;-4131.436523
403587.5313;5861109;-4132.936035
403647.8438;5861109;-4134.537598
403708.125;5861109;-4136.133789
403768.4375;5861109;-4137.566895
403828.7188;5861109;-4138.78125
403889.0313;5861109;-4139.722168
403949.3438;5861109;-4140.342773
404009.625;5861109;-4140.745117
404069.9375;5861109;-4141.026855
404130.25;5861109;-4141.203125
404190.5313;5861109;-4141.336914
404250.8438;5861109;-4141.399902
404311.125;5861109;-4141.419434
404371.4375;5861109;-4141.542969
404431.75;5861109;-4151.973145
404492.0313;5861109;-4152.297363
404552.3438;5861109;-4152.841797
404612.625;5861109;-4153.67334
404672.9375;5861109;-4155.126465
404733.25;5861109;-4157.477051
404793.5313;5861109;-4160.152344
404853.8438;5861109;-4162.489746
404914.1563;5861109;-4152.367188
404974.4375;5861109;-4154.55127
405034.75;5861109;-4156.587402
405095.0313;5861109;-4158.59668
405155.3438;5861109;-4160.646973
405215.6563;5861109;-4162.659668
405275.9375;5861109;-4164.600098
405336.25;5861109;-4166.32666
405396.5625;5861109;-4167.93457
405456.8438;5861109;-4169.430664
405517.1563;5861109;-4170.736816
405577.4375;5861109;-4171.97998
405637.75;5861109;-4173.191406
405698.0625;5861109;-4174.325195
405758.3438;5861109;-4175.46582
405818.6563;5861109;-4176.637207
405878.9688;5861109;-4177.794434
405939.25;5861109;-4179.00293
405999.5625;5861109;-4180.27832
406059.8438;5861109;-4181.57666
406120.1563;5861109;-4182.933105
406180.4688;5861109;-4173.253906
406240.75;5861109;-4168.858887
406301.0625;5861109;-4169.669922
406361.375;5861109;-4170.515137
406421.6563;5861109;-4171.359375
406481.9688;5861109;-4172.193848
406542.25;5861109;-4173.044922
406602.5625;5861109;-4173.981445
406662.875;5861109;-4175.052734
406723.1563;5861109;-4176.184082
406783.4688;5861109;-4177.516113
406843.7813;5861109;-4179.279785
406904.0625;5861109;-4181.305176
406964.375;5861109;-4183.609375
407024.6563;5861109;-4186.297852
407084.9688;5861109;-4189.043457
407145.2813;5861109;-4191.630859
407205.5625;5861109;-4193.870605
407265.875;5861109;-4195.516602
407326.1875;5861109;-4196.375
407386.4688;5861109;-4196.606934
407446.7813;5861109;-4196.382813
407507.0625;5861109;-4195.80127
407567.375;5861109;-4194.992676
407627.6875;5861109;-4194.160156
407687.9688;5861109;-4193.394531
407748.2813;5861109;-4192.732422
407808.5938;5861109;-4192.25
407868.875;5861109;-4191.9375
407929.1875;5861109;-4205.95752
407989.4688;5861109;-4205.55127
408049.7813;5861109;-4205.242188
408110.0938;5861109;-4205.003906
408170.375;5861109;-4204.812988
408230.6875;5861109;-4204.657227
408291;5861109;-4204.522461
408351.2813;5861109;-4204.390137
408411.5938;5861109;-4204.253418
408471.875;5861109;-4204.102051
408532.1875;5861109;-4203.92334
408592.5;5861109;-4203.727539
408652.7813;5861109;-4203.513672
408713.0938;5861109;-4203.28125
408773.4063;5861109;-4203.034668
408833.6875;5861109;-4202.77832
408894;5861109;-4202.512695
408954.2813;5861109;-4202.249023
409014.5938;5861109;-4201.98877
409074.9063;5861109;-4201.734375
409135.1875;5861109;-4201.489258
409195.5;5861109;-4201.258789
409255.8125;5861109;-4201.050781
409316.0938;5861109;-4200.858398
409376.4063;5861109;-4200.680664
401356.4063;5861169.5;-4114.567383
401416.6875;5861169.5;-4114.728027
401477;5861169.5;-4114.918457
401537.3125;5861169.5;-4115.14209
401597.5938;5861169.5;-4115.404297
401657.9063;5861169.5;-4115.70459
401718.2188;5861169.5;-4116.040527
401778.5;5861169.5;-4116.408203
401838.8125;5861169.5;-4116.81543
401899.0938;5861169.5;-4117.252441
401959.4063;5861169.5;-4117.71582
402019.7188;5861169.5;-4118.207031
402080;5861169.5;-4118.721191
402140.3125;5861169.5;-4119.245117
402200.625;5861169.5;-4119.772461
402260.9063;5861169.5;-4120.30127
402321.2188;5861169.5;-4120.818359
402381.5;5861169.5;-4121.319336
402441.8125;5861169.5;-4121.805664
402502.125;5861169.5;-4122.270996
402562.4063;5861169.5;-4122.705566
402622.7188;5861169.5;-4123.117188
402683.0313;5861169.5;-4123.507324
402743.3125;5861169.5;-4123.875977
402803.625;5861169.5;-4124.232422
402863.9063;5861169.5;-4124.583496
402924.2188;5861169.5;-4124.930176
402984.5313;5861169.5;-4125.286133
403044.8125;5861169.5;-4125.659668
403105.125;5861169.5;-4126.045898
403165.4375;5861169.5;-4126.463379
403225.7188;5861169.5;-4126.935547
403286.0313;5861169.5;-4127.497559
403346.3125;5861169.5;-4128.178223
403406.625;5861169.5;-4128.991699
403466.9375;5861169.5;-4129.959473
403527.2188;5861169.5;-4131.120117
403587.5313;5861169.5;-4132.413574
403647.8438;5861169.5;-4133.77002
403708.125;5861169.5;-4135.112793
403768.4375;5861169.5;-4136.326172
403828.7188;5861169.5;-4137.375
403889.0313;5861169.5;-4138.21582
403949.3438;5861169.5;-4138.801758
404009.625;5861169.5;-4139.206543
404069.9375;5861169.5;-4139.499023
404130.25;5861169.5;-4139.685059
404190.5313;5861169.5;-4139.825684
404250.8438;5861169.5;-4139.901367
404311.125;5861169.5;-4139.939453
404371.4375;5861169.5;-4150.507813
404431.75;5861169.5;-4150.635254
404492.0313;5861169.5;-4150.994629
404552.3438;5861169.5;-4151.523926
404612.625;5861169.5;-4152.258301
404672.9375;5861169.5;-4153.638184
404733.25;5861169.5;-4156.435059
404793.5313;5861169.5;-4159.906738
404853.8438;5861169.5;-4149.404785
404914.1563;5861169.5;-4151.639648
404974.4375;5861169.5;-4153.9375
405034.75;5861169.5;-4156.143066
405095.0313;5861169.5;-4158.30957
405155.3438;5861169.5;-4160.457031
405215.6563;5861169.5;-4162.491699
405275.9375;5861169.5;-4164.410645
405336.25;5861169.5;-4166.06543
405396.5625;5861169.5;-4167.592285
405456.8438;5861169.5;-4169.006348
405517.1563;5861169.5;-4170.220215
405577.4375;5861169.5;-4171.380371
405637.75;5861169.5;-4172.519043
405698.0625;5861169.5;-4173.592285
405758.3438;5861169.5;-4174.682129
405818.6563;5861169.5;-4175.816406
405878.9688;5861169.5;-4176.95459
405939.25;5861169.5;-4178.164551
405999.5625;5861169.5;-4179.453125
406059.8438;5861169.5;-4180.781738
406120.1563;5861169.5;-4182.179688
406180.4688;5861169.5;-4183.646973
406240.75;5861169.5;-4167.530273
406301.0625;5861169.5;-4168.276367
406361.375;5861169.5;-4169.027344
406421.6563;5861169.5;-4169.733887
406481.9688;5861169.5;-4170.38623
406542.25;5861169.5;-4171.016113
406602.5625;5861169.5;-4171.695313
406662.875;5861169.5;-4172.496582
406723.1563;5861169.5;-4173.333008
406783.4688;5861169.5;-4174.37207
406843.7813;5861169.5;-4175.890625
406904.0625;5861169.5;-4177.700195
406964.375;5861169.5;-4179.845703
407024.6563;5861169.5;-4182.447266
407084.9688;5861169.5;-4185.121582
407145.2813;5861169.5;-4187.63623
407205.5625;5861169.5;-4189.867676
407265.875;5861169.5;-4191.61377
407326.1875;5861169.5;-4192.698242
407386.4688;5861169.5;-4193.222168
407446.7813;5861169.5;-4193.33252
407507.0625;5861169.5;-4193.099121
407567.375;5861169.5;-4192.61084
407627.6875;5861169.5;-4192.050293
407687.9688;5861169.5;-4191.508789
407748.2813;5861169.5;-4191.013672
407808.5938;5861169.5;-4190.63623
407868.875;5861169.5;-4205.407227
407929.1875;5861169.5;-4204.88916
407989.4688;5861169.5;-4204.45752
408049.7813;5861169.5;-4204.112305
408110.0938;5861169.5;-4203.831055
408170.375;5861169.5;-4203.594727
408230.6875;5861169.5;-4203.391602
408291;5861169.5;-4203.209473
408351.2813;5861169.5;-4203.031738
408411.5938;5861169.5;-4202.851563
408471.875;5861169.5;-4202.660156
408532.1875;5861169.5;-4202.446777
408592.5;5861169.5;-4202.220703
408652.7813;5861169.5;-4201.980957
408713.0938;5861169.5;-4201.726074
408773.4063;5861169.5;-4201.460938
408833.6875;5861169.5;-4201.19043
408894;5861169.5;-4200.914551
408954.2813;5861169.5;-4200.640625
409014.5938;5861169.5;-4200.373047
409074.9063;5861169.5;-4200.114258
409135.1875;5861169.5;-4199.864258
409195.5;5861169.5;-4199.630371
409255.8125;5861169.5;-4199.418457
409316.0938;5861169.5;-4199.222656
409376.4063;5861169.5;-4199.040527
401356.4063;5861230;-4115.459473
401416.6875;5861230;-4115.599121
401477;5861230;-4115.767578
401537.3125;5861230;-4115.966797
401597.5938;5861230;-4116.201172
401657.9063;5861230;-4116.46875
401718.2188;5861230;-4116.76709
401778.5;5861230;-4117.093262
401838.8125;5861230;-4117.45166
401899.0938;5861230;-4117.835938
401959.4063;5861230;-4118.240723
402019.7188;5861230;-4118.668945
402080;5861230;-4119.115234
402140.3125;5861230;-4119.570313
402200.625;5861230;-4120.027832
402260.9063;5861230;-4120.487793
402321.2188;5861230;-4120.938965
402381.5;5861230;-4121.379883
402441.8125;5861230;-4121.810547
402502.125;5861230;-4122.225586
402562.4063;5861230;-4122.621094
402622.7188;5861230;-4123.001465
402683.0313;5861230;-4123.366699
402743.3125;5861230;-4123.717773
402803.625;5861230;-4124.063477
402863.9063;5861230;-4124.406738
402924.2188;5861230;-4124.749512
402984.5313;5861230;-4125.106934
403044.8125;5861230;-4125.486816
403105.125;5861230;-4125.884277
403165.4375;5861230;-4126.314941
403225.7188;5861230;-4126.799805
403286.0313;5861230;-4127.364258
403346.3125;5861230;-4128.027344
403406.625;5861230;-4128.794922
403466.9375;5861230;-4129.67334
403527.2188;5861230;-4130.690918
403587.5313;5861230;-4131.798828
403647.8438;5861230;-4132.941895
403708.125;5861230;-4134.066406
403768.4375;5861230;-4135.089355
403828.7188;5861230;-4135.990234
403889.0313;5861230;-4136.731445
403949.3438;5861230;-4137.271973
404009.625;5861230;-4137.669922
404069.9375;5861230;-4137.969727
404130.25;5861230;-4138.169922
404190.5313;5861230;-4138.334473
404250.8438;5861230;-4138.45166
404311.125;5861230;-4149.148438
404371.4375;5861230;-4149.265625
404431.75;5861230;-4149.470215
404492.0313;5861230;-4149.886719
404552.3438;5861230;-4150.446289
404612.625;5861230;-4151.204102
404672.9375;5861230;-4152.693359
404733.25;5861230;-4155.845703
404793.5313;5861230;-4159.733887
404853.8438;5861230;-4148.458984
404914.1563;5861230;-4150.128418
404974.4375;5861230;-4152.646973
405034.75;5861230;-4155.310059
405095.0313;5861230;-4157.850586
405155.3438;5861230;-4160.219727
405215.6563;5861230;-4162.330566
405275.9375;5861230;-4164.246094
405336.25;5861230;-4165.827637
405396.5625;5861230;-4167.255859
405456.8438;5861230;-4168.563477
405517.1563;5861230;-4169.665527
405577.4375;5861230;-4170.72998
405637.75;5861230;-4171.791992
405698.0625;5861230;-4172.802734
405758.3438;5861230;-4173.842773
405818.6563;5861230;-4174.941406
405878.9688;5861230;-4176.068359
405939.25;5861230;-4177.286621
405999.5625;5861230;-4178.597168
406059.8438;5861230;-4179.967773
406120.1563;5861230;-4181.418457
406180.4688;5861230;-4182.933594
406240.75;5861230;-4184.487793
406301.0625;5861230;-4166.887695
406361.375;5861230;-4167.546387
406421.6563;5861230;-4168.117188
406481.9688;5861230;-4168.586914
406542.25;5861230;-4168.989258
406602.5625;5861230;-4169.403809
406662.875;5861230;-4169.931641
406723.1563;5861230;-4170.477539
406783.4688;5861230;-4171.236816
406843.7813;5861230;-4172.527344
406904.0625;5861230;-4174.128906
406964.375;5861230;-4176.143066
407024.6563;5861230;-4178.713867
407084.9688;5861230;-4181.358398
407145.2813;5861230;-4183.852539
407205.5625;5861230;-4186.092285
407265.875;5861230;-4187.905273
407326.1875;5861230;-4189.157227
407386.4688;5861230;-4189.916016
407446.7813;5861230;-4190.299316
407507.0625;5861230;-4190.359375
407567.375;5861230;-4190.147949
407627.6875;5861230;-4189.831543
407687.9688;5861230;-4189.49707
407748.2813;5861230;-4189.163574
407808.5938;5861230;-4188.897461
407868.875;5861230;-4204.22998
407929.1875;5861230;-4203.715332
407989.4688;5861230;-4203.270508
408049.7813;5861230;-4202.898926
408110.0938;5861230;-4202.584473
408170.375;5861230;-4202.309082
408230.6875;5861230;-4202.064941
408291;5861230;-4201.840332
408351.2813;5861230;-4201.62207
408411.5938;5861230;-4201.40332
408471.875;5861230;-4201.17627
408532.1875;5861230;-4200.932617
408592.5;5861230;-4200.679688
408652.7813;5861230;-4200.416504
408713.0938;5861230;-4200.141602
408773.4063;5861230;-4199.86084
408833.6875;5861230;-4199.578125
408894;5861230;-4199.292969
408954.2813;5861230;-4199.01123
409014.5938;5861230;-4198.737793
409074.9063;5861230;-4198.474121
409135.1875;5861230;-4198.22168
409195.5;5861230;-4197.983398
409255.8125;5861230;-4197.77002
409316.0938;5861230;-4197.569824
409376.4063;5861230;-4197.384277
401356.4063;5861291;-4116.311523
401416.6875;5861291;-4116.430176
401477;5861291;-4116.575684
401537.3125;5861291;-4116.75
401597.5938;5861291;-4116.956055
401657.9063;5861291;-4117.190918
401718.2188;5861291;-4117.452148
401778.5;5861291;-4117.736816
401838.8125;5861291;-4118.049316
401899.0938;5861291;-4118.382813
401959.4063;5861291;-4118.733398
402019.7188;5861291;-4119.102539
402080;5861291;-4119.487305
402140.3125;5861291;-4119.87793
402200.625;5861291;-4120.271973
402260.9063;5861291;-4120.666992
402321.2188;5861291;-4121.058105
402381.5;5861291;-4121.441406
402441.8125;5861291;-4121.818359
402502.125;5861291;-4122.186035
402562.4063;5861291;-4122.541016
402622.7188;5861291;-4122.887695
402683.0313;5861291;-4123.225586
402743.3125;5861291;-4123.555664
402803.625;5861291;-4123.885742
402863.9063;5861291;-4124.217285
402924.2188;5861291;-4124.551758
402984.5313;5861291;-4124.905273
403044.8125;5861291;-4125.28418
403105.125;5861291;-4125.682129
403165.4375;5861291;-4126.11377
403225.7188;5861291;-4126.597168
403286.0313;5861291;-4127.147949
403346.3125;5861291;-4127.777832
403406.625;5861291;-4128.488281
403466.9375;5861291;-4129.275879
403527.2188;5861291;-4130.161621
403587.5313;5861291;-4131.107422
403647.8438;5861291;-4132.067871
403708.125;5861291;-4133.007813
403768.4375;5861291;-4133.868652
403828.7188;5861291;-4134.636719
403889.0313;5861291;-4135.285645
403949.3438;5861291;-4135.77832
404009.625;5861291;-4136.164551
404069.9375;5861291;-4136.471191
404130.25;5861291;-4136.693848
404190.5313;5861291;-4147.12207
404250.8438;5861291;-4147.716797
404311.125;5861291;-4147.933594
404371.4375;5861291;-4148.174805
404431.75;5861291;-4148.503418
404492.0313;5861291;-4149.020996
404552.3438;5861291;-4149.69873
404612.625;5861291;-4150.641602
404672.9375;5861291;-4152.33252
404733.25;5861291;-4155.233887
404793.5313;5861291;-4143.565918
404853.8438;5861291;-4146.173828
404914.1563;5861291;-4147.847656
404974.4375;5861291;-4150.881836
405034.75;5861291;-4154.179199
405095.0313;5861291;-4157.236816
405155.3438;5861291;-4159.888672
405215.6563;5861291;-4162.115234
405275.9375;5861291;-4164.054688
405336.25;5861291;-4165.578125
405396.5625;5861291;-4166.902832
405456.8438;5861291;-4168.080566
405517.1563;5861291;-4169.049316
405577.4375;5861291;-4170.003418
405637.75;5861291;-4170.986328
405698.0625;5861291;-4171.936523
405758.3438;5861291;-4172.929688
405818.6563;5861291;-4173.99707
405878.9688;5861291;-4175.115723
405939.25;5861291;-4176.349121
405999.5625;5861291;-4177.690918
406059.8438;5861291;-4179.112305
406120.1563;5861291;-4180.623535
406180.4688;5861291;-4182.193359
406240.75;5861291;-4183.795898
406301.0625;5861291;-4185.391602
406361.375;5861291;-4166.050781
406421.6563;5861291;-4166.490723
406481.9688;5861291;-4166.783203
406542.25;5861291;-4166.957031
406602.5625;5861291;-4167.097168
406662.875;5861291;-4167.350586
406723.1563;5861291;-4167.62793
406783.4688;5861291;-4168.156738
406843.7813;5861291;-4169.279297
406904.0625;5861291;-4170.708496
406964.375;5861291;-4172.631836
407024.6563;5861291;-4175.219238
407084.9688;5861291;-4177.86084
407145.2813;5861291;-4180.337402
407205.5625;5861291;-4182.576172
407265.875;5861291;-4184.440918
407326.1875;5861291;-4185.815918
407386.4688;5861291;-4186.736816
407446.7813;5861291;-4187.32373
407507.0625;5861291;-4187.614746
407567.375;5861291;-4187.631836
407627.6875;5861291;-4187.525879
407687.9688;5861291;-4187.375977
407748.2813;5861291;-4187.191895
407808.5938;5861291;-4203.481934
407868.875;5861291;-4202.925293
407929.1875;5861291;-4202.422363
407989.4688;5861291;-4201.973633
408049.7813;5861291;-4201.585938
408110.0938;5861291;-4201.24707
408170.375;5861291;-4200.941895
408230.6875;5861291;-4200.664063
408291;5861291;-4200.404297
408351.2813;5861291;-4200.151855
408411.5938;5861291;-4199.899902
408471.875;5861291;-4199.642578
408532.1875;5861291;-4199.373047
408592.5;5861291;-4199.097656
408652.7813;5861291;-4198.81543
408713.0938;5861291;-4198.524414
408773.4063;5861291;-4198.230957
408833.6875;5861291;-4197.938965
408894;5861291;-4197.646484
408954.2813;5861291;-4197.359375
409014.5938;5861291;-4197.081543
409074.9063;5861291;-4196.81543
409135.1875;5861291;-4196.560059
409195.5;5861291;-4196.320313
409255.8125;5861291;-4196.104004
409316.0938;5861291;-4195.901855
409376.4063;5861291;-4195.712402
401356.4063;5861351.5;-4117.111816
401416.6875;5861351.5;-4117.207031
401477;5861351.5;-4117.328613
401537.3125;5861351.5;-4117.476563
401597.5938;5861351.5;-4117.653809
401657.9063;5861351.5;-4117.855957
401718.2188;5861351.5;-4118.081543
401778.5;5861351.5;-4118.326172
401838.8125;5861351.5;-4118.594727
401899.0938;5861351.5;-4118.880371
401959.4063;5861351.5;-4119.180176
402019.7188;5861351.5;-4119.494629
402080;5861351.5;-4119.822266
402140.3125;5861351.5;-4120.154785
402200.625;5861351.5;-4120.489746
402260.9063;5861351.5;-4120.827148
402321.2188;5861351.5;-4121.161133
402381.5;5861351.5;-4121.491211
402441.8125;5861351.5;-4121.817871
402502.125;5861351.5;-4122.138184
402562.4063;5861351.5;-4122.452637
402622.7188;5861351.5;-4122.763184
402683.0313;5861351.5;-4123.070801
402743.3125;5861351.5;-4123.375977
402803.625;5861351.5;-4123.685547
402863.9063;5861351.5;-4124
402924.2188;5861351.5;-4124.321777
402984.5313;5861351.5;-4124.663086
403044.8125;5861351.5;-4125.033691
403105.125;5861351.5;-4125.423828
403165.4375;5861351.5;-4125.845703
403225.7188;5861351.5;-4126.313965
403286.0313;5861351.5;-4126.839844
403346.3125;5861351.5;-4127.428711
403406.625;5861351.5;-4128.079102
403466.9375;5861351.5;-4128.785645
403527.2188;5861351.5;-4129.560059
403587.5313;5861351.5;-4130.375
403647.8438;5861351.5;-4131.192871
403708.125;5861351.5;-4131.990234
403768.4375;5861351.5;-4132.724609
403828.7188;5861351.5;-4133.389648
403889.0313;5861351.5;-4133.964355
403949.3438;5861351.5;-4134.41748
404009.625;5861351.5;-4134.797852
404069.9375;5861351.5;-4135.120117
404130.25;5861351.5;-4145.734375
404190.5313;5861351.5;-4146.047852
404250.8438;5861351.5;-4146.308594
404311.125;5861351.5;-4146.598145
404371.4375;5861351.5;-4146.938477
404431.75;5861351.5;-4147.380859
404492.0313;5861351.5;-4148.021484
404552.3438;5861351.5;-4148.835449
404612.625;5861351.5;-4149.888184
404672.9375;5861351.5;-4151.495605
404733.25;5861351.5;-4153.700195
404793.5313;5861351.5;-4141.772461
404853.8438;5861351.5;-4144.086426
404914.1563;5861351.5;-4146.336426
404974.4375;5861351.5;-4149.784668
405034.75;5861351.5;-4153.519043
405095.0313;5861351.5;-4156.921875
405155.3438;5861351.5;-4159.696289
405215.6563;5861351.5;-4161.952148
405275.9375;5861351.5;-4163.888672
405336.25;5861351.5;-4165.375488
405396.5625;5861351.5;-4166.585938
405456.8438;5861351.5;-4167.589355
405517.1563;5861351.5;-4168.392578
405577.4375;5861351.5;-4169.215332
405637.75;5861351.5;-4170.109863
405698.0625;5861351.5;-4171.000488
405758.3438;5861351.5;-4171.948242
405818.6563;5861351.5;-4172.98291
405878.9688;5861351.5;-4174.094238
405939.25;5861351.5;-4175.342773
405999.5625;5861351.5;-4176.71582
406059.8438;5861351.5;-4178.186523
406120.1563;5861351.5;-4179.755859
406180.4688;5861351.5;-4181.378418
406240.75;5861351.5;-4183.028809
406301.0625;5861351.5;-4184.661621
406361.375;5861351.5;-4186.210449
406421.6563;5861351.5;-4164.881348
406481.9688;5861351.5;-4165.019531
406542.25;5861351.5;-4164.972168
406602.5625;5861351.5;-4164.820801
406662.875;5861351.5;-4164.794922
406723.1563;5861351.5;-4164.844727
406783.4688;5861351.5;-4165.254395
406843.7813;5861351.5;-4166.395996
406904.0625;5861351.5;-4167.848145
406964.375;5861351.5;-4169.756836
407024.6563;5861351.5;-4172.304688
407084.9688;5861351.5;-4174.866699
407145.2813;5861351.5;-4177.258301
407205.5625;5861351.5;-4179.4375
407265.875;5861351.5;-4181.285645
407326.1875;5861351.5;-4182.708496
407386.4688;5861351.5;-4183.720703
407446.7813;5861351.5;-4184.4375
407507.0625;5861351.5;-4184.886719
407567.375;5861351.5;-4185.072754
407627.6875;5861351.5;-4185.128906
407687.9688;5861351.5;-4203.102051
407748.2813;5861351.5;-4202.54834
407808.5938;5861351.5;-4201.996582
407868.875;5861351.5;-4201.479004
407929.1875;5861351.5;-4200.997559
407989.4688;5861351.5;-4200.555664
408049.7813;5861351.5;-4200.162598
408110.0938;5861351.5;-4199.809082
408170.375;5861351.5;-4199.484375
408230.6875;5861351.5;-4199.182129
408291;5861351.5;-4198.897461
408351.2813;5861351.5;-4198.617676
408411.5938;5861351.5;-4198.34082
408471.875;5861351.5;-4198.060547
408532.1875;5861351.5;-4197.771973
408592.5;5861351.5;-4197.47998
408652.7813;5861351.5;-4197.183105
408713.0938;5861351.5;-4196.881348
408773.4063;5861351.5;-4196.580566
408833.6875;5861351.5;-4196.282227
408894;5861351.5;-4195.986328
408954.2813;5861351.5;-4195.696777
409014.5938;5861351.5;-4195.417969
409074.9063;5861351.5;-4195.151367
409135.1875;5861351.5;-4194.896973
409195.5;5861351.5;-4194.655762
409255.8125;5861351.5;-4194.438965
409316.0938;5861351.5;-4194.236328
409376.4063;5861351.5;-4194.044922
401356.4063;5861412;-4117.870605
401416.6875;5861412;-4117.943359
401477;5861412;-4118.041504
401537.3125;5861412;-4118.164551
401597.5938;5861412;-4118.3125
401657.9063;5861412;-4118.482422
401718.2188;5861412;-4118.672852
401778.5;5861412;-4118.880371
401838.8125;5861412;-4119.105957
401899.0938;5861412;-4119.346191
401959.4063;5861412;-4119.597168
402019.7188;5861412;-4119.861328
402080;5861412;-4120.13623
402140.3125;5861412;-4120.414551
402200.625;5861412;-4120.694824
402260.9063;5861412;-4120.977539
402321.2188;5861412;-4121.258789
402381.5;5861412;-4121.537109
402441.8125;5861412;-4121.813965
402502.125;5861412;-4122.088379
402562.4063;5861412;-4122.361328
402622.7188;5861412;-4122.634277
402683.0313;5861412;-4122.908691
402743.3125;5861412;-4123.185547
402803.625;5861412;-4123.470215
402863.9063;5861412;-4123.763184
402924.2188;5861412;-4124.065918
402984.5313;5861412;-4124.38916
403044.8125;5861412;-4124.742188
403105.125;5861412;-4125.115723
403165.4375;5861412;-4125.519043
403225.7188;5861412;-4125.963379
403286.0313;5861412;-4126.455566
403346.3125;5861412;-4126.997559
403406.625;5861412;-4127.587891
403466.9375;5861412;-4128.214844
403527.2188;5861412;-4128.891602
403587.5313;5861412;-4129.594238
403647.8438;5861412;-4130.291504
403708.125;5861412;-4130.969727
403768.4375;5861412;-4131.597168
403828.7188;5861412;-4132.17334
403889.0313;5861412;-4132.680176
403949.3438;5861412;-4133.094727
404009.625;5861412;-4133.46582
404069.9375;5861412;-4143.881836
404130.25;5861412;-4144.286133
404190.5313;5861412;-4144.618652
404250.8438;5861412;-4144.923828
404311.125;5861412;-4145.282715
404371.4375;5861412;-4145.713379
404431.75;5861412;-4146.267578
404492.0313;5861412;-4147.034668
404552.3438;5861412;-4147.987305
404612.625;5861412;-4149.148926
404672.9375;5861412;-4150.692871
404733.25;5861412;-4138.427734
404793.5313;5861412;-4140.76123
404853.8438;5861412;-4143.001953
404914.1563;5861412;-4145.54248
404974.4375;5861412;-4149.026855
405034.75;5861412;-4152.770508
405095.0313;5861412;-4156.198242
405155.3438;5861412;-4159.013184
405215.6563;5861412;-4161.322266
405275.9375;5861412;-4163.319336
405336.25;5861412;-4164.857422
405396.5625;5861412;-4166.008301
405456.8438;5861412;-4166.848145
405517.1563;5861412;-4167.500977
405577.4375;5861412;-4168.210938
405637.75;5861412;-4169.037109
405698.0625;5861412;-4169.884766
405758.3438;5861412;-4170.799805
405818.6563;5861412;-4171.810547
405878.9688;5861412;-4172.918457
405939.25;5861412;-4174.184082
405999.5625;5861412;-4175.589355
406059.8438;5861412;-4177.111816
406120.1563;5861412;-4178.743652
406180.4688;5861412;-4180.427734
406240.75;5861412;-4182.148438
406301.0625;5861412;-4183.858887
406361.375;5861412;-4185.487793
406421.6563;5861412;-4170.268555
406481.9688;5861412;-4163.379395
406542.25;5861412;-4163.139648
406602.5625;5861412;-4162.649414
406662.875;5861412;-4162.255859
406723.1563;5861412;-4162.026367
406783.4688;5861412;-4162.368652
406843.7813;5861412;-4163.711426
406904.0625;5861412;-4165.388672
406964.375;5861412;-4167.371582
407024.6563;5861412;-4169.838379
407084.9688;5861412;-4172.254883
407145.2813;5861412;-4174.508301
407205.5625;5861412;-4176.572266
407265.875;5861412;-4178.350586
407326.1875;5861412;-4179.766113
407386.4688;5861412;-4180.816406
407446.7813;5861412;-4181.609863
407507.0625;5861412;-4182.168945
407567.375;5861412;-4182.480469
407627.6875;5861412;-4201.787598
407687.9688;5861412;-4201.373047
407748.2813;5861412;-4200.892578
407808.5938;5861412;-4200.39502
407868.875;5861412;-4199.914063
407929.1875;5861412;-4199.455078
407989.4688;5861412;-4199.024902
408049.7813;5861412;-4198.632813
408110.0938;5861412;-4198.272461
408170.375;5861412;-4197.935547
408230.6875;5861412;-4197.617676
408291;5861412;-4197.312988
408351.2813;5861412;-4197.015137
408411.5938;5861412;-4196.719727
408471.875;5861412;-4196.422852
408532.1875;5861412;-4196.120605
408592.5;5861412;-4195.817383
408652.7813;5861412;-4195.511719
408713.0938;5861412;-4195.203125
408773.4063;5861412;-4194.897949
408833.6875;5861412;-4194.596191
408894;5861412;-4194.300293
408954.2813;5861412;-4194.010742
409014.5938;5861412;-4193.731934
409074.9063;5861412;-4193.467285
409135.1875;5861412;-4193.213867
409195.5;5861412;-4192.974121
409255.8125;5861412;-4192.758301
409316.0938;5861412;-4192.554199
409376.4063;5861412;-4192.361816
401356.4063;5861472.5;-4118.596191
401416.6875;5861472.5;-4118.647461
401477;5861472.5;-4118.722656
401537.3125;5861472.5;-4118.819824
401597.5938;5861472.5;-4118.939941
401657.9063;5861472.5;-4119.079102
401718.2188;5861472.5;-4119.234863
401778.5;5861472.5;-4119.404297
401838.8125;5861472.5;-4119.589844
401899.0938;5861472.5;-4119.786133
401959.4063;5861472.5;-4119.992188
402019.7188;5861472.5;-4120.208008
402080;5861472.5;-4120.431641
402140.3125;5861472.5;-4120.658203
402200.625;5861472.5;-4120.886719
402260.9063;5861472.5;-4121.117188
402321.2188;5861472.5;-4121.347168
402381.5;5861472.5;-4121.57666
402441.8125;5861472.5;-4121.806152
402502.125;5861472.5;-4122.034668
402562.4063;5861472.5;-4122.265625
402622.7188;5861472.5;-4122.500488
402683.0313;5861472.5;-4122.739746
402743.3125;5861472.5;-4122.985352
402803.625;5861472.5;-4123.241211
402863.9063;5861472.5;-4123.508301
402924.2188;5861472.5;-4123.787109
402984.5313;5861472.5;-4124.088379
403044.8125;5861472.5;-4124.419434
403105.125;5861472.5;-4124.769531
403165.4375;5861472.5;-4125.147461
403225.7188;5861472.5;-4125.561523
403286.0313;5861472.5;-4126.014648
403346.3125;5861472.5;-4126.507324
403406.625;5861472.5;-4127.036133
403466.9375;5861472.5;-4127.589355
403527.2188;5861472.5;-4128.17627
403587.5313;5861472.5;-4128.777832
403647.8438;5861472.5;-4129.370605
403708.125;5861472.5;-4129.943848
403768.4375;5861472.5;-4130.476563
403828.7188;5861472.5;-4130.97168
403889.0313;5861472.5;-4131.416016
403949.3438;5861472.5;-4131.793457
404009.625;5861472.5;-4142.016113
404069.9375;5861472.5;-4142.444824
404130.25;5861472.5;-4142.846191
404190.5313;5861472.5;-4143.189453
404250.8438;5861472.5;-4143.529297
404311.125;5861472.5;-4143.941406
404371.4375;5861472.5;-4144.441895
404431.75;5861472.5;-4145.083496
404492.0313;5861472.5;-4145.942871
404552.3438;5861472.5;-4146.998535
404612.625;5861472.5;-4148.25293
404672.9375;5861472.5;-4149.78418
404733.25;5861472.5;-4138.049805
404793.5313;5861472.5;-4140.235352
404853.8438;5861472.5;-4142.47168
404914.1563;5861472.5;-4145.041992
404974.4375;5861472.5;-4148.318359
405034.75;5861472.5;-4151.736328
405095.0313;5861472.5;-4154.966309
405155.3438;5861472.5;-4157.788086
405215.6563;5861472.5;-4160.160156
405275.9375;5861472.5;-4162.246582
405336.25;5861472.5;-4163.890625
405396.5625;5861472.5;-4165.032715
405456.8438;5861472.5;-4165.753906
405517.1563;5861472.5;-4166.311523
405577.4375;5861472.5;-4166.964355
405637.75;5861472.5;-4167.758301
405698.0625;5861472.5;-4168.586426
405758.3438;5861472.5;-4169.483398
405818.6563;5861472.5;-4170.476563
405878.9688;5861472.5;-4171.583008
405939.25;5861472.5;-4172.865234
405999.5625;5861472.5;-4174.302734
406059.8438;5861472.5;-4175.875977
406120.1563;5861472.5;-4177.572266
406180.4688;5861472.5;-4179.335449
406240.75;5861472.5;-4181.162109
406301.0625;5861472.5;-4183.01416
406361.375;5861472.5;-4184.827637
406421.6563;5861472.5;-4186.543457
406481.9688;5861472.5;-4162.025391
406542.25;5861472.5;-4161.65625
406602.5625;5861472.5;-4160.76709
406662.875;5861472.5;-4159.845703
406723.1563;5861472.5;-4159.180664
406783.4688;5861472.5;-4159.400391
406843.7813;5861472.5;-4161.029297
406904.0625;5861472.5;-4163.032227
406964.375;5861472.5;-4165.162109
407024.6563;5861472.5;-4167.603516
407084.9688;5861472.5;-4169.887207
407145.2813;5861472.5;-4171.978516
407205.5625;5861472.5;-4173.894043
407265.875;5861472.5;-4175.566406
407326.1875;5861472.5;-4176.939941
407386.4688;5861472.5;-4177.98877
407446.7813;5861472.5;-4178.825684
407507.0625;5861472.5;-4179.459961
407567.375;5861472.5;-4200.216309
407627.6875;5861472.5;-4199.927246
407687.9688;5861472.5;-4199.580566
407748.2813;5861472.5;-4199.160156
407808.5938;5861472.5;-4198.708496
407868.875;5861472.5;-4198.262695
407929.1875;5861472.5;-4197.82666
407989.4688;5861472.5;-4197.410156
408049.7813;5861472.5;-4197.022949
408110.0938;5861472.5;-4196.659668
408170.375;5861472.5;-4196.31543
408230.6875;5861472.5;-4195.987305
408291;5861472.5;-4195.67041
408351.2813;5861472.5;-4195.358398
408411.5938;5861472.5;-4195.050781
408471.875;5861472.5;-4194.742676
408532.1875;5861472.5;-4194.431641
408592.5;5861472.5;-4194.121094
408652.7813;5861472.5;-4193.80957
408713.0938;5861472.5;-4193.498047
408773.4063;5861472.5;-4193.191406
408833.6875;5861472.5;-4192.889648
408894;5861472.5;-4192.594727
408954.2813;5861472.5;-4192.307617
409014.5938;5861472.5;-4192.030273
409074.9063;5861472.5;-4191.768066
409135.1875;5861472.5;-4191.51709
409195.5;5861472.5;-4191.27832
409255.8125;5861472.5;-4191.064453
409316.0938;5861472.5;-4190.859863
409376.4063;5861472.5;-4190.666504
401356.4063;5861533.5;-4119.282715
401416.6875;5861533.5;-4119.312012
401477;5861533.5;-4119.364258
401537.3125;5861533.5;-4119.4375
401597.5938;5861533.5;-4119.528809
401657.9063;5861533.5;-4119.636719
401718.2188;5861533.5;-4119.758789
401778.5;5861533.5;-4119.891113
401838.8125;5861533.5;-4120.037109
401899.0938;5861533.5;-4120.191406
401959.4063;5861533.5;-4120.352539
402019.7188;5861533.5;-4120.521484
402080;5861533.5;-4120.696289
402140.3125;5861533.5;-4120.873535
402200.625;5861533.5;-4121.052246
402260.9063;5861533.5;-4121.232422
402321.2188;5861533.5;-4121.414063
402381.5;5861533.5;-4121.595215
402441.8125;5861533.5;-4121.777832
402502.125;5861533.5;-4121.961426
402562.4063;5861533.5;-4122.149902
402622.7188;5861533.5;-4122.345215
402683.0313;5861533.5;-4122.547363
402743.3125;5861533.5;-4122.759277
402803.625;5861533.5;-4122.983398
402863.9063;5861533.5;-4123.220703
402924.2188;5861533.5;-4123.472168
402984.5313;5861533.5;-4123.74707
403044.8125;5861533.5;-4124.050293
403105.125;5861533.5;-4124.373535
403165.4375;5861533.5;-4124.72168
403225.7188;5861533.5;-4125.100586
403286.0313;5861533.5;-4125.512695
403346.3125;5861533.5;-4125.956055
403406.625;5861533.5;-4126.425293
403466.9375;5861533.5;-4126.910645
403527.2188;5861533.5;-4127.416992
403587.5313;5861533.5;-4127.931641
403647.8438;5861533.5;-4128.43457
403708.125;5861533.5;-4128.92041
403768.4375;5861533.5;-4129.373047
403828.7188;5861533.5;-4129.799805
403889.0313;5861533.5;-4130.189453
403949.3438;5861533.5;-4140.088379
404009.625;5861533.5;-4140.54248
404069.9375;5861533.5;-4140.957031
404130.25;5861533.5;-4141.36084
404190.5313;5861533.5;-4141.725098
404250.8438;5861533.5;-4142.108398
404311.125;5861533.5;-4142.580078
404371.4375;5861533.5;-4143.141602
404431.75;5861533.5;-4143.84375
404492.0313;5861533.5;-4144.76123
404552.3438;5861533.5;-4145.865234
404612.625;5861533.5;-4147.148438
404672.9375;5861533.5;-4135.773926
404733.25;5861533.5;-4137.71582
404793.5313;5861533.5;-4139.880859
404853.8438;5861533.5;-4142.128418
404914.1563;5861533.5;-4144.635254
404974.4375;5861533.5;-4147.624512
405034.75;5861533.5;-4150.661133
405095.0313;5861533.5;-4153.59082
405155.3438;5861533.5;-4156.271484
405215.6563;5861533.5;-4158.587891
405275.9375;5861533.5;-4160.655273
405336.25;5861533.5;-4162.312012
405396.5625;5861533.5;-4163.469727
405456.8438;5861533.5;-4164.210938
405517.1563;5861533.5;-4164.802246
405577.4375;5861533.5;-4165.480957
405637.75;5861533.5;-4166.288574
405698.0625;5861533.5;-4167.12207
405758.3438;5861533.5;-4168.008301
405818.6563;5861533.5;-4168.981934
405878.9688;5861533.5;-4170.078613
405939.25;5861533.5;-4171.368164
405999.5625;5861533.5;-4172.828125
406059.8438;5861533.5;-4174.441406
406120.1563;5861533.5;-4176.197266
406180.4688;5861533.5;-4178.05127
406240.75;5861533.5;-4180.029785
406301.0625;5861533.5;-4182.114746
406361.375;5861533.5;-4184.259277
406421.6563;5861533.5;-4186.353027
406481.9688;5861533.5;-4188.118652
406542.25;5861533.5;-4161.061035
406602.5625;5861533.5;-4159.825195
406662.875;5861533.5;-4158.210449
406723.1563;5861533.5;-4156.888672
406783.4688;5861533.5;-4156.845703
406843.7813;5861533.5;-4158.732422
406904.0625;5861533.5;-4161.078613
406964.375;5861533.5;-4163.38916
407024.6563;5861533.5;-4165.797363
407084.9688;5861533.5;-4167.901855
407145.2813;5861533.5;-4169.770508
407205.5625;5861533.5;-4171.494141
407265.875;5861533.5;-4173.016113
407326.1875;5861533.5;-4174.30127
407386.4688;5861533.5;-4175.316406
407446.7813;5861533.5;-4176.159668
407507.0625;5861533.5;-4176.836914
407567.375;5861533.5;-4198.197754
407627.6875;5861533.5;-4197.962891
407687.9688;5861533.5;-4197.672852
407748.2813;5861533.5;-4197.304688
407808.5938;5861533.5;-4196.897949
407868.875;5861533.5;-4196.489258
407929.1875;5861533.5;-4196.07959
407989.4688;5861533.5;-4195.681152
408049.7813;5861533.5;-4195.306641
408110.0938;5861533.5;-4194.949707
408170.375;5861533.5;-4194.606445
408230.6875;5861533.5;-4194.276367
408291;5861533.5;-4193.955566
408351.2813;5861533.5;-4193.639648
408411.5938;5861533.5;-4193.327148
408471.875;5861533.5;-4193.016113
408532.1875;5861533.5;-4192.703125
408592.5;5861533.5;-4192.392578
408652.7813;5861533.5;-4192.08252
408713.0938;5861533.5;-4191.774414
408773.4063;5861533.5;-4191.47168
408833.6875;5861533.5;-4191.174805
408894;5861533.5;-4190.885742
408954.2813;5861533.5;-4190.604492
409014.5938;5861533.5;-4190.333984
409074.9063;5861533.5;-4190.078125
409135.1875;5861533.5;-4189.83252
409195.5;5861533.5;-4189.598145
409255.8125;5861533.5;-4189.386719
409316.0938;5861533.5;-4189.185059
409376.4063;5861533.5;-4188.992676
401356.4063;5861594;-4119.92334
401416.6875;5861594;-4119.932617
401477;5861594;-4119.962402
401537.3125;5861594;-4120.01123
401597.5938;5861594;-4120.074707
401657.9063;5861594;-4120.152832
401718.2188;5861594;-4120.242188
401778.5;5861594;-4120.339355
401838.8125;5861594;-4120.446777
401899.0938;5861594;-4120.560059
401959.4063;5861594;-4120.679688
402019.7188;5861594;-4120.804199
402080;5861594;-4120.933105
402140.3125;5861594;-4121.063477
402200.625;5861594;-4121.195801
402260.9063;5861594;-4121.328613
402321.2188;5861594;-4121.462891
402381.5;5861594;-4121.599121
402441.8125;5861594;-4121.73584
402502.125;5861594;-4121.875488
402562.4063;5861594;-4122.022949
402622.7188;5861594;-4122.177734
402683.0313;5861594;-4122.341797
402743.3125;5861594;-4122.51709
402803.625;5861594;-4122.706543
402863.9063;5861594;-4122.90918
402924.2188;5861594;-4123.128418
402984.5313;5861594;-4123.370605
403044.8125;5861594;-4123.640625
403105.125;5861594;-4123.930664
403165.4375;5861594;-4124.242676
403225.7188;5861594;-4124.582031
403286.0313;5861594;-4124.949219
403346.3125;5861594;-4125.339844
403406.625;5861594;-4125.750488
403466.9375;5861594;-4126.172363
403527.2188;5861594;-4126.606445
403587.5313;5861594;-4127.042969
403647.8438;5861594;-4127.469727
403708.125;5861594;-4127.879395
403768.4375;5861594;-4128.262207
403828.7188;5861594;-4128.628418
403889.0313;5861594;-4130.183105
403949.3438;5861594;-4130.549805
404009.625;5861594;-4139.063477
404069.9375;5861594;-4139.456055
404130.25;5861594;-4139.852051
404190.5313;5861594;-4140.221191
404250.8438;5861594;-4140.625977
404311.125;5861594;-4141.125488
404371.4375;5861594;-4141.711426
404431.75;5861594;-4142.427734
404492.0313;5861594;-4143.345215
404552.3438;5861594;-4144.43457
404612.625;5861594;-4145.686523
404672.9375;5861594;-4135.097168
404733.25;5861594;-4136.995117
404793.5313;5861594;-4139.117676
404853.8438;5861594;-4141.319824
404914.1563;5861594;-4143.707031
404974.4375;5861594;-4146.430664
405034.75;5861594;-4149.154785
405095.0313;5861594;-4151.797363
405155.3438;5861594;-4154.26709
405215.6563;5861594;-4156.441406
405275.9375;5861594;-4158.380859
405336.25;5861594;-4159.935547
405396.5625;5861594;-4161.124512
405456.8438;5861594;-4162.025391
405517.1563;5861594;-4162.769043
405577.4375;5861594;-4163.552246
405637.75;5861594;-4164.42334
405698.0625;5861594;-4165.293457
405758.3438;5861594;-4166.185059
405818.6563;5861594;-4167.143555
405878.9688;5861594;-4168.231934
405939.25;5861594;-4169.530273
405999.5625;5861594;-4171.014648
406059.8438;5861594;-4172.675293
406120.1563;5861594;-4174.505859
406180.4688;5861594;-4176.493652
406240.75;5861594;-4178.714355
406301.0625;5861594;-4181.183594
406361.375;5861594;-4183.89209
406421.6563;5861594;-4186.657227
406481.9688;5861594;-4189.050781
406542.25;5861594;-4190.492676
406602.5625;5861594;-4160.34082
406662.875;5861594;-4157.989258
406723.1563;5861594;-4155.818848
406783.4688;5861594;-4155.304199
406843.7813;5861594;-4157.17334
406904.0625;5861594;-4159.648926
406964.375;5861594;-4161.989258
407024.6563;5861594;-4164.284668
407084.9688;5861594;-4166.149902
407145.2813;5861594;-4167.754395
407205.5625;5861594;-4169.255859
407265.875;5861594;-4170.600586
407326.1875;5861594;-4171.767578
407386.4688;5861594;-4172.716309
407446.7813;5861594;-4173.533203
407507.0625;5861594;-4196.271484
407567.375;5861594;-4196.146484
407627.6875;5861594;-4195.941406
407687.9688;5861594;-4195.689453
407748.2813;5861594;-4195.358398
407808.5938;5861594;-4194.988281
407868.875;5861594;-4194.612305
407929.1875;5861594;-4194.229004
407989.4688;5861594;-4193.851563
408049.7813;5861594;-4193.492676
408110.0938;5861594;-4193.146973
408170.375;5861594;-4192.811035
408230.6875;5861594;-4192.486816
408291;5861594;-4192.169434
408351.2813;5861594;-4191.85498
408411.5938;5861594;-4191.54541
408471.875;5861594;-4191.237793
408532.1875;5861594;-4190.929688
408592.5;5861594;-4190.624023
408652.7813;5861594;-4190.321289
408713.0938;5861594;-4190.019531
408773.4063;5861594;-4189.724121
408833.6875;5861594;-4189.435547
408894;5861594;-4189.155762
408954.2813;5861594;-4188.882813
409014.5938;5861594;-4188.620117
409074.9063;5861594;-4188.37207
409135.1875;5861594;-4188.132813
409195.5;5861594;-4187.904785
409255.8125;5861594;-4187.697754
409316.0938;5861594;-4187.499023
409376.4063;5861594;-4187.309082
401356.4063;5861654.5;-4120.520996
401416.6875;5861654.5;-4120.508789
401477;5861654.5;-4120.517578
401537.3125;5861654.5;-4120.541992
401597.5938;5861654.5;-4120.579102
401657.9063;5861654.5;-4120.626953
401718.2188;5861654.5;-4120.684082
401778.5;5861654.5;-4120.748047
401838.8125;5861654.5;-4120.818359
401899.0938;5861654.5;-4120.893555
401959.4063;5861654.5;-4120.973633
402019.7188;5861654.5;-4121.055664
402080;5861654.5;-4121.141602
402140.3125;5861654.5;-4121.228027
402200.625;5861654.5;-4121.315918
402260.9063;5861654.5;-4121.40332
402321.2188;5861654.5;-4121.493164
402381.5;5861654.5;-4121.584473
402441.8125;5861654.5;-4121.677734
402502.125;5861654.5;-4121.775391
402562.4063;5861654.5;-4121.881348
402622.7188;5861654.5;-4121.995117
402683.0313;5861654.5;-4122.119629
402743.3125;5861654.5;-4122.256836
402803.625;5861654.5;-4122.408203
402863.9063;5861654.5;-4122.574707
402924.2188;5861654.5;-4122.757324
402984.5313;5861654.5;-4122.962891
403044.8125;5861654.5;-4123.194824
403105.125;5861654.5;-4123.446289
403165.4375;5861654.5;-4123.718262
403225.7188;5861654.5;-4124.013184
403286.0313;5861654.5;-4124.333008
403346.3125;5861654.5;-4124.671387
403406.625;5861654.5;-4125.023926
403466.9375;5861654.5;-4125.384766
403527.2188;5861654.5;-4125.752441
403587.5313;5861654.5;-4126.120117
403647.8438;5861654.5;-4126.477051
403708.125;5861654.5;-4126.819824
403768.4375;5861654.5;-4127.140625
403828.7188;5861654.5;-4127.449219
403889.0313;5861654.5;-4128.813965
403949.3438;5861654.5;-4129.129395
404009.625;5861654.5;-4129.427734
404069.9375;5861654.5;-4137.927246
404130.25;5861654.5;-4138.300781
404190.5313;5861654.5;-4138.658691
404250.8438;5861654.5;-4139.061523
404311.125;5861654.5;-4139.562012
404371.4375;5861654.5;-4140.140625
404431.75;5861654.5;-4140.832031
404492.0313;5861654.5;-4141.706055
404552.3438;5861654.5;-4142.733398
404612.625;5861654.5;-4132.425293
404672.9375;5861654.5;-4134.04541
404733.25;5861654.5;-4135.866699
404793.5313;5861654.5;-4137.904785
404853.8438;5861654.5;-4140.013672
404914.1563;5861654.5;-4142.259766
404974.4375;5861654.5;-4144.753418
405034.75;5861654.5;-4147.224121
405095.0313;5861654.5;-4149.623535
405155.3438;5861654.5;-4151.888184
405215.6563;5861654.5;-4153.910156
405275.9375;5861654.5;-4155.717773
405336.25;5861654.5;-4157.183594
405396.5625;5861654.5;-4158.395508
405456.8438;5861654.5;-4159.419922
405517.1563;5861654.5;-4160.290527
405577.4375;5861654.5;-4161.165039
405637.75;5861654.5;-4162.088379
405698.0625;5861654.5;-4162.989258
405758.3438;5861654.5;-4163.896484
405818.6563;5861654.5;-4164.861328
405878.9688;5861654.5;-4165.954102
405939.25;5861654.5;-4167.268066
405999.5625;5861654.5;-4168.785645
406059.8438;5861654.5;-4170.499512
406120.1563;5861654.5;-4172.40918
406180.4688;5861654.5;-4174.54541
406240.75;5861654.5;-4177.048828
406301.0625;5861654.5;-4179.980957
406361.375;5861654.5;-4183.37793
406421.6563;5861654.5;-4187.022461
406481.9688;5861654.5;-4190.382324
406542.25;5861654.5;-4192.755859
406602.5625;5861654.5;-4177.724121
406662.875;5861654.5;-4159.914063
406723.1563;5861654.5;-4157.130859
406783.4688;5861654.5;-4156.001465
406843.7813;5861654.5;-4157.281738
406904.0625;5861654.5;-4159.259277
406964.375;5861654.5;-4161.181641
407024.6563;5861654.5;-4163.090332
407084.9688;5861654.5;-4164.597656
407145.2813;5861654.5;-4165.881836
407205.5625;5861654.5;-4167.130859
407265.875;5861654.5;-4168.278809
407326.1875;5861654.5;-4169.307129
407386.4688;5861654.5;-4170.164063
407446.7813;5861654.5;-4194.188477
407507.0625;5861654.5;-4194.197266
407567.375;5861654.5;-4194.05957
407627.6875;5861654.5;-4193.863281
407687.9688;5861654.5;-4193.632324
407748.2813;5861654.5;-4193.328125
407808.5938;5861654.5;-4192.988281
407868.875;5861654.5;-4192.642578
407929.1875;5861654.5;-4192.28418
407989.4688;5861654.5;-4191.930176
408049.7813;5861654.5;-4191.591797
408110.0938;5861654.5;-4191.262207
408170.375;5861654.5;-4190.939453
408230.6875;5861654.5;-4190.627441
408291;5861654.5;-4190.319824
408351.2813;5861654.5;-4190.01416
408411.5938;5861654.5;-4189.713867
408471.875;5861654.5;-4189.415039
408532.1875;5861654.5;-4189.116211
408592.5;5861654.5;-4188.820801
408652.7813;5861654.5;-4188.527344
408713.0938;5861654.5;-4188.237305
408773.4063;5861654.5;-4187.953613
408833.6875;5861654.5;-4187.675781
408894;5861654.5;-4187.406738
408954.2813;5861654.5;-4187.144531
409014.5938;5861654.5;-4186.891602
409074.9063;5861654.5;-4186.653809
409135.1875;5861654.5;-4186.421875
409195.5;5861654.5;-4186.199707
409255.8125;5861654.5;-4185.998535
409316.0938;5861654.5;-4185.804199
409376.4063;5861654.5;-4185.616211
401356.4063;5861715;-4121.080566
401416.6875;5861715;-4121.049805
401477;5861715;-4121.036621
401537.3125;5861715;-4121.037109
401597.5938;5861715;-4121.047363
401657.9063;5861715;-4121.065918
401718.2188;5861715;-4121.091797
401778.5;5861715;-4121.121094
401838.8125;5861715;-4121.15625
401899.0938;5861715;-4121.193359
401959.4063;5861715;-4121.233398
402019.7188;5861715;-4121.275391
402080;5861715;-4121.318359
402140.3125;5861715;-4121.361816
402200.625;5861715;-4121.40625
402260.9063;5861715;-4121.449707
402321.2188;5861715;-4121.495605
402381.5;5861715;-4121.543945
402441.8125;5861715;-4121.59375
402502.125;5861715;-4121.648926
402562.4063;5861715;-4121.713379
402622.7188;5861715;-4121.786133
402683.0313;5861715;-4121.870605
402743.3125;5861715;-4121.968262
402803.625;5861715;-4122.080566
402863.9063;5861715;-4122.207031
402924.2188;5861715;-4122.352051
402984.5313;5861715;-4122.517578
403044.8125;5861715;-4122.708984
403105.125;5861715;-4122.920898
403165.4375;5861715;-4123.149902
403225.7188;5861715;-4123.399902
403286.0313;5861715;-4123.670898
403346.3125;5861715;-4123.957031
403406.625;5861715;-4124.25293
403466.9375;5861715;-4124.554199
403527.2188;5861715;-4124.859375
403587.5313;5861715;-4125.161621
403647.8438;5861715;-4125.455078
403708.125;5861715;-4125.734863
403768.4375;5861715;-4125.995605
403828.7188;5861715;-4127.150879
403889.0313;5861715;-4127.420898
403949.3438;5861715;-4127.679688
404009.625;5861715;-4127.931641
404069.9375;5861715;-4136.333984
404130.25;5861715;-4136.674316
404190.5313;5861715;-4137.012695
404250.8438;5861715;-4137.406738
404311.125;5861715;-4137.899414
404371.4375;5861715;-4138.46582
404431.75;5861715;-4139.133301
404492.0313;5861715;-4139.963379
404552.3438;5861715;-4140.922852
404612.625;5861715;-4131.225098
404672.9375;5861715;-4132.764648
404733.25;5861715;-4134.489258
404793.5313;5861715;-4136.415527
404853.8438;5861715;-4138.405273
404914.1563;5861715;-4140.501953
404974.4375;5861715;-4142.784668
405034.75;5861715;-4145.036133
405095.0313;5861715;-4147.223145
405155.3438;5861715;-4149.302246
405215.6563;5861715;-4151.178711
405275.9375;5861715;-4152.870605
405336.25;5861715;-4154.273438
405396.5625;5861715;-4155.492676
405456.8438;5861715;-4156.582031
405517.1563;5861715;-4157.530762
405577.4375;5861715;-4158.463867
405637.75;5861715;-4159.416504
405698.0625;5861715;-4160.330078
405758.3438;5861715;-4161.256348
405818.6563;5861715;-4162.242188
405878.9688;5861715;-4163.341797
405939.25;5861715;-4164.665039
405999.5625;5861715;-4166.205566
406059.8438;5861715;-4167.959961
406120.1563;5861715;-4169.91748
406180.4688;5861715;-4172.150391
406240.75;5861715;-4174.869141
406301.0625;5861715;-4178.175781
406361.375;5861715;-4182.157715
406421.6563;5861715;-4186.575684
406481.9688;5861715;-4190.891602
406542.25;5861715;-4194.529785
406602.5625;5861715;-4196.430664
406662.875;5861715;-4164.309082
406723.1563;5861715;-4161.41748
406783.4688;5861715;-4159.300781
406843.7813;5861715;-4159.258789
406904.0625;5861715;-4160.127441
406964.375;5861715;-4161.222168
407024.6563;5861715;-4162.482422
407084.9688;5861715;-4163.47998
407145.2813;5861715;-4164.354492
407205.5625;5861715;-4165.306152
407265.875;5861715;-4166.212891
407326.1875;5861715;-4167.055176
407386.4688;5861715;-4192.092285
407446.7813;5861715;-4192.085449
407507.0625;5861715;-4192.023926
407567.375;5861715;-4191.859375
407627.6875;5861715;-4191.661133
407687.9688;5861715;-4191.442871
407748.2813;5861715;-4191.161621
407808.5938;5861715;-4190.853027
407868.875;5861715;-4190.541016
407929.1875;5861715;-4190.214844
407989.4688;5861715;-4189.891113
408049.7813;5861715;-4189.581055
408110.0938;5861715;-4189.275391
408170.375;5861715;-4188.975586
408230.6875;5861715;-4188.684082
408291;5861715;-4188.395508
408351.2813;5861715;-4188.10791
408411.5938;5861715;-4187.824707
408471.875;5861715;-4187.543457
408532.1875;5861715;-4187.262695
408592.5;5861715;-4186.984375
408652.7813;5861715;-4186.708984
408713.0938;5861715;-4186.436523
408773.4063;5861715;-4186.168945
408833.6875;5861715;-4185.908203
408894;5861715;-4185.655762
408954.2813;5861715;-4185.408203
409014.5938;5861715;-4185.168945
409074.9063;5861715;-4184.943359
409135.1875;5861715;-4184.723633
409195.5;5861715;-4184.510742
409255.8125;5861715;-4184.317871
409316.0938;5861715;-4184.129883
409376.4063;5861715;-4183.946777
401356.4063;5861775.5;-4121.610352
401416.6875;5861775.5;-4121.561523
401477;5861775.5;-4121.526855
401537.3125;5861775.5;-4121.504395
401597.5938;5861775.5;-4121.487793
401657.9063;5861775.5;-4121.477539
401718.2188;5861775.5;-4121.472168
401778.5;5861775.5;-4121.46875
401838.8125;5861775.5;-4121.467773
401899.0938;5861775.5;-4121.468262
401959.4063;5861775.5;-4121.470215
402019.7188;5861775.5;-4121.472168
402080;5861775.5;-4121.473633
402140.3125;5861775.5;-4121.475586
402200.625;5861775.5;-4121.477539
402260.9063;5861775.5;-4121.479004
402321.2188;5861775.5;-4121.481934
402381.5;5861775.5;-4121.487793
402441.8125;5861775.5;-4121.495117
402502.125;5861775.5;-4121.508301
402562.4063;5861775.5;-4121.53125
402622.7188;5861775.5;-4121.563477
402683.0313;5861775.5;-4121.606934
402743.3125;5861775.5;-4121.665039
402803.625;5861775.5;-4121.73584
402863.9063;5861775.5;-4121.822266
402924.2188;5861775.5;-4121.927734
402984.5313;5861775.5;-4122.053223
403044.8125;5861775.5;-4122.202637
403105.125;5861775.5;-4122.372559
403165.4375;5861775.5;-4122.558105
403225.7188;5861775.5;-4122.762207
403286.0313;5861775.5;-4122.983887
403346.3125;5861775.5;-4123.217285
403406.625;5861775.5;-4123.458008
403466.9375;5861775.5;-4123.703125
403527.2188;5861775.5;-4123.948242
403587.5313;5861775.5;-4124.188965
403647.8438;5861775.5;-4124.421875
403708.125;5861775.5;-4124.641602
403768.4375;5861775.5;-4125.603027
403828.7188;5861775.5;-4125.816895
403889.0313;5861775.5;-4126.020996
403949.3438;5861775.5;-4126.219727
404009.625;5861775.5;-4126.419434
404069.9375;5861775.5;-4126.633789
404130.25;5861775.5;-4135.007813
404190.5313;5861775.5;-4135.314453
404250.8438;5861775.5;-4135.686035
404311.125;5861775.5;-4136.156738
404371.4375;5861775.5;-4136.696777
404431.75;5861775.5;-4137.32959
404492.0313;5861775.5;-4138.10498
404552.3438;5861775.5;-4131.735352
404612.625;5861775.5;-4132.874023
404672.9375;5861775.5;-4131.317383
404733.25;5861775.5;-4132.931152
404793.5313;5861775.5;-4134.728516
404853.8438;5861775.5;-4136.58252
404914.1563;5861775.5;-4138.522461
404974.4375;5861775.5;-4140.602051
405034.75;5861775.5;-4142.647949
405095.0313;5861775.5;-4144.638184
405155.3438;5861775.5;-4146.538574
405215.6563;5861775.5;-4148.273926
405275.9375;5861775.5;-4149.855957
405336.25;5861775.5;-4151.198242
405396.5625;5861775.5;-4152.404785
405456.8438;5861775.5;-4153.515625
405517.1563;5861775.5;-4154.503418
405577.4375;5861775.5;-4155.466309
405637.75;5861775.5;-4156.436523
405698.0625;5861775.5;-4157.36377
405758.3438;5861775.5;-4158.306641
405818.6563;5861775.5;-4159.308105
405878.9688;5861775.5;-4160.403809
405939.25;5861775.5;-4161.716797
405999.5625;5861775.5;-4163.258789
406059.8438;5861775.5;-4165.027832
406120.1563;5861775.5;-4166.988281
406180.4688;5861775.5;-4169.244141
406240.75;5861775.5;-4172.068848
406301.0625;5861775.5;-4175.587402
406361.375;5861775.5;-4179.891602
406421.6563;5861775.5;-4184.727539
406481.9688;5861775.5;-4189.626953
406542.25;5861775.5;-4194.425293
406602.5625;5861775.5;-4198.625977
406662.875;5861775.5;-4199.472168
406723.1563;5861775.5;-4165.751953
406783.4688;5861775.5;-4162.722168
406843.7813;5861775.5;-4161.330078
406904.0625;5861775.5;-4161.041992
406964.375;5861775.5;-4161.258789
407024.6563;5861775.5;-4161.844238
407084.9688;5861775.5;-4162.342285
407145.2813;5861775.5;-4162.830566
407205.5625;5861775.5;-4163.506348
407265.875;5861775.5;-4164.180176
407326.1875;5861775.5;-4164.830078
407386.4688;5861775.5;-4190.080078
407446.7813;5861775.5;-4189.952637
407507.0625;5861775.5;-4189.804199
407567.375;5861775.5;-4189.599121
407627.6875;5861775.5;-4189.389648
407687.9688;5861775.5;-4189.179688
407748.2813;5861775.5;-4188.91748
407808.5938;5861775.5;-4188.639648
407868.875;5861775.5;-4188.364746
407929.1875;5861775.5;-4188.072754
407989.4688;5861775.5;-4187.782227
408049.7813;5861775.5;-4187.504395
408110.0938;5861775.5;-4187.229004
408170.375;5861775.5;-4186.956055
408230.6875;5861775.5;-4186.690918
408291;5861775.5;-4186.426758
408351.2813;5861775.5;-4186.163086
408411.5938;5861775.5;-4185.902344
408471.875;5861775.5;-4185.643555
408532.1875;5861775.5;-4185.383789
408592.5;5861775.5;-4185.126953
408652.7813;5861775.5;-4184.872559
408713.0938;5861775.5;-4184.619629
408773.4063;5861775.5;-4184.372559
408833.6875;5861775.5;-4184.129883
408894;5861775.5;-4183.895508
408954.2813;5861775.5;-4183.665039
409014.5938;5861775.5;-4183.44043
409074.9063;5861775.5;-4183.229004
409135.1875;5861775.5;-4183.021484
409195.5;5861775.5;-4182.818848
409255.8125;5861775.5;-4182.634277
409316.0938;5861775.5;-4182.453613
409376.4063;5861775.5;-4182.276367
401356.4063;5861836.5;-4122.11084
401416.6875;5861836.5;-4122.044434
401477;5861836.5;-4121.990234
401537.3125;5861836.5;-4121.944824
401597.5938;5861836.5;-4121.902344
401657.9063;5861836.5;-4121.864258
401718.2188;5861836.5;-4121.828125
401778.5;5861836.5;-4121.79248
401838.8125;5861836.5;-4121.756836
401899.0938;5861836.5;-4121.720215
401959.4063;5861836.5;-4121.68457
402019.7188;5861836.5;-4121.647461
402080;5861836.5;-4121.608398
402140.3125;5861836.5;-4121.569336
402200.625;5861836.5;-4121.529297
402260.9063;5861836.5;-4121.48877
402321.2188;5861836.5;-4121.450195
402381.5;5861836.5;-4121.414551
402441.8125;5861836.5;-4121.380371
402502.125;5861836.5;-4121.352051
402562.4063;5861836.5;-4121.334473
402622.7188;5861836.5;-4121.326172
402683.0313;5861836.5;-4121.328125
402743.3125;5861836.5;-4121.34668
402803.625;5861836.5;-4121.37793
402863.9063;5861836.5;-4121.422852
402924.2188;5861836.5;-4121.489258
402984.5313;5861836.5;-4121.57373
403044.8125;5861836.5;-4121.680176
403105.125;5861836.5;-4121.808594
403165.4375;5861836.5;-4121.950684
403225.7188;5861836.5;-4122.107422
403286.0313;5861836.5;-4122.282227
403346.3125;5861836.5;-4122.465332
403406.625;5861836.5;-4122.652832
403466.9375;5861836.5;-4122.843262
403527.2188;5861836.5;-4123.032227
403587.5313;5861836.5;-4123.213867
403647.8438;5861836.5;-4123.38916
403708.125;5861836.5;-4124.186523
403768.4375;5861836.5;-4124.342773
403828.7188;5861836.5;-4124.486328
403889.0313;5861836.5;-4124.62207
403949.3438;5861836.5;-4124.756836
404009.625;5861836.5;-4124.896484
404069.9375;5861836.5;-4125.055664
404130.25;5861836.5;-4125.244141
404190.5313;5861836.5;-4133.568359
404250.8438;5861836.5;-4133.901367
404311.125;5861836.5;-4134.333984
404371.4375;5861836.5;-4134.833984
404431.75;5861836.5;-4135.417969
404492.0313;5861836.5;-4136.131836
404552.3438;5861836.5;-4129.643066
404612.625;5861836.5;-4130.668457
404672.9375;5861836.5;-4131.81543
404733.25;5861836.5;-4131.237305
404793.5313;5861836.5;-4132.897949
404853.8438;5861836.5;-4134.608398
404914.1563;5861836.5;-4136.385742
404974.4375;5861836.5;-4138.264648
405034.75;5861836.5;-4140.111816
405095.0313;5861836.5;-4141.908691
405155.3438;5861836.5;-4143.627441
405215.6563;5861836.5;-4145.212891
405275.9375;5861836.5;-4146.676758
405336.25;5861836.5;-4147.946289
405396.5625;5861836.5;-4149.115723
405456.8438;5861836.5;-4150.216309
405517.1563;5861836.5;-4151.217285
405577.4375;5861836.5;-4152.196289
405637.75;5861836.5;-4153.180176
405698.0625;5861836.5;-4154.116211
405758.3438;5861836.5;-4155.063965
405818.6563;5861836.5;-4156.055664
405878.9688;5861836.5;-4157.111816
405939.25;5861836.5;-4158.359375
405999.5625;5861836.5;-4159.820801
406059.8438;5861836.5;-4161.508789
406120.1563;5861836.5;-4163.397949
406180.4688;5861836.5;-4165.603516
406240.75;5861836.5;-4168.399902
406301.0625;5861836.5;-4171.891113
406361.375;5861836.5;-4176.117676
406421.6563;5861836.5;-4180.771484
406481.9688;5861836.5;-4185.293945
406542.25;5861836.5;-4189.658691
406602.5625;5861836.5;-4194.438477
406662.875;5861836.5;-4197.244629
406723.1563;5861836.5;-4182.665039
406783.4688;5861836.5;-4162.567383
406843.7813;5861836.5;-4161.30127
406904.0625;5861836.5;-4160.721191
406964.375;5861836.5;-4160.541504
407024.6563;5861836.5;-4160.734375
407084.9688;5861836.5;-4160.910156
407145.2813;5861836.5;-4161.130371
407205.5625;5861836.5;-4161.606934
407265.875;5861836.5;-4162.091309
407326.1875;5861836.5;-4188.27002
407386.4688;5861836.5;-4188.01709
407446.7813;5861836.5;-4187.758789
407507.0625;5861836.5;-4187.512207
407567.375;5861836.5;-4187.258301
407627.6875;5861836.5;-4187.032715
407687.9688;5861836.5;-4186.829102
407748.2813;5861836.5;-4186.589355
407808.5938;5861836.5;-4186.348145
407868.875;5861836.5;-4186.11377
407929.1875;5861836.5;-4185.862305
407989.4688;5861836.5;-4185.61084
408049.7813;5861836.5;-4185.371582
408110.0938;5861836.5;-4185.131348
408170.375;5861836.5;-4184.891113
408230.6875;5861836.5;-4184.657715
408291;5861836.5;-4184.42334
408351.2813;5861836.5;-4184.186523
408411.5938;5861836.5;-4183.953613
408471.875;5861836.5;-4183.720703
408532.1875;5861836.5;-4183.485352
408592.5;5861836.5;-4183.25293
408652.7813;5861836.5;-4183.021484
408713.0938;5861836.5;-4182.791992
408773.4063;5861836.5;-4182.566406
408833.6875;5861836.5;-4182.34375
408894;5861836.5;-4182.12793
408954.2813;5861836.5;-4181.915039
409014.5938;5861836.5;-4181.706055
409074.9063;5861836.5;-4181.509277
409135.1875;5861836.5;-4181.314453
409195.5;5861836.5;-4181.122559
409255.8125;5861836.5;-4180.947266
409316.0938;5861836.5;-4180.773438
409376.4063;5861836.5;-4180.601074
401356.4063;5861897;-4122.584961
401416.6875;5861897;-4122.500977
401477;5861897;-4122.426758
401537.3125;5861897;-4122.359375
401597.5938;5861897;-4122.291016
401657.9063;5861897;-4122.224609
401718.2188;5861897;-4122.158203
401778.5;5861897;-4122.089844
401838.8125;5861897;-4122.018555
401899.0938;5861897;-4121.945801
401959.4063;5861897;-4121.87207
402019.7188;5861897;-4121.795898
402080;5861897;-4121.716309
402140.3125;5861897;-4121.635254
402200.625;5861897;-4121.554199
402260.9063;5861897;-4121.471191
402321.2188;5861897;-4121.390137
402381.5;5861897;-4121.312012
402441.8125;5861897;-4121.236328
402502.125;5861897;-4121.166992
402562.4063;5861897;-4121.108398
402622.7188;5861897;-4121.058594
402683.0313;5861897;-4121.020996
402743.3125;5861897;-4120.999023
402803.625;5861897;-4120.989258
402863.9063;5861897;-4120.994629
402924.2188;5861897;-4121.020996
402984.5313;5861897;-4121.06543
403044.8125;5861897;-4121.130859
403105.125;5861897;-4121.21875
403165.4375;5861897;-4121.318359
403225.7188;5861897;-4121.431641
403286.0313;5861897;-4121.560547
403346.3125;5861897;-4121.694824
403406.625;5861897;-4121.832031
403466.9375;5861897;-4121.97168
403527.2188;5861897;-4122.10498
403587.5313;5861897;-4122.230957
403647.8438;5861897;-4122.349609
403708.125;5861897;-4123.004883
403768.4375;5861897;-4123.087402
403828.7188;5861897;-4123.159668
403889.0313;5861897;-4123.223145
403949.3438;5861897;-4123.286621
404009.625;5861897;-4123.359375
404069.9375;5861897;-4123.452637
404130.25;5861897;-4123.577148
404190.5313;5861897;-4123.750977
404250.8438;5861897;-4132.035156
404311.125;5861897;-4132.40918
404371.4375;5861897;-4132.851563
404431.75;5861897;-4133.375488
404492.0313;5861897;-4126.620117
404552.3438;5861897;-4127.458984
404612.625;5861897;-4128.371582
404672.9375;5861897;-4129.389648
404733.25;5861897;-4130.460938
404793.5313;5861897;-4131.019531
404853.8438;5861897;-4132.57666
404914.1563;5861897;-4134.183105
404974.4375;5861897;-4135.859375
405034.75;5861897;-4137.5
405095.0313;5861897;-4139.095703
405155.3438;5861897;-4140.624023
405215.6563;5861897;-4142.045898
405275.9375;5861897;-4143.373535
405336.25;5861897;-4144.550781
405396.5625;5861897;-4145.659668
405456.8438;5861897;-4146.727539
405517.1563;5861897;-4147.738281
405577.4375;5861897;-4148.739258
405637.75;5861897;-4149.746582
405698.0625;5861897;-4150.685059
405758.3438;5861897;-4151.619141
405818.6563;5861897;-4152.571777
405878.9688;5861897;-4153.536133
405939.25;5861897;-4154.639648
405999.5625;5861897;-4155.91748
406059.8438;5861897;-4157.393555
406120.1563;5861897;-4159.098633
406180.4688;5861897;-4161.143066
406240.75;5861897;-4163.737793
406301.0625;5861897;-4166.968262
406361.375;5861897;-4170.881348
406421.6563;5861897;-4175.23291
406481.9688;5861897;-4179.164551
406542.25;5861897;-4182.624512
406602.5625;5861897;-4186.709473
406662.875;5861897;-4190.198242
406723.1563;5861897;-4191.525879
406783.4688;5861897;-4159.454102
406843.7813;5861897;-4159.276367
406904.0625;5861897;-4159.108887
406964.375;5861897;-4159.010742
407024.6563;5861897;-4159.147949
407084.9688;5861897;-4159.228027
407145.2813;5861897;-4159.326172
407205.5625;5861897;-4159.697266
407265.875;5861897;-4186.55957
407326.1875;5861897;-4186.192383
407386.4688;5861897;-4185.776855
407446.7813;5861897;-4185.380371
407507.0625;5861897;-4185.032227
407567.375;5861897;-4184.73291
407627.6875;5861897;-4184.498047
407687.9688;5861897;-4184.308105
407748.2813;5861897;-4184.103027
407808.5938;5861897;-4183.90918
407868.875;5861897;-4183.728027
407929.1875;5861897;-4183.527832
407989.4688;5861897;-4183.32666
408049.7813;5861897;-4183.136719
408110.0938;5861897;-4182.941895
408170.375;5861897;-4182.745117
408230.6875;5861897;-4182.552734
408291;5861897;-4182.356445
408351.2813;5861897;-4182.157227
408411.5938;5861897;-4181.959473
408471.875;5861897;-4181.760742
408532.1875;5861897;-4181.557617
408592.5;5861897;-4181.355469
408652.7813;5861897;-4181.154297
408713.0938;5861897;-4180.953125
408773.4063;5861897;-4180.753906
408833.6875;5861897;-4180.556152
408894;5861897;-4180.363281
408954.2813;5861897;-4180.171387
409014.5938;5861897;-4179.982422
409074.9063;5861897;-4179.803711
409135.1875;5861897;-4179.624512
409195.5;5861897;-4179.446777
409255.8125;5861897;-4179.282715
409316.0938;5861897;-4179.118652
409376.4063;5861897;-4178.955078
401356.4063;5861957.5;-4123.037598
401416.6875;5861957.5;-4122.936523
401477;5861957.5;-4122.842773
401537.3125;5861957.5;-4122.752441
401597.5938;5861957.5;-4122.65918
401657.9063;5861957.5;-4122.563477
401718.2188;5861957.5;-4122.466797
401778.5;5861957.5;-4122.365723
401838.8125;5861957.5;-4122.259277
401899.0938;5861957.5;-4122.150391
401959.4063;5861957.5;-4122.038086
402019.7188;5861957.5;-4121.921875
402080;5861957.5;-4121.80127
402140.3125;5861957.5;-4121.680176
402200.625;5861957.5;-4121.556641
402260.9063;5861957.5;-4121.431152
402321.2188;5861957.5;-4121.308105
402381.5;5861957.5;-4121.187988
402441.8125;5861957.5;-4121.070313
402502.125;5861957.5;-4120.959473
402562.4063;5861957.5;-4120.860352
402622.7188;5861957.5;-4120.77002
402683.0313;5861957.5;-4120.692383
402743.3125;5861957.5;-4120.630859
402803.625;5861957.5;-4120.58252
402863.9063;5861957.5;-4120.548828
402924.2188;5861957.5;-4120.537598
402984.5313;5861957.5;-4120.542969
403044.8125;5861957.5;-4120.568848
403105.125;5861957.5;-4120.618652
403165.4375;5861957.5;-4120.679199
403225.7188;5861957.5;-4120.751465
403286.0313;5861957.5;-4120.837402
403346.3125;5861957.5;-4120.927734
403406.625;5861957.5;-4121.017578
403466.9375;5861957.5;-4121.108887
403527.2188;5861957.5;-4121.191895
403587.5313;5861957.5;-4121.264648
403647.8438;5861957.5;-4129.595703
403708.125;5861957.5;-4121.846191
403768.4375;5861957.5;-4121.855957
403828.7188;5861957.5;-4121.852539
403889.0313;5861957.5;-4121.841797
403949.3438;5861957.5;-4121.829102
404009.625;5861957.5;-4121.826172
404069.9375;5861957.5;-4121.844727
404130.25;5861957.5;-4121.893555
404190.5313;5861957.5;-4121.994629
404250.8438;5861957.5;-4122.19043
404311.125;5861957.5;-4130.418945
404371.4375;5861957.5;-4130.789551
404431.75;5861957.5;-4131.065918
404492.0313;5861957.5;-4124.452637
404552.3438;5861957.5;-4125.187012
404612.625;5861957.5;-4125.985352
404672.9375;5861957.5;-4126.875977
404733.25;5861957.5;-4127.8125
404793.5313;5861957.5;-4129.075684
404853.8438;5861957.5;-4130.479492
404914.1563;5861957.5;-4131.925293
404974.4375;5861957.5;-4133.39209
405034.75;5861957.5;-4134.827148
405095.0313;5861957.5;-4136.221191
405155.3438;5861957.5;-4137.554199
405215.6563;5861957.5;-4138.803711
405275.9375;5861957.5;-4139.982422
405336.25;5861957.5;-4141.049805
405396.5625;5861957.5;-4142.081055
405456.8438;5861957.5;-4143.101563
405517.1563;5861957.5;-4144.115723
405577.4375;5861957.5;-4145.138184
405637.75;5861957.5;-4146.17041
405698.0625;5861957.5;-4147.105469
405758.3438;5861957.5;-4148.010742
405818.6563;5861957.5;-4148.897949
405878.9688;5861957.5;-4149.72998
405939.25;5861957.5;-4150.634277
405999.5625;5861957.5;-4151.665527
406059.8438;5861957.5;-4152.856445
406120.1563;5861957.5;-4154.273926
406180.4688;5861957.5;-4156.012695
406240.75;5861957.5;-4158.218262
406301.0625;5861957.5;-4160.977051
406361.375;5861957.5;-4164.467285
406421.6563;5861957.5;-4168.561035
406481.9688;5861957.5;-4172.14209
406542.25;5861957.5;-4175.116699
406602.5625;5861957.5;-4178.772949
406662.875;5861957.5;-4182.410645
406723.1563;5861957.5;-4185.074219
406783.4688;5861957.5;-4186.556641
406843.7813;5861957.5;-4155.878906
406904.0625;5861957.5;-4156.355469
406964.375;5861957.5;-4156.603027
407024.6563;5861957.5;-4156.944336
407084.9688;5861957.5;-4157.12793
407145.2813;5861957.5;-4157.242676
407205.5625;5861957.5;-4184.86377
407265.875;5861957.5;-4184.432129
407326.1875;5861957.5;-4183.897461
407386.4688;5861957.5;-4183.316406
407446.7813;5861957.5;-4182.783691
407507.0625;5861957.5;-4182.344727
407567.375;5861957.5;-4182.02002
407627.6875;5861957.5;-4181.79834
407687.9688;5861957.5;-4181.644043
407748.2813;5861957.5;-4181.494629
407808.5938;5861957.5;-4181.365723
407868.875;5861957.5;-4181.250977
407929.1875;5861957.5;-4181.115723
407989.4688;5861957.5;-4180.976563
408049.7813;5861957.5;-4180.844727
408110.0938;5861957.5;-4180.704102
408170.375;5861957.5;-4180.557617
408230.6875;5861957.5;-4180.412109
408291;5861957.5;-4180.260254
408351.2813;5861957.5;-4180.102051
408411.5938;5861957.5;-4179.945313
408471.875;5861957.5;-4179.78418
408532.1875;5861957.5;-4179.617676
408592.5;5861957.5;-4179.449219
408652.7813;5861957.5;-4179.280762
408713.0938;5861957.5;-4179.111328
408773.4063;5861957.5;-4178.939453
408833.6875;5861957.5;-4178.768555
408894;5861957.5;-4178.600586
408954.2813;5861957.5;-4178.431152
409014.5938;5861957.5;-4178.263184
409074.9063;5861957.5;-4178.103027
409135.1875;5861957.5;-4177.94043
409195.5;5861957.5;-4177.77832
409255.8125;5861957.5;-4177.626465
409316.0938;5861957.5;-4177.473145
409376.4063;5861957.5;-4177.318359
401356.4063;5862018;-4123.471191
401416.6875;5862018;-4123.352539
401477;5862018;-4123.239258
401537.3125;5862018;-4123.126953
401597.5938;5862018;-4123.008789
401657.9063;5862018;-4122.884766
401718.2188;5862018;-4122.757324
401778.5;5862018;-4122.622559
401838.8125;5862018;-4122.481934
401899.0938;5862018;-4122.335938
401959.4063;5862018;-4122.185059
402019.7188;5862018;-4122.029297
402080;5862018;-4121.867188
402140.3125;5862018;-4121.704102
402200.625;5862018;-4121.538086
402260.9063;5862018;-4121.369629
402321.2188;5862018;-4121.204102
402381.5;5862018;-4121.041992
402441.8125;5862018;-4120.882324
402502.125;5862018;-4120.72998
402562.4063;5862018;-4120.590332
402622.7188;5862018;-4120.460449
402683.0313;5862018;-4120.344238
402743.3125;5862018;-4120.245117
402803.625;5862018;-4120.15918
402863.9063;5862018;-4120.088867
402924.2188;5862018;-4120.041504
402984.5313;5862018;-4120.011719
403044.8125;5862018;-4120.002441
403105.125;5862018;-4120.017578
403165.4375;5862018;-4120.041992
403225.7188;5862018;-4120.077148
403286.0313;5862018;-4120.125977
403346.3125;5862018;-4120.175293
403406.625;5862018;-4120.223145
403466.9375;5862018;-4120.270508
403527.2188;5862018;-4120.307129
403587.5313;5862018;-4128.664063
403647.8438;5862018;-4128.703613
403708.125;5862018;-4128.71875
403768.4375;5862018;-4120.660156
403828.7188;5862018;-4120.581543
403889.0313;5862018;-4120.491699
403949.3438;5862018;-4120.396973
404009.625;5862018;-4120.311035
404069.9375;5862018;-4120.244141
404130.25;5862018;-4120.206543
404190.5313;5862018;-4120.22168
404250.8438;5862018;-4120.33252
404311.125;5862018;-4120.541016
404371.4375;5862018;-4128.666016
404431.75;5862018;-4121.653809
404492.0313;5862018;-4122.205078
404552.3438;5862018;-4122.829102
404612.625;5862018;-4123.511719
404672.9375;5862018;-4124.277832
404733.25;5862018;-4125.081543
404793.5313;5862018;-4125.872559
404853.8438;5862018;-4128.313477
404914.1563;5862018;-4129.599121
404974.4375;5862018;-4130.865723
405034.75;5862018;-4132.100098
405095.0313;5862018;-4133.294922
405155.3438;5862018;-4134.430664
405215.6563;5862018;-4135.5
405275.9375;5862018;-4136.51709
405336.25;5862018;-4137.460449
405396.5625;5862018;-4138.396973
405456.8438;5862018;-4139.356445
405517.1563;5862018;-4140.366699
405577.4375;5862018;-4141.406738
405637.75;5862018;-4142.46582
405698.0625;5862018;-4143.395508
405758.3438;5862018;-4144.258789
405818.6563;5862018;-4145.058105
405878.9688;5862018;-4145.720703
405939.25;5862018;-4146.383789
405999.5625;5862018;-4147.123535
406059.8438;5862018;-4147.977539
406120.1563;5862018;-4149.024902
406180.4688;5862018;-4150.333008
406240.75;5862018;-4151.991211
406301.0625;5862018;-4154.042969
406361.375;5862018;-4156.567383
406421.6563;5862018;-4159.584473
406481.9688;5862018;-4162.922852
406542.25;5862018;-4166.443359
406602.5625;5862018;-4170.504883
406662.875;5862018;-4174.555176
406723.1563;5862018;-4178.084473
406783.4688;5862018;-4180.719727
406843.7813;5862018;-4182.438965
406904.0625;5862018;-4152.625977
406964.375;5862018;-4153.359375
407024.6563;5862018;-4154.093262
407084.9688;5862018;-4154.561035
407145.2813;5862018;-4154.807617
407205.5625;5862018;-4182.568359
407265.875;5862018;-4182.023438
407326.1875;5862018;-4181.302246
407386.4688;5862018;-4180.549316
407446.7813;5862018;-4179.891113
407507.0625;5862018;-4179.38916
407567.375;5862018;-4179.077148
407627.6875;5862018;-4178.90918
407687.9688;5862018;-4178.827637
407748.2813;5862018;-4178.765625
407808.5938;5862018;-4178.728027
407868.875;5862018;-4178.699219
407929.1875;5862018;-4178.643066
407989.4688;5862018;-4178.577637
408049.7813;5862018;-4178.513672
408110.0938;5862018;-4178.433594
408170.375;5862018;-4178.343262
408230.6875;5862018;-4178.251953
408291;5862018;-4178.147949
408351.2813;5862018;-4178.036133
408411.5938;5862018;-4177.922852
408471.875;5862018;-4177.803223
408532.1875;5862018;-4177.675293
408592.5;5862018;-4177.542969
408652.7813;5862018;-4177.407715
408713.0938;5862018;-4177.270508
408773.4063;5862018;-4177.128418
408833.6875;5862018;-4176.983887
408894;5862018;-4176.841309
408954.2813;5862018;-4176.695801
409014.5938;5862018;-4176.547852
409074.9063;5862018;-4176.405762
409135.1875;5862018;-4176.26123
409195.5;5862018;-4176.112793
409255.8125;5862018;-4175.974121
409316.0938;5862018;-4175.831055
409376.4063;5862018;-4175.685059
401356.4063;5862078.5;-4123.890137
401416.6875;5862078.5;-4123.754883
401477;5862078.5;-4123.621094
401537.3125;5862078.5;-4123.486816
401597.5938;5862078.5;-4123.342285
401657.9063;5862078.5;-4123.189941
401718.2188;5862078.5;-4123.030762
401778.5;5862078.5;-4122.862793
401838.8125;5862078.5;-4122.686523
401899.0938;5862078.5;-4122.502441
401959.4063;5862078.5;-4122.3125
402019.7188;5862078.5;-4122.115723
402080;5862078.5;-4121.910645
402140.3125;5862078.5;-4121.704102
402200.625;5862078.5;-4121.494629
402260.9063;5862078.5;-4121.282227
402321.2188;5862078.5;-4121.073242
402381.5;5862078.5;-4120.868164
402441.8125;5862078.5;-4120.665039
402502.125;5862078.5;-4120.471191
402562.4063;5862078.5;-4120.291016
402622.7188;5862078.5;-4120.12207
402683.0313;5862078.5;-4119.966309
402743.3125;5862078.5;-4119.831055
402803.625;5862078.5;-4119.708984
402863.9063;5862078.5;-4119.604004
402924.2188;5862078.5;-4119.524414
402984.5313;5862078.5;-4119.462402
403044.8125;5862078.5;-4119.42041
403105.125;5862078.5;-4119.404785
403165.4375;5862078.5;-4119.398438
403225.7188;5862078.5;-4119.400391
403286.0313;5862078.5;-4119.416504
403346.3125;5862078.5;-4119.430664
403406.625;5862078.5;-4119.440918
403466.9375;5862078.5;-4119.449219
403527.2188;5862078.5;-4121.717285
403587.5313;5862078.5;-4127.849609
403647.8438;5862078.5;-4127.819336
403708.125;5862078.5;-4127.759277
403768.4375;5862078.5;-4127.672852
403828.7188;5862078.5;-4119.356934
403889.0313;5862078.5;-4119.185059
403949.3438;5862078.5;-4119.001465
404009.625;5862078.5;-4118.823242
404069.9375;5862078.5;-4118.660156
404130.25;5862078.5;-4118.524414
404190.5313;5862078.5;-4118.44043
404250.8438;5862078.5;-4118.452637
404311.125;5862078.5;-4118.562012
404371.4375;5862078.5;-4118.76123
404431.75;5862078.5;-4119.526855
404492.0313;5862078.5;-4119.966797
404552.3438;5862078.5;-4120.478516
404612.625;5862078.5;-4121.046875
404672.9375;5862078.5;-4121.691895
404733.25;5862078.5;-4122.369141
404793.5313;5862078.5;-4123.029297
404853.8438;5862078.5;-4123.706543
404914.1563;5862078.5;-4127.180176
404974.4375;5862078.5;-4128.236816
405034.75;5862078.5;-4129.259277
405095.0313;5862078.5;-4130.242188
405155.3438;5862078.5;-4131.172363
405215.6563;5862078.5;-4132.04541
405275.9375;5862078.5;-4132.879395
405336.25;5862078.5;-4133.661621
405396.5625;5862078.5;-4134.466797
405456.8438;5862078.5;-4135.332031
405517.1563;5862078.5;-4136.284668
405577.4375;5862078.5;-4137.679688
405637.75;5862078.5;-4138.738281
405698.0625;5862078.5;-4139.648926
405758.3438;5862078.5;-4140.451172
405818.6563;5862078.5;-4141.127441
405878.9688;5862078.5;-4141.580566
405939.25;5862078.5;-4141.962402
405999.5625;5862078.5;-4142.379395
406059.8438;5862078.5;-4142.868164
406120.1563;5862078.5;-4143.513672
406180.4688;5862078.5;-4144.347656
406240.75;5862078.5;-4145.40918
406301.0625;5862078.5;-4146.679199
406361.375;5862078.5;-4148.059082
406421.6563;5862078.5;-4149.693848
406481.9688;5862078.5;-4152.648438
406542.25;5862078.5;-4156.967285
406602.5625;5862078.5;-4161.846191
406662.875;5862078.5;-4166.553223
406723.1563;5862078.5;-4170.794434
406783.4688;5862078.5;-4174.269531
406843.7813;5862078.5;-4176.765625
406904.0625;5862078.5;-4170.949219
406964.375;5862078.5;-4149.497559
407024.6563;5862078.5;-4150.792969
407084.9688;5862078.5;-4151.706055
407145.2813;5862078.5;-4180.083496
407205.5625;5862078.5;-4179.833496
407265.875;5862078.5;-4179.128418
407326.1875;5862078.5;-4178.183105
407386.4688;5862078.5;-4177.252441
407446.7813;5862078.5;-4176.499512
407507.0625;5862078.5;-4175.991699
407567.375;5862078.5;-4175.764648
407627.6875;5862078.5;-4175.71582
407687.9688;5862078.5;-4175.766602
407748.2813;5862078.5;-4175.84082
407808.5938;5862078.5;-4175.928711
407868.875;5862078.5;-4176.012207
407929.1875;5862078.5;-4176.056641
407989.4688;5862078.5;-4176.081543
408049.7813;5862078.5;-4176.097656
408110.0938;5862078.5;-4176.090332
408170.375;5862078.5;-4176.067383
408230.6875;5862078.5;-4176.037109
408291;5862078.5;-4175.991699
408351.2813;5862078.5;-4175.932617
408411.5938;5862078.5;-4175.870605
408471.875;5862078.5;-4175.799316
408532.1875;5862078.5;-4175.714844
408592.5;5862078.5;-4175.624023
408652.7813;5862078.5;-4175.52832
408713.0938;5862078.5;-4175.426758
408773.4063;5862078.5;-4175.318848
408833.6875;5862078.5;-4175.205078
408894;5862078.5;-4175.091309
408954.2813;5862078.5;-4174.97168
409014.5938;5862078.5;-4174.848145
409074.9063;5862078.5;-4174.728516
409135.1875;5862078.5;-4174.603516
409195.5;5862078.5;-4174.472656
409255.8125;5862078.5;-4174.348633
409316.0938;5862078.5;-4174.218262
409376.4063;5862078.5;-4174.083496
401356.4063;5862139.5;-4124.299805
401416.6875;5862139.5;-4124.146973
401477;5862139.5;-4123.994141
401537.3125;5862139.5;-4123.836914
401597.5938;5862139.5;-4123.664551
401657.9063;5862139.5;-4123.483887
401718.2188;5862139.5;-4123.292969
401778.5;5862139.5;-4123.09082
401838.8125;5862139.5;-4122.876953
401899.0938;5862139.5;-4122.654297
401959.4063;5862139.5;-4122.423828
402019.7188;5862139.5;-4122.185059
402080;5862139.5;-4121.937012
402140.3125;5862139.5;-4121.685547
402200.625;5862139.5;-4121.431152
402260.9063;5862139.5;-4121.173828
402321.2188;5862139.5;-4120.919434
402381.5;5862139.5;-4120.670898
402441.8125;5862139.5;-4120.424316
402502.125;5862139.5;-4120.187988
402562.4063;5862139.5;-4119.967285
402622.7188;5862139.5;-4119.758789
402683.0313;5862139.5;-4119.566895
402743.3125;5862139.5;-4119.395996
402803.625;5862139.5;-4119.240723
402863.9063;5862139.5;-4119.103516
402924.2188;5862139.5;-4118.995117
402984.5313;5862139.5;-4118.903809
403044.8125;5862139.5;-4118.834473
403105.125;5862139.5;-4118.793945
403165.4375;5862139.5;-4118.76123
403225.7188;5862139.5;-4118.73584
403286.0313;5862139.5;-4118.724609
403346.3125;5862139.5;-4118.709473
403406.625;5862139.5;-4118.687988
403466.9375;5862139.5;-4118.662109
403527.2188;5862139.5;-4127.099609
403587.5313;5862139.5;-4127.069824
403647.8438;5862139.5;-4126.972656
403708.125;5862139.5;-4126.840332
403768.4375;5862139.5;-4126.674316
403828.7188;5862139.5;-4126.444336
403889.0313;5862139.5;-4117.936523
403949.3438;5862139.5;-4117.659668
404009.625;5862139.5;-4117.379883
404069.9375;5862139.5;-4117.111816
404130.25;5862139.5;-4116.866211
404190.5313;5862139.5;-4116.671387
404250.8438;5862139.5;-4116.571289
404311.125;5862139.5;-4116.571289
404371.4375;5862139.5;-4116.662109
404431.75;5862139.5;-4116.855469
404492.0313;5862139.5;-4117.722168
404552.3438;5862139.5;-4118.119141
404612.625;5862139.5;-4118.572754
404672.9375;5862139.5;-4119.099609
404733.25;5862139.5;-4119.654297
404793.5313;5862139.5;-4120.188965
404853.8438;5862139.5;-4120.733887
404914.1563;5862139.5;-4121.490234
404974.4375;5862139.5;-4125.560059
405034.75;5862139.5;-4126.369629
405095.0313;5862139.5;-4127.136719
405155.3438;5862139.5;-4127.852539
405215.6563;5862139.5;-4128.513672
405275.9375;5862139.5;-4129.13916
405336.25;5862139.5;-4129.727539
405396.5625;5862139.5;-4130.365234
405456.8438;5862139.5;-4131.111328
405517.1563;5862139.5;-4131.979492
405577.4375;5862139.5;-4133.896484
405637.75;5862139.5;-4134.966309
405698.0625;5862139.5;-4135.876465
405758.3438;5862139.5;-4136.625488
405818.6563;5862139.5;-4137.168457
405878.9688;5862139.5;-4137.382813
405939.25;5862139.5;-4137.453613
405999.5625;5862139.5;-4137.532715
406059.8438;5862139.5;-4137.669922
406120.1563;5862139.5;-4137.961914
406180.4688;5862139.5;-4138.417969
406240.75;5862139.5;-4139.042969
406301.0625;5862139.5;-4139.847656
406361.375;5862139.5;-4140.907227
406421.6563;5862139.5;-4142.41748
406481.9688;5862139.5;-4145.102539
406542.25;5862139.5;-4149.149414
406602.5625;5862139.5;-4154.061523
406662.875;5862139.5;-4159.023438
406723.1563;5862139.5;-4163.62793
406783.4688;5862139.5;-4167.608887
406843.7813;5862139.5;-4170.683105
406904.0625;5862139.5;-4173.055176
406964.375;5862139.5;-4150.136719
407024.6563;5862139.5;-4147.151855
407084.9688;5862139.5;-4176.322754
407145.2813;5862139.5;-4176.895508
407205.5625;5862139.5;-4176.581055
407265.875;5862139.5;-4175.617676
407326.1875;5862139.5;-4174.405273
407386.4688;5862139.5;-4173.323242
407446.7813;5862139.5;-4172.547852
407507.0625;5862139.5;-4172.130859
407567.375;5862139.5;-4172.083496
407627.6875;5862139.5;-4172.243164
407687.9688;5862139.5;-4172.495605
407748.2813;5862139.5;-4172.76416
407808.5938;5862139.5;-4173.017578
407868.875;5862139.5;-4173.23877
407929.1875;5862139.5;-4173.40332
407989.4688;5862139.5;-4173.532227
408049.7813;5862139.5;-4173.639648
408110.0938;5862139.5;-4173.713867
408170.375;5862139.5;-4173.765137
408230.6875;5862139.5;-4173.803223
408291;5862139.5;-4173.819336
408351.2813;5862139.5;-4173.818359
408411.5938;5862139.5;-4173.810547
408471.875;5862139.5;-4173.791504
408532.1875;5862139.5;-4173.753418
408592.5;5862139.5;-4173.706543
408652.7813;5862139.5;-4173.651367
408713.0938;5862139.5;-4173.589844
408773.4063;5862139.5;-4173.51709
408833.6875;5862139.5;-4173.436035
408894;5862139.5;-4173.352051
408954.2813;5862139.5;-4173.260742
409014.5938;5862139.5;-4173.162109
409074.9063;5862139.5;-4173.06543
409135.1875;5862139.5;-4172.960938
409195.5;5862139.5;-4172.848633
409255.8125;5862139.5;-4172.740234
409316.0938;5862139.5;-4172.624512
409376.4063;5862139.5;-4172.500977
401356.4063;5862200;-4124.70459
401416.6875;5862200;-4124.534668
401477;5862200;-4124.361328
401537.3125;5862200;-4124.180176
401597.5938;5862200;-4123.981934
401657.9063;5862200;-4123.770996
401718.2188;5862200;-4123.547363
401778.5;5862200;-4123.310547
401838.8125;5862200;-4123.059082
401899.0938;5862200;-4122.796875
401959.4063;5862200;-4122.524902
402019.7188;5862200;-4122.242676
402080;5862200;-4121.949707
402140.3125;5862200;-4121.651855
402200.625;5862200;-4121.352051
402260.9063;5862200;-4121.04834
402321.2188;5862200;-4120.748535
402381.5;5862200;-4120.455078
402441.8125;5862200;-4120.164551
402502.125;5862200;-4119.885254
402562.4063;5862200;-4119.625
402622.7188;5862200;-4119.37793
402683.0313;5862200;-4119.149902
402743.3125;5862200;-4118.946777
402803.625;5862200;-4118.76123
402863.9063;5862200;-4118.595215
402924.2188;5862200;-4118.461426
402984.5313;5862200;-4118.34668
403044.8125;5862200;-4118.254883
403105.125;5862200;-4118.193359
403165.4375;5862200;-4118.140625
403225.7188;5862200;-4118.094238
403286.0313;5862200;-4118.061523
403346.3125;5862200;-4118.022461
403406.625;5862200;-4117.975098
403466.9375;5862200;-4126.486328
403527.2188;5862200;-4126.429199
403587.5313;5862200;-4126.347168
403647.8438;5862200;-4126.189453
403708.125;5862200;-4125.98877
403768.4375;5862200;-4125.746582
403828.7188;5862200;-4125.426758
403889.0313;5862200;-4125.061523
403949.3438;5862200;-4116.383789
404009.625;5862200;-4115.996582
404069.9375;5862200;-4115.614746
404130.25;5862200;-4115.25
404190.5313;5862200;-4114.932129
404250.8438;5862200;-4114.709961
404311.125;5862200;-4114.588867
404371.4375;5862200;-4114.561035
404431.75;5862200;-4114.640137
404492.0313;5862200;-4114.836914
404552.3438;5862200;-4115.734863
404612.625;5862200;-4116.074219
404672.9375;5862200;-4116.484863
404733.25;5862200;-4116.919922
404793.5313;5862200;-4117.333008
404853.8438;5862200;-4117.751465
404914.1563;5862200;-4118.48584
404974.4375;5862200;-4118.942383
405034.75;5862200;-4123.484863
405095.0313;5862200;-4124.037109
405155.3438;5862200;-4124.53125
405215.6563;5862200;-4124.961426
405275.9375;5862200;-4125.354004
405336.25;5862200;-4125.716309
405396.5625;5862200;-4126.151855
405456.8438;5862200;-4126.755371
405517.1563;5862200;-4127.537109
405577.4375;5862200;-4130.008789
405637.75;5862200;-4131.143066
405698.0625;5862200;-4132.109863
405758.3438;5862200;-4132.84668
405818.6563;5862200;-4133.270996
405878.9688;5862200;-4133.225098
405939.25;5862200;-4132.950195
405999.5625;5862200;-4132.675781
406059.8438;5862200;-4132.478516
406120.1563;5862200;-4132.492188
406180.4688;5862200;-4132.708008
406240.75;5862200;-4133.086426
406301.0625;5862200;-4133.644043
406361.375;5862200;-4134.594238
406421.6563;5862200;-4136.233887
406481.9688;5862200;-4138.820801
406542.25;5862200;-4142.514648
406602.5625;5862200;-4147.199219
406662.875;5862200;-4152.063477
406723.1563;5862200;-4156.697754
406783.4688;5862200;-4160.888184
406843.7813;5862200;-4164.369141
406904.0625;5862200;-4167.278809
406964.375;5862200;-4169.845215
407024.6563;5862200;-4170.682129
407084.9688;5862200;-4172.496582
407145.2813;5862200;-4173.212891
407205.5625;5862200;-4172.711426
407265.875;5862200;-4171.353027
407326.1875;5862200;-4169.871094
407386.4688;5862200;-4168.727051
407446.7813;5862200;-4168.057129
407507.0625;5862200;-4167.86377
407567.375;5862200;-4168.109375
407627.6875;5862200;-4168.561035
407687.9688;5862200;-4169.085449
407748.2813;5862200;-4169.59668
407808.5938;5862200;-4170.046875
407868.875;5862200;-4170.427246
407929.1875;5862200;-4170.726563
407989.4688;5862200;-4170.97168
408049.7813;5862200;-4171.17627
408110.0938;5862200;-4171.336914
408170.375;5862200;-4171.466309
408230.6875;5862200;-4171.574219
408291;5862200;-4171.654297
408351.2813;5862200;-4171.712891
408411.5938;5862200;-4171.761719
408471.875;5862200;-4171.794434
408532.1875;5862200;-4171.804199
408592.5;5862200;-4171.801758
408652.7813;5862200;-4171.788086
408713.0938;5862200;-4171.764648
408773.4063;5862200;-4171.726563
408833.6875;5862200;-4171.678223
408894;5862200;-4171.624023
408954.2813;5862200;-4171.560547
409014.5938;5862200;-4171.487305
409074.9063;5862200;-4171.412109
409135.1875;5862200;-4171.328125
409195.5;5862200;-4171.234863
409255.8125;5862200;-4171.141602
409316.0938;5862200;-4171.039063
409376.4063;5862200;-4170.927734
401356.4063;5862260.5;-4125.109863
401416.6875;5862260.5;-4124.921875
401477;5862260.5;-4124.727051
401537.3125;5862260.5;-4124.522949
401597.5938;5862260.5;-4124.297363
401657.9063;5862260.5;-4124.055176
401718.2188;5862260.5;-4123.798828
401778.5;5862260.5;-4123.525879
401838.8125;5862260.5;-4123.236328
401899.0938;5862260.5;-4122.932129
401959.4063;5862260.5;-4122.617676
402019.7188;5862260.5;-4122.290039
402080;5862260.5;-4121.950195
402140.3125;5862260.5;-4121.60498
402200.625;5862260.5;-4121.257324
402260.9063;5862260.5;-4120.905273
402321.2188;5862260.5;-4120.558105
402381.5;5862260.5;-4120.218262
402441.8125;5862260.5;-4119.882813
402502.125;5862260.5;-4119.561035
402562.4063;5862260.5;-4119.260742
402622.7188;5862260.5;-4118.977539
402683.0313;5862260.5;-4118.715332
402743.3125;5862260.5;-4118.482422
402803.625;5862260.5;-4118.269043
402863.9063;5862260.5;-4118.078613
402924.2188;5862260.5;-4117.923828
402984.5313;5862260.5;-4117.790039
403044.8125;5862260.5;-4117.681152
403105.125;5862260.5;-4117.60498
403165.4375;5862260.5;-4117.537598
403225.7188;5862260.5;-4117.476074
403286.0313;5862260.5;-4117.427246
403346.3125;5862260.5;-4117.371094
403406.625;5862260.5;-4125.955078
403466.9375;5862260.5;-4125.884277
403527.2188;5862260.5;-4125.785156
403587.5313;5862260.5;-4125.658203
403647.8438;5862260.5;-4125.444336
403708.125;5862260.5;-4125.180664
403768.4375;5862260.5;-4124.865234
403828.7188;5862260.5;-4124.456055
403889.0313;5862260.5;-4123.98877
403949.3438;5862260.5;-4123.472656
404009.625;5862260.5;-4122.874512
404069.9375;5862260.5;-4114.196777
404130.25;5862260.5;-4113.701172
404190.5313;5862260.5;-4113.247559
404250.8438;5862260.5;-4112.888672
404311.125;5862260.5;-4112.631348
404371.4375;5862260.5;-4112.473633
404431.75;5862260.5;-4112.430176
404492.0313;5862260.5;-4112.51123
404552.3438;5862260.5;-4113.426758
404612.625;5862260.5;-4113.655762
404672.9375;5862260.5;-4113.960449
404733.25;5862260.5;-4114.288086
404793.5313;5862260.5;-4114.590332
404853.8438;5862260.5;-4114.892578
404914.1563;5862260.5;-4115.607422
404974.4375;5862260.5;-4115.977539
405034.75;5862260.5;-4116.29541
405095.0313;5862260.5;-4120.854492
405155.3438;5862260.5;-4121.116699
405215.6563;5862260.5;-4121.294434
405275.9375;5862260.5;-4121.421387
405336.25;5862260.5;-4121.521973
405396.5625;5862260.5;-4121.71875
405456.8438;5862260.5;-4122.156738
405517.1563;5862260.5;-4122.874023
405577.4375;5862260.5;-4125.97998
405637.75;5862260.5;-4127.281738
405698.0625;5862260.5;-4128.409668
405758.3438;5862260.5;-4129.217285
405818.6563;5862260.5;-4129.561523
405878.9688;5862260.5;-4129.231445
405939.25;5862260.5;-4128.561035
405999.5625;5862260.5;-4127.896484
406059.8438;5862260.5;-4127.372559
406120.1563;5862260.5;-4127.192871
406180.4688;5862260.5;-4127.32666
406240.75;5862260.5;-4127.659668
406301.0625;5862260.5;-4128.196289
406361.375;5862260.5;-4129.21582
406421.6563;5862260.5;-4130.993652
406481.9688;5862260.5;-4133.558594
406542.25;5862260.5;-4136.985352
406602.5625;5862260.5;-4141.251465
406662.875;5862260.5;-4145.745605
406723.1563;5862260.5;-4150.133789
406783.4688;5862260.5;-4154.257324
406843.7813;5862260.5;-4157.941895
406904.0625;5862260.5;-4161.238281
406964.375;5862260.5;-4162.891602
407024.6563;5862260.5;-4165.804199
407084.9688;5862260.5;-4167.983398
407145.2813;5862260.5;-4168.899414
407205.5625;5862260.5;-4168.096191
407265.875;5862260.5;-4166.071289
407326.1875;5862260.5;-4164.32666
407386.4688;5862260.5;-4163.307129
407446.7813;5862260.5;-4162.943359
407507.0625;5862260.5;-4163.153809
407567.375;5862260.5;-4163.821777
407627.6875;5862260.5;-4164.661133
407687.9688;5862260.5;-4165.526367
407748.2813;5862260.5;-4166.328125
407808.5938;5862260.5;-4167.003906
407868.875;5862260.5;-4167.5625
407929.1875;5862260.5;-4168.009766
407989.4688;5862260.5;-4168.378906
408049.7813;5862260.5;-4168.688965
408110.0938;5862260.5;-4168.941895
408170.375;5862260.5;-4169.154785
408230.6875;5862260.5;-4169.337402
408291;5862260.5;-4169.484375
408351.2813;5862260.5;-4169.606445
408411.5938;5862260.5;-4169.713867
408471.875;5862260.5;-4169.801758
408532.1875;5862260.5;-4169.860352
408592.5;5862260.5;-4169.904297
408652.7813;5862260.5;-4169.934082
408713.0938;5862260.5;-4169.950195
408773.4063;5862260.5;-4169.948242
408833.6875;5862260.5;-4169.934082
408894;5862260.5;-4169.911133
408954.2813;5862260.5;-4169.875977
409014.5938;5862260.5;-4169.828613
409074.9063;5862260.5;-4169.777344
409135.1875;5862260.5;-4169.715332
409195.5;5862260.5;-4169.64209
409255.8125;5862260.5;-4169.564941
409316.0938;5862260.5;-4169.477539
409376.4063;5862260.5;-4169.379883
401356.4063;5862321;-4125.519531
401416.6875;5862321;-4125.312012
401477;5862321;-4125.095703
401537.3125;5862321;-4124.866699
401597.5938;5862321;-4124.612793
401657.9063;5862321;-4124.338867
401718.2188;5862321;-4124.047852
401778.5;5862321;-4123.737305
401838.8125;5862321;-4123.40625
401899.0938;5862321;-4123.060059
401959.4063;5862321;-4122.700195
402019.7188;5862321;-4122.324707
402080;5862321;-4121.935059
402140.3125;5862321;-4121.540527
402200.625;5862321;-4121.142578
402260.9063;5862321;-4120.739746
402321.2188;5862321;-4120.343262
402381.5;5862321;-4119.956055
402441.8125;5862321;-4119.574707
402502.125;5862321;-4119.209473
402562.4063;5862321;-4118.869629
402622.7188;5862321;-4118.550293
402683.0313;5862321;-4118.257324
402743.3125;5862321;-4117.997559
402803.625;5862321;-4117.761719
402863.9063;5862321;-4117.551758
402924.2188;5862321;-4117.381836
402984.5313;5862321;-4117.235352
403044.8125;5862321;-4117.117188
403105.125;5862321;-4117.03418
403165.4375;5862321;-4116.959961
403225.7188;5862321;-4116.891113
403286.0313;5862321;-4116.835938
403346.3125;5862321;-4116.771484
403406.625;5862321;-4125.431152
403466.9375;5862321;-4125.333008
403527.2188;5862321;-4125.20459
403587.5313;5862321;-4125.043457
403647.8438;5862321;-4124.786133
403708.125;5862321;-4124.470215
403768.4375;5862321;-4124.089355
403828.7188;5862321;-4123.598145
403889.0313;5862321;-4123.030762
403949.3438;5862321;-4122.393066
404009.625;5862321;-4121.644531
404069.9375;5862321;-4120.848633
404130.25;5862321;-4112.265137
404190.5313;5862321;-4111.655762
404250.8438;5862321;-4111.138672
404311.125;5862321;-4110.727051
404371.4375;5862321;-4110.421875
404431.75;5862321;-4110.242188
404492.0313;5862321;-4110.200684
404552.3438;5862321;-4110.241699
404612.625;5862321;-4111.309082
404672.9375;5862321;-4111.51709
404733.25;5862321;-4111.750488
404793.5313;5862321;-4111.954102
404853.8438;5862321;-4112.154297
404914.1563;5862321;-4112.853516
404974.4375;5862321;-4113.158691
405034.75;5862321;-4113.396484
405095.0313;5862321;-4113.565918
405155.3438;5862321;-4117.671387
405215.6563;5862321;-4117.572754
405275.9375;5862321;-4117.399414
405336.25;5862321;-4117.198242
405396.5625;5862321;-4117.11084
405456.8438;5862321;-4117.352539
405517.1563;5862321;-4118.033691
405577.4375;5862321;-4121.898438
405637.75;5862321;-4123.545898
405698.0625;5862321;-4125.018555
405758.3438;5862321;-4126.036621
405818.6563;5862321;-4126.361816
405878.9688;5862321;-4125.699219
405939.25;5862321;-4124.519531
405999.5625;5862321;-4123.360352
406059.8438;5862321;-4122.467285
406120.1563;5862321;-4122.179688
406180.4688;5862321;-4122.428223
406240.75;5862321;-4122.973633
406301.0625;5862321;-4123.757813
406361.375;5862321;-4124.992676
406421.6563;5862321;-4126.874023
406481.9688;5862321;-4129.352539
406542.25;5862321;-4132.436523
406602.5625;5862321;-4136.131836
406662.875;5862321;-4140.060059
406723.1563;5862321;-4143.977539
406783.4688;5862321;-4147.796387
406843.7813;5862321;-4151.452148
406904.0625;5862321;-4153.564453
406964.375;5862321;-4156.97168
407024.6563;5862321;-4160.104492
407084.9688;5862321;-4162.620117
407145.2813;5862321;-4163.883301
407205.5625;5862321;-4162.773438
407265.875;5862321;-4159.878418
407326.1875;5862321;-4157.903809
407386.4688;5862321;-4157.282715
407446.7813;5862321;-4157.448242
407507.0625;5862321;-4158.22168
407567.375;5862321;-4159.413574
407627.6875;5862321;-4160.700195
407687.9688;5862321;-4161.942383
407748.2813;5862321;-4163.053711
407808.5938;5862321;-4163.964355
407868.875;5862321;-4164.705566
407929.1875;5862321;-4165.302246
407989.4688;5862321;-4165.797852
408049.7813;5862321;-4166.213867
408110.0938;5862321;-4166.561035
408170.375;5862321;-4166.858398
408230.6875;5862321;-4167.117676
408291;5862321;-4167.333496
408351.2813;5862321;-4167.519043
408411.5938;5862321;-4167.686523
408471.875;5862321;-4167.829102
408532.1875;5862321;-4167.938477
408592.5;5862321;-4168.027832
408652.7813;5862321;-4168.101074
408713.0938;5862321;-4168.157715
408773.4063;5862321;-4168.193848
408833.6875;5862321;-4168.212891
408894;5862321;-4168.220703
408954.2813;5862321;-4168.214355
409014.5938;5862321;-4168.193848
409074.9063;5862321;-4168.166504
409135.1875;5862321;-4168.126465
409195.5;5862321;-4168.072754
409255.8125;5862321;-4168.013184
409316.0938;5862321;-4167.941406
409376.4063;5862321;-4167.85791
401356.4063;5862381.5;-4125.9375
401416.6875;5862381.5;-4125.709961
401477;5862381.5;-4125.470703
401537.3125;5862381.5;-4125.216309
401597.5938;5862381.5;-4124.931641
401657.9063;5862381.5;-4124.625488
401718.2188;5862381.5;-4124.298828
401778.5;5862381.5;-4123.950195
401838.8125;5862381.5;-4123.57666
401899.0938;5862381.5;-4123.185059
401959.4063;5862381.5;-4122.777832
402019.7188;5862381.5;-4122.352539
402080;5862381.5;-4121.910645
402140.3125;5862381.5;-4121.462891
402200.625;5862381.5;-4121.01123
402260.9063;5862381.5;-4120.555664
402321.2188;5862381.5;-4120.106934
402381.5;5862381.5;-4119.669922
402441.8125;5862381.5;-4119.241699
402502.125;5862381.5;-4118.833008
402562.4063;5862381.5;-4118.454102
402622.7188;5862381.5;-4118.100586
402683.0313;5862381.5;-4117.77832
402743.3125;5862381.5;-4117.495117
402803.625;5862381.5;-4117.240234
402863.9063;5862381.5;-4117.01709
402924.2188;5862381.5;-4116.837891
402984.5313;5862381.5;-4116.685547
403044.8125;5862381.5;-4116.563477
403105.125;5862381.5;-4116.481445
403165.4375;5862381.5;-4116.407227
403225.7188;5862381.5;-4116.339844
403286.0313;5862381.5;-4116.285156
403346.3125;5862381.5;-4125.01416
403406.625;5862381.5;-4124.968262
403466.9375;5862381.5;-4124.855469
403527.2188;5862381.5;-4124.710449
403587.5313;5862381.5;-4124.530273
403647.8438;5862381.5;-4124.245605
403708.125;5862381.5;-4123.893555
403768.4375;5862381.5;-4123.463379
403828.7188;5862381.5;-4122.901367
403889.0313;5862381.5;-4122.242188
403949.3438;5862381.5;-4121.484863
404009.625;5862381.5;-4120.580566
404069.9375;5862381.5;-4119.604004
404130.25;5862381.5;-4118.606934
404190.5313;5862381.5;-4110.178711
404250.8438;5862381.5;-4109.481445
404311.125;5862381.5;-4108.893555
404371.4375;5862381.5;-4108.421387
404431.75;5862381.5;-4108.09082
404492.0313;5862381.5;-4107.91748
404552.3438;5862381.5;-4107.841309
404612.625;5862381.5;-4107.833008
404672.9375;5862381.5;-4109.105469
404733.25;5862381.5;-4109.253906
404793.5313;5862381.5;-4109.368652
404853.8438;5862381.5;-4109.989746
404914.1563;5862381.5;-4110.173828
404974.4375;5862381.5;-4110.42041
405034.75;5862381.5;-4110.581543
405095.0313;5862381.5;-4110.648438
405155.3438;5862381.5;-4110.588379
405215.6563;5862381.5;-4113.916504
405275.9375;5862381.5;-4113.4375
405336.25;5862381.5;-4112.92334
405396.5625;5862381.5;-4112.521973
405456.8438;5862381.5;-4112.544434
405517.1563;5862381.5;-4113.206543
405577.4375;5862381.5;-4117.978516
405637.75;5862381.5;-4120.19043
405698.0625;5862381.5;-4122.210938
405758.3438;5862381.5;-4123.583496
405818.6563;5862381.5;-4123.92627
405878.9688;5862381.5;-4122.819824
405939.25;5862381.5;-4120.920898
405999.5625;5862381.5;-4119.056152
406059.8438;5862381.5;-4117.668457
406120.1563;5862381.5;-4117.294434
406180.4688;5862381.5;-4117.82373
406240.75;5862381.5;-4118.812012
406301.0625;5862381.5;-4120.04541
406361.375;5862381.5;-4121.559082
406421.6563;5862381.5;-4123.463867
406481.9688;5862381.5;-4125.746582
406542.25;5862381.5;-4128.387695
406602.5625;5862381.5;-4131.414551
406662.875;5862381.5;-4134.650391
406723.1563;5862381.5;-4137.944824
406783.4688;5862381.5;-4141.321289
406843.7813;5862381.5;-4144.837891
406904.0625;5862381.5;-4147.23291
406964.375;5862381.5;-4150.571289
407024.6563;5862381.5;-4153.66748
407084.9688;5862381.5;-4156.163086
407145.2813;5862381.5;-4157.407715
407205.5625;5862381.5;-4156.263672
407265.875;5862381.5;-4153.29834
407326.1875;5862381.5;-4151.623535
407386.4688;5862381.5;-4151.651367
407446.7813;5862381.5;-4152.401855
407507.0625;5862381.5;-4153.683594
407567.375;5862381.5;-4155.324219
407627.6875;5862381.5;-4156.992676
407687.9688;5862381.5;-4158.556152
407748.2813;5862381.5;-4159.928711
407808.5938;5862381.5;-4161.038574
407868.875;5862381.5;-4161.938477
407929.1875;5862381.5;-4162.668457
407989.4688;5862381.5;-4163.278809
408049.7813;5862381.5;-4163.794922
408110.0938;5862381.5;-4164.230957
408170.375;5862381.5;-4164.609375
408230.6875;5862381.5;-4164.943359
408291;5862381.5;-4165.225098
408351.2813;5862381.5;-4165.472168
408411.5938;5862381.5;-4165.696777
408471.875;5862381.5;-4165.892578
408532.1875;5862381.5;-4166.049805
408592.5;5862381.5;-4166.184082
408652.7813;5862381.5;-4166.298828
408713.0938;5862381.5;-4166.394043
408773.4063;5862381.5;-4166.464844
408833.6875;5862381.5;-4166.516113
408894;5862381.5;-4166.554199
408954.2813;5862381.5;-4166.576172
409014.5938;5862381.5;-4166.580566
409074.9063;5862381.5;-4166.575684
409135.1875;5862381.5;-4166.557129
409195.5;5862381.5;-4166.522461
409255.8125;5862381.5;-4166.47998
409316.0938;5862381.5;-4166.422852
409376.4063;5862381.5;-4166.352539
401356.4063;5862442.5;-4126.368652
401416.6875;5862442.5;-4126.119629
401477;5862442.5;-4125.856445
401537.3125;5862442.5;-4125.574219
401597.5938;5862442.5;-4125.259766
401657.9063;5862442.5;-4124.919922
401718.2188;5862442.5;-4124.556641
401778.5;5862442.5;-4124.166992
401838.8125;5862442.5;-4123.75
401899.0938;5862442.5;-4123.311523
401959.4063;5862442.5;-4122.854492
402019.7188;5862442.5;-4122.377441
402080;5862442.5;-4121.880859
402140.3125;5862442.5;-4121.376953
402200.625;5862442.5;-4120.870117
402260.9063;5862442.5;-4120.35791
402321.2188;5862442.5;-4119.855957
402381.5;5862442.5;-4119.368164
402441.8125;5862442.5;-4118.891113
402502.125;5862442.5;-4118.437988
402562.4063;5862442.5;-4118.020996
402622.7188;5862442.5;-4117.634277
402683.0313;5862442.5;-4117.285645
402743.3125;5862442.5;-4116.982422
402803.625;5862442.5;-4116.712891
402863.9063;5862442.5;-4116.479492
402924.2188;5862442.5;-4116.294922
402984.5313;5862442.5;-4116.14209
403044.8125;5862442.5;-4116.021484
403105.125;5862442.5;-4115.943848
403165.4375;5862442.5;-4115.875
403225.7188;5862442.5;-4115.812988
403286.0313;5862442.5;-4124.605469
403346.3125;5862442.5;-4124.566895
403406.625;5862442.5;-4124.517578
403466.9375;5862442.5;-4124.399414
403527.2188;5862442.5;-4124.25
403587.5313;5862442.5;-4124.064453
403647.8438;5862442.5;-4123.767578
403708.125;5862442.5;-4123.394043
403768.4375;5862442.5;-4122.930176
403828.7188;5862442.5;-4122.308594
403889.0313;5862442.5;-4121.565918
403949.3438;5862442.5;-4120.692383
404009.625;5862442.5;-4119.625488
404069.9375;5862442.5;-4118.458008
404130.25;5862442.5;-4117.247559
404190.5313;5862442.5;-4115.967285
404250.8438;5862442.5;-4107.919922
404311.125;5862442.5;-4107.133301
404371.4375;5862442.5;-4106.472656
404431.75;5862442.5;-4105.97168
404492.0313;5862442.5;-4105.654785
404552.3438;5862442.5;-4105.453613
404612.625;5862442.5;-4105.334473
404672.9375;5862442.5;-4105.324219
404733.25;5862442.5;-4106.907715
404793.5313;5862442.5;-4106.942871
404853.8438;5862442.5;-4107.410645
404914.1563;5862442.5;-4107.592773
404974.4375;5862442.5;-4107.82373
405034.75;5862442.5;-4107.953125
405095.0313;5862442.5;-4107.958496
405155.3438;5862442.5;-4107.750488
405215.6563;5862442.5;-4107.373535
405275.9375;5862442.5;-4109.535156
405336.25;5862442.5;-4108.743652
405396.5625;5862442.5;-4108.058594
405456.8438;5862442.5;-4107.852051
405517.1563;5862442.5;-4108.442383
405577.4375;5862442.5;-4114.276855
405637.75;5862442.5;-4117.269531
405698.0625;5862442.5;-4119.968262
405758.3438;5862442.5;-4121.754395
405818.6563;5862442.5;-4122.086914
405878.9688;5862442.5;-4120.376465
405939.25;5862442.5;-4117.500488
405999.5625;5862442.5;-4114.684082
406059.8438;5862442.5;-4112.620117
406120.1563;5862442.5;-4112.07666
406180.4688;5862442.5;-4113.024414
406240.75;5862442.5;-4114.716309
406301.0625;5862442.5;-4116.541992
406361.375;5862442.5;-4118.393555
406421.6563;5862442.5;-4120.336914
406481.9688;5862442.5;-4122.398926
406542.25;5862442.5;-4124.549316
406602.5625;5862442.5;-4126.850586
406662.875;5862442.5;-4129.306152
406723.1563;5862442.5;-4131.881348
406783.4688;5862442.5;-4134.759277
406843.7813;5862442.5;-4137.444336
406904.0625;5862442.5;-4140.822266
406964.375;5862442.5;-4143.993652
407024.6563;5862442.5;-4146.893066
407084.9688;5862442.5;-4149.097656
407145.2813;5862442.5;-4150.047852
407205.5625;5862442.5;-4149.335449
407265.875;5862442.5;-4147.418457
407326.1875;5862442.5;-4146.494629
407386.4688;5862442.5;-4146.97168
407446.7813;5862442.5;-4148.086914
407507.0625;5862442.5;-4149.712402
407567.375;5862442.5;-4151.662109
407627.6875;5862442.5;-4153.597656
407687.9688;5862442.5;-4155.391113
407748.2813;5862442.5;-4156.956543
407808.5938;5862442.5;-4158.22168
407868.875;5862442.5;-4159.250488
407929.1875;5862442.5;-4160.094727
407989.4688;5862442.5;-4160.806152
408049.7813;5862442.5;-4161.414063
408110.0938;5862442.5;-4161.935059
408170.375;5862442.5;-4162.391602
408230.6875;5862442.5;-4162.796387
408291;5862442.5;-4163.142578
408351.2813;5862442.5;-4163.449219
408411.5938;5862442.5;-4163.730957
408471.875;5862442.5;-4163.979004
408532.1875;5862442.5;-4164.183594
408592.5;5862442.5;-4164.361816
408652.7813;5862442.5;-4164.517578
408713.0938;5862442.5;-4164.650391
408773.4063;5862442.5;-4164.756348
408833.6875;5862442.5;-4164.839844
408894;5862442.5;-4164.907227
408954.2813;5862442.5;-4164.956543
409014.5938;5862442.5;-4164.986816
409074.9063;5862442.5;-4165.004395
409135.1875;5862442.5;-4165.006348
409195.5;5862442.5;-4164.992188
409255.8125;5862442.5;-4164.965332
409316.0938;5862442.5;-4164.924805
409376.4063;5862442.5;-4164.869141
401356.4063;5862503;-4126.81543
401416.6875;5862503;-4126.542969
401477;5862503;-4126.254883
401537.3125;5862503;-4125.945801
401597.5938;5862503;-4125.599609
401657.9063;5862503;-4125.224609
401718.2188;5862503;-4124.824219
401778.5;5862503;-4124.393066
401838.8125;5862503;-4123.930664
401899.0938;5862503;-4123.443359
401959.4063;5862503;-4122.93457
402019.7188;5862503;-4122.402832
402080;5862503;-4121.848145
402140.3125;5862503;-4121.286133
402200.625;5862503;-4120.719727
402260.9063;5862503;-4120.148926
402321.2188;5862503;-4119.591309
402381.5;5862503;-4119.050293
402441.8125;5862503;-4118.523438
402502.125;5862503;-4118.025879
402562.4063;5862503;-4117.570801
402622.7188;5862503;-4117.152832
402683.0313;5862503;-4116.778809
402743.3125;5862503;-4116.458008
402803.625;5862503;-4116.177734
402863.9063;5862503;-4115.9375
402924.2188;5862503;-4115.752441
402984.5313;5862503;-4115.602051
403044.8125;5862503;-4115.487793
403105.125;5862503;-4115.418457
403165.4375;5862503;-4115.358887
403225.7188;5862503;-4115.307129
403286.0313;5862503;-4124.154785
403346.3125;5862503;-4124.119141
403406.625;5862503;-4124.075195
403466.9375;5862503;-4123.961914
403527.2188;5862503;-4123.821289
403587.5313;5862503;-4123.647461
403647.8438;5862503;-4123.35498
403708.125;5862503;-4122.980957
403768.4375;5862503;-4122.500488
403828.7188;5862503;-4121.836914
403889.0313;5862503;-4121.023438
403949.3438;5862503;-4120.036621
404009.625;5862503;-4118.802734
404069.9375;5862503;-4117.430664
404130.25;5862503;-4115.987305
404190.5313;5862503;-4114.442383
404250.8438;5862503;-4112.914551
404311.125;5862503;-4105.453613
404371.4375;5862503;-4104.581543
404431.75;5862503;-4103.891602
404492.0313;5862503;-4103.418457
404552.3438;5862503;-4103.085449
404612.625;5862503;-4102.855469
404672.9375;5862503;-4102.754883
404733.25;5862503;-4102.66748
404793.5313;5862503;-4104.68457
404853.8438;5862503;-4105.056641
404914.1563;5862503;-4105.030273
404974.4375;5862503;-4105.395508
405034.75;5862503;-4105.533691
405095.0313;5862503;-4105.518066
405155.3438;5862503;-4105.185547
405215.6563;5862503;-4104.682129
405275.9375;5862503;-4104.068848
405336.25;5862503;-4104.845215
405396.5625;5862503;-4104.005859
405456.8438;5862503;-4103.592285
405517.1563;5862503;-4104.010742
405577.4375;5862503;-4110.95166
405637.75;5862503;-4114.807129
405698.0625;5862503;-4118.202148
405758.3438;5862503;-4120.350098
405818.6563;5862503;-4120.601074
405878.9688;5862503;-4118.072754
405939.25;5862503;-4113.907715
405999.5625;5862503;-4109.898926
406059.8438;5862503;-4106.96875
406120.1563;5862503;-4106.195801
406180.4688;5862503;-4107.725098
406240.75;5862503;-4110.442383
406301.0625;5862503;-4113.083984
406361.375;5862503;-4115.374023
406421.6563;5862503;-4117.399902
406481.9688;5862503;-4119.244629
406542.25;5862503;-4120.876953
406602.5625;5862503;-4122.404785
406662.875;5862503;-4124.003906
406723.1563;5862503;-4125.785156
406783.4688;5862503;-4127.732422
406843.7813;5862503;-4131.192871
406904.0625;5862503;-4134.498047
406964.375;5862503;-4137.512207
407024.6563;5862503;-4140.223633
407084.9688;5862503;-4142.311523
407145.2813;5862503;-4143.36084
407205.5625;5862503;-4143.416504
407265.875;5862503;-4142.790039
407326.1875;5862503;-4142.608398
407386.4688;5862503;-4143.288574
407446.7813;5862503;-4144.574707
407507.0625;5862503;-4146.386719
407567.375;5862503;-4148.493652
407627.6875;5862503;-4150.567871
407687.9688;5862503;-4152.487305
407748.2813;5862503;-4154.165527
407808.5938;5862503;-4155.532715
407868.875;5862503;-4156.657227
407929.1875;5862503;-4157.59082
407989.4688;5862503;-4158.389648
408049.7813;5862503;-4159.081055
408110.0938;5862503;-4159.680176
408170.375;5862503;-4160.210449
408230.6875;5862503;-4160.682617
408291;5862503;-4161.091797
408351.2813;5862503;-4161.457031
408411.5938;5862503;-4161.793457
408471.875;5862503;-4162.092285
408532.1875;5862503;-4162.342285
408592.5;5862503;-4162.563477
408652.7813;5862503;-4162.759277
408713.0938;5862503;-4162.929199
408773.4063;5862503;-4163.069824
408833.6875;5862503;-4163.185059
408894;5862503;-4163.28125
408954.2813;5862503;-4163.358398
409014.5938;5862503;-4163.413086
409074.9063;5862503;-4163.454102
409135.1875;5862503;-4163.477539
409195.5;5862503;-4163.481934
409255.8125;5862503;-4163.473633
409316.0938;5862503;-4163.447754
409376.4063;5862503;-4163.408203
401356.4063;5862563.5;-4127.282715
401416.6875;5862563.5;-4126.985352
401477;5862563.5;-4126.670898
401537.3125;5862563.5;-4126.333008
401597.5938;5862563.5;-4125.955566
401657.9063;5862563.5;-4125.545898
401718.2188;5862563.5;-4125.106445
401778.5;5862563.5;-4124.632813
401838.8125;5862563.5;-4124.123535
401899.0938;5862563.5;-4123.584961
401959.4063;5862563.5;-4123.021973
402019.7188;5862563.5;-4122.430664
402080;5862563.5;-4121.814941
402140.3125;5862563.5;-4121.19043
402200.625;5862563.5;-4120.560547
402260.9063;5862563.5;-4119.927246
402321.2188;5862563.5;-4119.308594
402381.5;5862563.5;-4118.711914
402441.8125;5862563.5;-4118.132813
402502.125;5862563.5;-4117.586914
402562.4063;5862563.5;-4117.093262
402622.7188;5862563.5;-4116.643555
402683.0313;5862563.5;-4116.246582
402743.3125;5862563.5;-4115.909668
402803.625;5862563.5;-4115.621094
402863.9063;5862563.5;-4115.378418
402924.2188;5862563.5;-4115.195801
402984.5313;5862563.5;-4115.052734
403044.8125;5862563.5;-4114.950195
403105.125;5862563.5;-4114.893555
403165.4375;5862563.5;-4114.848633
403225.7188;5862563.5;-4123.744629
403286.0313;5862563.5;-4123.724121
403346.3125;5862563.5;-4123.702637
403406.625;5862563.5;-4123.676758
403466.9375;5862563.5;-4123.584473
403527.2188;5862563.5;-4123.474609
403587.5313;5862563.5;-4123.337402
403647.8438;5862563.5;-4123.080078
403708.125;5862563.5;-4122.736816
403768.4375;5862563.5;-4122.272461
403828.7188;5862563.5;-4121.595703
403889.0313;5862563.5;-4120.73291
403949.3438;5862563.5;-4119.645508
404009.625;5862563.5;-4118.240723
404069.9375;5862563.5;-4116.646973
404130.25;5862563.5;-4114.942871
404190.5313;5862563.5;-4113.095703
404250.8438;5862563.5;-4111.242676
404311.125;5862563.5;-4109.519531
404371.4375;5862563.5;-4102.749023
404431.75;5862563.5;-4101.845215
404492.0313;5862563.5;-4101.20459
404552.3438;5862563.5;-4100.740234
404612.625;5862563.5;-4100.40625
404672.9375;5862563.5;-4100.230957
404733.25;5862563.5;-4100.079102
404793.5313;5862563.5;-4099.824707
404853.8438;5862563.5;-4102.807129
404914.1563;5862563.5;-4102.626465
404974.4375;5862563.5;-4102.126953
405034.75;5862563.5;-4103.263184
405095.0313;5862563.5;-4103.250488
405155.3438;5862563.5;-4102.838867
405215.6563;5862563.5;-4102.289063
405275.9375;5862563.5;-4101.681641
405336.25;5862563.5;-4101.59668
405396.5625;5862563.5;-4100.909668
405456.8438;5862563.5;-4100.605957
405517.1563;5862563.5;-4101.092773
405577.4375;5862563.5;-4108.871582
405637.75;5862563.5;-4112.960449
405698.0625;5862563.5;-4116.583008
405758.3438;5862563.5;-4118.88916
405818.6563;5862563.5;-4119.054199
405878.9688;5862563.5;-4115.412598
405939.25;5862563.5;-4109.452148
405999.5625;5862563.5;-4104.083008
406059.8438;5862563.5;-4100.625977
406120.1563;5862563.5;-4100.333496
406180.4688;5862563.5;-4102.717285
406240.75;5862563.5;-4106.365234
406301.0625;5862563.5;-4109.802246
406361.375;5862563.5;-4112.59668
406421.6563;5862563.5;-4114.749512
406481.9688;5862563.5;-4116.37793
406542.25;5862563.5;-4117.480957
406602.5625;5862563.5;-4118.225586
406662.875;5862563.5;-4118.958984
406723.1563;5862563.5;-4119.778809
406783.4688;5862563.5;-4121.520996
406843.7813;5862563.5;-4125.332031
406904.0625;5862563.5;-4128.617188
406964.375;5862563.5;-4131.574707
407024.6563;5862563.5;-4134.251953
407084.9688;5862563.5;-4136.422852
407145.2813;5862563.5;-4137.836426
407205.5625;5862563.5;-4138.613281
407265.875;5862563.5;-4138.952637
407326.1875;5862563.5;-4139.437012
407386.4688;5862563.5;-4140.427734
407446.7813;5862563.5;-4141.903809
407507.0625;5862563.5;-4143.80127
407567.375;5862563.5;-4145.92334
407627.6875;5862563.5;-4148.000488
407687.9688;5862563.5;-4149.932617
407748.2813;5862563.5;-4151.633301
407808.5938;5862563.5;-4153.040039
407868.875;5862563.5;-4154.21875
407929.1875;5862563.5;-4155.214355
407989.4688;5862563.5;-4156.080078
408049.7813;5862563.5;-4156.839844
408110.0938;5862563.5;-4157.507813
408170.375;5862563.5;-4158.103027
408230.6875;5862563.5;-4158.638184
408291;5862563.5;-4159.103516
408351.2813;5862563.5;-4159.522461
408411.5938;5862563.5;-4159.908691
408471.875;5862563.5;-4160.253906
408532.1875;5862563.5;-4160.546387
408592.5;5862563.5;-4160.806641
408652.7813;5862563.5;-4161.040039
408713.0938;5862563.5;-4161.245117
408773.4063;5862563.5;-4161.416504
408833.6875;5862563.5;-4161.562012
408894;5862563.5;-4161.685547
408954.2813;5862563.5;-4161.787598
409014.5938;5862563.5;-4161.866211
409074.9063;5862563.5;-4161.929199
409135.1875;5862563.5;-4161.972656
409195.5;5862563.5;-4161.996094
409255.8125;5862563.5;-4162.00293
409316.0938;5862563.5;-4161.992676
409376.4063;5862563.5;-4161.967285
401356.4063;5862624;-4127.777344
401416.6875;5862624;-4127.454102
401477;5862624;-4127.111816
401537.3125;5862624;-4126.746582
401597.5938;5862624;-4126.336426
401657.9063;5862624;-4125.891113
401718.2188;5862624;-4125.412598
401778.5;5862624;-4124.895508
401838.8125;5862624;-4124.336426
401899.0938;5862624;-4123.744629
401959.4063;5862624;-4123.124512
402019.7188;5862624;-4122.47168
402080;5862624;-4121.789063
402140.3125;5862624;-4121.097168
402200.625;5862624;-4120.399414
402260.9063;5862624;-4119.696777
402321.2188;5862624;-4119.013672
402381.5;5862624;-4118.356445
402441.8125;5862624;-4117.722168
402502.125;5862624;-4117.126465
402562.4063;5862624;-4116.591797
402622.7188;5862624;-4116.110352
402683.0313;5862624;-4115.689941
402743.3125;5862624;-4115.340332
402803.625;5862624;-4115.045898
402863.9063;5862624;-4114.803223
402924.2188;5862624;-4114.627441
402984.5313;5862624;-4114.495117
403044.8125;5862624;-4114.406738
403105.125;5862624;-4114.367188
403165.4375;5862624;-4117.299805
403225.7188;5862624;-4123.27002
403286.0313;5862624;-4123.267578
403346.3125;5862624;-4123.270508
403406.625;5862624;-4123.27832
403466.9375;5862624;-4123.228027
403527.2188;5862624;-4123.174316
403587.5313;5862624;-4123.105469
403647.8438;5862624;-4122.919922
403708.125;5862624;-4122.648926
403768.4375;5862624;-4122.244629
403828.7188;5862624;-4121.59375
403889.0313;5862624;-4120.713379
403949.3438;5862624;-4119.540039
404009.625;5862624;-4117.95752
404069.9375;5862624;-4116.119629
404130.25;5862624;-4114.117676
404190.5313;5862624;-4111.915527
404250.8438;5862624;-4109.681641
404311.125;5862624;-4107.588867
404371.4375;5862624;-4105.682129
404431.75;5862624;-4099.810547
404492.0313;5862624;-4098.990723
404552.3438;5862624;-4098.397461
404612.625;5862624;-4097.978516
404672.9375;5862624;-4097.755859
404733.25;5862624;-4097.570801
404793.5313;5862624;-4097.278809
404853.8438;5862624;-4100.633301
404914.1563;5862624;-4100.314453
404974.4375;5862624;-4099.608887
405034.75;5862624;-4098.753906
405095.0313;5862624;-4101.249023
405155.3438;5862624;-4100.776855
405215.6563;5862624;-4100.213379
405275.9375;5862624;-4099.658691
405336.25;5862624;-4098.947266
405396.5625;5862624;-4098.367188
405456.8438;5862624;-4098.405273
405517.1563;5862624;-4099.256836
405577.4375;5862624;-4107.283203
405637.75;5862624;-4110.840332
405698.0625;5862624;-4114.101074
405758.3438;5862624;-4116.359863
405818.6563;5862624;-4116.453613
405878.9688;5862624;-4111.474121
405939.25;5862624;-4103.208984
405999.5625;5862624;-4096.250977
406059.8438;5862624;-4093.104248
406120.1563;5862624;-4094.776123
406180.4688;5862624;-4098.589355
406240.75;5862624;-4103.003906
406301.0625;5862624;-4107.041016
406361.375;5862624;-4110.289063
406421.6563;5862624;-4112.536133
406481.9688;5862624;-4113.911133
406542.25;5862624;-4114.54248
406602.5625;5862624;-4114.670898
406662.875;5862624;-4114.755859
406723.1563;5862624;-4115.07666
406783.4688;5862624;-4115.864746
406843.7813;5862624;-4119.980957
406904.0625;5862624;-4123.562012
406964.375;5862624;-4126.501465
407024.6563;5862624;-4129.270508
407084.9688;5862624;-4131.649414
407145.2813;5862624;-4133.460449
407205.5625;5862624;-4134.818848
407265.875;5862624;-4135.830078
407326.1875;5862624;-4136.84668
407386.4688;5862624;-4138.157715
407446.7813;5862624;-4139.787598
407507.0625;5862624;-4141.702148
407567.375;5862624;-4143.759766
407627.6875;5862624;-4145.763672
407687.9688;5862624;-4147.638672
407748.2813;5862624;-4149.307617
407808.5938;5862624;-4150.71582
407868.875;5862624;-4151.92041
407929.1875;5862624;-4152.957031
407989.4688;5862624;-4153.874512
408049.7813;5862624;-4154.692383
408110.0938;5862624;-4155.42041
408170.375;5862624;-4156.073242
408230.6875;5862624;-4156.662598
408291;5862624;-4157.179199
408351.2813;5862624;-4157.64502
408411.5938;5862624;-4158.07666
408471.875;5862624;-4158.464844
408532.1875;5862624;-4158.795898
408592.5;5862624;-4159.092285
408652.7813;5862624;-4159.359863
408713.0938;5862624;-4159.59668
408773.4063;5862624;-4159.79834
408833.6875;5862624;-4159.970703
408894;5862624;-4160.119629
408954.2813;5862624;-4160.246094
409014.5938;5862624;-4160.347656
409074.9063;5862624;-4160.430664
409135.1875;5862624;-4160.493652
409195.5;5862624;-4160.535156
409255.8125;5862624;-4160.557617
409316.0938;5862624;-4160.5625
409376.4063;5862624;-4160.55127
401356.4063;5862685;-4128.297852
401416.6875;5862685;-4127.947266
401477;5862685;-4127.577148
401537.3125;5862685;-4127.183105
401597.5938;5862685;-4126.741699
401657.9063;5862685;-4126.260742
401718.2188;5862685;-4125.743652
401778.5;5862685;-4125.183105
401838.8125;5862685;-4124.575195
401899.0938;5862685;-4123.927734
401959.4063;5862685;-4123.248535
402019.7188;5862685;-4122.53125
402080;5862685;-4121.777832
402140.3125;5862685;-4121.013672
402200.625;5862685;-4120.243652
402260.9063;5862685;-4119.467773
402321.2188;5862685;-4118.71582
402381.5;5862685;-4117.995605
402441.8125;5862685;-4117.30127
402502.125;5862685;-4116.654785
402562.4063;5862685;-4116.077148
402622.7188;5862685;-4115.563965
402683.0313;5862685;-4115.120117
402743.3125;5862685;-4114.755859
402803.625;5862685;-4114.458008
402863.9063;5862685;-4114.217773
402924.2188;5862685;-4114.050781
402984.5313;5862685;-4113.932617
403044.8125;5862685;-4113.862305
403105.125;5862685;-4113.842285
403165.4375;5862685;-4122.671387
403225.7188;5862685;-4122.737305
403286.0313;5862685;-4122.760742
403346.3125;5862685;-4122.798828
403406.625;5862685;-4122.852539
403466.9375;5862685;-4122.858398
403527.2188;5862685;-4122.880859
403587.5313;5862685;-4122.90625
403647.8438;5862685;-4122.824219
403708.125;5862685;-4122.663086
403768.4375;5862685;-4122.355957
403828.7188;5862685;-4121.766113
403889.0313;5862685;-4120.897461
403949.3438;5862685;-4119.651367
404009.625;5862685;-4117.884277
404069.9375;5862685;-4115.77832
404130.25;5862685;-4113.439453
404190.5313;5862685;-4110.832031
404250.8438;5862685;-4108.163086
404311.125;5862685;-4105.655762
404371.4375;5862685;-4103.368652
404431.75;5862685;-4101.416504
404492.0313;5862685;-4096.741699
404552.3438;5862685;-4096.029297
404612.625;5862685;-4095.547119
404672.9375;5862685;-4095.307861
404733.25;5862685;-4095.123291
404793.5313;5862685;-4094.827881
404853.8438;5862685;-4094.482666
404914.1563;5862685;-4098.019531
404974.4375;5862685;-4097.21582
405034.75;5862685;-4096.254395
405095.0313;5862685;-4095.13501
405155.3438;5862685;-4098.954102
405215.6563;5862685;-4098.366211
405275.9375;5862685;-4097.842285
405336.25;5862685;-4097.178223
405396.5625;5862685;-4096.900391
405456.8438;5862685;-4096.185547
405517.1563;5862685;-4097.223145
405577.4375;5862685;-4104.867676
405637.75;5862685;-4107.61377
405698.0625;5862685;-4110.03125
405758.3438;5862685;-4111.464844
405818.6563;5862685;-4110.614746
405878.9688;5862685;-4104.330078
405939.25;5862685;-4094.433594
405999.5625;5862685;-4086.305664
406059.8438;5862685;-4084.322754
406120.1563;5862685;-4089.192139
406180.4688;5862685;-4095.147461
406240.75;5862685;-4100.483887
406301.0625;5862685;-4104.981445
406361.375;5862685;-4108.506348
406421.6563;5862685;-4110.724121
406481.9688;5862685;-4111.768555
406542.25;5862685;-4111.989746
406602.5625;5862685;-4111.746582
406662.875;5862685;-4111.902344
406723.1563;5862685;-4111.700195
406783.4688;5862685;-4111.583496
406843.7813;5862685;-4114.853516
406904.0625;5862685;-4118.878418
406964.375;5862685;-4122.228516
407024.6563;5862685;-4125.149902
407084.9688;5862685;-4127.725098
407145.2813;5862685;-4129.860352
407205.5625;5862685;-4131.662598
407265.875;5862685;-4133.162598
407326.1875;5862685;-4134.578613
407386.4688;5862685;-4136.14209
407446.7813;5862685;-4137.881348
407507.0625;5862685;-4139.785156
407567.375;5862685;-4141.756836
407627.6875;5862685;-4143.667969
407687.9688;5862685;-4145.46875
407748.2813;5862685;-4147.089844
407808.5938;5862685;-4148.487793
407868.875;5862685;-4149.708496
407929.1875;5862685;-4150.77832
407989.4688;5862685;-4151.741211
408049.7813;5862685;-4152.612305
408110.0938;5862685;-4153.393066
408170.375;5862685;-4154.098633
408230.6875;5862685;-4154.738281
408291;5862685;-4155.30127
408351.2813;5862685;-4155.811035
408411.5938;5862685;-4156.284668
408471.875;5862685;-4156.710938
408532.1875;5862685;-4157.078125
408592.5;5862685;-4157.408203
408652.7813;5862685;-4157.708008
408713.0938;5862685;-4157.975098
408773.4063;5862685;-4158.20459
408833.6875;5862685;-4158.404297
408894;5862685;-4158.578613
408954.2813;5862685;-4158.728516
409014.5938;5862685;-4158.852051
409074.9063;5862685;-4158.955078
409135.1875;5862685;-4159.036621
409195.5;5862685;-4159.096191
409255.8125;5862685;-4159.134766
409316.0938;5862685;-4159.154297
409376.4063;5862685;-4159.15625
401356.4063;5862745.5;-4128.837402
401416.6875;5862745.5;-4128.458496
401477;5862745.5;-4128.062012
401537.3125;5862745.5;-4127.640137
401597.5938;5862745.5;-4127.167969
401657.9063;5862745.5;-4126.653809
401718.2188;5862745.5;-4126.098145
401778.5;5862745.5;-4125.494629
401838.8125;5862745.5;-4124.837402
401899.0938;5862745.5;-4124.135742
401959.4063;5862745.5;-4123.395508
402019.7188;5862745.5;-4122.612305
402080;5862745.5;-4121.785645
402140.3125;5862745.5;-4120.946289
402200.625;5862745.5;-4120.099121
402260.9063;5862745.5;-4119.245605
402321.2188;5862745.5;-4118.418457
402381.5;5862745.5;-4117.628906
402441.8125;5862745.5;-4116.870605
402502.125;5862745.5;-4116.166016
402562.4063;5862745.5;-4115.541504
402622.7188;5862745.5;-4114.991211
402683.0313;5862745.5;-4114.520996
402743.3125;5862745.5;-4114.141602
402803.625;5862745.5;-4113.838379
402863.9063;5862745.5;-4113.601563
402924.2188;5862745.5;-4113.443848
402984.5313;5862745.5;-4113.341797
403044.8125;5862745.5;-4113.291992
403105.125;5862745.5;-4122.027344
403165.4375;5862745.5;-4122.101074
403225.7188;5862745.5;-4122.193359
403286.0313;5862745.5;-4122.25
403346.3125;5862745.5;-4122.33252
403406.625;5862745.5;-4122.443848
403466.9375;5862745.5;-4122.519531
403527.2188;5862745.5;-4122.637207
403587.5313;5862745.5;-4122.779785
403647.8438;5862745.5;-4122.829102
403708.125;5862745.5;-4122.812012
403768.4375;5862745.5;-4122.638672
403828.7188;5862745.5;-4122.144043
403889.0313;5862745.5;-4121.311523
403949.3438;5862745.5;-4120.002441
404009.625;5862745.5;-4118.038574
404069.9375;5862745.5;-4115.634277
404130.25;5862745.5;-4112.912109
404190.5313;5862745.5;-4109.839844
404250.8438;5862745.5;-4106.675293
404311.125;5862745.5;-4103.694336
404371.4375;5862745.5;-4100.98291
404431.75;5862745.5;-4098.690918
404492.0313;5862745.5;-4096.930664
404552.3438;5862745.5;-4093.564697
404612.625;5862745.5;-4093.040283
404672.9375;5862745.5;-4092.813477
404733.25;5862745.5;-4092.659424
404793.5313;5862745.5;-4092.387695
404853.8438;5862745.5;-4092.048584
404914.1563;5862745.5;-4091.535156
404974.4375;5862745.5;-4094.862549
405034.75;5862745.5;-4093.812012
405095.0313;5862745.5;-4092.615479
405155.3438;5862745.5;-4091.260254
405215.6563;5862745.5;-4096.612793
405275.9375;5862745.5;-4096.099609
405336.25;5862745.5;-4095.438721
405396.5625;5862745.5;-4095.162354
405456.8438;5862745.5;-4095.405273
405517.1563;5862745.5;-4094.682373
405577.4375;5862745.5;-4101.696289
405637.75;5862745.5;-4103.424316
405698.0625;5862745.5;-4104.577637
405758.3438;5862745.5;-4104.453613
405818.6563;5862745.5;-4101.906738
405878.9688;5862745.5;-4094.931152
405939.25;5862745.5;-4085.515381
405999.5625;5862745.5;-4078.394775
406059.8438;5862745.5;-4078.216553
406120.1563;5862745.5;-4085.492188
406180.4688;5862745.5;-4093.023682
406240.75;5862745.5;-4098.914063
406301.0625;5862745.5;-4103.452637
406361.375;5862745.5;-4106.82666
406421.6563;5862745.5;-4108.859375
406481.9688;5862745.5;-4109.706543
406542.25;5862745.5;-4109.72168
406602.5625;5862745.5;-4110.018555
406662.875;5862745.5;-4109.834961
406723.1563;5862745.5;-4109.981445
406783.4688;5862745.5;-4110.541504
406843.7813;5862745.5;-4112.925781
406904.0625;5862745.5;-4116.034668
406964.375;5862745.5;-4118.956055
407024.6563;5862745.5;-4121.848145
407084.9688;5862745.5;-4124.528809
407145.2813;5862745.5;-4126.869141
407205.5625;5862745.5;-4128.967285
407265.875;5862745.5;-4130.797363
407326.1875;5862745.5;-4132.489746
407386.4688;5862745.5;-4134.234375
407446.7813;5862745.5;-4136.047852
407507.0625;5862745.5;-4137.931641
407567.375;5862745.5;-4139.82373
407627.6875;5862745.5;-4141.650879
407687.9688;5862745.5;-4143.382813
407748.2813;5862745.5;-4144.959473
407808.5938;5862745.5;-4146.345215
407868.875;5862745.5;-4147.580078
407929.1875;5862745.5;-4148.680176
407989.4688;5862745.5;-4149.68457
408049.7813;5862745.5;-4150.603516
408110.0938;5862745.5;-4151.433105
408170.375;5862745.5;-4152.186523
408230.6875;5862745.5;-4152.870605
408291;5862745.5;-4153.476074
408351.2813;5862745.5;-4154.024902
408411.5938;5862745.5;-4154.535645
408471.875;5862745.5;-4154.99707
408532.1875;5862745.5;-4155.396973
408592.5;5862745.5;-4155.758789
408652.7813;5862745.5;-4156.087402
408713.0938;5862745.5;-4156.382813
408773.4063;5862745.5;-4156.639648
408833.6875;5862745.5;-4156.86377
408894;5862745.5;-4157.060547
408954.2813;5862745.5;-4157.233887
409014.5938;5862745.5;-4157.377441
409074.9063;5862745.5;-4157.500488
409135.1875;5862745.5;-4157.600098
409195.5;5862745.5;-4157.676758
409255.8125;5862745.5;-4157.729492
409316.0938;5862745.5;-4157.76416
409376.4063;5862745.5;-4157.780762
401356.4063;5862806;-4129.398438
401416.6875;5862806;-4128.993164
401477;5862806;-4128.570801
401537.3125;5862806;-4128.123535
401597.5938;5862806;-4127.623047
401657.9063;5862806;-4127.077637
401718.2188;5862806;-4126.488281
401778.5;5862806;-4125.845215
401838.8125;5862806;-4125.140137
401899.0938;5862806;-4124.384766
401959.4063;5862806;-4123.586426
402019.7188;5862806;-4122.73584
402080;5862806;-4121.834473
402140.3125;5862806;-4120.916504
402200.625;5862806;-4119.987793
402260.9063;5862806;-4119.050293
402321.2188;5862806;-4118.143555
402381.5;5862806;-4117.279785
402441.8125;5862806;-4116.452148
402502.125;5862806;-4115.683594
402562.4063;5862806;-4115.006348
402622.7188;5862806;-4114.413574
402683.0313;5862806;-4113.912109
402743.3125;5862806;-4113.512207
402803.625;5862806;-4113.202637
402863.9063;5862806;-4112.96875
402924.2188;5862806;-4112.823242
402984.5313;5862806;-4112.741211
403044.8125;5862806;-4112.716309
403105.125;5862806;-4121.37207
403165.4375;5862806;-4121.473633
403225.7188;5862806;-4121.600586
403286.0313;5862806;-4121.701172
403346.3125;5862806;-4121.84082
403406.625;5862806;-4122.021484
403466.9375;5862806;-4122.180664
403527.2188;5862806;-4122.408691
403587.5313;5862806;-4122.689453
403647.8438;5862806;-4122.899902
403708.125;5862806;-4123.064941
403768.4375;5862806;-4123.069336
403828.7188;5862806;-4122.713379
403889.0313;5862806;-4121.952148
403949.3438;5862806;-4120.59375
404009.625;5862806;-4118.416016
404069.9375;5862806;-4115.670898
404130.25;5862806;-4112.501465
404190.5313;5862806;-4108.883789
404250.8438;5862806;-4105.143555
404311.125;5862806;-4101.621582
404371.4375;5862806;-4098.438965
404431.75;5862806;-4095.788818
404492.0313;5862806;-4093.805664
404552.3438;5862806;-4092.402832
404612.625;5862806;-4091.512451
404672.9375;5862806;-4090.255615
404733.25;5862806;-4090.184082
404793.5313;5862806;-4089.984131
404853.8438;5862806;-4089.692383
404914.1563;5862806;-4089.182129
404974.4375;5862806;-4092.675049
405034.75;5862806;-4091.574219
405095.0313;5862806;-4090.335449
405155.3438;5862806;-4088.984131
405215.6563;5862806;-4087.67334
405275.9375;5862806;-4094.256348
405336.25;5862806;-4093.550537
405396.5625;5862806;-4093.183594
405456.8438;5862806;-4093.228516
405517.1563;5862806;-4093.483643
405577.4375;5862806;-4097.728516
405637.75;5862806;-4098.394043
405698.0625;5862806;-4098.21582
405758.3438;5862806;-4096.695801
405818.6563;5862806;-4093.162109
405878.9688;5862806;-4086.743896
405939.25;5862806;-4079.566406
405999.5625;5862806;-4075.262451
406059.8438;5862806;-4076.871094
406120.1563;5862806;-4084.627441
406180.4688;5862806;-4092.175293
406240.75;5862806;-4097.683105
406301.0625;5862806;-4101.74707
406361.375;5862806;-4104.655273
406421.6563;5862806;-4106.484863
406481.9688;5862806;-4107.400879
406542.25;5862806;-4108.295898
406602.5625;5862806;-4108.397461
406662.875;5862806;-4108.347656
406723.1563;5862806;-4108.661621
406783.4688;5862806;-4109.566406
406843.7813;5862806;-4111.5
406904.0625;5862806;-4113.953613
406964.375;5862806;-4116.604004
407024.6563;5862806;-4119.389648
407084.9688;5862806;-4122.036133
407145.2813;5862806;-4124.430176
407205.5625;5862806;-4126.664551
407265.875;5862806;-4128.669434
407326.1875;5862806;-4130.518555
407386.4688;5862806;-4132.367676
407446.7813;5862806;-4134.22168
407507.0625;5862806;-4136.085938
407567.375;5862806;-4137.917969
407627.6875;5862806;-4139.682129
407687.9688;5862806;-4141.364258
407748.2813;5862806;-4142.909668
407808.5938;5862806;-4144.291504
407868.875;5862806;-4145.54248
407929.1875;5862806;-4146.672852
407989.4688;5862806;-4147.716797
408049.7813;5862806;-4148.678711
408110.0938;5862806;-4149.55127
408170.375;5862806;-4150.345703
408230.6875;5862806;-4151.069336
408291;5862806;-4151.710449
408351.2813;5862806;-4152.292969
408411.5938;5862806;-4152.835938
408471.875;5862806;-4153.328125
408532.1875;5862806;-4153.756836
408592.5;5862806;-4154.145508
408652.7813;5862806;-4154.501953
408713.0938;5862806;-4154.822754
408773.4063;5862806;-4155.103027
408833.6875;5862806;-4155.350098
408894;5862806;-4155.569824
408954.2813;5862806;-4155.762695
409014.5938;5862806;-4155.926758
409074.9063;5862806;-4156.066895
409135.1875;5862806;-4156.18457
409195.5;5862806;-4156.277344
409255.8125;5862806;-4156.346191
409316.0938;5862806;-4156.393555
409376.4063;5862806;-4156.423828
401356.4063;5862866.5;-4129.981445
401416.6875;5862866.5;-4129.552246
401477;5862866.5;-4129.108398
401537.3125;5862866.5;-4128.640137
401597.5938;5862866.5;-4128.118164
401657.9063;5862866.5;-4127.547363
401718.2188;5862866.5;-4126.930176
401778.5;5862866.5;-4126.253418
401838.8125;5862866.5;-4125.509277
401899.0938;5862866.5;-4124.708008
401959.4063;5862866.5;-4123.855469
402019.7188;5862866.5;-4122.940918
402080;5862866.5;-4121.962402
402140.3125;5862866.5;-4120.963379
402200.625;5862866.5;-4119.94873
402260.9063;5862866.5;-4118.921875
402321.2188;5862866.5;-4117.928711
402381.5;5862866.5;-4116.987305
402441.8125;5862866.5;-4116.084473
402502.125;5862866.5;-4115.245605
402562.4063;5862866.5;-4114.507324
402622.7188;5862866.5;-4113.86377
402683.0313;5862866.5;-4113.320801
402743.3125;5862866.5;-4112.893555
402803.625;5862866.5;-4112.572754
402863.9063;5862866.5;-4112.342773
402924.2188;5862866.5;-4112.210938
402984.5313;5862866.5;-4112.155273
403044.8125;5862866.5;-4120.500977
403105.125;5862866.5;-4120.609863
403165.4375;5862866.5;-4120.751465
403225.7188;5862866.5;-4120.927734
403286.0313;5862866.5;-4121.088379
403346.3125;5862866.5;-4121.297363
403406.625;5862866.5;-4121.556152
403466.9375;5862866.5;-4121.806152
403527.2188;5862866.5;-4122.147949
403587.5313;5862866.5;-4122.575195
403647.8438;5862866.5;-4122.96582
403708.125;5862866.5;-4123.347656
403768.4375;5862866.5;-4123.580566
403828.7188;5862866.5;-4123.418945
403889.0313;5862866.5;-4122.776855
403949.3438;5862866.5;-4121.390625
404009.625;5862866.5;-4118.977539
404069.9375;5862866.5;-4115.836426
404130.25;5862866.5;-4112.131836
404190.5313;5862866.5;-4107.858398
404250.8438;5862866.5;-4103.436035
404311.125;5862866.5;-4099.290039
404371.4375;5862866.5;-4095.5896
404431.75;5862866.5;-4092.578857
404492.0313;5862866.5;-4090.408447
404552.3438;5862866.5;-4088.946045
404612.625;5862866.5;-4088.094971
404672.9375;5862866.5;-4087.68335
404733.25;5862866.5;-4087.686279
404793.5313;5862866.5;-4087.632568
404853.8438;5862866.5;-4087.451416
404914.1563;5862866.5;-4086.987061
404974.4375;5862866.5;-4086.163086
405034.75;5862866.5;-4089.719238
405095.0313;5862866.5;-4088.49585
405155.3438;5862866.5;-4087.178955
405215.6563;5862866.5;-4085.92627
405275.9375;5862866.5;-4084.84668
405336.25;5862866.5;-4091.338623
405396.5625;5862866.5;-4090.78125
405456.8438;5862866.5;-4090.488525
405517.1563;5862866.5;-4090.269043
405577.4375;5862866.5;-4101.24707
405637.75;5862866.5;-4093.063965
405698.0625;5862866.5;-4091.984131
405758.3438;5862866.5;-4089.613281
405818.6563;5862866.5;-4085.89624
405878.9688;5862866.5;-4080.833984
405939.25;5862866.5;-4076.406738
405999.5625;5862866.5;-4074.655029
406059.8438;5862866.5;-4077.184326
406120.1563;5862866.5;-4084.076172
406180.4688;5862866.5;-4090.70752
406240.75;5862866.5;-4095.575928
406301.0625;5862866.5;-4099.224121
406361.375;5862866.5;-4101.835449
406421.6563;5862866.5;-4103.64209
406481.9688;5862866.5;-4105.452637
406542.25;5862866.5;-4106.501465
406602.5625;5862866.5;-4106.981934
406662.875;5862866.5;-4107.231934
406723.1563;5862866.5;-4107.748047
406783.4688;5862866.5;-4108.73291
406843.7813;5862866.5;-4110.455078
406904.0625;5862866.5;-4112.61377
406964.375;5862866.5;-4115.019043
407024.6563;5862866.5;-4117.605957
407084.9688;5862866.5;-4120.107422
407145.2813;5862866.5;-4122.435059
407205.5625;5862866.5;-4124.67627
407265.875;5862866.5;-4126.734863
407326.1875;5862866.5;-4128.647949
407386.4688;5862866.5;-4130.539551
407446.7813;5862866.5;-4132.405762
407507.0625;5862866.5;-4134.251953
407567.375;5862866.5;-4136.042969
407627.6875;5862866.5;-4137.768555
407687.9688;5862866.5;-4139.421875
407748.2813;5862866.5;-4140.95166
407808.5938;5862866.5;-4142.338867
407868.875;5862866.5;-4143.611328
407929.1875;5862866.5;-4144.771973
407989.4688;5862866.5;-4145.851074
408049.7813;5862866.5;-4146.850586
408110.0938;5862866.5;-4147.759277
408170.375;5862866.5;-4148.588379
408230.6875;5862866.5;-4149.342773
408291;5862866.5;-4150.012207
408351.2813;5862866.5;-4150.622559
408411.5938;5862866.5;-4151.190918
408471.875;5862866.5;-4151.708984
408532.1875;5862866.5;-4152.161133
408592.5;5862866.5;-4152.574219
408652.7813;5862866.5;-4152.953125
408713.0938;5862866.5;-4153.295898
408773.4063;5862866.5;-4153.598145
408833.6875;5862866.5;-4153.866699
408894;5862866.5;-4154.105957
408954.2813;5862866.5;-4154.318359
409014.5938;5862866.5;-4154.500977
409074.9063;5862866.5;-4154.658691
409135.1875;5862866.5;-4154.792969
409195.5;5862866.5;-4154.900879
409255.8125;5862866.5;-4154.983398
409316.0938;5862866.5;-4155.044434
409376.4063;5862866.5;-4155.087402
401356.4063;5862927;-4130.569336
401416.6875;5862927;-4130.120605
401477;5862927;-4129.660645
401537.3125;5862927;-4129.179199
401597.5938;5862927;-4128.641602
401657.9063;5862927;-4128.056641
401718.2188;5862927;-4127.421875
401778.5;5862927;-4126.723633
401838.8125;5862927;-4125.95166
401899.0938;5862927;-4125.114258
401959.4063;5862927;-4124.216309
402019.7188;5862927;-4123.242188
402080;5862927;-4122.185059
402140.3125;5862927;-4121.098633
402200.625;5862927;-4119.990234
402260.9063;5862927;-4118.860352
402321.2188;5862927;-4117.770508
402381.5;5862927;-4116.739258
402441.8125;5862927;-4115.75
402502.125;5862927;-4114.830566
402562.4063;5862927;-4114.016113
402622.7188;5862927;-4113.305664
402683.0313;5862927;-4112.707031
402743.3125;5862927;-4112.238281
402803.625;5862927;-4111.899414
402863.9063;5862927;-4111.67041
402924.2188;5862927;-4111.556152
402984.5313;5862927;-4111.535645
403044.8125;5862927;-4119.683105
403105.125;5862927;-4119.838867
403165.4375;5862927;-4120.033203
403225.7188;5862927;-4120.272461
403286.0313;5862927;-4120.506348
403346.3125;5862927;-4120.79248
403406.625;5862927;-4121.130859
403466.9375;5862927;-4121.459961
403527.2188;5862927;-4121.899902
403587.5313;5862927;-4122.458008
403647.8438;5862927;-4123.022949
403708.125;5862927;-4123.640625
403768.4375;5862927;-4124.147949
403828.7188;5862927;-4124.237305
403889.0313;5862927;-4123.764648
403949.3438;5862927;-4122.374023
404009.625;5862927;-4119.700195
404069.9375;5862927;-4116.091797
404130.25;5862927;-4111.745117
404190.5313;5862927;-4106.68457
404250.8438;5862927;-4101.447266
404311.125;5862927;-4096.577637
404371.4375;5862927;-4092.301514
404431.75;5862927;-4088.927979
404492.0313;5862927;-4086.611572
404552.3438;5862927;-4085.145508
404612.625;5862927;-4084.397949
404672.9375;5862927;-4084.164795
404733.25;5862927;-4084.226074
404793.5313;5862927;-4085.159668
404853.8438;5862927;-4085.13623
404914.1563;5862927;-4084.747314
404974.4375;5862927;-4083.917236
405034.75;5862927;-4082.852783
405095.0313;5862927;-4086.627441
405155.3438;5862927;-4085.336426
405215.6563;5862927;-4084.116943
405275.9375;5862927;-4083.043457
405336.25;5862927;-4087.623047
405396.5625;5862927;-4088.049805
405456.8438;5862927;-4087.254395
405517.1563;5862927;-4086.507813
405577.4375;5862927;-4097.050781
405637.75;5862927;-4096.333008
405698.0625;5862927;-4086.51416
405758.3438;5862927;-4083.860107
405818.6563;5862927;-4080.097168
405878.9688;5862927;-4076.178467
405939.25;5862927;-4074.203857
405999.5625;5862927;-4074.312256
406059.8438;5862927;-4077.107178
406120.1563;5862927;-4082.630371
406180.4688;5862927;-4088.14624
406240.75;5862927;-4092.610352
406301.0625;5862927;-4096.086426
406361.375;5862927;-4098.628418
406421.6563;5862927;-4100.578125
406481.9688;5862927;-4103.185059
406542.25;5862927;-4104.705078
406602.5625;5862927;-4105.662109
406662.875;5862927;-4106.272461
406723.1563;5862927;-4107.04248
406783.4688;5862927;-4108.145508
406843.7813;5862927;-4109.786621
406904.0625;5862927;-4111.736816
406964.375;5862927;-4113.882324
407024.6563;5862927;-4116.227051
407084.9688;5862927;-4118.522461
407145.2813;5862927;-4120.70752
407205.5625;5862927;-4122.875
407265.875;5862927;-4124.909668
407326.1875;5862927;-4126.82959
407386.4688;5862927;-4128.728516
407446.7813;5862927;-4130.592773
407507.0625;5862927;-4132.425293
407567.375;5862927;-4134.194336
407627.6875;5862927;-4135.900879
407687.9688;5862927;-4137.54248
407748.2813;5862927;-4139.071777
407808.5938;5862927;-4140.473633
407868.875;5862927;-4141.770508
407929.1875;5862927;-4142.961426
407989.4688;5862927;-4144.07373
408049.7813;5862927;-4145.106445
408110.0938;5862927;-4146.046387
408170.375;5862927;-4146.903809
408230.6875;5862927;-4147.682617
408291;5862927;-4148.375
408351.2813;5862927;-4149.007324
408411.5938;5862927;-4149.598145
408471.875;5862927;-4150.136719
408532.1875;5862927;-4150.608887
408592.5;5862927;-4151.04248
408652.7813;5862927;-4151.441406
408713.0938;5862927;-4151.803223
408773.4063;5862927;-4152.125977
408833.6875;5862927;-4152.413086
408894;5862927;-4152.669922
408954.2813;5862927;-4152.900879
409014.5938;5862927;-4153.101074
409074.9063;5862927;-4153.275391
409135.1875;5862927;-4153.425293
409195.5;5862927;-4153.54834
409255.8125;5862927;-4153.644531
409316.0938;5862927;-4153.71875
409376.4063;5862927;-4153.773438
401356.4063;5862988;-4131.157227
401416.6875;5862988;-4130.695801
401477;5862988;-4130.227051
401537.3125;5862988;-4129.739746
401597.5938;5862988;-4129.199219
401657.9063;5862988;-4128.611328
401718.2188;5862988;-4127.973633
401778.5;5862988;-4127.270508
401838.8125;5862988;-4126.486816
401899.0938;5862988;-4125.628418
401959.4063;5862988;-4124.696777
402019.7188;5862988;-4123.66748
402080;5862988;-4122.528809
402140.3125;5862988;-4121.348145
402200.625;5862988;-4120.132813
402260.9063;5862988;-4118.888184
402321.2188;5862988;-4117.69043
402381.5;5862988;-4116.561035
402441.8125;5862988;-4115.479492
402502.125;5862988;-4114.470703
402562.4063;5862988;-4113.570801
402622.7188;5862988;-4112.780762
402683.0313;5862988;-4112.112305
402743.3125;5862988;-4111.586914
402803.625;5862988;-4111.22168
402863.9063;5862988;-4110.991211
402924.2188;5862988;-4110.898438
402984.5313;5862988;-4110.922852
403044.8125;5862988;-4118.830078
403105.125;5862988;-4119.047852
403165.4375;5862988;-4119.312988
403225.7188;5862988;-4119.633789
403286.0313;5862988;-4119.953613
403346.3125;5862988;-4120.322754
403406.625;5862988;-4120.733887
403466.9375;5862988;-4121.121094
403527.2188;5862988;-4121.620605
403587.5313;5862988;-4122.273926
403647.8438;5862988;-4122.992188
403708.125;5862988;-4123.858887
403768.4375;5862988;-4124.691895
403828.7188;5862988;-4125.103027
403889.0313;5862988;-4124.872559
403949.3438;5862988;-4123.523438
404009.625;5862988;-4120.574219
404069.9375;5862988;-4116.430176
404130.25;5862988;-4111.330566
404190.5313;5862988;-4105.341797
404250.8438;5862988;-4099.148926
404311.125;5862988;-4093.444092
404371.4375;5862988;-4088.532471
404431.75;5862988;-4084.814453
404492.0313;5862988;-4082.426025
404552.3438;5862988;-4081.039551
404612.625;5862988;-4080.472168
404672.9375;5862988;-4080.490479
404733.25;5862988;-4080.829346
404793.5313;5862988;-4081.311279
404853.8438;5862988;-4082.72998
404914.1563;5862988;-4082.426514
404974.4375;5862988;-4081.603027
405034.75;5862988;-4080.503906
405095.0313;5862988;-4079.253662
405155.3438;5862988;-4083.473877
405215.6563;5862988;-4082.228271
405275.9375;5862988;-4081.062988
405336.25;5862988;-4080.164795
405396.5625;5862988;-4084.618652
405456.8438;5862988;-4083.12793
405517.1563;5862988;-4081.816406
405577.4375;5862988;-4092.252197
405637.75;5862988;-4091.902588
405698.0625;5862988;-4087.251221
405758.3438;5862988;-4079.573975
405818.6563;5862988;-4076.26001
405878.9688;5862988;-4073.178467
405939.25;5862988;-4072.396484
405999.5625;5862988;-4073.377197
406059.8438;5862988;-4076.143066
406120.1563;5862988;-4080.603516
406180.4688;5862988;-4085.239014
406240.75;5862988;-4089.328125
406301.0625;5862988;-4092.691162
406361.375;5862988;-4095.319092
406421.6563;5862988;-4098.424316
406481.9688;5862988;-4100.836914
406542.25;5862988;-4102.852539
406602.5625;5862988;-4104.291504
406662.875;5862988;-4105.277832
406723.1563;5862988;-4106.32959
406783.4688;5862988;-4107.598145
406843.7813;5862988;-4109.276367
406904.0625;5862988;-4111.081543
406964.375;5862988;-4112.981445
407024.6563;5862988;-4115.077148
407084.9688;5862988;-4117.146484
407145.2813;5862988;-4119.15625
407205.5625;5862988;-4121.208008
407265.875;5862988;-4123.177734
407326.1875;5862988;-4125.072266
407386.4688;5862988;-4126.958008
407446.7813;5862988;-4128.813965
407507.0625;5862988;-4130.638184
407567.375;5862988;-4132.397461
407627.6875;5862988;-4134.099609
407687.9688;5862988;-4135.743164
407748.2813;5862988;-4137.282227
407808.5938;5862988;-4138.704102
407868.875;5862988;-4140.027344
407929.1875;5862988;-4141.24707
407989.4688;5862988;-4142.38916
408049.7813;5862988;-4143.44873
408110.0938;5862988;-4144.414063
408170.375;5862988;-4145.29248
408230.6875;5862988;-4146.090332
408291;5862988;-4146.800781
408351.2813;5862988;-4147.449219
408411.5938;5862988;-4148.056152
408471.875;5862988;-4148.61084
408532.1875;5862988;-4149.099609
408592.5;5862988;-4149.549316
408652.7813;5862988;-4149.965332
408713.0938;5862988;-4150.344727
408773.4063;5862988;-4150.684082
408833.6875;5862988;-4150.988281
408894;5862988;-4151.263184
408954.2813;5862988;-4151.509766
409014.5938;5862988;-4151.726074
409074.9063;5862988;-4151.916016
409135.1875;5862988;-4152.080078
409195.5;5862988;-4152.217773
409255.8125;5862988;-4152.326172
409316.0938;5862988;-4152.413086
409376.4063;5862988;-4152.479492
401356.4063;5863048.5;-4131.743164
401416.6875;5863048.5;-4131.277832
401477;5863048.5;-4130.811523
401537.3125;5863048.5;-4130.331055
401597.5938;5863048.5;-4129.801758
401657.9063;5863048.5;-4129.22998
401718.2188;5863048.5;-4128.611328
401778.5;5863048.5;-4127.927734
401838.8125;5863048.5;-4127.158203
401899.0938;5863048.5;-4126.299316
401959.4063;5863048.5;-4125.350098
402019.7188;5863048.5;-4124.270508
402080;5863048.5;-4123.040039
402140.3125;5863048.5;-4121.748535
402200.625;5863048.5;-4120.408691
402260.9063;5863048.5;-4119.030273
402321.2188;5863048.5;-4117.71582
402381.5;5863048.5;-4116.489746
402441.8125;5863048.5;-4115.321777
402502.125;5863048.5;-4114.22998
402562.4063;5863048.5;-4113.246094
402622.7188;5863048.5;-4112.374512
402683.0313;5863048.5;-4111.625977
402743.3125;5863048.5;-4111.03125
402803.625;5863048.5;-4110.630859
402863.9063;5863048.5;-4110.398926
402924.2188;5863048.5;-4110.331055
402984.5313;5863048.5;-4117.566406
403044.8125;5863048.5;-4117.896484
403105.125;5863048.5;-4118.200195
403165.4375;5863048.5;-4118.558594
403225.7188;5863048.5;-4118.98291
403286.0313;5863048.5;-4119.406738
403346.3125;5863048.5;-4119.863281
403406.625;5863048.5;-4120.33252
403466.9375;5863048.5;-4120.735352
403527.2188;5863048.5;-4121.226563
403587.5313;5863048.5;-4121.900879
403647.8438;5863048.5;-4122.723145
403708.125;5863048.5;-4123.841309
403768.4375;5863048.5;-4125.076172
403828.7188;5863048.5;-4125.926758
403889.0313;5863048.5;-4126.072266
403949.3438;5863048.5;-4124.87793
404009.625;5863048.5;-4121.674316
404069.9375;5863048.5;-4116.932617
404130.25;5863048.5;-4110.948242
404190.5313;5863048.5;-4103.866699
404250.8438;5863048.5;-4096.542969
404311.125;5863048.5;-4089.844238
404371.4375;5863048.5;-4084.209473
404431.75;5863048.5;-4080.193848
404492.0313;5863048.5;-4077.884277
404552.3438;5863048.5;-4076.731445
404612.625;5863048.5;-4076.466309
404672.9375;5863048.5;-4076.82251
404733.25;5863048.5;-4077.534424
404793.5313;5863048.5;-4078.406982
404853.8438;5863048.5;-4078.875977
404914.1563;5863048.5;-4079.97998
404974.4375;5863048.5;-4079.145752
405034.75;5863048.5;-4078.012939
405095.0313;5863048.5;-4076.701172
405155.3438;5863048.5;-4075.348633
405215.6563;5863048.5;-4080.276123
405275.9375;5863048.5;-4078.773193
405336.25;5863048.5;-4077.282959
405396.5625;5863048.5;-4075.390625
405456.8438;5863048.5;-4077.288818
405517.1563;5863048.5;-4075.455078
405577.4375;5863048.5;-4086.250488
405637.75;5863048.5;-4087.061035
405698.0625;5863048.5;-4087.525879
405758.3438;5863048.5;-4082.100342
405818.6563;5863048.5;-4074.323242
405878.9688;5863048.5;-4071.914795
405939.25;5863048.5;-4071.120605
405999.5625;5863048.5;-4071.996582
406059.8438;5863048.5;-4074.430176
406120.1563;5863048.5;-4078.189453
406180.4688;5863048.5;-4082.300293
406240.75;5863048.5;-4086.146729
406301.0625;5863048.5;-4089.512451
406361.375;5863048.5;-4092.150391
406421.6563;5863048.5;-4095.489746
406481.9688;5863048.5;-4098.27832
406542.25;5863048.5;-4100.72998
406602.5625;5863048.5;-4102.60498
406662.875;5863048.5;-4103.973633
406723.1563;5863048.5;-4105.334961
406783.4688;5863048.5;-4106.84082
406843.7813;5863048.5;-4108.687012
406904.0625;5863048.5;-4110.438477
406964.375;5863048.5;-4112.122559
407024.6563;5863048.5;-4113.989258
407084.9688;5863048.5;-4115.86377
407145.2813;5863048.5;-4117.722656
407205.5625;5863048.5;-4119.661621
407265.875;5863048.5;-4121.55957
407326.1875;5863048.5;-4123.42041
407386.4688;5863048.5;-4125.286133
407446.7813;5863048.5;-4127.131836
407507.0625;5863048.5;-4128.951172
407567.375;5863048.5;-4130.708984
407627.6875;5863048.5;-4132.414063
407687.9688;5863048.5;-4134.06543
407748.2813;5863048.5;-4135.618652
407808.5938;5863048.5;-4137.061035
407868.875;5863048.5;-4138.406738
407929.1875;5863048.5;-4139.649902
407989.4688;5863048.5;-4140.813965
408049.7813;5863048.5;-4141.894043
408110.0938;5863048.5;-4142.875977
408170.375;5863048.5;-4143.769043
408230.6875;5863048.5;-4144.578125
408291;5863048.5;-4145.297852
408351.2813;5863048.5;-4145.956055
408411.5938;5863048.5;-4146.573242
408471.875;5863048.5;-4147.137695
408532.1875;5863048.5;-4147.637695
408592.5;5863048.5;-4148.100098
408652.7813;5863048.5;-4148.528809
408713.0938;5863048.5;-4148.921387
408773.4063;5863048.5;-4149.274902
408833.6875;5863048.5;-4149.594727
408894;5863048.5;-4149.882324
408954.2813;5863048.5;-4150.144043
409014.5938;5863048.5;-4150.375
409074.9063;5863048.5;-4150.578125
409135.1875;5863048.5;-4150.755859
409195.5;5863048.5;-4150.90625
409255.8125;5863048.5;-4151.026855
409316.0938;5863048.5;-4151.124512
409376.4063;5863048.5;-4151.201172
401356.4063;5863109;-4132.300781
401416.6875;5863109;-4131.842773
401477;5863109;-4131.389648
401537.3125;5863109;-4130.930176
401597.5938;5863109;-4130.431152
401657.9063;5863109;-4129.899414
401718.2188;5863109;-4129.329102
401778.5;5863109;-4128.696289
401838.8125;5863109;-4127.97168
401899.0938;5863109;-4127.13623
401959.4063;5863109;-4126.177246
402019.7188;5863109;-4125.036133
402080;5863109;-4123.679688
402140.3125;5863109;-4122.231445
402200.625;5863109;-4120.717285
402260.9063;5863109;-4119.159668
402321.2188;5863109;-4117.705566
402381.5;5863109;-4116.375488
402441.8125;5863109;-4115.125488
402502.125;5863109;-4113.963379
402562.4063;5863109;-4112.905762
402622.7188;5863109;-4111.954102
402683.0313;5863109;-4111.121094
402743.3125;5863109;-4110.447754
402803.625;5863109;-4110.005859
402863.9063;5863109;-4109.775391
402924.2188;5863109;-4109.748535
402984.5313;5863109;-4116.568359
403044.8125;5863109;-4116.996094
403105.125;5863109;-4117.395996
403165.4375;5863109;-4117.85498
403225.7188;5863109;-4118.39209
403286.0313;5863109;-4118.93457
403346.3125;5863109;-4119.480957
403406.625;5863109;-4119.986328
403466.9375;5863109;-4120.342773
403527.2188;5863109;-4120.716309
403587.5313;5863109;-4121.291016
403647.8438;5863109;-4122.118164
403708.125;5863109;-4123.467285
403768.4375;5863109;-4125.200195
403828.7188;5863109;-4126.669434
403889.0313;5863109;-4127.429199
403949.3438;5863109;-4126.625977
404009.625;5863109;-4123.249512
404069.9375;5863109;-4117.834473
404130.25;5863109;-4110.788574
404190.5313;5863109;-4102.397461
404250.8438;5863109;-4093.704834
404311.125;5863109;-4085.771484
404371.4375;5863109;-4079.238525
404431.75;5863109;-4074.94751
404492.0313;5863109;-4072.909912
404552.3438;5863109;-4072.177002
404612.625;5863109;-4072.326172
404672.9375;5863109;-4073.060059
404733.25;5863109;-4074.193848
404793.5313;5863109;-4075.52417
404853.8438;5863109;-4076.193604
404914.1563;5863109;-4076.046387
404974.4375;5863109;-4076.483887
405034.75;5863109;-4075.314209
405095.0313;5863109;-4073.937744
405155.3438;5863109;-4072.417969
405215.6563;5863109;-4070.592041
405275.9375;5863109;-4075.744873
405336.25;5863109;-4073.272217
405396.5625;5863109;-4070.25415
405456.8438;5863109;-4067.587158
405517.1563;5863109;-4067.710693
405577.4375;5863109;-4067.168213
405637.75;5863109;-4081.265869
405698.0625;5863109;-4084.181885
405758.3438;5863109;-4084.23877
405818.6563;5863109;-4074.260742
405878.9688;5863109;-4069.929443
405939.25;5863109;-4069.300049
405999.5625;5863109;-4070.117188
406059.8438;5863109;-4072.248535
406120.1563;5863109;-4075.579346
406180.4688;5863109;-4079.403809
406240.75;5863109;-4083.124756
406301.0625;5863109;-4085.057129
406361.375;5863109;-4089.149902
406421.6563;5863109;-4092.719727
406481.9688;5863109;-4095.801514
406542.25;5863109;-4098.580566
406602.5625;5863109;-4100.788086
406662.875;5863109;-4102.454102
406723.1563;5863109;-4104.05957
406783.4688;5863109;-4105.736816
406843.7813;5863109;-4107.653809
406904.0625;5863109;-4109.377441
406964.375;5863109;-4110.971191
407024.6563;5863109;-4112.722656
407084.9688;5863109;-4114.483398
407145.2813;5863109;-4116.245605
407205.5625;5863109;-4118.109863
407265.875;5863109;-4119.961914
407326.1875;5863109;-4121.802246
407386.4688;5863109;-4123.658691
407446.7813;5863109;-4125.501953
407507.0625;5863109;-4127.325684
407567.375;5863109;-4129.089844
407627.6875;5863109;-4130.804199
407687.9688;5863109;-4132.469727
407748.2813;5863109;-4134.039551
407808.5938;5863109;-4135.503418
407868.875;5863109;-4136.870605
407929.1875;5863109;-4138.133301
407989.4688;5863109;-4139.316406
408049.7813;5863109;-4140.412109
408110.0938;5863109;-4141.407227
408170.375;5863109;-4142.30957
408230.6875;5863109;-4143.124512
408291;5863109;-4143.849609
408351.2813;5863109;-4144.513672
408411.5938;5863109;-4145.137695
408471.875;5863109;-4145.708008
408532.1875;5863109;-4146.216797
408592.5;5863109;-4146.687988
408652.7813;5863109;-4147.127441
408713.0938;5863109;-4147.532227
408773.4063;5863109;-4147.896973
408833.6875;5863109;-4148.229492
408894;5863109;-4148.532227
408954.2813;5863109;-4148.807129
409014.5938;5863109;-4149.05127
409074.9063;5863109;-4149.267578
409135.1875;5863109;-4149.45752
409195.5;5863109;-4149.620605
409255.8125;5863109;-4149.75293
409316.0938;5863109;-4149.861328
409376.4063;5863109;-4149.949707
401356.4063;5863169.5;-4132.822266
401416.6875;5863169.5;-4132.383301
401477;5863169.5;-4131.957031
401537.3125;5863169.5;-4131.532715
401597.5938;5863169.5;-4131.084961
401657.9063;5863169.5;-4130.619629
401718.2188;5863169.5;-4130.129883
401778.5;5863169.5;-4129.58252
401838.8125;5863169.5;-4128.931152
401899.0938;5863169.5;-4128.134277
401959.4063;5863169.5;-4127.161621
402019.7188;5863169.5;-4125.927734
402080;5863169.5;-4124.385254
402140.3125;5863169.5;-4122.707031
402200.625;5863169.5;-4120.944824
402260.9063;5863169.5;-4119.149414
402321.2188;5863169.5;-4117.53125
402381.5;5863169.5;-4116.100586
402441.8125;5863169.5;-4114.789551
402502.125;5863169.5;-4113.588379
402562.4063;5863169.5;-4112.489746
402622.7188;5863169.5;-4111.48291
402683.0313;5863169.5;-4110.580566
402743.3125;5863169.5;-4109.834961
402803.625;5863169.5;-4109.357422
402863.9063;5863169.5;-4109.143555
402924.2188;5863169.5;-4109.182129
402984.5313;5863169.5;-4115.573242
403044.8125;5863169.5;-4116.111328
403105.125;5863169.5;-4116.60498
403165.4375;5863169.5;-4117.154785
403225.7188;5863169.5;-4117.805176
403286.0313;5863169.5;-4118.48584
403346.3125;5863169.5;-4119.14209
403406.625;5863169.5;-4119.683594
403466.9375;5863169.5;-4119.950195
403527.2188;5863169.5;-4120.100098
403587.5313;5863169.5;-4120.433594
403647.8438;5863169.5;-4121.139648
403708.125;5863169.5;-4122.687012
403768.4375;5863169.5;-4125.027344
403828.7188;5863169.5;-4127.340332
403889.0313;5863169.5;-4129.035645
403949.3438;5863169.5;-4128.966797
404009.625;5863169.5;-4125.565918
404069.9375;5863169.5;-4119.417969
404130.25;5863169.5;-4111.131348
404190.5313;5863169.5;-4101.253906
404250.8438;5863169.5;-4092.200684
404311.125;5863169.5;-4083.147461
404371.4375;5863169.5;-4074.094238
404431.75;5863169.5;-4069.525146
404492.0313;5863169.5;-4067.937256
404552.3438;5863169.5;-4067.723633
404612.625;5863169.5;-4068.301025
404672.9375;5863169.5;-4069.342041
404733.25;5863169.5;-4070.718018
404793.5313;5863169.5;-4072.249268
404853.8438;5863169.5;-4073.063232
404914.1563;5863169.5;-4073.000732
404974.4375;5863169.5;-4072.778076
405034.75;5863169.5;-4072.385986
405095.0313;5863169.5;-4070.9646
405155.3438;5863169.5;-4069.265625
405215.6563;5863169.5;-4066.99292
405275.9375;5863169.5;-4064.003418
405336.25;5863169.5;-4068.843262
405396.5625;5863169.5;-4064.67334
405456.8438;5863169.5;-4061.291016
405517.1563;5863169.5;-4060.030029
405577.4375;5863169.5;-4059.421875
405637.75;5863169.5;-4072.869141
405698.0625;5863169.5;-4077.123779
405758.3438;5863169.5;-4079.576416
405818.6563;5863169.5;-4078.781738
405878.9688;5863169.5;-4067.32959
405939.25;5863169.5;-4067.155518
405999.5625;5863169.5;-4068.018311
406059.8438;5863169.5;-4069.984375
406120.1563;5863169.5;-4073.080078
406180.4688;5863169.5;-4076.749268
406240.75;5863169.5;-4080.405273
406301.0625;5863169.5;-4082.164307
406361.375;5863169.5;-4086.342529
406421.6563;5863169.5;-4090.070801
406481.9688;5863169.5;-4093.359375
406542.25;5863169.5;-4096.373047
406602.5625;5863169.5;-4098.830078
406662.875;5863169.5;-4100.729492
406723.1563;5863169.5;-4102.52832
406783.4688;5863169.5;-4104.319336
406843.7813;5863169.5;-4106.20752
406904.0625;5863169.5;-4107.927246
406964.375;5863169.5;-4109.549316
407024.6563;5863169.5;-4111.292969
407084.9688;5863169.5;-4113.012207
407145.2813;5863169.5;-4114.733398
407205.5625;5863169.5;-4116.562988
407265.875;5863169.5;-4118.39502
407326.1875;5863169.5;-4120.232422
407386.4688;5863169.5;-4122.089355
407446.7813;5863169.5;-4123.937988
407507.0625;5863169.5;-4125.77002
407567.375;5863169.5;-4127.543945
407627.6875;5863169.5;-4129.270996
407687.9688;5863169.5;-4130.950684
407748.2813;5863169.5;-4132.538086
407808.5938;5863169.5;-4134.021484
407868.875;5863169.5;-4135.407227
407929.1875;5863169.5;-4136.688965
407989.4688;5863169.5;-4137.887207
408049.7813;5863169.5;-4138.994629
408110.0938;5863169.5;-4139.999023
408170.375;5863169.5;-4140.907227
408230.6875;5863169.5;-4141.724121
408291;5863169.5;-4142.451172
408351.2813;5863169.5;-4143.117188
408411.5938;5863169.5;-4143.743164
408471.875;5863169.5;-4144.318359
408532.1875;5863169.5;-4144.83252
408592.5;5863169.5;-4145.311035
408652.7813;5863169.5;-4145.758301
408713.0938;5863169.5;-4146.171875
408773.4063;5863169.5;-4146.548828
408833.6875;5863169.5;-4146.893066
408894;5863169.5;-4147.207031
408954.2813;5863169.5;-4147.495117
409014.5938;5863169.5;-4147.751953
409074.9063;5863169.5;-4147.97998
409135.1875;5863169.5;-4148.183105
409195.5;5863169.5;-4148.358398
409255.8125;5863169.5;-4148.500977
409316.0938;5863169.5;-4148.620117
409376.4063;5863169.5;-4148.717773
401356.4063;5863230;-4133.308105
401416.6875;5863230;-4132.902344
401477;5863230;-4132.516113
401537.3125;5863230;-4132.14502
401597.5938;5863230;-4131.774414
401657.9063;5863230;-4131.409668
401718.2188;5863230;-4131.039063
401778.5;5863230;-4130.619141
401838.8125;5863230;-4130.072754
401899.0938;5863230;-4129.326172
401959.4063;5863230;-4128.322266
402019.7188;5863230;-4126.938965
402080;5863230;-4125.116211
402140.3125;5863230;-4123.106934
402200.625;5863230;-4121.000488
402260.9063;5863230;-4118.896484
402321.2188;5863230;-4117.099609
402381.5;5863230;-4115.592773
402441.8125;5863230;-4114.267578
402502.125;5863230;-4113.091309
402562.4063;5863230;-4112.017578
402622.7188;5863230;-4111.016113
402683.0313;5863230;-4110.091797
402743.3125;5863230;-4109.305664
402803.625;5863230;-4108.824219
402863.9063;5863230;-4108.661621
402924.2188;5863230;-4108.802246
402984.5313;5863230;-4114.466309
403044.8125;5863230;-4115.128906
403105.125;5863230;-4115.70752
403165.4375;5863230;-4116.32666
403225.7188;5863230;-4117.090332
403286.0313;5863230;-4117.946777
403346.3125;5863230;-4118.765625
403406.625;5863230;-4119.384766
403466.9375;5863230;-4119.551758
403527.2188;5863230;-4119.374023
403587.5313;5863230;-4119.302246
403647.8438;5863230;-4119.727539
403708.125;5863230;-4121.419434
403768.4375;5863230;-4124.484863
403828.7188;5863230;-4127.910156
403889.0313;5863230;-4130.88916
403949.3438;5863230;-4131.9375
404009.625;5863230;-4128.730957
404069.9375;5863230;-4121.833496
404130.25;5863230;-4112.213867
404190.5313;5863230;-4101.596191
404250.8438;5863230;-4090.978271
404311.125;5863230;-4080.360352
404371.4375;5863230;-4069.742432
404431.75;5863230;-4064.872803
404492.0313;5863230;-4063.752441
404552.3438;5863230;-4063.977783
404612.625;5863230;-4064.829346
404672.9375;5863230;-4065.996094
404733.25;5863230;-4067.363525
404793.5313;5863230;-4068.787842
404853.8438;5863230;-4069.675781
404914.1563;5863230;-4069.86792
404974.4375;5863230;-4069.792236
405034.75;5863230;-4069.354248
405095.0313;5863230;-4067.723877
405155.3438;5863230;-4065.874756
405215.6563;5863230;-4063.209473
405275.9375;5863230;-4059.572021
405336.25;5863230;-4054.994385
405396.5625;5863230;-4059.695068
405456.8438;5863230;-4056.216797
405517.1563;5863230;-4055.789063
405577.4375;5863230;-4053.736084
405637.75;5863230;-4064.104736
405698.0625;5863230;-4067.736572
405758.3438;5863230;-4072.864014
405818.6563;5863230;-4074.990234
405878.9688;5863230;-4074.998291
405939.25;5863230;-4065.10376
405999.5625;5863230;-4066.130371
406059.8438;5863230;-4068.067627
406120.1563;5863230;-4071.058594
406180.4688;5863230;-4074.656738
406240.75;5863230;-4075.020752
406301.0625;5863230;-4079.360352
406361.375;5863230;-4083.522461
406421.6563;5863230;-4087.303955
406481.9688;5863230;-4090.705322
406542.25;5863230;-4093.855225
406602.5625;5863230;-4096.499023
406662.875;5863230;-4098.630859
406723.1563;5863230;-4100.632324
406783.4688;5863230;-4102.572266
406843.7813;5863230;-4104.501953
406904.0625;5863230;-4106.273438
406964.375;5863230;-4107.983398
407024.6563;5863230;-4109.777832
407084.9688;5863230;-4111.526367
407145.2813;5863230;-4113.26416
407205.5625;5863230;-4115.09375
407265.875;5863230;-4116.930176
407326.1875;5863230;-4118.776855
407386.4688;5863230;-4120.640137
407446.7813;5863230;-4122.495605
407507.0625;5863230;-4124.334961
407567.375;5863230;-4126.116699
407627.6875;5863230;-4127.853516
407687.9688;5863230;-4129.543457
407748.2813;5863230;-4131.145508
407808.5938;5863230;-4132.645996
407868.875;5863230;-4134.046387
407929.1875;5863230;-4135.340332
407989.4688;5863230;-4136.550293
408049.7813;5863230;-4137.663574
408110.0938;5863230;-4138.671387
408170.375;5863230;-4139.579102
408230.6875;5863230;-4140.391602
408291;5863230;-4141.113281
408351.2813;5863230;-4141.776367
408411.5938;5863230;-4142.399902
408471.875;5863230;-4142.973633
408532.1875;5863230;-4143.489746
408592.5;5863230;-4143.97168
408652.7813;5863230;-4144.423828
408713.0938;5863230;-4144.843262
408773.4063;5863230;-4145.228027
408833.6875;5863230;-4145.581055
408894;5863230;-4145.905762
408954.2813;5863230;-4146.203613
409014.5938;5863230;-4146.47168
409074.9063;5863230;-4146.710938
409135.1875;5863230;-4146.924316
409195.5;5863230;-4147.109375
409255.8125;5863230;-4147.261719
409316.0938;5863230;-4147.391602
409376.4063;5863230;-4147.498535
401356.4063;5863291;-4133.725098
401416.6875;5863291;-4133.365723
401477;5863291;-4133.03418
401537.3125;5863291;-4132.735352
401597.5938;5863291;-4132.472656
401657.9063;5863291;-4132.251953
401718.2188;5863291;-4132.050293
401778.5;5863291;-4131.809082
401838.8125;5863291;-4131.402832
401899.0938;5863291;-4130.707031
401959.4063;5863291;-4129.630859
402019.7188;5863291;-4128.000488
402080;5863291;-4125.753906
402140.3125;5863291;-4123.258301
402200.625;5863291;-4120.672363
402260.9063;5863291;-4118.179688
402321.2188;5863291;-4116.200195
402381.5;5863291;-4114.652832
402441.8125;5863291;-4113.364746
402502.125;5863291;-4112.26416
402562.4063;5863291;-4111.259277
402622.7188;5863291;-4110.297852
402683.0313;5863291;-4109.378418
402743.3125;5863291;-4108.570313
402803.625;5863291;-4108.101074
402863.9063;5863291;-4108.026367
402924.2188;5863291;-4108.344727
402984.5313;5863291;-4113.388672
403044.8125;5863291;-4114.174805
403105.125;5863291;-4114.750977
403165.4375;5863291;-4115.32666
403225.7188;5863291;-4116.152344
403286.0313;5863291;-4117.230957
403346.3125;5863291;-4118.310059
403406.625;5863291;-4119.11377
403466.9375;5863291;-4119.249023
403527.2188;5863291;-4118.666992
403587.5313;5863291;-4117.990723
403647.8438;5863291;-4117.905762
403708.125;5863291;-4119.615723
403768.4375;5863291;-4123.473633
403828.7188;5863291;-4128.214844
403889.0313;5863291;-4132.619629
403949.3438;5863291;-4134.958496
404009.625;5863291;-4132.098633
404069.9375;5863291;-4124.500488
404130.25;5863291;-4113.793457
404190.5313;5863291;-4101.29248
404250.8438;5863291;-4090.272461
404311.125;5863291;-4079.252441
404371.4375;5863291;-4068.232422
404431.75;5863291;-4063.011719
404492.0313;5863291;-4061.626709
404552.3438;5863291;-4061.628418
404612.625;5863291;-4062.268555
404672.9375;5863291;-4063.212646
404733.25;5863291;-4064.339844
404793.5313;5863291;-4065.528076
404853.8438;5863291;-4066.355469
404914.1563;5863291;-4066.669434
404974.4375;5863291;-4066.692383
405034.75;5863291;-4066.329834
405095.0313;5863291;-4065.634033
405155.3438;5863291;-4062.546875
405215.6563;5863291;-4059.697754
405275.9375;5863291;-4055.762695
405336.25;5863291;-4050.801758
405396.5625;5863291;-4045.260742
405456.8438;5863291;-4053.562988
405517.1563;5863291;-4054.636719
405577.4375;5863291;-4059.448242
405637.75;5863291;-4066.435303
405698.0625;5863291;-4067.336426
405758.3438;5863291;-4071.130859
405818.6563;5863291;-4073.231445
405878.9688;5863291;-4073.324707
405939.25;5863291;-4073.075928
405999.5625;5863291;-4064.474609
406059.8438;5863291;-4066.397461
406120.1563;5863291;-4069.343262
406180.4688;5863291;-4068.494629
406240.75;5863291;-4072.658203
406301.0625;5863291;-4076.894531
406361.375;5863291;-4080.982666
406421.6563;5863291;-4084.74292
406481.9688;5863291;-4088.172363
406542.25;5863291;-4091.370117
406602.5625;5863291;-4094.111816
406662.875;5863291;-4096.394531
406723.1563;5863291;-4098.540039
406783.4688;5863291;-4100.600098
406843.7813;5863291;-4102.601074
406904.0625;5863291;-4104.452148
406964.375;5863291;-4106.245117
407024.6563;5863291;-4108.114746
407084.9688;5863291;-4109.923828
407145.2813;5863291;-4111.720215
407205.5625;5863291;-4113.588379
407265.875;5863291;-4115.459473
407326.1875;5863291;-4117.335449
407386.4688;5863291;-4119.217285
407446.7813;5863291;-4121.088867
407507.0625;5863291;-4122.94043
407567.375;5863291;-4124.734375
407627.6875;5863291;-4126.483398
407687.9688;5863291;-4128.187012
407748.2813;5863291;-4129.805176
407808.5938;5863291;-4131.323242
407868.875;5863291;-4132.739746
407929.1875;5863291;-4134.047852
407989.4688;5863291;-4135.268066
408049.7813;5863291;-4136.388672
408110.0938;5863291;-4137.397949
408170.375;5863291;-4138.30127
408230.6875;5863291;-4139.104492
408291;5863291;-4139.817383
408351.2813;5863291;-4140.473633
408411.5938;5863291;-4141.092285
408471.875;5863291;-4141.661621
408532.1875;5863291;-4142.177246
408592.5;5863291;-4142.660645
408652.7813;5863291;-4143.117676
408713.0938;5863291;-4143.541992
408773.4063;5863291;-4143.93457
408833.6875;5863291;-4144.296387
408894;5863291;-4144.629883
408954.2813;5863291;-4144.937988
409014.5938;5863291;-4145.216797
409074.9063;5863291;-4145.466309
409135.1875;5863291;-4145.690918
409195.5;5863291;-4145.88623
409255.8125;5863291;-4146.04834
409316.0938;5863291;-4146.186523
409376.4063;5863291;-4146.302734
401356.4063;5863351.5;-4134.06543
401416.6875;5863351.5;-4133.760254
401477;5863351.5;-4133.494629
401537.3125;5863351.5;-4133.284668
401597.5938;5863351.5;-4133.159668
401657.9063;5863351.5;-4133.124512
401718.2188;5863351.5;-4133.14502
401778.5;5863351.5;-4133.135742
401838.8125;5863351.5;-4132.904785
401899.0938;5863351.5;-4132.26123
401959.4063;5863351.5;-4131.064453
402019.7188;5863351.5;-4129.084473
402080;5863351.5;-4126.269043
402140.3125;5863351.5;-4123.154785
402200.625;5863351.5;-4120.004883
402260.9063;5863351.5;-4117.123535
402321.2188;5863351.5;-4115.02832
402381.5;5863351.5;-4113.529297
402441.8125;5863351.5;-4112.341309
402502.125;5863351.5;-4111.325195
402562.4063;5863351.5;-4110.355469
402622.7188;5863351.5;-4109.399902
402683.0313;5863351.5;-4108.45459
402743.3125;5863351.5;-4107.591797
402803.625;5863351.5;-4107.114258
402863.9063;5863351.5;-4107.157227
402924.2188;5863351.5;-4107.783203
402984.5313;5863351.5;-4112.400879
403044.8125;5863351.5;-4113.312988
403105.125;5863351.5;-4113.701172
403165.4375;5863351.5;-4113.990234
403225.7188;5863351.5;-4114.758789
403286.0313;5863351.5;-4116.116211
403346.3125;5863351.5;-4117.613281
403406.625;5863351.5;-4118.832031
403466.9375;5863351.5;-4119.201172
403527.2188;5863351.5;-4118.310059
403587.5313;5863351.5;-4116.912109
403647.8438;5863351.5;-4116.062012
403708.125;5863351.5;-4117.572266
403768.4375;5863351.5;-4122.030273
403828.7188;5863351.5;-4127.691895
403889.0313;5863351.5;-4132.922852
403949.3438;5863351.5;-4135.993652
404009.625;5863351.5;-4133.305176
404069.9375;5863351.5;-4125.300293
404130.25;5863351.5;-4114.337402
404190.5313;5863351.5;-4101.789063
404250.8438;5863351.5;-4091.050049
404311.125;5863351.5;-4080.311035
404371.4375;5863351.5;-4069.572021
404431.75;5863351.5;-4064.05835
404492.0313;5863351.5;-4061.728271
404552.3438;5863351.5;-4060.874512
404612.625;5863351.5;-4060.861328
404672.9375;5863351.5;-4061.297363
404733.25;5863351.5;-4062.005859
404793.5313;5863351.5;-4062.860596
404853.8438;5863351.5;-4063.483643
404914.1563;5863351.5;-4063.741943
404974.4375;5863351.5;-4063.769531
405034.75;5863351.5;-4063.444824
405095.0313;5863351.5;-4062.797852
405155.3438;5863351.5;-4061.753662
405215.6563;5863351.5;-4056.719238
405275.9375;5863351.5;-4052.874512
405336.25;5863351.5;-4047.96582
405396.5625;5863351.5;-4042.376221
405456.8438;5863351.5;-4038.473633
405517.1563;5863351.5;-4039.626953
405577.4375;5863351.5;-4065.867676
405637.75;5863351.5;-4073.04834
405698.0625;5863351.5;-4071.580078
405758.3438;5863351.5;-4071.870117
405818.6563;5863351.5;-4073.838135
405878.9688;5863351.5;-4073.403564
405939.25;5863351.5;-4072.383789
405999.5625;5863351.5;-4072.346924
406059.8438;5863351.5;-4065.25293
406120.1563;5863351.5;-4062.989014
406180.4688;5863351.5;-4066.705078
406240.75;5863351.5;-4070.716064
406301.0625;5863351.5;-4074.80835
406361.375;5863351.5;-4078.774414
406421.6563;5863351.5;-4082.460205
406481.9688;5863351.5;-4085.862793
406542.25;5863351.5;-4089.050781
406602.5625;5863351.5;-4091.834229
406662.875;5863351.5;-4094.216309
406723.1563;5863351.5;-4096.462891
406783.4688;5863351.5;-4098.618164
406843.7813;5863351.5;-4100.696289
406904.0625;5863351.5;-4102.634766
406964.375;5863351.5;-4104.517578
407024.6563;5863351.5;-4106.455566
407084.9688;5863351.5;-4108.343262
407145.2813;5863351.5;-4110.208984
407205.5625;5863351.5;-4112.124512
407265.875;5863351.5;-4114.034668
407326.1875;5863351.5;-4115.94043
407386.4688;5863351.5;-4117.840332
407446.7813;5863351.5;-4119.725098
407507.0625;5863351.5;-4121.587891
407567.375;5863351.5;-4123.390625
407627.6875;5863351.5;-4125.149414
407687.9688;5863351.5;-4126.864746
407748.2813;5863351.5;-4128.497559
407808.5938;5863351.5;-4130.033691
407868.875;5863351.5;-4131.465332
407929.1875;5863351.5;-4132.789063
407989.4688;5863351.5;-4134.022949
408049.7813;5863351.5;-4135.151855
408110.0938;5863351.5;-4136.162109
408170.375;5863351.5;-4137.058594
408230.6875;5863351.5;-4137.84668
408291;5863351.5;-4138.546387
408351.2813;5863351.5;-4139.193359
408411.5938;5863351.5;-4139.805176
408471.875;5863351.5;-4140.371582
408532.1875;5863351.5;-4140.887695
408592.5;5863351.5;-4141.374512
408652.7813;5863351.5;-4141.834961
408713.0938;5863351.5;-4142.266113
408773.4063;5863351.5;-4142.666016
408833.6875;5863351.5;-4143.037598
408894;5863351.5;-4143.380371
408954.2813;5863351.5;-4143.69873
409014.5938;5863351.5;-4143.987793
409074.9063;5863351.5;-4144.248535
409135.1875;5863351.5;-4144.482422
409195.5;5863351.5;-4144.688965
409255.8125;5863351.5;-4144.86084
409316.0938;5863351.5;-4145.007813
409376.4063;5863351.5;-4145.133301
401356.4063;5863412;-4134.358887
401416.6875;5863412;-4134.11377
401477;5863412;-4133.918945
401537.3125;5863412;-4133.808105
401597.5938;5863412;-4133.840332
401657.9063;5863412;-4134.023438
401718.2188;5863412;-4134.307129
401778.5;5863412;-4134.577637
401838.8125;5863412;-4134.562988
401899.0938;5863412;-4133.98877
401959.4063;5863412;-4132.654785
402019.7188;5863412;-4130.26709
402080;5863412;-4126.807129
402140.3125;5863412;-4123.03125
402200.625;5863412;-4119.35498
402260.9063;5863412;-4116.222168
402321.2188;5863412;-4114.125488
402381.5;5863412;-4112.787598
402441.8125;5863412;-4111.760742
402502.125;5863412;-4110.802246
402562.4063;5863412;-4109.759766
402622.7188;5863412;-4108.703125
402683.0313;5863412;-4107.642578
402743.3125;5863412;-4106.655762
402803.625;5863412;-4106.113281
402863.9063;5863412;-4106.282715
402924.2188;5863412;-4109.420898
402984.5313;5863412;-4111.538086
403044.8125;5863412;-4112.67627
403105.125;5863412;-4112.582031
403165.4375;5863412;-4112.275879
403225.7188;5863412;-4112.883301
403286.0313;5863412;-4114.534668
403346.3125;5863412;-4116.583984
403406.625;5863412;-4118.472168
403466.9375;5863412;-4119.422852
403527.2188;5863412;-4118.52002
403587.5313;5863412;-4116.514648
403647.8438;5863412;-4114.843262
403708.125;5863412;-4115.940918
403768.4375;5863412;-4120.408203
403828.7188;5863412;-4125.917969
403889.0313;5863412;-4130.797852
403949.3438;5863412;-4133.534668
404009.625;5863412;-4130.954102
404069.9375;5863412;-4123.514648
404130.25;5863412;-4113.377441
404190.5313;5863412;-4101.695801
404250.8438;5863412;-4090.154541
404311.125;5863412;-4079.896484
404371.4375;5863412;-4071.537354
404431.75;5863412;-4065.856201
404492.0313;5863412;-4062.704102
404552.3438;5863412;-4061.001709
404612.625;5863412;-4060.264648
404672.9375;5863412;-4060.126953
404733.25;5863412;-4060.356445
404793.5313;5863412;-4060.810791
404853.8438;5863412;-4061.134277
404914.1563;5863412;-4061.220215
404974.4375;5863412;-4061.159668
405034.75;5863412;-4060.801025
405095.0313;5863412;-4060.168701
405155.3438;5863412;-4059.220215
405215.6563;5863412;-4057.518311
405275.9375;5863412;-4050.884766
405336.25;5863412;-4046.75708
405396.5625;5863412;-4042.210205
405456.8438;5863412;-4039.141357
405517.1563;5863412;-4039.948242
405577.4375;5863412;-4051.178223
405637.75;5863412;-4076.982666
405698.0625;5863412;-4077.14209
405758.3438;5863412;-4075.751465
405818.6563;5863412;-4074.09375
405878.9688;5863412;-4071.734619
405939.25;5863412;-4071.747559
405999.5625;5863412;-4071.414063
406059.8438;5863412;-4058.825195
406120.1563;5863412;-4061.708008
406180.4688;5863412;-4065.259033
406240.75;5863412;-4069.107178
406301.0625;5863412;-4073.04834
406361.375;5863412;-4076.885254
406421.6563;5863412;-4080.484131
406481.9688;5863412;-4083.841797
406542.25;5863412;-4087.003174
406602.5625;5863412;-4089.806152
406662.875;5863412;-4092.262939
406723.1563;5863412;-4094.591064
406783.4688;5863412;-4096.824707
406843.7813;5863412;-4098.970703
406904.0625;5863412;-4100.990723
406964.375;5863412;-4102.956543
407024.6563;5863412;-4104.955078
407084.9688;5863412;-4106.907715
407145.2813;5863412;-4108.837402
407205.5625;5863412;-4110.79248
407265.875;5863412;-4112.73291
407326.1875;5863412;-4114.65918
407386.4688;5863412;-4116.568359
407446.7813;5863412;-4118.459473
407507.0625;5863412;-4120.32373
407567.375;5863412;-4122.128906
407627.6875;5863412;-4123.891113
407687.9688;5863412;-4125.611328
407748.2813;5863412;-4127.253418
407808.5938;5863412;-4128.802246
407868.875;5863412;-4130.247559
407929.1875;5863412;-4131.585938
407989.4688;5863412;-4132.833496
408049.7813;5863412;-4133.971191
408110.0938;5863412;-4134.979492
408170.375;5863412;-4135.864258
408230.6875;5863412;-4136.629883
408291;5863412;-4137.310547
408351.2813;5863412;-4137.944336
408411.5938;5863412;-4138.546387
408471.875;5863412;-4139.10791
408532.1875;5863412;-4139.622559
408592.5;5863412;-4140.111328
408652.7813;5863412;-4140.574707
408713.0938;5863412;-4141.01123
408773.4063;5863412;-4141.41748
408833.6875;5863412;-4141.795898
408894;5863412;-4142.147949
408954.2813;5863412;-4142.475098
409014.5938;5863412;-4142.773438
409074.9063;5863412;-4143.041992
409135.1875;5863412;-4143.285645
409195.5;5863412;-4143.5
409255.8125;5863412;-4143.680664
409316.0938;5863412;-4143.835449
409376.4063;5863412;-4143.968262
401356.4063;5863472.5;-4134.597168
401416.6875;5863472.5;-4134.411621
401477;5863472.5;-4134.285645
401537.3125;5863472.5;-4134.273926
401597.5938;5863472.5;-4134.473633
401657.9063;5863472.5;-4134.896484
401718.2188;5863472.5;-4135.479004
401778.5;5863472.5;-4136.077148
401838.8125;5863472.5;-4136.332031
401899.0938;5863472.5;-4135.866211
401959.4063;5863472.5;-4134.40918
402019.7188;5863472.5;-4131.592285
402080;5863472.5;-4127.46582
402140.3125;5863472.5;-4123.091797
402200.625;5863472.5;-4119.101563
402260.9063;5863472.5;-4116.019043
402321.2188;5863472.5;-4113.942871
402381.5;5863472.5;-4112.830078
402441.8125;5863472.5;-4112.02832
402502.125;5863472.5;-4111.105957
402562.4063;5863472.5;-4109.76416
402622.7188;5863472.5;-4108.383301
402683.0313;5863472.5;-4107.027344
402743.3125;5863472.5;-4105.766602
402803.625;5863472.5;-4105.029785
402863.9063;5863472.5;-4105.227051
402924.2188;5863472.5;-4107.766602
402984.5313;5863472.5;-4111
403044.8125;5863472.5;-4112.672852
403105.125;5863472.5;-4111.405762
403165.4375;5863472.5;-4110.048828
403225.7188;5863472.5;-4110.630859
403286.0313;5863472.5;-4112.600586
403346.3125;5863472.5;-4115.196289
403406.625;5863472.5;-4117.75293
403466.9375;5863472.5;-4119.304199
403527.2188;5863472.5;-4118.730957
403587.5313;5863472.5;-4116.774902
403647.8438;5863472.5;-4114.896973
403708.125;5863472.5;-4115.486328
403768.4375;5863472.5;-4119.015137
403828.7188;5863472.5;-4123.219727
403889.0313;5863472.5;-4126.78125
403949.3438;5863472.5;-4128.387207
404009.625;5863472.5;-4125.865723
404069.9375;5863472.5;-4119.695313
404130.25;5863472.5;-4111.05957
404190.5313;5863472.5;-4100.787109
404250.8438;5863472.5;-4090.447754
404311.125;5863472.5;-4081.135498
404371.4375;5863472.5;-4073.364746
404431.75;5863472.5;-4067.670166
404492.0313;5863472.5;-4063.97168
404552.3438;5863472.5;-4061.593506
404612.625;5863472.5;-4060.21167
404672.9375;5863472.5;-4059.516602
404733.25;5863472.5;-4059.25415
404793.5313;5863472.5;-4059.273682
404853.8438;5863472.5;-4059.241699
404914.1563;5863472.5;-4059.076904
404974.4375;5863472.5;-4058.85083
405034.75;5863472.5;-4058.391602
405095.0313;5863472.5;-4057.726318
405155.3438;5863472.5;-4056.864014
405215.6563;5863472.5;-4055.474609
405275.9375;5863472.5;-4053.571289
405336.25;5863472.5;-4046.345947
405396.5625;5863472.5;-4043.618652
405456.8438;5863472.5;-4043.018066
405517.1563;5863472.5;-4045.982666
405577.4375;5863472.5;-4053.097412
405637.75;5863472.5;-4075.304199
405698.0625;5863472.5;-4076.823242
405758.3438;5863472.5;-4076.193359
405818.6563;5863472.5;-4074.10376
405878.9688;5863472.5;-4071.362305
405939.25;5863472.5;-4069.774902
405999.5625;5863472.5;-4056.387451
406059.8438;5863472.5;-4057.974365
406120.1563;5863472.5;-4060.717041
406180.4688;5863472.5;-4064.101807
406240.75;5863472.5;-4067.775391
406301.0625;5863472.5;-4071.545898
406361.375;5863472.5;-4075.231934
406421.6563;5863472.5;-4078.721191
406481.9688;5863472.5;-4082.010986
406542.25;5863472.5;-4085.12085
406602.5625;5863472.5;-4087.92041
406662.875;5863472.5;-4090.430176
406723.1563;5863472.5;-4092.820801
406783.4688;5863472.5;-4095.119629
406843.7813;5863472.5;-4097.326172
406904.0625;5863472.5;-4099.421387
406964.375;5863472.5;-4101.464844
407024.6563;5863472.5;-4103.519531
407084.9688;5863472.5;-4105.531738
407145.2813;5863472.5;-4107.516602
407205.5625;5863472.5;-4109.504883
407265.875;5863472.5;-4111.470215
407326.1875;5863472.5;-4113.411133
407386.4688;5863472.5;-4115.325684
407446.7813;5863472.5;-4117.216797
407507.0625;5863472.5;-4119.080566
407567.375;5863472.5;-4120.885254
407627.6875;5863472.5;-4122.647461
407687.9688;5863472.5;-4124.370605
407748.2813;5863472.5;-4126.019043
407808.5938;5863472.5;-4127.581055
407868.875;5863472.5;-4129.041016
407929.1875;5863472.5;-4130.396973
407989.4688;5863472.5;-4131.664063
408049.7813;5863472.5;-4132.812012
408110.0938;5863472.5;-4133.819824
408170.375;5863472.5;-4134.691406
408230.6875;5863472.5;-4135.430664
408291;5863472.5;-4136.088867
408351.2813;5863472.5;-4136.707031
408411.5938;5863472.5;-4137.299316
408471.875;5863472.5;-4137.855957
408532.1875;5863472.5;-4138.37207
408592.5;5863472.5;-4138.863281
408652.7813;5863472.5;-4139.331543
408713.0938;5863472.5;-4139.773438
408773.4063;5863472.5;-4140.187988
408833.6875;5863472.5;-4140.574707
408894;5863472.5;-4140.935059
408954.2813;5863472.5;-4141.270996
409014.5938;5863472.5;-4141.578613
409074.9063;5863472.5;-4141.856934
409135.1875;5863472.5;-4142.108887
409195.5;5863472.5;-4142.332031
409255.8125;5863472.5;-4142.520508
409316.0938;5863472.5;-4142.68457
409376.4063;5863472.5;-4142.826172
401356.4063;5863533.5;-4134.788086
401416.6875;5863533.5;-4134.649902
401477;5863533.5;-4134.580566
401537.3125;5863533.5;-4134.654785
401597.5938;5863533.5;-4135.016602
401657.9063;5863533.5;-4135.689453
401718.2188;5863533.5;-4136.60498
401778.5;5863533.5;-4137.595703
401838.8125;5863533.5;-4138.214844
401899.0938;5863533.5;-4137.957031
401959.4063;5863533.5;-4136.455078
402019.7188;5863533.5;-4133.266113
402080;5863533.5;-4128.589355
402140.3125;5863533.5;-4123.95459
402200.625;5863533.5;-4120.260742
402260.9063;5863533.5;-4117.74707
402321.2188;5863533.5;-4115.285156
402381.5;5863533.5;-4114.115234
402441.8125;5863533.5;-4113.571289
402502.125;5863533.5;-4112.824707
402562.4063;5863533.5;-4110.941895
402622.7188;5863533.5;-4108.91748
402683.0313;5863533.5;-4107.053223
402743.3125;5863533.5;-4105.371094
402803.625;5863533.5;-4104.228027
402863.9063;5863533.5;-4104.032227
402924.2188;5863533.5;-4105.897949
402984.5313;5863533.5;-4110.625488
403044.8125;5863533.5;-4113.077637
403105.125;5863533.5;-4110.183594
403165.4375;5863533.5;-4107.365723
403225.7188;5863533.5;-4108.18457
403286.0313;5863533.5;-4110.580566
403346.3125;5863533.5;-4113.533203
403406.625;5863533.5;-4116.453613
403466.9375;5863533.5;-4118.333008
403527.2188;5863533.5;-4118.275879
403587.5313;5863533.5;-4117.009277
403647.8438;5863533.5;-4115.617676
403708.125;5863533.5;-4115.800293
403768.4375;5863533.5;-4117.959961
403828.7188;5863533.5;-4120.550293
403889.0313;5863533.5;-4122.666016
403949.3438;5863533.5;-4123.122559
404009.625;5863533.5;-4120.466309
404069.9375;5863533.5;-4115.202637
404130.25;5863533.5;-4107.907227
404190.5313;5863533.5;-4099.130371
404250.8438;5863533.5;-4090.135254
404311.125;5863533.5;-4081.879883
404371.4375;5863533.5;-4074.79248
404431.75;5863533.5;-4069.274414
404492.0313;5863533.5;-4065.31543
404552.3438;5863533.5;-4062.503174
404612.625;5863533.5;-4060.630371
404672.9375;5863533.5;-4059.44043
404733.25;5863533.5;-4058.706055
404793.5313;5863533.5;-4058.287598
404853.8438;5863533.5;-4057.87207
404914.1563;5863533.5;-4057.401855
404974.4375;5863533.5;-4056.941406
405034.75;5863533.5;-4056.306396
405095.0313;5863533.5;-4055.526367
405155.3438;5863533.5;-4054.645508
405215.6563;5863533.5;-4053.403076
405275.9375;5863533.5;-4051.903809
405336.25;5863533.5;-4050.426758
405396.5625;5863533.5;-4043.920654
405456.8438;5863533.5;-4044.411621
405517.1563;5863533.5;-4047.606445
405577.4375;5863533.5;-4052.446045
405637.75;5863533.5;-4057.458984
405698.0625;5863533.5;-4073.959473
405758.3438;5863533.5;-4073.794922
405818.6563;5863533.5;-4072.128418
405878.9688;5863533.5;-4069.971924
405939.25;5863533.5;-4068.559082
405999.5625;5863533.5;-4055.583984
406059.8438;5863533.5;-4057.286621
406120.1563;5863533.5;-4059.979492
406180.4688;5863533.5;-4063.232422
406240.75;5863533.5;-4066.738037
406301.0625;5863533.5;-4070.330811
406361.375;5863533.5;-4073.848389
406421.6563;5863533.5;-4077.208252
406481.9688;5863533.5;-4080.406738
406542.25;5863533.5;-4083.442871
406602.5625;5863533.5;-4086.217529
406662.875;5863533.5;-4088.759277
406723.1563;5863533.5;-4091.195557
406783.4688;5863533.5;-4093.545166
406843.7813;5863533.5;-4095.801514
406904.0625;5863533.5;-4097.962402
406964.375;5863533.5;-4100.073242
407024.6563;5863533.5;-4102.17334
407084.9688;5863533.5;-4104.233398
407145.2813;5863533.5;-4106.26123
407205.5625;5863533.5;-4108.272949
407265.875;5863533.5;-4110.254395
407326.1875;5863533.5;-4112.203613
407386.4688;5863533.5;-4114.116211
407446.7813;5863533.5;-4116.003906
407507.0625;5863533.5;-4117.861816
407567.375;5863533.5;-4119.660156
407627.6875;5863533.5;-4121.418945
407687.9688;5863533.5;-4123.14209
407748.2813;5863533.5;-4124.794922
407808.5938;5863533.5;-4126.366211
407868.875;5863533.5;-4127.842285
407929.1875;5863533.5;-4129.220703
407989.4688;5863533.5;-4130.513184
408049.7813;5863533.5;-4131.685059
408110.0938;5863533.5;-4132.69043
408170.375;5863533.5;-4133.53418
408230.6875;5863533.5;-4134.247559
408291;5863533.5;-4134.882813
408351.2813;5863533.5;-4135.484375
408411.5938;5863533.5;-4136.067383
408471.875;5863533.5;-4136.620605
408532.1875;5863533.5;-4137.13916
408592.5;5863533.5;-4137.63623
408652.7813;5863533.5;-4138.11084
408713.0938;5863533.5;-4138.560547
408773.4063;5863533.5;-4138.98291
408833.6875;5863533.5;-4139.378418
408894;5863533.5;-4139.748047
408954.2813;5863533.5;-4140.09375
409014.5938;5863533.5;-4140.410156
409074.9063;5863533.5;-4140.697754
409135.1875;5863533.5;-4140.959473
409195.5;5863533.5;-4141.192383
409255.8125;5863533.5;-4141.38916
409316.0938;5863533.5;-4141.561523
409376.4063;5863533.5;-4141.711426
401356.4063;5863594;-4134.972656
401416.6875;5863594;-4134.860352
401477;5863594;-4134.817871
401537.3125;5863594;-4134.942383
401597.5938;5863594;-4135.428711
401657.9063;5863594;-4136.33252
401718.2188;5863594;-4137.596191
401778.5;5863594;-4139.05127
401838.8125;5863594;-4140.190918
401899.0938;5863594;-4140.34082
401959.4063;5863594;-4139.001465
402019.7188;5863594;-4135.665527
402080;5863594;-4130.814941
402140.3125;5863594;-4126.61084
402200.625;5863594;-4124.178711
402260.9063;5863594;-4122.929688
402321.2188;5863594;-4118.777832
402381.5;5863594;-4116.126953
402441.8125;5863594;-4115.912109
402502.125;5863594;-4115.657715
402562.4063;5863594;-4113.15332
402622.7188;5863594;-4110.303223
402683.0313;5863594;-4107.828613
402743.3125;5863594;-4105.707031
402803.625;5863594;-4103.914551
402863.9063;5863594;-4102.686035
402924.2188;5863594;-4103.942871
402984.5313;5863594;-4109.387695
403044.8125;5863594;-4112.470215
403105.125;5863594;-4109.881348
403165.4375;5863594;-4106.750977
403225.7188;5863594;-4107.232422
403286.0313;5863594;-4109.447266
403346.3125;5863594;-4112.24707
403406.625;5863594;-4115.008301
403466.9375;5863594;-4116.799316
403527.2188;5863594;-4117.009277
403587.5313;5863594;-4116.272949
403647.8438;5863594;-4115.317383
403708.125;5863594;-4115.239258
403768.4375;5863594;-4116.350098
403828.7188;5863594;-4117.699219
403889.0313;5863594;-4118.648926
403949.3438;5863594;-4118.248535
404009.625;5863594;-4115.48291
404069.9375;5863594;-4110.802734
404130.25;5863594;-4104.574219
404190.5313;5863594;-4097.119141
404250.8438;5863594;-4089.387939
404311.125;5863594;-4082.160889
404371.4375;5863594;-4075.788818
404431.75;5863594;-4070.585449
404492.0313;5863594;-4066.59082
404552.3438;5863594;-4063.555908
404612.625;5863594;-4061.347412
404672.9375;5863594;-4059.760742
404733.25;5863594;-4058.613281
404793.5313;5863594;-4057.789307
404853.8438;5863594;-4056.998779
404914.1563;5863594;-4056.19873
404974.4375;5863594;-4055.443115
405034.75;5863594;-4054.546631
405095.0313;5863594;-4053.529785
405155.3438;5863594;-4052.429443
405215.6563;5863594;-4051.025635
405275.9375;5863594;-4049.44165
405336.25;5863594;-4048.012939
405396.5625;5863594;-4047.707275
405456.8438;5863594;-4043.077637
405517.1563;5863594;-4045.871582
405577.4375;5863594;-4049.638428
405637.75;5863594;-4053.473633
405698.0625;5863594;-4069.34668
405758.3438;5863594;-4069.711182
405818.6563;5863594;-4068.9729
405878.9688;5863594;-4067.868896
405939.25;5863594;-4053.814453
405999.5625;5863594;-4054.867676
406059.8438;5863594;-4056.814697
406120.1563;5863594;-4059.544434
406180.4688;5863594;-4062.723389
406240.75;5863594;-4066.108643
406301.0625;5863594;-4069.560303
406361.375;5863594;-4072.938232
406421.6563;5863594;-4076.177979
406481.9688;5863594;-4079.279541
406542.25;5863594;-4082.234375
406602.5625;5863594;-4084.96167
406662.875;5863594;-4087.490967
406723.1563;5863594;-4089.927734
406783.4688;5863594;-4092.286621
406843.7813;5863594;-4094.556885
406904.0625;5863594;-4096.744629
406964.375;5863594;-4098.884277
407024.6563;5863594;-4101.004395
407084.9688;5863594;-4103.084961
407145.2813;5863594;-4105.129883
407205.5625;5863594;-4107.147461
407265.875;5863594;-4109.128906
407326.1875;5863594;-4111.072754
407386.4688;5863594;-4112.975098
407446.7813;5863594;-4114.850098
407507.0625;5863594;-4116.694824
407567.375;5863594;-4118.480469
407627.6875;5863594;-4120.228516
407687.9688;5863594;-4121.941406
407748.2813;5863594;-4123.59082
407808.5938;5863594;-4125.163086
407868.875;5863594;-4126.648438
407929.1875;5863594;-4128.046875
407989.4688;5863594;-4129.376465
408049.7813;5863594;-4130.599121
408110.0938;5863594;-4131.589844
408170.375;5863594;-4132.368164
408230.6875;5863594;-4133.052246
408291;5863594;-4133.675781
408351.2813;5863594;-4134.27002
408411.5938;5863594;-4134.849609
408471.875;5863594;-4135.404297
408532.1875;5863594;-4135.928711
408592.5;5863594;-4136.431641
408652.7813;5863594;-4136.914551
408713.0938;5863594;-4137.372559
408773.4063;5863594;-4137.803223
408833.6875;5863594;-4138.207031
408894;5863594;-4138.585449
408954.2813;5863594;-4138.938477
409014.5938;5863594;-4139.263672
409074.9063;5863594;-4139.559082
409135.1875;5863594;-4139.828613
409195.5;5863594;-4140.069336
409255.8125;5863594;-4140.273438
409316.0938;5863594;-4140.452148
409376.4063;5863594;-4140.608398
401356.4063;5863654.5;-4135.18457
401416.6875;5863654.5;-4135.071777
401477;5863654.5;-4135.019043
401537.3125;5863654.5;-4135.144531
401597.5938;5863654.5;-4135.691406
401657.9063;5863654.5;-4136.768066
401718.2188;5863654.5;-4138.347168
401778.5;5863654.5;-4140.295898
401838.8125;5863654.5;-4142.104492
401899.0938;5863654.5;-4142.893555
401959.4063;5863654.5;-4141.974609
402019.7188;5863654.5;-4138.741699
402080;5863654.5;-4133.904297
402140.3125;5863654.5;-4130.366211
402200.625;5863654.5;-4129.944824
402260.9063;5863654.5;-4131.464355
402321.2188;5863654.5;-4123.757813
402381.5;5863654.5;-4116.168945
402441.8125;5863654.5;-4117.694824
402502.125;5863654.5;-4118.652832
402562.4063;5863654.5;-4115.353516
402622.7188;5863654.5;-4111.854004
402683.0313;5863654.5;-4109.055176
402743.3125;5863654.5;-4106.839844
402803.625;5863654.5;-4104.991699
402863.9063;5863654.5;-4102.393555
402924.2188;5863654.5;-4103.809082
402984.5313;5863654.5;-4108.146484
403044.8125;5863654.5;-4110.599609
403105.125;5863654.5;-4109.53125
403165.4375;5863654.5;-4107.565918
403225.7188;5863654.5;-4107.585938
403286.0313;5863654.5;-4109.185547
403346.3125;5863654.5;-4111.49707
403406.625;5863654.5;-4113.785156
403466.9375;5863654.5;-4115.233398
403527.2188;5863654.5;-4115.46875
403587.5313;5863654.5;-4114.999512
403647.8438;5863654.5;-4114.279785
403708.125;5863654.5;-4113.996582
403768.4375;5863654.5;-4114.356934
403828.7188;5863654.5;-4114.773926
403889.0313;5863654.5;-4114.821289
403949.3438;5863654.5;-4113.801758
404009.625;5863654.5;-4110.998535
404069.9375;5863654.5;-4106.780273
404130.25;5863654.5;-4101.412109
404190.5313;5863654.5;-4095.074463
404250.8438;5863654.5;-4088.456299
404311.125;5863654.5;-4082.162109
404371.4375;5863654.5;-4076.472168
404431.75;5863654.5;-4071.63623
404492.0313;5863654.5;-4067.720215
404552.3438;5863654.5;-4064.584961
404612.625;5863654.5;-4062.149902
404672.9375;5863654.5;-4060.254395
404733.25;5863654.5;-4058.766602
404793.5313;5863654.5;-4057.595215
404853.8438;5863654.5;-4056.475098
404914.1563;5863654.5;-4055.373535
404974.4375;5863654.5;-4054.33667
405034.75;5863654.5;-4053.181885
405095.0313;5863654.5;-4051.920166
405155.3438;5863654.5;-4050.578125
405215.6563;5863654.5;-4048.956787
405275.9375;5863654.5;-4047.138916
405336.25;5863654.5;-4045.510498
405396.5625;5863654.5;-4045.27124
405456.8438;5863654.5;-4041.078369
405517.1563;5863654.5;-4043.505859
405577.4375;5863654.5;-4046.605713
405637.75;5863654.5;-4049.786377
405698.0625;5863654.5;-4052.145996
405758.3438;5863654.5;-4065.935547
405818.6563;5863654.5;-4066.09668
405878.9688;5863654.5;-4051.936523
405939.25;5863654.5;-4052.805176
405999.5625;5863654.5;-4054.326172
406059.8438;5863654.5;-4056.508545
406120.1563;5863654.5;-4059.28125
406180.4688;5863654.5;-4062.394531
406240.75;5863654.5;-4065.66333
406301.0625;5863654.5;-4068.973877
406361.375;5863654.5;-4072.207764
406421.6563;5863654.5;-4075.320068
406481.9688;5863654.5;-4078.315918
406542.25;5863654.5;-4081.181641
406602.5625;5863654.5;-4083.852295
406662.875;5863654.5;-4086.357666
406723.1563;5863654.5;-4088.7854
406783.4688;5863654.5;-4091.142578
406843.7813;5863654.5;-4093.41748
406904.0625;5863654.5;-4095.619385
406964.375;5863654.5;-4097.776367
407024.6563;5863654.5;-4099.904785
407084.9688;5863654.5;-4101.994141
407145.2813;5863654.5;-4104.046387
407205.5625;5863654.5;-4106.05957
407265.875;5863654.5;-4108.034668
407326.1875;5863654.5;-4109.967773
407386.4688;5863654.5;-4111.854492
407446.7813;5863654.5;-4113.713379
407507.0625;5863654.5;-4115.540039
407567.375;5863654.5;-4117.309082
407627.6875;5863654.5;-4119.041016
407687.9688;5863654.5;-4120.740234
407748.2813;5863654.5;-4122.378418
407808.5938;5863654.5;-4123.943848
407868.875;5863654.5;-4125.426758
407929.1875;5863654.5;-4126.830078
407989.4688;5863654.5;-4128.169434
408049.7813;5863654.5;-4129.390137
408110.0938;5863654.5;-4130.372559
408170.375;5863654.5;-4131.144043
408230.6875;5863654.5;-4131.827148
408291;5863654.5;-4132.453125
408351.2813;5863654.5;-4133.051758
408411.5938;5863654.5;-4133.635742
408471.875;5863654.5;-4134.198242
408532.1875;5863654.5;-4134.731445
408592.5;5863654.5;-4135.244141
408652.7813;5863654.5;-4135.73584
408713.0938;5863654.5;-4136.204102
408773.4063;5863654.5;-4136.643555
408833.6875;5863654.5;-4137.057129
408894;5863654.5;-4137.444336
408954.2813;5863654.5;-4137.807129
409014.5938;5863654.5;-4138.140137
409074.9063;5863654.5;-4138.443848
409135.1875;5863654.5;-4138.721191
409195.5;5863654.5;-4138.969727
409255.8125;5863654.5;-4139.181152
409316.0938;5863654.5;-4139.366699
409376.4063;5863654.5;-4139.529785
401356.4063;5863715;-4135.452637
401416.6875;5863715;-4135.310547
401477;5863715;-4135.211426
401537.3125;5863715;-4135.28125
401597.5938;5863715;-4135.810059
401657.9063;5863715;-4136.972168
401718.2188;5863715;-4138.791504
401778.5;5863715;-4141.225586
401838.8125;5863715;-4143.863281
401899.0938;5863715;-4145.57666
401959.4063;5863715;-4145.433105
402019.7188;5863715;-4142.432129
402080;5863715;-4137.188477
402140.3125;5863715;-4133.470703
402200.625;5863715;-4134.387695
402260.9063;5863715;-4139.210938
402321.2188;5863715;-4128.955078
402381.5;5863715;-4113.327148
402441.8125;5863715;-4117.371582
402502.125;5863715;-4120.581055
402562.4063;5863715;-4116.517578
402622.7188;5863715;-4112.733887
402683.0313;5863715;-4110.234375
402743.3125;5863715;-4108.410156
402803.625;5863715;-4107.075684
402863.9063;5863715;-4104.682617
402924.2188;5863715;-4105.492676
402984.5313;5863715;-4108.000488
403044.8125;5863715;-4109.464844
403105.125;5863715;-4109.274414
403165.4375;5863715;-4108.366699
403225.7188;5863715;-4108.336426
403286.0313;5863715;-4109.499023
403346.3125;5863715;-4111.222656
403406.625;5863715;-4112.893555
403466.9375;5863715;-4113.874512
403527.2188;5863715;-4113.967773
403587.5313;5863715;-4113.557129
403647.8438;5863715;-4112.902832
403708.125;5863715;-4112.417969
403768.4375;5863715;-4112.218262
403828.7188;5863715;-4111.94043
403889.0313;5863715;-4111.315918
403949.3438;5863715;-4109.853516
404009.625;5863715;-4107.057129
404069.9375;5863715;-4103.226074
404130.25;5863715;-4098.549316
404190.5313;5863715;-4093.133545
404250.8438;5863715;-4087.462158
404311.125;5863715;-4081.981689
404371.4375;5863715;-4076.915771
404431.75;5863715;-4072.458496
404492.0313;5863715;-4068.685059
404552.3438;5863715;-4065.53125
404612.625;5863715;-4062.954834
404672.9375;5863715;-4060.831299
404733.25;5863715;-4059.074463
404793.5313;5863715;-4057.619141
404853.8438;5863715;-4056.223145
404914.1563;5863715;-4054.865723
404974.4375;5863715;-4053.5896
405034.75;5863715;-4052.219238
405095.0313;5863715;-4050.761963
405155.3438;5863715;-4049.251465
405215.6563;5863715;-4047.527588
405275.9375;5863715;-4045.641846
405336.25;5863715;-4044.021729
405396.5625;5863715;-4043.80249
405456.8438;5863715;-4045.243164
405517.1563;5863715;-4041.769043
405577.4375;5863715;-4044.344238
405637.75;5863715;-4047.121094
405698.0625;5863715;-4049.507813
405758.3438;5863715;-4051.307373
405818.6563;5863715;-4049.630127
405878.9688;5863715;-4050.654053
405939.25;5863715;-4052.107422
405999.5625;5863715;-4053.991699
406059.8438;5863715;-4056.357178
406120.1563;5863715;-4059.156738
406180.4688;5863715;-4062.199219
406240.75;5863715;-4065.348633
406301.0625;5863715;-4068.513428
406361.375;5863715;-4071.597656
406421.6563;5863715;-4074.577881
406481.9688;5863715;-4077.462402
406542.25;5863715;-4080.233643
406602.5625;5863715;-4082.843018
406662.875;5863715;-4085.320068
406723.1563;5863715;-4087.732178
406783.4688;5863715;-4090.081543
406843.7813;5863715;-4092.353271
406904.0625;5863715;-4094.561523
406964.375;5863715;-4096.727539
407024.6563;5863715;-4098.85498
407084.9688;5863715;-4100.944824
407145.2813;5863715;-4102.995117
407205.5625;5863715;-4104.998535
407265.875;5863715;-4106.960449
407326.1875;5863715;-4108.87793
407386.4688;5863715;-4110.745605
407446.7813;5863715;-4112.584473
407507.0625;5863715;-4114.391113
407567.375;5863715;-4116.138672
407627.6875;5863715;-4117.850586
407687.9688;5863715;-4119.529785
407748.2813;5863715;-4121.150879
407808.5938;5863715;-4122.702637
407868.875;5863715;-4124.17041
407929.1875;5863715;-4125.560059
407989.4688;5863715;-4126.872559
408049.7813;5863715;-4128.041992
408110.0938;5863715;-4129.028809
408170.375;5863715;-4129.857422
408230.6875;5863715;-4130.568359
408291;5863715;-4131.210449
408351.2813;5863715;-4131.824219
408411.5938;5863715;-4132.421387
408471.875;5863715;-4132.996094
408532.1875;5863715;-4133.542969
408592.5;5863715;-4134.067871
408652.7813;5863715;-4134.571289
408713.0938;5863715;-4135.051758
408773.4063;5863715;-4135.502441
408833.6875;5863715;-4135.92627
408894;5863715;-4136.322754
408954.2813;5863715;-4136.695313
409014.5938;5863715;-4137.037109
409074.9063;5863715;-4137.349609
409135.1875;5863715;-4137.635254
409195.5;5863715;-4137.891113
409255.8125;5863715;-4138.110352
409316.0938;5863715;-4138.303223
409376.4063;5863715;-4138.474121
401356.4063;5863775.5;-4135.82959
401416.6875;5863775.5;-4135.632324
401477;5863775.5;-4135.450195
401537.3125;5863775.5;-4135.408691
401597.5938;5863775.5;-4135.824707
401657.9063;5863775.5;-4136.946289
401718.2188;5863775.5;-4138.875
401778.5;5863775.5;-4141.725098
401838.8125;5863775.5;-4145.352051
401899.0938;5863775.5;-4148.443359
401959.4063;5863775.5;-4149.722168
402019.7188;5863775.5;-4146.983398
402080;5863775.5;-4140.165039
402140.3125;5863775.5;-4133.141602
402200.625;5863775.5;-4128.788574
402260.9063;5863775.5;-4132.326172
402321.2188;5863775.5;-4128.002441
402381.5;5863775.5;-4113.350098
402441.8125;5863775.5;-4115.366699
402502.125;5863775.5;-4117.619629
402562.4063;5863775.5;-4114.312988
402622.7188;5863775.5;-4111.848633
402683.0313;5863775.5;-4110.530762
402743.3125;5863775.5;-4109.453125
402803.625;5863775.5;-4108.455566
402863.9063;5863775.5;-4106.658203
402924.2188;5863775.5;-4106.962891
402984.5313;5863775.5;-4108.273926
403044.8125;5863775.5;-4109.235352
403105.125;5863775.5;-4109.40332
403165.4375;5863775.5;-4109.13916
403225.7188;5863775.5;-4109.266602
403286.0313;5863775.5;-4110.083496
403346.3125;5863775.5;-4111.219238
403406.625;5863775.5;-4112.266113
403466.9375;5863775.5;-4112.769043
403527.2188;5863775.5;-4112.635742
403587.5313;5863775.5;-4112.14209
403647.8438;5863775.5;-4111.428711
403708.125;5863775.5;-4110.741211
403768.4375;5863775.5;-4110.130859
403828.7188;5863775.5;-4109.36084
403889.0313;5863775.5;-4108.265625
403949.3438;5863775.5;-4106.506348
404009.625;5863775.5;-4103.745605
404069.9375;5863775.5;-4100.225586
404130.25;5863775.5;-4096.088379
404190.5313;5863775.5;-4091.394531
404250.8438;5863775.5;-4086.479248
404311.125;5863775.5;-4081.668945
404371.4375;5863775.5;-4077.138428
404431.75;5863775.5;-4073.037842
404492.0313;5863775.5;-4069.438477
404552.3438;5863775.5;-4066.32251
404612.625;5863775.5;-4063.672852
404672.9375;5863775.5;-4061.393799
404733.25;5863775.5;-4059.435791
404793.5313;5863775.5;-4057.755127
404853.8438;5863775.5;-4056.13916
404914.1563;5863775.5;-4054.577148
404974.4375;5863775.5;-4053.113281
405034.75;5863775.5;-4051.587646
405095.0313;5863775.5;-4050.016113
405155.3438;5863775.5;-4048.455322
405215.6563;5863775.5;-4046.799805
405275.9375;5863775.5;-4045.112061
405336.25;5863775.5;-4043.824219
405396.5625;5863775.5;-4043.629883
405456.8438;5863775.5;-4044.675781
405517.1563;5863775.5;-4046.24585
405577.4375;5863775.5;-4043.4729
405637.75;5863775.5;-4045.913574
405698.0625;5863775.5;-4048.231934
405758.3438;5863775.5;-4047.205566
405818.6563;5863775.5;-4048.596191
405878.9688;5863775.5;-4050.10791
405939.25;5863775.5;-4051.926025
405999.5625;5863775.5;-4054.03125
406059.8438;5863775.5;-4056.502197
406120.1563;5863775.5;-4059.293213
406180.4688;5863775.5;-4062.248047
406240.75;5863775.5;-4065.272949
406301.0625;5863775.5;-4068.296143
406361.375;5863775.5;-4071.236572
406421.6563;5863775.5;-4074.08667
406481.9688;5863775.5;-4076.856689
406542.25;5863775.5;-4079.531006
406602.5625;5863775.5;-4082.068604
406662.875;5863775.5;-4084.496338
406723.1563;5863775.5;-4086.870117
406783.4688;5863775.5;-4089.189697
406843.7813;5863775.5;-4091.438477
406904.0625;5863775.5;-4093.631836
406964.375;5863775.5;-4095.784912
407024.6563;5863775.5;-4097.897461
407084.9688;5863775.5;-4099.972168
407145.2813;5863775.5;-4102.007813
407205.5625;5863775.5;-4103.990234
407265.875;5863775.5;-4105.932129
407326.1875;5863775.5;-4107.828613
407386.4688;5863775.5;-4109.672852
407446.7813;5863775.5;-4111.48584
407507.0625;5863775.5;-4113.267578
407567.375;5863775.5;-4114.989746
407627.6875;5863775.5;-4116.675293
407687.9688;5863775.5;-4118.329102
407748.2813;5863775.5;-4119.925293
407808.5938;5863775.5;-4121.450684
407868.875;5863775.5;-4122.891602
407929.1875;5863775.5;-4124.245117
407989.4688;5863775.5;-4125.52002
408049.7813;5863775.5;-4126.66748
408110.0938;5863775.5;-4127.671875
408170.375;5863775.5;-4128.541504
408230.6875;5863775.5;-4129.284668
408291;5863775.5;-4129.95459
408351.2813;5863775.5;-4130.592285
408411.5938;5863775.5;-4131.211914
408471.875;5863775.5;-4131.806152
408532.1875;5863775.5;-4132.368652
408592.5;5863775.5;-4132.908203
408652.7813;5863775.5;-4133.425781
408713.0938;5863775.5;-4133.917969
408773.4063;5863775.5;-4134.379395
408833.6875;5863775.5;-4134.812988
408894;5863775.5;-4135.21875
408954.2813;5863775.5;-4135.600098
409014.5938;5863775.5;-4135.950684
409074.9063;5863775.5;-4136.270508
409135.1875;5863775.5;-4136.563477
409195.5;5863775.5;-4136.826172
409255.8125;5863775.5;-4137.052246
409316.0938;5863775.5;-4137.251953
409376.4063;5863775.5;-4137.428711
401356.4063;5863836.5;-4136.375977
401416.6875;5863836.5;-4136.120117
401477;5863836.5;-4135.848145
401537.3125;5863836.5;-4135.670898
401597.5938;5863836.5;-4135.908691
401657.9063;5863836.5;-4136.865234
401718.2188;5863836.5;-4138.716309
401778.5;5863836.5;-4141.755371
401838.8125;5863836.5;-4146.366211
401899.0938;5863836.5;-4151.265625
401959.4063;5863836.5;-4154.637207
402019.7188;5863836.5;-4152.643066
402080;5863836.5;-4144.770996
402140.3125;5863836.5;-4135.974609
402200.625;5863836.5;-4128.513184
402260.9063;5863836.5;-4127.747559
402321.2188;5863836.5;-4126.449219
402381.5;5863836.5;-4117.733887
402441.8125;5863836.5;-4114.949219
402502.125;5863836.5;-4113.641113
402562.4063;5863836.5;-4111.867676
402622.7188;5863836.5;-4111.248047
402683.0313;5863836.5;-4111.110352
402743.3125;5863836.5;-4110.604004
402803.625;5863836.5;-4109.690918
402863.9063;5863836.5;-4108.282227
402924.2188;5863836.5;-4108.172363
402984.5313;5863836.5;-4108.800781
403044.8125;5863836.5;-4109.438965
403105.125;5863836.5;-4109.69873
403165.4375;5863836.5;-4109.743164
403225.7188;5863836.5;-4109.950684
403286.0313;5863836.5;-4110.464844
403346.3125;5863836.5;-4111.111816
403406.625;5863836.5;-4111.637695
403466.9375;5863836.5;-4111.740234
403527.2188;5863836.5;-4111.385254
403587.5313;5863836.5;-4110.763184
403647.8438;5863836.5;-4109.943848
403708.125;5863836.5;-4109.075195
403768.4375;5863836.5;-4108.169434
403828.7188;5863836.5;-4107.064941
403889.0313;5863836.5;-4105.65918
403949.3438;5863836.5;-4103.71875
404009.625;5863836.5;-4101.01416
404069.9375;5863836.5;-4097.743652
404130.25;5863836.5;-4094.016357
404190.5313;5863836.5;-4089.868408
404250.8438;5863836.5;-4085.535645
404311.125;5863836.5;-4081.258789
404371.4375;5863836.5;-4077.174805
404431.75;5863836.5;-4073.399658
404492.0313;5863836.5;-4069.991943
404552.3438;5863836.5;-4066.961182
404612.625;5863836.5;-4064.305176
404672.9375;5863836.5;-4061.948486
404733.25;5863836.5;-4059.868652
404793.5313;5863836.5;-4058.04126
404853.8438;5863836.5;-4056.281494
404914.1563;5863836.5;-4054.593262
404974.4375;5863836.5;-4053.022217
405034.75;5863836.5;-4051.428955
405095.0313;5863836.5;-4049.833984
405155.3438;5863836.5;-4048.319336
405215.6563;5863836.5;-4046.8396
405275.9375;5863836.5;-4045.442383
405336.25;5863836.5;-4044.502197
405396.5625;5863836.5;-4044.368408
405456.8438;5863836.5;-4045.153564
405517.1563;5863836.5;-4046.4104
405577.4375;5863836.5;-4048.256836
405637.75;5863836.5;-4046.044922
405698.0625;5863836.5;-4045.198975
405758.3438;5863836.5;-4046.871094
405818.6563;5863836.5;-4048.426025
405878.9688;5863836.5;-4050.16748
405939.25;5863836.5;-4052.155029
405999.5625;5863836.5;-4054.351074
406059.8438;5863836.5;-4056.845703
406120.1563;5863836.5;-4059.583008
406180.4688;5863836.5;-4062.425293
406240.75;5863836.5;-4065.313721
406301.0625;5863836.5;-4068.191406
406361.375;5863836.5;-4070.989258
406421.6563;5863836.5;-4073.711182
406481.9688;5863836.5;-4076.370117
406542.25;5863836.5;-4078.949707
406602.5625;5863836.5;-4081.415771
406662.875;5863836.5;-4083.789551
406723.1563;5863836.5;-4086.118896
406783.4688;5863836.5;-4088.401367
406843.7813;5863836.5;-4090.617676
406904.0625;5863836.5;-4092.784912
406964.375;5863836.5;-4094.915039
407024.6563;5863836.5;-4097.001953
407084.9688;5863836.5;-4099.053223
407145.2813;5863836.5;-4101.064453
407205.5625;5863836.5;-4103.020996
407265.875;5863836.5;-4104.936035
407326.1875;5863836.5;-4106.805176
407386.4688;5863836.5;-4108.620605
407446.7813;5863836.5;-4110.405273
407507.0625;5863836.5;-4112.15625
407567.375;5863836.5;-4113.848145
407627.6875;5863836.5;-4115.501953
407687.9688;5863836.5;-4117.123047
407748.2813;5863836.5;-4118.686035
407808.5938;5863836.5;-4120.177734
407868.875;5863836.5;-4121.585938
407929.1875;5863836.5;-4122.907227
407989.4688;5863836.5;-4124.150879
408049.7813;5863836.5;-4125.286621
408110.0938;5863836.5;-4126.301758
408170.375;5863836.5;-4127.196289
408230.6875;5863836.5;-4127.975586
408291;5863836.5;-4128.682617
408351.2813;5863836.5;-4129.354004
408411.5938;5863836.5;-4130.003418
408471.875;5863836.5;-4130.623535
408532.1875;5863836.5;-4131.207031
408592.5;5863836.5;-4131.76416
408652.7813;5863836.5;-4132.297852
408713.0938;5863836.5;-4132.803711
408773.4063;5863836.5;-4133.277832
408833.6875;5863836.5;-4133.722656
408894;5863836.5;-4134.13916
408954.2813;5863836.5;-4134.529785
409014.5938;5863836.5;-4134.888672
409074.9063;5863836.5;-4135.216797
409135.1875;5863836.5;-4135.517578
409195.5;5863836.5;-4135.787109
409255.8125;5863836.5;-4136.02002
409316.0938;5863836.5;-4136.226563
409376.4063;5863836.5;-4136.408691
401356.4063;5863897;-4137.094727
401416.6875;5863897;-4136.80127
401477;5863897;-4136.474609
401537.3125;5863897;-4136.203613
401597.5938;5863897;-4136.290527
401657.9063;5863897;-4137.062012
401718.2188;5863897;-4138.69043
401778.5;5863897;-4141.577637
401838.8125;5863897;-4146.619141
401899.0938;5863897;-4152.468262
401959.4063;5863897;-4156.853516
402019.7188;5863897;-4155.850586
402080;5863897;-4149.000488
402140.3125;5863897;-4141.558105
402200.625;5863897;-4135.481934
402260.9063;5863897;-4132.775879
402321.2188;5863897;-4129.641602
402381.5;5863897;-4123.424316
402441.8125;5863897;-4117.650879
402502.125;5863897;-4114.185547
402562.4063;5863897;-4112.796875
402622.7188;5863897;-4112.645996
402683.0313;5863897;-4112.699219
402743.3125;5863897;-4112.087891
402803.625;5863897;-4110.810059
402863.9063;5863897;-4109.761719
402924.2188;5863897;-4109.279297
402984.5313;5863897;-4109.438477
403044.8125;5863897;-4109.796387
403105.125;5863897;-4110.001465
403165.4375;5863897;-4110.126465
403225.7188;5863897;-4110.305176
403286.0313;5863897;-4110.550781
403346.3125;5863897;-4110.802246
403406.625;5863897;-4110.915527
403466.9375;5863897;-4110.705566
403527.2188;5863897;-4110.165039
403587.5313;5863897;-4109.417969
403647.8438;5863897;-4108.489258
403708.125;5863897;-4107.464355
403768.4375;5863897;-4106.335449
403828.7188;5863897;-4104.989746
403889.0313;5863897;-4103.371582
403949.3438;5863897;-4101.321289
404009.625;5863897;-4098.68457
404069.9375;5863897;-4095.623047
404130.25;5863897;-4092.223145
404190.5313;5863897;-4088.506104
404250.8438;5863897;-4084.64209
404311.125;5863897;-4080.804688
404371.4375;5863897;-4077.103516
404431.75;5863897;-4073.624512
404492.0313;5863897;-4070.413574
404552.3438;5863897;-4067.494629
404612.625;5863897;-4064.875977
404672.9375;5863897;-4062.495605
404733.25;5863897;-4060.352051
404793.5313;5863897;-4058.437988
404853.8438;5863897;-4056.594482
404914.1563;5863897;-4054.837402
404974.4375;5863897;-4053.217773
405034.75;5863897;-4051.615967
405095.0313;5863897;-4050.053955
405155.3438;5863897;-4048.627686
405215.6563;5863897;-4047.35498
405275.9375;5863897;-4046.266602
405336.25;5863897;-4045.606934
405396.5625;5863897;-4045.539551
405456.8438;5863897;-4046.193604
405517.1563;5863897;-4047.248291
405577.4375;5863897;-4048.813232
405637.75;5863897;-4043.998779
405698.0625;5863897;-4045.591553
405758.3438;5863897;-4047.186523
405818.6563;5863897;-4048.769531
405878.9688;5863897;-4050.594971
405939.25;5863897;-4052.638428
405999.5625;5863897;-4054.841309
406059.8438;5863897;-4057.301514
406120.1563;5863897;-4059.949463
406180.4688;5863897;-4062.660645
406240.75;5863897;-4065.404297
406301.0625;5863897;-4068.13623
406361.375;5863897;-4070.796143
406421.6563;5863897;-4073.396973
406481.9688;5863897;-4075.950684
406542.25;5863897;-4078.440674
406602.5625;5863897;-4080.838135
406662.875;5863897;-4083.158447
406723.1563;5863897;-4085.442871
406783.4688;5863897;-4087.684814
406843.7813;5863897;-4089.86499
406904.0625;5863897;-4092.002441
406964.375;5863897;-4094.103271
407024.6563;5863897;-4096.159668
407084.9688;5863897;-4098.181641
407145.2813;5863897;-4100.164551
407205.5625;5863897;-4102.090332
407265.875;5863897;-4103.975586
407326.1875;5863897;-4105.813965
407386.4688;5863897;-4107.599121
407446.7813;5863897;-4109.353027
407507.0625;5863897;-4111.072266
407567.375;5863897;-4112.732422
407627.6875;5863897;-4114.353516
407687.9688;5863897;-4115.939453
407748.2813;5863897;-4117.467773
407808.5938;5863897;-4118.92334
407868.875;5863897;-4120.298828
407929.1875;5863897;-4121.591797
407989.4688;5863897;-4122.812012
408049.7813;5863897;-4123.937012
408110.0938;5863897;-4124.958496
408170.375;5863897;-4125.875488
408230.6875;5863897;-4126.687988
408291;5863897;-4127.431641
408351.2813;5863897;-4128.137695
408411.5938;5863897;-4128.816895
408471.875;5863897;-4129.463379
408532.1875;5863897;-4130.067871
408592.5;5863897;-4130.643555
408652.7813;5863897;-4131.192871
408713.0938;5863897;-4131.714355
408773.4063;5863897;-4132.20166
408833.6875;5863897;-4132.657227
408894;5863897;-4133.084473
408954.2813;5863897;-4133.484375
409014.5938;5863897;-4133.852539
409074.9063;5863897;-4134.188477
409135.1875;5863897;-4134.49707
409195.5;5863897;-4134.774414
409255.8125;5863897;-4135.013672
409316.0938;5863897;-4135.227051
409376.4063;5863897;-4135.415039
401356.4063;5863957.5;-4137.962891
401416.6875;5863957.5;-4137.664551
401477;5863957.5;-4137.333008
401537.3125;5863957.5;-4137.038574
401597.5938;5863957.5;-4137.04834
401657.9063;5863957.5;-4137.689453
401718.2188;5863957.5;-4139.145508
401778.5;5863957.5;-4141.804199
401838.8125;5863957.5;-4146.51709
401899.0938;5863957.5;-4151.837402
401959.4063;5863957.5;-4155.653809
402019.7188;5863957.5;-4155.470215
402080;5863957.5;-4151.000977
402140.3125;5863957.5;-4145.861328
402200.625;5863957.5;-4141.54834
402260.9063;5863957.5;-4138.53418
402321.2188;5863957.5;-4134.566406
402381.5;5863957.5;-4128.873535
402441.8125;5863957.5;-4122.663574
402502.125;5863957.5;-4118.280762
402562.4063;5863957.5;-4116.388672
402622.7188;5863957.5;-4115.685059
402683.0313;5863957.5;-4115.07373
402743.3125;5863957.5;-4113.847656
402803.625;5863957.5;-4112.275391
402863.9063;5863957.5;-4110.950684
402924.2188;5863957.5;-4110.153809
402984.5313;5863957.5;-4109.963867
403044.8125;5863957.5;-4110.077637
403105.125;5863957.5;-4110.163574
403165.4375;5863957.5;-4110.240234
403225.7188;5863957.5;-4110.32373
403286.0313;5863957.5;-4110.340332
403346.3125;5863957.5;-4110.29248
403406.625;5863957.5;-4110.108398
403466.9375;5863957.5;-4109.671387
403527.2188;5863957.5;-4108.987793
403587.5313;5863957.5;-4108.133301
403647.8438;5863957.5;-4107.101074
403708.125;5863957.5;-4105.942871
403768.4375;5863957.5;-4104.64209
403828.7188;5863957.5;-4103.123047
403889.0313;5863957.5;-4101.359375
403949.3438;5863957.5;-4099.246094
404009.625;5863957.5;-4096.680664
404069.9375;5863957.5;-4093.796387
404130.25;5863957.5;-4090.6604
404190.5313;5863957.5;-4087.286621
404250.8438;5863957.5;-4083.80127
404311.125;5863957.5;-4080.327637
404371.4375;5863957.5;-4076.951416
404431.75;5863957.5;-4073.735352
404492.0313;5863957.5;-4070.712646
404552.3438;5863957.5;-4067.915283
404612.625;5863957.5;-4065.355469
404672.9375;5863957.5;-4062.985352
404733.25;5863957.5;-4060.817383
404793.5313;5863957.5;-4058.856445
404853.8438;5863957.5;-4056.969727
404914.1563;5863957.5;-4055.184326
404974.4375;5863957.5;-4053.558594
405034.75;5863957.5;-4051.988037
405095.0313;5863957.5;-4050.494629
405155.3438;5863957.5;-4049.172607
405215.6563;5863957.5;-4048.072754
405275.9375;5863957.5;-4047.222656
405336.25;5863957.5;-4046.763672
405396.5625;5863957.5;-4046.772705
405456.8438;5863957.5;-4047.35376
405517.1563;5863957.5;-4048.282471
405577.4375;5863957.5;-4044.077393
405637.75;5863957.5;-4045.175537
405698.0625;5863957.5;-4046.578857
405758.3438;5863957.5;-4048.066162
405818.6563;5863957.5;-4049.610596
405878.9688;5863957.5;-4051.433105
405939.25;5863957.5;-4053.456787
405999.5625;5863957.5;-4055.606201
406059.8438;5863957.5;-4057.981934
406120.1563;5863957.5;-4060.507324
406180.4688;5863957.5;-4063.066895
406240.75;5863957.5;-4065.655029
406301.0625;5863957.5;-4068.23584
406361.375;5863957.5;-4070.757568
406421.6563;5863957.5;-4073.236328
406481.9688;5863957.5;-4075.682861
406542.25;5863957.5;-4078.07959
406602.5625;5863957.5;-4080.401611
406662.875;5863957.5;-4082.659668
406723.1563;5863957.5;-4084.888184
406783.4688;5863957.5;-4087.079834
406843.7813;5863957.5;-4089.2146
406904.0625;5863957.5;-4091.310547
406964.375;5863957.5;-4093.373047
407024.6563;5863957.5;-4095.391113
407084.9688;5863957.5;-4097.376953
407145.2813;5863957.5;-4099.324707
407205.5625;5863957.5;-4101.21582
407265.875;5863957.5;-4103.066406
407326.1875;5863957.5;-4104.872559
407386.4688;5863957.5;-4106.625
407446.7813;5863957.5;-4108.346191
407507.0625;5863957.5;-4110.033691
407567.375;5863957.5;-4111.660645
407627.6875;5863957.5;-4113.248535
407687.9688;5863957.5;-4114.80127
407748.2813;5863957.5;-4116.29541
407808.5938;5863957.5;-4117.716309
407868.875;5863957.5;-4119.060059
407929.1875;5863957.5;-4120.32666
407989.4688;5863957.5;-4121.526855
408049.7813;5863957.5;-4122.644043
408110.0938;5863957.5;-4123.669434
408170.375;5863957.5;-4124.604004
408230.6875;5863957.5;-4125.447266
408291;5863957.5;-4126.222656
408351.2813;5863957.5;-4126.958496
408411.5938;5863957.5;-4127.665039
408471.875;5863957.5;-4128.334961
408532.1875;5863957.5;-4128.958496
408592.5;5863957.5;-4129.55127
408652.7813;5863957.5;-4130.116211
408713.0938;5863957.5;-4130.650391
408773.4063;5863957.5;-4131.149902
408833.6875;5863957.5;-4131.615723
408894;5863957.5;-4132.052246
408954.2813;5863957.5;-4132.460449
409014.5938;5863957.5;-4132.836426
409074.9063;5863957.5;-4133.180176
409135.1875;5863957.5;-4133.495605
409195.5;5863957.5;-4133.779297
409255.8125;5863957.5;-4134.024902
409316.0938;5863957.5;-4134.243652
409376.4063;5863957.5;-4134.4375
401356.4063;5864018;-4138.946777
401416.6875;5864018;-4138.677246
401477;5864018;-4138.39502
401537.3125;5864018;-4138.151855
401597.5938;5864018;-4138.173828
401657.9063;5864018;-4138.751465
401718.2188;5864018;-4140.074219
401778.5;5864018;-4142.419434
401838.8125;5864018;-4146.174316
401899.0938;5864018;-4150.128906
401959.4063;5864018;-4152.819336
402019.7188;5864018;-4152.85791
402080;5864018;-4150.110352
402140.3125;5864018;-4146.796875
402200.625;5864018;-4143.796387
402260.9063;5864018;-4141.148438
402321.2188;5864018;-4137.549316
402381.5;5864018;-4132.677246
402441.8125;5864018;-4127.300781
402502.125;5864018;-4122.944336
402562.4063;5864018;-4120.474609
402622.7188;5864018;-4118.8125
402683.0313;5864018;-4117.18457
402743.3125;5864018;-4115.241211
402803.625;5864018;-4113.330566
402863.9063;5864018;-4111.820801
402924.2188;5864018;-4110.842773
402984.5313;5864018;-4110.433105
403044.8125;5864018;-4110.34668
403105.125;5864018;-4110.270996
403165.4375;5864018;-4110.211426
403225.7188;5864018;-4110.13916
403286.0313;5864018;-4109.945313
403346.3125;5864018;-4109.665527
403406.625;5864018;-4109.26416
403466.9375;5864018;-4108.659668
403527.2188;5864018;-4107.858887
403587.5313;5864018;-4106.906738
403647.8438;5864018;-4105.776367
403708.125;5864018;-4104.503418
403768.4375;5864018;-4103.070313
403828.7188;5864018;-4101.427246
403889.0313;5864018;-4099.568359
403949.3438;5864018;-4097.427246
404009.625;5864018;-4094.93457
404069.9375;5864018;-4092.200684
404130.25;5864018;-4089.281006
404190.5313;5864018;-4086.185791
404250.8438;5864018;-4083.013428
404311.125;5864018;-4079.845215
404371.4375;5864018;-4076.748047
404431.75;5864018;-4073.766357
404492.0313;5864018;-4070.924072
404552.3438;5864018;-4068.254639
404612.625;5864018;-4065.773926
404672.9375;5864018;-4063.443115
404733.25;5864018;-4061.286133
404793.5313;5864018;-4059.314697
404853.8438;5864018;-4057.42041
404914.1563;5864018;-4055.63916
404974.4375;5864018;-4054.033447
405034.75;5864018;-4052.514893
405095.0313;5864018;-4051.10376
405155.3438;5864018;-4049.888428
405215.6563;5864018;-4048.928467
405275.9375;5864018;-4048.241455
405336.25;5864018;-4047.911621
405396.5625;5864018;-4047.981689
405456.8438;5864018;-4048.505615
405517.1563;5864018;-4045.124512
405577.4375;5864018;-4045.717773
405637.75;5864018;-4046.616943
405698.0625;5864018;-4047.861328
405758.3438;5864018;-4049.236328
405818.6563;5864018;-4050.707275
405878.9688;5864018;-4052.472656
405939.25;5864018;-4054.424316
405999.5625;5864018;-4056.477051
406059.8438;5864018;-4058.736328
406120.1563;5864018;-4061.119873
406180.4688;5864018;-4063.522949
406240.75;5864018;-4065.957764
406301.0625;5864018;-4068.394775
406361.375;5864018;-4070.787354
406421.6563;5864018;-4073.151123
406481.9688;5864018;-4075.495117
406542.25;5864018;-4077.802002
406602.5625;5864018;-4080.048828
406662.875;5864018;-4082.242188
406723.1563;5864018;-4084.411133
406783.4688;5864018;-4086.547363
406843.7813;5864018;-4088.632568
406904.0625;5864018;-4090.68335
406964.375;5864018;-4092.702393
407024.6563;5864018;-4094.678955
407084.9688;5864018;-4096.625
407145.2813;5864018;-4098.53418
407205.5625;5864018;-4100.388184
407265.875;5864018;-4102.203613
407326.1875;5864018;-4103.974609
407386.4688;5864018;-4105.693359
407446.7813;5864018;-4107.381348
407507.0625;5864018;-4109.036621
407567.375;5864018;-4110.631836
407627.6875;5864018;-4112.187988
407687.9688;5864018;-4113.708984
407748.2813;5864018;-4115.171875
407808.5938;5864018;-4116.561035
407868.875;5864018;-4117.875488
407929.1875;5864018;-4119.119629
407989.4688;5864018;-4120.303711
408049.7813;5864018;-4121.413086
408110.0938;5864018;-4122.442383
408170.375;5864018;-4123.391602
408230.6875;5864018;-4124.260254
408291;5864018;-4125.062012
408351.2813;5864018;-4125.822754
408411.5938;5864018;-4126.551758
408471.875;5864018;-4127.242188
408532.1875;5864018;-4127.882813
408592.5;5864018;-4128.491211
408652.7813;5864018;-4129.069336
408713.0938;5864018;-4129.616699
408773.4063;5864018;-4130.125977
408833.6875;5864018;-4130.602539
408894;5864018;-4131.04834
408954.2813;5864018;-4131.464844
409014.5938;5864018;-4131.848145
409074.9063;5864018;-4132.199219
409135.1875;5864018;-4132.520996
409195.5;5864018;-4132.812012
409255.8125;5864018;-4133.062988
409316.0938;5864018;-4133.286621
409376.4063;5864018;-4133.48584
401356.4063;5864078.5;-4139.964355
401416.6875;5864078.5;-4139.73584
401477;5864078.5;-4139.524414
401537.3125;5864078.5;-4139.367188
401597.5938;5864078.5;-4139.432129
401657.9063;5864078.5;-4139.930664
401718.2188;5864078.5;-4141.004883
401778.5;5864078.5;-4142.824707
401838.8125;5864078.5;-4145.463379
401899.0938;5864078.5;-4148.057129
401959.4063;5864078.5;-4149.713867
402019.7188;5864078.5;-4149.571289
402080;5864078.5;-4147.570313
402140.3125;5864078.5;-4145.15332
402200.625;5864078.5;-4142.836914
402260.9063;5864078.5;-4140.558105
402321.2188;5864078.5;-4137.576172
402381.5;5864078.5;-4133.729492
402441.8125;5864078.5;-4129.45166
402502.125;5864078.5;-4125.577637
402562.4063;5864078.5;-4122.787109
402622.7188;5864078.5;-4120.434082
402683.0313;5864078.5;-4118.157227
402743.3125;5864078.5;-4115.885742
402803.625;5864078.5;-4113.930664
402863.9063;5864078.5;-4112.439453
402924.2188;5864078.5;-4111.425293
402984.5313;5864078.5;-4110.898438
403044.8125;5864078.5;-4110.644531
403105.125;5864078.5;-4110.38916
403165.4375;5864078.5;-4110.147949
403225.7188;5864078.5;-4109.884766
403286.0313;5864078.5;-4109.495117
403346.3125;5864078.5;-4109.021484
403406.625;5864078.5;-4108.445313
403466.9375;5864078.5;-4107.702637
403527.2188;5864078.5;-4106.792969
403587.5313;5864078.5;-4105.744141
403647.8438;5864078.5;-4104.518555
403708.125;5864078.5;-4103.143066
403768.4375;5864078.5;-4101.60498
403828.7188;5864078.5;-4099.871094
403889.0313;5864078.5;-4097.94873
403949.3438;5864078.5;-4095.797119
404009.625;5864078.5;-4093.374023
404069.9375;5864078.5;-4090.770264
404130.25;5864078.5;-4088.033447
404190.5313;5864078.5;-4085.173584
404250.8438;5864078.5;-4082.271484
404311.125;5864078.5;-4079.37085
404371.4375;5864078.5;-4076.52002
404431.75;5864078.5;-4073.750977
404492.0313;5864078.5;-4071.080566
404552.3438;5864078.5;-4068.54248
404612.625;5864078.5;-4066.155029
404672.9375;5864078.5;-4063.887695
404733.25;5864078.5;-4061.769043
404793.5313;5864078.5;-4059.816895
404853.8438;5864078.5;-4057.942627
404914.1563;5864078.5;-4056.188477
404974.4375;5864078.5;-4054.617432
405034.75;5864078.5;-4053.155029
405095.0313;5864078.5;-4051.820313
405155.3438;5864078.5;-4050.692383
405215.6563;5864078.5;-4049.836914
405275.9375;5864078.5;-4049.254639
405336.25;5864078.5;-4048.990967
405396.5625;5864078.5;-4049.080322
405456.8438;5864078.5;-4046.710938
405517.1563;5864078.5;-4046.868652
405577.4375;5864078.5;-4047.340332
405637.75;5864078.5;-4048.09668
405698.0625;5864078.5;-4049.217285
405758.3438;5864078.5;-4050.489014
405818.6563;5864078.5;-4051.872559
405878.9688;5864078.5;-4053.552246
405939.25;5864078.5;-4055.402588
405999.5625;5864078.5;-4057.337402
406059.8438;5864078.5;-4059.466064
406120.1563;5864078.5;-4061.705811
406180.4688;5864078.5;-4063.960205
406240.75;5864078.5;-4066.254639
406301.0625;5864078.5;-4068.562256
406361.375;5864078.5;-4070.838379
406421.6563;5864078.5;-4073.099365
406481.9688;5864078.5;-4075.350098
406542.25;5864078.5;-4077.572998
406602.5625;5864078.5;-4079.747314
406662.875;5864078.5;-4081.877441
406723.1563;5864078.5;-4083.987305
406783.4688;5864078.5;-4086.069092
406843.7813;5864078.5;-4088.103027
406904.0625;5864078.5;-4090.106201
406964.375;5864078.5;-4092.080566
407024.6563;5864078.5;-4094.013428
407084.9688;5864078.5;-4095.917236
407145.2813;5864078.5;-4097.786621
407205.5625;5864078.5;-4099.602539
407265.875;5864078.5;-4101.381836
407326.1875;5864078.5;-4103.118164
407386.4688;5864078.5;-4104.803223
407446.7813;5864078.5;-4106.458008
407507.0625;5864078.5;-4108.081055
407567.375;5864078.5;-4109.645508
407627.6875;5864078.5;-4111.171875
407687.9688;5864078.5;-4112.662109
407748.2813;5864078.5;-4114.095703
407808.5938;5864078.5;-4115.457031
407868.875;5864078.5;-4116.748047
407929.1875;5864078.5;-4117.973633
407989.4688;5864078.5;-4119.144043
408049.7813;5864078.5;-4120.248047
408110.0938;5864078.5;-4121.280273
408170.375;5864078.5;-4122.239746
408230.6875;5864078.5;-4123.127441
408291;5864078.5;-4123.950195
408351.2813;5864078.5;-4124.730469
408411.5938;5864078.5;-4125.478027
408471.875;5864078.5;-4126.186523
408532.1875;5864078.5;-4126.842285
408592.5;5864078.5;-4127.463379
408652.7813;5864078.5;-4128.054688
408713.0938;5864078.5;-4128.61377
408773.4063;5864078.5;-4129.134277
408833.6875;5864078.5;-4129.619629
408894;5864078.5;-4130.07373
408954.2813;5864078.5;-4130.499023
409014.5938;5864078.5;-4130.890137
409074.9063;5864078.5;-4131.247559
409135.1875;5864078.5;-4131.57666
409195.5;5864078.5;-4131.873047
409255.8125;5864078.5;-4132.129883
409316.0938;5864078.5;-4132.359375
409376.4063;5864078.5;-4132.563965
401356.4063;5864139.5;-4140.930664
401416.6875;5864139.5;-4140.730469
401477;5864139.5;-4140.577148
401537.3125;5864139.5;-4140.490723
401597.5938;5864139.5;-4140.584961
401657.9063;5864139.5;-4140.98877
401718.2188;5864139.5;-4141.776367
401778.5;5864139.5;-4143.02832
401838.8125;5864139.5;-4144.688477
401899.0938;5864139.5;-4146.18457
401959.4063;5864139.5;-4146.990723
402019.7188;5864139.5;-4146.570313
402080;5864139.5;-4144.882813
402140.3125;5864139.5;-4142.857422
402200.625;5864139.5;-4140.818848
402260.9063;5864139.5;-4138.743652
402321.2188;5864139.5;-4136.235352
402381.5;5864139.5;-4133.189941
402441.8125;5864139.5;-4129.782227
402502.125;5864139.5;-4126.432129
402562.4063;5864139.5;-4123.577637
402622.7188;5864139.5;-4120.955078
402683.0313;5864139.5;-4118.47168
402743.3125;5864139.5;-4116.197754
402803.625;5864139.5;-4114.368164
402863.9063;5864139.5;-4112.980957
402924.2188;5864139.5;-4111.986328
402984.5313;5864139.5;-4111.37207
403044.8125;5864139.5;-4110.959961
403105.125;5864139.5;-4110.527832
403165.4375;5864139.5;-4110.101563
403225.7188;5864139.5;-4109.650391
403286.0313;5864139.5;-4109.078613
403346.3125;5864139.5;-4108.433594
403406.625;5864139.5;-4107.704102
403466.9375;5864139.5;-4106.832031
403527.2188;5864139.5;-4105.815918
403587.5313;5864139.5;-4104.668945
403647.8438;5864139.5;-4103.350098
403708.125;5864139.5;-4101.880371
403768.4375;5864139.5;-4100.253418
403828.7188;5864139.5;-4098.445313
403889.0313;5864139.5;-4096.473633
403949.3438;5864139.5;-4094.317871
404009.625;5864139.5;-4091.953857
404069.9375;5864139.5;-4089.461426
404130.25;5864139.5;-4086.881836
404190.5313;5864139.5;-4084.229248
404250.8438;5864139.5;-4081.572266
404311.125;5864139.5;-4078.914307
404371.4375;5864139.5;-4076.286377
404431.75;5864139.5;-4073.712402
404492.0313;5864139.5;-4071.203613
404552.3438;5864139.5;-4068.796631
404612.625;5864139.5;-4066.509033
404672.9375;5864139.5;-4064.317871
404733.25;5864139.5;-4062.256348
404793.5313;5864139.5;-4060.344238
404853.8438;5864139.5;-4058.509766
404914.1563;5864139.5;-4056.799072
404974.4375;5864139.5;-4055.272949
405034.75;5864139.5;-4053.868652
405095.0313;5864139.5;-4052.602783
405155.3438;5864139.5;-4051.537842
405215.6563;5864139.5;-4050.751709
405275.9375;5864139.5;-4050.22998
405336.25;5864139.5;-4049.95166
405396.5625;5864139.5;-4048.631104
405456.8438;5864139.5;-4048.32373
405517.1563;5864139.5;-4048.475586
405577.4375;5864139.5;-4048.901855
405637.75;5864139.5;-4049.594727
405698.0625;5864139.5;-4050.635498
405758.3438;5864139.5;-4051.830566
405818.6563;5864139.5;-4053.141602
405878.9688;5864139.5;-4054.732178
405939.25;5864139.5;-4056.478271
405999.5625;5864139.5;-4058.294434
406059.8438;5864139.5;-4060.290283
406120.1563;5864139.5;-4062.387939
406180.4688;5864139.5;-4064.498779
406240.75;5864139.5;-4066.656738
406301.0625;5864139.5;-4068.837891
406361.375;5864139.5;-4070.999023
406421.6563;5864139.5;-4073.155273
406481.9688;5864139.5;-4075.310547
406542.25;5864139.5;-4077.444824
406602.5625;5864139.5;-4079.542236
406662.875;5864139.5;-4081.604004
406723.1563;5864139.5;-4083.648682
406783.4688;5864139.5;-4085.668945
406843.7813;5864139.5;-4087.647949
406904.0625;5864139.5;-4089.599121
406964.375;5864139.5;-4091.523926
407024.6563;5864139.5;-4093.409668
407084.9688;5864139.5;-4095.268799
407145.2813;5864139.5;-4097.095215
407205.5625;5864139.5;-4098.871582
407265.875;5864139.5;-4100.612793
407326.1875;5864139.5;-4102.312012
407386.4688;5864139.5;-4103.962891
407446.7813;5864139.5;-4105.585449
407507.0625;5864139.5;-4107.175781
407567.375;5864139.5;-4108.709473
407627.6875;5864139.5;-4110.206055
407687.9688;5864139.5;-4111.666992
407748.2813;5864139.5;-4113.073242
407808.5938;5864139.5;-4114.40918
407868.875;5864139.5;-4115.679199
407929.1875;5864139.5;-4116.888184
407989.4688;5864139.5;-4118.046387
408049.7813;5864139.5;-4119.144531
408110.0938;5864139.5;-4120.177734
408170.375;5864139.5;-4121.145996
408230.6875;5864139.5;-4122.047363
408291;5864139.5;-4122.885254
408351.2813;5864139.5;-4123.681641
408411.5938;5864139.5;-4124.443848
408471.875;5864139.5;-4125.166504
408532.1875;5864139.5;-4125.835938
408592.5;5864139.5;-4126.46875
408652.7813;5864139.5;-4127.071289
408713.0938;5864139.5;-4127.640137
408773.4063;5864139.5;-4128.169922
408833.6875;5864139.5;-4128.664063
408894;5864139.5;-4129.125
408954.2813;5864139.5;-4129.558105
409014.5938;5864139.5;-4129.955078
409074.9063;5864139.5;-4130.319336
409135.1875;5864139.5;-4130.653809
409195.5;5864139.5;-4130.956055
409255.8125;5864139.5;-4131.21875
409316.0938;5864139.5;-4131.453125
409376.4063;5864139.5;-4131.661621
401356.4063;5864200;-4141.799316
401416.6875;5864200;-4141.60791
401477;5864200;-4141.484375
401537.3125;5864200;-4141.437012
401597.5938;5864200;-4141.532227
401657.9063;5864200;-4141.827148
401718.2188;5864200;-4142.345215
401778.5;5864200;-4143.100586
401838.8125;5864200;-4143.992676
401899.0938;5864200;-4144.663574
401959.4063;5864200;-4144.818359
402019.7188;5864200;-4144.129395
402080;5864200;-4142.554199
402140.3125;5864200;-4140.682617
402200.625;5864200;-4138.728516
402260.9063;5864200;-4136.708984
402321.2188;5864200;-4134.45166
402381.5;5864200;-4131.888184
402441.8125;5864200;-4129.058105
402502.125;5864200;-4126.151367
402562.4063;5864200;-4123.435547
402622.7188;5864200;-4120.871582
402683.0313;5864200;-4118.494141
402743.3125;5864200;-4116.412598
402803.625;5864200;-4114.781738
402863.9063;5864200;-4113.516113
402924.2188;5864200;-4112.544434
402984.5313;5864200;-4111.844238
403044.8125;5864200;-4111.273926
403105.125;5864200;-4110.670898
403165.4375;5864200;-4110.065918
403225.7188;5864200;-4109.43457
403286.0313;5864200;-4108.699707
403346.3125;5864200;-4107.902344
403406.625;5864200;-4107.036133
403466.9375;5864200;-4106.043945
403527.2188;5864200;-4104.924316
403587.5313;5864200;-4103.682617
403647.8438;5864200;-4102.275391
403708.125;5864200;-4100.722168
403768.4375;5864200;-4099.018066
403828.7188;5864200;-4097.148926
403889.0313;5864200;-4095.138184
403949.3438;5864200;-4092.977295
404009.625;5864200;-4090.655762
404069.9375;5864200;-4088.253418
404130.25;5864200;-4085.808594
404190.5313;5864200;-4083.343018
404250.8438;5864200;-4080.914551
404311.125;5864200;-4078.482422
404371.4375;5864200;-4076.062012
404431.75;5864200;-4073.668213
404492.0313;5864200;-4071.313965
404552.3438;5864200;-4069.035156
404612.625;5864200;-4066.851807
404672.9375;5864200;-4064.747314
404733.25;5864200;-4062.756348
404793.5313;5864200;-4060.900146
404853.8438;5864200;-4059.12207
404914.1563;5864200;-4057.467529
404974.4375;5864200;-4055.992676
405034.75;5864200;-4054.647461
405095.0313;5864200;-4053.442871
405155.3438;5864200;-4052.421631
405215.6563;5864200;-4051.67627
405275.9375;5864200;-4051.182373
405336.25;5864200;-4050.428223
405396.5625;5864200;-4049.978027
405456.8438;5864200;-4049.808594
405517.1563;5864200;-4049.98877
405577.4375;5864200;-4050.411865
405637.75;5864200;-4051.083984
405698.0625;5864200;-4052.067871
405758.3438;5864200;-4053.198975
405818.6563;5864200;-4054.442871
405878.9688;5864200;-4055.943604
405939.25;5864200;-4057.582764
405999.5625;5864200;-4059.283447
406059.8438;5864200;-4061.150146
406120.1563;5864200;-4063.111328
406180.4688;5864200;-4065.089111
406240.75;5864200;-4067.117676
406301.0625;5864200;-4069.178467
406361.375;5864200;-4071.228516
406421.6563;5864200;-4073.282715
406481.9688;5864200;-4075.343018
406542.25;5864200;-4077.389648
406602.5625;5864200;-4079.407715
406662.875;5864200;-4081.398682
406723.1563;5864200;-4083.375977
406783.4688;5864200;-4085.332764
406843.7813;5864200;-4087.25415
406904.0625;5864200;-4089.150635
406964.375;5864200;-4091.023438
407024.6563;5864200;-4092.860352
407084.9688;5864200;-4094.673096
407145.2813;5864200;-4096.455566
407205.5625;5864200;-4098.190918
407265.875;5864200;-4099.893066
407326.1875;5864200;-4101.555176
407386.4688;5864200;-4103.171387
407446.7813;5864200;-4104.760254
407507.0625;5864200;-4106.318848
407567.375;5864200;-4107.823242
407627.6875;5864200;-4109.290039
407687.9688;5864200;-4110.724121
407748.2813;5864200;-4112.10498
407808.5938;5864200;-4113.416992
407868.875;5864200;-4114.668457
407929.1875;5864200;-4115.862793
407989.4688;5864200;-4117.010742
408049.7813;5864200;-4118.103027
408110.0938;5864200;-4119.135254
408170.375;5864200;-4120.108398
408230.6875;5864200;-4121.019043
408291;5864200;-4121.868652
408351.2813;5864200;-4122.67627
408411.5938;5864200;-4123.450684
408471.875;5864200;-4124.184082
408532.1875;5864200;-4124.864258
408592.5;5864200;-4125.507813
408652.7813;5864200;-4126.119629
408713.0938;5864200;-4126.698242
408773.4063;5864200;-4127.23584
408833.6875;5864200;-4127.736816
408894;5864200;-4128.205566
408954.2813;5864200;-4128.644531
409014.5938;5864200;-4129.047852
409074.9063;5864200;-4129.41748
409135.1875;5864200;-4129.757813
409195.5;5864200;-4130.064941
409255.8125;5864200;-4130.332031
409316.0938;5864200;-4130.570801
409376.4063;5864200;-4130.78418
401356.4063;5864260.5;-4142.521973
401416.6875;5864260.5;-4142.3125
401477;5864260.5;-4142.180664
401537.3125;5864260.5;-4142.12793
401597.5938;5864260.5;-4142.188477
401657.9063;5864260.5;-4142.370605
401718.2188;5864260.5;-4142.665527
401778.5;5864260.5;-4143.052734
401838.8125;5864260.5;-4143.418945
401899.0938;5864260.5;-4143.55127
401959.4063;5864260.5;-4143.275879
402019.7188;5864260.5;-4142.387695
402080;5864260.5;-4140.842285
402140.3125;5864260.5;-4139.023926
402200.625;5864260.5;-4137.076172
402260.9063;5864260.5;-4135.032715
402321.2188;5864260.5;-4132.851074
402381.5;5864260.5;-4130.507813
402441.8125;5864260.5;-4128.005371
402502.125;5864260.5;-4125.435547
402562.4063;5864260.5;-4122.96582
402622.7188;5864260.5;-4120.640137
402683.0313;5864260.5;-4118.520508
402743.3125;5864260.5;-4116.700684
402803.625;5864260.5;-4115.255371
402863.9063;5864260.5;-4114.07666
402924.2188;5864260.5;-4113.094238
402984.5313;5864260.5;-4112.289551
403044.8125;5864260.5;-4111.561035
403105.125;5864260.5;-4110.792969
403165.4375;5864260.5;-4110.021484
403225.7188;5864260.5;-4109.229004
403286.0313;5864260.5;-4108.351074
403346.3125;5864260.5;-4107.422363
403406.625;5864260.5;-4106.438477
403466.9375;5864260.5;-4105.339844
403527.2188;5864260.5;-4104.126465
403587.5313;5864260.5;-4102.799805
403647.8438;5864260.5;-4101.314941
403708.125;5864260.5;-4099.69043
403768.4375;5864260.5;-4097.924805
403828.7188;5864260.5;-4096.007324
403889.0313;5864260.5;-4093.963867
403949.3438;5864260.5;-4091.793213
404009.625;5864260.5;-4089.487793
404069.9375;5864260.5;-4087.135498
404130.25;5864260.5;-4084.80542
404190.5313;5864260.5;-4082.531494
404250.8438;5864260.5;-4080.314941
404311.125;5864260.5;-4078.094482
404371.4375;5864260.5;-4075.86792
404431.75;5864260.5;-4073.643066
404492.0313;5864260.5;-4071.433838
404552.3438;5864260.5;-4069.280273
404612.625;5864260.5;-4067.202881
404672.9375;5864260.5;-4065.193115
404733.25;5864260.5;-4063.284424
404793.5313;5864260.5;-4061.496826
404853.8438;5864260.5;-4059.786865
404914.1563;5864260.5;-4058.19751
404974.4375;5864260.5;-4056.778809
405034.75;5864260.5;-4055.490723
405095.0313;5864260.5;-4054.340088
405155.3438;5864260.5;-4053.34668
405215.6563;5864260.5;-4052.619873
405275.9375;5864260.5;-4052.121826
405336.25;5864260.5;-4051.568848
405396.5625;5864260.5;-4051.276611
405456.8438;5864260.5;-4051.238281
405517.1563;5864260.5;-4051.448242
405577.4375;5864260.5;-4051.876953
405637.75;5864260.5;-4052.537354
405698.0625;5864260.5;-4053.468262
405758.3438;5864260.5;-4054.5354
405818.6563;5864260.5;-4055.708984
405878.9688;5864260.5;-4057.11499
405939.25;5864260.5;-4058.646484
405999.5625;5864260.5;-4060.235107
406059.8438;5864260.5;-4061.980225
406120.1563;5864260.5;-4063.81665
406180.4688;5864260.5;-4065.67334
406240.75;5864260.5;-4067.587158
406301.0625;5864260.5;-4069.537598
406361.375;5864260.5;-4071.486328
406421.6563;5864260.5;-4073.446289
406481.9688;5864260.5;-4075.417236
406542.25;5864260.5;-4077.379395
406602.5625;5864260.5;-4079.321289
406662.875;5864260.5;-4081.243164
406723.1563;5864260.5;-4083.154785
406783.4688;5864260.5;-4085.048584
406843.7813;5864260.5;-4086.912109
406904.0625;5864260.5;-4088.754395
406964.375;5864260.5;-4090.574951
407024.6563;5864260.5;-4092.363525
407084.9688;5864260.5;-4094.129395
407145.2813;5864260.5;-4095.86792
407205.5625;5864260.5;-4097.562012
407265.875;5864260.5;-4099.224609
407326.1875;5864260.5;-4100.850586
407386.4688;5864260.5;-4102.433105
407446.7813;5864260.5;-4103.98877
407507.0625;5864260.5;-4105.515625
407567.375;5864260.5;-4106.990723
407627.6875;5864260.5;-4108.431152
407687.9688;5864260.5;-4109.837891
407748.2813;5864260.5;-4111.195313
407808.5938;5864260.5;-4112.487793
407868.875;5864260.5;-4113.722168
407929.1875;5864260.5;-4114.903809
407989.4688;5864260.5;-4116.041992
408049.7813;5864260.5;-4117.128418
408110.0938;5864260.5;-4118.158691
408170.375;5864260.5;-4119.132813
408230.6875;5864260.5;-4120.048828
408291;5864260.5;-4120.90625
408351.2813;5864260.5;-4121.721191
408411.5938;5864260.5;-4122.503906
408471.875;5864260.5;-4123.24707
408532.1875;5864260.5;-4123.936035
408592.5;5864260.5;-4124.587402
408652.7813;5864260.5;-4125.20752
408713.0938;5864260.5;-4125.793945
408773.4063;5864260.5;-4126.338379
408833.6875;5864260.5;-4126.846191
408894;5864260.5;-4127.321289
408954.2813;5864260.5;-4127.76709
409014.5938;5864260.5;-4128.175781
409074.9063;5864260.5;-4128.550781
409135.1875;5864260.5;-4128.895996
409195.5;5864260.5;-4129.20752
409255.8125;5864260.5;-4129.478516
409316.0938;5864260.5;-4129.722168
409376.4063;5864260.5;-4129.938965
401356.4063;5864321;-4143.061523
401416.6875;5864321;-4142.811035
401477;5864321;-4142.640625
401537.3125;5864321;-4142.54541
401597.5938;5864321;-4142.538574
401657.9063;5864321;-4142.604492
401718.2188;5864321;-4142.722168
401778.5;5864321;-4142.856445
401838.8125;5864321;-4142.898926
401899.0938;5864321;-4142.716797
401959.4063;5864321;-4142.203125
402019.7188;5864321;-4141.211426
402080;5864321;-4139.697266
402140.3125;5864321;-4137.929688
402200.625;5864321;-4136.008789
402260.9063;5864321;-4133.965332
402321.2188;5864321;-4131.821289
402381.5;5864321;-4129.595703
402441.8125;5864321;-4127.291504
402502.125;5864321;-4124.96875
402562.4063;5864321;-4122.745605
402622.7188;5864321;-4120.670898
402683.0313;5864321;-4118.789551
402743.3125;5864321;-4117.163574
402803.625;5864321;-4115.815918
402863.9063;5864321;-4114.650391
402924.2188;5864321;-4113.61084
402984.5313;5864321;-4112.686035
403044.8125;5864321;-4111.806152
403105.125;5864321;-4110.890625
403165.4375;5864321;-4109.973633
403225.7188;5864321;-4109.043457
403286.0313;5864321;-4108.043945
403346.3125;5864321;-4107.004395
403406.625;5864321;-4105.916992
403466.9375;5864321;-4104.726563
403527.2188;5864321;-4103.432617
403587.5313;5864321;-4102.033203
403647.8438;5864321;-4100.486328
403708.125;5864321;-4098.810547
403768.4375;5864321;-4097.003418
403828.7188;5864321;-4095.059814
403889.0313;5864321;-4093.002197
403949.3438;5864321;-4090.824951
404009.625;5864321;-4088.503418
404069.9375;5864321;-4086.14624
404130.25;5864321;-4083.929199
404190.5313;5864321;-4081.888184
404250.8438;5864321;-4079.868652
404311.125;5864321;-4077.819092
404371.4375;5864321;-4075.749512
404431.75;5864321;-4073.667725
404492.0313;5864321;-4071.588623
404552.3438;5864321;-4069.55249
404612.625;5864321;-4067.580078
404672.9375;5864321;-4065.668945
404733.25;5864321;-4063.851074
404793.5313;5864321;-4062.145752
404853.8438;5864321;-4060.51709
404914.1563;5864321;-4059.007568
404974.4375;5864321;-4057.659424
405034.75;5864321;-4056.440186
405095.0313;5864321;-4055.353516
405155.3438;5864321;-4054.412842
405215.6563;5864321;-4053.725098
405275.9375;5864321;-4053.256104
405336.25;5864321;-4052.818115
405396.5625;5864321;-4052.620361
405456.8438;5864321;-4052.65625
405517.1563;5864321;-4052.884277
405577.4375;5864321;-4053.312256
405637.75;5864321;-4053.955078
405698.0625;5864321;-4054.835205
405758.3438;5864321;-4055.84082
405818.6563;5864321;-4056.94751
405878.9688;5864321;-4058.263428
405939.25;5864321;-4059.696533
405999.5625;5864321;-4061.185059
406059.8438;5864321;-4062.820068
406120.1563;5864321;-4064.544189
406180.4688;5864321;-4066.293457
406240.75;5864321;-4068.102539
406301.0625;5864321;-4069.951416
406361.375;5864321;-4071.804199
406421.6563;5864321;-4073.673584
406481.9688;5864321;-4075.557861
406542.25;5864321;-4077.4375
406602.5625;5864321;-4079.303955
406662.875;5864321;-4081.156738
406723.1563;5864321;-4083.001465
406783.4688;5864321;-4084.832275
406843.7813;5864321;-4086.637207
406904.0625;5864321;-4088.423584
406964.375;5864321;-4090.19165
407024.6563;5864321;-4091.93042
407084.9688;5864321;-4093.649414
407145.2813;5864321;-4095.343018
407205.5625;5864321;-4096.995605
407265.875;5864321;-4098.619629
407326.1875;5864321;-4100.208496
407386.4688;5864321;-4101.756348
407446.7813;5864321;-4103.279785
407507.0625;5864321;-4104.774414
407567.375;5864321;-4106.222168
407627.6875;5864321;-4107.634766
407687.9688;5864321;-4109.016602
407748.2813;5864321;-4110.350586
407808.5938;5864321;-4111.623535
407868.875;5864321;-4112.842285
407929.1875;5864321;-4114.010742
407989.4688;5864321;-4115.138672
408049.7813;5864321;-4116.218262
408110.0938;5864321;-4117.245117
408170.375;5864321;-4118.21875
408230.6875;5864321;-4119.136719
408291;5864321;-4119.998047
408351.2813;5864321;-4120.818848
408411.5938;5864321;-4121.60791
408471.875;5864321;-4122.356934
408532.1875;5864321;-4123.052734
408592.5;5864321;-4123.711426
408652.7813;5864321;-4124.338379
408713.0938;5864321;-4124.930664
408773.4063;5864321;-4125.480957
408833.6875;5864321;-4125.994629
408894;5864321;-4126.474609
408954.2813;5864321;-4126.925293
409014.5938;5864321;-4127.338379
409074.9063;5864321;-4127.71875
409135.1875;5864321;-4128.067871
409195.5;5864321;-4128.383789
409255.8125;5864321;-4128.658691
409316.0938;5864321;-4128.905273
409376.4063;5864321;-4129.125
401356.4063;5864381.5;-4143.453125
401416.6875;5864381.5;-4143.15918
401477;5864381.5;-4142.94043
401537.3125;5864381.5;-4142.788086
401597.5938;5864381.5;-4142.699219
401657.9063;5864381.5;-4142.649414
401718.2188;5864381.5;-4142.612305
401778.5;5864381.5;-4142.550293
401838.8125;5864381.5;-4142.368652
401899.0938;5864381.5;-4141.983398
401959.4063;5864381.5;-4141.32373
402019.7188;5864381.5;-4140.283691
402080;5864381.5;-4138.817383
402140.3125;5864381.5;-4137.121094
402200.625;5864381.5;-4135.265137
402260.9063;5864381.5;-4133.274414
402321.2188;5864381.5;-4131.195801
402381.5;5864381.5;-4129.079102
402441.8125;5864381.5;-4126.934082
402502.125;5864381.5;-4124.811035
402562.4063;5864381.5;-4122.795898
402622.7188;5864381.5;-4120.92041
402683.0313;5864381.5;-4119.209473
402743.3125;5864381.5;-4117.695801
402803.625;5864381.5;-4116.378906
402863.9063;5864381.5;-4115.180664
402924.2188;5864381.5;-4114.061523
402984.5313;5864381.5;-4113.01709
403044.8125;5864381.5;-4112.001953
403105.125;5864381.5;-4110.95752
403165.4375;5864381.5;-4109.915527
403225.7188;5864381.5;-4108.865723
403286.0313;5864381.5;-4107.760254
403346.3125;5864381.5;-4106.621094
403406.625;5864381.5;-4105.442383
403466.9375;5864381.5;-4104.171387
403527.2188;5864381.5;-4102.805664
403587.5313;5864381.5;-4101.344238
403647.8438;5864381.5;-4099.749023
403708.125;5864381.5;-4098.035156
403768.4375;5864381.5;-4096.202637
403828.7188;5864381.5;-4094.248291
403889.0313;5864381.5;-4092.193848
403949.3438;5864381.5;-4090.036133
404009.625;5864381.5;-4087.747314
404069.9375;5864381.5;-4085.455322
404130.25;5864381.5;-4083.338867
404190.5313;5864381.5;-4081.435059
404250.8438;5864381.5;-4079.550293
404311.125;5864381.5;-4077.633545
404371.4375;5864381.5;-4075.691895
404431.75;5864381.5;-4073.733643
404492.0313;5864381.5;-4071.772217
404552.3438;5864381.5;-4069.84668
404612.625;5864381.5;-4067.977539
404672.9375;5864381.5;-4066.165527
404733.25;5864381.5;-4064.442627
404793.5313;5864381.5;-4062.825195
404853.8438;5864381.5;-4061.284668
404914.1563;5864381.5;-4059.861084
404974.4375;5864381.5;-4058.593994
405034.75;5864381.5;-4057.451172
405095.0313;5864381.5;-4056.4375
405155.3438;5864381.5;-4055.571045
405215.6563;5864381.5;-4054.942627
405275.9375;5864381.5;-4054.518311
405336.25;5864381.5;-4054.149658
405396.5625;5864381.5;-4054.002441
405456.8438;5864381.5;-4054.069336
405517.1563;5864381.5;-4054.305176
405577.4375;5864381.5;-4054.725342
405637.75;5864381.5;-4055.344971
405698.0625;5864381.5;-4056.176025
405758.3438;5864381.5;-4057.123047
405818.6563;5864381.5;-4058.165771
405878.9688;5864381.5;-4059.399414
405939.25;5864381.5;-4060.742432
405999.5625;5864381.5;-4062.139648
406059.8438;5864381.5;-4063.674316
406120.1563;5864381.5;-4065.294189
406180.4688;5864381.5;-4066.943848
406240.75;5864381.5;-4068.653076
406301.0625;5864381.5;-4070.405029
406361.375;5864381.5;-4072.164795
406421.6563;5864381.5;-4073.945557
406481.9688;5864381.5;-4075.744385
406542.25;5864381.5;-4077.542725
406602.5625;5864381.5;-4079.33374
406662.875;5864381.5;-4081.117432
406723.1563;5864381.5;-4082.895264
406783.4688;5864381.5;-4084.661865
406843.7813;5864381.5;-4086.407959
406904.0625;5864381.5;-4088.138428
406964.375;5864381.5;-4089.852539
407024.6563;5864381.5;-4091.541748
407084.9688;5864381.5;-4093.213135
407145.2813;5864381.5;-4094.861328
407205.5625;5864381.5;-4096.473145
407265.875;5864381.5;-4098.058105
407326.1875;5864381.5;-4099.609375
407386.4688;5864381.5;-4101.123535
407446.7813;5864381.5;-4102.61377
407507.0625;5864381.5;-4104.078125
407567.375;5864381.5;-4105.496582
407627.6875;5864381.5;-4106.883301
407687.9688;5864381.5;-4108.240234
407748.2813;5864381.5;-4109.552246
407808.5938;5864381.5;-4110.804688
407868.875;5864381.5;-4112.007324
407929.1875;5864381.5;-4113.162598
407989.4688;5864381.5;-4114.280762
408049.7813;5864381.5;-4115.352539
408110.0938;5864381.5;-4116.375
408170.375;5864381.5;-4117.346191
408230.6875;5864381.5;-4118.265625
408291;5864381.5;-4119.129883
408351.2813;5864381.5;-4119.954102
408411.5938;5864381.5;-4120.747559
408471.875;5864381.5;-4121.501953
408532.1875;5864381.5;-4122.202637
408592.5;5864381.5;-4122.866699
408652.7813;5864381.5;-4123.499023
408713.0938;5864381.5;-4124.096191
408773.4063;5864381.5;-4124.651855
408833.6875;5864381.5;-4125.169922
408894;5864381.5;-4125.654785
408954.2813;5864381.5;-4126.109863
409014.5938;5864381.5;-4126.527344
409074.9063;5864381.5;-4126.912109
409135.1875;5864381.5;-4127.264648
409195.5;5864381.5;-4127.584473
409255.8125;5864381.5;-4127.862793
409316.0938;5864381.5;-4128.112793
409376.4063;5864381.5;-4128.335449
401356.4063;5864442.5;-4143.712402
401416.6875;5864442.5;-4143.37793
401477;5864442.5;-4143.110352
401537.3125;5864442.5;-4142.896484
401597.5938;5864442.5;-4142.724121
401657.9063;5864442.5;-4142.563965
401718.2188;5864442.5;-4142.391602
401778.5;5864442.5;-4142.171875
401838.8125;5864442.5;-4141.826172
401899.0938;5864442.5;-4141.300781
401959.4063;5864442.5;-4140.552734
402019.7188;5864442.5;-4139.498047
402080;5864442.5;-4138.094727
402140.3125;5864442.5;-4136.486816
402200.625;5864442.5;-4134.725586
402260.9063;5864442.5;-4132.825684
402321.2188;5864442.5;-4130.842285
402381.5;5864442.5;-4128.84082
402441.8125;5864442.5;-4126.837402
402502.125;5864442.5;-4124.875
402562.4063;5864442.5;-4123.01709
402622.7188;5864442.5;-4121.279297
402683.0313;5864442.5;-4119.672852
402743.3125;5864442.5;-4118.209473
402803.625;5864442.5;-4116.879395
402863.9063;5864442.5;-4115.624512
402924.2188;5864442.5;-4114.418457
402984.5313;5864442.5;-4113.262207
403044.8125;5864442.5;-4112.128418
403105.125;5864442.5;-4110.974609
403165.4375;5864442.5;-4109.825684
403225.7188;5864442.5;-4108.674316
403286.0313;5864442.5;-4107.476563
403346.3125;5864442.5;-4106.253418
403406.625;5864442.5;-4104.995117
403466.9375;5864442.5;-4103.653809
403527.2188;5864442.5;-4102.228027
403587.5313;5864442.5;-4100.716309
403647.8438;5864442.5;-4099.084473
403708.125;5864442.5;-4097.346191
403768.4375;5864442.5;-4095.502197
403828.7188;5864442.5;-4093.552246
403889.0313;5864442.5;-4091.519531
403949.3438;5864442.5;-4089.40918
404009.625;5864442.5;-4087.219727
404069.9375;5864442.5;-4085.070801
404130.25;5864442.5;-4083.041748
404190.5313;5864442.5;-4081.162842
404250.8438;5864442.5;-4079.35083
404311.125;5864442.5;-4077.529053
404371.4375;5864442.5;-4075.689209
404431.75;5864442.5;-4073.836182
404492.0313;5864442.5;-4071.981201
404552.3438;5864442.5;-4070.158447
404612.625;5864442.5;-4068.386963
404672.9375;5864442.5;-4066.671143
404733.25;5864442.5;-4065.041016
404793.5313;5864442.5;-4063.51001
404853.8438;5864442.5;-4062.056396
404914.1563;5864442.5;-4060.718018
404974.4375;5864442.5;-4059.528564
405034.75;5864442.5;-4058.459717
405095.0313;5864442.5;-4057.514893
405155.3438;5864442.5;-4056.718262
405215.6563;5864442.5;-4056.143311
405275.9375;5864442.5;-4055.759766
405336.25;5864442.5;-4055.455322
405396.5625;5864442.5;-4055.354248
405456.8438;5864442.5;-4055.449951
405517.1563;5864442.5;-4055.692383
405577.4375;5864442.5;-4056.104004
405637.75;5864442.5;-4056.70166
405698.0625;5864442.5;-4057.485352
405758.3438;5864442.5;-4058.376221
405818.6563;5864442.5;-4059.357666
405878.9688;5864442.5;-4060.512451
405939.25;5864442.5;-4061.770264
405999.5625;5864442.5;-4063.081543
406059.8438;5864442.5;-4064.520996
406120.1563;5864442.5;-4066.04248
406180.4688;5864442.5;-4067.597168
406240.75;5864442.5;-4069.211914
406301.0625;5864442.5;-4070.869385
406361.375;5864442.5;-4072.540283
406421.6563;5864442.5;-4074.234863
406481.9688;5864442.5;-4075.950928
406542.25;5864442.5;-4077.669189
406602.5625;5864442.5;-4079.38623
406662.875;5864442.5;-4081.101563
406723.1563;5864442.5;-4082.813477
406783.4688;5864442.5;-4084.517334
406843.7813;5864442.5;-4086.205566
406904.0625;5864442.5;-4087.880371
406964.375;5864442.5;-4089.541992
407024.6563;5864442.5;-4091.182129
407084.9688;5864442.5;-4092.807129
407145.2813;5864442.5;-4094.410645
407205.5625;5864442.5;-4095.981689
407265.875;5864442.5;-4097.527832
407326.1875;5864442.5;-4099.043457
407386.4688;5864442.5;-4100.524414
407446.7813;5864442.5;-4101.982422
407507.0625;5864442.5;-4103.416016
407567.375;5864442.5;-4104.806641
407627.6875;5864442.5;-4106.16748
407687.9688;5864442.5;-4107.499512
407748.2813;5864442.5;-4108.789551
407808.5938;5864442.5;-4110.023926
407868.875;5864442.5;-4111.210938
407929.1875;5864442.5;-4112.353516
407989.4688;5864442.5;-4113.460449
408049.7813;5864442.5;-4114.524414
408110.0938;5864442.5;-4115.541504
408170.375;5864442.5;-4116.510742
408230.6875;5864442.5;-4117.430176
408291;5864442.5;-4118.295898
408351.2813;5864442.5;-4119.123047
408411.5938;5864442.5;-4119.919434
408471.875;5864442.5;-4120.677734
408532.1875;5864442.5;-4121.383301
408592.5;5864442.5;-4122.051758
408652.7813;5864442.5;-4122.687988
408713.0938;5864442.5;-4123.290039
408773.4063;5864442.5;-4123.850098
408833.6875;5864442.5;-4124.372559
408894;5864442.5;-4124.861816
408954.2813;5864442.5;-4125.320801
409014.5938;5864442.5;-4125.742188
409074.9063;5864442.5;-4126.130371
409135.1875;5864442.5;-4126.487305
409195.5;5864442.5;-4126.810547
409255.8125;5864442.5;-4127.092773
409316.0938;5864442.5;-4127.346191
409376.4063;5864442.5;-4127.572754
401356.4063;5864503;-4143.814941
401416.6875;5864503;-4143.445313
401477;5864503;-4143.131348
401537.3125;5864503;-4142.85791
401597.5938;5864503;-4142.606445
401657.9063;5864503;-4142.349121
401718.2188;5864503;-4142.062988
401778.5;5864503;-4141.720215
401838.8125;5864503;-4141.255371
401899.0938;5864503;-4140.636719
401959.4063;5864503;-4139.834473
402019.7188;5864503;-4138.786621
402080;5864503;-4137.45166
402140.3125;5864503;-4135.939453
402200.625;5864503;-4134.286621
402260.9063;5864503;-4132.501465
402321.2188;5864503;-4130.632813
402381.5;5864503;-4128.750488
402441.8125;5864503;-4126.872559
402502.125;5864503;-4125.036621
402562.4063;5864503;-4123.289551
402622.7188;5864503;-4121.63623
402683.0313;5864503;-4120.07959
402743.3125;5864503;-4118.624512
402803.625;5864503;-4117.256836
402863.9063;5864503;-4115.938965
402924.2188;5864503;-4114.652832
402984.5313;5864503;-4113.403809
403044.8125;5864503;-4112.17627
403105.125;5864503;-4110.935059
403165.4375;5864503;-4109.700684
403225.7188;5864503;-4108.467285
403286.0313;5864503;-4107.196289
403346.3125;5864503;-4105.902344
403406.625;5864503;-4104.578125
403466.9375;5864503;-4103.180176
403527.2188;5864503;-4101.708496
403587.5313;5864503;-4100.160645
403647.8438;5864503;-4098.506836
403708.125;5864503;-4096.759766
403768.4375;5864503;-4094.922852
403828.7188;5864503;-4092.995605
403889.0313;5864503;-4091.004883
403949.3438;5864503;-4088.973633
404009.625;5864503;-4086.916504
404069.9375;5864503;-4084.895752
404130.25;5864503;-4082.937256
404190.5313;5864503;-4081.067871
404250.8438;5864503;-4079.289795
404311.125;5864503;-4077.523926
404371.4375;5864503;-4075.757813
404431.75;5864503;-4073.990723
404492.0313;5864503;-4072.228271
404552.3438;5864503;-4070.498535
404612.625;5864503;-4068.818604
404672.9375;5864503;-4067.195313
404733.25;5864503;-4065.655762
404793.5313;5864503;-4064.211182
404853.8438;5864503;-4062.84375
404914.1563;5864503;-4061.589355
404974.4375;5864503;-4060.478027
405034.75;5864503;-4059.481934
405095.0313;5864503;-4058.60498
405155.3438;5864503;-4057.873291
405215.6563;5864503;-4057.347656
405275.9375;5864503;-4056.999756
405336.25;5864503;-4056.744629
405396.5625;5864503;-4056.677002
405456.8438;5864503;-4056.788818
405517.1563;5864503;-4057.031738
405577.4375;5864503;-4057.430664
405637.75;5864503;-4058.001953
405698.0625;5864503;-4058.739502
405758.3438;5864503;-4059.577148
405818.6563;5864503;-4060.500977
405878.9688;5864503;-4061.58374
405939.25;5864503;-4062.763672
405999.5625;5864503;-4063.998047
406059.8438;5864503;-4065.349854
406120.1563;5864503;-4066.781738
406180.4688;5864503;-4068.249512
406240.75;5864503;-4069.775635
406301.0625;5864503;-4071.345947
406361.375;5864503;-4072.932617
406421.6563;5864503;-4074.545898
406481.9688;5864503;-4076.182861
406542.25;5864503;-4077.825195
406602.5625;5864503;-4079.471191
406662.875;5864503;-4081.120117
406723.1563;5864503;-4082.767578
406783.4688;5864503;-4084.410889
406843.7813;5864503;-4086.042236
406904.0625;5864503;-4087.663574
406964.375;5864503;-4089.273193
407024.6563;5864503;-4090.865723
407084.9688;5864503;-4092.44458
407145.2813;5864503;-4094.004395
407205.5625;5864503;-4095.535889
407265.875;5864503;-4097.044434
407326.1875;5864503;-4098.523926
407386.4688;5864503;-4099.971191
407446.7813;5864503;-4101.397949
407507.0625;5864503;-4102.80127
407567.375;5864503;-4104.165039
407627.6875;5864503;-4105.500488
407687.9688;5864503;-4106.808594
407748.2813;5864503;-4108.077637
407808.5938;5864503;-4109.292969
407868.875;5864503;-4110.464355
407929.1875;5864503;-4111.594238
407989.4688;5864503;-4112.689941
408049.7813;5864503;-4113.746094
408110.0938;5864503;-4114.757813
408170.375;5864503;-4115.723145
408230.6875;5864503;-4116.640137
408291;5864503;-4117.506348
408351.2813;5864503;-4118.334961
408411.5938;5864503;-4119.132813
408471.875;5864503;-4119.893555
408532.1875;5864503;-4120.602051
408592.5;5864503;-4121.273926
408652.7813;5864503;-4121.914063
408713.0938;5864503;-4122.52002
408773.4063;5864503;-4123.083496
408833.6875;5864503;-4123.609375
408894;5864503;-4124.102051
408954.2813;5864503;-4124.564941
409014.5938;5864503;-4124.989746
409074.9063;5864503;-4125.380859
409135.1875;5864503;-4125.741699
409195.5;5864503;-4126.067871
409255.8125;5864503;-4126.353516
409316.0938;5864503;-4126.610352
409376.4063;5864503;-4126.840332
401356.4063;5864563.5;-4143.749023
401416.6875;5864563.5;-4143.348633
401477;5864563.5;-4142.996094
401537.3125;5864563.5;-4142.672852
401597.5938;5864563.5;-4142.35498
401657.9063;5864563.5;-4142.018555
401718.2188;5864563.5;-4141.645508
401778.5;5864563.5;-4141.210938
401838.8125;5864563.5;-4140.663086
401899.0938;5864563.5;-4139.982422
401959.4063;5864563.5;-4139.149902
402019.7188;5864563.5;-4138.113281
402080;5864563.5;-4136.839844
402140.3125;5864563.5;-4135.414063
402200.625;5864563.5;-4133.86377
402260.9063;5864563.5;-4132.192383
402321.2188;5864563.5;-4130.4375
402381.5;5864563.5;-4128.664551
402441.8125;5864563.5;-4126.892578
402502.125;5864563.5;-4125.151855
402562.4063;5864563.5;-4123.478027
402622.7188;5864563.5;-4121.871582
402683.0313;5864563.5;-4120.335449
402743.3125;5864563.5;-4118.869141
402803.625;5864563.5;-4117.463867
402863.9063;5864563.5;-4116.094727
402924.2188;5864563.5;-4114.75
402984.5313;5864563.5;-4113.435059
403044.8125;5864563.5;-4112.140625
403105.125;5864563.5;-4110.837891
403165.4375;5864563.5;-4109.541504
403225.7188;5864563.5;-4108.247559
403286.0313;5864563.5;-4106.920898
403346.3125;5864563.5;-4105.575195
403406.625;5864563.5;-4104.202148
403466.9375;5864563.5;-4102.765625
403527.2188;5864563.5;-4101.265625
403587.5313;5864563.5;-4099.701172
403647.8438;5864563.5;-4098.044922
403708.125;5864563.5;-4096.311523
403768.4375;5864563.5;-4094.503418
403828.7188;5864563.5;-4092.620117
403889.0313;5864563.5;-4090.686768
403949.3438;5864563.5;-4088.727783
404009.625;5864563.5;-4086.768799
404069.9375;5864563.5;-4084.83252
404130.25;5864563.5;-4082.937988
404190.5313;5864563.5;-4081.101807
404250.8438;5864563.5;-4079.355469
404311.125;5864563.5;-4077.633301
404371.4375;5864563.5;-4075.924316
404431.75;5864563.5;-4074.224365
404492.0313;5864563.5;-4072.539551
404552.3438;5864563.5;-4070.889893
404612.625;5864563.5;-4069.291992
404672.9375;5864563.5;-4067.752441
404733.25;5864563.5;-4066.296387
404793.5313;5864563.5;-4064.933105
404853.8438;5864563.5;-4063.647217
404914.1563;5864563.5;-4062.471436
404974.4375;5864563.5;-4061.434326
405034.75;5864563.5;-4060.506592
405095.0313;5864563.5;-4059.692139
405155.3438;5864563.5;-4059.019043
405215.6563;5864563.5;-4058.537109
405275.9375;5864563.5;-4058.219482
405336.25;5864563.5;-4057.997803
405396.5625;5864563.5;-4057.94751
405456.8438;5864563.5;-4058.063477
405517.1563;5864563.5;-4058.300293
405577.4375;5864563.5;-4058.682861
405637.75;5864563.5;-4059.225098
405698.0625;5864563.5;-4059.920654
405758.3438;5864563.5;-4060.709229
405818.6563;5864563.5;-4061.581055
405878.9688;5864563.5;-4062.600342
405939.25;5864563.5;-4063.712891
405999.5625;5864563.5;-4064.878662
406059.8438;5864563.5;-4066.153809
406120.1563;5864563.5;-4067.505371
406180.4688;5864563.5;-4068.894775
406240.75;5864563.5;-4070.341553
406301.0625;5864563.5;-4071.832031
406361.375;5864563.5;-4073.341797
406421.6563;5864563.5;-4074.880615
406481.9688;5864563.5;-4076.443848
406542.25;5864563.5;-4078.015625
406602.5625;5864563.5;-4079.594727
406662.875;5864563.5;-4081.18042
406723.1563;5864563.5;-4082.76709
406783.4688;5864563.5;-4084.352051
406843.7813;5864563.5;-4085.929688
406904.0625;5864563.5;-4087.499023
406964.375;5864563.5;-4089.059082
407024.6563;5864563.5;-4090.605469
407084.9688;5864563.5;-4092.140381
407145.2813;5864563.5;-4093.658203
407205.5625;5864563.5;-4095.151123
407265.875;5864563.5;-4096.62207
407326.1875;5864563.5;-4098.066895
407386.4688;5864563.5;-4099.483398
407446.7813;5864563.5;-4100.879395
407507.0625;5864563.5;-4102.253906
407567.375;5864563.5;-4103.591309
407627.6875;5864563.5;-4104.901367
407687.9688;5864563.5;-4106.186523
407748.2813;5864563.5;-4107.434082
407808.5938;5864563.5;-4108.631836
407868.875;5864563.5;-4109.787109
407929.1875;5864563.5;-4110.904297
407989.4688;5864563.5;-4111.98877
408049.7813;5864563.5;-4113.035645
408110.0938;5864563.5;-4114.039551
408170.375;5864563.5;-4115
408230.6875;5864563.5;-4115.913086
408291;5864563.5;-4116.777832
408351.2813;5864563.5;-4117.605469
408411.5938;5864563.5;-4118.403809
408471.875;5864563.5;-4119.165039
408532.1875;5864563.5;-4119.875488
408592.5;5864563.5;-4120.54834
408652.7813;5864563.5;-4121.190918
408713.0938;5864563.5;-4121.79834
408773.4063;5864563.5;-4122.365234
408833.6875;5864563.5;-4122.893066
408894;5864563.5;-4123.388184
408954.2813;5864563.5;-4123.853027
409014.5938;5864563.5;-4124.280762
409074.9063;5864563.5;-4124.674805
409135.1875;5864563.5;-4125.038086
409195.5;5864563.5;-4125.367676
409255.8125;5864563.5;-4125.655762
409316.0938;5864563.5;-4125.915039
409376.4063;5864563.5;-4126.145996
401356.4063;5864624;-4143.570313
401416.6875;5864624;-4143.150879
401477;5864624;-4142.768555
401537.3125;5864624;-4142.404785
401597.5938;5864624;-4142.032715
401657.9063;5864624;-4141.633789
401718.2188;5864624;-4141.190918
401778.5;5864624;-4140.686523
401838.8125;5864624;-4140.076172
401899.0938;5864624;-4139.350586
401959.4063;5864624;-4138.496582
402019.7188;5864624;-4137.473145
402080;5864624;-4136.250977
402140.3125;5864624;-4134.898926
402200.625;5864624;-4133.438965
402260.9063;5864624;-4131.868164
402321.2188;5864624;-4130.21582
402381.5;5864624;-4128.539551
402441.8125;5864624;-4126.857422
402502.125;5864624;-4125.192871
402562.4063;5864624;-4123.573242
402622.7188;5864624;-4121.999023
402683.0313;5864624;-4120.47168
402743.3125;5864624;-4118.994141
402803.625;5864624;-4117.558105
402863.9063;5864624;-4116.149902
402924.2188;5864624;-4114.759766
402984.5313;5864624;-4113.395508
403044.8125;5864624;-4112.050781
403105.125;5864624;-4110.699219
403165.4375;5864624;-4109.35498
403225.7188;5864624;-4108.010742
403286.0313;5864624;-4106.640625
403346.3125;5864624;-4105.251953
403406.625;5864624;-4103.841309
403466.9375;5864624;-4102.375488
403527.2188;5864624;-4100.855957
403587.5313;5864624;-4099.282715
403647.8438;5864624;-4097.633301
403708.125;5864624;-4095.92041
403768.4375;5864624;-4094.147461
403828.7188;5864624;-4092.312744
403889.0313;5864624;-4090.439453
403949.3438;5864624;-4088.550049
404009.625;5864624;-4086.667236
404069.9375;5864624;-4084.800537
404130.25;5864624;-4082.963623
404190.5313;5864624;-4081.170654
404250.8438;5864624;-4079.458008
404311.125;5864624;-4077.77832
404371.4375;5864624;-4076.121094
404431.75;5864624;-4074.483643
404492.0313;5864624;-4072.869385
404552.3438;5864624;-4071.293701
404612.625;5864624;-4069.770752
404672.9375;5864624;-4068.309326
404733.25;5864624;-4066.930908
404793.5313;5864624;-4065.642822
404853.8438;5864624;-4064.430664
404914.1563;5864624;-4063.327393
404974.4375;5864624;-4062.357666
405034.75;5864624;-4061.491455
405095.0313;5864624;-4060.733154
405155.3438;5864624;-4060.112549
405215.6563;5864624;-4059.668701
405275.9375;5864624;-4059.378418
405336.25;5864624;-4059.187744
405396.5625;5864624;-4059.154785
405456.8438;5864624;-4059.274902
405517.1563;5864624;-4059.508301
405577.4375;5864624;-4059.876465
405637.75;5864624;-4060.394287
405698.0625;5864624;-4061.051758
405758.3438;5864624;-4061.797852
405818.6563;5864624;-4062.623047
405878.9688;5864624;-4063.58374
405939.25;5864624;-4064.634277
405999.5625;5864624;-4065.737793
406059.8438;5864624;-4066.941162
406120.1563;5864624;-4068.217773
406180.4688;5864624;-4069.533936
406240.75;5864624;-4070.905762
406301.0625;5864624;-4072.320313
406361.375;5864624;-4073.756836
406421.6563;5864624;-4075.223877
406481.9688;5864624;-4076.716553
406542.25;5864624;-4078.220459
406602.5625;5864624;-4079.735596
406662.875;5864624;-4081.260986
406723.1563;5864624;-4082.788818
406783.4688;5864624;-4084.317871
406843.7813;5864624;-4085.843018
406904.0625;5864624;-4087.362305
406964.375;5864624;-4088.874756
407024.6563;5864624;-4090.376953
407084.9688;5864624;-4091.868652
407145.2813;5864624;-4093.346191
407205.5625;5864624;-4094.80127
407265.875;5864624;-4096.237305
407326.1875;5864624;-4097.648438
407386.4688;5864624;-4099.03418
407446.7813;5864624;-4100.400879
407507.0625;5864624;-4101.747559
407567.375;5864624;-4103.058594
407627.6875;5864624;-4104.345215
407687.9688;5864624;-4105.60791
407748.2813;5864624;-4106.835449
407808.5938;5864624;-4108.015625
407868.875;5864624;-4109.155762
407929.1875;5864624;-4110.259766
407989.4688;5864624;-4111.33252
408049.7813;5864624;-4112.370605
408110.0938;5864624;-4113.366699
408170.375;5864624;-4114.320801
408230.6875;5864624;-4115.230469
408291;5864624;-4116.092285
408351.2813;5864624;-4116.918457
408411.5938;5864624;-4117.71582
408471.875;5864624;-4118.477539
408532.1875;5864624;-4119.187988
408592.5;5864624;-4119.862793
408652.7813;5864624;-4120.505859
408713.0938;5864624;-4121.115234
408773.4063;5864624;-4121.683105
408833.6875;5864624;-4122.213379
408894;5864624;-4122.709961
408954.2813;5864624;-4123.177734
409014.5938;5864624;-4123.607422
409074.9063;5864624;-4124.003906
409135.1875;5864624;-4124.369141
409195.5;5864624;-4124.700684
409255.8125;5864624;-4124.991699
409316.0938;5864624;-4125.252441
409376.4063;5864624;-4125.486816
401356.4063;5864685;-4143.308105
401416.6875;5864685;-4142.878418
401477;5864685;-4142.473145
401537.3125;5864685;-4142.076172
401597.5938;5864685;-4141.661133
401657.9063;5864685;-4141.209961
401718.2188;5864685;-4140.712402
401778.5;5864685;-4140.151855
401838.8125;5864685;-4139.492676
401899.0938;5864685;-4138.733398
401959.4063;5864685;-4137.862793
402019.7188;5864685;-4136.849609
402080;5864685;-4135.669922
402140.3125;5864685;-4134.379395
402200.625;5864685;-4132.994629
402260.9063;5864685;-4131.51123
402321.2188;5864685;-4129.947266
402381.5;5864685;-4128.35498
402441.8125;5864685;-4126.749512
402502.125;5864685;-4125.149902
402562.4063;5864685;-4123.574707
402622.7188;5864685;-4122.026855
402683.0313;5864685;-4120.508301
402743.3125;5864685;-4119.021973
402803.625;5864685;-4117.565918
402863.9063;5864685;-4116.128906
402924.2188;5864685;-4114.707031
402984.5313;5864685;-4113.306152
403044.8125;5864685;-4111.92041
403105.125;5864685;-4110.531738
403165.4375;5864685;-4109.147461
403225.7188;5864685;-4107.76416
403286.0313;5864685;-4106.356934
403346.3125;5864685;-4104.93457
403406.625;5864685;-4103.493164
403466.9375;5864685;-4102.005371
403527.2188;5864685;-4100.472656
403587.5313;5864685;-4098.896973
403647.8438;5864685;-4097.258301
403708.125;5864685;-4095.569336
403768.4375;5864685;-4093.833496
403828.7188;5864685;-4092.047852
403889.0313;5864685;-4090.233643
403949.3438;5864685;-4088.411133
404009.625;5864685;-4086.593262
404069.9375;5864685;-4084.787842
404130.25;5864685;-4083.005615
404190.5313;5864685;-4081.258057
404250.8438;5864685;-4079.582031
404311.125;5864685;-4077.944336
404371.4375;5864685;-4076.337891
404431.75;5864685;-4074.760742
404492.0313;5864685;-4073.213379
404552.3438;5864685;-4071.707764
404612.625;5864685;-4070.256104
404672.9375;5864685;-4068.86792
404733.25;5864685;-4067.563477
404793.5313;5864685;-4066.345459
404853.8438;5864685;-4065.203369
404914.1563;5864685;-4064.168213
404974.4375;5864685;-4063.260254
405034.75;5864685;-4062.451172
405095.0313;5864685;-4061.744629
405155.3438;5864685;-4061.171387
405215.6563;5864685;-4060.762207
405275.9375;5864685;-4060.495605
405336.25;5864685;-4060.330078
405396.5625;5864685;-4060.310547
405456.8438;5864685;-4060.432373
405517.1563;5864685;-4060.660156
405577.4375;5864685;-4061.013428
405637.75;5864685;-4061.50708
405698.0625;5864685;-4062.128906
405758.3438;5864685;-4062.834717
405818.6563;5864685;-4063.616455
405878.9688;5864685;-4064.523193
405939.25;5864685;-4065.516602
405999.5625;5864685;-4066.562012
406059.8438;5864685;-4067.699463
406120.1563;5864685;-4068.906494
406180.4688;5864685;-4070.154785
406240.75;5864685;-4071.456543
406301.0625;5864685;-4072.800537
406361.375;5864685;-4074.168945
406421.6563;5864685;-4075.568115
406481.9688;5864685;-4076.994629
406542.25;5864685;-4078.43457
406602.5625;5864685;-4079.888916
406662.875;5864685;-4081.356445
406723.1563;5864685;-4082.829102
406783.4688;5864685;-4084.304443
406843.7813;5864685;-4085.779541
406904.0625;5864685;-4087.250488
406964.375;5864685;-4088.717773
407024.6563;5864685;-4090.177002
407084.9688;5864685;-4091.627197
407145.2813;5864685;-4093.06543
407205.5625;5864685;-4094.485107
407265.875;5864685;-4095.886963
407326.1875;5864685;-4097.265625
407386.4688;5864685;-4098.620605
407446.7813;5864685;-4099.958984
407507.0625;5864685;-4101.27832
407567.375;5864685;-4102.564941
407627.6875;5864685;-4103.828125
407687.9688;5864685;-4105.068848
407748.2813;5864685;-4106.276367
407808.5938;5864685;-4107.439941
407868.875;5864685;-4108.564453
407929.1875;5864685;-4109.655762
407989.4688;5864685;-4110.717773
408049.7813;5864685;-4111.744141
408110.0938;5864685;-4112.732422
408170.375;5864685;-4113.680664
408230.6875;5864685;-4114.584961
408291;5864685;-4115.443848
408351.2813;5864685;-4116.268066
408411.5938;5864685;-4117.063477
408471.875;5864685;-4117.824219
408532.1875;5864685;-4118.53418
408592.5;5864685;-4119.209473
408652.7813;5864685;-4119.853027
408713.0938;5864685;-4120.463867
408773.4063;5864685;-4121.032715
408833.6875;5864685;-4121.563965
408894;5864685;-4122.0625
408954.2813;5864685;-4122.53125
409014.5938;5864685;-4122.963379
409074.9063;5864685;-4123.36084
409135.1875;5864685;-4123.729004
409195.5;5864685;-4124.062012
409255.8125;5864685;-4124.355469
409316.0938;5864685;-4124.618652
409376.4063;5864685;-4124.85498
401356.4063;5864745.5;-4142.972656
401416.6875;5864745.5;-4142.538574
401477;5864745.5;-4142.116699
401537.3125;5864745.5;-4141.694336
401597.5938;5864745.5;-4141.244141
401657.9063;5864745.5;-4140.75293
401718.2188;5864745.5;-4140.212891
401778.5;5864745.5;-4139.608887
401838.8125;5864745.5;-4138.913574
401899.0938;5864745.5;-4138.12793
401959.4063;5864745.5;-4137.246094
402019.7188;5864745.5;-4136.241699
402080;5864745.5;-4135.094727
402140.3125;5864745.5;-4133.853516
402200.625;5864745.5;-4132.529785
402260.9063;5864745.5;-4131.116699
402321.2188;5864745.5;-4129.626953
402381.5;5864745.5;-4128.104492
402441.8125;5864745.5;-4126.563965
402502.125;5864745.5;-4125.018555
402562.4063;5864745.5;-4123.481445
402622.7188;5864745.5;-4121.958008
402683.0313;5864745.5;-4120.450684
402743.3125;5864745.5;-4118.963379
402803.625;5864745.5;-4117.495117
402863.9063;5864745.5;-4116.041016
402924.2188;5864745.5;-4114.598145
402984.5313;5864745.5;-4113.17041
403044.8125;5864745.5;-4111.755371
403105.125;5864745.5;-4110.336914
403165.4375;5864745.5;-4108.922363
403225.7188;5864745.5;-4107.506836
403286.0313;5864745.5;-4106.071289
403346.3125;5864745.5;-4104.622559
403406.625;5864745.5;-4103.157227
403466.9375;5864745.5;-4101.653809
403527.2188;5864745.5;-4100.114258
403587.5313;5864745.5;-4098.540039
403647.8438;5864745.5;-4096.916504
403708.125;5864745.5;-4095.253418
403768.4375;5864745.5;-4093.554688
403828.7188;5864745.5;-4091.817383
403889.0313;5864745.5;-4090.059814
403949.3438;5864745.5;-4088.298828
404009.625;5864745.5;-4086.540283
404069.9375;5864745.5;-4084.790771
404130.25;5864745.5;-4083.060059
404190.5313;5864745.5;-4081.357666
404250.8438;5864745.5;-4079.720703
404311.125;5864745.5;-4078.126465
404371.4375;5864745.5;-4076.571777
404431.75;5864745.5;-4075.051758
404492.0313;5864745.5;-4073.568604
404552.3438;5864745.5;-4072.129639
404612.625;5864745.5;-4070.746338
404672.9375;5864745.5;-4069.428467
404733.25;5864745.5;-4068.193115
404793.5313;5864745.5;-4067.041748
404853.8438;5864745.5;-4065.966064
404914.1563;5864745.5;-4064.993652
404974.4375;5864745.5;-4064.143799
405034.75;5864745.5;-4063.388428
405095.0313;5864745.5;-4062.729736
405155.3438;5864745.5;-4062.19751
405215.6563;5864745.5;-4061.819336
405275.9375;5864745.5;-4061.572998
405336.25;5864745.5;-4061.425049
405396.5625;5864745.5;-4061.411865
405456.8438;5864745.5;-4061.529785
405517.1563;5864745.5;-4061.748291
405577.4375;5864745.5;-4062.084473
405637.75;5864745.5;-4062.552246
405698.0625;5864745.5;-4063.139648
405758.3438;5864745.5;-4063.807129
405818.6563;5864745.5;-4064.548096
405878.9688;5864745.5;-4065.405273
405939.25;5864745.5;-4066.345459
405999.5625;5864745.5;-4067.338379
406059.8438;5864745.5;-4068.415283
406120.1563;5864745.5;-4069.559814
406180.4688;5864745.5;-4070.746338
406240.75;5864745.5;-4071.984863
406301.0625;5864745.5;-4073.26416
406361.375;5864745.5;-4074.570068
406421.6563;5864745.5;-4075.907959
406481.9688;5864745.5;-4077.273193
406542.25;5864745.5;-4078.654785
406602.5625;5864745.5;-4080.053711
406662.875;5864745.5;-4081.467529
406723.1563;5864745.5;-4082.887451
406783.4688;5864745.5;-4084.312256
406843.7813;5864745.5;-4085.73999
406904.0625;5864745.5;-4087.166504
406964.375;5864745.5;-4088.589844
407024.6563;5864745.5;-4090.008057
407084.9688;5864745.5;-4091.418945
407145.2813;5864745.5;-4092.820068
407205.5625;5864745.5;-4094.20459
407265.875;5864745.5;-4095.573242
407326.1875;5864745.5;-4096.920898
407386.4688;5864745.5;-4098.24707
407446.7813;5864745.5;-4099.557129
407507.0625;5864745.5;-4100.849609
407567.375;5864745.5;-4102.112305
407627.6875;5864745.5;-4103.352539
407687.9688;5864745.5;-4104.571777
407748.2813;5864745.5;-4105.760742
407808.5938;5864745.5;-4106.90625
407868.875;5864745.5;-4108.016113
407929.1875;5864745.5;-4109.094238
407989.4688;5864745.5;-4110.144043
408049.7813;5864745.5;-4111.160645
408110.0938;5864745.5;-4112.140625
408170.375;5864745.5;-4113.081543
408230.6875;5864745.5;-4113.980469
408291;5864745.5;-4114.835449
408351.2813;5864745.5;-4115.655273
408411.5938;5864745.5;-4116.44873
408471.875;5864745.5;-4117.20752
408532.1875;5864745.5;-4117.91748
408592.5;5864745.5;-4118.591309
408652.7813;5864745.5;-4119.235352
408713.0938;5864745.5;-4119.845703
408773.4063;5864745.5;-4120.415527
408833.6875;5864745.5;-4120.947266
408894;5864745.5;-4121.446777
408954.2813;5864745.5;-4121.916504
409014.5938;5864745.5;-4122.349121
409074.9063;5864745.5;-4122.749512
409135.1875;5864745.5;-4123.117676
409195.5;5864745.5;-4123.453125
409255.8125;5864745.5;-4123.748535
409316.0938;5864745.5;-4124.01416
409376.4063;5864745.5;-4124.253418
401356.4063;5864806;-4142.58252
401416.6875;5864806;-4142.146484
401477;5864806;-4141.715332
401537.3125;5864806;-4141.275391
401597.5938;5864806;-4140.800781
401657.9063;5864806;-4140.280273
401718.2188;5864806;-4139.710938
401778.5;5864806;-4139.077637
401838.8125;5864806;-4138.358887
401899.0938;5864806;-4137.557617
401959.4063;5864806;-4136.669922
402019.7188;5864806;-4135.674805
402080;5864806;-4134.555176
402140.3125;5864806;-4133.352051
402200.625;5864806;-4132.074707
402260.9063;5864806;-4130.717285
402321.2188;5864806;-4129.285156
402381.5;5864806;-4127.817383
402441.8125;5864806;-4126.327148
402502.125;5864806;-4124.826172
402562.4063;5864806;-4123.320801
402622.7188;5864806;-4121.818359
402683.0313;5864806;-4120.322754
402743.3125;5864806;-4118.837402
402803.625;5864806;-4117.364258
402863.9063;5864806;-4115.899414
402924.2188;5864806;-4114.441895
402984.5313;5864806;-4112.996094
403044.8125;5864806;-4111.558594
403105.125;5864806;-4110.118164
403165.4375;5864806;-4108.679688
403225.7188;5864806;-4107.239746
403286.0313;5864806;-4105.783203
403346.3125;5864806;-4104.314453
403406.625;5864806;-4102.832031
403466.9375;5864806;-4101.318359
403527.2188;5864806;-4099.776367
403587.5313;5864806;-4098.208496
403647.8438;5864806;-4096.601074
403708.125;5864806;-4094.964111
403768.4375;5864806;-4093.301025
403828.7188;5864806;-4091.60791
403889.0313;5864806;-4089.900635
403949.3438;5864806;-4088.194336
404009.625;5864806;-4086.489746
404069.9375;5864806;-4084.792236
404130.25;5864806;-4083.110596
404190.5313;5864806;-4081.454834
404250.8438;5864806;-4079.859863
404311.125;5864806;-4078.312744
404371.4375;5864806;-4076.808594
404431.75;5864806;-4075.345215
404492.0313;5864806;-4073.922119
404552.3438;5864806;-4072.545898
404612.625;5864806;-4071.225098
404672.9375;5864806;-4069.971191
404733.25;5864806;-4068.79834
404793.5313;5864806;-4067.70752
404853.8438;5864806;-4066.690186
404914.1563;5864806;-4065.773438
404974.4375;5864806;-4064.974365
405034.75;5864806;-4064.264404
405095.0313;5864806;-4063.646973
405155.3438;5864806;-4063.150879
405215.6563;5864806;-4062.799072
405275.9375;5864806;-4062.570313
405336.25;5864806;-4062.438232
405396.5625;5864806;-4062.431641
405456.8438;5864806;-4062.547119
405517.1563;5864806;-4062.758789
405577.4375;5864806;-4063.081055
405637.75;5864806;-4063.527832
405698.0625;5864806;-4064.086426
405758.3438;5864806;-4064.721436
405818.6563;5864806;-4065.426758
405878.9688;5864806;-4066.23999
405939.25;5864806;-4067.133545
405999.5625;5864806;-4068.078613
406059.8438;5864806;-4069.101807
406120.1563;5864806;-4070.188721
406180.4688;5864806;-4071.318604
406240.75;5864806;-4072.498535
406301.0625;5864806;-4073.718262
406361.375;5864806;-4074.966797
406421.6563;5864806;-4076.247314
406481.9688;5864806;-4077.555664
406542.25;5864806;-4078.881836
406602.5625;5864806;-4080.228027
406662.875;5864806;-4081.591309
406723.1563;5864806;-4082.961914
406783.4688;5864806;-4084.3396
406843.7813;5864806;-4085.722656
406904.0625;5864806;-4087.105957
406964.375;5864806;-4088.48877
407024.6563;5864806;-4089.86792
407084.9688;5864806;-4091.242188
407145.2813;5864806;-4092.607666
407205.5625;5864806;-4093.95874
407265.875;5864806;-4095.295898
407326.1875;5864806;-4096.613281
407386.4688;5864806;-4097.912109
407446.7813;5864806;-4099.195801
407507.0625;5864806;-4100.463379
407567.375;5864806;-4101.703125
407627.6875;5864806;-4102.922363
407687.9688;5864806;-4104.121094
407748.2813;5864806;-4105.290527
407808.5938;5864806;-4106.42041
407868.875;5864806;-4107.516602
407929.1875;5864806;-4108.580566
407989.4688;5864806;-4109.619629
408049.7813;5864806;-4110.625
408110.0938;5864806;-4111.59668
408170.375;5864806;-4112.530273
408230.6875;5864806;-4113.423828
408291;5864806;-4114.273438
408351.2813;5864806;-4115.090332
408411.5938;5864806;-4115.879883
408471.875;5864806;-4116.63623
408532.1875;5864806;-4117.345215
408592.5;5864806;-4118.017578
408652.7813;5864806;-4118.660156
408713.0938;5864806;-4119.270996
408773.4063;5864806;-4119.840332
408833.6875;5864806;-4120.37207
408894;5864806;-4120.872559
408954.2813;5864806;-4121.343262
409014.5938;5864806;-4121.776367
409074.9063;5864806;-4122.177734
409135.1875;5864806;-4122.54834
409195.5;5864806;-4122.884766
409255.8125;5864806;-4123.182129
409316.0938;5864806;-4123.450195
409376.4063;5864806;-4123.691406
401356.4063;5864866.5;-4142.164551
401416.6875;5864866.5;-4141.729492
401477;5864866.5;-4141.291016
401537.3125;5864866.5;-4140.838867
401597.5938;5864866.5;-4140.344727
401657.9063;5864866.5;-4139.804688
401718.2188;5864866.5;-4139.213379
401778.5;5864866.5;-4138.560059
401838.8125;5864866.5;-4137.825195
401899.0938;5864866.5;-4137.015137
401959.4063;5864866.5;-4136.125977
402019.7188;5864866.5;-4135.140137
402080;5864866.5;-4134.043457
402140.3125;5864866.5;-4132.871094
402200.625;5864866.5;-4131.631836
402260.9063;5864866.5;-4130.318848
402321.2188;5864866.5;-4128.933594
402381.5;5864866.5;-4127.510742
402441.8125;5864866.5;-4126.0625
402502.125;5864866.5;-4124.59668
402562.4063;5864866.5;-4123.119629
402622.7188;5864866.5;-4121.636719
402683.0313;5864866.5;-4120.152832
402743.3125;5864866.5;-4118.671875
402803.625;5864866.5;-4117.196289
402863.9063;5864866.5;-4115.725586
402924.2188;5864866.5;-4114.257813
402984.5313;5864866.5;-4112.797852
403044.8125;5864866.5;-4111.343262
403105.125;5864866.5;-4109.885254
403165.4375;5864866.5;-4108.428223
403225.7188;5864866.5;-4106.96875
403286.0313;5864866.5;-4105.496582
403346.3125;5864866.5;-4104.013184
403406.625;5864866.5;-4102.517578
403466.9375;5864866.5;-4100.997559
403527.2188;5864866.5;-4099.455566
403587.5313;5864866.5;-4097.894531
403647.8438;5864866.5;-4096.303711
403708.125;5864866.5;-4094.69165
403768.4375;5864866.5;-4093.060547
403828.7188;5864866.5;-4091.407715
403889.0313;5864866.5;-4089.74585
403949.3438;5864866.5;-4088.087646
404009.625;5864866.5;-4086.432373
404069.9375;5864866.5;-4084.784424
404130.25;5864866.5;-4083.151367
404190.5313;5864866.5;-4081.54248
404250.8438;5864866.5;-4079.99292
404311.125;5864866.5;-4078.494141
404371.4375;5864866.5;-4077.040771
404431.75;5864866.5;-4075.632324
404492.0313;5864866.5;-4074.267822
404552.3438;5864866.5;-4072.950684
404612.625;5864866.5;-4071.688232
404672.9375;5864866.5;-4070.493408
404733.25;5864866.5;-4069.37915
404793.5313;5864866.5;-4068.342285
404853.8438;5864866.5;-4067.378174
404914.1563;5864866.5;-4066.511963
404974.4375;5864866.5;-4065.758057
405034.75;5864866.5;-4065.0896
405095.0313;5864866.5;-4064.508545
405155.3438;5864866.5;-4064.043701
405215.6563;5864866.5;-4063.7146
405275.9375;5864866.5;-4063.500977
405336.25;5864866.5;-4063.382324
405396.5625;5864866.5;-4063.381104
405456.8438;5864866.5;-4063.494385
405517.1563;5864866.5;-4063.699707
405577.4375;5864866.5;-4064.009521
405637.75;5864866.5;-4064.436523
405698.0625;5864866.5;-4064.969482
405758.3438;5864866.5;-4065.574707
405818.6563;5864866.5;-4066.248047
405878.9688;5864866.5;-4067.021973
405939.25;5864866.5;-4067.872559
405999.5625;5864866.5;-4068.774658
406059.8438;5864866.5;-4069.748291
406120.1563;5864866.5;-4070.783203
406180.4688;5864866.5;-4071.862061
406240.75;5864866.5;-4072.988281
406301.0625;5864866.5;-4074.153809
406361.375;5864866.5;-4075.349365
406421.6563;5864866.5;-4076.577148
406481.9688;5864866.5;-4077.833252
406542.25;5864866.5;-4079.108643
406602.5625;5864866.5;-4080.405762
406662.875;5864866.5;-4081.721924
406723.1563;5864866.5;-4083.047363
406783.4688;5864866.5;-4084.380615
406843.7813;5864866.5;-4085.722168
406904.0625;5864866.5;-4087.065674
406964.375;5864866.5;-4088.40918
407024.6563;5864866.5;-4089.752197
407084.9688;5864866.5;-4091.091797
407145.2813;5864866.5;-4092.423096
407205.5625;5864866.5;-4093.743164
407265.875;5864866.5;-4095.050537
407326.1875;5864866.5;-4096.340332
407386.4688;5864866.5;-4097.612305
407446.7813;5864866.5;-4098.871094
407507.0625;5864866.5;-4100.114258
407567.375;5864866.5;-4101.33252
407627.6875;5864866.5;-4102.530762
407687.9688;5864866.5;-4103.709961
407748.2813;5864866.5;-4104.862305
407808.5938;5864866.5;-4105.976563
407868.875;5864866.5;-4107.057617
407929.1875;5864866.5;-4108.109863
407989.4688;5864866.5;-4109.137207
408049.7813;5864866.5;-4110.132324
408110.0938;5864866.5;-4111.095215
408170.375;5864866.5;-4112.021484
408230.6875;5864866.5;-4112.908691
408291;5864866.5;-4113.75293
408351.2813;5864866.5;-4114.56543
408411.5938;5864866.5;-4115.352051
408471.875;5864866.5;-4116.10498
408532.1875;5864866.5;-4116.811523
408592.5;5864866.5;-4117.48291
408652.7813;5864866.5;-4118.123535
408713.0938;5864866.5;-4118.733398
408773.4063;5864866.5;-4119.301758
408833.6875;5864866.5;-4119.833984
408894;5864866.5;-4120.334473
408954.2813;5864866.5;-4120.804688
409014.5938;5864866.5;-4121.23877
409074.9063;5864866.5;-4121.640625
409135.1875;5864866.5;-4122.011719
409195.5;5864866.5;-4122.350098
409255.8125;5864866.5;-4122.649414
409316.0938;5864866.5;-4122.919922
409376.4063;5864866.5;-4123.163086
401356.4063;5864927;-4141.729492
401416.6875;5864927;-4141.296875
401477;5864927;-4140.853516
401537.3125;5864927;-4140.391113
401597.5938;5864927;-4139.883301
401657.9063;5864927;-4139.326172
401718.2188;5864927;-4138.719238
401778.5;5864927;-4138.05127
401838.8125;5864927;-4137.306152
401899.0938;5864927;-4136.491211
401959.4063;5864927;-4135.602539
402019.7188;5864927;-4134.625488
402080;5864927;-4133.54834
402140.3125;5864927;-4132.402344
402200.625;5864927;-4131.194336
402260.9063;5864927;-4129.917969
402321.2188;5864927;-4128.570313
402381.5;5864927;-4127.185059
402441.8125;5864927;-4125.772461
402502.125;5864927;-4124.337891
402562.4063;5864927;-4122.885254
402622.7188;5864927;-4121.42041
402683.0313;5864927;-4119.94873
402743.3125;5864927;-4118.474609
402803.625;5864927;-4117
402863.9063;5864927;-4115.525879
402924.2188;5864927;-4114.053223
402984.5313;5864927;-4112.583008
403044.8125;5864927;-4111.115234
403105.125;5864927;-4109.644531
403165.4375;5864927;-4108.17334
403225.7188;5864927;-4106.699219
403286.0313;5864927;-4105.213867
403346.3125;5864927;-4103.719727
403406.625;5864927;-4102.215332
403466.9375;5864927;-4100.691406
403527.2188;5864927;-4099.151367
403587.5313;5864927;-4097.598145
403647.8438;5864927;-4096.023438
403708.125;5864927;-4094.434326
403768.4375;5864927;-4092.83252
403828.7188;5864927;-4091.215576
403889.0313;5864927;-4089.593506
403949.3438;5864927;-4087.979492
404009.625;5864927;-4086.370117
404069.9375;5864927;-4084.769287
404130.25;5864927;-4083.183105
404190.5313;5864927;-4081.621826
404250.8438;5864927;-4080.119141
404311.125;5864927;-4078.668213
404371.4375;5864927;-4077.266602
404431.75;5864927;-4075.911133
404492.0313;5864927;-4074.602051
404552.3438;5864927;-4073.341309
404612.625;5864927;-4072.135254
404672.9375;5864927;-4070.996094
404733.25;5864927;-4069.935791
404793.5313;5864927;-4068.950195
404853.8438;5864927;-4068.035889
404914.1563;5864927;-4067.216553
404974.4375;5864927;-4066.504395
405034.75;5864927;-4065.874023
405095.0313;5864927;-4065.325928
405155.3438;5864927;-4064.888916
405215.6563;5864927;-4064.580078
405275.9375;5864927;-4064.378906
405336.25;5864927;-4064.27002
405396.5625;5864927;-4064.270752
405456.8438;5864927;-4064.378906
405517.1563;5864927;-4064.575684
405577.4375;5864927;-4064.871094
405637.75;5864927;-4065.277832
405698.0625;5864927;-4065.784668
405758.3438;5864927;-4066.360107
405818.6563;5864927;-4067.001953
405878.9688;5864927;-4067.738281
405939.25;5864927;-4068.549805
405999.5625;5864927;-4069.411621
406059.8438;5864927;-4070.340576
406120.1563;5864927;-4071.328369
406180.4688;5864927;-4072.361084
406240.75;5864927;-4073.439697
406301.0625;5864927;-4074.557129
406361.375;5864927;-4075.705811
406421.6563;5864927;-4076.886963
406481.9688;5864927;-4078.096436
406542.25;5864927;-4079.326904
406602.5625;5864927;-4080.580811
406662.875;5864927;-4081.854248
406723.1563;5864927;-4083.138184
406783.4688;5864927;-4084.431641
406843.7813;5864927;-4085.734863
406904.0625;5864927;-4087.04126
406964.375;5864927;-4088.349854
407024.6563;5864927;-4089.658691
407084.9688;5864927;-4090.965088
407145.2813;5864927;-4092.265625
407205.5625;5864927;-4093.555664
407265.875;5864927;-4094.834473
407326.1875;5864927;-4096.097168
407386.4688;5864927;-4097.344727
407446.7813;5864927;-4098.57959
407507.0625;5864927;-4099.799805
407567.375;5864927;-4100.996582
407627.6875;5864927;-4102.175293
407687.9688;5864927;-4103.335938
407748.2813;5864927;-4104.471191
407808.5938;5864927;-4105.569824
407868.875;5864927;-4106.636719
407929.1875;5864927;-4107.676758
407989.4688;5864927;-4108.692383
408049.7813;5864927;-4109.677734
408110.0938;5864927;-4110.631348
408170.375;5864927;-4111.549316
408230.6875;5864927;-4112.430176
408291;5864927;-4113.269043
408351.2813;5864927;-4114.078125
408411.5938;5864927;-4114.859375
408471.875;5864927;-4115.609375
408532.1875;5864927;-4116.312988
408592.5;5864927;-4116.981934
408652.7813;5864927;-4117.621094
408713.0938;5864927;-4118.229004
408773.4063;5864927;-4118.796875
408833.6875;5864927;-4119.327637
408894;5864927;-4119.827637
408954.2813;5864927;-4120.297852
409014.5938;5864927;-4120.732422
409074.9063;5864927;-4121.134277
409135.1875;5864927;-4121.506836
409195.5;5864927;-4121.845703
409255.8125;5864927;-4122.146484
409316.0938;5864927;-4122.418945
409376.4063;5864927;-4122.665039
401356.4063;5864988;-4141.293945
401416.6875;5864988;-4140.864746
401477;5864988;-4140.418457
401537.3125;5864988;-4139.949219
401597.5938;5864988;-4139.429199
401657.9063;5864988;-4138.860352
401718.2188;5864988;-4138.242676
401778.5;5864988;-4137.564453
401838.8125;5864988;-4136.812988
401899.0938;5864988;-4135.995117
401959.4063;5864988;-4135.109863
402019.7188;5864988;-4134.14209
402080;5864988;-4133.08252
402140.3125;5864988;-4131.958984
402200.625;5864988;-4130.776855
402260.9063;5864988;-4129.530273
402321.2188;5864988;-4128.215332
402381.5;5864988;-4126.86084
402441.8125;5864988;-4125.476563
402502.125;5864988;-4124.069336
402562.4063;5864988;-4122.636719
402622.7188;5864988;-4121.187988
402683.0313;5864988;-4119.727539
402743.3125;5864988;-4118.260254
402803.625;5864988;-4116.787109
402863.9063;5864988;-4115.311523
402924.2188;5864988;-4113.835449
402984.5313;5864988;-4112.356445
403044.8125;5864988;-4110.878906
403105.125;5864988;-4109.398438
403165.4375;5864988;-4107.916016
403225.7188;5864988;-4106.430664
403286.0313;5864988;-4104.935547
403346.3125;5864988;-4103.433105
403406.625;5864988;-4101.921875
403466.9375;5864988;-4100.396973
403527.2188;5864988;-4098.86084
403587.5313;5864988;-4097.315918
403647.8438;5864988;-4095.756836
403708.125;5864988;-4094.189209
403768.4375;5864988;-4092.614502
403828.7188;5864988;-4091.029785
403889.0313;5864988;-4089.444824
403949.3438;5864988;-4087.870117
404009.625;5864988;-4086.303955
404069.9375;5864988;-4084.747803
404130.25;5864988;-4083.20752
404190.5313;5864988;-4081.693604
404250.8438;5864988;-4080.237549
404311.125;5864988;-4078.834229
404371.4375;5864988;-4077.482666
404431.75;5864988;-4076.178467
404492.0313;5864988;-4074.922119
404552.3438;5864988;-4073.713867
404612.625;5864988;-4072.560303
404672.9375;5864988;-4071.472656
404733.25;5864988;-4070.461914
404793.5313;5864988;-4069.522949
404853.8438;5864988;-4068.653809
404914.1563;5864988;-4067.875977
404974.4375;5864988;-4067.201172
405034.75;5864988;-4066.604004
405095.0313;5864988;-4066.086426
405155.3438;5864988;-4065.673584
405215.6563;5864988;-4065.382568
405275.9375;5864988;-4065.193359
405336.25;5864988;-4065.093018
405396.5625;5864988;-4065.095947
405456.8438;5864988;-4065.200195
405517.1563;5864988;-4065.389893
405577.4375;5864988;-4065.673096
405637.75;5864988;-4066.062256
405698.0625;5864988;-4066.546631
405758.3438;5864988;-4067.096924
405818.6563;5864988;-4067.710449
405878.9688;5864988;-4068.413574
405939.25;5864988;-4069.189941
405999.5625;5864988;-4070.015625
406059.8438;5864988;-4070.903564
406120.1563;5864988;-4071.848877
406180.4688;5864988;-4072.839355
406240.75;5864988;-4073.874023
406301.0625;5864988;-4074.946533
406361.375;5864988;-4076.051758
406421.6563;5864988;-4077.190186
406481.9688;5864988;-4078.356445
406542.25;5864988;-4079.544189
406602.5625;5864988;-4080.757324
406662.875;5864988;-4081.990967
406723.1563;5864988;-4083.23584
406783.4688;5864988;-4084.491699
406843.7813;5864988;-4085.759277
406904.0625;5864988;-4087.03125
406964.375;5864988;-4088.306152
407024.6563;5864988;-4089.582764
407084.9688;5864988;-4090.858398
407145.2813;5864988;-4092.128906
407205.5625;5864988;-4093.391357
407265.875;5864988;-4094.643066
407326.1875;5864988;-4095.880615
407386.4688;5864988;-4097.104492
407446.7813;5864988;-4098.315918
407507.0625;5864988;-4099.514648
407567.375;5864988;-4100.691406
407627.6875;5864988;-4101.851563
407687.9688;5864988;-4102.994141
407748.2813;5864988;-4104.113281
407808.5938;5864988;-4105.196777
407868.875;5864988;-4106.250977
407929.1875;5864988;-4107.278809
407989.4688;5864988;-4108.282715
408049.7813;5864988;-4109.258789
408110.0938;5864988;-4110.203125
408170.375;5864988;-4111.114258
408230.6875;5864988;-4111.988281
408291;5864988;-4112.821289
408351.2813;5864988;-4113.624512
408411.5938;5864988;-4114.402344
408471.875;5864988;-4115.148926
408532.1875;5864988;-4115.848633
408592.5;5864988;-4116.515625
408652.7813;5864988;-4117.15332
408713.0938;5864988;-4117.758789
408773.4063;5864988;-4118.325195
408833.6875;5864988;-4118.854492
408894;5864988;-4119.354004
408954.2813;5864988;-4119.82373
409014.5938;5864988;-4120.257813
409074.9063;5864988;-4120.659668
409135.1875;5864988;-4121.032715
409195.5;5864988;-4121.372559
409255.8125;5864988;-4121.674805
409316.0938;5864988;-4121.950195
409376.4063;5864988;-4122.199219
401356.4063;5865048.5;-4140.874512
401416.6875;5865048.5;-4140.445313
401477;5865048.5;-4139.99707
401537.3125;5865048.5;-4139.521484
401597.5938;5865048.5;-4138.993164
401657.9063;5865048.5;-4138.416504
401718.2188;5865048.5;-4137.790527
401778.5;5865048.5;-4137.106445
401838.8125;5865048.5;-4136.351074
401899.0938;5865048.5;-4135.534668
401959.4063;5865048.5;-4134.652344
402019.7188;5865048.5;-4133.694336
402080;5865048.5;-4132.649414
402140.3125;5865048.5;-4131.544434
402200.625;5865048.5;-4130.385254
402260.9063;5865048.5;-4129.163086
402321.2188;5865048.5;-4127.874023
402381.5;5865048.5;-4126.544922
402441.8125;5865048.5;-4125.185059
402502.125;5865048.5;-4123.79834
402562.4063;5865048.5;-4122.384277
402622.7188;5865048.5;-4120.94873
402683.0313;5865048.5;-4119.498535
402743.3125;5865048.5;-4118.036621
402803.625;5865048.5;-4116.56543
402863.9063;5865048.5;-4115.089355
402924.2188;5865048.5;-4113.610352
402984.5313;5865048.5;-4112.126465
403044.8125;5865048.5;-4110.640137
403105.125;5865048.5;-4109.151855
403165.4375;5865048.5;-4107.661133
403225.7188;5865048.5;-4106.166992
403286.0313;5865048.5;-4104.665527
403346.3125;5865048.5;-4103.157715
403406.625;5865048.5;-4101.642578
403466.9375;5865048.5;-4100.118164
403527.2188;5865048.5;-4098.585938
403587.5313;5865048.5;-4097.049805
403647.8438;5865048.5;-4095.505859
403708.125;5865048.5;-4093.957764
403768.4375;5865048.5;-4092.406982
403828.7188;5865048.5;-4090.851563
403889.0313;5865048.5;-4089.299805
403949.3438;5865048.5;-4087.76123
404009.625;5865048.5;-4086.234619
404069.9375;5865048.5;-4084.720703
404130.25;5865048.5;-4083.223877
404190.5313;5865048.5;-4081.755127
404250.8438;5865048.5;-4080.345215
404311.125;5865048.5;-4078.98877
404371.4375;5865048.5;-4077.683838
404431.75;5865048.5;-4076.428223
404492.0313;5865048.5;-4075.220947
404552.3438;5865048.5;-4074.061279
404612.625;5865048.5;-4072.955078
404672.9375;5865048.5;-4071.914551
404733.25;5865048.5;-4070.948242
404793.5313;5865048.5;-4070.051758
404853.8438;5865048.5;-4069.222656
404914.1563;5865048.5;-4068.483154
404974.4375;5865048.5;-4067.840576
405034.75;5865048.5;-4067.273438
405095.0313;5865048.5;-4066.781982
405155.3438;5865048.5;-4066.391113
405215.6563;5865048.5;-4066.115479
405275.9375;5865048.5;-4065.936768
405336.25;5865048.5;-4065.844482
405396.5625;5865048.5;-4065.849854
405456.8438;5865048.5;-4065.950928
405517.1563;5865048.5;-4066.13501
405577.4375;5865048.5;-4066.407715
405637.75;5865048.5;-4066.782227
405698.0625;5865048.5;-4067.246582
405758.3438;5865048.5;-4067.774658
405818.6563;5865048.5;-4068.364258
405878.9688;5865048.5;-4069.038574
405939.25;5865048.5;-4069.783447
405999.5625;5865048.5;-4070.577148
406059.8438;5865048.5;-4071.428955
406120.1563;5865048.5;-4072.336182
406180.4688;5865048.5;-4073.288818
406240.75;5865048.5;-4074.283936
406301.0625;5865048.5;-4075.31665
406361.375;5865048.5;-4076.382813
406421.6563;5865048.5;-4077.481445
406481.9688;5865048.5;-4078.608154
406542.25;5865048.5;-4079.757813
406602.5625;5865048.5;-4080.933594
406662.875;5865048.5;-4082.130371
406723.1563;5865048.5;-4083.339844
406783.4688;5865048.5;-4084.560791
406843.7813;5865048.5;-4085.794922
406904.0625;5865048.5;-4087.034912
406964.375;5865048.5;-4088.279053
407024.6563;5865048.5;-4089.525879
407084.9688;5865048.5;-4090.772461
407145.2813;5865048.5;-4092.015381
407205.5625;5865048.5;-4093.251709
407265.875;5865048.5;-4094.478516
407326.1875;5865048.5;-4095.692139
407386.4688;5865048.5;-4096.894043
407446.7813;5865048.5;-4098.084473
407507.0625;5865048.5;-4099.262695
407567.375;5865048.5;-4100.421387
407627.6875;5865048.5;-4101.562988
407687.9688;5865048.5;-4102.688965
407748.2813;5865048.5;-4103.792969
407808.5938;5865048.5;-4104.862305
407868.875;5865048.5;-4105.903809
407929.1875;5865048.5;-4106.919922
407989.4688;5865048.5;-4107.913574
408049.7813;5865048.5;-4108.880371
408110.0938;5865048.5;-4109.815918
408170.375;5865048.5;-4110.719238
408230.6875;5865048.5;-4111.586426
408291;5865048.5;-4112.414063
408351.2813;5865048.5;-4113.212402
408411.5938;5865048.5;-4113.985352
408471.875;5865048.5;-4114.727539
408532.1875;5865048.5;-4115.425293
408592.5;5865048.5;-4116.088867
408652.7813;5865048.5;-4116.723633
408713.0938;5865048.5;-4117.327637
408773.4063;5865048.5;-4117.891602
408833.6875;5865048.5;-4118.419922
408894;5865048.5;-4118.916992
408954.2813;5865048.5;-4119.386719
409014.5938;5865048.5;-4119.819336
409074.9063;5865048.5;-4120.221191
409135.1875;5865048.5;-4120.59375
409195.5;5865048.5;-4120.935059
409255.8125;5865048.5;-4121.23877
409316.0938;5865048.5;-4121.516113
409376.4063;5865048.5;-4121.768555
401356.4063;5865109;-4140.471191
401416.6875;5865109;-4140.041992
401477;5865109;-4139.590332
401537.3125;5865109;-4139.110352
401597.5938;5865109;-4138.575195
401657.9063;5865109;-4137.992188
401718.2188;5865109;-4137.36084
401778.5;5865109;-4136.671387
401838.8125;5865109;-4135.914551
401899.0938;5865109;-4135.099609
401959.4063;5865109;-4134.222656
402019.7188;5865109;-4133.273438
402080;5865109;-4132.241699
402140.3125;5865109;-4131.15332
402200.625;5865109;-4130.012695
402260.9063;5865109;-4128.812012
402321.2188;5865109;-4127.54541
402381.5;5865109;-4126.237793
402441.8125;5865109;-4124.898438
402502.125;5865109;-4123.530273
402562.4063;5865109;-4122.131348
402622.7188;5865109;-4120.708008
402683.0313;5865109;-4119.266113
402743.3125;5865109;-4117.810547
402803.625;5865109;-4116.342773
402863.9063;5865109;-4114.866211
402924.2188;5865109;-4113.385254
402984.5313;5865109;-4111.896973
403044.8125;5865109;-4110.404785
403105.125;5865109;-4108.910645
403165.4375;5865109;-4107.414063
403225.7188;5865109;-4105.912598
403286.0313;5865109;-4104.40625
403346.3125;5865109;-4102.894531
403406.625;5865109;-4101.376953
403466.9375;5865109;-4099.854492
403527.2188;5865109;-4098.327637
403587.5313;5865109;-4096.799316
403647.8438;5865109;-4095.27002
403708.125;5865109;-4093.73999
403768.4375;5865109;-4092.211426
403828.7188;5865109;-4090.683105
403889.0313;5865109;-4089.161133
403949.3438;5865109;-4087.655518
404009.625;5865109;-4086.16626
404069.9375;5865109;-4084.69165
404130.25;5865109;-4083.235596
404190.5313;5865109;-4081.809814
404250.8438;5865109;-4080.442627
404311.125;5865109;-4079.130371
404371.4375;5865109;-4077.870117
404431.75;5865109;-4076.65918
404492.0313;5865109;-4075.49707
404552.3438;5865109;-4074.382324
404612.625;5865109;-4073.320313
404672.9375;5865109;-4072.322754
404733.25;5865109;-4071.398193
404793.5313;5865109;-4070.540527
404853.8438;5865109;-4069.748291
404914.1563;5865109;-4069.043213
404974.4375;5865109;-4068.430908
405034.75;5865109;-4067.890869
405095.0313;5865109;-4067.42334
405155.3438;5865109;-4067.05249
405215.6563;5865109;-4066.790771
405275.9375;5865109;-4066.621826
405336.25;5865109;-4066.535156
405396.5625;5865109;-4066.541992
405456.8438;5865109;-4066.639648
405517.1563;5865109;-4066.817383
405577.4375;5865109;-4067.07959
405637.75;5865109;-4067.438965
405698.0625;5865109;-4067.884521
405758.3438;5865109;-4068.391602
405818.6563;5865109;-4068.958496
405878.9688;5865109;-4069.605713
405939.25;5865109;-4070.321533
405999.5625;5865109;-4071.08667
406059.8438;5865109;-4071.905762
406120.1563;5865109;-4072.778809
406180.4688;5865109;-4073.69751
406240.75;5865109;-4074.657471
406301.0625;5865109;-4075.654785
406361.375;5865109;-4076.686279
406421.6563;5865109;-4077.750488
406481.9688;5865109;-4078.842041
406542.25;5865109;-4079.95752
406602.5625;5865109;-4081.100342
406662.875;5865109;-4082.264404
406723.1563;5865109;-4083.441406
406783.4688;5865109;-4084.631348
406843.7813;5865109;-4085.835205
406904.0625;5865109;-4087.045654
406964.375;5865109;-4088.261475
407024.6563;5865109;-4089.480713
407084.9688;5865109;-4090.700928
407145.2813;5865109;-4091.918457
407205.5625;5865109;-4093.130859
407265.875;5865109;-4094.334229
407326.1875;5865109;-4095.525635
407386.4688;5865109;-4096.706055
407446.7813;5865109;-4097.877441
407507.0625;5865109;-4099.036621
407567.375;5865109;-4100.177734
407627.6875;5865109;-4101.302734
407687.9688;5865109;-4102.412598
407748.2813;5865109;-4103.501465
407808.5938;5865109;-4104.558105
407868.875;5865109;-4105.586914
407929.1875;5865109;-4106.591797
407989.4688;5865109;-4107.57666
408049.7813;5865109;-4108.533203
408110.0938;5865109;-4109.460938
408170.375;5865109;-4110.357422
408230.6875;5865109;-4111.217773
408291;5865109;-4112.039551
408351.2813;5865109;-4112.833008
408411.5938;5865109;-4113.601563
408471.875;5865109;-4114.339844
408532.1875;5865109;-4115.033691
408592.5;5865109;-4115.694336
408652.7813;5865109;-4116.325684
408713.0938;5865109;-4116.927246
408773.4063;5865109;-4117.489258
408833.6875;5865109;-4118.016113
408894;5865109;-4118.512207
408954.2813;5865109;-4118.979492
409014.5938;5865109;-4119.411621
409074.9063;5865109;-4119.8125
409135.1875;5865109;-4120.185059
409195.5;5865109;-4120.526855
409255.8125;5865109;-4120.83252
409316.0938;5865109;-4121.111816
409376.4063;5865109;-4121.367676
401356.4063;5865169.5;-4140.091797
401416.6875;5865169.5;-4139.661621
401477;5865169.5;-4139.207031
401537.3125;5865169.5;-4138.723145
401597.5938;5865169.5;-4138.183594
401657.9063;5865169.5;-4137.595215
401718.2188;5865169.5;-4136.960449
401778.5;5865169.5;-4136.269043
401838.8125;5865169.5;-4135.511719
401899.0938;5865169.5;-4134.698242
401959.4063;5865169.5;-4133.82666
402019.7188;5865169.5;-4132.884766
402080;5865169.5;-4131.866211
402140.3125;5865169.5;-4130.791992
402200.625;5865169.5;-4129.66748
402260.9063;5865169.5;-4128.485352
402321.2188;5865169.5;-4127.236328
402381.5;5865169.5;-4125.947266
402441.8125;5865169.5;-4124.624512
402502.125;5865169.5;-4123.271973
402562.4063;5865169.5;-4121.885742
402622.7188;5865169.5;-4120.472656
402683.0313;5865169.5;-4119.038086
402743.3125;5865169.5;-4117.587891
402803.625;5865169.5;-4116.121094
402863.9063;5865169.5;-4114.644531
402924.2188;5865169.5;-4113.162598
402984.5313;5865169.5;-4111.67041
403044.8125;5865169.5;-4110.172852
403105.125;5865169.5;-4108.675293
403165.4375;5865169.5;-4107.172852
403225.7188;5865169.5;-4105.666016
403286.0313;5865169.5;-4104.15625
403346.3125;5865169.5;-4102.641602
403406.625;5865169.5;-4101.123047
403466.9375;5865169.5;-4099.602051
403527.2188;5865169.5;-4098.081543
403587.5313;5865169.5;-4096.5625
403647.8438;5865169.5;-4095.046875
403708.125;5865169.5;-4093.534424
403768.4375;5865169.5;-4092.026123
403828.7188;5865169.5;-4090.522705
403889.0313;5865169.5;-4089.02832
403949.3438;5865169.5;-4087.553955
404009.625;5865169.5;-4086.098877
404069.9375;5865169.5;-4084.661621
404130.25;5865169.5;-4083.244141
404190.5313;5865169.5;-4081.858398
404250.8438;5865169.5;-4080.532471
404311.125;5865169.5;-4079.261719
404371.4375;5865169.5;-4078.041992
404431.75;5865169.5;-4076.872314
404492.0313;5865169.5;-4075.751953
404552.3438;5865169.5;-4074.678467
404612.625;5865169.5;-4073.656494
404672.9375;5865169.5;-4072.698975
404733.25;5865169.5;-4071.812256
404793.5313;5865169.5;-4070.989502
404853.8438;5865169.5;-4070.231201
404914.1563;5865169.5;-4069.556396
404974.4375;5865169.5;-4068.97168
405034.75;5865169.5;-4068.456543
405095.0313;5865169.5;-4068.010742
405155.3438;5865169.5;-4067.657227
405215.6563;5865169.5;-4067.408447
405275.9375;5865169.5;-4067.247803
405336.25;5865169.5;-4067.166992
405396.5625;5865169.5;-4067.174805
405456.8438;5865169.5;-4067.270752
405517.1563;5865169.5;-4067.443115
405577.4375;5865169.5;-4067.696533
405637.75;5865169.5;-4068.044189
405698.0625;5865169.5;-4068.473389
405758.3438;5865169.5;-4068.962402
405818.6563;5865169.5;-4069.509033
405878.9688;5865169.5;-4070.132813
405939.25;5865169.5;-4070.82373
405999.5625;5865169.5;-4071.562744
406059.8438;5865169.5;-4072.352539
406120.1563;5865169.5;-4073.195068
406180.4688;5865169.5;-4074.083008
406240.75;5865169.5;-4075.011719
406301.0625;5865169.5;-4075.976807
406361.375;5865169.5;-4076.976318
406421.6563;5865169.5;-4078.008545
406481.9688;5865169.5;-4079.068604
406542.25;5865169.5;-4080.152588
406602.5625;5865169.5;-4081.26416
406662.875;5865169.5;-4082.398193
406723.1563;5865169.5;-4083.545166
406783.4688;5865169.5;-4084.705811
406843.7813;5865169.5;-4085.881592
406904.0625;5865169.5;-4087.06543
406964.375;5865169.5;-4088.254395
407024.6563;5865169.5;-4089.447998
407084.9688;5865169.5;-4090.643555
407145.2813;5865169.5;-4091.837402
407205.5625;5865169.5;-4093.0271
407265.875;5865169.5;-4094.20874
407326.1875;5865169.5;-4095.379639
407386.4688;5865169.5;-4096.541016
407446.7813;5865169.5;-4097.693359
407507.0625;5865169.5;-4098.834473
407567.375;5865169.5;-4099.958496
407627.6875;5865169.5;-4101.068848
407687.9688;5865169.5;-4102.163086
407748.2813;5865169.5;-4103.23877
407808.5938;5865169.5;-4104.283691
407868.875;5865169.5;-4105.300293
407929.1875;5865169.5;-4106.295898
407989.4688;5865169.5;-4107.270508
408049.7813;5865169.5;-4108.218262
408110.0938;5865169.5;-4109.138184
408170.375;5865169.5;-4110.026855
408230.6875;5865169.5;-4110.881348
408291;5865169.5;-4111.697754
408351.2813;5865169.5;-4112.486328
408411.5938;5865169.5;-4113.250488
408471.875;5865169.5;-4113.984375
408532.1875;5865169.5;-4114.675293
408592.5;5865169.5;-4115.33252
408652.7813;5865169.5;-4115.960938
408713.0938;5865169.5;-4116.55957
408773.4063;5865169.5;-4117.119141
408833.6875;5865169.5;-4117.643555
408894;5865169.5;-4118.138184
408954.2813;5865169.5;-4118.602539
409014.5938;5865169.5;-4119.033691
409074.9063;5865169.5;-4119.433594
409135.1875;5865169.5;-4119.805664
409195.5;5865169.5;-4120.146973
409255.8125;5865169.5;-4120.453613
409316.0938;5865169.5;-4120.736328
409376.4063;5865169.5;-4120.995605
401356.4063;5865230;-4139.743652
401416.6875;5865230;-4139.310547
401477;5865230;-4138.853516
401537.3125;5865230;-4138.366699
401597.5938;5865230;-4137.824219
401657.9063;5865230;-4137.232422
401718.2188;5865230;-4136.596191
401778.5;5865230;-4135.903809
401838.8125;5865230;-4135.147949
401899.0938;5865230;-4134.338379
401959.4063;5865230;-4133.471191
402019.7188;5865230;-4132.537598
402080;5865230;-4131.528809
402140.3125;5865230;-4130.466797
402200.625;5865230;-4129.355957
402260.9063;5865230;-4128.1875
402321.2188;5865230;-4126.95459
402381.5;5865230;-4125.679199
402441.8125;5865230;-4124.370605
402502.125;5865230;-4123.029785
402562.4063;5865230;-4121.653809
402622.7188;5865230;-4120.248047
402683.0313;5865230;-4118.819336
402743.3125;5865230;-4117.373535
402803.625;5865230;-4115.908203
402863.9063;5865230;-4114.431152
402924.2188;5865230;-4112.947266
402984.5313;5865230;-4111.45166
403044.8125;5865230;-4109.950195
403105.125;5865230;-4108.44873
403165.4375;5865230;-4106.941895
403225.7188;5865230;-4105.430176
403286.0313;5865230;-4103.918457
403346.3125;5865230;-4102.402344
403406.625;5865230;-4100.882813
403466.9375;5865230;-4099.365723
403527.2188;5865230;-4097.851074
403587.5313;5865230;-4096.340332
403647.8438;5865230;-4094.838379
403708.125;5865230;-4093.341797
403768.4375;5865230;-4091.852783
403828.7188;5865230;-4090.371826
403889.0313;5865230;-4088.90332
403949.3438;5865230;-4087.456787
404009.625;5865230;-4086.033936
404069.9375;5865230;-4084.630371
404130.25;5865230;-4083.248291
404190.5313;5865230;-4081.899658
404250.8438;5865230;-4080.611572
404311.125;5865230;-4079.377686
404371.4375;5865230;-4078.196045
404431.75;5865230;-4077.063477
404492.0313;5865230;-4075.980225
404552.3438;5865230;-4074.943848
404612.625;5865230;-4073.95874
404672.9375;5865230;-4073.036377
404733.25;5865230;-4072.183594
404793.5313;5865230;-4071.391846
404853.8438;5865230;-4070.66333
404914.1563;5865230;-4070.016357
404974.4375;5865230;-4069.455811
405034.75;5865230;-4068.961914
405095.0313;5865230;-4068.535889
405155.3438;5865230;-4068.197754
405215.6563;5865230;-4067.959961
405275.9375;5865230;-4067.806885
405336.25;5865230;-4067.731934
405396.5625;5865230;-4067.741455
405456.8438;5865230;-4067.835693
405517.1563;5865230;-4068.004395
405577.4375;5865230;-4068.251953
405637.75;5865230;-4068.589111
405698.0625;5865230;-4069.005127
405758.3438;5865230;-4069.47876
405818.6563;5865230;-4070.009521
405878.9688;5865230;-4070.613281
405939.25;5865230;-4071.282227
405999.5625;5865230;-4071.999268
406059.8438;5865230;-4072.763428
406120.1563;5865230;-4073.578369
406180.4688;5865230;-4074.439697
406240.75;5865230;-4075.340332
406301.0625;5865230;-4076.2771
406361.375;5865230;-4077.248535
406421.6563;5865230;-4078.252441
406481.9688;5865230;-4079.282959
406542.25;5865230;-4080.338867
406602.5625;5865230;-4081.422607
406662.875;5865230;-4082.528564
406723.1563;5865230;-4083.648682
406783.4688;5865230;-4084.782715
406843.7813;5865230;-4085.932861
406904.0625;5865230;-4087.091553
406964.375;5865230;-4088.256592
407024.6563;5865230;-4089.427002
407084.9688;5865230;-4090.599854
407145.2813;5865230;-4091.772217
407205.5625;5865230;-4092.940674
407265.875;5865230;-4094.102051
407326.1875;5865230;-4095.254395
407386.4688;5865230;-4096.397461
407446.7813;5865230;-4097.532715
407507.0625;5865230;-4098.657227
407567.375;5865230;-4099.766602
407627.6875;5865230;-4100.861816
407687.9688;5865230;-4101.943359
407748.2813;5865230;-4103.005859
407808.5938;5865230;-4104.039551
407868.875;5865230;-4105.045898
407929.1875;5865230;-4106.03125
407989.4688;5865230;-4106.99707
408049.7813;5865230;-4107.936523
408110.0938;5865230;-4108.849121
408170.375;5865230;-4109.731934
408230.6875;5865230;-4110.57959
408291;5865230;-4111.391602
408351.2813;5865230;-4112.175781
408411.5938;5865230;-4112.93457
408471.875;5865230;-4113.665039
408532.1875;5865230;-4114.351563
408592.5;5865230;-4115.005859
408652.7813;5865230;-4115.631348
408713.0938;5865230;-4116.227539
408773.4063;5865230;-4116.78418
408833.6875;5865230;-4117.305664
408894;5865230;-4117.797852
408954.2813;5865230;-4118.260742
409014.5938;5865230;-4118.689453
409074.9063;5865230;-4119.087891
409135.1875;5865230;-4119.458496
409195.5;5865230;-4119.799316
409255.8125;5865230;-4120.106934
409316.0938;5865230;-4120.391113
409376.4063;5865230;-4120.653809
401356.4063;5865291;-4139.425781
401416.6875;5865291;-4138.990723
401477;5865291;-4138.532715
401537.3125;5865291;-4138.044434
401597.5938;5865291;-4137.500977
401657.9063;5865291;-4136.90918
401718.2188;5865291;-4136.273926
401778.5;5865291;-4135.582031
401838.8125;5865291;-4134.829102
401899.0938;5865291;-4134.023438
401959.4063;5865291;-4133.162109
402019.7188;5865291;-4132.23584
402080;5865291;-4131.236816
402140.3125;5865291;-4130.185059
402200.625;5865291;-4129.084473
402260.9063;5865291;-4127.928223
402321.2188;5865291;-4126.707031
402381.5;5865291;-4125.443359
402441.8125;5865291;-4124.145508
402502.125;5865291;-4122.813965
402562.4063;5865291;-4121.445313
402622.7188;5865291;-4120.04541
402683.0313;5865291;-4118.621094
402743.3125;5865291;-4117.177734
402803.625;5865291;-4115.712402
402863.9063;5865291;-4114.234863
402924.2188;5865291;-4112.749512
402984.5313;5865291;-4111.250977
403044.8125;5865291;-4109.744629
403105.125;5865291;-4108.239746
403165.4375;5865291;-4106.730469
403225.7188;5865291;-4105.213867
403286.0313;5865291;-4103.700684
403346.3125;5865291;-4102.183105
403406.625;5865291;-4100.663086
403466.9375;5865291;-4099.150391
403527.2188;5865291;-4097.640625
403587.5313;5865291;-4096.137695
403647.8438;5865291;-4094.647949
403708.125;5865291;-4093.16626
403768.4375;5865291;-4091.693848
403828.7188;5865291;-4090.233398
403889.0313;5865291;-4088.787109
403949.3438;5865291;-4087.365479
404009.625;5865291;-4085.970947
404069.9375;5865291;-4084.596436
404130.25;5865291;-4083.24585
404190.5313;5865291;-4081.930176
404250.8438;5865291;-4080.675537
404311.125;5865291;-4079.474609
404371.4375;5865291;-4078.324707
404431.75;5865291;-4077.224121
404492.0313;5865291;-4076.173828
404552.3438;5865291;-4075.170166
404612.625;5865291;-4074.216309
404672.9375;5865291;-4073.324951
404733.25;5865291;-4072.501221
404793.5313;5865291;-4071.736816
404853.8438;5865291;-4071.033936
404914.1563;5865291;-4070.4104
404974.4375;5865291;-4069.870605
405034.75;5865291;-4069.395508
405095.0313;5865291;-4068.985596
405155.3438;5865291;-4068.661377
405215.6563;5865291;-4068.43335
405275.9375;5865291;-4068.286865
405336.25;5865291;-4068.21582
405396.5625;5865291;-4068.227539
405456.8438;5865291;-4068.320557
405517.1563;5865291;-4068.486816
405577.4375;5865291;-4068.728516
405637.75;5865291;-4069.057129
405698.0625;5865291;-4069.461426
405758.3438;5865291;-4069.922607
405818.6563;5865291;-4070.438965
405878.9688;5865291;-4071.026123
405939.25;5865291;-4071.677002
405999.5625;5865291;-4072.374512
406059.8438;5865291;-4073.117188
406120.1563;5865291;-4073.909424
406180.4688;5865291;-4074.748047
406240.75;5865291;-4075.625
406301.0625;5865291;-4076.536377
406361.375;5865291;-4077.484375
406421.6563;5865291;-4078.463867
406481.9688;5865291;-4079.469238
406542.25;5865291;-4080.500488
406602.5625;5865291;-4081.560547
406662.875;5865291;-4082.642334
406723.1563;5865291;-4083.73877
406783.4688;5865291;-4084.850342
406843.7813;5865291;-4085.978027
406904.0625;5865291;-4087.115234
406964.375;5865291;-4088.258789
407024.6563;5865291;-4089.408691
407084.9688;5865291;-4090.561768
407145.2813;5865291;-4091.714355
407205.5625;5865291;-4092.86499
407265.875;5865291;-4094.009277
407326.1875;5865291;-4095.144043
407386.4688;5865291;-4096.271973
407446.7813;5865291;-4097.39209
407507.0625;5865291;-4098.501953
407567.375;5865291;-4099.598633
407627.6875;5865291;-4100.681152
407687.9688;5865291;-4101.749512
407748.2813;5865291;-4102.80127
407808.5938;5865291;-4103.825195
407868.875;5865291;-4104.821777
407929.1875;5865291;-4105.798828
407989.4688;5865291;-4106.757324
408049.7813;5865291;-4107.689453
408110.0938;5865291;-4108.595703
408170.375;5865291;-4109.47168
408230.6875;5865291;-4110.314453
408291;5865291;-4111.121582
408351.2813;5865291;-4111.901855
408411.5938;5865291;-4112.656738
408471.875;5865291;-4113.383301
408532.1875;5865291;-4114.066895
408592.5;5865291;-4114.717773
408652.7813;5865291;-4115.340332
408713.0938;5865291;-4115.934082
408773.4063;5865291;-4116.488281
408833.6875;5865291;-4117.007324
408894;5865291;-4117.496094
408954.2813;5865291;-4117.956543
409014.5938;5865291;-4118.382324
409074.9063;5865291;-4118.77832
409135.1875;5865291;-4119.146484
409195.5;5865291;-4119.486328
409255.8125;5865291;-4119.793945
409316.0938;5865291;-4120.078613
409376.4063;5865291;-4120.345215
401356.4063;5865351.5;-4139.132813
401416.6875;5865351.5;-4138.698242
401477;5865351.5;-4138.240234
401537.3125;5865351.5;-4137.753418
401597.5938;5865351.5;-4137.210938
401657.9063;5865351.5;-4136.62207
401718.2188;5865351.5;-4135.988281
401778.5;5865351.5;-4135.299805
401838.8125;5865351.5;-4134.550781
401899.0938;5865351.5;-4133.75
401959.4063;5865351.5;-4132.893555
402019.7188;5865351.5;-4131.973633
402080;5865351.5;-4130.983887
402140.3125;5865351.5;-4129.94043
402200.625;5865351.5;-4128.848633
402260.9063;5865351.5;-4127.702637
402321.2188;5865351.5;-4126.491699
402381.5;5865351.5;-4125.236816
402441.8125;5865351.5;-4123.946289
402502.125;5865351.5;-4122.62207
402562.4063;5865351.5;-4121.258301
402622.7188;5865351.5;-4119.862793
402683.0313;5865351.5;-4118.440918
402743.3125;5865351.5;-4116.998535
402803.625;5865351.5;-4115.533203
402863.9063;5865351.5;-4114.052734
402924.2188;5865351.5;-4112.564453
402984.5313;5865351.5;-4111.062988
403044.8125;5865351.5;-4109.551758
403105.125;5865351.5;-4108.042969
403165.4375;5865351.5;-4106.529297
403225.7188;5865351.5;-4105.008789
403286.0313;5865351.5;-4103.493164
403346.3125;5865351.5;-4101.974609
403406.625;5865351.5;-4100.45459
403466.9375;5865351.5;-4098.943848
403527.2188;5865351.5;-4097.44043
403587.5313;5865351.5;-4095.94458
403647.8438;5865351.5;-4094.465332
403708.125;5865351.5;-4092.996826
403768.4375;5865351.5;-4091.539795
403828.7188;5865351.5;-4090.098389
403889.0313;5865351.5;-4088.672852
403949.3438;5865351.5;-4087.273682
404009.625;5865351.5;-4085.904053
404069.9375;5865351.5;-4084.557617
404130.25;5865351.5;-4083.234863
404190.5313;5865351.5;-4081.949219
404250.8438;5865351.5;-4080.724854
404311.125;5865351.5;-4079.553955
404371.4375;5865351.5;-4078.433105
404431.75;5865351.5;-4077.362061
404492.0313;5865351.5;-4076.341797
404552.3438;5865351.5;-4075.367188
404612.625;5865351.5;-4074.442139
404672.9375;5865351.5;-4073.579102
404733.25;5865351.5;-4072.781006
404793.5313;5865351.5;-4072.040771
404853.8438;5865351.5;-4071.36084
404914.1563;5865351.5;-4070.758545
404974.4375;5865351.5;-4070.236328
405034.75;5865351.5;-4069.777832
405095.0313;5865351.5;-4069.382813
405155.3438;5865351.5;-4069.070801
405215.6563;5865351.5;-4068.852051
405275.9375;5865351.5;-4068.711426
405336.25;5865351.5;-4068.644775
405396.5625;5865351.5;-4068.658691
405456.8438;5865351.5;-4068.751709
405517.1563;5865351.5;-4068.91626
405577.4375;5865351.5;-4069.153809
405637.75;5865351.5;-4069.47583
405698.0625;5865351.5;-4069.87085
405758.3438;5865351.5;-4070.321289
405818.6563;5865351.5;-4070.827148
405878.9688;5865351.5;-4071.399658
405939.25;5865351.5;-4072.034668
405999.5625;5865351.5;-4072.715576
406059.8438;5865351.5;-4073.439453
406120.1563;5865351.5;-4074.211914
406180.4688;5865351.5;-4075.029785
406240.75;5865351.5;-4075.88501
406301.0625;5865351.5;-4076.774658
406361.375;5865351.5;-4077.700928
406421.6563;5865351.5;-4078.657959
406481.9688;5865351.5;-4079.641357
406542.25;5865351.5;-4080.650146
406602.5625;5865351.5;-4081.688232
406662.875;5865351.5;-4082.748047
406723.1563;5865351.5;-4083.823486
406783.4688;5865351.5;-4084.914551
406843.7813;5865351.5;-4086.021484
406904.0625;5865351.5;-4087.138672
406964.375;5865351.5;-4088.262939
407024.6563;5865351.5;-4089.394043
407084.9688;5865351.5;-4090.528809
407145.2813;5865351.5;-4091.664063
407205.5625;5865351.5;-4092.797607
407265.875;5865351.5;-4093.926025
407326.1875;5865351.5;-4095.045898
407386.4688;5865351.5;-4096.15918
407446.7813;5865351.5;-4097.265137
407507.0625;5865351.5;-4098.362793
407567.375;5865351.5;-4099.446777
407627.6875;5865351.5;-4100.517578
407687.9688;5865351.5;-4101.574707
407748.2813;5865351.5;-4102.616699
407808.5938;5865351.5;-4103.630859
407868.875;5865351.5;-4104.619629
407929.1875;5865351.5;-4105.589355
407989.4688;5865351.5;-4106.540527
408049.7813;5865351.5;-4107.466309
408110.0938;5865351.5;-4108.366699
408170.375;5865351.5;-4109.237305
408230.6875;5865351.5;-4110.075195
408291;5865351.5;-4110.87793
408351.2813;5865351.5;-4111.654785
408411.5938;5865351.5;-4112.405762
408471.875;5865351.5;-4113.128906
408532.1875;5865351.5;-4113.80957
408592.5;5865351.5;-4114.45752
408652.7813;5865351.5;-4115.077148
408713.0938;5865351.5;-4115.66748
408773.4063;5865351.5;-4116.218262
408833.6875;5865351.5;-4116.734375
408894;5865351.5;-4117.220703
408954.2813;5865351.5;-4117.677734
409014.5938;5865351.5;-4118.100098
409074.9063;5865351.5;-4118.493652
409135.1875;5865351.5;-4118.859375
409195.5;5865351.5;-4119.195801
409255.8125;5865351.5;-4119.501953
409316.0938;5865351.5;-4119.787109
409376.4063;5865351.5;-4120.055664
401356.4063;5865412;-4138.861328
401416.6875;5865412;-4138.427734
401477;5865412;-4137.974121
401537.3125;5865412;-4137.491211
401597.5938;5865412;-4136.953125
401657.9063;5865412;-4136.368652
401718.2188;5865412;-4135.739746
401778.5;5865412;-4135.055176
401838.8125;5865412;-4134.310547
401899.0938;5865412;-4133.516113
401959.4063;5865412;-4132.664551
402019.7188;5865412;-4131.751465
402080;5865412;-4130.769531
402140.3125;5865412;-4129.733887
402200.625;5865412;-4128.650391
402260.9063;5865412;-4127.510742
402321.2188;5865412;-4126.308105
402381.5;5865412;-4125.060547
402441.8125;5865412;-4123.776367
402502.125;5865412;-4122.456055
402562.4063;5865412;-4121.095703
402622.7188;5865412;-4119.702148
402683.0313;5865412;-4118.28125
402743.3125;5865412;-4116.837402
402803.625;5865412;-4115.370117
402863.9063;5865412;-4113.88623
402924.2188;5865412;-4112.393555
402984.5313;5865412;-4110.887207
403044.8125;5865412;-4109.370605
403105.125;5865412;-4107.858398
403165.4375;5865412;-4106.338867
403225.7188;5865412;-4104.814941
403286.0313;5865412;-4103.295898
403346.3125;5865412;-4101.775391
403406.625;5865412;-4100.253906
403466.9375;5865412;-4098.746094
403527.2188;5865412;-4097.246582
403587.5313;5865412;-4095.757324
403647.8438;5865412;-4094.287842
403708.125;5865412;-4092.831055
403768.4375;5865412;-4091.387451
403828.7188;5865412;-4089.963379
403889.0313;5865412;-4088.557373
403949.3438;5865412;-4087.17749
404009.625;5865412;-4085.830322
404069.9375;5865412;-4084.508789
404130.25;5865412;-4083.211426
404190.5313;5865412;-4081.953369
404250.8438;5865412;-4080.75708
404311.125;5865412;-4079.613037
404371.4375;5865412;-4078.519287
404431.75;5865412;-4077.47583
404492.0313;5865412;-4076.482666
404552.3438;5865412;-4075.535156
404612.625;5865412;-4074.63623
404672.9375;5865412;-4073.797852
404733.25;5865412;-4073.023193
404793.5313;5865412;-4072.304932
404853.8438;5865412;-4071.645996
404914.1563;5865412;-4071.062256
404974.4375;5865412;-4070.554932
405034.75;5865412;-4070.110596
405095.0313;5865412;-4069.729736
405155.3438;5865412;-4069.429199
405215.6563;5865412;-4069.218018
405275.9375;5865412;-4069.083008
405336.25;5865412;-4069.02124
405396.5625;5865412;-4069.037598
405456.8438;5865412;-4069.131348
405517.1563;5865412;-4069.29541
405577.4375;5865412;-4069.53125
405637.75;5865412;-4069.847412
405698.0625;5865412;-4070.234863
405758.3438;5865412;-4070.677734
405818.6563;5865412;-4071.175293
405878.9688;5865412;-4071.735596
405939.25;5865412;-4072.356201
405999.5625;5865412;-4073.023682
406059.8438;5865412;-4073.731445
406120.1563;5865412;-4074.48584
406180.4688;5865412;-4075.285889
406240.75;5865412;-4076.121826
406301.0625;5865412;-4076.991211
406361.375;5865412;-4077.897705
406421.6563;5865412;-4078.834473
406481.9688;5865412;-4079.797363
406542.25;5865412;-4080.787109
406602.5625;5865412;-4081.804688
406662.875;5865412;-4082.843994
406723.1563;5865412;-4083.900391
406783.4688;5865412;-4084.9729
406843.7813;5865412;-4086.061523
406904.0625;5865412;-4087.160645
406964.375;5865412;-4088.267334
407024.6563;5865412;-4089.381104
407084.9688;5865412;-4090.499756
407145.2813;5865412;-4091.618652
407205.5625;5865412;-4092.737061
407265.875;5865412;-4093.850586
407326.1875;5865412;-4094.956299
407386.4688;5865412;-4096.056641
407446.7813;5865412;-4097.149902
407507.0625;5865412;-4098.235352
407567.375;5865412;-4099.308105
407627.6875;5865412;-4100.369141
407687.9688;5865412;-4101.416016
407748.2813;5865412;-4102.44873
407808.5938;5865412;-4103.45459
407868.875;5865412;-4104.436523
407929.1875;5865412;-4105.399414
407989.4688;5865412;-4106.344238
408049.7813;5865412;-4107.26416
408110.0938;5865412;-4108.15918
408170.375;5865412;-4109.025391
408230.6875;5865412;-4109.858887
408291;5865412;-4110.658203
408351.2813;5865412;-4111.431152
408411.5938;5865412;-4112.178711
408471.875;5865412;-4112.898926
408532.1875;5865412;-4113.577148
408592.5;5865412;-4114.222168
408652.7813;5865412;-4114.839355
408713.0938;5865412;-4115.425781
408773.4063;5865412;-4115.974609
408833.6875;5865412;-4116.487305
408894;5865412;-4116.970703
408954.2813;5865412;-4117.423828
409014.5938;5865412;-4117.842773
409074.9063;5865412;-4118.231934
409135.1875;5865412;-4118.593262
409195.5;5865412;-4118.925781
409255.8125;5865412;-4119.229492
409316.0938;5865412;-4119.513184
409376.4063;5865412;-4119.781738
