401356.4063;5859412;-4187.853516
401416.6875;5859412;-4187.966309
401477;5859412;-4188.085449
401537.3125;5859412;-4188.21582
401597.5938;5859412;-4188.359375
401657.9063;5859412;-4188.520508
401718.2188;5859412;-4188.700684
401778.5;5859412;-4188.899414
401838.8125;5859412;-4189.124512
401899.0938;5859412;-4189.375977
401959.4063;5859412;-4189.652832
402019.7188;5859412;-4189.963867
402080;5859412;-4190.316406
402140.3125;5859412;-4190.706543
402200.625;5859412;-4191.137695
402260.9063;5859412;-4191.618652
402321.2188;5859412;-4192.157227
402381.5;5859412;-4192.744629
402441.8125;5859412;-4193.375
402502.125;5859412;-4194.049316
402562.4063;5859412;-4194.770996
402622.7188;5859412;-4195.530762
402683.0313;5859412;-4196.320313
402743.3125;5859412;-4197.134277
402803.625;5859412;-4197.961914
402863.9063;5859412;-4198.791504
402924.2188;5859412;-4199.616699
402984.5313;5859412;-4200.426758
403044.8125;5859412;-4201.211914
403105.125;5859412;-4201.96875
403165.4375;5859412;-4202.692383
403225.7188;5859412;-4203.368652
403286.0313;5859412;-4203.98877
403346.3125;5859412;-4204.549805
403406.625;5859412;-4205.053711
403466.9375;5859412;-4205.496582
403527.2188;5859412;-4205.874512
403587.5313;5859412;-4206.198242
403647.8438;5859412;-4206.482422
403708.125;5859412;-4206.730957
403768.4375;5859412;-4206.956543
403828.7188;5859412;-4207.178223
403889.0313;5859412;-4207.402344
403949.3438;5859412;-4207.641113
404009.625;5859412;-4207.910645
404069.9375;5859412;-4208.214355
404130.25;5859412;-4208.560059
404190.5313;5859412;-4208.963867
404250.8438;5859412;-4209.441895
404311.125;5859412;-4209.992188
404371.4375;5859412;-4210.612793
404431.75;5859412;-4211.308105
404492.0313;5859412;-4212.07666
404552.3438;5859412;-4212.911621
404612.625;5859412;-4213.80957
404672.9375;5859412;-4214.775879
404733.25;5859412;-4215.806641
404793.5313;5859412;-4216.890625
404853.8438;5859412;-4218.026367
404914.1563;5859412;-4219.215332
404974.4375;5859412;-4220.45166
405034.75;5859412;-4221.723145
405095.0313;5859412;-4223.027832
405155.3438;5859412;-4224.367188
405215.6563;5859412;-4225.740234
405275.9375;5859412;-4227.138672
405336.25;5859412;-4233.145996
405396.5625;5859412;-4234.508301
405456.8438;5859412;-4235.886719
405517.1563;5859412;-4237.259277
405577.4375;5859412;-4238.640625
405637.75;5859412;-4240.03125
405698.0625;5859412;-4241.415527
405758.3438;5859412;-4242.798828
405818.6563;5859412;-4244.182129
405878.9688;5859412;-4245.55127
405939.25;5859412;-4246.910645
405999.5625;5859412;-4245.704102
406059.8438;5859412;-4247.020996
406120.1563;5859412;-4248.325684
406180.4688;5859412;-4249.615234
406240.75;5859412;-4250.896484
406301.0625;5859412;-4252.166504
406361.375;5859412;-4253.422852
406421.6563;5859412;-4254.671875
406481.9688;5859412;-4255.916016
406542.25;5859412;-4257.15332
406602.5625;5859412;-4258.389648
406662.875;5859412;-4259.629883
406723.1563;5859412;-4260.867676
406783.4688;5859412;-4262.105469
406843.7813;5859412;-4263.340332
406904.0625;5859412;-4264.5625
406964.375;5859412;-4265.76709
407024.6563;5859412;-4266.95166
407084.9688;5859412;-4268.094238
407145.2813;5859412;-4269.181641
407205.5625;5859412;-4270.206543
407265.875;5859412;-4271.145508
407326.1875;5859412;-4271.979492
407386.4688;5859412;-4272.707031
407446.7813;5859412;-4273.324219
407507.0625;5859412;-4273.816895
407567.375;5859412;-4274.163086
407627.6875;5859412;-4274.365234
407687.9688;5859412;-4274.429688
407748.2813;5859412;-4274.33252
407808.5938;5859412;-4274.024902
407868.875;5859412;-4273.5
407929.1875;5859412;-4272.784668
407989.4688;5859412;-4271.894531
408049.7813;5859412;-4270.850098
408110.0938;5859412;-4269.726074
408170.375;5859412;-4268.700684
408230.6875;5859412;-4267.867676
408291;5859412;-4267.171875
408351.2813;5859412;-4266.530273
408411.5938;5859412;-4265.891602
408471.875;5859412;-4265.254883
408532.1875;5859412;-4264.64209
408592.5;5859412;-4264.057129
408652.7813;5859412;-4263.498047
408713.0938;5859412;-4262.965332
408773.4063;5859412;-4262.458008
408833.6875;5859412;-4261.975098
408894;5859412;-4261.516602
408954.2813;5859412;-4261.081543
409014.5938;5859412;-4260.67627
409074.9063;5859412;-4260.306152
409135.1875;5859412;-4259.964844
409195.5;5859412;-4259.652832
409255.8125;5859412;-4271.12207
409316.0938;5859412;-4270.958008
409376.4063;5859412;-4270.80957
401356.4063;5859472.5;-4187.850098
401416.6875;5859472.5;-4187.964844
401477;5859472.5;-4188.085938
401537.3125;5859472.5;-4188.217773
401597.5938;5859472.5;-4188.364746
401657.9063;5859472.5;-4188.52832
401718.2188;5859472.5;-4188.711426
401778.5;5859472.5;-4188.912598
401838.8125;5859472.5;-4189.141602
401899.0938;5859472.5;-4189.395508
401959.4063;5859472.5;-4189.67627
402019.7188;5859472.5;-4189.991699
402080;5859472.5;-4190.351074
402140.3125;5859472.5;-4190.749512
402200.625;5859472.5;-4191.190918
402260.9063;5859472.5;-4191.687012
402321.2188;5859472.5;-4192.24707
402381.5;5859472.5;-4192.860352
402441.8125;5859472.5;-4193.518555
402502.125;5859472.5;-4194.224609
402562.4063;5859472.5;-4194.978516
402622.7188;5859472.5;-4195.772949
402683.0313;5859472.5;-4196.595215
402743.3125;5859472.5;-4197.439941
402803.625;5859472.5;-4198.294922
402863.9063;5859472.5;-4199.149414
402924.2188;5859472.5;-4199.996582
402984.5313;5859472.5;-4200.82373
403044.8125;5859472.5;-4201.62207
403105.125;5859472.5;-4202.38916
403165.4375;5859472.5;-4203.119629
403225.7188;5859472.5;-4203.796875
403286.0313;5859472.5;-4204.409668
403346.3125;5859472.5;-4204.956055
403406.625;5859472.5;-4205.438965
403466.9375;5859472.5;-4205.854004
403527.2188;5859472.5;-4206.195313
403587.5313;5859472.5;-4206.476074
403647.8438;5859472.5;-4206.713867
403708.125;5859472.5;-4206.913086
403768.4375;5859472.5;-4207.088379
403828.7188;5859472.5;-4207.260254
403889.0313;5859472.5;-4207.436523
403949.3438;5859472.5;-4207.629883
404009.625;5859472.5;-4207.858398
404069.9375;5859472.5;-4208.124023
404130.25;5859472.5;-4208.433105
404190.5313;5859472.5;-4208.806152
404250.8438;5859472.5;-4209.259766
404311.125;5859472.5;-4209.790527
404371.4375;5859472.5;-4210.395508
404431.75;5859472.5;-4211.079102
404492.0313;5859472.5;-4211.84082
404552.3438;5859472.5;-4212.670898
404612.625;5859472.5;-4213.567871
404672.9375;5859472.5;-4214.535645
404733.25;5859472.5;-4215.568848
404793.5313;5859472.5;-4216.657227
404853.8438;5859472.5;-4217.797363
404914.1563;5859472.5;-4218.992676
404974.4375;5859472.5;-4220.235352
405034.75;5859472.5;-4221.512207
405095.0313;5859472.5;-4222.820313
405155.3438;5859472.5;-4224.163574
405215.6563;5859472.5;-4225.539063
405275.9375;5859472.5;-4231.563477
405336.25;5859472.5;-4232.90332
405396.5625;5859472.5;-4234.262695
405456.8438;5859472.5;-4235.635742
405517.1563;5859472.5;-4237.001465
405577.4375;5859472.5;-4238.375977
405637.75;5859472.5;-4239.757324
405698.0625;5859472.5;-4241.130859
405758.3438;5859472.5;-4242.50293
405818.6563;5859472.5;-4243.874023
405878.9688;5859472.5;-4245.230957
405939.25;5859472.5;-4243.889648
405999.5625;5859472.5;-4245.19873
406059.8438;5859472.5;-4246.501465
406120.1563;5859472.5;-4247.792969
406180.4688;5859472.5;-4249.070801
406240.75;5859472.5;-4250.341797
406301.0625;5859472.5;-4251.603516
406361.375;5859472.5;-4252.854004
406421.6563;5859472.5;-4254.099609
406481.9688;5859472.5;-4255.343262
406542.25;5859472.5;-4256.583008
406602.5625;5859472.5;-4257.825195
406662.875;5859472.5;-4259.074219
406723.1563;5859472.5;-4260.324219
406783.4688;5859472.5;-4261.576172
406843.7813;5859472.5;-4262.831055
406904.0625;5859472.5;-4264.075684
406964.375;5859472.5;-4265.307129
407024.6563;5859472.5;-4266.523438
407084.9688;5859472.5;-4267.703613
407145.2813;5859472.5;-4268.833496
407205.5625;5859472.5;-4269.906738
407265.875;5859472.5;-4270.902832
407326.1875;5859472.5;-4271.797852
407386.4688;5859472.5;-4272.59082
407446.7813;5859472.5;-4273.27832
407507.0625;5859472.5;-4273.839355
407567.375;5859472.5;-4274.248047
407627.6875;5859472.5;-4274.505859
407687.9688;5859472.5;-4274.624023
407748.2813;5859472.5;-4274.585449
407808.5938;5859472.5;-4274.341309
407868.875;5859472.5;-4273.890625
407929.1875;5859472.5;-4273.260254
407989.4688;5859472.5;-4272.451172
408049.7813;5859472.5;-4271.435059
408110.0938;5859472.5;-4270.254395
408170.375;5859472.5;-4269.166016
408230.6875;5859472.5;-4268.299805
408291;5859472.5;-4267.549805
408351.2813;5859472.5;-4266.830566
408411.5938;5859472.5;-4266.111328
408471.875;5859472.5;-4265.402832
408532.1875;5859472.5;-4264.727539
408592.5;5859472.5;-4264.086914
408652.7813;5859472.5;-4263.477539
408713.0938;5859472.5;-4262.900879
408773.4063;5859472.5;-4262.356934
408833.6875;5859472.5;-4261.843262
408894;5859472.5;-4261.358887
408954.2813;5859472.5;-4260.900879
409014.5938;5859472.5;-4260.477539
409074.9063;5859472.5;-4260.091797
409135.1875;5859472.5;-4259.735352
409195.5;5859472.5;-4271.055176
409255.8125;5859472.5;-4270.854004
409316.0938;5859472.5;-4270.67627
409376.4063;5859472.5;-4270.51709
401356.4063;5859533.5;-4187.842285
401416.6875;5859533.5;-4187.957031
401477;5859533.5;-4188.079102
401537.3125;5859533.5;-4188.212402
401597.5938;5859533.5;-4188.358887
401657.9063;5859533.5;-4188.524414
401718.2188;5859533.5;-4188.708984
401778.5;5859533.5;-4188.912598
401838.8125;5859533.5;-4189.14209
401899.0938;5859533.5;-4189.398438
401959.4063;5859533.5;-4189.679688
402019.7188;5859533.5;-4189.998047
402080;5859533.5;-4190.361816
402140.3125;5859533.5;-4190.76709
402200.625;5859533.5;-4191.217285
402260.9063;5859533.5;-4191.727539
402321.2188;5859533.5;-4192.30957
402381.5;5859533.5;-4192.950195
402441.8125;5859533.5;-4193.640625
402502.125;5859533.5;-4194.382324
402562.4063;5859533.5;-4195.175781
402622.7188;5859533.5;-4196.009766
402683.0313;5859533.5;-4196.871094
402743.3125;5859533.5;-4197.751953
402803.625;5859533.5;-4198.640137
402863.9063;5859533.5;-4199.524414
402924.2188;5859533.5;-4200.398438
402984.5313;5859533.5;-4201.249512
403044.8125;5859533.5;-4202.066895
403105.125;5859533.5;-4202.849121
403165.4375;5859533.5;-4203.589844
403225.7188;5859533.5;-4204.271973
403286.0313;5859533.5;-4204.879395
403346.3125;5859533.5;-4205.413086
403406.625;5859533.5;-4205.874023
403466.9375;5859533.5;-4206.258301
403527.2188;5859533.5;-4206.557129
403587.5313;5859533.5;-4206.788574
403647.8438;5859533.5;-4206.97168
403708.125;5859533.5;-4207.11377
403768.4375;5859533.5;-4207.229492
403828.7188;5859533.5;-4207.342285
403889.0313;5859533.5;-4207.461426
403949.3438;5859533.5;-4207.601074
404009.625;5859533.5;-4207.779297
404069.9375;5859533.5;-4208.000488
404130.25;5859533.5;-4208.267578
404190.5313;5859533.5;-4208.604492
404250.8438;5859533.5;-4209.02832
404311.125;5859533.5;-4209.536621
404371.4375;5859533.5;-4210.125
404431.75;5859533.5;-4210.797852
404492.0313;5859533.5;-4211.552734
404552.3438;5859533.5;-4212.378906
404612.625;5859533.5;-4213.275879
404672.9375;5859533.5;-4214.24707
404733.25;5859533.5;-4215.286133
404793.5313;5859533.5;-4216.380371
404853.8438;5859533.5;-4217.528809
404914.1563;5859533.5;-4218.731934
404974.4375;5859533.5;-4219.983398
405034.75;5859533.5;-4221.269043
405095.0313;5859533.5;-4222.584961
405155.3438;5859533.5;-4223.933594
405215.6563;5859533.5;-4229.958008
405275.9375;5859533.5;-4231.300781
405336.25;5859533.5;-4232.640625
405396.5625;5859533.5;-4233.998047
405456.8438;5859533.5;-4235.367188
405517.1563;5859533.5;-4236.729004
405577.4375;5859533.5;-4238.097168
405637.75;5859533.5;-4239.470703
405698.0625;5859533.5;-4240.834961
405758.3438;5859533.5;-4242.197754
405818.6563;5859533.5;-4243.557617
405878.9688;5859533.5;-4242.089355
405939.25;5859533.5;-4243.39209
405999.5625;5859533.5;-4244.686523
406059.8438;5859533.5;-4245.975586
406120.1563;5859533.5;-4247.253906
406180.4688;5859533.5;-4248.519531
406240.75;5859533.5;-4249.779297
406301.0625;5859533.5;-4251.032227
406361.375;5859533.5;-4252.275879
406421.6563;5859533.5;-4253.517578
406481.9688;5859533.5;-4254.759766
406542.25;5859533.5;-4256.000488
406602.5625;5859533.5;-4257.248535
406662.875;5859533.5;-4258.508301
406723.1563;5859533.5;-4259.771484
406783.4688;5859533.5;-4261.040527
406843.7813;5859533.5;-4262.317871
406904.0625;5859533.5;-4263.590332
406964.375;5859533.5;-4264.85498
407024.6563;5859533.5;-4266.109863
407084.9688;5859533.5;-4267.334961
407145.2813;5859533.5;-4268.515625
407205.5625;5859533.5;-4269.646973
407265.875;5859533.5;-4270.708496
407326.1875;5859533.5;-4271.674805
407386.4688;5859533.5;-4272.544434
407446.7813;5859533.5;-4273.310547
407507.0625;5859533.5;-4273.948242
407567.375;5859533.5;-4274.42627
407627.6875;5859533.5;-4274.744141
407687.9688;5859533.5;-4274.919922
407748.2813;5859533.5;-4274.9375
407808.5938;5859533.5;-4274.75293
407868.875;5859533.5;-4274.374512
407929.1875;5859533.5;-4273.833496
407989.4688;5859533.5;-4273.129883
408049.7813;5859533.5;-4272.21875
408110.0938;5859533.5;-4271.061523
408170.375;5859533.5;-4269.891602
408230.6875;5859533.5;-4268.897949
408291;5859533.5;-4268.007324
408351.2813;5859533.5;-4267.160645
408411.5938;5859533.5;-4266.333496
408471.875;5859533.5;-4265.539063
408532.1875;5859533.5;-4264.795898
408592.5;5859533.5;-4264.098145
408652.7813;5859533.5;-4263.438477
408713.0938;5859533.5;-4262.817383
408773.4063;5859533.5;-4262.23584
408833.6875;5859533.5;-4261.690918
408894;5859533.5;-4261.180664
408954.2813;5859533.5;-4260.700195
409014.5938;5859533.5;-4260.256836
409074.9063;5859533.5;-4259.85498
409135.1875;5859533.5;-4271.027344
409195.5;5859533.5;-4270.782227
409255.8125;5859533.5;-4270.566895
409316.0938;5859533.5;-4270.376465
409376.4063;5859533.5;-4270.20752
401356.4063;5859594;-4187.828125
401416.6875;5859594;-4187.941895
401477;5859594;-4188.063965
401537.3125;5859594;-4188.197754
401597.5938;5859594;-4188.344727
401657.9063;5859594;-4188.509766
401718.2188;5859594;-4188.694336
401778.5;5859594;-4188.897949
401838.8125;5859594;-4189.127441
401899.0938;5859594;-4189.381836
401959.4063;5859594;-4189.663086
402019.7188;5859594;-4189.980957
402080;5859594;-4190.34668
402140.3125;5859594;-4190.755859
402200.625;5859594;-4191.214355
402260.9063;5859594;-4191.739258
402321.2188;5859594;-4192.344238
402381.5;5859594;-4193.015625
402441.8125;5859594;-4193.742676
402502.125;5859594;-4194.525879
402562.4063;5859594;-4195.366211
402622.7188;5859594;-4196.246582
402683.0313;5859594;-4197.153809
402743.3125;5859594;-4198.077637
402803.625;5859594;-4199.004395
402863.9063;5859594;-4199.924805
402924.2188;5859594;-4200.82959
402984.5313;5859594;-4201.708008
403044.8125;5859594;-4202.549316
403105.125;5859594;-4203.352051
403165.4375;5859594;-4204.108887
403225.7188;5859594;-4204.799316
403286.0313;5859594;-4205.405762
403346.3125;5859594;-4205.926758
403406.625;5859594;-4206.365234
403466.9375;5859594;-4206.713379
403527.2188;5859594;-4206.964844
403587.5313;5859594;-4207.138184
403647.8438;5859594;-4207.257813
403708.125;5859594;-4207.332031
403768.4375;5859594;-4207.37793
403828.7188;5859594;-4207.421387
403889.0313;5859594;-4207.473633
403949.3438;5859594;-4207.548828
404009.625;5859594;-4207.668945
404069.9375;5859594;-4207.837402
404130.25;5859594;-4208.056152
404190.5313;5859594;-4208.351074
404250.8438;5859594;-4208.742188
404311.125;5859594;-4209.225098
404371.4375;5859594;-4209.794922
404431.75;5859594;-4210.455566
404492.0313;5859594;-4211.203613
404552.3438;5859594;-4212.027832
404612.625;5859594;-4212.925781
404672.9375;5859594;-4213.902832
404733.25;5859594;-4214.950684
404793.5313;5859594;-4216.055176
404853.8438;5859594;-4217.214355
404914.1563;5859594;-4218.429688
404974.4375;5859594;-4219.691895
405034.75;5859594;-4220.98877
405095.0313;5859594;-4222.314453
405155.3438;5859594;-4223.671387
405215.6563;5859594;-4229.665527
405275.9375;5859594;-4231.011719
405336.25;5859594;-4232.353516
405396.5625;5859594;-4233.709961
405456.8438;5859594;-4235.077148
405517.1563;5859594;-4236.436035
405577.4375;5859594;-4237.799316
405637.75;5859594;-4239.165039
405698.0625;5859594;-4240.521973
405758.3438;5859594;-4241.874512
405818.6563;5859594;-4240.291504
405878.9688;5859594;-4241.589844
405939.25;5859594;-4242.878906
405999.5625;5859594;-4244.158691
406059.8438;5859594;-4245.433594
406120.1563;5859594;-4246.69873
406180.4688;5859594;-4247.952148
406240.75;5859594;-4249.200195
406301.0625;5859594;-4250.443359
406361.375;5859594;-4251.679199
406421.6563;5859594;-4252.915527
406481.9688;5859594;-4254.15625
406542.25;5859594;-4255.399414
406602.5625;5859594;-4256.652832
406662.875;5859594;-4257.922852
406723.1563;5859594;-4259.199707
406783.4688;5859594;-4260.48877
406843.7813;5859594;-4261.791016
406904.0625;5859594;-4263.095703
406964.375;5859594;-4264.398926
407024.6563;5859594;-4265.69873
407084.9688;5859594;-4266.974121
407145.2813;5859594;-4268.215332
407205.5625;5859594;-4269.415527
407265.875;5859594;-4270.552734
407326.1875;5859594;-4271.603516
407386.4688;5859594;-4272.563477
407446.7813;5859594;-4273.42041
407507.0625;5859594;-4274.145996
407567.375;5859594;-4274.700684
407627.6875;5859594;-4275.081543
407687.9688;5859594;-4275.308594
407748.2813;5859594;-4275.369629
407808.5938;5859594;-4275.229004
407868.875;5859594;-4274.904297
407929.1875;5859594;-4274.438477
407989.4688;5859594;-4273.852539
408049.7813;5859594;-4273.102539
408110.0938;5859594;-4272.039063
408170.375;5859594;-4270.782227
408230.6875;5859594;-4269.585938
408291;5859594;-4268.495605
408351.2813;5859594;-4267.487793
408411.5938;5859594;-4266.539551
408471.875;5859594;-4265.652344
408532.1875;5859594;-4264.838867
408592.5;5859594;-4264.083008
408652.7813;5859594;-4263.372559
408713.0938;5859594;-4262.70752
408773.4063;5859594;-4262.089355
408833.6875;5859594;-4261.512695
408894;5859594;-4260.975098
408954.2813;5859594;-4260.473145
409014.5938;5859594;-4260.01123
409074.9063;5859594;-4259.592285
409135.1875;5859594;-4270.745117
409195.5;5859594;-4270.483398
409255.8125;5859594;-4270.253906
409316.0938;5859594;-4270.052246
409376.4063;5859594;-4269.874512
401356.4063;5859654.5;-4187.812988
401416.6875;5859654.5;-4187.925293
401477;5859654.5;-4188.045898
401537.3125;5859654.5;-4188.178223
401597.5938;5859654.5;-4188.324707
401657.9063;5859654.5;-4188.48877
401718.2188;5859654.5;-4188.671875
401778.5;5859654.5;-4188.873535
401838.8125;5859654.5;-4189.101074
401899.0938;5859654.5;-4189.352539
401959.4063;5859654.5;-4189.629883
402019.7188;5859654.5;-4189.943848
402080;5859654.5;-4190.306641
402140.3125;5859654.5;-4190.716797
402200.625;5859654.5;-4191.180176
402260.9063;5859654.5;-4191.718262
402321.2188;5859654.5;-4192.34668
402381.5;5859654.5;-4193.053711
402441.8125;5859654.5;-4193.82373
402502.125;5859654.5;-4194.657715
402562.4063;5859654.5;-4195.553711
402622.7188;5859654.5;-4196.490723
402683.0313;5859654.5;-4197.453125
402743.3125;5859654.5;-4198.42627
402803.625;5859654.5;-4199.396973
402863.9063;5859654.5;-4200.35498
402924.2188;5859654.5;-4201.294922
402984.5313;5859654.5;-4202.204102
403044.8125;5859654.5;-4203.07373
403105.125;5859654.5;-4203.90332
403165.4375;5859654.5;-4204.682129
403225.7188;5859654.5;-4205.388184
403286.0313;5859654.5;-4205.99707
403346.3125;5859654.5;-4206.508301
403406.625;5859654.5;-4206.921387
403466.9375;5859654.5;-4207.229004
403527.2188;5859654.5;-4207.42334
403587.5313;5859654.5;-4207.529297
403647.8438;5859654.5;-4207.57373
403708.125;5859654.5;-4207.566406
403768.4375;5859654.5;-4207.527832
403828.7188;5859654.5;-4207.488281
403889.0313;5859654.5;-4207.459473
403949.3438;5859654.5;-4207.458984
404009.625;5859654.5;-4207.511719
404069.9375;5859654.5;-4207.617188
404130.25;5859654.5;-4207.780273
404190.5313;5859654.5;-4208.028809
404250.8438;5859654.5;-4208.382324
404311.125;5859654.5;-4208.836426
404371.4375;5859654.5;-4209.386719
404431.75;5859654.5;-4210.035156
404492.0313;5859654.5;-4210.77832
404552.3438;5859654.5;-4211.603516
404612.625;5859654.5;-4212.506348
404672.9375;5859654.5;-4213.492188
404733.25;5859654.5;-4214.552734
404793.5313;5859654.5;-4215.671875
404853.8438;5859654.5;-4216.847168
404914.1563;5859654.5;-4218.078613
404974.4375;5859654.5;-4219.356934
405034.75;5859654.5;-4220.668457
405095.0313;5859654.5;-4222.008301
405155.3438;5859654.5;-4228.013672
405215.6563;5859654.5;-4229.34668
405275.9375;5859654.5;-4230.698242
405336.25;5859654.5;-4232.043457
405396.5625;5859654.5;-4233.401855
405456.8438;5859654.5;-4234.767578
405517.1563;5859654.5;-4236.124512
405577.4375;5859654.5;-4237.483887
405637.75;5859654.5;-4238.84375
405698.0625;5859654.5;-4240.192383
405758.3438;5859654.5;-4241.537109
405818.6563;5859654.5;-4239.743652
405878.9688;5859654.5;-4241.028809
405939.25;5859654.5;-4242.303711
405999.5625;5859654.5;-4243.568359
406059.8438;5859654.5;-4244.828613
406120.1563;5859654.5;-4246.080078
406180.4688;5859654.5;-4247.319336
406240.75;5859654.5;-4248.554688
406301.0625;5859654.5;-4249.786621
406361.375;5859654.5;-4251.013672
406421.6563;5859654.5;-4252.244141
406481.9688;5859654.5;-4253.48291
406542.25;5859654.5;-4254.726563
406602.5625;5859654.5;-4255.986328
406662.875;5859654.5;-4257.267578
406723.1563;5859654.5;-4258.561035
406783.4688;5859654.5;-4259.870117
406843.7813;5859654.5;-4261.201172
406904.0625;5859654.5;-4262.543457
406964.375;5859654.5;-4263.891113
407024.6563;5859654.5;-4265.242188
407084.9688;5859654.5;-4266.578125
407145.2813;5859654.5;-4267.889648
407205.5625;5859654.5;-4269.169922
407265.875;5859654.5;-4270.397949
407326.1875;5859654.5;-4271.550781
407386.4688;5859654.5;-4272.621582
407446.7813;5859654.5;-4273.59082
407507.0625;5859654.5;-4274.422363
407567.375;5859654.5;-4275.065918
407627.6875;5859654.5;-4275.51123
407687.9688;5859654.5;-4275.776855
407748.2813;5859654.5;-4275.855469
407808.5938;5859654.5;-4275.715332
407868.875;5859654.5;-4275.39209
407929.1875;5859654.5;-4274.937988
407989.4688;5859654.5;-4274.377441
408049.7813;5859654.5;-4273.666992
408110.0938;5859654.5;-4272.647949
408170.375;5859654.5;-4271.368652
408230.6875;5859654.5;-4270.062988
408291;5859654.5;-4268.841797
408351.2813;5859654.5;-4267.714844
408411.5938;5859654.5;-4266.66748
408471.875;5859654.5;-4265.702148
408532.1875;5859654.5;-4264.824219
408592.5;5859654.5;-4264.014648
408652.7813;5859654.5;-4263.257813
408713.0938;5859654.5;-4262.55127
408773.4063;5859654.5;-4261.898438
408833.6875;5859654.5;-4261.292969
408894;5859654.5;-4260.730469
408954.2813;5859654.5;-4260.206055
409014.5938;5859654.5;-4259.726563
409074.9063;5859654.5;-4270.732422
409135.1875;5859654.5;-4270.415527
409195.5;5859654.5;-4270.136719
409255.8125;5859654.5;-4269.893066
409316.0938;5859654.5;-4269.681152
409376.4063;5859654.5;-4269.495117
401356.4063;5859715;-4187.790527
401416.6875;5859715;-4187.901367
401477;5859715;-4188.020996
401537.3125;5859715;-4188.152344
401597.5938;5859715;-4188.297363
401657.9063;5859715;-4188.459961
401718.2188;5859715;-4188.640137
401778.5;5859715;-4188.837402
401838.8125;5859715;-4189.060547
401899.0938;5859715;-4189.305664
401959.4063;5859715;-4189.576172
402019.7188;5859715;-4189.882813
402080;5859715;-4190.238281
402140.3125;5859715;-4190.643555
402200.625;5859715;-4191.10791
402260.9063;5859715;-4191.65625
402321.2188;5859715;-4192.310059
402381.5;5859715;-4193.054199
402441.8125;5859715;-4193.875977
402502.125;5859715;-4194.77002
402562.4063;5859715;-4195.730469
402622.7188;5859715;-4196.733887
402683.0313;5859715;-4197.757324
402743.3125;5859715;-4198.786133
402803.625;5859715;-4199.801758
402863.9063;5859715;-4200.798828
402924.2188;5859715;-4201.773926
402984.5313;5859715;-4202.71582
403044.8125;5859715;-4203.618164
403105.125;5859715;-4204.480469
403165.4375;5859715;-4205.291016
403225.7188;5859715;-4206.020508
403286.0313;5859715;-4206.639648
403346.3125;5859715;-4207.143555
403406.625;5859715;-4207.53125
403466.9375;5859715;-4207.794434
403527.2188;5859715;-4207.924805
403587.5313;5859715;-4207.950684
403647.8438;5859715;-4207.90625
403708.125;5859715;-4207.802734
403768.4375;5859715;-4207.666992
403828.7188;5859715;-4207.530273
403889.0313;5859715;-4207.407715
403949.3438;5859715;-4207.321289
404009.625;5859715;-4207.29541
404069.9375;5859715;-4207.330566
404130.25;5859715;-4207.431641
404190.5313;5859715;-4207.62793
404250.8438;5859715;-4207.941895
404311.125;5859715;-4208.366699
404371.4375;5859715;-4208.895996
404431.75;5859715;-4209.533691
404492.0313;5859715;-4210.273926
404552.3438;5859715;-4211.101563
404612.625;5859715;-4212.012207
404672.9375;5859715;-4213.010742
404733.25;5859715;-4214.087891
404793.5313;5859715;-4215.226074
404853.8438;5859715;-4216.421387
404914.1563;5859715;-4217.67334
404974.4375;5859715;-4218.97168
405034.75;5859715;-4220.302246
405095.0313;5859715;-4226.333984
405155.3438;5859715;-4227.649414
405215.6563;5859715;-4228.992188
405275.9375;5859715;-4230.350586
405336.25;5859715;-4231.70166
405396.5625;5859715;-4233.062012
405456.8438;5859715;-4234.428711
405517.1563;5859715;-4235.784668
405577.4375;5859715;-4237.141113
405637.75;5859715;-4238.495117
405698.0625;5859715;-4239.837402
405758.3438;5859715;-4237.887695
405818.6563;5859715;-4239.165039
405878.9688;5859715;-4240.436035
405939.25;5859715;-4241.696289
405999.5625;5859715;-4242.945313
406059.8438;5859715;-4244.190918
406120.1563;5859715;-4245.426758
406180.4688;5859715;-4246.651855
406240.75;5859715;-4247.874023
406301.0625;5859715;-4249.095215
406361.375;5859715;-4250.311523
406421.6563;5859715;-4251.535156
406481.9688;5859715;-4252.770508
406542.25;5859715;-4254.013672
406602.5625;5859715;-4255.279785
406662.875;5859715;-4256.57373
406723.1563;5859715;-4257.883789
406783.4688;5859715;-4259.215332
406843.7813;5859715;-4260.579102
406904.0625;5859715;-4261.961914
406964.375;5859715;-4263.35791
407024.6563;5859715;-4264.766113
407084.9688;5859715;-4266.168945
407145.2813;5859715;-4267.557617
407205.5625;5859715;-4268.928711
407265.875;5859715;-4270.260254
407326.1875;5859715;-4271.53418
407386.4688;5859715;-4272.736328
407446.7813;5859715;-4273.841797
407507.0625;5859715;-4274.803711
407567.375;5859715;-4275.551758
407627.6875;5859715;-4276.062988
407687.9688;5859715;-4276.354492
407748.2813;5859715;-4276.415527
407808.5938;5859715;-4276.223633
407868.875;5859715;-4275.834961
407929.1875;5859715;-4275.314453
407989.4688;5859715;-4274.673828
408049.7813;5859715;-4273.874023
408110.0938;5859715;-4272.835449
408170.375;5859715;-4271.590332
408230.6875;5859715;-4270.277832
408291;5859715;-4269.006348
408351.2813;5859715;-4267.814941
408411.5938;5859715;-4266.703613
408471.875;5859715;-4265.678711
408532.1875;5859715;-4264.748535
408592.5;5859715;-4263.891113
408652.7813;5859715;-4263.091309
408713.0938;5859715;-4262.347656
408773.4063;5859715;-4261.662109
408833.6875;5859715;-4261.029785
408894;5859715;-4260.443359
408954.2813;5859715;-4259.898926
409014.5938;5859715;-4270.753906
409074.9063;5859715;-4270.379395
409135.1875;5859715;-4270.043945
409195.5;5859715;-4269.749023
409255.8125;5859715;-4269.493652
409316.0938;5859715;-4269.270996
409376.4063;5859715;-4269.077637
401356.4063;5859775.5;-4187.763672
401416.6875;5859775.5;-4187.873047
401477;5859775.5;-4187.990723
401537.3125;5859775.5;-4188.120605
401597.5938;5859775.5;-4188.263184
401657.9063;5859775.5;-4188.422363
401718.2188;5859775.5;-4188.599609
401778.5;5859775.5;-4188.791992
401838.8125;5859775.5;-4189.006836
401899.0938;5859775.5;-4189.244141
401959.4063;5859775.5;-4189.503418
402019.7188;5859775.5;-4189.797852
402080;5859775.5;-4190.141113
402140.3125;5859775.5;-4190.536621
402200.625;5859775.5;-4190.995605
402260.9063;5859775.5;-4191.550781
402321.2188;5859775.5;-4192.22998
402381.5;5859775.5;-4193.01709
402441.8125;5859775.5;-4193.895508
402502.125;5859775.5;-4194.858887
402562.4063;5859775.5;-4195.894043
402622.7188;5859775.5;-4196.970703
402683.0313;5859775.5;-4198.061035
402743.3125;5859775.5;-4199.145996
402803.625;5859775.5;-4200.207031
402863.9063;5859775.5;-4201.240723
402924.2188;5859775.5;-4202.24707
402984.5313;5859775.5;-4203.220703
403044.8125;5859775.5;-4204.158691
403105.125;5859775.5;-4205.061035
403165.4375;5859775.5;-4205.912598
403225.7188;5859775.5;-4206.676758
403286.0313;5859775.5;-4207.313965
403346.3125;5859775.5;-4207.81543
403406.625;5859775.5;-4208.179199
403466.9375;5859775.5;-4208.39502
403527.2188;5859775.5;-4208.453125
403587.5313;5859775.5;-4208.388672
403647.8438;5859775.5;-4208.242188
403708.125;5859775.5;-4208.029785
403768.4375;5859775.5;-4207.78125
403828.7188;5859775.5;-4207.535156
403889.0313;5859775.5;-4207.308105
403949.3438;5859775.5;-4207.124512
404009.625;5859775.5;-4207.012695
404069.9375;5859775.5;-4206.971191
404130.25;5859775.5;-4207.005859
404190.5313;5859775.5;-4207.146484
404250.8438;5859775.5;-4207.418457
404311.125;5859775.5;-4207.813477
404371.4375;5859775.5;-4208.323242
404431.75;5859775.5;-4208.950195
404492.0313;5859775.5;-4209.689453
404552.3438;5859775.5;-4210.523438
404612.625;5859775.5;-4211.445313
404672.9375;5859775.5;-4212.460938
404733.25;5859775.5;-4213.559082
404793.5313;5859775.5;-4214.720703
404853.8438;5859775.5;-4215.939941
404914.1563;5859775.5;-4217.216797
404974.4375;5859775.5;-4218.539551
405034.75;5859775.5;-4219.893555
405095.0313;5859775.5;-4225.918457
405155.3438;5859775.5;-4227.249023
405215.6563;5859775.5;-4228.603027
405275.9375;5859775.5;-4229.970703
405336.25;5859775.5;-4231.329102
405396.5625;5859775.5;-4232.694336
405456.8438;5859775.5;-4234.062988
405517.1563;5859775.5;-4235.418945
405577.4375;5859775.5;-4236.771973
405637.75;5859775.5;-4238.121094
405698.0625;5859775.5;-4236.024902
405758.3438;5859775.5;-4237.297363
405818.6563;5859775.5;-4238.562012
405878.9688;5859775.5;-4239.818848
405939.25;5859775.5;-4241.063477
405999.5625;5859775.5;-4242.296387
406059.8438;5859775.5;-4243.526367
406120.1563;5859775.5;-4244.74707
406180.4688;5859775.5;-4245.957031
406240.75;5859775.5;-4247.165527
406301.0625;5859775.5;-4248.373535
406361.375;5859775.5;-4249.57959
406421.6563;5859775.5;-4250.796387
406481.9688;5859775.5;-4252.02832
406542.25;5859775.5;-4253.271484
406602.5625;5859775.5;-4254.543457
406662.875;5859775.5;-4255.848633
406723.1563;5859775.5;-4257.177246
406783.4688;5859775.5;-4258.533203
406843.7813;5859775.5;-4259.930664
406904.0625;5859775.5;-4261.356445
406964.375;5859775.5;-4262.803711
407024.6563;5859775.5;-4264.271484
407084.9688;5859775.5;-4265.744629
407145.2813;5859775.5;-4267.214844
407205.5625;5859775.5;-4268.683105
407265.875;5859775.5;-4270.129883
407326.1875;5859775.5;-4271.540039
407386.4688;5859775.5;-4272.896484
407446.7813;5859775.5;-4274.165039
407507.0625;5859775.5;-4275.283691
407567.375;5859775.5;-4276.158203
407627.6875;5859775.5;-4276.743652
407687.9688;5859775.5;-4277.049805
407748.2813;5859775.5;-4277.0625
407808.5938;5859775.5;-4276.766113
407868.875;5859775.5;-4276.253418
407929.1875;5859775.5;-4275.610352
407989.4688;5859775.5;-4274.851563
408049.7813;5859775.5;-4273.939941
408110.0938;5859775.5;-4272.851563
408170.375;5859775.5;-4271.616211
408230.6875;5859775.5;-4270.311035
408291;5859775.5;-4269.024414
408351.2813;5859775.5;-4267.80127
408411.5938;5859775.5;-4266.650391
408471.875;5859775.5;-4265.581543
408532.1875;5859775.5;-4264.607422
408592.5;5859775.5;-4263.708496
408652.7813;5859775.5;-4262.871094
408713.0938;5859775.5;-4262.092285
408773.4063;5859775.5;-4261.377441
408833.6875;5859775.5;-4260.721191
408894;5859775.5;-4260.112793
408954.2813;5859775.5;-4259.549316
409014.5938;5859775.5;-4270.381348
409074.9063;5859775.5;-4269.986328
409135.1875;5859775.5;-4269.632813
409195.5;5859775.5;-4269.32373
409255.8125;5859775.5;-4269.055664
409316.0938;5859775.5;-4268.822266
409376.4063;5859775.5;-4268.621094
401356.4063;5859836.5;-4187.733398
401416.6875;5859836.5;-4187.841309
401477;5859836.5;-4187.958008
401537.3125;5859836.5;-4188.085938
401597.5938;5859836.5;-4188.226074
401657.9063;5859836.5;-4188.381836
401718.2188;5859836.5;-4188.554688
401778.5;5859836.5;-4188.740723
401838.8125;5859836.5;-4188.946777
401899.0938;5859836.5;-4189.171387
401959.4063;5859836.5;-4189.416992
402019.7188;5859836.5;-4189.694336
402080;5859836.5;-4190.019043
402140.3125;5859836.5;-4190.396973
402200.625;5859836.5;-4190.844238
402260.9063;5859836.5;-4191.400391
402321.2188;5859836.5;-4192.103027
402381.5;5859836.5;-4192.936523
402441.8125;5859836.5;-4193.880371
402502.125;5859836.5;-4194.922852
402562.4063;5859836.5;-4196.04248
402622.7188;5859836.5;-4197.199219
402683.0313;5859836.5;-4198.360352
402743.3125;5859836.5;-4199.499512
402803.625;5859836.5;-4200.599121
402863.9063;5859836.5;-4201.660645
402924.2188;5859836.5;-4202.688477
402984.5313;5859836.5;-4203.687988
403044.8125;5859836.5;-4204.664063
403105.125;5859836.5;-4205.614746
403165.4375;5859836.5;-4206.519043
403225.7188;5859836.5;-4207.332031
403286.0313;5859836.5;-4208.000977
403346.3125;5859836.5;-4208.508301
403406.625;5859836.5;-4208.851074
403466.9375;5859836.5;-4209.01416
403527.2188;5859836.5;-4208.990234
403587.5313;5859836.5;-4208.823242
403647.8438;5859836.5;-4208.560547
403708.125;5859836.5;-4208.224121
403768.4375;5859836.5;-4207.848145
403828.7188;5859836.5;-4207.479004
403889.0313;5859836.5;-4207.134766
403949.3438;5859836.5;-4206.844238
404009.625;5859836.5;-4206.63916
404069.9375;5859836.5;-4206.51709
404130.25;5859836.5;-4206.482422
404190.5313;5859836.5;-4206.567383
404250.8438;5859836.5;-4206.79834
404311.125;5859836.5;-4207.164551
404371.4375;5859836.5;-4207.656738
404431.75;5859836.5;-4208.277344
404492.0313;5859836.5;-4209.019531
404552.3438;5859836.5;-4209.862793
404612.625;5859836.5;-4210.802246
404672.9375;5859836.5;-4211.840332
404733.25;5859836.5;-4212.965332
404793.5313;5859836.5;-4214.154297
404853.8438;5859836.5;-4215.404785
404914.1563;5859836.5;-4216.712891
404974.4375;5859836.5;-4218.064453
405034.75;5859836.5;-4224.14209
405095.0313;5859836.5;-4225.486328
405155.3438;5859836.5;-4226.833984
405215.6563;5859836.5;-4228.20166
405275.9375;5859836.5;-4229.580078
405336.25;5859836.5;-4230.946777
405396.5625;5859836.5;-4232.317871
405456.8438;5859836.5;-4233.688477
405517.1563;5859836.5;-4235.04541
405577.4375;5859836.5;-4236.396484
405637.75;5859836.5;-4234.12207
405698.0625;5859836.5;-4235.391113
405758.3438;5859836.5;-4236.650879
405818.6563;5859836.5;-4237.901367
405878.9688;5859836.5;-4239.143066
405939.25;5859836.5;-4240.37207
405999.5625;5859836.5;-4241.588867
406059.8438;5859836.5;-4242.801758
406120.1563;5859836.5;-4244.006348
406180.4688;5859836.5;-4245.200195
406240.75;5859836.5;-4246.394531
406301.0625;5859836.5;-4247.589844
406361.375;5859836.5;-4248.784668
406421.6563;5859836.5;-4249.992676
406481.9688;5859836.5;-4251.220215
406542.25;5859836.5;-4252.463867
406602.5625;5859836.5;-4253.741699
406662.875;5859836.5;-4255.060059
406723.1563;5859836.5;-4256.406738
406783.4688;5859836.5;-4257.789063
406843.7813;5859836.5;-4259.223145
406904.0625;5859836.5;-4260.693359
406964.375;5859836.5;-4262.192871
407024.6563;5859836.5;-4263.722168
407084.9688;5859836.5;-4265.265137
407145.2813;5859836.5;-4266.816895
407205.5625;5859836.5;-4268.384277
407265.875;5859836.5;-4269.952148
407326.1875;5859836.5;-4271.512695
407386.4688;5859836.5;-4273.047852
407446.7813;5859836.5;-4274.512207
407507.0625;5859836.5;-4275.827148
407567.375;5859836.5;-4276.865723
407627.6875;5859836.5;-4277.548828
407687.9688;5859836.5;-4277.868652
407748.2813;5859836.5;-4277.803711
407808.5938;5859836.5;-4277.352051
407868.875;5859836.5;-4276.65918
407929.1875;5859836.5;-4275.850586
407989.4688;5859836.5;-4274.950195
408049.7813;5859836.5;-4273.928223
408110.0938;5859836.5;-4272.775879
408170.375;5859836.5;-4271.520508
408230.6875;5859836.5;-4270.212891
408291;5859836.5;-4268.92041
408351.2813;5859836.5;-4267.679688
408411.5938;5859836.5;-4266.500488
408471.875;5859836.5;-4265.398438
408532.1875;5859836.5;-4264.388672
408592.5;5859836.5;-4263.456055
408652.7813;5859836.5;-4262.585938
408713.0938;5859836.5;-4261.77832
408773.4063;5859836.5;-4261.039063
408833.6875;5859836.5;-4260.36084
408894;5859836.5;-4259.734375
408954.2813;5859836.5;-4270.412598
409014.5938;5859836.5;-4269.953613
409074.9063;5859836.5;-4269.539551
409135.1875;5859836.5;-4269.169434
409195.5;5859836.5;-4268.845703
409255.8125;5859836.5;-4268.564453
409316.0938;5859836.5;-4268.320801
409376.4063;5859836.5;-4268.11084
401356.4063;5859897;-4187.698242
401416.6875;5859897;-4187.804199
401477;5859897;-4187.919434
401537.3125;5859897;-4188.045898
401597.5938;5859897;-4188.183594
401657.9063;5859897;-4188.335938
401718.2188;5859897;-4188.503418
401778.5;5859897;-4188.682129
401838.8125;5859897;-4188.87793
401899.0938;5859897;-4189.089355
401959.4063;5859897;-4189.316406
402019.7188;5859897;-4189.572266
402080;5859897;-4189.87207
402140.3125;5859897;-4190.223633
402200.625;5859897;-4190.649902
402260.9063;5859897;-4191.198242
402321.2188;5859897;-4191.918457
402381.5;5859897;-4192.800293
402441.8125;5859897;-4193.819336
402502.125;5859897;-4194.957031
402562.4063;5859897;-4196.172852
402622.7188;5859897;-4197.414063
402683.0313;5859897;-4198.643555
402743.3125;5859897;-4199.830566
402803.625;5859897;-4200.954102
402863.9063;5859897;-4202.023926
402924.2188;5859897;-4203.056152
402984.5313;5859897;-4204.069824
403044.8125;5859897;-4205.083008
403105.125;5859897;-4206.09082
403165.4375;5859897;-4207.067383
403225.7188;5859897;-4207.951172
403286.0313;5859897;-4208.669922
403346.3125;5859897;-4209.196777
403406.625;5859897;-4209.520996
403466.9375;5859897;-4209.629395
403527.2188;5859897;-4209.51416
403587.5313;5859897;-4209.231445
403647.8438;5859897;-4208.836426
403708.125;5859897;-4208.358398
403768.4375;5859897;-4207.840332
403828.7188;5859897;-4207.331543
403889.0313;5859897;-4206.856934
403949.3438;5859897;-4206.449219
404009.625;5859897;-4206.144531
404069.9375;5859897;-4205.937988
404130.25;5859897;-4205.833008
404190.5313;5859897;-4205.864746
404250.8438;5859897;-4206.059082
404311.125;5859897;-4206.402344
404371.4375;5859897;-4206.882813
404431.75;5859897;-4207.502441
404492.0313;5859897;-4208.25293
404552.3438;5859897;-4209.112793
404612.625;5859897;-4210.074707
404672.9375;5859897;-4211.141113
404733.25;5859897;-4212.29834
404793.5313;5859897;-4213.522949
404853.8438;5859897;-4214.808105
404914.1563;5859897;-4216.152832
404974.4375;5859897;-4217.539551
405034.75;5859897;-4223.649414
405095.0313;5859897;-4225.017578
405155.3438;5859897;-4226.38623
405215.6563;5859897;-4227.771484
405275.9375;5859897;-4229.162598
405336.25;5859897;-4230.540039
405396.5625;5859897;-4231.916992
405456.8438;5859897;-4233.291016
405517.1563;5859897;-4234.648926
405577.4375;5859897;-4235.999023
405637.75;5859897;-4233.46582
405698.0625;5859897;-4234.723633
405758.3438;5859897;-4235.970215
405818.6563;5859897;-4237.207031
405878.9688;5859897;-4238.434082
405939.25;5859897;-4239.646973
405999.5625;5859897;-4240.846191
406059.8438;5859897;-4242.043457
406120.1563;5859897;-4243.231445
406180.4688;5859897;-4244.408691
406240.75;5859897;-4245.588379
406301.0625;5859897;-4246.769531
406361.375;5859897;-4247.952148
406421.6563;5859897;-4249.151855
406481.9688;5859897;-4250.374512
406542.25;5859897;-4251.617676
406602.5625;5859897;-4252.902832
406662.875;5859897;-4254.235352
406723.1563;5859897;-4255.602539
406783.4688;5859897;-4257.012695
406843.7813;5859897;-4258.483398
406904.0625;5859897;-4259.997559
406964.375;5859897;-4261.547852
407024.6563;5859897;-4263.132324
407084.9688;5859897;-4264.736328
407145.2813;5859897;-4266.359863
407205.5625;5859897;-4268.015137
407265.875;5859897;-4269.697266
407326.1875;5859897;-4271.411621
407386.4688;5859897;-4273.145508
407446.7813;5859897;-4274.841797
407507.0625;5859897;-4276.40332
407567.375;5859897;-4277.663086
407627.6875;5859897;-4278.491211
407687.9688;5859897;-4278.843262
407748.2813;5859897;-4278.682129
407808.5938;5859897;-4278.021973
407868.875;5859897;-4277.096191
407929.1875;5859897;-4276.083496
407989.4688;5859897;-4275.018066
408049.7813;5859897;-4273.874023
408110.0938;5859897;-4272.644531
408170.375;5859897;-4271.348633
408230.6875;5859897;-4270.021484
408291;5859897;-4268.715332
408351.2813;5859897;-4267.456055
408411.5938;5859897;-4266.251953
408471.875;5859897;-4265.121094
408532.1875;5859897;-4264.082031
408592.5;5859897;-4263.121094
408652.7813;5859897;-4262.225098
408713.0938;5859897;-4261.39502
408773.4063;5859897;-4260.635742
408833.6875;5859897;-4259.94043
408894;5859897;-4270.479004
408954.2813;5859897;-4269.947754
409014.5938;5859897;-4269.469727
409074.9063;5859897;-4269.039063
409135.1875;5859897;-4268.652832
409195.5;5859897;-4268.314453
409255.8125;5859897;-4268.022461
409316.0938;5859897;-4267.769043
409376.4063;5859897;-4267.55127
401356.4063;5859957.5;-4187.656738
401416.6875;5859957.5;-4187.762207
401477;5859957.5;-4187.875977
401537.3125;5859957.5;-4188
401597.5938;5859957.5;-4188.135742
401657.9063;5859957.5;-4188.285645
401718.2188;5859957.5;-4188.447754
401778.5;5859957.5;-4188.618652
401838.8125;5859957.5;-4188.803711
401899.0938;5859957.5;-4189.000977
401959.4063;5859957.5;-4189.209473
402019.7188;5859957.5;-4189.44043
402080;5859957.5;-4189.710938
402140.3125;5859957.5;-4190.030273
402200.625;5859957.5;-4190.42627
402260.9063;5859957.5;-4190.956055
402321.2188;5859957.5;-4191.684082
402381.5;5859957.5;-4192.613281
402441.8125;5859957.5;-4193.719727
402502.125;5859957.5;-4194.967773
402562.4063;5859957.5;-4196.290527
402622.7188;5859957.5;-4197.620605
402683.0313;5859957.5;-4198.913574
402743.3125;5859957.5;-4200.132324
402803.625;5859957.5;-4201.257324
402863.9063;5859957.5;-4202.311035
402924.2188;5859957.5;-4203.322266
402984.5313;5859957.5;-4204.331543
403044.8125;5859957.5;-4205.376953
403105.125;5859957.5;-4206.454102
403165.4375;5859957.5;-4207.523438
403225.7188;5859957.5;-4208.504883
403286.0313;5859957.5;-4209.29541
403346.3125;5859957.5;-4209.854492
403406.625;5859957.5;-4210.168457
403466.9375;5859957.5;-4210.216797
403527.2188;5859957.5;-4210.000977
403587.5313;5859957.5;-4209.588867
403647.8438;5859957.5;-4209.049316
403708.125;5859957.5;-4208.416016
403768.4375;5859957.5;-4207.739746
403828.7188;5859957.5;-4207.078125
403889.0313;5859957.5;-4206.458496
403949.3438;5859957.5;-4205.92334
404009.625;5859957.5;-4205.512695
404069.9375;5859957.5;-4205.220215
404130.25;5859957.5;-4205.045898
404190.5313;5859957.5;-4205.029785
404250.8438;5859957.5;-4205.195313
404311.125;5859957.5;-4205.524414
404371.4375;5859957.5;-4206.002441
404431.75;5859957.5;-4206.629395
404492.0313;5859957.5;-4207.396484
404552.3438;5859957.5;-4208.279297
404612.625;5859957.5;-4209.27002
404672.9375;5859957.5;-4210.371094
404733.25;5859957.5;-4211.567383
404793.5313;5859957.5;-4212.832031
404853.8438;5859957.5;-4214.159668
404914.1563;5859957.5;-4215.54541
404974.4375;5859957.5;-4221.73584
405034.75;5859957.5;-4223.117188
405095.0313;5859957.5;-4224.513184
405155.3438;5859957.5;-4225.90625
405215.6563;5859957.5;-4227.311523
405275.9375;5859957.5;-4228.717773
405336.25;5859957.5;-4230.107422
405396.5625;5859957.5;-4231.492676
405456.8438;5859957.5;-4232.870117
405517.1563;5859957.5;-4234.230957
405577.4375;5859957.5;-4231.525879
405637.75;5859957.5;-4232.787109
405698.0625;5859957.5;-4234.03418
405758.3438;5859957.5;-4235.268066
405818.6563;5859957.5;-4236.490234
405878.9688;5859957.5;-4237.703125
405939.25;5859957.5;-4238.899902
405999.5625;5859957.5;-4240.082031
406059.8438;5859957.5;-4241.262207
406120.1563;5859957.5;-4242.434082
406180.4688;5859957.5;-4243.595215
406240.75;5859957.5;-4244.758789
406301.0625;5859957.5;-4245.926758
406361.375;5859957.5;-4247.097656
406421.6563;5859957.5;-4248.289063
406481.9688;5859957.5;-4249.505859
406542.25;5859957.5;-4250.749512
406602.5625;5859957.5;-4252.042969
406662.875;5859957.5;-4253.391602
406723.1563;5859957.5;-4254.780273
406783.4688;5859957.5;-4256.219727
406843.7813;5859957.5;-4257.727051
406904.0625;5859957.5;-4259.281738
406964.375;5859957.5;-4260.873535
407024.6563;5859957.5;-4262.500488
407084.9688;5859957.5;-4264.144043
407145.2813;5859957.5;-4265.811035
407205.5625;5859957.5;-4267.523926
407265.875;5859957.5;-4269.292969
407326.1875;5859957.5;-4271.14502
407386.4688;5859957.5;-4273.075684
407446.7813;5859957.5;-4275.025879
407507.0625;5859957.5;-4276.879883
407567.375;5859957.5;-4278.431152
407627.6875;5859957.5;-4279.480957
407687.9688;5859957.5;-4279.919434
407748.2813;5859957.5;-4279.664551
407808.5938;5859957.5;-4278.750977
407868.875;5859957.5;-4277.543457
407929.1875;5859957.5;-4276.296875
407989.4688;5859957.5;-4275.045898
408049.7813;5859957.5;-4273.77002
408110.0938;5859957.5;-4272.452637
408170.375;5859957.5;-4271.102539
408230.6875;5859957.5;-4269.743164
408291;5859957.5;-4268.415039
408351.2813;5859957.5;-4267.134277
408411.5938;5859957.5;-4265.90625
408471.875;5859957.5;-4264.751465
408532.1875;5859957.5;-4263.688477
408592.5;5859957.5;-4262.705566
408652.7813;5859957.5;-4261.789551
408713.0938;5859957.5;-4260.941406
408773.4063;5859957.5;-4260.166992
408833.6875;5859957.5;-4259.458008
408894;5859957.5;-4269.977539
408954.2813;5859957.5;-4269.427246
409014.5938;5859957.5;-4268.932129
409074.9063;5859957.5;-4268.485352
409135.1875;5859957.5;-4268.085938
409195.5;5859957.5;-4267.735352
409255.8125;5859957.5;-4267.432129
409316.0938;5859957.5;-4267.169434
409376.4063;5859957.5;-4266.943848
401356.4063;5860018;-4187.612793
401416.6875;5860018;-4187.716797
401477;5860018;-4187.82959
401537.3125;5860018;-4187.952637
401597.5938;5860018;-4188.086426
401657.9063;5860018;-4188.233398
401718.2188;5860018;-4188.391602
401778.5;5860018;-4188.556152
401838.8125;5860018;-4188.731445
401899.0938;5860018;-4188.915039
401959.4063;5860018;-4189.107422
402019.7188;5860018;-4189.314941
402080;5860018;-4189.555664
402140.3125;5860018;-4189.841309
402200.625;5860018;-4190.20166
402260.9063;5860018;-4190.702148
402321.2188;5860018;-4191.423828
402381.5;5860018;-4192.399902
402441.8125;5860018;-4193.606934
402502.125;5860018;-4194.976563
402562.4063;5860018;-4196.412598
402622.7188;5860018;-4197.830078
402683.0313;5860018;-4199.17627
402743.3125;5860018;-4200.410156
402803.625;5860018;-4201.511719
402863.9063;5860018;-4202.515137
402924.2188;5860018;-4203.472656
402984.5313;5860018;-4204.45459
403044.8125;5860018;-4205.52832
403105.125;5860018;-4206.685547
403165.4375;5860018;-4207.871094
403225.7188;5860018;-4208.978027
403286.0313;5860018;-4209.864258
403346.3125;5860018;-4210.46875
403406.625;5860018;-4210.772461
403466.9375;5860018;-4210.756348
403527.2188;5860018;-4210.430176
403587.5313;5860018;-4209.878906
403647.8438;5860018;-4209.183594
403708.125;5860018;-4208.383789
403768.4375;5860018;-4207.537598
403828.7188;5860018;-4206.708496
403889.0313;5860018;-4205.930176
403949.3438;5860018;-4205.252441
404009.625;5860018;-4204.727051
404069.9375;5860018;-4204.346191
404130.25;5860018;-4204.106445
404190.5313;5860018;-4204.050293
404250.8438;5860018;-4204.197754
404311.125;5860018;-4204.525391
404371.4375;5860018;-4205.01416
404431.75;5860018;-4205.661621
404492.0313;5860018;-4206.455566
404552.3438;5860018;-4207.370605
404612.625;5860018;-4208.398926
404672.9375;5860018;-4209.541504
404733.25;5860018;-4210.783203
404793.5313;5860018;-4212.094238
404853.8438;5860018;-4213.469238
404914.1563;5860018;-4214.901367
404974.4375;5860018;-4221.173828
405034.75;5860018;-4222.587402
405095.0313;5860018;-4224.01416
405155.3438;5860018;-4225.432617
405215.6563;5860018;-4226.856934
405275.9375;5860018;-4228.279297
405336.25;5860018;-4229.681152
405396.5625;5860018;-4231.07373
405456.8438;5860018;-4232.455078
405517.1563;5860018;-4229.539551
405577.4375;5860018;-4230.810059
405637.75;5860018;-4232.062988
405698.0625;5860018;-4233.297852
405758.3438;5860018;-4234.52002
405818.6563;5860018;-4235.726074
405878.9688;5860018;-4236.922363
405939.25;5860018;-4238.102539
405999.5625;5860018;-4239.267578
406059.8438;5860018;-4240.431152
406120.1563;5860018;-4241.586426
406180.4688;5860018;-4242.730957
406240.75;5860018;-4243.879395
406301.0625;5860018;-4245.033203
406361.375;5860018;-4246.192383
406421.6563;5860018;-4247.374512
406481.9688;5860018;-4248.587402
406542.25;5860018;-4249.833008
406602.5625;5860018;-4251.135254
406662.875;5860018;-4252.5
406723.1563;5860018;-4253.911621
406783.4688;5860018;-4255.380859
406843.7813;5860018;-4256.921875
406904.0625;5860018;-4258.509766
406964.375;5860018;-4260.12793
407024.6563;5860018;-4261.772461
407084.9688;5860018;-4263.421387
407145.2813;5860018;-4265.087402
407205.5625;5860018;-4266.807129
407265.875;5860018;-4268.611328
407326.1875;5860018;-4270.554688
407386.4688;5860018;-4272.65625
407446.7813;5860018;-4274.854492
407507.0625;5860018;-4277.031738
407567.375;5860018;-4278.953125
407627.6875;5860018;-4280.333008
407687.9688;5860018;-4280.947266
407748.2813;5860018;-4280.631836
407808.5938;5860018;-4279.449707
407868.875;5860018;-4277.92041
407929.1875;5860018;-4276.402344
407989.4688;5860018;-4274.952637
408049.7813;5860018;-4273.543945
408110.0938;5860018;-4272.141602
408170.375;5860018;-4270.737305
408230.6875;5860018;-4269.34668
408291;5860018;-4267.99707
408351.2813;5860018;-4266.69873
408411.5938;5860018;-4265.45459
408471.875;5860018;-4264.282227
408532.1875;5860018;-4263.202637
408592.5;5860018;-4262.205078
408652.7813;5860018;-4261.277344
408713.0938;5860018;-4260.41748
408773.4063;5860018;-4259.633301
408833.6875;5860018;-4270.029785
408894;5860018;-4269.411621
408954.2813;5860018;-4268.845703
409014.5938;5860018;-4268.335938
409074.9063;5860018;-4267.875
409135.1875;5860018;-4267.461426
409195.5;5860018;-4267.099121
409255.8125;5860018;-4266.784668
409316.0938;5860018;-4266.513184
409376.4063;5860018;-4266.279785
401356.4063;5860078.5;-4187.561035
401416.6875;5860078.5;-4187.664551
401477;5860078.5;-4187.777344
401537.3125;5860078.5;-4187.899902
401597.5938;5860078.5;-4188.033691
401657.9063;5860078.5;-4188.178223
401718.2188;5860078.5;-4188.333984
401778.5;5860078.5;-4188.494629
401838.8125;5860078.5;-4188.664063
401899.0938;5860078.5;-4188.839844
401959.4063;5860078.5;-4189.018555
402019.7188;5860078.5;-4189.209961
402080;5860078.5;-4189.428223
402140.3125;5860078.5;-4189.689453
402200.625;5860078.5;-4190.021973
402260.9063;5860078.5;-4190.487305
402321.2188;5860078.5;-4191.18457
402381.5;5860078.5;-4192.208984
402441.8125;5860078.5;-4193.534668
402502.125;5860078.5;-4195.027344
402562.4063;5860078.5;-4196.565918
402622.7188;5860078.5;-4198.058105
402683.0313;5860078.5;-4199.445313
402743.3125;5860078.5;-4200.677734
402803.625;5860078.5;-4201.726074
402863.9063;5860078.5;-4202.643066
402924.2188;5860078.5;-4203.506836
402984.5313;5860078.5;-4204.431152
403044.8125;5860078.5;-4205.525879
403105.125;5860078.5;-4206.780762
403165.4375;5860078.5;-4208.114746
403225.7188;5860078.5;-4209.380859
403286.0313;5860078.5;-4210.384766
403346.3125;5860078.5;-4211.043945
403406.625;5860078.5;-4211.334473
403466.9375;5860078.5;-4211.243164
403527.2188;5860078.5;-4210.796387
403587.5313;5860078.5;-4210.097656
403647.8438;5860078.5;-4209.241699
403708.125;5860078.5;-4208.269531
403768.4375;5860078.5;-4207.240723
403828.7188;5860078.5;-4206.227539
403889.0313;5860078.5;-4205.268555
403949.3438;5860078.5;-4204.427734
404009.625;5860078.5;-4203.77002
404069.9375;5860078.5;-4203.289551
404130.25;5860078.5;-4202.983398
404190.5313;5860078.5;-4202.892578
404250.8438;5860078.5;-4203.037598
404311.125;5860078.5;-4203.381836
404371.4375;5860078.5;-4203.898438
404431.75;5860078.5;-4204.58252
404492.0313;5860078.5;-4205.418457
404552.3438;5860078.5;-4206.379395
404612.625;5860078.5;-4207.456055
404672.9375;5860078.5;-4208.650391
404733.25;5860078.5;-4209.943848
404793.5313;5860078.5;-4211.308105
404853.8438;5860078.5;-4212.73584
404914.1563;5860078.5;-4219.164551
404974.4375;5860078.5;-4220.591309
405034.75;5860078.5;-4222.040039
405095.0313;5860078.5;-4223.498535
405155.3438;5860078.5;-4224.944824
405215.6563;5860078.5;-4226.390137
405275.9375;5860078.5;-4227.828613
405336.25;5860078.5;-4229.244629
405396.5625;5860078.5;-4230.646484
405456.8438;5860078.5;-4232.030762
405517.1563;5860078.5;-4228.800781
405577.4375;5860078.5;-4230.065918
405637.75;5860078.5;-4231.309082
405698.0625;5860078.5;-4232.532227
405758.3438;5860078.5;-4233.740234
405818.6563;5860078.5;-4234.931152
405878.9688;5860078.5;-4236.11084
405939.25;5860078.5;-4237.274902
405999.5625;5860078.5;-4238.422363
406059.8438;5860078.5;-4239.569336
406120.1563;5860078.5;-4240.708008
406180.4688;5860078.5;-4241.836426
406240.75;5860078.5;-4242.969238
406301.0625;5860078.5;-4244.109863
406361.375;5860078.5;-4245.257324
406421.6563;5860078.5;-4246.431641
406481.9688;5860078.5;-4247.64209
406542.25;5860078.5;-4248.890137
406602.5625;5860078.5;-4250.202637
406662.875;5860078.5;-4251.587402
406723.1563;5860078.5;-4253.023438
406783.4688;5860078.5;-4254.521973
406843.7813;5860078.5;-4256.092285
406904.0625;5860078.5;-4257.697266
406964.375;5860078.5;-4259.317383
407024.6563;5860078.5;-4260.938965
407084.9688;5860078.5;-4262.535645
407145.2813;5860078.5;-4264.125488
407205.5625;5860078.5;-4265.766602
407265.875;5860078.5;-4267.513184
407326.1875;5860078.5;-4269.458008
407386.4688;5860078.5;-4271.650391
407446.7813;5860078.5;-4274.04248
407507.0625;5860078.5;-4276.532715
407567.375;5860078.5;-4278.883789
407627.6875;5860078.5;-4280.711914
407687.9688;5860078.5;-4281.609863
407748.2813;5860078.5;-4281.288574
407808.5938;5860078.5;-4279.858887
407868.875;5860078.5;-4278.01123
407929.1875;5860078.5;-4276.224609
407989.4688;5860078.5;-4274.600098
408049.7813;5860078.5;-4273.090332
408110.0938;5860078.5;-4271.630859
408170.375;5860078.5;-4270.194336
408230.6875;5860078.5;-4268.787598
408291;5860078.5;-4267.428223
408351.2813;5860078.5;-4266.123047
408411.5938;5860078.5;-4264.87207
408471.875;5860078.5;-4263.695313
408532.1875;5860078.5;-4262.610352
408592.5;5860078.5;-4261.60791
408652.7813;5860078.5;-4260.674805
408713.0938;5860078.5;-4259.811035
408773.4063;5860078.5;-4259.022949
408833.6875;5860078.5;-4269.406738
408894;5860078.5;-4268.775391
408954.2813;5860078.5;-4268.196777
409014.5938;5860078.5;-4267.674316
409074.9063;5860078.5;-4267.200684
409135.1875;5860078.5;-4266.776367
409195.5;5860078.5;-4266.402344
409255.8125;5860078.5;-4266.07959
409316.0938;5860078.5;-4265.799805
409376.4063;5860078.5;-4265.558594
401356.4063;5860139.5;-4187.501953
401416.6875;5860139.5;-4187.604492
401477;5860139.5;-4187.717285
401537.3125;5860139.5;-4187.84082
401597.5938;5860139.5;-4187.974609
401657.9063;5860139.5;-4188.119629
401718.2188;5860139.5;-4188.275879
401778.5;5860139.5;-4188.436523
401838.8125;5860139.5;-4188.60498
401899.0938;5860139.5;-4188.77832
401959.4063;5860139.5;-4188.956055
402019.7188;5860139.5;-4189.144043
402080;5860139.5;-4189.359863
402140.3125;5860139.5;-4189.618164
402200.625;5860139.5;-4189.945801
402260.9063;5860139.5;-4190.39209
402321.2188;5860139.5;-4191.070801
402381.5;5860139.5;-4192.146973
402441.8125;5860139.5;-4193.586426
402502.125;5860139.5;-4195.177734
402562.4063;5860139.5;-4196.787598
402622.7188;5860139.5;-4198.33252
402683.0313;5860139.5;-4199.752441
402743.3125;5860139.5;-4200.976563
402803.625;5860139.5;-4201.951172
402863.9063;5860139.5;-4202.73877
402924.2188;5860139.5;-4203.455566
402984.5313;5860139.5;-4204.280762
403044.8125;5860139.5;-4205.393066
403105.125;5860139.5;-4206.776855
403165.4375;5860139.5;-4208.30957
403225.7188;5860139.5;-4209.779785
403286.0313;5860139.5;-4210.920898
403346.3125;5860139.5;-4211.626953
403406.625;5860139.5;-4211.884277
403466.9375;5860139.5;-4211.695313
403527.2188;5860139.5;-4211.114746
403587.5313;5860139.5;-4210.269531
403647.8438;5860139.5;-4209.259766
403708.125;5860139.5;-4208.120117
403768.4375;5860139.5;-4206.904297
403828.7188;5860139.5;-4205.686523
403889.0313;5860139.5;-4204.516602
403949.3438;5860139.5;-4203.473633
404009.625;5860139.5;-4202.647949
404069.9375;5860139.5;-4202.041016
404130.25;5860139.5;-4201.654297
404190.5313;5860139.5;-4201.531738
404250.8438;5860139.5;-4201.687988
404311.125;5860139.5;-4202.068848
404371.4375;5860139.5;-4202.636719
404431.75;5860139.5;-4203.380859
404492.0313;5860139.5;-4204.27832
404552.3438;5860139.5;-4205.302734
404612.625;5860139.5;-4206.441406
404672.9375;5860139.5;-4207.69873
404733.25;5860139.5;-4209.055176
404793.5313;5860139.5;-4210.480469
404853.8438;5860139.5;-4212.546387
404914.1563;5860139.5;-4218.512695
404974.4375;5860139.5;-4219.980469
405034.75;5860139.5;-4221.468262
405095.0313;5860139.5;-4222.961426
405155.3438;5860139.5;-4224.436523
405215.6563;5860139.5;-4225.905273
405275.9375;5860139.5;-4227.360352
405336.25;5860139.5;-4228.790527
405396.5625;5860139.5;-4230.201172
405456.8438;5860139.5;-4226.761719
405517.1563;5860139.5;-4228.044922
405577.4375;5860139.5;-4229.304688
405637.75;5860139.5;-4230.537109
405698.0625;5860139.5;-4231.748047
405758.3438;5860139.5;-4232.940918
405818.6563;5860139.5;-4234.116699
405878.9688;5860139.5;-4235.280762
405939.25;5860139.5;-4236.427734
405999.5625;5860139.5;-4237.558594
406059.8438;5860139.5;-4238.689453
406120.1563;5860139.5;-4239.8125
406180.4688;5860139.5;-4240.925293
406240.75;5860139.5;-4242.044922
406301.0625;5860139.5;-4243.17334
406361.375;5860139.5;-4244.310059
406421.6563;5860139.5;-4245.479492
406481.9688;5860139.5;-4246.689453
406542.25;5860139.5;-4247.942383
406602.5625;5860139.5;-4249.268066
406662.875;5860139.5;-4250.674316
406723.1563;5860139.5;-4252.137207
406783.4688;5860139.5;-4253.663086
406843.7813;5860139.5;-4255.250977
406904.0625;5860139.5;-4256.850586
406964.375;5860139.5;-4258.431641
407024.6563;5860139.5;-4259.973145
407084.9688;5860139.5;-4261.436035
407145.2813;5860139.5;-4262.845703
407205.5625;5860139.5;-4264.28418
407265.875;5860139.5;-4265.833496
407326.1875;5860139.5;-4267.631348
407386.4688;5860139.5;-4269.763672
407446.7813;5860139.5;-4272.214355
407507.0625;5860139.5;-4274.91748
407567.375;5860139.5;-4277.671387
407627.6875;5860139.5;-4280.015625
407687.9688;5860139.5;-4281.264648
407748.2813;5860139.5;-4280.988281
407808.5938;5860139.5;-4279.42041
407868.875;5860139.5;-4277.392578
407929.1875;5860139.5;-4275.476563
407989.4688;5860139.5;-4273.791992
408049.7813;5860139.5;-4272.268555
408110.0938;5860139.5;-4270.817383
408170.375;5860139.5;-4269.398438
408230.6875;5860139.5;-4268.009766
408291;5860139.5;-4266.666504
408351.2813;5860139.5;-4265.375
408411.5938;5860139.5;-4264.137207
408471.875;5860139.5;-4262.969238
408532.1875;5860139.5;-4261.892578
408592.5;5860139.5;-4260.896484
408652.7813;5860139.5;-4259.969238
408713.0938;5860139.5;-4259.108887
408773.4063;5860139.5;-4269.39209
408833.6875;5860139.5;-4268.700684
408894;5860139.5;-4268.060547
408954.2813;5860139.5;-4267.473633
409014.5938;5860139.5;-4266.941895
409074.9063;5860139.5;-4266.459473
409135.1875;5860139.5;-4266.025391
409195.5;5860139.5;-4265.643555
409255.8125;5860139.5;-4265.3125
409316.0938;5860139.5;-4265.025879
409376.4063;5860139.5;-4264.779785
401356.4063;5860200;-4187.433594
401416.6875;5860200;-4187.536133
401477;5860200;-4187.649902
401537.3125;5860200;-4187.774902
401597.5938;5860200;-4187.910645
401657.9063;5860200;-4188.058594
401718.2188;5860200;-4188.216797
401778.5;5860200;-4188.381348
401838.8125;5860200;-4188.553711
401899.0938;5860200;-4188.733398
401959.4063;5860200;-4188.918945
402019.7188;5860200;-4189.119141
402080;5860200;-4189.351563
402140.3125;5860200;-4189.635254
402200.625;5860200;-4189.99707
402260.9063;5860200;-4190.492676
402321.2188;5860200;-4191.227051
402381.5;5860200;-4192.349609
402441.8125;5860200;-4193.818359
402502.125;5860200;-4195.430664
402562.4063;5860200;-4197.070313
402622.7188;5860200;-4198.654297
402683.0313;5860200;-4200.117676
402743.3125;5860200;-4201.355957
402803.625;5860200;-4202.249512
402863.9063;5860200;-4202.859863
402924.2188;5860200;-4203.364746
402984.5313;5860200;-4204.040039
403044.8125;5860200;-4205.173828
403105.125;5860200;-4206.744141
403165.4375;5860200;-4208.556641
403225.7188;5860200;-4210.290527
403286.0313;5860200;-4211.57959
403346.3125;5860200;-4212.307617
403406.625;5860200;-4212.48877
403466.9375;5860200;-4212.165039
403527.2188;5860200;-4211.436523
403587.5313;5860200;-4210.45459
403647.8438;5860200;-4209.315918
403708.125;5860200;-4208.030762
403768.4375;5860200;-4206.631836
403828.7188;5860200;-4205.193848
403889.0313;5860200;-4203.775391
403949.3438;5860200;-4202.480957
404009.625;5860200;-4201.4375
404069.9375;5860200;-4200.664063
404130.25;5860200;-4200.17041
404190.5313;5860200;-4200.008789
404250.8438;5860200;-4200.18457
404311.125;5860200;-4200.621582
404371.4375;5860200;-4201.264648
404431.75;5860200;-4202.091309
404492.0313;5860200;-4203.074219
404552.3438;5860200;-4204.179199
404612.625;5860200;-4205.396484
404672.9375;5860200;-4206.728516
404733.25;5860200;-4208.155762
404793.5313;5860200;-4209.647949
404853.8438;5860200;-4216.375
404914.1563;5860200;-4217.883789
404974.4375;5860200;-4219.394043
405034.75;5860200;-4220.919434
405095.0313;5860200;-4222.445801
405155.3438;5860200;-4223.947266
405215.6563;5860200;-4225.436035
405275.9375;5860200;-4226.905762
405336.25;5860200;-4228.348145
405396.5625;5860200;-4224.668457
405456.8438;5860200;-4225.984375
405517.1563;5860200;-4227.265625
405577.4375;5860200;-4228.517578
405637.75;5860200;-4229.738281
405698.0625;5860200;-4230.935547
405758.3438;5860200;-4232.11377
405818.6563;5860200;-4233.272949
405878.9688;5860200;-4234.42041
405939.25;5860200;-4235.550293
405999.5625;5860200;-4236.664551
406059.8438;5860200;-4237.779785
406120.1563;5860200;-4238.887695
406180.4688;5860200;-4239.986328
406240.75;5860200;-4241.092773
406301.0625;5860200;-4242.209473
406361.375;5860200;-4243.337891
406421.6563;5860200;-4244.50293
406481.9688;5860200;-4245.712402
406542.25;5860200;-4246.972656
406602.5625;5860200;-4248.312988
406662.875;5860200;-4249.742188
406723.1563;5860200;-4251.230469
406783.4688;5860200;-4252.778809
406843.7813;5860200;-4254.373535
406904.0625;5860200;-4255.943848
406964.375;5860200;-4257.447754
407024.6563;5860200;-4258.854004
407084.9688;5860200;-4260.104492
407145.2813;5860200;-4261.234375
407205.5625;5860200;-4262.349121
407265.875;5860200;-4263.55957
407326.1875;5860200;-4265.043945
407386.4688;5860200;-4266.938965
407446.7813;5860200;-4269.257813
407507.0625;5860200;-4271.987793
407567.375;5860200;-4274.989258
407627.6875;5860200;-4277.753906
407687.9688;5860200;-4279.314453
407748.2813;5860200;-4279.159668
407808.5938;5860200;-4277.695801
407868.875;5860200;-4275.79541
407929.1875;5860200;-4274.010742
407989.4688;5860200;-4272.450195
408049.7813;5860200;-4271.035645
408110.0938;5860200;-4269.677734
408170.375;5860200;-4268.334961
408230.6875;5860200;-4267.006348
408291;5860200;-4265.710449
408351.2813;5860200;-4264.458984
408411.5938;5860200;-4263.254883
408471.875;5860200;-4262.114258
408532.1875;5860200;-4261.060059
408592.5;5860200;-4260.082031
408652.7813;5860200;-4259.169434
408713.0938;5860200;-4269.373535
408773.4063;5860200;-4268.615234
408833.6875;5860200;-4267.920898
408894;5860200;-4267.275391
408954.2813;5860200;-4266.681641
409014.5938;5860200;-4266.144043
409074.9063;5860200;-4265.654785
409135.1875;5860200;-4265.212891
409195.5;5860200;-4264.823242
409255.8125;5860200;-4264.484863
409316.0938;5860200;-4264.190918
409376.4063;5860200;-4263.938965
401356.4063;5860260.5;-4187.355469
401416.6875;5860260.5;-4187.458496
401477;5860260.5;-4187.57373
401537.3125;5860260.5;-4187.70166
401597.5938;5860260.5;-4187.840332
401657.9063;5860260.5;-4187.992188
401718.2188;5860260.5;-4188.155762
401778.5;5860260.5;-4188.326172
401838.8125;5860260.5;-4188.508301
401899.0938;5860260.5;-4188.700684
401959.4063;5860260.5;-4188.902344
402019.7188;5860260.5;-4189.125
402080;5860260.5;-4189.390625
402140.3125;5860260.5;-4189.717285
402200.625;5860260.5;-4190.139648
402260.9063;5860260.5;-4190.729004
402321.2188;5860260.5;-4191.571777
402381.5;5860260.5;-4192.725098
402441.8125;5860260.5;-4194.146484
402502.125;5860260.5;-4195.72168
402562.4063;5860260.5;-4197.363281
402622.7188;5860260.5;-4198.989258
402683.0313;5860260.5;-4200.525879
402743.3125;5860260.5;-4201.819336
402803.625;5860260.5;-4202.627441
402863.9063;5860260.5;-4202.998535
402924.2188;5860260.5;-4203.215332
402984.5313;5860260.5;-4203.688477
403044.8125;5860260.5;-4204.87207
403105.125;5860260.5;-4206.73584
403165.4375;5860260.5;-4208.953125
403225.7188;5860260.5;-4211.036621
403286.0313;5860260.5;-4212.48291
403346.3125;5860260.5;-4213.187012
403406.625;5860260.5;-4213.222656
403466.9375;5860260.5;-4212.706543
403527.2188;5860260.5;-4211.815918
403587.5313;5860260.5;-4210.719238
403647.8438;5860260.5;-4209.492676
403708.125;5860260.5;-4208.102051
403768.4375;5860260.5;-4206.531738
403828.7188;5860260.5;-4204.85791
403889.0313;5860260.5;-4203.147949
403949.3438;5860260.5;-4201.541504
404009.625;5860260.5;-4200.214355
404069.9375;5860260.5;-4199.216797
404130.25;5860260.5;-4198.574219
404190.5313;5860260.5;-4198.351563
404250.8438;5860260.5;-4198.546875
404311.125;5860260.5;-4199.051758
404371.4375;5860260.5;-4199.789551
404431.75;5860260.5;-4200.723145
404492.0313;5860260.5;-4201.811035
404552.3438;5860260.5;-4203.016602
404612.625;5860260.5;-4204.327637
404672.9375;5860260.5;-4205.74707
404733.25;5860260.5;-4207.254883
404793.5313;5860260.5;-4213.506836
404853.8438;5860260.5;-4215.717773
404914.1563;5860260.5;-4217.280273
404974.4375;5860260.5;-4218.83252
405034.75;5860260.5;-4220.394043
405095.0313;5860260.5;-4221.95166
405155.3438;5860260.5;-4223.476563
405215.6563;5860260.5;-4224.981445
405275.9375;5860260.5;-4226.461914
405336.25;5860260.5;-4227.939941
405396.5625;5860260.5;-4229.778809
405456.8438;5860260.5;-4225.192383
405517.1563;5860260.5;-4226.46875
405577.4375;5860260.5;-4227.711914
405637.75;5860260.5;-4228.92041
405698.0625;5860260.5;-4230.103027
405758.3438;5860260.5;-4231.265137
405818.6563;5860260.5;-4232.40625
405878.9688;5860260.5;-4233.537598
405939.25;5860260.5;-4234.651367
405999.5625;5860260.5;-4235.75
406059.8438;5860260.5;-4236.849609
406120.1563;5860260.5;-4237.942871
406180.4688;5860260.5;-4239.02832
406240.75;5860260.5;-4240.122559
406301.0625;5860260.5;-4241.229004
406361.375;5860260.5;-4242.350586
406421.6563;5860260.5;-4243.512207
406481.9688;5860260.5;-4244.724609
406542.25;5860260.5;-4245.993652
406602.5625;5860260.5;-4247.350098
406662.875;5860260.5;-4248.802734
406723.1563;5860260.5;-4250.317383
406783.4688;5860260.5;-4251.88623
406843.7813;5860260.5;-4253.478516
406904.0625;5860260.5;-4254.999023
406964.375;5860260.5;-4256.394531
407024.6563;5860260.5;-4257.620605
407084.9688;5860260.5;-4258.599121
407145.2813;5860260.5;-4259.370117
407205.5625;5860260.5;-4260.0625
407265.875;5860260.5;-4260.805176
407326.1875;5860260.5;-4261.810547
407386.4688;5860260.5;-4263.282227
407446.7813;5860260.5;-4265.277344
407507.0625;5860260.5;-4267.811523
407567.375;5860260.5;-4270.761719
407627.6875;5860260.5;-4273.600586
407687.9688;5860260.5;-4275.376465
407748.2813;5860260.5;-4275.604004
407808.5938;5860260.5;-4274.640137
407868.875;5860260.5;-4273.232422
407929.1875;5860260.5;-4271.855957
407989.4688;5860260.5;-4270.602051
408049.7813;5860260.5;-4269.411621
408110.0938;5860260.5;-4268.220703
408170.375;5860260.5;-4267.008301
408230.6875;5860260.5;-4265.783203
408291;5860260.5;-4264.567871
408351.2813;5860260.5;-4263.380371
408411.5938;5860260.5;-4262.230957
408471.875;5860260.5;-4261.137207
408532.1875;5860260.5;-4260.118652
408592.5;5860260.5;-4259.17041
408652.7813;5860260.5;-4269.34082
408713.0938;5860260.5;-4268.517578
408773.4063;5860260.5;-4267.763184
408833.6875;5860260.5;-4267.068848
408894;5860260.5;-4266.422363
408954.2813;5860260.5;-4265.826172
409014.5938;5860260.5;-4265.284668
409074.9063;5860260.5;-4264.789551
409135.1875;5860260.5;-4264.341797
409195.5;5860260.5;-4263.945801
409255.8125;5860260.5;-4263.601563
409316.0938;5860260.5;-4263.301758
409376.4063;5860260.5;-4263.04248
401356.4063;5860321;-4187.265137
401416.6875;5860321;-4187.368652
401477;5860321;-4187.485352
401537.3125;5860321;-4187.616211
401597.5938;5860321;-4187.759277
401657.9063;5860321;-4187.916504
401718.2188;5860321;-4188.087891
401778.5;5860321;-4188.267578
401838.8125;5860321;-4188.461914
401899.0938;5860321;-4188.670898
401959.4063;5860321;-4188.894531
402019.7188;5860321;-4189.148438
402080;5860321;-4189.453613
402140.3125;5860321;-4189.827148
402200.625;5860321;-4190.305176
402260.9063;5860321;-4190.963379
402321.2188;5860321;-4191.874023
402381.5;5860321;-4193.036133
402441.8125;5860321;-4194.410156
402502.125;5860321;-4195.945313
402562.4063;5860321;-4197.57666
402622.7188;5860321;-4199.233398
402683.0313;5860321;-4200.84668
402743.3125;5860321;-4202.213379
402803.625;5860321;-4202.935059
402863.9063;5860321;-4203.038574
402924.2188;5860321;-4202.935547
402984.5313;5860321;-4203.204102
403044.8125;5860321;-4204.525391
403105.125;5860321;-4206.853027
403165.4375;5860321;-4209.647949
403225.7188;5860321;-4212.189453
403286.0313;5860321;-4213.793457
403346.3125;5860321;-4214.38623
403406.625;5860321;-4214.162598
403466.9375;5860321;-4213.368164
403527.2188;5860321;-4212.294434
403587.5313;5860321;-4211.121582
403647.8438;5860321;-4209.876465
403708.125;5860321;-4208.4375
403768.4375;5860321;-4206.714355
403828.7188;5860321;-4204.778809
403889.0313;5860321;-4202.724121
403949.3438;5860321;-4200.731445
404009.625;5860321;-4199.040039
404069.9375;5860321;-4197.742188
404130.25;5860321;-4196.891602
404190.5313;5860321;-4196.572266
404250.8438;5860321;-4196.775879
404311.125;5860321;-4197.356445
404371.4375;5860321;-4198.206543
404431.75;5860321;-4199.266602
404492.0313;5860321;-4200.482422
404552.3438;5860321;-4201.809082
404612.625;5860321;-4203.231934
404672.9375;5860321;-4204.754883
404733.25;5860321;-4206.355957
404793.5313;5860321;-4213.484863
404853.8438;5860321;-4215.08252
404914.1563;5860321;-4216.702637
404974.4375;5860321;-4218.29834
405034.75;5860321;-4219.894531
405095.0313;5860321;-4221.479004
405155.3438;5860321;-4223.022949
405215.6563;5860321;-4224.538086
405275.9375;5860321;-4226.025879
405336.25;5860321;-4227.172363
405396.5625;5860321;-4229.04541
405456.8438;5860321;-4230.884277
405517.1563;5860321;-4225.666016
405577.4375;5860321;-4226.897949
405637.75;5860321;-4228.091797
405698.0625;5860321;-4229.259766
405758.3438;5860321;-4230.404785
405818.6563;5860321;-4231.527832
405878.9688;5860321;-4232.642578
405939.25;5860321;-4233.740723
405999.5625;5860321;-4234.823242
406059.8438;5860321;-4235.908691
406120.1563;5860321;-4236.989746
406180.4688;5860321;-4238.063477
406240.75;5860321;-4239.147461
406301.0625;5860321;-4240.246094
406361.375;5860321;-4241.361816
406421.6563;5860321;-4242.522949
406481.9688;5860321;-4243.739746
406542.25;5860321;-4245.02002
406602.5625;5860321;-4246.395996
406662.875;5860321;-4247.874512
406723.1563;5860321;-4249.41748
406783.4688;5860321;-4251.006836
406843.7813;5860321;-4252.592285
406904.0625;5860321;-4254.056152
406964.375;5860321;-4255.330078
407024.6563;5860321;-4256.356934
407084.9688;5860321;-4257.038574
407145.2813;5860321;-4257.410645
407205.5625;5860321;-4257.611816
407265.875;5860321;-4257.76416
407326.1875;5860321;-4258.108398
407386.4688;5860321;-4258.954102
407446.7813;5860321;-4260.441406
407507.0625;5860321;-4262.621094
407567.375;5860321;-4265.32959
407627.6875;5860321;-4268.007324
407687.9688;5860321;-4269.958008
407748.2813;5860321;-4270.788086
407808.5938;5860321;-4270.595703
407868.875;5860321;-4269.907227
407929.1875;5860321;-4269.105469
407989.4688;5860321;-4268.274414
408049.7813;5860321;-4267.387207
408110.0938;5860321;-4266.42627
408170.375;5860321;-4265.397461
408230.6875;5860321;-4264.317383
408291;5860321;-4263.216309
408351.2813;5860321;-4262.121094
408411.5938;5860321;-4261.049316
408471.875;5860321;-4260.019531
408532.1875;5860321;-4259.053223
408592.5;5860321;-4258.145996
408652.7813;5860321;-4268.372559
408713.0938;5860321;-4267.565918
408773.4063;5860321;-4266.822266
408833.6875;5860321;-4266.134277
408894;5860321;-4265.491699
408954.2813;5860321;-4264.895996
409014.5938;5860321;-4264.353516
409074.9063;5860321;-4263.855957
409135.1875;5860321;-4263.404785
409195.5;5860321;-4263.004395
409255.8125;5860321;-4262.655273
409316.0938;5860321;-4262.350586
409376.4063;5860321;-4262.086426
401356.4063;5860381.5;-4187.158203
401416.6875;5860381.5;-4187.261719
401477;5860381.5;-4187.379883
401537.3125;5860381.5;-4187.513672
401597.5938;5860381.5;-4187.662109
401657.9063;5860381.5;-4187.826172
401718.2188;5860381.5;-4188.006348
401778.5;5860381.5;-4188.197754
401838.8125;5860381.5;-4188.406738
401899.0938;5860381.5;-4188.634277
401959.4063;5860381.5;-4188.881836
402019.7188;5860381.5;-4189.166504
402080;5860381.5;-4189.509766
402140.3125;5860381.5;-4189.925293
402200.625;5860381.5;-4190.442871
402260.9063;5860381.5;-4191.132324
402321.2188;5860381.5;-4192.057617
402381.5;5860381.5;-4193.19873
402441.8125;5860381.5;-4194.523438
402502.125;5860381.5;-4196.00293
402562.4063;5860381.5;-4197.588867
402622.7188;5860381.5;-4199.215332
402683.0313;5860381.5;-4200.811035
402743.3125;5860381.5;-4202.157715
402803.625;5860381.5;-4202.831055
402863.9063;5860381.5;-4202.827148
402924.2188;5860381.5;-4202.554199
402984.5313;5860381.5;-4202.723145
403044.8125;5860381.5;-4204.352539
403105.125;5860381.5;-4207.365723
403165.4375;5860381.5;-4210.892578
403225.7188;5860381.5;-4213.972168
403286.0313;5860381.5;-4215.662109
403346.3125;5860381.5;-4215.953613
403406.625;5860381.5;-4215.28418
403466.9375;5860381.5;-4214.092773
403527.2188;5860381.5;-4212.820313
403587.5313;5860381.5;-4211.637695
403647.8438;5860381.5;-4210.470215
403708.125;5860381.5;-4209.050293
403768.4375;5860381.5;-4207.180664
403828.7188;5860381.5;-4204.945801
403889.0313;5860381.5;-4202.484375
403949.3438;5860381.5;-4200.041504
404009.625;5860381.5;-4197.923828
404069.9375;5860381.5;-4196.266113
404130.25;5860381.5;-4195.154297
404190.5313;5860381.5;-4194.706543
404250.8438;5860381.5;-4194.908203
404311.125;5860381.5;-4195.571289
404371.4375;5860381.5;-4196.55127
404431.75;5860381.5;-4197.761719
404492.0313;5860381.5;-4199.128418
404552.3438;5860381.5;-4200.597168
404612.625;5860381.5;-4202.152344
404672.9375;5860381.5;-4203.798828
404733.25;5860381.5;-4211.191895
404793.5313;5860381.5;-4212.837402
404853.8438;5860381.5;-4214.518066
404914.1563;5860381.5;-4216.20459
404974.4375;5860381.5;-4217.844238
405034.75;5860381.5;-4219.472168
405095.0313;5860381.5;-4221.079102
405155.3438;5860381.5;-4222.631836
405215.6563;5860381.5;-4224.148926
405275.9375;5860381.5;-4224.464355
405336.25;5860381.5;-4226.403809
405396.5625;5860381.5;-4228.306152
405456.8438;5860381.5;-4230.171387
405517.1563;5860381.5;-4231.964355
405577.4375;5860381.5;-4226.072266
405637.75;5860381.5;-4227.249023
405698.0625;5860381.5;-4228.398438
405758.3438;5860381.5;-4229.525391
405818.6563;5860381.5;-4230.631348
405878.9688;5860381.5;-4231.729004
405939.25;5860381.5;-4232.811035
405999.5625;5860381.5;-4233.878906
406059.8438;5860381.5;-4234.951172
406120.1563;5860381.5;-4236.020508
406180.4688;5860381.5;-4237.083984
406240.75;5860381.5;-4238.15918
406301.0625;5860381.5;-4239.250488
406361.375;5860381.5;-4240.361816
406421.6563;5860381.5;-4241.522461
406481.9688;5860381.5;-4242.744629
406542.25;5860381.5;-4244.036621
406602.5625;5860381.5;-4245.434082
406662.875;5860381.5;-4246.94043
406723.1563;5860381.5;-4248.512695
406783.4688;5860381.5;-4250.126953
406843.7813;5860381.5;-4251.71582
406904.0625;5860381.5;-4253.13916
406964.375;5860381.5;-4254.318359
407024.6563;5860381.5;-4255.185059
407084.9688;5860381.5;-4255.617188
407145.2813;5860381.5;-4255.630859
407205.5625;5860381.5;-4255.337402
407265.875;5860381.5;-4254.81543
407326.1875;5860381.5;-4254.321289
407386.4688;5860381.5;-4254.345215
407446.7813;5860381.5;-4255.189453
407507.0625;5860381.5;-4256.973633
407567.375;5860381.5;-4259.506836
407627.6875;5860381.5;-4262.151855
407687.9688;5860381.5;-4264.333496
407748.2813;5860381.5;-4265.714844
407808.5938;5860381.5;-4266.229492
407868.875;5860381.5;-4266.216309
407929.1875;5860381.5;-4265.96582
407989.4688;5860381.5;-4265.561035
408049.7813;5860381.5;-4265.002441
408110.0938;5860381.5;-4264.304688
408170.375;5860381.5;-4263.496094
408230.6875;5860381.5;-4262.597656
408291;5860381.5;-4261.640137
408351.2813;5860381.5;-4260.664063
408411.5938;5860381.5;-4259.693359
408471.875;5860381.5;-4258.749023
408532.1875;5860381.5;-4257.848633
408592.5;5860381.5;-4268.124512
408652.7813;5860381.5;-4267.294434
408713.0938;5860381.5;-4266.51123
408773.4063;5860381.5;-4265.784668
408833.6875;5860381.5;-4265.10791
408894;5860381.5;-4264.472168
408954.2813;5860381.5;-4263.880859
409014.5938;5860381.5;-4263.339355
409074.9063;5860381.5;-4262.841309
409135.1875;5860381.5;-4262.388672
409195.5;5860381.5;-4261.986328
409255.8125;5860381.5;-4261.633301
409316.0938;5860381.5;-4261.325195
409376.4063;5860381.5;-4261.058105
401356.4063;5860442.5;-4187.03418
401416.6875;5860442.5;-4187.138184
401477;5860442.5;-4187.258301
401537.3125;5860442.5;-4187.394043
401597.5938;5860442.5;-4187.547363
401657.9063;5860442.5;-4187.719238
401718.2188;5860442.5;-4187.908203
401778.5;5860442.5;-4188.111328
401838.8125;5860442.5;-4188.335449
401899.0938;5860442.5;-4188.581055
401959.4063;5860442.5;-4188.850586
402019.7188;5860442.5;-4189.160645
402080;5860442.5;-4189.533691
402140.3125;5860442.5;-4189.979492
402200.625;5860442.5;-4190.521484
402260.9063;5860442.5;-4191.21875
402321.2188;5860442.5;-4192.125
402381.5;5860442.5;-4193.221191
402441.8125;5860442.5;-4194.478516
402502.125;5860442.5;-4195.877441
402562.4063;5860442.5;-4197.376953
402622.7188;5860442.5;-4198.912598
402683.0313;5860442.5;-4200.402832
402743.3125;5860442.5;-4201.660645
402803.625;5860442.5;-4202.381348
402863.9063;5860442.5;-4202.531738
402924.2188;5860442.5;-4202.374512
402984.5313;5860442.5;-4202.669922
403044.8125;5860442.5;-4204.76709
403105.125;5860442.5;-4208.558594
403165.4375;5860442.5;-4212.855469
403225.7188;5860442.5;-4216.492188
403286.0313;5860442.5;-4218.080566
403346.3125;5860442.5;-4217.713379
403406.625;5860442.5;-4216.32666
403466.9375;5860442.5;-4214.60498
403527.2188;5860442.5;-4213.14209
403587.5313;5860442.5;-4212.046387
403647.8438;5860442.5;-4211.070313
403708.125;5860442.5;-4209.72998
403768.4375;5860442.5;-4207.68457
403828.7188;5860442.5;-4205.076172
403889.0313;5860442.5;-4202.146973
403949.3438;5860442.5;-4199.239746
404009.625;5860442.5;-4196.710449
404069.9375;5860442.5;-4194.708008
404130.25;5860442.5;-4193.345215
404190.5313;5860442.5;-4192.774902
404250.8438;5860442.5;-4192.984375
404311.125;5860442.5;-4193.742188
404371.4375;5860442.5;-4194.865234
404431.75;5860442.5;-4196.239258
404492.0313;5860442.5;-4197.77002
404552.3438;5860442.5;-4199.394531
404612.625;5860442.5;-4201.092773
404672.9375;5860442.5;-4202.879883
404733.25;5860442.5;-4210.489746
404793.5313;5860442.5;-4212.249023
404853.8438;5860442.5;-4214.030273
404914.1563;5860442.5;-4215.792969
404974.4375;5860442.5;-4217.480469
405034.75;5860442.5;-4219.13916
405095.0313;5860442.5;-4220.761719
405155.3438;5860442.5;-4222.313477
405215.6563;5860442.5;-4223.820313
405275.9375;5860442.5;-4223.679199
405336.25;5860442.5;-4225.643555
405396.5625;5860442.5;-4227.569336
405456.8438;5860442.5;-4229.457031
405517.1563;5860442.5;-4231.265625
405577.4375;5860442.5;-4233.03125
405637.75;5860442.5;-4226.397461
405698.0625;5860442.5;-4227.526367
405758.3438;5860442.5;-4228.633789
405818.6563;5860442.5;-4229.720215
405878.9688;5860442.5;-4230.800293
405939.25;5860442.5;-4231.866211
405999.5625;5860442.5;-4232.920898
406059.8438;5860442.5;-4233.981445
406120.1563;5860442.5;-4235.039063
406180.4688;5860442.5;-4236.093262
406240.75;5860442.5;-4237.160156
406301.0625;5860442.5;-4238.244629
406361.375;5860442.5;-4239.351563
406421.6563;5860442.5;-4240.511719
406481.9688;5860442.5;-4241.73877
406542.25;5860442.5;-4243.041504
406602.5625;5860442.5;-4244.459473
406662.875;5860442.5;-4245.995117
406723.1563;5860442.5;-4247.602539
406783.4688;5860442.5;-4249.251953
406843.7813;5860442.5;-4250.867676
406904.0625;5860442.5;-4252.293457
406964.375;5860442.5;-4253.444336
407024.6563;5860442.5;-4254.248047
407084.9688;5860442.5;-4254.557129
407145.2813;5860442.5;-4254.343262
407205.5625;5860442.5;-4253.646973
407265.875;5860442.5;-4252.450684
407326.1875;5860442.5;-4251.020996
407386.4688;5860442.5;-4250.096191
407446.7813;5860442.5;-4250.230469
407507.0625;5860442.5;-4251.634277
407567.375;5860442.5;-4254.061035
407627.6875;5860442.5;-4256.781738
407687.9688;5860442.5;-4259.202637
407748.2813;5860442.5;-4260.995605
407808.5938;5860442.5;-4262.029785
407868.875;5860442.5;-4262.526367
407929.1875;5860442.5;-4262.712891
407989.4688;5860442.5;-4262.674316
408049.7813;5860442.5;-4262.424316
408110.0938;5860442.5;-4261.993164
408170.375;5860442.5;-4261.415039
408230.6875;5860442.5;-4260.711426
408291;5860442.5;-4259.913574
408351.2813;5860442.5;-4259.071289
408411.5938;5860442.5;-4258.216309
408471.875;5860442.5;-4257.366699
408532.1875;5860442.5;-4267.750488
408592.5;5860442.5;-4266.925293
408652.7813;5860442.5;-4266.133789
408713.0938;5860442.5;-4265.378418
408773.4063;5860442.5;-4264.672363
408833.6875;5860442.5;-4264.009766
408894;5860442.5;-4263.383301
408954.2813;5860442.5;-4262.799316
409014.5938;5860442.5;-4262.260254
409074.9063;5860442.5;-4261.763184
409135.1875;5860442.5;-4261.310059
409195.5;5860442.5;-4260.905762
409255.8125;5860442.5;-4260.550781
409316.0938;5860442.5;-4260.239258
409376.4063;5860442.5;-4259.968262
401356.4063;5860503;-4186.894043
401416.6875;5860503;-4186.998535
401477;5860503;-4187.120117
401537.3125;5860503;-4187.259766
401597.5938;5860503;-4187.41748
401657.9063;5860503;-4187.595703
401718.2188;5860503;-4187.793457
401778.5;5860503;-4188.007324
401838.8125;5860503;-4188.244629
401899.0938;5860503;-4188.506836
401959.4063;5860503;-4188.793945
402019.7188;5860503;-4189.123535
402080;5860503;-4189.516602
402140.3125;5860503;-4189.97998
402200.625;5860503;-4190.531738
402260.9063;5860503;-4191.220703
402321.2188;5860503;-4192.088867
402381.5;5860503;-4193.120117
402441.8125;5860503;-4194.291504
402502.125;5860503;-4195.589355
402562.4063;5860503;-4196.981934
402622.7188;5860503;-4198.409668
402683.0313;5860503;-4199.798828
402743.3125;5860503;-4201.016602
402803.625;5860503;-4201.890625
402863.9063;5860503;-4202.411133
402924.2188;5860503;-4202.759277
402984.5313;5860503;-4203.619629
403044.8125;5860503;-4206.23877
403105.125;5860503;-4210.509766
403165.4375;5860503;-4215.339355
403225.7188;5860503;-4219.393555
403286.0313;5860503;-4220.643066
403346.3125;5860503;-4219.270508
403406.625;5860503;-4216.899902
403466.9375;5860503;-4214.52832
403527.2188;5860503;-4212.921387
403587.5313;5860503;-4212.070313
403647.8438;5860503;-4211.438477
403708.125;5860503;-4210.235352
403768.4375;5860503;-4207.926758
403828.7188;5860503;-4204.797363
403889.0313;5860503;-4201.307617
403949.3438;5860503;-4197.963379
404009.625;5860503;-4195.125977
404069.9375;5860503;-4192.893066
404130.25;5860503;-4191.371582
404190.5313;5860503;-4190.744629
404250.8438;5860503;-4191.000977
404311.125;5860503;-4191.877441
404371.4375;5860503;-4193.155762
404431.75;5860503;-4194.697754
404492.0313;5860503;-4196.390137
404552.3438;5860503;-4198.166016
404612.625;5860503;-4200.012695
404672.9375;5860503;-4206.103516
404733.25;5860503;-4209.797852
404793.5313;5860503;-4211.69043
404853.8438;5860503;-4213.589355
404914.1563;5860503;-4215.443848
404974.4375;5860503;-4217.186035
405034.75;5860503;-4218.876465
405095.0313;5860503;-4220.510254
405155.3438;5860503;-4222.053223
405215.6563;5860503;-4220.90918
405275.9375;5860503;-4222.931152
405336.25;5860503;-4224.910645
405396.5625;5860503;-4226.850586
405456.8438;5860503;-4228.75293
405517.1563;5860503;-4230.570801
405577.4375;5860503;-4232.34668
405637.75;5860503;-4225.543457
405698.0625;5860503;-4226.650879
405758.3438;5860503;-4227.736328
405818.6563;5860503;-4228.802246
405878.9688;5860503;-4229.864746
405939.25;5860503;-4230.915527
405999.5625;5860503;-4231.956543
406059.8438;5860503;-4233.005371
406120.1563;5860503;-4234.053223
406180.4688;5860503;-4235.098633
406240.75;5860503;-4236.15918
406301.0625;5860503;-4237.237305
406361.375;5860503;-4238.341309
406421.6563;5860503;-4239.500488
406481.9688;5860503;-4240.730957
406542.25;5860503;-4242.044434
406602.5625;5860503;-4243.481445
406662.875;5860503;-4245.04834
406723.1563;5860503;-4246.694336
406783.4688;5860503;-4248.391113
406843.7813;5860503;-4250.063477
406904.0625;5860503;-4251.547363
406964.375;5860503;-4252.758789
407024.6563;5860503;-4253.625977
407084.9688;5860503;-4253.97998
407145.2813;5860503;-4253.735352
407205.5625;5860503;-4252.825195
407265.875;5860503;-4251.091797
407326.1875;5860503;-4248.770508
407386.4688;5860503;-4246.826172
407446.7813;5860503;-4246.220215
407507.0625;5860503;-4247.275391
407567.375;5860503;-4249.55957
407627.6875;5860503;-4252.273438
407687.9688;5860503;-4254.806641
407748.2813;5860503;-4256.824219
407808.5938;5860503;-4258.173828
407868.875;5860503;-4259.005859
407929.1875;5860503;-4259.509766
407989.4688;5860503;-4259.765625
408049.7813;5860503;-4259.789063
408110.0938;5860503;-4259.606445
408170.375;5860503;-4259.25
408230.6875;5860503;-4258.73877
408291;5860503;-4258.103027
408351.2813;5860503;-4257.399414
408411.5938;5860503;-4256.663574
408471.875;5860503;-4255.915039
408532.1875;5860503;-4266.43457
408592.5;5860503;-4265.662109
408652.7813;5860503;-4264.912109
408713.0938;5860503;-4264.187988
408773.4063;5860503;-4263.504395
408833.6875;5860503;-4262.858398
408894;5860503;-4262.243652
408954.2813;5860503;-4261.666992
409014.5938;5860503;-4261.133301
409074.9063;5860503;-4260.637695
409135.1875;5860503;-4260.185059
409195.5;5860503;-4259.780273
409255.8125;5860503;-4259.422852
409316.0938;5860503;-4259.109375
409376.4063;5860503;-4258.834473
401356.4063;5860563.5;-4186.734863
401416.6875;5860563.5;-4186.838379
401477;5860563.5;-4186.961914
401537.3125;5860563.5;-4187.10498
401597.5938;5860563.5;-4187.266113
401657.9063;5860563.5;-4187.450195
401718.2188;5860563.5;-4187.655273
401778.5;5860563.5;-4187.879883
401838.8125;5860563.5;-4188.12793
401899.0938;5860563.5;-4188.402344
401959.4063;5860563.5;-4188.703125
402019.7188;5860563.5;-4189.046387
402080;5860563.5;-4189.451172
402140.3125;5860563.5;-4189.919434
402200.625;5860563.5;-4190.466309
402260.9063;5860563.5;-4191.129883
402321.2188;5860563.5;-4191.945801
402381.5;5860563.5;-4192.896484
402441.8125;5860563.5;-4193.967773
402502.125;5860563.5;-4195.150879
402562.4063;5860563.5;-4196.427246
402622.7188;5860563.5;-4197.748047
402683.0313;5860563.5;-4199.060547
402743.3125;5860563.5;-4200.293945
402803.625;5860563.5;-4201.379883
402863.9063;5860563.5;-4202.361816
402924.2188;5860563.5;-4203.424805
402984.5313;5860563.5;-4205.080566
403044.8125;5860563.5;-4208.100586
403105.125;5860563.5;-4212.357422
403165.4375;5860563.5;-4217.076172
403225.7188;5860563.5;-4220.888672
403286.0313;5860563.5;-4221.628906
403346.3125;5860563.5;-4219.5
403406.625;5860563.5;-4216.288574
403466.9375;5860563.5;-4213.308105
403527.2188;5860563.5;-4211.720215
403587.5313;5860563.5;-4211.396484
403647.8438;5860563.5;-4211.333984
403708.125;5860563.5;-4210.322266
403768.4375;5860563.5;-4207.550293
403828.7188;5860563.5;-4203.593262
403889.0313;5860563.5;-4199.36084
403949.3438;5860563.5;-4195.631348
404009.625;5860563.5;-4192.698242
404069.9375;5860563.5;-4190.478516
404130.25;5860563.5;-4189.014648
404190.5313;5860563.5;-4188.495605
404250.8438;5860563.5;-4188.90625
404311.125;5860563.5;-4189.962891
404371.4375;5860563.5;-4191.426758
404431.75;5860563.5;-4193.138184
404492.0313;5860563.5;-4194.978516
404552.3438;5860563.5;-4196.89209
404612.625;5860563.5;-4198.879395
404672.9375;5860563.5;-4206.994629
404733.25;5860563.5;-4209.058594
404793.5313;5860563.5;-4211.116699
404853.8438;5860563.5;-4213.168945
404914.1563;5860563.5;-4215.144043
404974.4375;5860563.5;-4216.962402
405034.75;5860563.5;-4218.694824
405095.0313;5860563.5;-4220.34375
405155.3438;5860563.5;-4218.129395
405215.6563;5860563.5;-4220.207031
405275.9375;5860563.5;-4222.233398
405336.25;5860563.5;-4224.216309
405396.5625;5860563.5;-4226.160156
405456.8438;5860563.5;-4228.067383
405517.1563;5860563.5;-4229.887207
405577.4375;5860563.5;-4231.666016
405637.75;5860563.5;-4233.40625
405698.0625;5860563.5;-4225.771484
405758.3438;5860563.5;-4226.833984
405818.6563;5860563.5;-4227.878418
405878.9688;5860563.5;-4228.922363
405939.25;5860563.5;-4229.958496
405999.5625;5860563.5;-4230.98584
406059.8438;5860563.5;-4232.022461
406120.1563;5860563.5;-4233.061523
406180.4688;5860563.5;-4234.098633
406240.75;5860563.5;-4235.149902
406301.0625;5860563.5;-4236.220703
406361.375;5860563.5;-4237.317383
406421.6563;5860563.5;-4238.47168
406481.9688;5860563.5;-4239.699219
406542.25;5860563.5;-4241.015625
406602.5625;5860563.5;-4242.466309
406662.875;5860563.5;-4244.056152
406723.1563;5860563.5;-4245.737793
406783.4688;5860563.5;-4247.490234
406843.7813;5860563.5;-4249.248535
406904.0625;5860563.5;-4250.853027
406964.375;5860563.5;-4252.223633
407024.6563;5860563.5;-4253.300781
407084.9688;5860563.5;-4253.913086
407145.2813;5860563.5;-4253.929688
407205.5625;5860563.5;-4253.179688
407265.875;5860563.5;-4251.338867
407326.1875;5860563.5;-4248.44043
407386.4688;5860563.5;-4245.383789
407446.7813;5860563.5;-4243.904297
407507.0625;5860563.5;-4244.64502
407567.375;5860563.5;-4246.646484
407627.6875;5860563.5;-4249.068848
407687.9688;5860563.5;-4251.407227
407748.2813;5860563.5;-4253.364746
407808.5938;5860563.5;-4254.786621
407868.875;5860563.5;-4255.772949
407929.1875;5860563.5;-4256.469727
407989.4688;5860563.5;-4256.938477
408049.7813;5860563.5;-4257.181152
408110.0938;5860563.5;-4257.210938
408170.375;5860563.5;-4257.053223
408230.6875;5860563.5;-4256.720703
408291;5860563.5;-4256.239258
408351.2813;5860563.5;-4255.669922
408411.5938;5860563.5;-4255.051758
408471.875;5860563.5;-4265.792969
408532.1875;5860563.5;-4265.067871
408592.5;5860563.5;-4264.34668
408652.7813;5860563.5;-4263.638184
408713.0938;5860563.5;-4262.946289
408773.4063;5860563.5;-4262.285156
408833.6875;5860563.5;-4261.656738
408894;5860563.5;-4261.052734
408954.2813;5860563.5;-4260.483398
409014.5938;5860563.5;-4259.95459
409074.9063;5860563.5;-4259.461914
409135.1875;5860563.5;-4259.009766
409195.5;5860563.5;-4258.604004
409255.8125;5860563.5;-4258.244629
409316.0938;5860563.5;-4257.927246
409376.4063;5860563.5;-4257.647461
401356.4063;5860624;-4186.548828
401416.6875;5860624;-4186.652344
401477;5860624;-4186.774902
401537.3125;5860624;-4186.918945
401597.5938;5860624;-4187.083496
401657.9063;5860624;-4187.271484
401718.2188;5860624;-4187.482422
401778.5;5860624;-4187.713867
401838.8125;5860624;-4187.970703
401899.0938;5860624;-4188.253418
401959.4063;5860624;-4188.563477
402019.7188;5860624;-4188.913086
402080;5860624;-4189.319824
402140.3125;5860624;-4189.783203
402200.625;5860624;-4190.312012
402260.9063;5860624;-4190.938965
402321.2188;5860624;-4191.689941
402381.5;5860624;-4192.55127
402441.8125;5860624;-4193.51123
402502.125;5860624;-4194.571289
402562.4063;5860624;-4195.723633
402622.7188;5860624;-4196.937988
402683.0313;5860624;-4198.182129
402743.3125;5860624;-4199.431152
402803.625;5860624;-4200.682617
402863.9063;5860624;-4202.006348
402924.2188;5860624;-4203.563965
402984.5313;5860624;-4205.713379
403044.8125;5860624;-4208.834961
403105.125;5860624;-4212.733887
403165.4375;5860624;-4216.780762
403225.7188;5860624;-4219.726074
403286.0313;5860624;-4219.910156
403346.3125;5860624;-4217.523438
403406.625;5860624;-4213.927734
403466.9375;5860624;-4210.648926
403527.2188;5860624;-4209.353027
403587.5313;5860624;-4209.821289
403647.8438;5860624;-4210.494629
403708.125;5860624;-4209.637695
403768.4375;5860624;-4206.006836
403828.7188;5860624;-4200.688965
403889.0313;5860624;-4195.477539
403949.3438;5860624;-4191.513184
404009.625;5860624;-4188.832031
404069.9375;5860624;-4187.022461
404130.25;5860624;-4185.96875
404190.5313;5860624;-4185.832031
404250.8438;5860624;-4186.590332
404311.125;5860624;-4187.94043
404371.4375;5860624;-4189.634277
404431.75;5860624;-4191.510254
404492.0313;5860624;-4193.455566
404552.3438;5860624;-4195.455566
404612.625;5860624;-4197.555664
404672.9375;5860624;-4205.871094
404733.25;5860624;-4208.137695
404793.5313;5860624;-4210.421387
404853.8438;5860624;-4212.69043
404914.1563;5860624;-4214.84375
404974.4375;5860624;-4216.783203
405034.75;5860624;-4218.589844
405095.0313;5860624;-4220.27002
405155.3438;5860624;-4217.505859
405215.6563;5860624;-4219.586914
405275.9375;5860624;-4221.604004
405336.25;5860624;-4223.574707
405396.5625;5860624;-4225.508301
405456.8438;5860624;-4227.407227
405517.1563;5860624;-4229.21875
405577.4375;5860624;-4230.992188
405637.75;5860624;-4232.730957
405698.0625;5860624;-4234.380859
405758.3438;5860624;-4225.921387
405818.6563;5860624;-4226.942871
405878.9688;5860624;-4227.966797
405939.25;5860624;-4228.987793
405999.5625;5860624;-4230.002441
406059.8438;5860624;-4231.026855
406120.1563;5860624;-4232.055176
406180.4688;5860624;-4233.08252
406240.75;5860624;-4234.122559
406301.0625;5860624;-4235.181641
406361.375;5860624;-4236.26709
406421.6563;5860624;-4237.406738
406481.9688;5860624;-4238.620117
406542.25;5860624;-4239.925781
406602.5625;5860624;-4241.372559
406662.875;5860624;-4242.970703
406723.1563;5860624;-4244.674805
406783.4688;5860624;-4246.477051
406843.7813;5860624;-4248.338867
406904.0625;5860624;-4250.112305
406964.375;5860624;-4251.727539
407024.6563;5860624;-4253.153809
407084.9688;5860624;-4254.251465
407145.2813;5860624;-4254.90332
407205.5625;5860624;-4254.897461
407265.875;5860624;-4253.765137
407326.1875;5860624;-4251.084473
407386.4688;5860624;-4247.017578
407446.7813;5860624;-4244.297852
407507.0625;5860624;-4244.457031
407567.375;5860624;-4245.861328
407627.6875;5860624;-4247.575684
407687.9688;5860624;-4249.296387
407748.2813;5860624;-4250.832031
407808.5938;5860624;-4252.049805
407868.875;5860624;-4252.990723
407929.1875;5860624;-4253.738281
407989.4688;5860624;-4254.317871
408049.7813;5860624;-4254.704102
408110.0938;5860624;-4254.889648
408170.375;5860624;-4254.887207
408230.6875;5860624;-4254.70166
408291;5860624;-4254.354492
408351.2813;5860624;-4253.905762
408411.5938;5860624;-4264.950684
408471.875;5860624;-4264.318359
408532.1875;5860624;-4263.652832
408592.5;5860624;-4262.980469
408652.7813;5860624;-4262.30957
408713.0938;5860624;-4261.646973
408773.4063;5860624;-4261.007324
408833.6875;5860624;-4260.393555
408894;5860624;-4259.800781
408954.2813;5860624;-4259.238281
409014.5938;5860624;-4258.713867
409074.9063;5860624;-4258.223633
409135.1875;5860624;-4257.771973
409195.5;5860624;-4257.364258
409255.8125;5860624;-4257.00293
409316.0938;5860624;-4256.681641
409376.4063;5860624;-4256.398438
401356.4063;5860685;-4186.334473
401416.6875;5860685;-4186.435059
401477;5860685;-4186.556152
401537.3125;5860685;-4186.69873
401597.5938;5860685;-4186.864746
401657.9063;5860685;-4187.056152
401718.2188;5860685;-4187.270508
401778.5;5860685;-4187.504883
401838.8125;5860685;-4187.767578
401899.0938;5860685;-4188.056641
401959.4063;5860685;-4188.370605
402019.7188;5860685;-4188.72168
402080;5860685;-4189.124023
402140.3125;5860685;-4189.574219
402200.625;5860685;-4190.07959
402260.9063;5860685;-4190.664551
402321.2188;5860685;-4191.347656
402381.5;5860685;-4192.117188
402441.8125;5860685;-4192.96582
402502.125;5860685;-4193.899414
402562.4063;5860685;-4194.921875
402622.7188;5860685;-4196.020996
402683.0313;5860685;-4197.179199
402743.3125;5860685;-4198.400879
402803.625;5860685;-4199.717773
402863.9063;5860685;-4201.193359
402924.2188;5860685;-4202.94873
402984.5313;5860685;-4205.206543
403044.8125;5860685;-4208.120605
403105.125;5860685;-4211.448242
403165.4375;5860685;-4214.655762
403225.7188;5860685;-4216.696777
403286.0313;5860685;-4216.416016
403346.3125;5860685;-4214.036621
403406.625;5860685;-4210.593262
403466.9375;5860685;-4207.587402
403527.2188;5860685;-4206.693359
403587.5313;5860685;-4207.649414
403647.8438;5860685;-4208.768555
403708.125;5860685;-4207.830566
403768.4375;5860685;-4202.765137
403828.7188;5860685;-4195.403809
403889.0313;5860685;-4189.156738
403949.3438;5860685;-4185.422363
404009.625;5860685;-4183.501465
404069.9375;5860685;-4182.516113
404130.25;5860685;-4182.211914
404190.5313;5860685;-4182.729004
404250.8438;5860685;-4184.031738
404311.125;5860685;-4185.794434
404371.4375;5860685;-4187.758789
404431.75;5860685;-4189.750488
404492.0313;5860685;-4191.708984
404552.3438;5860685;-4193.696777
404612.625;5860685;-4202.088867
404672.9375;5860685;-4204.366699
404733.25;5860685;-4206.887207
404793.5313;5860685;-4209.477539
404853.8438;5860685;-4212.05127
404914.1563;5860685;-4214.461914
404974.4375;5860685;-4216.584473
405034.75;5860685;-4218.508301
405095.0313;5860685;-4214.727051
405155.3438;5860685;-4216.948242
405215.6563;5860685;-4219.033203
405275.9375;5860685;-4221.03418
405336.25;5860685;-4222.981445
405396.5625;5860685;-4224.891113
405456.8438;5860685;-4226.769531
405517.1563;5860685;-4228.560059
405577.4375;5860685;-4230.318848
405637.75;5860685;-4232.048828
405698.0625;5860685;-4233.69043
405758.3438;5860685;-4235.308105
405818.6563;5860685;-4225.98877
405878.9688;5860685;-4226.992676
405939.25;5860685;-4227.996582
405999.5625;5860685;-4228.998047
406059.8438;5860685;-4230.01123
406120.1563;5860685;-4231.028809
406180.4688;5860685;-4232.046875
406240.75;5860685;-4233.075195
406301.0625;5860685;-4234.119629
406361.375;5860685;-4235.1875
406421.6563;5860685;-4236.306641
406481.9688;5860685;-4237.495117
406542.25;5860685;-4238.773926
406602.5625;5860685;-4240.196289
406662.875;5860685;-4241.778809
406723.1563;5860685;-4243.480469
406783.4688;5860685;-4245.310547
406843.7813;5860685;-4247.263672
406904.0625;5860685;-4249.207031
406964.375;5860685;-4251.085938
407024.6563;5860685;-4252.904297
407084.9688;5860685;-4254.583496
407145.2813;5860685;-4256.077637
407205.5625;5860685;-4257.229492
407265.875;5860685;-4257.578613
407326.1875;5860685;-4256.267578
407386.4688;5860685;-4252.195313
407446.7813;5860685;-4248.085449
407507.0625;5860685;-4246.6875
407567.375;5860685;-4246.76416
407627.6875;5860685;-4247.367676
407687.9688;5860685;-4248.192871
407748.2813;5860685;-4249.078125
407808.5938;5860685;-4249.911133
407868.875;5860685;-4250.671875
407929.1875;5860685;-4251.362793
407989.4688;5860685;-4251.964355
408049.7813;5860685;-4252.422852
408110.0938;5860685;-4252.705078
408170.375;5860685;-4252.808594
408230.6875;5860685;-4252.733398
408291;5860685;-4252.493164
408351.2813;5860685;-4263.88916
408411.5938;5860685;-4263.380371
408471.875;5860685;-4262.811523
408532.1875;5860685;-4262.197754
408592.5;5860685;-4261.566406
408652.7813;5860685;-4260.929688
408713.0938;5860685;-4260.291992
408773.4063;5860685;-4259.671875
408833.6875;5860685;-4259.072266
408894;5860685;-4258.489258
408954.2813;5860685;-4257.934082
409014.5938;5860685;-4257.415039
409074.9063;5860685;-4256.92627
409135.1875;5860685;-4256.475586
409195.5;5860685;-4256.067871
409255.8125;5860685;-4255.705566
409316.0938;5860685;-4255.382324
409376.4063;5860685;-4255.095215
401356.4063;5860745.5;-4186.089844
401416.6875;5860745.5;-4186.187012
401477;5860745.5;-4186.305664
401537.3125;5860745.5;-4186.447754
401597.5938;5860745.5;-4186.612793
401657.9063;5860745.5;-4186.803711
401718.2188;5860745.5;-4187.019043
401778.5;5860745.5;-4187.255371
401838.8125;5860745.5;-4187.52002
401899.0938;5860745.5;-4187.810547
401959.4063;5860745.5;-4188.125488
402019.7188;5860745.5;-4188.475098
402080;5860745.5;-4188.869141
402140.3125;5860745.5;-4189.303223
402200.625;5860745.5;-4189.783203
402260.9063;5860745.5;-4190.325195
402321.2188;5860745.5;-4190.943359
402381.5;5860745.5;-4191.626465
402441.8125;5860745.5;-4192.370605
402502.125;5860745.5;-4193.183105
402562.4063;5860745.5;-4194.076172
402622.7188;5860745.5;-4195.049316
402683.0313;5860745.5;-4196.100586
402743.3125;5860745.5;-4197.246582
402803.625;5860745.5;-4198.533691
402863.9063;5860745.5;-4200.007813
402924.2188;5860745.5;-4201.745605
402984.5313;5860745.5;-4203.865723
403044.8125;5860745.5;-4206.379883
403105.125;5860745.5;-4209.037598
403165.4375;5860745.5;-4211.408203
403225.7188;5860745.5;-4212.698242
403286.0313;5860745.5;-4212.128418
403346.3125;5860745.5;-4209.972656
403406.625;5860745.5;-4207.079102
403466.9375;5860745.5;-4204.679688
403527.2188;5860745.5;-4203.973145
403587.5313;5860745.5;-4204.70459
403647.8438;5860745.5;-4205.537598
403708.125;5860745.5;-4203.947266
403768.4375;5860745.5;-4196.909668
403828.7188;5860745.5;-4187.131348
403889.0313;5860745.5;-4180.312012
403949.3438;5860745.5;-4177.722656
404009.625;5860745.5;-4177.187012
404069.9375;5860745.5;-4177.361328
404130.25;5860745.5;-4178.01416
404190.5313;5860745.5;-4179.347168
404250.8438;5860745.5;-4181.319336
404311.125;5860745.5;-4183.571777
404371.4375;5860745.5;-4185.814941
404431.75;5860745.5;-4187.854004
404492.0313;5860745.5;-4189.681152
404552.3438;5860745.5;-4191.513672
404612.625;5860745.5;-4199.993164
404672.9375;5860745.5;-4202.389648
404733.25;5860745.5;-4205.222656
404793.5313;5860745.5;-4208.208984
404853.8438;5860745.5;-4211.182129
404914.1563;5860745.5;-4213.933594
404974.4375;5860745.5;-4216.303223
405034.75;5860745.5;-4217.512695
405095.0313;5860745.5;-4214.171875
405155.3438;5860745.5;-4216.455566
405215.6563;5860745.5;-4218.55127
405275.9375;5860745.5;-4220.533691
405336.25;5860745.5;-4222.449219
405396.5625;5860745.5;-4224.322266
405456.8438;5860745.5;-4226.166016
405517.1563;5860745.5;-4227.924805
405577.4375;5860745.5;-4229.657715
405637.75;5860745.5;-4231.369629
405698.0625;5860745.5;-4232.995605
405758.3438;5860745.5;-4234.604004
405818.6563;5860745.5;-4236.208008
405878.9688;5860745.5;-4226.000977
405939.25;5860745.5;-4226.987793
405999.5625;5860745.5;-4227.975586
406059.8438;5860745.5;-4228.975098
406120.1563;5860745.5;-4229.981445
406180.4688;5860745.5;-4230.987793
406240.75;5860745.5;-4232.000488
406301.0625;5860745.5;-4233.023438
406361.375;5860745.5;-4234.066406
406421.6563;5860745.5;-4235.152344
406481.9688;5860745.5;-4236.29834
406542.25;5860745.5;-4237.529297
406602.5625;5860745.5;-4238.899414
406662.875;5860745.5;-4240.432129
406723.1563;5860745.5;-4242.09375
406783.4688;5860745.5;-4243.913086
406843.7813;5860745.5;-4245.917969
406904.0625;5860745.5;-4247.992188
406964.375;5860745.5;-4250.093262
407024.6563;5860745.5;-4252.255371
407084.9688;5860745.5;-4254.437988
407145.2813;5860745.5;-4256.648438
407205.5625;5860745.5;-4258.742188
407265.875;5860745.5;-4260.180176
407326.1875;5860745.5;-4259.987793
407386.4688;5860745.5;-4256.776367
407446.7813;5860745.5;-4252.333496
407507.0625;5860745.5;-4249.493652
407567.375;5860745.5;-4248.133789
407627.6875;5860745.5;-4247.607422
407687.9688;5860745.5;-4247.538086
407748.2813;5860745.5;-4247.754883
407808.5938;5860745.5;-4248.166504
407868.875;5860745.5;-4248.700195
407929.1875;5860745.5;-4249.28418
407989.4688;5860745.5;-4249.854004
408049.7813;5860745.5;-4250.333008
408110.0938;5860745.5;-4250.664063
408170.375;5860745.5;-4250.833008
408230.6875;5860745.5;-4250.833984
408291;5860745.5;-4262.65332
408351.2813;5860745.5;-4262.272949
408411.5938;5860745.5;-4261.820313
408471.875;5860745.5;-4261.301758
408532.1875;5860745.5;-4260.728027
408592.5;5860745.5;-4260.128906
408652.7813;5860745.5;-4259.518555
408713.0938;5860745.5;-4258.901367
408773.4063;5860745.5;-4258.296387
408833.6875;5860745.5;-4257.708008
408894;5860745.5;-4257.132324
408954.2813;5860745.5;-4256.583008
409014.5938;5860745.5;-4256.065918
409074.9063;5860745.5;-4255.580566
409135.1875;5860745.5;-4255.130371
409195.5;5860745.5;-4254.722168
409255.8125;5860745.5;-4254.358398
409316.0938;5860745.5;-4254.032715
409376.4063;5860745.5;-4253.742676
401356.4063;5860806;-4185.814941
401416.6875;5860806;-4185.907715
401477;5860806;-4186.022949
401537.3125;5860806;-4186.161621
401597.5938;5860806;-4186.324219
401657.9063;5860806;-4186.513184
401718.2188;5860806;-4186.727051
401778.5;5860806;-4186.962891
401838.8125;5860806;-4187.226074
401899.0938;5860806;-4187.515625
401959.4063;5860806;-4187.828125
402019.7188;5860806;-4188.172363
402080;5860806;-4188.556152
402140.3125;5860806;-4188.973633
402200.625;5860806;-4189.426758
402260.9063;5860806;-4189.929199
402321.2188;5860806;-4190.488281
402381.5;5860806;-4191.094238
402441.8125;5860806;-4191.745605
402502.125;5860806;-4192.447754
402562.4063;5860806;-4193.219238
402622.7188;5860806;-4194.066895
402683.0313;5860806;-4194.994141
402743.3125;5860806;-4196.026855
402803.625;5860806;-4197.208984
402863.9063;5860806;-4198.572266
402924.2188;5860806;-4200.15625
402984.5313;5860806;-4202.009277
403044.8125;5860806;-4204.068359
403105.125;5860806;-4206.097168
403165.4375;5860806;-4207.768555
403225.7188;5860806;-4208.514648
403286.0313;5860806;-4207.82373
403346.3125;5860806;-4205.971191
403406.625;5860806;-4203.59668
403466.9375;5860806;-4201.566406
403527.2188;5860806;-4200.577148
403587.5313;5860806;-4200.291016
403647.8438;5860806;-4199.588379
403708.125;5860806;-4196.13623
403768.4375;5860806;-4187.28125
403828.7188;5860806;-4176.388672
403889.0313;5860806;-4170.243164
403949.3438;5860806;-4169.685547
404009.625;5860806;-4170.884766
404069.9375;5860806;-4172.243652
404130.25;5860806;-4173.830566
404190.5313;5860806;-4175.999023
404250.8438;5860806;-4178.670898
404311.125;5860806;-4181.421875
404371.4375;5860806;-4183.90625
404431.75;5860806;-4185.882324
404492.0313;5860806;-4187.382324
404552.3438;5860806;-4195.752441
404612.625;5860806;-4197.354004
404672.9375;5860806;-4199.831055
404733.25;5860806;-4203.054688
404793.5313;5860806;-4206.551758
404853.8438;5860806;-4210.026855
404914.1563;5860806;-4213.202637
404974.4375;5860806;-4215.886719
405034.75;5860806;-4211.029785
405095.0313;5860806;-4213.652344
405155.3438;5860806;-4216.022949
405215.6563;5860806;-4218.143066
405275.9375;5860806;-4220.111328
405336.25;5860806;-4221.987305
405396.5625;5860806;-4223.8125
405456.8438;5860806;-4225.61084
405517.1563;5860806;-4227.324219
405577.4375;5860806;-4229.018555
405637.75;5860806;-4230.700684
405698.0625;5860806;-4232.302734
405758.3438;5860806;-4233.893555
405818.6563;5860806;-4235.486328
405878.9688;5860806;-4237.006348
405939.25;5860806;-4225.960938
405999.5625;5860806;-4226.934082
406059.8438;5860806;-4227.918457
406120.1563;5860806;-4228.908691
406180.4688;5860806;-4229.898438
406240.75;5860806;-4230.887695
406301.0625;5860806;-4231.880859
406361.375;5860806;-4232.887207
406421.6563;5860806;-4233.921875
406481.9688;5860806;-4235.003906
406542.25;5860806;-4236.158691
406602.5625;5860806;-4237.443359
406662.875;5860806;-4238.885254
406723.1563;5860806;-4240.458008
406783.4688;5860806;-4242.212891
406843.7813;5860806;-4244.210449
406904.0625;5860806;-4246.345215
406964.375;5860806;-4248.585938
407024.6563;5860806;-4250.977539
407084.9688;5860806;-4253.467285
407145.2813;5860806;-4256.037598
407205.5625;5860806;-4258.479004
407265.875;5860806;-4260.064453
407326.1875;5860806;-4259.889648
407386.4688;5860806;-4257.423828
407446.7813;5860806;-4253.817871
407507.0625;5860806;-4250.837402
407567.375;5860806;-4248.844727
407627.6875;5860806;-4247.609863
407687.9688;5860806;-4246.89209
407748.2813;5860806;-4246.587402
407808.5938;5860806;-4246.652832
407868.875;5860806;-4246.981934
407929.1875;5860806;-4247.449707
407989.4688;5860806;-4247.960449
408049.7813;5860806;-4248.422852
408110.0938;5860806;-4248.765137
408170.375;5860806;-4261.374512
408230.6875;5860806;-4261.289063
408291;5860806;-4261.051758
408351.2813;5860806;-4260.70752
408411.5938;5860806;-4260.291016
408471.875;5860806;-4259.804688
408532.1875;5860806;-4259.257813
408592.5;5860806;-4258.680664
408652.7813;5860806;-4258.087891
408713.0938;5860806;-4257.485352
408773.4063;5860806;-4256.890137
408833.6875;5860806;-4256.307617
408894;5860806;-4255.736816
408954.2813;5860806;-4255.191406
409014.5938;5860806;-4254.67627
409074.9063;5860806;-4254.19043
409135.1875;5860806;-4253.740234
409195.5;5860806;-4253.32959
409255.8125;5860806;-4252.963867
409316.0938;5860806;-4252.635254
409376.4063;5860806;-4252.341309
401356.4063;5860866.5;-4185.509277
401416.6875;5860866.5;-4185.596191
401477;5860866.5;-4185.707031
401537.3125;5860866.5;-4185.840332
401597.5938;5860866.5;-4185.999023
401657.9063;5860866.5;-4186.183105
401718.2188;5860866.5;-4186.392578
401778.5;5860866.5;-4186.624512
401838.8125;5860866.5;-4186.884277
401899.0938;5860866.5;-4187.168945
401959.4063;5860866.5;-4187.476074
402019.7188;5860866.5;-4187.812012
402080;5860866.5;-4188.183594
402140.3125;5860866.5;-4188.583008
402200.625;5860866.5;-4189.010742
402260.9063;5860866.5;-4189.477051
402321.2188;5860866.5;-4189.984375
402381.5;5860866.5;-4190.525391
402441.8125;5860866.5;-4191.097656
402502.125;5860866.5;-4191.707031
402562.4063;5860866.5;-4192.369141
402622.7188;5860866.5;-4193.095703
402683.0313;5860866.5;-4193.894531
402743.3125;5860866.5;-4194.790039
402803.625;5860866.5;-4195.822266
402863.9063;5860866.5;-4197.008789
402924.2188;5860866.5;-4198.367676
402984.5313;5860866.5;-4199.910156
403044.8125;5860866.5;-4201.544922
403105.125;5860866.5;-4203.072754
403165.4375;5860866.5;-4204.249023
403225.7188;5860866.5;-4204.661133
403286.0313;5860866.5;-4203.95459
403346.3125;5860866.5;-4202.34375
403406.625;5860866.5;-4200.259766
403466.9375;5860866.5;-4198.224609
403527.2188;5860866.5;-4196.566406
403587.5313;5860866.5;-4194.879395
403647.8438;5860866.5;-4192.17627
403708.125;5860866.5;-4186.850098
403768.4375;5860866.5;-4177.868164
403828.7188;5860866.5;-4168.392578
403889.0313;5860866.5;-4163.740723
403949.3438;5860866.5;-4164.296875
404009.625;5860866.5;-4166.267578
404069.9375;5860866.5;-4168.191895
404130.25;5860866.5;-4170.396973
404190.5313;5860866.5;-4173.283691
404250.8438;5860866.5;-4176.581055
404311.125;5860866.5;-4179.758301
404371.4375;5860866.5;-4182.395508
404431.75;5860866.5;-4184.15332
404492.0313;5860866.5;-4185.04541
404552.3438;5860866.5;-4193.013184
404612.625;5860866.5;-4194.099121
404672.9375;5860866.5;-4196.645996
404733.25;5860866.5;-4200.407715
404793.5313;5860866.5;-4204.566406
404853.8438;5860866.5;-4208.639648
404914.1563;5860866.5;-4212.300293
404974.4375;5860866.5;-4207.036133
405034.75;5860866.5;-4210.251465
405095.0313;5860866.5;-4213.063477
405155.3438;5860866.5;-4215.54248
405215.6563;5860866.5;-4217.70459
405275.9375;5860866.5;-4219.672363
405336.25;5860866.5;-4221.516602
405396.5625;5860866.5;-4223.296387
405456.8438;5860866.5;-4225.044922
405517.1563;5860866.5;-4226.708496
405577.4375;5860866.5;-4228.35791
405637.75;5860866.5;-4230.004395
405698.0625;5860866.5;-4231.577637
405758.3438;5860866.5;-4233.145508
405818.6563;5860866.5;-4234.723145
405878.9688;5860866.5;-4236.23291
405939.25;5860866.5;-4237.731934
405999.5625;5860866.5;-4225.845215
406059.8438;5860866.5;-4226.813477
406120.1563;5860866.5;-4227.786621
406180.4688;5860866.5;-4228.760254
406240.75;5860866.5;-4229.725586
406301.0625;5860866.5;-4230.685547
406361.375;5860866.5;-4231.649414
406421.6563;5860866.5;-4232.626953
406481.9688;5860866.5;-4233.632324
406542.25;5860866.5;-4234.691895
406602.5625;5860866.5;-4235.861328
406662.875;5860866.5;-4237.174316
406723.1563;5860866.5;-4238.610352
406783.4688;5860866.5;-4240.23877
406843.7813;5860866.5;-4242.152832
406904.0625;5860866.5;-4244.254395
406964.375;5860866.5;-4246.520508
407024.6563;5860866.5;-4248.996582
407084.9688;5860866.5;-4251.567871
407145.2813;5860866.5;-4254.142578
407205.5625;5860866.5;-4256.493164
407265.875;5860866.5;-4257.918457
407326.1875;5860866.5;-4257.681641
407386.4688;5860866.5;-4255.833008
407446.7813;5860866.5;-4253.166016
407507.0625;5860866.5;-4250.591309
407567.375;5860866.5;-4248.536621
407627.6875;5860866.5;-4247.033203
407687.9688;5860866.5;-4246.001465
407748.2813;5860866.5;-4245.416016
407808.5938;5860866.5;-4245.275391
407868.875;5860866.5;-4245.465332
407929.1875;5860866.5;-4245.833008
407989.4688;5860866.5;-4246.274414
408049.7813;5860866.5;-4246.694336
408110.0938;5860866.5;-4259.782227
408170.375;5860866.5;-4259.830566
408230.6875;5860866.5;-4259.739746
408291;5860866.5;-4259.510254
408351.2813;5860866.5;-4259.180664
408411.5938;5860866.5;-4258.780273
408471.875;5860866.5;-4258.310059
408532.1875;5860866.5;-4257.776855
408592.5;5860866.5;-4257.212402
408652.7813;5860866.5;-4256.629883
408713.0938;5860866.5;-4256.035156
408773.4063;5860866.5;-4255.445801
408833.6875;5860866.5;-4254.868164
408894;5860866.5;-4254.300293
408954.2813;5860866.5;-4253.756348
409014.5938;5860866.5;-4253.242188
409074.9063;5860866.5;-4252.757324
409135.1875;5860866.5;-4252.306152
409195.5;5860866.5;-4251.894043
409255.8125;5860866.5;-4251.526855
409316.0938;5860866.5;-4251.195313
409376.4063;5860866.5;-4250.896973
401356.4063;5860927;-4185.170898
401416.6875;5860927;-4185.251465
401477;5860927;-4185.354492
401537.3125;5860927;-4185.481445
401597.5938;5860927;-4185.634277
401657.9063;5860927;-4185.811523
401718.2188;5860927;-4186.01416
401778.5;5860927;-4186.239258
401838.8125;5860927;-4186.492188
401899.0938;5860927;-4186.769043
401959.4063;5860927;-4187.066895
402019.7188;5860927;-4187.391602
402080;5860927;-4187.748535
402140.3125;5860927;-4188.128906
402200.625;5860927;-4188.532227
402260.9063;5860927;-4188.96582
402321.2188;5860927;-4189.429199
402381.5;5860927;-4189.913574
402441.8125;5860927;-4190.420898
402502.125;5860927;-4190.95166
402562.4063;5860927;-4191.519531
402622.7188;5860927;-4192.137695
402683.0313;5860927;-4192.8125
402743.3125;5860927;-4193.565918
402803.625;5860927;-4194.431641
402863.9063;5860927;-4195.419922
402924.2188;5860927;-4196.534668
402984.5313;5860927;-4197.771973
403044.8125;5860927;-4199.041016
403105.125;5860927;-4200.186035
403165.4375;5860927;-4201.025879
403225.7188;5860927;-4201.247559
403286.0313;5860927;-4200.573242
403346.3125;5860927;-4199.133301
403406.625;5860927;-4197.180176
403466.9375;5860927;-4194.986328
403527.2188;5860927;-4192.682129
403587.5313;5860927;-4189.960449
403647.8438;5860927;-4186.161621
403708.125;5860927;-4180.410156
403768.4375;5860927;-4172.814941
403828.7188;5860927;-4165.795898
403889.0313;5860927;-4162.246094
403949.3438;5860927;-4162.412598
404009.625;5860927;-4163.952148
404069.9375;5860927;-4165.754395
404130.25;5860927;-4168.21875
404190.5313;5860927;-4171.620605
404250.8438;5860927;-4175.37793
404311.125;5860927;-4178.84375
404371.4375;5860927;-4181.555664
404431.75;5860927;-4183.012207
404492.0313;5860927;-4185.255859
404552.3438;5860927;-4190.246094
404612.625;5860927;-4190.553223
404672.9375;5860927;-4193.279297
404733.25;5860927;-4197.852539
404793.5313;5860927;-4202.800781
404853.8438;5860927;-4207.431152
404914.1563;5860927;-4211.48291
404974.4375;5860927;-4205.929688
405034.75;5860927;-4209.417969
405095.0313;5860927;-4212.416016
405155.3438;5860927;-4215.008301
405215.6563;5860927;-4217.228027
405275.9375;5860927;-4219.214844
405336.25;5860927;-4221.038086
405396.5625;5860927;-4222.77832
405456.8438;5860927;-4224.479004
405517.1563;5860927;-4226.086914
405577.4375;5860927;-4227.68457
405637.75;5860927;-4229.286621
405698.0625;5860927;-4230.821289
405758.3438;5860927;-4232.358398
405818.6563;5860927;-4233.914551
405878.9688;5860927;-4235.408691
405939.25;5860927;-4236.899902
405999.5625;5860927;-4231.327637
406059.8438;5860927;-4225.644531
406120.1563;5860927;-4226.600098
406180.4688;5860927;-4227.555176
406240.75;5860927;-4228.494141
406301.0625;5860927;-4229.41748
406361.375;5860927;-4230.335449
406421.6563;5860927;-4231.24707
406481.9688;5860927;-4232.163574
406542.25;5860927;-4233.109863
406602.5625;5860927;-4234.137695
406662.875;5860927;-4235.285645
406723.1563;5860927;-4236.537598
406783.4688;5860927;-4237.981445
406843.7813;5860927;-4239.740234
406904.0625;5860927;-4241.716309
406964.375;5860927;-4243.905762
407024.6563;5860927;-4246.359863
407084.9688;5860927;-4248.892578
407145.2813;5860927;-4251.325195
407205.5625;5860927;-4253.454102
407265.875;5860927;-4254.720703
407326.1875;5860927;-4254.603516
407386.4688;5860927;-4253.309082
407446.7813;5860927;-4251.370605
407507.0625;5860927;-4249.288574
407567.375;5860927;-4247.434082
407627.6875;5860927;-4245.954102
407687.9688;5860927;-4244.868652
407748.2813;5860927;-4244.200195
407808.5938;5860927;-4243.974609
407868.875;5860927;-4244.084473
407929.1875;5860927;-4244.373047
407989.4688;5860927;-4244.743164
408049.7813;5860927;-4258.283203
408110.0938;5860927;-4258.389648
408170.375;5860927;-4258.390625
408230.6875;5860927;-4258.271484
408291;5860927;-4258.026855
408351.2813;5860927;-4257.691895
408411.5938;5860927;-4257.289551
408471.875;5860927;-4256.820313
408532.1875;5860927;-4256.290039
408592.5;5860927;-4255.729492
408652.7813;5860927;-4255.149902
408713.0938;5860927;-4254.558105
408773.4063;5860927;-4253.970215
408833.6875;5860927;-4253.39502
408894;5860927;-4252.827637
408954.2813;5860927;-4252.28418
409014.5938;5860927;-4251.77002
409074.9063;5860927;-4251.28418
409135.1875;5860927;-4250.83252
409195.5;5860927;-4250.418945
409255.8125;5860927;-4250.049805
409316.0938;5860927;-4249.715332
409376.4063;5860927;-4249.412109
401356.4063;5860988;-4184.795898
401416.6875;5860988;-4184.868652
401477;5860988;-4184.963867
401537.3125;5860988;-4185.083496
401597.5938;5860988;-4185.227051
401657.9063;5860988;-4185.395996
401718.2188;5860988;-4185.589355
401778.5;5860988;-4185.803711
401838.8125;5860988;-4186.046387
401899.0938;5860988;-4186.311523
401959.4063;5860988;-4186.596191
402019.7188;5860988;-4186.907227
402080;5860988;-4187.24707
402140.3125;5860988;-4187.606934
402200.625;5860988;-4187.98584
402260.9063;5860988;-4188.388184
402321.2188;5860988;-4188.812012
402381.5;5860988;-4189.249512
402441.8125;5860988;-4189.700195
402502.125;5860988;-4190.165039
402562.4063;5860988;-4190.652344
402622.7188;5860988;-4191.173828
402683.0313;5860988;-4191.73584
402743.3125;5860988;-4192.354004
402803.625;5860988;-4193.056152
402863.9063;5860988;-4193.847656
402924.2188;5860988;-4194.726563
402984.5313;5860988;-4195.682617
403044.8125;5860988;-4196.640137
403105.125;5860988;-4197.481445
403165.4375;5860988;-4198.079102
403225.7188;5860988;-4198.188965
403286.0313;5860988;-4197.57373
403346.3125;5860988;-4196.282227
403406.625;5860988;-4194.434082
403466.9375;5860988;-4192.129883
403527.2188;5860988;-4189.416992
403587.5313;5860988;-4186.175293
403647.8438;5860988;-4182.084961
403708.125;5860988;-4176.79834
403768.4375;5860988;-4170.773926
403828.7188;5860988;-4165.625977
403889.0313;5860988;-4162.763184
403949.3438;5860988;-4162.436035
404009.625;5860988;-4163.479004
404069.9375;5860988;-4165.09668
404130.25;5860988;-4167.592285
404190.5313;5860988;-4171.12207
404250.8438;5860988;-4175.023926
404311.125;5860988;-4178.618652
404371.4375;5860988;-4181.441895
404431.75;5860988;-4182.730469
404492.0313;5860988;-4190.299805
404552.3438;5860988;-4187.825195
404612.625;5860988;-4187.007324
404672.9375;5860988;-4190.319336
404733.25;5860988;-4196.291992
404793.5313;5860988;-4202.151367
404853.8438;5860988;-4207.080078
404914.1563;5860988;-4200.687988
404974.4375;5860988;-4204.929199
405034.75;5860988;-4208.59668
405095.0313;5860988;-4211.749512
405155.3438;5860988;-4214.445313
405215.6563;5860988;-4216.741211
405275.9375;5860988;-4218.775879
405336.25;5860988;-4220.588867
405396.5625;5860988;-4222.297363
405456.8438;5860988;-4223.95166
405517.1563;5860988;-4225.495605
405577.4375;5860988;-4227.029297
405637.75;5860988;-4228.571289
405698.0625;5860988;-4230.052246
405758.3438;5860988;-4231.545898
405818.6563;5860988;-4233.067383
405878.9688;5860988;-4234.537109
405939.25;5860988;-4236.012207
405999.5625;5860988;-4237.507813
406059.8438;5860988;-4224.402832
406120.1563;5860988;-4225.33252
406180.4688;5860988;-4226.26416
406240.75;5860988;-4227.169434
406301.0625;5860988;-4228.049316
406361.375;5860988;-4228.913086
406421.6563;5860988;-4229.75
406481.9688;5860988;-4230.564453
406542.25;5860988;-4231.377441
406602.5625;5860988;-4232.23877
406662.875;5860988;-4233.189453
406723.1563;5860988;-4234.21582
406783.4688;5860988;-4235.424805
406843.7813;5860988;-4236.965332
406904.0625;5860988;-4238.737793
406964.375;5860988;-4240.762695
407024.6563;5860988;-4243.119141
407084.9688;5860988;-4245.574219
407145.2813;5860988;-4247.88916
407205.5625;5860988;-4249.864258
407265.875;5860988;-4251.067871
407326.1875;5860988;-4251.160156
407386.4688;5860988;-4250.352539
407446.7813;5860988;-4248.994141
407507.0625;5860988;-4247.394531
407567.375;5860988;-4245.855469
407627.6875;5860988;-4244.561035
407687.9688;5860988;-4243.579102
407748.2813;5860988;-4242.952148
407808.5938;5860988;-4242.718262
407868.875;5860988;-4242.785645
407929.1875;5860988;-4243.009766
407989.4688;5860988;-4257.004395
408049.7813;5860988;-4257.090332
408110.0938;5860988;-4257.11377
408170.375;5860988;-4257.049805
408230.6875;5860988;-4256.881348
408291;5860988;-4256.603516
408351.2813;5860988;-4256.243652
408411.5938;5860988;-4255.82373
408471.875;5860988;-4255.342773
408532.1875;5860988;-4254.804688
408592.5;5860988;-4254.238281
408652.7813;5860988;-4253.654785
408713.0938;5860988;-4253.05957
408773.4063;5860988;-4252.470215
408833.6875;5860988;-4251.892578
408894;5860988;-4251.324219
408954.2813;5860988;-4250.778809
409014.5938;5860988;-4250.264648
409074.9063;5860988;-4249.777344
409135.1875;5860988;-4249.32373
409195.5;5860988;-4248.907715
409255.8125;5860988;-4248.535645
409316.0938;5860988;-4248.198242
409376.4063;5860988;-4247.891113
401356.4063;5861048.5;-4184.385254
401416.6875;5861048.5;-4184.44873
401477;5861048.5;-4184.534668
401537.3125;5861048.5;-4184.644531
401597.5938;5861048.5;-4184.776855
401657.9063;5861048.5;-4184.934082
401718.2188;5861048.5;-4185.114746
401778.5;5861048.5;-4185.317383
401838.8125;5861048.5;-4185.544922
401899.0938;5861048.5;-4185.79541
401959.4063;5861048.5;-4186.063965
402019.7188;5861048.5;-4186.357422
402080;5861048.5;-4186.676758
402140.3125;5861048.5;-4187.01416
402200.625;5861048.5;-4187.367188
402260.9063;5861048.5;-4187.739746
402321.2188;5861048.5;-4188.126953
402381.5;5861048.5;-4188.521973
402441.8125;5861048.5;-4188.924316
402502.125;5861048.5;-4189.332031
402562.4063;5861048.5;-4189.75
402622.7188;5861048.5;-4190.187012
402683.0313;5861048.5;-4190.647949
402743.3125;5861048.5;-4191.143066
402803.625;5861048.5;-4191.693359
402863.9063;5861048.5;-4192.301758
402924.2188;5861048.5;-4192.963867
402984.5313;5861048.5;-4193.668945
403044.8125;5861048.5;-4194.358398
403105.125;5861048.5;-4194.950195
403165.4375;5861048.5;-4195.356445
403225.7188;5861048.5;-4195.390137
403286.0313;5861048.5;-4194.843262
403346.3125;5861048.5;-4193.708008
403406.625;5861048.5;-4192.012207
403466.9375;5861048.5;-4189.750488
403527.2188;5861048.5;-4186.937988
403587.5313;5861048.5;-4183.584961
403647.8438;5861048.5;-4179.638672
403708.125;5861048.5;-4175.064453
403768.4375;5861048.5;-4170.324707
403828.7188;5861048.5;-4166.393555
403889.0313;5861048.5;-4164.005859
403949.3438;5861048.5;-4163.446777
404009.625;5861048.5;-4164.209961
404069.9375;5861048.5;-4165.748047
404130.25;5861048.5;-4168.123535
404190.5313;5861048.5;-4171.430176
404250.8438;5861048.5;-4175.181641
404311.125;5861048.5;-4178.763672
404371.4375;5861048.5;-4181.752441
404431.75;5861048.5;-4183.037598
404492.0313;5861048.5;-4190.19873
404552.3438;5861048.5;-4185.438965
404612.625;5861048.5;-4182.931641
404672.9375;5861048.5;-4187.745605
404733.25;5861048.5;-4196.230469
404793.5313;5861048.5;-4203.188477
404853.8438;5861048.5;-4208.023438
404914.1563;5861048.5;-4200.297363
404974.4375;5861048.5;-4204.305176
405034.75;5861048.5;-4207.894043
405095.0313;5861048.5;-4211.060059
405155.3438;5861048.5;-4213.797852
405215.6563;5861048.5;-4216.154297
405275.9375;5861048.5;-4218.243652
405336.25;5861048.5;-4220.05957
405396.5625;5861048.5;-4221.747559
405456.8438;5861048.5;-4223.360352
405517.1563;5861048.5;-4224.840332
405577.4375;5861048.5;-4226.305176
405637.75;5861048.5;-4227.781738
405698.0625;5861048.5;-4229.203613
405758.3438;5861048.5;-4230.645996
405818.6563;5861048.5;-4232.127441
405878.9688;5861048.5;-4233.567871
405939.25;5861048.5;-4235.022461
405999.5625;5861048.5;-4236.507324
406059.8438;5861048.5;-4237.955078
406120.1563;5861048.5;-4223.956055
406180.4688;5861048.5;-4224.867676
406240.75;5861048.5;-4225.746094
406301.0625;5861048.5;-4226.59082
406361.375;5861048.5;-4227.412598
406421.6563;5861048.5;-4228.186035
406481.9688;5861048.5;-4228.908691
406542.25;5861048.5;-4229.59668
406602.5625;5861048.5;-4230.290527
406662.875;5861048.5;-4231.03418
406723.1563;5861048.5;-4231.811035
406783.4688;5861048.5;-4232.746094
406843.7813;5861048.5;-4234.007813
406904.0625;5861048.5;-4235.494629
406964.375;5861048.5;-4237.271973
407024.6563;5861048.5;-4239.467773
407084.9688;5861048.5;-4241.827148
407145.2813;5861048.5;-4244.080078
407205.5625;5861048.5;-4246.01123
407265.875;5861048.5;-4247.257813
407326.1875;5861048.5;-4247.602539
407386.4688;5861048.5;-4247.223633
407446.7813;5861048.5;-4246.355957
407507.0625;5861048.5;-4245.212402
407567.375;5861048.5;-4244.034668
407627.6875;5861048.5;-4243.006348
407687.9688;5861048.5;-4242.214355
407748.2813;5861048.5;-4241.696289
407808.5938;5861048.5;-4241.49707
407868.875;5861048.5;-4241.542969
407929.1875;5861048.5;-4241.711426
407989.4688;5861048.5;-4255.974121
408049.7813;5861048.5;-4255.957031
408110.0938;5861048.5;-4255.88916
408170.375;5861048.5;-4255.747559
408230.6875;5861048.5;-4255.518066
408291;5861048.5;-4255.194336
408351.2813;5861048.5;-4254.79834
408411.5938;5861048.5;-4254.351074
408471.875;5861048.5;-4253.849121
408532.1875;5861048.5;-4253.295898
408592.5;5861048.5;-4252.71875
408652.7813;5861048.5;-4252.126465
408713.0938;5861048.5;-4251.524902
408773.4063;5861048.5;-4250.930664
408833.6875;5861048.5;-4250.350098
408894;5861048.5;-4249.779785
408954.2813;5861048.5;-4249.232422
409014.5938;5861048.5;-4248.716309
409074.9063;5861048.5;-4248.228027
409135.1875;5861048.5;-4247.773438
409195.5;5861048.5;-4247.356445
409255.8125;5861048.5;-4246.981934
409316.0938;5861048.5;-4246.640625
409376.4063;5861048.5;-4246.329102
401356.4063;5861109;-4183.936035
401416.6875;5861109;-4183.988281
401477;5861109;-4184.062988
401537.3125;5861109;-4184.160645
401597.5938;5861109;-4184.280273
401657.9063;5861109;-4184.423828
401718.2188;5861109;-4184.589355
401778.5;5861109;-4184.774902
401838.8125;5861109;-4184.985352
401899.0938;5861109;-4185.216797
401959.4063;5861109;-4185.465332
402019.7188;5861109;-4185.736328
402080;5861109;-4186.032227
402140.3125;5861109;-4186.343262
402200.625;5861109;-4186.668457
402260.9063;5861109;-4187.009277
402321.2188;5861109;-4187.36084
402381.5;5861109;-4187.716309
402441.8125;5861109;-4188.074707
402502.125;5861109;-4188.432617
402562.4063;5861109;-4188.790039
402622.7188;5861109;-4189.154297
402683.0313;5861109;-4189.527832
402743.3125;5861109;-4189.914551
402803.625;5861109;-4190.331543
402863.9063;5861109;-4190.777832
402924.2188;5861109;-4191.249023
402984.5313;5861109;-4191.736328
403044.8125;5861109;-4192.195801
403105.125;5861109;-4192.573242
403165.4375;5861109;-4192.812012
403225.7188;5861109;-4192.772461
403286.0313;5861109;-4192.28125
403346.3125;5861109;-4191.301758
403406.625;5861109;-4189.812988
403466.9375;5861109;-4187.753906
403527.2188;5861109;-4185.110352
403587.5313;5861109;-4181.957031
403647.8438;5861109;-4178.375
403708.125;5861109;-4174.478027
403768.4375;5861109;-4170.661621
403828.7188;5861109;-4167.510742
403889.0313;5861109;-4165.458496
403949.3438;5861109;-4164.783691
404009.625;5861109;-4165.309082
404069.9375;5861109;-4166.660156
404130.25;5861109;-4168.770996
404190.5313;5861109;-4171.707031
404250.8438;5861109;-4175.114746
404311.125;5861109;-4178.399414
404371.4375;5861109;-4181.092773
404431.75;5861109;-4192.148438
404492.0313;5861109;-4188.999512
404552.3438;5861109;-4182.822266
404612.625;5861109;-4179.433105
404672.9375;5861109;-4187.353516
404733.25;5861109;-4198.249512
404793.5313;5861109;-4205.866211
404853.8438;5861109;-4196.967285
404914.1563;5861109;-4200.699707
404974.4375;5861109;-4204.088379
405034.75;5861109;-4207.321777
405095.0313;5861109;-4210.339355
405155.3438;5861109;-4213.051758
405215.6563;5861109;-4215.456543
405275.9375;5861109;-4217.611328
405336.25;5861109;-4219.447266
405396.5625;5861109;-4221.125
405456.8438;5861109;-4222.700195
405517.1563;5861109;-4224.112305
405577.4375;5861109;-4225.500977
405637.75;5861109;-4226.90332
405698.0625;5861109;-4228.258301
405758.3438;5861109;-4229.641113
405818.6563;5861109;-4231.073242
405878.9688;5861109;-4232.477051
405939.25;5861109;-4233.907715
405999.5625;5861109;-4235.376953
406059.8438;5861109;-4236.821777
406120.1563;5861109;-4238.263184
406180.4688;5861109;-4223.339844
406240.75;5861109;-4224.202637
406301.0625;5861109;-4225.029297
406361.375;5861109;-4225.830566
406421.6563;5861109;-4226.568848
406481.9688;5861109;-4227.228516
406542.25;5861109;-4227.817871
406602.5625;5861109;-4228.365234
406662.875;5861109;-4228.912109
406723.1563;5861109;-4229.4375
406783.4688;5861109;-4230.074219
406843.7813;5861109;-4231.007324
406904.0625;5861109;-4232.138672
406964.375;5861109;-4233.597168
407024.6563;5861109;-4235.603516
407084.9688;5861109;-4237.892578
407145.2813;5861109;-4240.137695
407205.5625;5861109;-4242.113281
407265.875;5861109;-4243.491699
407326.1875;5861109;-4244.109375
407386.4688;5861109;-4244.105957
407446.7813;5861109;-4243.657715
407507.0625;5861109;-4242.929199
407567.375;5861109;-4242.111816
407627.6875;5861109;-4241.373047
407687.9688;5861109;-4240.797363
407748.2813;5861109;-4240.413574
407808.5938;5861109;-4240.265625
407868.875;5861109;-4240.300781
407929.1875;5861109;-4255.074707
407989.4688;5861109;-4254.963867
408049.7813;5861109;-4254.843262
408110.0938;5861109;-4254.680664
408170.375;5861109;-4254.45752
408230.6875;5861109;-4254.159668
408291;5861109;-4253.78125
408351.2813;5861109;-4253.342773
408411.5938;5861109;-4252.859863
408471.875;5861109;-4252.32959
408532.1875;5861109;-4251.755859
408592.5;5861109;-4251.165039
408652.7813;5861109;-4250.5625
408713.0938;5861109;-4249.95166
408773.4063;5861109;-4249.351563
408833.6875;5861109;-4248.76709
408894;5861109;-4248.194336
408954.2813;5861109;-4247.644531
409014.5938;5861109;-4247.126465
409074.9063;5861109;-4246.638184
409135.1875;5861109;-4246.182617
409195.5;5861109;-4245.763184
409255.8125;5861109;-4245.387695
409316.0938;5861109;-4245.043457
409376.4063;5861109;-4244.728516
401356.4063;5861169.5;-4183.447266
401416.6875;5861169.5;-4183.488281
401477;5861169.5;-4183.550293
401537.3125;5861169.5;-4183.633789
401597.5938;5861169.5;-4183.737793
401657.9063;5861169.5;-4183.865723
401718.2188;5861169.5;-4184.013672
401778.5;5861169.5;-4184.179688
401838.8125;5861169.5;-4184.369141
401899.0938;5861169.5;-4184.577148
401959.4063;5861169.5;-4184.802734
402019.7188;5861169.5;-4185.049805
402080;5861169.5;-4185.317871
402140.3125;5861169.5;-4185.599121
402200.625;5861169.5;-4185.894043
402260.9063;5861169.5;-4186.20166
402321.2188;5861169.5;-4186.51709
402381.5;5861169.5;-4186.83252
402441.8125;5861169.5;-4187.149902
402502.125;5861169.5;-4187.462402
402562.4063;5861169.5;-4187.765625
402622.7188;5861169.5;-4188.06543
402683.0313;5861169.5;-4188.361328
402743.3125;5861169.5;-4188.654297
402803.625;5861169.5;-4188.954102
402863.9063;5861169.5;-4189.26123
402924.2188;5861169.5;-4189.567383
402984.5313;5861169.5;-4189.866699
403044.8125;5861169.5;-4190.126953
403105.125;5861169.5;-4190.313965
403165.4375;5861169.5;-4190.394531
403225.7188;5861169.5;-4190.269043
403286.0313;5861169.5;-4189.799805
403346.3125;5861169.5;-4188.946289
403406.625;5861169.5;-4187.670898
403466.9375;5861169.5;-4185.883301
403527.2188;5861169.5;-4183.552246
403587.5313;5861169.5;-4180.769043
403647.8438;5861169.5;-4177.649902
403708.125;5861169.5;-4174.353027
403768.4375;5861169.5;-4171.206543
403828.7188;5861169.5;-4168.59082
403889.0313;5861169.5;-4166.792969
403949.3438;5861169.5;-4166.056641
404009.625;5861169.5;-4166.351074
404069.9375;5861169.5;-4167.410645
404130.25;5861169.5;-4169.152832
404190.5313;5861169.5;-4171.640137
404250.8438;5861169.5;-4174.58252
404311.125;5861169.5;-4177.396484
404371.4375;5861169.5;-4189.887695
404431.75;5861169.5;-4190.333496
404492.0313;5861169.5;-4187.830566
404552.3438;5861169.5;-4183.705078
404612.625;5861169.5;-4183.620117
404672.9375;5861169.5;-4194.490234
404733.25;5861169.5;-4203.519531
404793.5313;5861169.5;-4209.041016
404853.8438;5861169.5;-4198.392578
404914.1563;5861169.5;-4201.187988
404974.4375;5861169.5;-4203.92627
405034.75;5861169.5;-4206.746094
405095.0313;5861169.5;-4209.564941
405155.3438;5861169.5;-4212.248535
405215.6563;5861169.5;-4214.720215
405275.9375;5861169.5;-4216.964844
405336.25;5861169.5;-4218.839355
405396.5625;5861169.5;-4220.513672
405456.8438;5861169.5;-4222.043457
405517.1563;5861169.5;-4223.374512
405577.4375;5861169.5;-4224.673828
405637.75;5861169.5;-4225.989258
405698.0625;5861169.5;-4227.261719
405758.3438;5861169.5;-4228.572754
405818.6563;5861169.5;-4229.942383
405878.9688;5861169.5;-4231.299316
405939.25;5861169.5;-4232.696289
405999.5625;5861169.5;-4234.144043
406059.8438;5861169.5;-4235.584473
406120.1563;5861169.5;-4237.039551
406180.4688;5861169.5;-4238.52002
406240.75;5861169.5;-4222.537598
406301.0625;5861169.5;-4223.363281
406361.375;5861169.5;-4224.17334
406421.6563;5861169.5;-4224.910156
406481.9688;5861169.5;-4225.544922
406542.25;5861169.5;-4226.074707
406602.5625;5861169.5;-4226.513672
406662.875;5861169.5;-4226.897461
406723.1563;5861169.5;-4227.191895
406783.4688;5861169.5;-4227.537598
406843.7813;5861169.5;-4228.134766
406904.0625;5861169.5;-4228.87207
406964.375;5861169.5;-4229.94873
407024.6563;5861169.5;-4231.758789
407084.9688;5861169.5;-4234.038574
407145.2813;5861169.5;-4236.328613
407205.5625;5861169.5;-4238.383789
407265.875;5861169.5;-4239.90918
407326.1875;5861169.5;-4240.773926
407386.4688;5861169.5;-4241.088867
407446.7813;5861169.5;-4240.998047
407507.0625;5861169.5;-4240.633301
407567.375;5861169.5;-4240.144531
407627.6875;5861169.5;-4239.677734
407687.9688;5861169.5;-4239.310059
407748.2813;5861169.5;-4239.055664
407808.5938;5861169.5;-4238.959961
407868.875;5861169.5;-4254.390137
407929.1875;5861169.5;-4254.158203
407989.4688;5861169.5;-4253.95166
408049.7813;5861169.5;-4253.731934
408110.0938;5861169.5;-4253.477051
408170.375;5861169.5;-4253.170898
408230.6875;5861169.5;-4252.802734
408291;5861169.5;-4252.366699
408351.2813;5861169.5;-4251.880371
408411.5938;5861169.5;-4251.35791
408471.875;5861169.5;-4250.796875
408532.1875;5861169.5;-4250.199707
408592.5;5861169.5;-4249.590332
408652.7813;5861169.5;-4248.974609
408713.0938;5861169.5;-4248.353516
408773.4063;5861169.5;-4247.746582
408833.6875;5861169.5;-4247.157227
408894;5861169.5;-4246.581543
408954.2813;5861169.5;-4246.029785
409014.5938;5861169.5;-4245.509766
409074.9063;5861169.5;-4245.021484
409135.1875;5861169.5;-4244.564453
409195.5;5861169.5;-4244.144043
409255.8125;5861169.5;-4243.766602
409316.0938;5861169.5;-4243.42041
409376.4063;5861169.5;-4243.101563
401356.4063;5861230;-4182.928223
401416.6875;5861230;-4182.956543
401477;5861230;-4183.004883
401537.3125;5861230;-4183.074219
401597.5938;5861230;-4183.162598
401657.9063;5861230;-4183.271484
401718.2188;5861230;-4183.399902
401778.5;5861230;-4183.544434
401838.8125;5861230;-4183.711426
401899.0938;5861230;-4183.89502
401959.4063;5861230;-4184.09375
402019.7188;5861230;-4184.312012
402080;5861230;-4184.550781
402140.3125;5861230;-4184.800781
402200.625;5861230;-4185.062012
402260.9063;5861230;-4185.334473
402321.2188;5861230;-4185.611816
402381.5;5861230;-4185.888184
402441.8125;5861230;-4186.163086
402502.125;5861230;-4186.429688
402562.4063;5861230;-4186.681641
402622.7188;5861230;-4186.921875
402683.0313;5861230;-4187.148926
402743.3125;5861230;-4187.358398
402803.625;5861230;-4187.557617
402863.9063;5861230;-4187.744141
402924.2188;5861230;-4187.909668
402984.5313;5861230;-4188.046387
403044.8125;5861230;-4188.131836
403105.125;5861230;-4188.146484
403165.4375;5861230;-4188.076172
403225.7188;5861230;-4187.851563
403286.0313;5861230;-4187.367676
403346.3125;5861230;-4186.594238
403406.625;5861230;-4185.487305
403466.9375;5861230;-4183.95752
403527.2188;5861230;-4181.96582
403587.5313;5861230;-4179.591309
403647.8438;5861230;-4176.947754
403708.125;5861230;-4174.182617
403768.4375;5861230;-4171.558105
403828.7188;5861230;-4169.342773
403889.0313;5861230;-4167.741699
403949.3438;5861230;-4166.959473
404009.625;5861230;-4167.026367
404069.9375;5861230;-4167.750977
404130.25;5861230;-4169.065918
404190.5313;5861230;-4171.048828
404250.8438;5861230;-4173.484863
404311.125;5861230;-4186.333008
404371.4375;5861230;-4188.336426
404431.75;5861230;-4189.133301
404492.0313;5861230;-4188.42334
404552.3438;5861230;-4187.663574
404612.625;5861230;-4190.620117
404672.9375;5861230;-4200.29541
404733.25;5861230;-4206.271973
404793.5313;5861230;-4195.157715
404853.8438;5861230;-4198.563965
404914.1563;5861230;-4200.885742
404974.4375;5861230;-4203.242676
405034.75;5861230;-4205.77832
405095.0313;5861230;-4208.476074
405155.3438;5861230;-4211.192383
405215.6563;5861230;-4213.786133
405275.9375;5861230;-4216.167969
405336.25;5861230;-4218.113281
405396.5625;5861230;-4219.794922
405456.8438;5861230;-4221.274902
405517.1563;5861230;-4222.515137
405577.4375;5861230;-4223.719727
405637.75;5861230;-4224.945801
405698.0625;5861230;-4226.138184
405758.3438;5861230;-4227.375977
405818.6563;5861230;-4228.681152
405878.9688;5861230;-4229.987305
405939.25;5861230;-4231.349121
405999.5625;5861230;-4232.773438
406059.8438;5861230;-4234.211914
406120.1563;5861230;-4235.687988
406180.4688;5861230;-4237.213867
406240.75;5861230;-4234.17334
406301.0625;5861230;-4221.634277
406361.375;5861230;-4222.499023
406421.6563;5861230;-4223.291016
406481.9688;5861230;-4223.962891
406542.25;5861230;-4224.49707
406602.5625;5861230;-4224.88916
406662.875;5861230;-4225.166504
406723.1563;5861230;-4225.279297
406783.4688;5861230;-4225.380371
406843.7813;5861230;-4225.681641
406904.0625;5861230;-4226.041504
406964.375;5861230;-4226.718262
407024.6563;5861230;-4228.317383
407084.9688;5861230;-4230.586426
407145.2813;5861230;-4232.905273
407205.5625;5861230;-4235
407265.875;5861230;-4236.623047
407326.1875;5861230;-4237.672852
407386.4688;5861230;-4238.23877
407446.7813;5861230;-4238.44043
407507.0625;5861230;-4238.380371
407567.375;5861230;-4238.17334
407627.6875;5861230;-4237.940918
407687.9688;5861230;-4237.753418
407748.2813;5861230;-4237.613281
407808.5938;5861230;-4253.80957
407868.875;5861230;-4253.466309
407929.1875;5861230;-4253.162598
407989.4688;5861230;-4252.869141
408049.7813;5861230;-4252.55957
408110.0938;5861230;-4252.219238
408170.375;5861230;-4251.836426
408230.6875;5861230;-4251.401367
408291;5861230;-4250.910645
408351.2813;5861230;-4250.378418
408411.5938;5861230;-4249.818359
408471.875;5861230;-4249.226563
408532.1875;5861230;-4248.607422
408592.5;5861230;-4247.980957
408652.7813;5861230;-4247.352051
408713.0938;5861230;-4246.722168
408773.4063;5861230;-4246.109375
408833.6875;5861230;-4245.515137
408894;5861230;-4244.937012
408954.2813;5861230;-4244.383789
409014.5938;5861230;-4243.863281
409074.9063;5861230;-4243.374023
409135.1875;5861230;-4242.916016
409195.5;5861230;-4242.494629
409255.8125;5861230;-4242.116211
409316.0938;5861230;-4241.76709
409376.4063;5861230;-4241.444824
401356.4063;5861291;-4182.376465
401416.6875;5861291;-4182.391113
401477;5861291;-4182.425293
401537.3125;5861291;-4182.479004
401597.5938;5861291;-4182.548828
401657.9063;5861291;-4182.638184
401718.2188;5861291;-4182.745605
401778.5;5861291;-4182.867676
401838.8125;5861291;-4183.008301
401899.0938;5861291;-4183.165039
401959.4063;5861291;-4183.335449
402019.7188;5861291;-4183.522949
402080;5861291;-4183.728027
402140.3125;5861291;-4183.943359
402200.625;5861291;-4184.169434
402260.9063;5861291;-4184.402832
402321.2188;5861291;-4184.640137
402381.5;5861291;-4184.875488
402441.8125;5861291;-4185.108398
402502.125;5861291;-4185.329102
402562.4063;5861291;-4185.532715
402622.7188;5861291;-4185.716797
402683.0313;5861291;-4185.880859
402743.3125;5861291;-4186.018555
402803.625;5861291;-4186.131348
402863.9063;5861291;-4186.217773
402924.2188;5861291;-4186.26709
402984.5313;5861291;-4186.270508
403044.8125;5861291;-4186.209473
403105.125;5861291;-4186.07666
403165.4375;5861291;-4185.868164
403225.7188;5861291;-4185.538574
403286.0313;5861291;-4185.012207
403346.3125;5861291;-4184.268555
403406.625;5861291;-4183.272461
403466.9375;5861291;-4181.945313
403527.2188;5861291;-4180.249512
403587.5313;5861291;-4178.248047
403647.8438;5861291;-4176.030762
403708.125;5861291;-4173.71875
403768.4375;5861291;-4171.511719
403828.7188;5861291;-4169.61084
403889.0313;5861291;-4168.166992
403949.3438;5861291;-4167.351563
404009.625;5861291;-4167.222656
404069.9375;5861291;-4167.634277
404130.25;5861291;-4168.536621
404190.5313;5861291;-4170.023926
404250.8438;5861291;-4182.40918
404311.125;5861291;-4184.583984
404371.4375;5861291;-4186.588867
404431.75;5861291;-4188.125
404492.0313;5861291;-4189.217773
404552.3438;5861291;-4190.68457
404612.625;5861291;-4194.345703
404672.9375;5861291;-4201.279297
404733.25;5861291;-4206.276855
404793.5313;5861291;-4194.347656
404853.8438;5861291;-4197.431641
404914.1563;5861291;-4199.583984
404974.4375;5861291;-4201.818848
405034.75;5861291;-4204.26709
405095.0313;5861291;-4206.97998
405155.3438;5861291;-4209.820801
405215.6563;5861291;-4212.604492
405275.9375;5861291;-4215.177246
405336.25;5861291;-4217.231934
405396.5625;5861291;-4218.931641
405456.8438;5861291;-4220.349609
405517.1563;5861291;-4221.484863
405577.4375;5861291;-4222.588379
405637.75;5861291;-4223.729492
405698.0625;5861291;-4224.847168
405758.3438;5861291;-4226.01709
405818.6563;5861291;-4227.259277
405878.9688;5861291;-4228.516602
405939.25;5861291;-4229.839844
405999.5625;5861291;-4231.241211
406059.8438;5861291;-4232.681641
406120.1563;5861291;-4234.19043
406180.4688;5861291;-4235.783691
406240.75;5861291;-4237.45459
406301.0625;5861291;-4219.848145
406361.375;5861291;-4220.831055
406421.6563;5861291;-4221.753418
406481.9688;5861291;-4222.54541
406542.25;5861291;-4223.171387
406602.5625;5861291;-4223.603516
406662.875;5861291;-4223.85498
406723.1563;5861291;-4223.861816
406783.4688;5861291;-4223.797852
406843.7813;5861291;-4223.90625
406904.0625;5861291;-4224.040527
406964.375;5861291;-4224.484375
407024.6563;5861291;-4225.863281
407084.9688;5861291;-4227.918945
407145.2813;5861291;-4230.069824
407205.5625;5861291;-4232.070313
407265.875;5861291;-4233.689453
407326.1875;5861291;-4234.833984
407386.4688;5861291;-4235.567383
407446.7813;5861291;-4235.983887
407507.0625;5861291;-4236.160156
407567.375;5861291;-4236.17627
407627.6875;5861291;-4236.134277
407687.9688;5861291;-4236.094727
407748.2813;5861291;-4253.222168
407808.5938;5861291;-4252.804199
407868.875;5861291;-4252.420898
407929.1875;5861291;-4252.054199
407989.4688;5861291;-4251.686523
408049.7813;5861291;-4251.299805
408110.0938;5861291;-4250.884766
408170.375;5861291;-4250.434082
408230.6875;5861291;-4249.939453
408291;5861291;-4249.399414
408351.2813;5861291;-4248.826172
408411.5938;5861291;-4248.230957
408471.875;5861291;-4247.612305
408532.1875;5861291;-4246.973145
408592.5;5861291;-4246.331543
408652.7813;5861291;-4245.690918
408713.0938;5861291;-4245.054199
408773.4063;5861291;-4244.436035
408833.6875;5861291;-4243.838867
408894;5861291;-4243.258789
408954.2813;5861291;-4242.705566
409014.5938;5861291;-4242.184082
409074.9063;5861291;-4241.694336
409135.1875;5861291;-4241.237793
409195.5;5861291;-4240.814941
409255.8125;5861291;-4240.434082
409316.0938;5861291;-4240.083008
409376.4063;5861291;-4239.757324
401356.4063;5861351.5;-4181.78418
401416.6875;5861351.5;-4181.78418
401477;5861351.5;-4181.801758
401537.3125;5861351.5;-4181.837891
401597.5938;5861351.5;-4181.888672
401657.9063;5861351.5;-4181.955566
401718.2188;5861351.5;-4182.039551
401778.5;5861351.5;-4182.135742
401838.8125;5861351.5;-4182.248535
401899.0938;5861351.5;-4182.375488
401959.4063;5861351.5;-4182.513184
402019.7188;5861351.5;-4182.666992
402080;5861351.5;-4182.835938
402140.3125;5861351.5;-4183.01416
402200.625;5861351.5;-4183.199707
402260.9063;5861351.5;-4183.392578
402321.2188;5861351.5;-4183.587402
402381.5;5861351.5;-4183.780273
402441.8125;5861351.5;-4183.968262
402502.125;5861351.5;-4184.143066
402562.4063;5861351.5;-4184.298828
402622.7188;5861351.5;-4184.432129
402683.0313;5861351.5;-4184.539551
402743.3125;5861351.5;-4184.615234
402803.625;5861351.5;-4184.658203
402863.9063;5861351.5;-4184.665039
402924.2188;5861351.5;-4184.625
402984.5313;5861351.5;-4184.525879
403044.8125;5861351.5;-4184.353027
403105.125;5861351.5;-4184.104004
403165.4375;5861351.5;-4183.78418
403225.7188;5861351.5;-4183.358887
403286.0313;5861351.5;-4182.775879
403346.3125;5861351.5;-4182.026367
403406.625;5861351.5;-4181.087402
403466.9375;5861351.5;-4179.895996
403527.2188;5861351.5;-4178.422363
403587.5313;5861351.5;-4176.712891
403647.8438;5861351.5;-4174.836426
403708.125;5861351.5;-4172.884277
403768.4375;5861351.5;-4171.005859
403828.7188;5861351.5;-4169.356445
403889.0313;5861351.5;-4168.05127
403949.3438;5861351.5;-4167.230957
404009.625;5861351.5;-4166.964355
404069.9375;5861351.5;-4167.13916
404130.25;5861351.5;-4167.709473
404190.5313;5861351.5;-4179.00293
404250.8438;5861351.5;-4180.524414
404311.125;5861351.5;-4182.280273
404371.4375;5861351.5;-4184.137207
404431.75;5861351.5;-4186.068848
404492.0313;5861351.5;-4188.231934
404552.3438;5861351.5;-4190.923828
404612.625;5861351.5;-4194.718262
404672.9375;5861351.5;-4199.871582
404733.25;5861351.5;-4188.736328
404793.5313;5861351.5;-4192.783203
404853.8438;5861351.5;-4195.640625
404914.1563;5861351.5;-4197.789063
404974.4375;5861351.5;-4200.074219
405034.75;5861351.5;-4202.583008
405095.0313;5861351.5;-4205.391602
405155.3438;5861351.5;-4208.379883
405215.6563;5861351.5;-4211.340332
405275.9375;5861351.5;-4214.084961
405336.25;5861351.5;-4216.264648
405396.5625;5861351.5;-4217.96875
405456.8438;5861351.5;-4219.282227
405517.1563;5861351.5;-4220.290527
405577.4375;5861351.5;-4221.285645
405637.75;5861351.5;-4222.345215
405698.0625;5861351.5;-4223.401367
405758.3438;5861351.5;-4224.512695
405818.6563;5861351.5;-4225.695313
405878.9688;5861351.5;-4226.898926
405939.25;5861351.5;-4228.182129
405999.5625;5861351.5;-4229.557129
406059.8438;5861351.5;-4230.999023
406120.1563;5861351.5;-4232.550293
406180.4688;5861351.5;-4234.234375
406240.75;5861351.5;-4236.05127
406301.0625;5861351.5;-4237.982422
406361.375;5861351.5;-4219.212402
406421.6563;5861351.5;-4220.359863
406481.9688;5861351.5;-4221.374023
406542.25;5861351.5;-4222.19873
406602.5625;5861351.5;-4222.787598
406662.875;5861351.5;-4223.12207
406723.1563;5861351.5;-4223.130371
406783.4688;5861351.5;-4222.996094
406843.7813;5861351.5;-4223.001465
406904.0625;5861351.5;-4223.043457
406964.375;5861351.5;-4223.390137
407024.6563;5861351.5;-4224.514648
407084.9688;5861351.5;-4226.140137
407145.2813;5861351.5;-4227.908691
407205.5625;5861351.5;-4229.662109
407265.875;5861351.5;-4231.152344
407326.1875;5861351.5;-4232.28125
407386.4688;5861351.5;-4233.08252
407446.7813;5861351.5;-4233.620605
407507.0625;5861351.5;-4233.947266
407567.375;5861351.5;-4234.116211
407627.6875;5861351.5;-4234.208984
407687.9688;5861351.5;-4252.484863
407748.2813;5861351.5;-4252.062988
407808.5938;5861351.5;-4251.643066
407868.875;5861351.5;-4251.228516
407929.1875;5861351.5;-4250.8125
407989.4688;5861351.5;-4250.38623
408049.7813;5861351.5;-4249.938477
408110.0938;5861351.5;-4249.464355
408170.375;5861351.5;-4248.957031
408230.6875;5861351.5;-4248.413086
408291;5861351.5;-4247.832031
408351.2813;5861351.5;-4247.224121
408411.5938;5861351.5;-4246.599609
408471.875;5861351.5;-4245.95752
408532.1875;5861351.5;-4245.301758
408592.5;5861351.5;-4244.648438
408652.7813;5861351.5;-4243.999512
408713.0938;5861351.5;-4243.357422
408773.4063;5861351.5;-4242.737305
408833.6875;5861351.5;-4242.13916
408894;5861351.5;-4241.560059
408954.2813;5861351.5;-4241.006836
409014.5938;5861351.5;-4240.48584
409074.9063;5861351.5;-4239.999023
409135.1875;5861351.5;-4239.542969
409195.5;5861351.5;-4239.120117
409255.8125;5861351.5;-4238.740234
409316.0938;5861351.5;-4238.387695
409376.4063;5861351.5;-4238.060059
401356.4063;5861412;-4181.160156
401416.6875;5861412;-4181.144043
401477;5861412;-4181.145508
401537.3125;5861412;-4181.162598
401597.5938;5861412;-4181.192383
401657.9063;5861412;-4181.236816
401718.2188;5861412;-4181.29541
401778.5;5861412;-4181.364746
401838.8125;5861412;-4181.448242
401899.0938;5861412;-4181.542969
401959.4063;5861412;-4181.647461
402019.7188;5861412;-4181.765137
402080;5861412;-4181.896484
402140.3125;5861412;-4182.03418
402200.625;5861412;-4182.178711
402260.9063;5861412;-4182.328613
402321.2188;5861412;-4182.479492
402381.5;5861412;-4182.626465
402441.8125;5861412;-4182.769043
402502.125;5861412;-4182.897949
402562.4063;5861412;-4183.005859
402622.7188;5861412;-4183.089355
402683.0313;5861412;-4183.14502
402743.3125;5861412;-4183.166992
402803.625;5861412;-4183.149414
402863.9063;5861412;-4183.090332
402924.2188;5861412;-4182.979492
402984.5313;5861412;-4182.801758
403044.8125;5861412;-4182.543457
403105.125;5861412;-4182.207031
403165.4375;5861412;-4181.799805
403225.7188;5861412;-4181.295898
403286.0313;5861412;-4180.657715
403346.3125;5861412;-4179.887207
403406.625;5861412;-4178.969727
403466.9375;5861412;-4177.860352
403527.2188;5861412;-4176.539551
403587.5313;5861412;-4175.041504
403647.8438;5861412;-4173.418457
403708.125;5861412;-4171.738281
403768.4375;5861412;-4170.112793
403828.7188;5861412;-4168.664063
403889.0313;5861412;-4167.47998
403949.3438;5861412;-4166.674805
404009.625;5861412;-4166.324219
404069.9375;5861412;-4166.333008
404130.25;5861412;-4176.741699
404190.5313;5861412;-4177.491699
404250.8438;5861412;-4178.597656
404311.125;5861412;-4179.968262
404371.4375;5861412;-4181.5625
404431.75;5861412;-4183.48291
404492.0313;5861412;-4185.940918
404552.3438;5861412;-4189.030273
404612.625;5861412;-4192.76709
404672.9375;5861412;-4197.063477
404733.25;5861412;-4186.308105
404793.5313;5861412;-4189.982422
404853.8438;5861412;-4192.809082
404914.1563;5861412;-4195.146484
404974.4375;5861412;-4197.667969
405034.75;5861412;-4200.381348
405095.0313;5861412;-4203.354492
405155.3438;5861412;-4206.501953
405215.6563;5861412;-4209.629395
405275.9375;5861412;-4212.555664
405336.25;5861412;-4214.899902
405396.5625;5861412;-4216.628906
405456.8438;5861412;-4217.835938
405517.1563;5861412;-4218.737793
405577.4375;5861412;-4219.658691
405637.75;5861412;-4220.674805
405698.0625;5861412;-4221.703125
405758.3438;5861412;-4222.78125
405818.6563;5861412;-4223.92041
405878.9688;5861412;-4225.079102
405939.25;5861412;-4226.320313
405999.5625;5861412;-4227.669434
406059.8438;5861412;-4229.118652
406120.1563;5861412;-4230.723145
406180.4688;5861412;-4232.522949
406240.75;5861412;-4234.523926
406301.0625;5861412;-4236.705078
406361.375;5861412;-4239.009277
406421.6563;5861412;-4218.972656
406481.9688;5861412;-4220.26709
406542.25;5861412;-4221.355469
406602.5625;5861412;-4222.188965
406662.875;5861412;-4222.713379
406723.1563;5861412;-4222.792969
406783.4688;5861412;-4222.626465
406843.7813;5861412;-4222.535156
406904.0625;5861412;-4222.438477
406964.375;5861412;-4222.630371
407024.6563;5861412;-4223.483398
407084.9688;5861412;-4224.693848
407145.2813;5861412;-4226.079102
407205.5625;5861412;-4227.55127
407265.875;5861412;-4228.860352
407326.1875;5861412;-4229.910156
407386.4688;5861412;-4230.713867
407446.7813;5861412;-4231.307617
407507.0625;5861412;-4231.725586
407567.375;5861412;-4231.99707
407627.6875;5861412;-4251.509277
407687.9688;5861412;-4251.161133
407748.2813;5861412;-4250.758789
407808.5938;5861412;-4250.33252
407868.875;5861412;-4249.89209
407929.1875;5861412;-4249.436523
407989.4688;5861412;-4248.963867
408049.7813;5861412;-4248.46875
408110.0938;5861412;-4247.944824
408170.375;5861412;-4247.393555
408230.6875;5861412;-4246.810547
408291;5861412;-4246.195801
408351.2813;5861412;-4245.55957
408411.5938;5861412;-4244.912109
408471.875;5861412;-4244.251465
408532.1875;5861412;-4243.583984
408592.5;5861412;-4242.922852
408652.7813;5861412;-4242.269043
408713.0938;5861412;-4241.624512
408773.4063;5861412;-4241.002441
408833.6875;5861412;-4240.405273
408894;5861412;-4239.828613
408954.2813;5861412;-4239.276855
409014.5938;5861412;-4238.758301
409074.9063;5861412;-4238.272949
409135.1875;5861412;-4237.817871
409195.5;5861412;-4237.396484
409255.8125;5861412;-4237.016602
409316.0938;5861412;-4236.664063
409376.4063;5861412;-4236.333984
401356.4063;5861472.5;-4180.509766
401416.6875;5861472.5;-4180.478516
401477;5861472.5;-4180.462402
401537.3125;5861472.5;-4180.460938
401597.5938;5861472.5;-4180.469727
401657.9063;5861472.5;-4180.490234
401718.2188;5861472.5;-4180.522461
401778.5;5861472.5;-4180.563477
401838.8125;5861472.5;-4180.616211
401899.0938;5861472.5;-4180.677734
401959.4063;5861472.5;-4180.748535
402019.7188;5861472.5;-4180.82959
402080;5861472.5;-4180.920898
402140.3125;5861472.5;-4181.017578
402200.625;5861472.5;-4181.119629
402260.9063;5861472.5;-4181.225586
402321.2188;5861472.5;-4181.331055
402381.5;5861472.5;-4181.432129
402441.8125;5861472.5;-4181.526855
402502.125;5861472.5;-4181.609863
402562.4063;5861472.5;-4181.669922
402622.7188;5861472.5;-4181.70459
402683.0313;5861472.5;-4181.711426
402743.3125;5861472.5;-4181.682617
402803.625;5861472.5;-4181.612305
402863.9063;5861472.5;-4181.49707
402924.2188;5861472.5;-4181.328125
402984.5313;5861472.5;-4181.087891
403044.8125;5861472.5;-4180.762695
403105.125;5861472.5;-4180.360352
403165.4375;5861472.5;-4179.88623
403225.7188;5861472.5;-4179.321777
403286.0313;5861472.5;-4178.640137
403346.3125;5861472.5;-4177.848633
403406.625;5861472.5;-4176.941895
403466.9375;5861472.5;-4175.887207
403527.2188;5861472.5;-4174.674805
403587.5313;5861472.5;-4173.333496
403647.8438;5861472.5;-4171.900879
403708.125;5861472.5;-4170.428711
403768.4375;5861472.5;-4169.000977
403828.7188;5861472.5;-4167.714355
403889.0313;5861472.5;-4166.635254
403949.3438;5861472.5;-4165.856934
404009.625;5861472.5;-4165.455566
404069.9375;5861472.5;-4175.278809
404130.25;5861472.5;-4175.474121
404190.5313;5861472.5;-4175.949707
404250.8438;5861472.5;-4176.735352
404311.125;5861472.5;-4177.791504
404371.4375;5861472.5;-4179.112305
404431.75;5861472.5;-4180.828613
404492.0313;5861472.5;-4183.141602
404552.3438;5861472.5;-4186.078125
404612.625;5861472.5;-4189.546387
404672.9375;5861472.5;-4179.20459
404733.25;5861472.5;-4183.052246
404793.5313;5861472.5;-4186.550293
404853.8438;5861472.5;-4189.495117
404914.1563;5861472.5;-4192.103516
404974.4375;5861472.5;-4194.913574
405034.75;5861472.5;-4197.844238
405095.0313;5861472.5;-4200.95459
405155.3438;5861472.5;-4204.199707
405215.6563;5861472.5;-4207.424316
405275.9375;5861472.5;-4210.48584
405336.25;5861472.5;-4212.993164
405396.5625;5861472.5;-4214.773438
405456.8438;5861472.5;-4215.914063
405517.1563;5861472.5;-4216.776367
405577.4375;5861472.5;-4217.697754
405637.75;5861472.5;-4218.729492
405698.0625;5861472.5;-4219.771484
405758.3438;5861472.5;-4220.84668
405818.6563;5861472.5;-4221.960449
405878.9688;5861472.5;-4223.078125
405939.25;5861472.5;-4224.280762
405999.5625;5861472.5;-4225.602539
406059.8438;5861472.5;-4227.057617
406120.1563;5861472.5;-4228.72168
406180.4688;5861472.5;-4230.650879
406240.75;5861472.5;-4232.85498
406301.0625;5861472.5;-4235.305664
406361.375;5861472.5;-4237.924805
406421.6563;5861472.5;-4240.599121
406481.9688;5861472.5;-4219.042969
406542.25;5861472.5;-4220.453613
406602.5625;5861472.5;-4221.616211
406662.875;5861472.5;-4222.405273
406723.1563;5861472.5;-4222.602051
406783.4688;5861472.5;-4222.40625
406843.7813;5861472.5;-4222.1875
406904.0625;5861472.5;-4221.901855
406964.375;5861472.5;-4221.866211
407024.6563;5861472.5;-4222.429199
407084.9688;5861472.5;-4223.30127
407145.2813;5861472.5;-4224.356445
407205.5625;5861472.5;-4225.563477
407265.875;5861472.5;-4226.682617
407326.1875;5861472.5;-4227.626953
407386.4688;5861472.5;-4228.397949
407446.7813;5861472.5;-4229.009277
407507.0625;5861472.5;-4229.479004
407567.375;5861472.5;-4250.339844
407627.6875;5861472.5;-4250.058105
407687.9688;5861472.5;-4249.731934
407748.2813;5861472.5;-4249.337402
407808.5938;5861472.5;-4248.901855
407868.875;5861472.5;-4248.439453
407929.1875;5861472.5;-4247.95166
407989.4688;5861472.5;-4247.441406
408049.7813;5861472.5;-4246.907227
408110.0938;5861472.5;-4246.344727
408170.375;5861472.5;-4245.756348
408230.6875;5861472.5;-4245.142578
408291;5861472.5;-4244.501465
408351.2813;5861472.5;-4243.84375
408411.5938;5861472.5;-4243.178711
408471.875;5861472.5;-4242.505371
408532.1875;5861472.5;-4241.82959
408592.5;5861472.5;-4241.163086
408652.7813;5861472.5;-4240.506348
408713.0938;5861472.5;-4239.861816
408773.4063;5861472.5;-4239.240723
408833.6875;5861472.5;-4238.644531
408894;5861472.5;-4238.070801
408954.2813;5861472.5;-4237.521973
409014.5938;5861472.5;-4237.005371
409074.9063;5861472.5;-4236.523438
409135.1875;5861472.5;-4236.069824
409195.5;5861472.5;-4235.648438
409255.8125;5861472.5;-4235.27002
409316.0938;5861472.5;-4234.916504
409376.4063;5861472.5;-4234.584473
401356.4063;5861533.5;-4179.829102
401416.6875;5861533.5;-4179.780762
401477;5861533.5;-4179.74707
401537.3125;5861533.5;-4179.725098
401597.5938;5861533.5;-4179.711426
401657.9063;5861533.5;-4179.707031
401718.2188;5861533.5;-4179.711426
401778.5;5861533.5;-4179.723145
401838.8125;5861533.5;-4179.742676
401899.0938;5861533.5;-4179.770508
401959.4063;5861533.5;-4179.805176
402019.7188;5861533.5;-4179.847168
402080;5861533.5;-4179.896484
402140.3125;5861533.5;-4179.951172
402200.625;5861533.5;-4180.008789
402260.9063;5861533.5;-4180.068848
402321.2188;5861533.5;-4180.126953
402381.5;5861533.5;-4180.180664
402441.8125;5861533.5;-4180.228027
402502.125;5861533.5;-4180.263184
402562.4063;5861533.5;-4180.275879
402622.7188;5861533.5;-4180.263672
402683.0313;5861533.5;-4180.222656
402743.3125;5861533.5;-4180.146973
402803.625;5861533.5;-4180.029297
402863.9063;5861533.5;-4179.867188
402924.2188;5861533.5;-4179.650879
402984.5313;5861533.5;-4179.361328
403044.8125;5861533.5;-4178.988281
403105.125;5861533.5;-4178.539551
403165.4375;5861533.5;-4178.020508
403225.7188;5861533.5;-4177.416504
403286.0313;5861533.5;-4176.707031
403346.3125;5861533.5;-4175.904297
403406.625;5861533.5;-4175.007324
403466.9375;5861533.5;-4173.998047
403527.2188;5861533.5;-4172.868652
403587.5313;5861533.5;-4171.645996
403647.8438;5861533.5;-4170.359863
403708.125;5861533.5;-4169.048828
403768.4375;5861533.5;-4167.777832
403828.7188;5861533.5;-4166.621094
403889.0313;5861533.5;-4165.630859
403949.3438;5861533.5;-4164.882324
404009.625;5861533.5;-4174.177246
404069.9375;5861533.5;-4174.016113
404130.25;5861533.5;-4174.075195
404190.5313;5861533.5;-4174.367188
404250.8438;5861533.5;-4174.938477
404311.125;5861533.5;-4175.780273
404371.4375;5861533.5;-4176.885742
404431.75;5861533.5;-4178.371094
404492.0313;5861533.5;-4180.404297
404552.3438;5861533.5;-4182.981934
404612.625;5861533.5;-4186.012207
404672.9375;5861533.5;-4176.319824
404733.25;5861533.5;-4179.864258
404793.5313;5861533.5;-4183.272949
404853.8438;5861533.5;-4186.337891
404914.1563;5861533.5;-4189.191895
404974.4375;5861533.5;-4192.197266
405034.75;5861533.5;-4195.249512
405095.0313;5861533.5;-4198.397949
405155.3438;5861533.5;-4201.616699
405215.6563;5861533.5;-4204.789551
405275.9375;5861533.5;-4207.807129
405336.25;5861533.5;-4210.32959
405396.5625;5861533.5;-4212.166992
405456.8438;5861533.5;-4213.402344
405517.1563;5861533.5;-4214.386719
405577.4375;5861533.5;-4215.419434
405637.75;5861533.5;-4216.536621
405698.0625;5861533.5;-4217.636719
405758.3438;5861533.5;-4218.743164
405818.6563;5861533.5;-4219.847168
405878.9688;5861533.5;-4220.92334
405939.25;5861533.5;-4222.080566
405999.5625;5861533.5;-4223.367676
406059.8438;5861533.5;-4224.816406
406120.1563;5861533.5;-4226.52832
406180.4688;5861533.5;-4228.576172
406240.75;5861533.5;-4230.972656
406301.0625;5861533.5;-4233.672363
406361.375;5861533.5;-4236.571289
406421.6563;5861533.5;-4239.542969
406481.9688;5861533.5;-4242.477539
406542.25;5861533.5;-4219.476563
406602.5625;5861533.5;-4221.070801
406662.875;5861533.5;-4222.237793
406723.1563;5861533.5;-4222.60498
406783.4688;5861533.5;-4222.355469
406843.7813;5861533.5;-4221.949707
406904.0625;5861533.5;-4221.427246
406964.375;5861533.5;-4221.133789
407024.6563;5861533.5;-4221.412598
407084.9688;5861533.5;-4221.97998
407145.2813;5861533.5;-4222.739746
407205.5625;5861533.5;-4223.708496
407265.875;5861533.5;-4224.640625
407326.1875;5861533.5;-4225.463867
407386.4688;5861533.5;-4226.180176
407446.7813;5861533.5;-4226.780273
407507.0625;5861533.5;-4248.905273
407567.375;5861533.5;-4248.717285
407627.6875;5861533.5;-4248.454102
407687.9688;5861533.5;-4248.143066
407748.2813;5861533.5;-4247.753418
407808.5938;5861533.5;-4247.3125
407868.875;5861533.5;-4246.835938
407929.1875;5861533.5;-4246.325684
407989.4688;5861533.5;-4245.789063
408049.7813;5861533.5;-4245.227539
408110.0938;5861533.5;-4244.638672
408170.375;5861533.5;-4244.025391
408230.6875;5861533.5;-4243.391113
408291;5861533.5;-4242.734375
408351.2813;5861533.5;-4242.064453
408411.5938;5861533.5;-4241.389648
408471.875;5861533.5;-4240.711426
408532.1875;5861533.5;-4240.033691
408592.5;5861533.5;-4239.367676
408652.7813;5861533.5;-4238.713379
408713.0938;5861533.5;-4238.073242
408773.4063;5861533.5;-4237.457031
408833.6875;5861533.5;-4236.866211
408894;5861533.5;-4236.299316
408954.2813;5861533.5;-4235.756836
409014.5938;5861533.5;-4235.245605
409074.9063;5861533.5;-4234.768066
409135.1875;5861533.5;-4234.319824
409195.5;5861533.5;-4233.901855
409255.8125;5861533.5;-4233.525391
409316.0938;5861533.5;-4233.172852
409376.4063;5861533.5;-4232.841797
401356.4063;5861594;-4179.118164
401416.6875;5861594;-4179.052734
401477;5861594;-4179
401537.3125;5861594;-4178.95752
401597.5938;5861594;-4178.919434
401657.9063;5861594;-4178.889648
401718.2188;5861594;-4178.865234
401778.5;5861594;-4178.845703
401838.8125;5861594;-4178.83252
401899.0938;5861594;-4178.82373
401959.4063;5861594;-4178.820313
402019.7188;5861594;-4178.822754
402080;5861594;-4178.830566
402140.3125;5861594;-4178.84082
402200.625;5861594;-4178.853516
402260.9063;5861594;-4178.867188
402321.2188;5861594;-4178.87793
402381.5;5861594;-4178.884277
402441.8125;5861594;-4178.883301
402502.125;5861594;-4178.871094
402562.4063;5861594;-4178.837402
402622.7188;5861594;-4178.779297
402683.0313;5861594;-4178.693359
402743.3125;5861594;-4178.574219
402803.625;5861594;-4178.415039
402863.9063;5861594;-4178.212402
402924.2188;5861594;-4177.959473
402984.5313;5861594;-4177.634766
403044.8125;5861594;-4177.228516
403105.125;5861594;-4176.750488
403165.4375;5861594;-4176.205566
403225.7188;5861594;-4175.580566
403286.0313;5861594;-4174.86084
403346.3125;5861594;-4174.058105
403406.625;5861594;-4173.175781
403466.9375;5861594;-4172.20166
403527.2188;5861594;-4171.134766
403587.5313;5861594;-4169.997559
403647.8438;5861594;-4168.81543
403708.125;5861594;-4167.619141
403768.4375;5861594;-4166.458496
403828.7188;5861594;-4165.395508
403889.0313;5861594;-4164.46875
403949.3438;5861594;-4173.257813
404009.625;5861594;-4172.841797
404069.9375;5861594;-4172.608398
404130.25;5861594;-4172.565918
404190.5313;5861594;-4172.722168
404250.8438;5861594;-4173.137695
404311.125;5861594;-4173.817871
404371.4375;5861594;-4174.751465
404431.75;5861594;-4176.027344
404492.0313;5861594;-4177.777832
404552.3438;5861594;-4179.986328
404612.625;5861594;-4170.401367
404672.9375;5861594;-4173.544434
404733.25;5861594;-4176.806152
404793.5313;5861594;-4180.07959
404853.8438;5861594;-4183.15625
404914.1563;5861594;-4186.11084
404974.4375;5861594;-4189.213379
405034.75;5861594;-4192.292969
405095.0313;5861594;-4195.402832
405155.3438;5861594;-4198.521973
405215.6563;5861594;-4201.552246
405275.9375;5861594;-4204.404297
405336.25;5861594;-4206.815918
405396.5625;5861594;-4208.730957
405456.8438;5861594;-4210.216309
405517.1563;5861594;-4211.462891
405577.4375;5861594;-4212.69873
405637.75;5861594;-4213.959473
405698.0625;5861594;-4215.169434
405758.3438;5861594;-4216.357422
405818.6563;5861594;-4217.477539
405878.9688;5861594;-4218.512207
405939.25;5861594;-4219.624023
405999.5625;5861594;-4220.876953
406059.8438;5861594;-4222.31543
406120.1563;5861594;-4224.061523
406180.4688;5861594;-4226.210449
406240.75;5861594;-4228.772461
406301.0625;5861594;-4231.678223
406361.375;5861594;-4234.786133
406421.6563;5861594;-4237.976563
406481.9688;5861594;-4241.189453
406542.25;5861594;-4217.865723
406602.5625;5861594;-4219.914551
406662.875;5861594;-4221.54541
406723.1563;5861594;-4222.114258
406783.4688;5861594;-4221.737305
406843.7813;5861594;-4221.100098
406904.0625;5861594;-4220.35791
406964.375;5861594;-4219.866699
407024.6563;5861594;-4219.958008
407084.9688;5861594;-4220.328613
407145.2813;5861594;-4220.90918
407205.5625;5861594;-4221.724609
407265.875;5861594;-4222.526367
407326.1875;5861594;-4223.255859
407386.4688;5861594;-4223.92334
407446.7813;5861594;-4247.253906
407507.0625;5861594;-4247.197754
407567.375;5861594;-4247.004395
407627.6875;5861594;-4246.742188
407687.9688;5861594;-4246.431641
407748.2813;5861594;-4246.039063
407808.5938;5861594;-4245.59082
407868.875;5861594;-4245.102539
407929.1875;5861594;-4244.575195
407989.4688;5861594;-4244.020508
408049.7813;5861594;-4243.44043
408110.0938;5861594;-4242.833984
408170.375;5861594;-4242.205078
408230.6875;5861594;-4241.55957
408291;5861594;-4240.89502
408351.2813;5861594;-4240.219238
408411.5938;5861594;-4239.542969
408471.875;5861594;-4238.86377
408532.1875;5861594;-4238.189453
408592.5;5861594;-4237.527832
408652.7813;5861594;-4236.878906
408713.0938;5861594;-4236.246094
408773.4063;5861594;-4235.637207
408833.6875;5861594;-4235.053223
408894;5861594;-4234.493652
408954.2813;5861594;-4233.958984
409014.5938;5861594;-4233.454102
409074.9063;5861594;-4232.984375
409135.1875;5861594;-4232.540527
409195.5;5861594;-4232.126465
409255.8125;5861594;-4231.75293
409316.0938;5861594;-4231.402344
409376.4063;5861594;-4231.072266
401356.4063;5861654.5;-4178.379395
401416.6875;5861654.5;-4178.296387
401477;5861654.5;-4178.223633
401537.3125;5861654.5;-4178.158691
401597.5938;5861654.5;-4178.097168
401657.9063;5861654.5;-4178.039063
401718.2188;5861654.5;-4177.985352
401778.5;5861654.5;-4177.933594
401838.8125;5861654.5;-4177.885742
401899.0938;5861654.5;-4177.84082
401959.4063;5861654.5;-4177.798828
402019.7188;5861654.5;-4177.759766
402080;5861654.5;-4177.725098
402140.3125;5861654.5;-4177.691406
402200.625;5861654.5;-4177.658203
402260.9063;5861654.5;-4177.625
402321.2188;5861654.5;-4177.588379
402381.5;5861654.5;-4177.546875
402441.8125;5861654.5;-4177.498047
402502.125;5861654.5;-4177.439453
402562.4063;5861654.5;-4177.36084
402622.7188;5861654.5;-4177.257324
402683.0313;5861654.5;-4177.129395
402743.3125;5861654.5;-4176.970703
402803.625;5861654.5;-4176.773926
402863.9063;5861654.5;-4176.538086
402924.2188;5861654.5;-4176.254883
402984.5313;5861654.5;-4175.904785
403044.8125;5861654.5;-4175.477051
403105.125;5861654.5;-4174.983398
403165.4375;5861654.5;-4174.426758
403225.7188;5861654.5;-4173.794434
403286.0313;5861654.5;-4173.077148
403346.3125;5861654.5;-4172.283203
403406.625;5861654.5;-4171.419922
403466.9375;5861654.5;-4170.479492
403527.2188;5861654.5;-4169.461426
403587.5313;5861654.5;-4168.387207
403647.8438;5861654.5;-4167.279785
403708.125;5861654.5;-4166.162598
403768.4375;5861654.5;-4165.078125
403828.7188;5861654.5;-4164.075684
403889.0313;5861654.5;-4164.177246
403949.3438;5861654.5;-4163.475586
404009.625;5861654.5;-4171.370605
404069.9375;5861654.5;-4171.070801
404130.25;5861654.5;-4170.942383
404190.5313;5861654.5;-4170.987305
404250.8438;5861654.5;-4171.271484
404311.125;5861654.5;-4171.815918
404371.4375;5861654.5;-4172.597168
404431.75;5861654.5;-4173.682129
404492.0313;5861654.5;-4175.174805
404552.3438;5861654.5;-4177.053711
404612.625;5861654.5;-4168.09082
404672.9375;5861654.5;-4170.885742
404733.25;5861654.5;-4173.862793
404793.5313;5861654.5;-4176.941406
404853.8438;5861654.5;-4179.927734
404914.1563;5861654.5;-4182.868652
404974.4375;5861654.5;-4185.947754
405034.75;5861654.5;-4189.008789
405095.0313;5861654.5;-4192.038574
405155.3438;5861654.5;-4195.036621
405215.6563;5861654.5;-4197.916992
405275.9375;5861654.5;-4200.618652
405336.25;5861654.5;-4202.949707
405396.5625;5861654.5;-4204.947266
405456.8438;5861654.5;-4206.662109
405517.1563;5861654.5;-4208.157227
405577.4375;5861654.5;-4209.598145
405637.75;5861654.5;-4211.01416
405698.0625;5861654.5;-4212.359375
405758.3438;5861654.5;-4213.666504
405818.6563;5861654.5;-4214.832031
405878.9688;5861654.5;-4215.84082
405939.25;5861654.5;-4216.917969
405999.5625;5861654.5;-4218.143066
406059.8438;5861654.5;-4219.567871
406120.1563;5861654.5;-4221.333008
406180.4688;5861654.5;-4223.560059
406240.75;5861654.5;-4226.258301
406301.0625;5861654.5;-4229.315918
406361.375;5861654.5;-4232.545898
406421.6563;5861654.5;-4235.827637
406481.9688;5861654.5;-4239.150879
406542.25;5861654.5;-4242.487793
406602.5625;5861654.5;-4217.542969
406662.875;5861654.5;-4219.685059
406723.1563;5861654.5;-4220.556152
406783.4688;5861654.5;-4219.977051
406843.7813;5861654.5;-4219.115723
406904.0625;5861654.5;-4218.271484
406964.375;5861654.5;-4217.744141
407024.6563;5861654.5;-4217.820801
407084.9688;5861654.5;-4218.166992
407145.2813;5861654.5;-4218.706543
407205.5625;5861654.5;-4219.484863
407265.875;5861654.5;-4220.240723
407326.1875;5861654.5;-4220.928223
407386.4688;5861654.5;-4221.572266
407446.7813;5861654.5;-4245.486328
407507.0625;5861654.5;-4245.404785
407567.375;5861654.5;-4245.196289
407627.6875;5861654.5;-4244.925293
407687.9688;5861654.5;-4244.608398
407748.2813;5861654.5;-4244.207031
407808.5938;5861654.5;-4243.749512
407868.875;5861654.5;-4243.251953
407929.1875;5861654.5;-4242.712891
407989.4688;5861654.5;-4242.145996
408049.7813;5861654.5;-4241.555664
408110.0938;5861654.5;-4240.939941
408170.375;5861654.5;-4240.304688
408230.6875;5861654.5;-4239.654297
408291;5861654.5;-4238.988281
408351.2813;5861654.5;-4238.313477
408411.5938;5861654.5;-4237.640137
408471.875;5861654.5;-4236.965332
408532.1875;5861654.5;-4236.29834
408592.5;5861654.5;-4235.64502
408652.7813;5861654.5;-4235.005371
408713.0938;5861654.5;-4234.380859
408773.4063;5861654.5;-4233.78125
408833.6875;5861654.5;-4233.20752
408894;5861654.5;-4232.656738
408954.2813;5861654.5;-4232.128906
409014.5938;5861654.5;-4231.632324
409074.9063;5861654.5;-4231.168945
409135.1875;5861654.5;-4230.731934
409195.5;5861654.5;-4230.322266
409255.8125;5861654.5;-4229.953125
409316.0938;5861654.5;-4229.60498
409376.4063;5861654.5;-4229.276855
401356.4063;5861715;-4177.615234
401416.6875;5861715;-4177.513672
401477;5861715;-4177.420898
401537.3125;5861715;-4177.333496
401597.5938;5861715;-4177.245605
401657.9063;5861715;-4177.159668
401718.2188;5861715;-4177.075195
401778.5;5861715;-4176.989746
401838.8125;5861715;-4176.90625
401899.0938;5861715;-4176.823242
401959.4063;5861715;-4176.741211
402019.7188;5861715;-4176.661133
402080;5861715;-4176.581543
402140.3125;5861715;-4176.50293
402200.625;5861715;-4176.42334
402260.9063;5861715;-4176.342773
402321.2188;5861715;-4176.257813
402381.5;5861715;-4176.16748
402441.8125;5861715;-4176.070801
402502.125;5861715;-4175.96582
402562.4063;5861715;-4175.842285
402622.7188;5861715;-4175.696289
402683.0313;5861715;-4175.526855
402743.3125;5861715;-4175.331055
402803.625;5861715;-4175.099609
402863.9063;5861715;-4174.83252
402924.2188;5861715;-4174.524414
402984.5313;5861715;-4174.153809
403044.8125;5861715;-4173.711426
403105.125;5861715;-4173.209961
403165.4375;5861715;-4172.649902
403225.7188;5861715;-4172.019531
403286.0313;5861715;-4171.311523
403346.3125;5861715;-4170.53418
403406.625;5861715;-4169.693359
403466.9375;5861715;-4168.785645
403527.2188;5861715;-4167.811035
403587.5313;5861715;-4166.787598
403647.8438;5861715;-4165.736328
403708.125;5861715;-4164.677734
403768.4375;5861715;-4163.645996
403828.7188;5861715;-4163.52002
403889.0313;5861715;-4162.662109
403949.3438;5861715;-4161.944824
404009.625;5861715;-4161.390625
404069.9375;5861715;-4169.393066
404130.25;5861715;-4169.183105
404190.5313;5861715;-4169.133789
404250.8438;5861715;-4169.310547
404311.125;5861715;-4169.737793
404371.4375;5861715;-4170.388672
404431.75;5861715;-4171.315918
404492.0313;5861715;-4172.597168
404552.3438;5861715;-4163.48291
404612.625;5861715;-4165.685547
404672.9375;5861715;-4168.177734
404733.25;5861715;-4170.886719
404793.5313;5861715;-4173.750488
404853.8438;5861715;-4176.602539
404914.1563;5861715;-4179.469238
404974.4375;5861715;-4182.473633
405034.75;5861715;-4185.460449
405095.0313;5861715;-4188.423828
405155.3438;5861715;-4191.318359
405215.6563;5861715;-4194.086914
405275.9375;5861715;-4196.694336
405336.25;5861715;-4199.003418
405396.5625;5861715;-4201.082031
405456.8438;5861715;-4202.966309
405517.1563;5861715;-4204.65625
405577.4375;5861715;-4206.26709
405637.75;5861715;-4207.818359
405698.0625;5861715;-4209.270996
405758.3438;5861715;-4210.666992
405818.6563;5861715;-4211.904785
405878.9688;5861715;-4212.959961
405939.25;5861715;-4214.054688
405999.5625;5861715;-4215.274902
406059.8438;5861715;-4216.679688
406120.1563;5861715;-4218.4375
406180.4688;5861715;-4220.727539
406240.75;5861715;-4223.557129
406301.0625;5861715;-4226.744629
406361.375;5861715;-4230.023926
406421.6563;5861715;-4233.229492
406481.9688;5861715;-4236.345703
406542.25;5861715;-4239.365234
406602.5625;5861715;-4242.223145
406662.875;5861715;-4216.025879
406723.1563;5861715;-4217.442871
406783.4688;5861715;-4216.901367
406843.7813;5861715;-4216.03125
406904.0625;5861715;-4215.335449
406964.375;5861715;-4215.003906
407024.6563;5861715;-4215.248047
407084.9688;5861715;-4215.71582
407145.2813;5861715;-4216.320313
407205.5625;5861715;-4217.162598
407265.875;5861715;-4217.938965
407326.1875;5861715;-4218.62207
407386.4688;5861715;-4243.590332
407446.7813;5861715;-4243.560059
407507.0625;5861715;-4243.458496
407567.375;5861715;-4243.235352
407627.6875;5861715;-4242.953613
407687.9688;5861715;-4242.628418
407748.2813;5861715;-4242.219727
407808.5938;5861715;-4241.756348
407868.875;5861715;-4241.255859
407929.1875;5861715;-4240.713379
407989.4688;5861715;-4240.142578
408049.7813;5861715;-4239.552734
408110.0938;5861715;-4238.937012
408170.375;5861715;-4238.304199
408230.6875;5861715;-4237.660156
408291;5861715;-4237.002441
408351.2813;5861715;-4236.337891
408411.5938;5861715;-4235.675293
408471.875;5861715;-4235.013672
408532.1875;5861715;-4234.360352
408592.5;5861715;-4233.721191
408652.7813;5861715;-4233.096191
408713.0938;5861715;-4232.486328
408773.4063;5861715;-4231.901367
408833.6875;5861715;-4231.34082
408894;5861715;-4230.803711
408954.2813;5861715;-4230.288574
409014.5938;5861715;-4229.802246
409074.9063;5861715;-4229.349121
409135.1875;5861715;-4228.920898
409195.5;5861715;-4228.518555
409255.8125;5861715;-4228.155762
409316.0938;5861715;-4227.813477
409376.4063;5861715;-4227.48877
401356.4063;5861775.5;-4176.83252
401416.6875;5861775.5;-4176.712891
401477;5861775.5;-4176.599609
401537.3125;5861775.5;-4176.490234
401597.5938;5861775.5;-4176.375977
401657.9063;5861775.5;-4176.260742
401718.2188;5861775.5;-4176.14502
401778.5;5861775.5;-4176.025879
401838.8125;5861775.5;-4175.90625
401899.0938;5861775.5;-4175.784668
401959.4063;5861775.5;-4175.662598
402019.7188;5861775.5;-4175.539551
402080;5861775.5;-4175.415039
402140.3125;5861775.5;-4175.291016
402200.625;5861775.5;-4175.165039
402260.9063;5861775.5;-4175.036133
402321.2188;5861775.5;-4174.90332
402381.5;5861775.5;-4174.766113
402441.8125;5861775.5;-4174.621582
402502.125;5861775.5;-4174.469238
402562.4063;5861775.5;-4174.302246
402622.7188;5861775.5;-4174.114258
402683.0313;5861775.5;-4173.90625
402743.3125;5861775.5;-4173.674805
402803.625;5861775.5;-4173.410645
402863.9063;5861775.5;-4173.115723
402924.2188;5861775.5;-4172.785156
402984.5313;5861775.5;-4172.397461
403044.8125;5861775.5;-4171.944336
403105.125;5861775.5;-4171.439453
403165.4375;5861775.5;-4170.881348
403225.7188;5861775.5;-4170.257813
403286.0313;5861775.5;-4169.563965
403346.3125;5861775.5;-4168.806641
403406.625;5861775.5;-4167.990234
403466.9375;5861775.5;-4167.115234
403527.2188;5861775.5;-4166.178223
403587.5313;5861775.5;-4165.196777
403647.8438;5861775.5;-4164.190918
403708.125;5861775.5;-4163.17627
403768.4375;5861775.5;-4162.180176
403828.7188;5861775.5;-4161.943359
403889.0313;5861775.5;-4161.079102
403949.3438;5861775.5;-4160.334473
404009.625;5861775.5;-4159.730957
404069.9375;5861775.5;-4159.257324
404130.25;5861775.5;-4167.322266
404190.5313;5861775.5;-4167.176758
404250.8438;5861775.5;-4167.245605
404311.125;5861775.5;-4167.553223
404371.4375;5861775.5;-4168.069336
404431.75;5861775.5;-4168.835938
404492.0313;5861775.5;-4169.915527
404552.3438;5861775.5;-4163.508301
404612.625;5861775.5;-4163.187988
404672.9375;5861775.5;-4165.406738
404733.25;5861775.5;-4167.858887
404793.5313;5861775.5;-4170.498535
404853.8438;5861775.5;-4173.186035
404914.1563;5861775.5;-4175.939941
404974.4375;5861775.5;-4178.831543
405034.75;5861775.5;-4181.719727
405095.0313;5861775.5;-4184.586426
405155.3438;5861775.5;-4187.401367
405215.6563;5861775.5;-4190.100098
405275.9375;5861775.5;-4192.652344
405336.25;5861775.5;-4194.970215
405396.5625;5861775.5;-4197.124512
405456.8438;5861775.5;-4199.133789
405517.1563;5861775.5;-4200.975098
405577.4375;5861775.5;-4202.727539
405637.75;5861775.5;-4204.397461
405698.0625;5861775.5;-4205.935547
405758.3438;5861775.5;-4207.396484
405818.6563;5861775.5;-4208.736328
405878.9688;5861775.5;-4209.919434
405939.25;5861775.5;-4211.097168
405999.5625;5861775.5;-4212.343262
406059.8438;5861775.5;-4213.724609
406120.1563;5861775.5;-4215.442383
406180.4688;5861775.5;-4217.812012
406240.75;5861775.5;-4220.844727
406301.0625;5861775.5;-4224.210938
406361.375;5861775.5;-4227.526855
406421.6563;5861775.5;-4230.512695
406481.9688;5861775.5;-4233.065918
406542.25;5861775.5;-4235.09668
406602.5625;5861775.5;-4236.612305
406662.875;5861775.5;-4213.849609
406723.1563;5861775.5;-4211.019531
406783.4688;5861775.5;-4211.364746
406843.7813;5861775.5;-4211.277832
406904.0625;5861775.5;-4211.209473
406964.375;5861775.5;-4211.381836
407024.6563;5861775.5;-4212.019043
407084.9688;5861775.5;-4212.780273
407145.2813;5861775.5;-4213.586914
407205.5625;5861775.5;-4214.589355
407265.875;5861775.5;-4215.460449
407326.1875;5861775.5;-4241.513184
407386.4688;5861775.5;-4241.56543
407446.7813;5861775.5;-4241.532227
407507.0625;5861775.5;-4241.42041
407567.375;5861775.5;-4241.186035
407627.6875;5861775.5;-4240.893066
407687.9688;5861775.5;-4240.559082
407748.2813;5861775.5;-4240.143066
407808.5938;5861775.5;-4239.67627
407868.875;5861775.5;-4239.17627
407929.1875;5861775.5;-4238.633301
407989.4688;5861775.5;-4238.06543
408049.7813;5861775.5;-4237.47998
408110.0938;5861775.5;-4236.871094
408170.375;5861775.5;-4236.24707
408230.6875;5861775.5;-4235.614258
408291;5861775.5;-4234.969238
408351.2813;5861775.5;-4234.319336
408411.5938;5861775.5;-4233.672363
408471.875;5861775.5;-4233.027344
408532.1875;5861775.5;-4232.391113
408592.5;5861775.5;-4231.769043
408652.7813;5861775.5;-4231.160645
408713.0938;5861775.5;-4230.567383
408773.4063;5861775.5;-4229.999023
408833.6875;5861775.5;-4229.453125
408894;5861775.5;-4228.930176
408954.2813;5861775.5;-4228.428223
409014.5938;5861775.5;-4227.95459
409074.9063;5861775.5;-4227.512695
409135.1875;5861775.5;-4227.094238
409195.5;5861775.5;-4226.699707
409255.8125;5861775.5;-4226.34375
409316.0938;5861775.5;-4226.007324
409376.4063;5861775.5;-4225.6875
401356.4063;5861836.5;-4176.033691
401416.6875;5861836.5;-4175.895996
401477;5861836.5;-4175.761719
401537.3125;5861836.5;-4175.629395
401597.5938;5861836.5;-4175.48877
401657.9063;5861836.5;-4175.345215
401718.2188;5861836.5;-4175.197754
401778.5;5861836.5;-4175.044922
401838.8125;5861836.5;-4174.887695
401899.0938;5861836.5;-4174.727051
401959.4063;5861836.5;-4174.564453
402019.7188;5861836.5;-4174.398438
402080;5861836.5;-4174.229004
402140.3125;5861836.5;-4174.059082
402200.625;5861836.5;-4173.886719
402260.9063;5861836.5;-4173.709473
402321.2188;5861836.5;-4173.528809
402381.5;5861836.5;-4173.344238
402441.8125;5861836.5;-4173.152832
402502.125;5861836.5;-4172.955566
402562.4063;5861836.5;-4172.746094
402622.7188;5861836.5;-4172.517578
402683.0313;5861836.5;-4172.271973
402743.3125;5861836.5;-4172.007813
402803.625;5861836.5;-4171.713867
402863.9063;5861836.5;-4171.392578
402924.2188;5861836.5;-4171.04248
402984.5313;5861836.5;-4170.640137
403044.8125;5861836.5;-4170.179688
403105.125;5861836.5;-4169.674316
403165.4375;5861836.5;-4169.120605
403225.7188;5861836.5;-4168.506348
403286.0313;5861836.5;-4167.830078
403346.3125;5861836.5;-4167.09375
403406.625;5861836.5;-4166.303223
403466.9375;5861836.5;-4165.458496
403527.2188;5861836.5;-4164.555664
403587.5313;5861836.5;-4163.608398
403647.8438;5861836.5;-4162.636719
403708.125;5861836.5;-4161.652832
403768.4375;5861836.5;-4161.262207
403828.7188;5861836.5;-4160.318359
403889.0313;5861836.5;-4159.43457
403949.3438;5861836.5;-4158.648926
404009.625;5861836.5;-4157.983887
404069.9375;5861836.5;-4157.433105
404130.25;5861836.5;-4157.005371
404190.5313;5861836.5;-4165.101074
404250.8438;5861836.5;-4165.053223
404311.125;5861836.5;-4165.230957
404371.4375;5861836.5;-4165.600586
404431.75;5861836.5;-4166.197266
404492.0313;5861836.5;-4159.214355
404552.3438;5861836.5;-4160.437988
404612.625;5861836.5;-4161.885742
404672.9375;5861836.5;-4162.51709
404733.25;5861836.5;-4164.723145
404793.5313;5861836.5;-4167.136719
404853.8438;5861836.5;-4169.643555
404914.1563;5861836.5;-4172.255859
404974.4375;5861836.5;-4175.009766
405034.75;5861836.5;-4177.78125
405095.0313;5861836.5;-4180.547852
405155.3438;5861836.5;-4183.276855
405215.6563;5861836.5;-4185.921875
405275.9375;5861836.5;-4188.461426
405336.25;5861836.5;-4190.811035
405396.5625;5861836.5;-4193.035156
405456.8438;5861836.5;-4195.147461
405517.1563;5861836.5;-4197.116699
405577.4375;5861836.5;-4199.000977
405637.75;5861836.5;-4200.79834
405698.0625;5861836.5;-4202.451172
405758.3438;5861836.5;-4204.02002
405818.6563;5861836.5;-4205.49707
405878.9688;5861836.5;-4206.837891
405939.25;5861836.5;-4208.138672
405999.5625;5861836.5;-4209.455078
406059.8438;5861836.5;-4210.841309
406120.1563;5861836.5;-4212.538086
406180.4688;5861836.5;-4215.051758
406240.75;5861836.5;-4218.402344
406301.0625;5861836.5;-4222.057617
406361.375;5861836.5;-4225.48291
406421.6563;5861836.5;-4228.245117
406481.9688;5861836.5;-4230.104492
406542.25;5861836.5;-4231.054199
406602.5625;5861836.5;-4231.152832
406662.875;5861836.5;-4231.790527
406723.1563;5861836.5;-4203.276855
406783.4688;5861836.5;-4204.302734
406843.7813;5861836.5;-4205.23291
406904.0625;5861836.5;-4206.042969
406964.375;5861836.5;-4206.932617
407024.6563;5861836.5;-4208.145508
407084.9688;5861836.5;-4209.34668
407145.2813;5861836.5;-4210.46875
407205.5625;5861836.5;-4211.722656
407265.875;5861836.5;-4212.759766
407326.1875;5861836.5;-4239.31543
407386.4688;5861836.5;-4239.411133
407446.7813;5861836.5;-4239.396484
407507.0625;5861836.5;-4239.286621
407567.375;5861836.5;-4239.045898
407627.6875;5861836.5;-4238.743652
407687.9688;5861836.5;-4238.402832
407748.2813;5861836.5;-4237.980957
407808.5938;5861836.5;-4237.513184
407868.875;5861836.5;-4237.015137
407929.1875;5861836.5;-4236.477051
407989.4688;5861836.5;-4235.916016
408049.7813;5861836.5;-4235.341797
408110.0938;5861836.5;-4234.745117
408170.375;5861836.5;-4234.134277
408230.6875;5861836.5;-4233.51709
408291;5861836.5;-4232.890625
408351.2813;5861836.5;-4232.258789
408411.5938;5861836.5;-4231.630859
408471.875;5861836.5;-4231.005371
408532.1875;5861836.5;-4230.389648
408592.5;5861836.5;-4229.787109
408652.7813;5861836.5;-4229.197754
408713.0938;5861836.5;-4228.623047
408773.4063;5861836.5;-4228.071777
408833.6875;5861836.5;-4227.54248
408894;5861836.5;-4227.035645
408954.2813;5861836.5;-4226.547363
409014.5938;5861836.5;-4226.086914
409074.9063;5861836.5;-4225.656738
409135.1875;5861836.5;-4225.248047
409195.5;5861836.5;-4224.862305
409255.8125;5861836.5;-4224.513672
409316.0938;5861836.5;-4224.182617
409376.4063;5861836.5;-4223.867188
401356.4063;5861897;-4175.221191
401416.6875;5861897;-4175.064453
401477;5861897;-4174.910156
401537.3125;5861897;-4174.753906
401597.5938;5861897;-4174.586426
401657.9063;5861897;-4174.412598
401718.2188;5861897;-4174.232422
401778.5;5861897;-4174.044434
401838.8125;5861897;-4173.848633
401899.0938;5861897;-4173.648438
401959.4063;5861897;-4173.444336
402019.7188;5861897;-4173.234863
402080;5861897;-4173.019531
402140.3125;5861897;-4172.802246
402200.625;5861897;-4172.582031
402260.9063;5861897;-4172.357422
402321.2188;5861897;-4172.12793
402381.5;5861897;-4171.895508
402441.8125;5861897;-4171.657715
402502.125;5861897;-4171.415039
402562.4063;5861897;-4171.163086
402622.7188;5861897;-4170.89502
402683.0313;5861897;-4170.613281
402743.3125;5861897;-4170.316895
402803.625;5861897;-4169.995117
402863.9063;5861897;-4169.650391
402924.2188;5861897;-4169.282227
402984.5313;5861897;-4168.867676
403044.8125;5861897;-4168.401367
403105.125;5861897;-4167.898926
403165.4375;5861897;-4167.351563
403225.7188;5861897;-4166.749023
403286.0313;5861897;-4166.090332
403346.3125;5861897;-4165.375
403406.625;5861897;-4164.608887
403466.9375;5861897;-4163.791016
403527.2188;5861897;-4162.916016
403587.5313;5861897;-4161.996094
403647.8438;5861897;-4161.049316
403708.125;5861897;-4160.580078
403768.4375;5861897;-4159.59668
403828.7188;5861897;-4158.634766
403889.0313;5861897;-4157.716797
403949.3438;5861897;-4156.876465
404009.625;5861897;-4156.137695
404069.9375;5861897;-4155.497559
404130.25;5861897;-4154.967285
404190.5313;5861897;-4154.588379
404250.8438;5861897;-4162.699707
404311.125;5861897;-4162.72998
404371.4375;5861897;-4162.939453
404431.75;5861897;-4163.358398
404492.0313;5861897;-4156.234863
404552.3438;5861897;-4157.214844
404612.625;5861897;-4158.398438
404672.9375;5861897;-4159.822266
404733.25;5861897;-4161.458496
404793.5313;5861897;-4163.638672
404853.8438;5861897;-4165.948242
404914.1563;5861897;-4168.398926
404974.4375;5861897;-4170.993652
405034.75;5861897;-4173.634766
405095.0313;5861897;-4176.294434
405155.3438;5861897;-4178.946289
405215.6563;5861897;-4181.551758
405275.9375;5861897;-4184.084473
405336.25;5861897;-4186.483398
405396.5625;5861897;-4188.790527
405456.8438;5861897;-4191.001953
405517.1563;5861897;-4193.10791
405577.4375;5861897;-4195.138184
405637.75;5861897;-4197.090332
405698.0625;5861897;-4198.891602
405758.3438;5861897;-4200.612793
405818.6563;5861897;-4202.26123
405878.9688;5861897;-4203.784668
405939.25;5861897;-4205.26123
405999.5625;5861897;-4206.745117
406059.8438;5861897;-4208.291016
406120.1563;5861897;-4210.162598
406180.4688;5861897;-4212.902832
406240.75;5861897;-4216.538574
406301.0625;5861897;-4220.503906
406361.375;5861897;-4224.189453
406421.6563;5861897;-4226.891602
406481.9688;5861897;-4227.814941
406542.25;5861897;-4227.193359
406602.5625;5861897;-4226.001953
406662.875;5861897;-4225.609375
406723.1563;5861897;-4226.739746
406783.4688;5861897;-4197.662598
406843.7813;5861897;-4199.152344
406904.0625;5861897;-4200.662598
406964.375;5861897;-4202.243164
407024.6563;5861897;-4204.067383
407084.9688;5861897;-4205.753906
407145.2813;5861897;-4207.239258
407205.5625;5861897;-4208.788574
407265.875;5861897;-4236.476563
407326.1875;5861897;-4236.899414
407386.4688;5861897;-4237.062988
407446.7813;5861897;-4237.083984
407507.0625;5861897;-4236.984863
407567.375;5861897;-4236.741211
407627.6875;5861897;-4236.431152
407687.9688;5861897;-4236.081543
407748.2813;5861897;-4235.658203
407808.5938;5861897;-4235.193359
407868.875;5861897;-4234.705566
407929.1875;5861897;-4234.179688
407989.4688;5861897;-4233.63623
408049.7813;5861897;-4233.081055
408110.0938;5861897;-4232.506836
408170.375;5861897;-4231.919434
408230.6875;5861897;-4231.328613
408291;5861897;-4230.72998
408351.2813;5861897;-4230.125977
408411.5938;5861897;-4229.525879
408471.875;5861897;-4228.927734
408532.1875;5861897;-4228.338867
408592.5;5861897;-4227.762695
408652.7813;5861897;-4227.19873
408713.0938;5861897;-4226.648438
408773.4063;5861897;-4226.119141
408833.6875;5861897;-4225.611816
408894;5861897;-4225.124512
408954.2813;5861897;-4224.655273
409014.5938;5861897;-4224.211426
409074.9063;5861897;-4223.796875
409135.1875;5861897;-4223.402344
409195.5;5861897;-4223.02832
409255.8125;5861897;-4222.689453
409316.0938;5861897;-4222.367676
409376.4063;5861897;-4222.05957
401356.4063;5861957.5;-4174.398926
401416.6875;5861957.5;-4174.223633
401477;5861957.5;-4174.04834
401537.3125;5861957.5;-4173.868652
401597.5938;5861957.5;-4173.673828
401657.9063;5861957.5;-4173.470215
401718.2188;5861957.5;-4173.257813
401778.5;5861957.5;-4173.033691
401838.8125;5861957.5;-4172.799805
401899.0938;5861957.5;-4172.559082
401959.4063;5861957.5;-4172.3125
402019.7188;5861957.5;-4172.059082
402080;5861957.5;-4171.797363
402140.3125;5861957.5;-4171.533203
402200.625;5861957.5;-4171.265137
402260.9063;5861957.5;-4170.990723
402321.2188;5861957.5;-4170.712891
402381.5;5861957.5;-4170.433105
402441.8125;5861957.5;-4170.147949
402502.125;5861957.5;-4169.86084
402562.4063;5861957.5;-4169.567383
402622.7188;5861957.5;-4169.26123
402683.0313;5861957.5;-4168.944824
402743.3125;5861957.5;-4168.618164
402803.625;5861957.5;-4168.27002
402863.9063;5861957.5;-4167.903809
402924.2188;5861957.5;-4167.520508
402984.5313;5861957.5;-4167.097168
403044.8125;5861957.5;-4166.627441
403105.125;5861957.5;-4166.129395
403165.4375;5861957.5;-4165.59082
403225.7188;5861957.5;-4165.000977
403286.0313;5861957.5;-4164.36084
403346.3125;5861957.5;-4163.66748
403406.625;5861957.5;-4162.924316
403466.9375;5861957.5;-4162.131348
403527.2188;5861957.5;-4161.280273
403587.5313;5861957.5;-4160.380859
403647.8438;5861957.5;-4165.490723
403708.125;5861957.5;-4167.444336
403768.4375;5861957.5;-4157.904297
403828.7188;5861957.5;-4156.912109
403889.0313;5861957.5;-4155.949707
403949.3438;5861957.5;-4155.042969
404009.625;5861957.5;-4154.217285
404069.9375;5861957.5;-4153.476074
404130.25;5861957.5;-4152.831055
404190.5313;5861957.5;-4152.322754
404250.8438;5861957.5;-4152.003906
404311.125;5861957.5;-4160.081055
404371.4375;5861957.5;-4160.116699
404431.75;5861957.5;-4152.54834
404492.0313;5861957.5;-4153.086914
404552.3438;5861957.5;-4153.821777
404612.625;5861957.5;-4154.745605
404672.9375;5861957.5;-4155.903809
404733.25;5861957.5;-4157.253418
404793.5313;5861957.5;-4159.986328
404853.8438;5861957.5;-4162.091309
404914.1563;5861957.5;-4164.370605
404974.4375;5861957.5;-4166.79834
405034.75;5861957.5;-4169.304688
405095.0313;5861957.5;-4171.86084
405155.3438;5861957.5;-4174.443848
405215.6563;5861957.5;-4177.018555
405275.9375;5861957.5;-4179.556641
405336.25;5861957.5;-4182.005371
405396.5625;5861957.5;-4184.389648
405456.8438;5861957.5;-4186.707031
405517.1563;5861957.5;-4188.962402
405577.4375;5861957.5;-4191.152344
405637.75;5861957.5;-4193.275879
405698.0625;5861957.5;-4195.245117
405758.3438;5861957.5;-4197.14502
405818.6563;5861957.5;-4198.991211
405878.9688;5861957.5;-4200.729004
405939.25;5861957.5;-4202.43457
405999.5625;5861957.5;-4204.171875
406059.8438;5861957.5;-4206.025879
406120.1563;5861957.5;-4208.257813
406180.4688;5861957.5;-4211.280762
406240.75;5861957.5;-4215.137207
406301.0625;5861957.5;-4219.480957
406361.375;5861957.5;-4223.836914
406421.6563;5861957.5;-4227.097168
406481.9688;5861957.5;-4226.903809
406542.25;5861957.5;-4223.688477
406602.5625;5861957.5;-4220.541992
406662.875;5861957.5;-4219.383789
406723.1563;5861957.5;-4220.222168
406783.4688;5861957.5;-4210.98584
406843.7813;5861957.5;-4193.360352
406904.0625;5861957.5;-4195.376953
406964.375;5861957.5;-4197.533203
407024.6563;5861957.5;-4199.900391
407084.9688;5861957.5;-4202.034668
407145.2813;5861957.5;-4203.871094
407205.5625;5861957.5;-4232.837402
407265.875;5861957.5;-4233.751465
407326.1875;5861957.5;-4234.318359
407386.4688;5861957.5;-4234.568359
407446.7813;5861957.5;-4234.637207
407507.0625;5861957.5;-4234.554688
407567.375;5861957.5;-4234.311523
407627.6875;5861957.5;-4233.993652
407687.9688;5861957.5;-4233.637695
407748.2813;5861957.5;-4233.213379
407808.5938;5861957.5;-4232.756836
407868.875;5861957.5;-4232.28418
407929.1875;5861957.5;-4231.779297
407989.4688;5861957.5;-4231.260254
408049.7813;5861957.5;-4230.733887
408110.0938;5861957.5;-4230.189941
408170.375;5861957.5;-4229.634766
408230.6875;5861957.5;-4229.077148
408291;5861957.5;-4228.511719
408351.2813;5861957.5;-4227.941895
408411.5938;5861957.5;-4227.374512
408471.875;5861957.5;-4226.809082
408532.1875;5861957.5;-4226.251465
408592.5;5861957.5;-4225.705566
408652.7813;5861957.5;-4225.17041
408713.0938;5861957.5;-4224.647949
408773.4063;5861957.5;-4224.144531
408833.6875;5861957.5;-4223.660156
408894;5861957.5;-4223.195801
408954.2813;5861957.5;-4222.74707
409014.5938;5861957.5;-4222.321777
409074.9063;5861957.5;-4221.924316
409135.1875;5861957.5;-4221.544434
409195.5;5861957.5;-4221.184082
409255.8125;5861957.5;-4220.857422
409316.0938;5861957.5;-4220.54541
409376.4063;5861957.5;-4220.245117
401356.4063;5862018;-4173.569824
401416.6875;5862018;-4173.376953
401477;5862018;-4173.180176
401537.3125;5862018;-4172.977051
401597.5938;5862018;-4172.755371
401657.9063;5862018;-4172.521484
401718.2188;5862018;-4172.275879
401778.5;5862018;-4172.01709
401838.8125;5862018;-4171.744629
401899.0938;5862018;-4171.462891
401959.4063;5862018;-4171.174316
402019.7188;5862018;-4170.875488
402080;5862018;-4170.567383
402140.3125;5862018;-4170.255859
402200.625;5862018;-4169.939453
402260.9063;5862018;-4169.615723
402321.2188;5862018;-4169.289063
402381.5;5862018;-4168.961914
402441.8125;5862018;-4168.630371
402502.125;5862018;-4168.299316
402562.4063;5862018;-4167.96582
402622.7188;5862018;-4167.622559
402683.0313;5862018;-4167.272949
402743.3125;5862018;-4166.918457
402803.625;5862018;-4166.546875
402863.9063;5862018;-4166.161621
402924.2188;5862018;-4165.766602
402984.5313;5862018;-4165.335938
403044.8125;5862018;-4164.867188
403105.125;5862018;-4164.375977
403165.4375;5862018;-4163.848145
403225.7188;5862018;-4163.273438
403286.0313;5862018;-4162.65332
403346.3125;5862018;-4161.981445
403406.625;5862018;-4161.260254
403466.9375;5862018;-4160.490234
403527.2188;5862018;-4159.65918
403587.5313;5862018;-4158.774902
403647.8438;5862018;-4166.875
403708.125;5862018;-4165.915039
403768.4375;5862018;-4164.930176
403828.7188;5862018;-4155.166504
403889.0313;5862018;-4154.147461
403949.3438;5862018;-4153.164063
404009.625;5862018;-4152.240723
404069.9375;5862018;-4151.385742
404130.25;5862018;-4150.612305
404190.5313;5862018;-4149.961914
404250.8438;5862018;-4149.484375
404311.125;5862018;-4149.18457
404371.4375;5862018;-4157.146973
404431.75;5862018;-4149.469727
404492.0313;5862018;-4149.772949
404552.3438;5862018;-4150.258789
404612.625;5862018;-4150.92334
404672.9375;5862018;-4151.816895
404733.25;5862018;-4152.911133
404793.5313;5862018;-4154.154297
404853.8438;5862018;-4158.063477
404914.1563;5862018;-4160.16748
404974.4375;5862018;-4162.427246
405034.75;5862018;-4164.802734
405095.0313;5862018;-4167.262207
405155.3438;5862018;-4169.785645
405215.6563;5862018;-4172.341797
405275.9375;5862018;-4174.893555
405336.25;5862018;-4177.396973
405396.5625;5862018;-4179.862305
405456.8438;5862018;-4182.281738
405517.1563;5862018;-4184.681641
405577.4375;5862018;-4187.039551
405637.75;5862018;-4189.350098
405698.0625;5862018;-4191.49707
405758.3438;5862018;-4193.59082
405818.6563;5862018;-4195.651367
405878.9688;5862018;-4197.620117
405939.25;5862018;-4199.571289
405999.5625;5862018;-4201.57373
406059.8438;5862018;-4203.724121
406120.1563;5862018;-4206.277344
406180.4688;5862018;-4209.55127
406240.75;5862018;-4213.635742
406301.0625;5862018;-4218.46582
406361.375;5862018;-4223.879883
406421.6563;5862018;-4228.292969
406481.9688;5862018;-4227.211426
406542.25;5862018;-4221.072754
406602.5625;5862018;-4215.451172
406662.875;5862018;-4213.365723
406723.1563;5862018;-4214.171875
406783.4688;5862018;-4215.871094
406843.7813;5862018;-4191.046387
406904.0625;5862018;-4190.417969
406964.375;5862018;-4192.98291
407024.6563;5862018;-4195.756836
407084.9688;5862018;-4198.241699
407145.2813;5862018;-4200.366211
407205.5625;5862018;-4229.739258
407265.875;5862018;-4230.868652
407326.1875;5862018;-4231.591309
407386.4688;5862018;-4231.940918
407446.7813;5862018;-4232.065918
407507.0625;5862018;-4232.005371
407567.375;5862018;-4231.761719
407627.6875;5862018;-4231.436523
407687.9688;5862018;-4231.074707
407748.2813;5862018;-4230.653809
407808.5938;5862018;-4230.209473
407868.875;5862018;-4229.759277
407929.1875;5862018;-4229.282715
407989.4688;5862018;-4228.79541
408049.7813;5862018;-4228.307129
408110.0938;5862018;-4227.80127
408170.375;5862018;-4227.285645
408230.6875;5862018;-4226.768555
408291;5862018;-4226.243164
408351.2813;5862018;-4225.710449
408411.5938;5862018;-4225.181641
408471.875;5862018;-4224.653809
408532.1875;5862018;-4224.130859
408592.5;5862018;-4223.617676
408652.7813;5862018;-4223.114258
408713.0938;5862018;-4222.622559
408773.4063;5862018;-4222.146484
408833.6875;5862018;-4221.686523
408894;5862018;-4221.246094
408954.2813;5862018;-4220.819824
409014.5938;5862018;-4220.414063
409074.9063;5862018;-4220.03418
409135.1875;5862018;-4219.67041
409195.5;5862018;-4219.324707
409255.8125;5862018;-4219.009766
409316.0938;5862018;-4218.708008
409376.4063;5862018;-4218.41748
401356.4063;5862078.5;-4172.73877
401416.6875;5862078.5;-4172.527344
401477;5862078.5;-4172.30957
401537.3125;5862078.5;-4172.08252
401597.5938;5862078.5;-4171.833984
401657.9063;5862078.5;-4171.569336
401718.2188;5862078.5;-4171.291504
401778.5;5862078.5;-4170.996582
401838.8125;5862078.5;-4170.685547
401899.0938;5862078.5;-4170.363281
401959.4063;5862078.5;-4170.029785
402019.7188;5862078.5;-4169.686523
402080;5862078.5;-4169.331055
402140.3125;5862078.5;-4168.970215
402200.625;5862078.5;-4168.604004
402260.9063;5862078.5;-4168.230469
402321.2188;5862078.5;-4167.85498
402381.5;5862078.5;-4167.47998
402441.8125;5862078.5;-4167.101563
402502.125;5862078.5;-4166.725586
402562.4063;5862078.5;-4166.351563
402622.7188;5862078.5;-4165.972168
402683.0313;5862078.5;-4165.591309
402743.3125;5862078.5;-4165.209961
402803.625;5862078.5;-4164.816406
402863.9063;5862078.5;-4164.415039
402924.2188;5862078.5;-4164.010254
402984.5313;5862078.5;-4163.576172
403044.8125;5862078.5;-4163.110352
403105.125;5862078.5;-4162.628906
403165.4375;5862078.5;-4162.11377
403225.7188;5862078.5;-4161.556152
403286.0313;5862078.5;-4160.95752
403346.3125;5862078.5;-4160.307617
403406.625;5862078.5;-4159.608398
403466.9375;5862078.5;-4158.858887
403527.2188;5862078.5;-4158.043457
403587.5313;5862078.5;-4166.272461
403647.8438;5862078.5;-4165.339355
403708.125;5862078.5;-4164.352051
403768.4375;5862078.5;-4163.326172
403828.7188;5862078.5;-4162.246582
403889.0313;5862078.5;-4152.322754
403949.3438;5862078.5;-4151.250977
404009.625;5862078.5;-4150.21875
404069.9375;5862078.5;-4149.237793
404130.25;5862078.5;-4148.32373
404190.5313;5862078.5;-4147.518066
404250.8438;5862078.5;-4146.866699
404311.125;5862078.5;-4146.379395
404371.4375;5862078.5;-4146.049805
404431.75;5862078.5;-4146.330078
404492.0313;5862078.5;-4146.390625
404552.3438;5862078.5;-4146.622559
404612.625;5862078.5;-4147.025391
404672.9375;5862078.5;-4147.652344
404733.25;5862078.5;-4148.487793
404793.5313;5862078.5;-4149.489746
404853.8438;5862078.5;-4150.700684
404914.1563;5862078.5;-4155.773438
404974.4375;5862078.5;-4157.845703
405034.75;5862078.5;-4160.075684
405095.0313;5862078.5;-4162.428711
405155.3438;5862078.5;-4164.895996
405215.6563;5862078.5;-4167.43457
405275.9375;5862078.5;-4169.996094
405336.25;5862078.5;-4172.540527
405396.5625;5862078.5;-4175.066406
405456.8438;5862078.5;-4177.564941
405517.1563;5862078.5;-4180.430664
405577.4375;5862078.5;-4182.90918
405637.75;5862078.5;-4185.36084
405698.0625;5862078.5;-4187.678223
405758.3438;5862078.5;-4189.958984
405818.6563;5862078.5;-4192.219238
405878.9688;5862078.5;-4194.400879
405939.25;5862078.5;-4196.561523
405999.5625;5862078.5;-4198.758789
406059.8438;5862078.5;-4201.080566
406120.1563;5862078.5;-4203.764648
406180.4688;5862078.5;-4207.096191
406240.75;5862078.5;-4211.184082
406301.0625;5862078.5;-4216.038574
406361.375;5862078.5;-4221.506836
406421.6563;5862078.5;-4225.897461
406481.9688;5862078.5;-4224.563965
406542.25;5862078.5;-4217.885254
406602.5625;5862078.5;-4211.609863
406662.875;5862078.5;-4208.951172
406723.1563;5862078.5;-4209.300781
406783.4688;5862078.5;-4210.760742
406843.7813;5862078.5;-4212.995117
406904.0625;5862078.5;-4186.01709
406964.375;5862078.5;-4188.81543
407024.6563;5862078.5;-4191.859863
407084.9688;5862078.5;-4194.608887
407145.2813;5862078.5;-4224.64209
407205.5625;5862078.5;-4226.423828
407265.875;5862078.5;-4227.766113
407326.1875;5862078.5;-4228.655273
407386.4688;5862078.5;-4229.112793
407446.7813;5862078.5;-4229.299316
407507.0625;5862078.5;-4229.260742
407567.375;5862078.5;-4229.01709
407627.6875;5862078.5;-4228.68457
407687.9688;5862078.5;-4228.319824
407748.2813;5862078.5;-4227.904785
407808.5938;5862078.5;-4227.480469
407868.875;5862078.5;-4227.062988
407929.1875;5862078.5;-4226.625488
407989.4688;5862078.5;-4226.184082
408049.7813;5862078.5;-4225.745117
408110.0938;5862078.5;-4225.291016
408170.375;5862078.5;-4224.826172
408230.6875;5862078.5;-4224.360352
408291;5862078.5;-4223.884766
408351.2813;5862078.5;-4223.400879
408411.5938;5862078.5;-4222.918945
408471.875;5862078.5;-4222.435059
408532.1875;5862078.5;-4221.955078
408592.5;5862078.5;-4221.483887
408652.7813;5862078.5;-4221.018555
408713.0938;5862078.5;-4220.562012
408773.4063;5862078.5;-4220.119141
408833.6875;5862078.5;-4219.691406
408894;5862078.5;-4219.279785
408954.2813;5862078.5;-4218.879395
409014.5938;5862078.5;-4218.498535
409074.9063;5862078.5;-4218.140137
409135.1875;5862078.5;-4217.795898
409195.5;5862078.5;-4217.468262
409255.8125;5862078.5;-4217.168945
409316.0938;5862078.5;-4216.880859
409376.4063;5862078.5;-4216.603027
401356.4063;5862139.5;-4171.90918
401416.6875;5862139.5;-4171.679688
401477;5862139.5;-4171.441406
401537.3125;5862139.5;-4171.19043
401597.5938;5862139.5;-4170.915039
401657.9063;5862139.5;-4170.620605
401718.2188;5862139.5;-4170.310059
401778.5;5862139.5;-4169.978516
401838.8125;5862139.5;-4169.628906
401899.0938;5862139.5;-4169.265137
401959.4063;5862139.5;-4168.888184
402019.7188;5862139.5;-4168.497559
402080;5862139.5;-4168.09375
402140.3125;5862139.5;-4167.683594
402200.625;5862139.5;-4167.267578
402260.9063;5862139.5;-4166.84375
402321.2188;5862139.5;-4166.417969
402381.5;5862139.5;-4165.994141
402441.8125;5862139.5;-4165.568848
402502.125;5862139.5;-4165.148438
402562.4063;5862139.5;-4164.733887
402622.7188;5862139.5;-4164.318848
402683.0313;5862139.5;-4163.906738
402743.3125;5862139.5;-4163.501465
402803.625;5862139.5;-4163.089355
402863.9063;5862139.5;-4162.67334
402924.2188;5862139.5;-4162.260742
402984.5313;5862139.5;-4161.825684
403044.8125;5862139.5;-4161.366699
403105.125;5862139.5;-4160.899414
403165.4375;5862139.5;-4160.400879
403225.7188;5862139.5;-4159.863281
403286.0313;5862139.5;-4159.288086
403346.3125;5862139.5;-4158.663574
403406.625;5862139.5;-4157.987305
403466.9375;5862139.5;-4157.258789
403527.2188;5862139.5;-4165.623535
403587.5313;5862139.5;-4164.772949
403647.8438;5862139.5;-4163.817871
403708.125;5862139.5;-4162.797852
403768.4375;5862139.5;-4161.724121
403828.7188;5862139.5;-4160.57666
403889.0313;5862139.5;-4159.394531
403949.3438;5862139.5;-4149.333496
404009.625;5862139.5;-4148.183594
404069.9375;5862139.5;-4147.066406
404130.25;5862139.5;-4146.001465
404190.5313;5862139.5;-4145.028809
404250.8438;5862139.5;-4144.194336
404311.125;5862139.5;-4143.507324
404371.4375;5862139.5;-4142.967773
404431.75;5862139.5;-4142.595215
404492.0313;5862139.5;-4142.945313
404552.3438;5862139.5;-4142.917969
404612.625;5862139.5;-4143.052246
404672.9375;5862139.5;-4143.404785
404733.25;5862139.5;-4143.970215
404793.5313;5862139.5;-4144.717773
404853.8438;5862139.5;-4145.706055
404914.1563;5862139.5;-4147.114746
404974.4375;5862139.5;-4153.099609
405034.75;5862139.5;-4155.191895
405095.0313;5862139.5;-4157.449219
405155.3438;5862139.5;-4159.87207
405215.6563;5862139.5;-4162.398438
405275.9375;5862139.5;-4164.973145
405336.25;5862139.5;-4167.549805
405396.5625;5862139.5;-4170.122559
405456.8438;5862139.5;-4172.680176
405517.1563;5862139.5;-4176.150879
405577.4375;5862139.5;-4178.71875
405637.75;5862139.5;-4181.283203
405698.0625;5862139.5;-4183.749023
405758.3438;5862139.5;-4186.203125
405818.6563;5862139.5;-4188.652832
405878.9688;5862139.5;-4191.018555
405939.25;5862139.5;-4193.327148
405999.5625;5862139.5;-4195.612305
406059.8438;5862139.5;-4197.932617
406120.1563;5862139.5;-4200.499512
406180.4688;5862139.5;-4203.581055
406240.75;5862139.5;-4207.287598
406301.0625;5862139.5;-4211.551758
406361.375;5862139.5;-4215.9375
406421.6563;5862139.5;-4219.023438
406481.9688;5862139.5;-4218.047852
406542.25;5862139.5;-4213.308105
406602.5625;5862139.5;-4208.445801
406662.875;5862139.5;-4205.80957
406723.1563;5862139.5;-4205.375977
406783.4688;5862139.5;-4206.293457
406843.7813;5862139.5;-4208.357422
406904.0625;5862139.5;-4211.156738
406964.375;5862139.5;-4184.880371
407024.6563;5862139.5;-4188.083008
407084.9688;5862139.5;-4218.407227
407145.2813;5862139.5;-4220.945801
407205.5625;5862139.5;-4222.947266
407265.875;5862139.5;-4224.508789
407326.1875;5862139.5;-4225.575195
407386.4688;5862139.5;-4226.140137
407446.7813;5862139.5;-4226.380859
407507.0625;5862139.5;-4226.358398
407567.375;5862139.5;-4226.11084
407627.6875;5862139.5;-4225.769531
407687.9688;5862139.5;-4225.402832
407748.2813;5862139.5;-4225.000977
407808.5938;5862139.5;-4224.606445
407868.875;5862139.5;-4224.230469
407929.1875;5862139.5;-4223.84375
407989.4688;5862139.5;-4223.459961
408049.7813;5862139.5;-4223.081543
408110.0938;5862139.5;-4222.6875
408170.375;5862139.5;-4222.28418
408230.6875;5862139.5;-4221.878906
408291;5862139.5;-4221.461426
408351.2813;5862139.5;-4221.033691
408411.5938;5862139.5;-4220.605957
408471.875;5862139.5;-4220.173828
408532.1875;5862139.5;-4219.742188
408592.5;5862139.5;-4219.31543
408652.7813;5862139.5;-4218.893555
408713.0938;5862139.5;-4218.477051
408773.4063;5862139.5;-4218.071289
408833.6875;5862139.5;-4217.678223
408894;5862139.5;-4217.29834
408954.2813;5862139.5;-4216.927734
409014.5938;5862139.5;-4216.573242
409074.9063;5862139.5;-4216.239258
409135.1875;5862139.5;-4215.916992
409195.5;5862139.5;-4215.608887
409255.8125;5862139.5;-4215.327637
409316.0938;5862139.5;-4215.054688
409376.4063;5862139.5;-4214.790527
401356.4063;5862200;-4171.083984
401416.6875;5862200;-4170.836426
401477;5862200;-4170.577637
401537.3125;5862200;-4170.303711
401597.5938;5862200;-4170.002441
401657.9063;5862200;-4169.678223
401718.2188;5862200;-4169.334473
401778.5;5862200;-4168.967773
401838.8125;5862200;-4168.579102
401899.0938;5862200;-4168.17334
401959.4063;5862200;-4167.751953
402019.7188;5862200;-4167.314453
402080;5862200;-4166.861816
402140.3125;5862200;-4166.401855
402200.625;5862200;-4165.935547
402260.9063;5862200;-4165.459473
402321.2188;5862200;-4164.983398
402381.5;5862200;-4164.510254
402441.8125;5862200;-4164.038086
402502.125;5862200;-4163.572266
402562.4063;5862200;-4163.118164
402622.7188;5862200;-4162.668457
402683.0313;5862200;-4162.227051
402743.3125;5862200;-4161.798828
402803.625;5862200;-4161.369629
402863.9063;5862200;-4160.942871
402924.2188;5862200;-4160.526855
402984.5313;5862200;-4160.095703
403044.8125;5862200;-4159.645996
403105.125;5862200;-4159.195801
403165.4375;5862200;-4158.718262
403225.7188;5862200;-4158.205078
403286.0313;5862200;-4157.658691
403346.3125;5862200;-4157.062012
403406.625;5862200;-4156.411621
403466.9375;5862200;-4155.705566
403527.2188;5862200;-4164.179688
403587.5313;5862200;-4163.321289
403647.8438;5862200;-4162.344238
403708.125;5862200;-4161.287109
403768.4375;5862200;-4160.160645
403828.7188;5862200;-4158.939453
403889.0313;5862200;-4157.663086
403949.3438;5862200;-4156.352539
404009.625;5862200;-4146.161133
404069.9375;5862200;-4144.901367
404130.25;5862200;-4143.676758
404190.5313;5862200;-4142.52832
404250.8438;5862200;-4141.501953
404311.125;5862200;-4140.60791
404371.4375;5862200;-4139.849609
404431.75;5862200;-4139.24707
404492.0313;5862200;-4139.442383
404552.3438;5862200;-4139.148926
404612.625;5862200;-4139.006348
404672.9375;5862200;-4139.070313
404733.25;5862200;-4139.34668
404793.5313;5862200;-4139.822754
404853.8438;5862200;-4140.748047
404914.1563;5862200;-4141.891602
404974.4375;5862200;-4143.431152
405034.75;5862200;-4150.211426
405095.0313;5862200;-4152.400391
405155.3438;5862200;-4154.799316
405215.6563;5862200;-4157.325684
405275.9375;5862200;-4159.915039
405336.25;5862200;-4162.518555
405396.5625;5862200;-4165.125
405456.8438;5862200;-4167.72168
405517.1563;5862200;-4171.779297
405577.4375;5862200;-4174.414551
405637.75;5862200;-4177.07373
405698.0625;5862200;-4179.678223
405758.3438;5862200;-4182.297363
405818.6563;5862200;-4184.925781
405878.9688;5862200;-4187.460449
405939.25;5862200;-4189.868652
405999.5625;5862200;-4192.144531
406059.8438;5862200;-4194.313477
406120.1563;5862200;-4196.538086
406180.4688;5862200;-4199.070801
406240.75;5862200;-4202.056152
406301.0625;5862200;-4205.525391
406361.375;5862200;-4208.969727
406421.6563;5862200;-4211.160156
406481.9688;5862200;-4210.736816
406542.25;5862200;-4207.835449
406602.5625;5862200;-4204.371094
406662.875;5862200;-4202.037109
406723.1563;5862200;-4201.228516
406783.4688;5862200;-4201.815918
406843.7813;5862200;-4203.71582
406904.0625;5862200;-4206.494141
406964.375;5862200;-4209.665527
407024.6563;5862200;-4211.165527
407084.9688;5862200;-4214.361328
407145.2813;5862200;-4217.083008
407205.5625;5862200;-4219.3125
407265.875;5862200;-4221.123047
407326.1875;5862200;-4222.384277
407386.4688;5862200;-4223.052246
407446.7813;5862200;-4223.333496
407507.0625;5862200;-4223.314453
407567.375;5862200;-4223.056641
407627.6875;5862200;-4222.709961
407687.9688;5862200;-4222.349121
407748.2813;5862200;-4221.970703
407808.5938;5862200;-4221.617188
407868.875;5862200;-4221.293945
407929.1875;5862200;-4220.970215
407989.4688;5862200;-4220.654297
408049.7813;5862200;-4220.34668
408110.0938;5862200;-4220.023438
408170.375;5862200;-4219.689453
408230.6875;5862200;-4219.351563
408291;5862200;-4218.997559
408351.2813;5862200;-4218.630371
408411.5938;5862200;-4218.26123
408471.875;5862200;-4217.88623
408532.1875;5862200;-4217.504883
408592.5;5862200;-4217.125977
408652.7813;5862200;-4216.748535
408713.0938;5862200;-4216.374512
408773.4063;5862200;-4216.008301
408833.6875;5862200;-4215.650879
408894;5862200;-4215.304199
408954.2813;5862200;-4214.964844
409014.5938;5862200;-4214.638184
409074.9063;5862200;-4214.32959
409135.1875;5862200;-4214.030273
409195.5;5862200;-4213.742188
409255.8125;5862200;-4213.478516
409316.0938;5862200;-4213.22168
409376.4063;5862200;-4212.972168
401356.4063;5862260.5;-4170.268066
401416.6875;5862260.5;-4170.002441
401477;5862260.5;-4169.724121
401537.3125;5862260.5;-4169.428223
401597.5938;5862260.5;-4169.100098
401657.9063;5862260.5;-4168.746582
401718.2188;5862260.5;-4168.371094
401778.5;5862260.5;-4167.96875
401838.8125;5862260.5;-4167.540527
401899.0938;5862260.5;-4167.092773
401959.4063;5862260.5;-4166.628418
402019.7188;5862260.5;-4166.143066
402080;5862260.5;-4165.641113
402140.3125;5862260.5;-4165.129395
402200.625;5862260.5;-4164.611328
402260.9063;5862260.5;-4164.08252
402321.2188;5862260.5;-4163.554199
402381.5;5862260.5;-4163.032227
402441.8125;5862260.5;-4162.51123
402502.125;5862260.5;-4162.001465
402562.4063;5862260.5;-4161.507813
402622.7188;5862260.5;-4161.023926
402683.0313;5862260.5;-4160.554688
402743.3125;5862260.5;-4160.10498
402803.625;5862260.5;-4159.662109
402863.9063;5862260.5;-4159.227539
402924.2188;5862260.5;-4158.811035
402984.5313;5862260.5;-4158.388184
403044.8125;5862260.5;-4157.953613
403105.125;5862260.5;-4157.524902
403165.4375;5862260.5;-4157.074219
403225.7188;5862260.5;-4156.590332
403286.0313;5862260.5;-4156.077148
403346.3125;5862260.5;-4155.513672
403406.625;5862260.5;-4154.894531
403466.9375;5862260.5;-4163.548828
403527.2188;5862260.5;-4162.768555
403587.5313;5862260.5;-4161.900879
403647.8438;5862260.5;-4160.899414
403708.125;5862260.5;-4159.799805
403768.4375;5862260.5;-4158.61377
403828.7188;5862260.5;-4157.311523
403889.0313;5862260.5;-4155.931641
403949.3438;5862260.5;-4154.493164
404009.625;5862260.5;-4152.972656
404069.9375;5862260.5;-4142.765137
404130.25;5862260.5;-4141.372559
404190.5313;5862260.5;-4140.039063
404250.8438;5862260.5;-4138.812012
404311.125;5862260.5;-4137.703613
404371.4375;5862260.5;-4136.720703
404431.75;5862260.5;-4135.883301
404492.0313;5862260.5;-4135.208984
404552.3438;5862260.5;-4135.429688
404612.625;5862260.5;-4135.003906
404672.9375;5862260.5;-4134.766602
404733.25;5862260.5;-4134.73291
404793.5313;5862260.5;-4134.911621
404853.8438;5862260.5;-4135.657227
404914.1563;5862260.5;-4136.649414
404974.4375;5862260.5;-4138.157227
405034.75;5862260.5;-4145.051758
405095.0313;5862260.5;-4147.210449
405155.3438;5862260.5;-4149.608887
405215.6563;5862260.5;-4152.145508
405275.9375;5862260.5;-4154.748047
405336.25;5862260.5;-4157.366699
405396.5625;5862260.5;-4159.98291
405456.8438;5862260.5;-4162.586914
405517.1563;5862260.5;-4167.240723
405577.4375;5862260.5;-4169.913086
405637.75;5862260.5;-4172.646973
405698.0625;5862260.5;-4175.376953
405758.3438;5862260.5;-4178.161621
405818.6563;5862260.5;-4180.976074
405878.9688;5862260.5;-4183.674316
405939.25;5862260.5;-4186.150879
405999.5625;5862260.5;-4188.354492
406059.8438;5862260.5;-4190.254883
406120.1563;5862260.5;-4191.95752
406180.4688;5862260.5;-4193.696289
406240.75;5862260.5;-4195.687012
406301.0625;5862260.5;-4198.216797
406361.375;5862260.5;-4200.929199
406421.6563;5862260.5;-4202.717285
406481.9688;5862260.5;-4202.776367
406542.25;5862260.5;-4201.100098
406602.5625;5862260.5;-4198.717773
406662.875;5862260.5;-4196.907227
406723.1563;5862260.5;-4196.189453
406783.4688;5862260.5;-4196.724609
406843.7813;5862260.5;-4198.573242
406904.0625;5862260.5;-4201.371094
406964.375;5862260.5;-4202.776855
407024.6563;5862260.5;-4206.468262
407084.9688;5862260.5;-4209.85791
407145.2813;5862260.5;-4212.768555
407205.5625;5862260.5;-4215.27832
407265.875;5862260.5;-4217.40918
407326.1875;5862260.5;-4218.901367
407386.4688;5862260.5;-4219.673828
407446.7813;5862260.5;-4219.994141
407507.0625;5862260.5;-4219.985352
407567.375;5862260.5;-4219.731934
407627.6875;5862260.5;-4219.40332
407687.9688;5862260.5;-4219.074219
407748.2813;5862260.5;-4218.744141
407808.5938;5862260.5;-4218.452148
407868.875;5862260.5;-4218.203613
407929.1875;5862260.5;-4217.960449
407989.4688;5862260.5;-4217.728027
408049.7813;5862260.5;-4217.505371
408110.0938;5862260.5;-4217.265625
408170.375;5862260.5;-4217.011719
408230.6875;5862260.5;-4216.750488
408291;5862260.5;-4216.469238
408351.2813;5862260.5;-4216.170898
408411.5938;5862260.5;-4215.867188
408471.875;5862260.5;-4215.553223
408532.1875;5862260.5;-4215.22998
408592.5;5862260.5;-4214.90332
408652.7813;5862260.5;-4214.576172
408713.0938;5862260.5;-4214.249512
408773.4063;5862260.5;-4213.92627
408833.6875;5862260.5;-4213.607422
408894;5862260.5;-4213.297363
408954.2813;5862260.5;-4212.992188
409014.5938;5862260.5;-4212.696289
409074.9063;5862260.5;-4212.415039
409135.1875;5862260.5;-4212.141602
409195.5;5862260.5;-4211.877441
409255.8125;5862260.5;-4211.633789
409316.0938;5862260.5;-4211.394531
409376.4063;5862260.5;-4211.161621
401356.4063;5862321;-4169.46582
401416.6875;5862321;-4169.18457
401477;5862321;-4168.887695
401537.3125;5862321;-4168.569824
401597.5938;5862321;-4168.216797
401657.9063;5862321;-4167.835449
401718.2188;5862321;-4167.428223
401778.5;5862321;-4166.990723
401838.8125;5862321;-4166.522949
401899.0938;5862321;-4166.033691
401959.4063;5862321;-4165.524414
402019.7188;5862321;-4164.992188
402080;5862321;-4164.438477
402140.3125;5862321;-4163.874512
402200.625;5862321;-4163.301758
402260.9063;5862321;-4162.719238
402321.2188;5862321;-4162.137695
402381.5;5862321;-4161.563965
402441.8125;5862321;-4160.994141
402502.125;5862321;-4160.438477
402562.4063;5862321;-4159.90625
402622.7188;5862321;-4159.388672
402683.0313;5862321;-4158.893555
402743.3125;5862321;-4158.425781
402803.625;5862321;-4157.972168
402863.9063;5862321;-4157.533691
402924.2188;5862321;-4157.123047
402984.5313;5862321;-4156.713379
403044.8125;5862321;-4156.300293
403105.125;5862321;-4155.902344
403165.4375;5862321;-4155.48584
403225.7188;5862321;-4155.041016
403286.0313;5862321;-4154.568848
403346.3125;5862321;-4154.045898
403406.625;5862321;-4162.881836
403466.9375;5862321;-4162.208496
403527.2188;5862321;-4161.434082
403587.5313;5862321;-4160.559082
403647.8438;5862321;-4159.529785
403708.125;5862321;-4158.384277
403768.4375;5862321;-4157.133301
403828.7188;5862321;-4155.740723
403889.0313;5862321;-4154.25
403949.3438;5862321;-4152.673828
404009.625;5862321;-4150.982422
404069.9375;5862321;-4149.240723
404130.25;5862321;-4139.11377
404190.5313;5862321;-4137.585449
404250.8438;5862321;-4136.147949
404311.125;5862321;-4134.819824
404371.4375;5862321;-4133.608398
404431.75;5862321;-4132.53418
404492.0313;5862321;-4131.610352
404552.3438;5862321;-4130.79541
404612.625;5862321;-4131.050781
404672.9375;5862321;-4130.496582
404733.25;5862321;-4130.126465
404793.5313;5862321;-4129.97998
404853.8438;5862321;-4130.527832
404914.1563;5862321;-4131.384766
404974.4375;5862321;-4132.916504
405034.75;5862321;-4134.849121
405095.0313;5862321;-4141.98291
405155.3438;5862321;-4144.407715
405215.6563;5862321;-4146.958984
405275.9375;5862321;-4149.558594
405336.25;5862321;-4152.164551
405396.5625;5862321;-4154.745117
405456.8438;5862321;-4157.294922
405517.1563;5862321;-4162.502441
405577.4375;5862321;-4165.15625
405637.75;5862321;-4167.92334
405698.0625;5862321;-4170.761719
405758.3438;5862321;-4173.721191
405818.6563;5862321;-4176.751465
405878.9688;5862321;-4179.646973
405939.25;5862321;-4182.199707
405999.5625;5862321;-4184.297852
406059.8438;5862321;-4185.85791
406120.1563;5862321;-4186.943359
406180.4688;5862321;-4187.828613
406240.75;5862321;-4188.814453
406301.0625;5862321;-4190.309082
406361.375;5862321;-4192.15918
406421.6563;5862321;-4193.505371
406481.9688;5862321;-4193.771484
406542.25;5862321;-4192.850098
406602.5625;5862321;-4191.330078
406662.875;5862321;-4190.15332
406723.1563;5862321;-4189.788086
406783.4688;5862321;-4190.501953
406843.7813;5862321;-4192.464355
406904.0625;5862321;-4193.419434
406964.375;5862321;-4197.039063
407024.6563;5862321;-4200.885742
407084.9688;5862321;-4204.498535
407145.2813;5862321;-4207.712891
407205.5625;5862321;-4210.628906
407265.875;5862321;-4213.195313
407326.1875;5862321;-4214.962891
407386.4688;5862321;-4215.83252
407446.7813;5862321;-4216.208984
407507.0625;5862321;-4216.251953
407567.375;5862321;-4216.05127
407627.6875;5862321;-4215.784668
407687.9688;5862321;-4215.533691
407748.2813;5862321;-4215.289551
407808.5938;5862321;-4215.094727
407868.875;5862321;-4214.948242
407929.1875;5862321;-4214.808594
407989.4688;5862321;-4214.680664
408049.7813;5862321;-4214.559082
408110.0938;5862321;-4214.416504
408170.375;5862321;-4214.254395
408230.6875;5862321;-4214.080566
408291;5862321;-4213.879395
408351.2813;5862321;-4213.658203
408411.5938;5862321;-4213.426758
408471.875;5862321;-4213.180664
408532.1875;5862321;-4212.919434
408592.5;5862321;-4212.651367
408652.7813;5862321;-4212.378418
408713.0938;5862321;-4212.102051
408773.4063;5862321;-4211.824219
408833.6875;5862321;-4211.548828
408894;5862321;-4211.277832
408954.2813;5862321;-4211.009766
409014.5938;5862321;-4210.74707
409074.9063;5862321;-4210.496094
409135.1875;5862321;-4210.25
409195.5;5862321;-4210.010742
409255.8125;5862321;-4209.788574
409316.0938;5862321;-4209.569824
409376.4063;5862321;-4209.35498
401356.4063;5862381.5;-4168.680176
401416.6875;5862381.5;-4168.384277
401477;5862381.5;-4168.069336
401537.3125;5862381.5;-4167.731445
401597.5938;5862381.5;-4167.35498
401657.9063;5862381.5;-4166.946777
401718.2188;5862381.5;-4166.508789
401778.5;5862381.5;-4166.036133
401838.8125;5862381.5;-4165.53125
401899.0938;5862381.5;-4164.999512
401959.4063;5862381.5;-4164.443848
402019.7188;5862381.5;-4163.862793
402080;5862381.5;-4163.257813
402140.3125;5862381.5;-4162.639648
402200.625;5862381.5;-4162.01123
402260.9063;5862381.5;-4161.37207
402321.2188;5862381.5;-4160.73584
402381.5;5862381.5;-4160.108398
402441.8125;5862381.5;-4159.487305
402502.125;5862381.5;-4158.885254
402562.4063;5862381.5;-4158.313477
402622.7188;5862381.5;-4157.763672
402683.0313;5862381.5;-4157.244141
402743.3125;5862381.5;-4156.760742
402803.625;5862381.5;-4156.299805
402863.9063;5862381.5;-4155.863281
402924.2188;5862381.5;-4155.463379
402984.5313;5862381.5;-4155.074219
403044.8125;5862381.5;-4154.691406
403105.125;5862381.5;-4154.333008
403165.4375;5862381.5;-4153.960449
403225.7188;5862381.5;-4153.563965
403286.0313;5862381.5;-4153.144531
403346.3125;5862381.5;-4154.507813
403406.625;5862381.5;-4161.629395
403466.9375;5862381.5;-4160.97998
403527.2188;5862381.5;-4160.215332
403587.5313;5862381.5;-4159.334473
403647.8438;5862381.5;-4158.276855
403708.125;5862381.5;-4157.083008
403768.4375;5862381.5;-4155.761719
403828.7188;5862381.5;-4154.275879
403889.0313;5862381.5;-4152.667969
403949.3438;5862381.5;-4150.947754
404009.625;5862381.5;-4149.075684
404069.9375;5862381.5;-4147.127441
404130.25;5862381.5;-4145.160645
404190.5313;5862381.5;-4135.181641
404250.8438;5862381.5;-4133.526367
404311.125;5862381.5;-4131.973633
404371.4375;5862381.5;-4130.534668
404431.75;5862381.5;-4129.228516
404492.0313;5862381.5;-4128.061523
404552.3438;5862381.5;-4126.983398
404612.625;5862381.5;-4125.973145
404672.9375;5862381.5;-4126.271973
404733.25;5862381.5;-4125.552734
404793.5313;5862381.5;-4125.058594
404853.8438;5862381.5;-4125.334961
404914.1563;5862381.5;-4126.14209
404974.4375;5862381.5;-4127.75293
405034.75;5862381.5;-4129.835938
405095.0313;5862381.5;-4132.220215
405155.3438;5862381.5;-4139.380371
405215.6563;5862381.5;-4141.934082
405275.9375;5862381.5;-4144.497559
405336.25;5862381.5;-4147.038086
405396.5625;5862381.5;-4149.512695
405456.8438;5862381.5;-4151.92627
405517.1563;5862381.5;-4157.588379
405577.4375;5862381.5;-4160.141602
405637.75;5862381.5;-4162.883789
405698.0625;5862381.5;-4165.807129
405758.3438;5862381.5;-4168.957031
405818.6563;5862381.5;-4172.255859
405878.9688;5862381.5;-4175.419434
405939.25;5862381.5;-4178.104004
405999.5625;5862381.5;-4180.118652
406059.8438;5862381.5;-4181.319824
406120.1563;5862381.5;-4181.748047
406180.4688;5862381.5;-4181.788086
406240.75;5862381.5;-4181.859863
406301.0625;5862381.5;-4182.331055
406361.375;5862381.5;-4183.19873
406421.6563;5862381.5;-4183.942871
406481.9688;5862381.5;-4184.124023
406542.25;5862381.5;-4183.579102
406602.5625;5862381.5;-4182.665527
406662.875;5862381.5;-4182.061035
406723.1563;5862381.5;-4182.127441
406783.4688;5862381.5;-4183.158691
406843.7813;5862381.5;-4183.57373
406904.0625;5862381.5;-4186.788574
406964.375;5862381.5;-4190.530273
407024.6563;5862381.5;-4194.501465
407084.9688;5862381.5;-4198.351074
407145.2813;5862381.5;-4201.936523
407205.5625;5862381.5;-4205.306152
407265.875;5862381.5;-4208.339844
407326.1875;5862381.5;-4210.401855
407386.4688;5862381.5;-4211.391113
407446.7813;5862381.5;-4211.88623
407507.0625;5862381.5;-4212.068359
407567.375;5862381.5;-4212.004395
407627.6875;5862381.5;-4211.871582
407687.9688;5862381.5;-4211.755859
407748.2813;5862381.5;-4211.646973
407808.5938;5862381.5;-4211.585938
407868.875;5862381.5;-4211.571289
407929.1875;5862381.5;-4211.557129
407989.4688;5862381.5;-4211.549316
408049.7813;5862381.5;-4211.54248
408110.0938;5862381.5;-4211.507324
408170.375;5862381.5;-4211.446777
408230.6875;5862381.5;-4211.367676
408291;5862381.5;-4211.25293
408351.2813;5862381.5;-4211.111816
408411.5938;5862381.5;-4210.95752
408471.875;5862381.5;-4210.783691
408532.1875;5862381.5;-4210.587402
408592.5;5862381.5;-4210.380371
408652.7813;5862381.5;-4210.164551
408713.0938;5862381.5;-4209.941406
408773.4063;5862381.5;-4209.710938
408833.6875;5862381.5;-4209.47998
408894;5862381.5;-4209.250488
408954.2813;5862381.5;-4209.02002
409014.5938;5862381.5;-4208.79248
409074.9063;5862381.5;-4208.572266
409135.1875;5862381.5;-4208.35498
409195.5;5862381.5;-4208.14209
409255.8125;5862381.5;-4207.941895
409316.0938;5862381.5;-4207.743652
409376.4063;5862381.5;-4207.546875
401356.4063;5862442.5;-4167.913086
401416.6875;5862442.5;-4167.601563
401477;5862442.5;-4167.270996
401537.3125;5862442.5;-4166.914551
401597.5938;5862442.5;-4166.515137
401657.9063;5862442.5;-4166.081055
401718.2188;5862442.5;-4165.613281
401778.5;5862442.5;-4165.107422
401838.8125;5862442.5;-4164.564941
401899.0938;5862442.5;-4163.990723
401959.4063;5862442.5;-4163.389648
402019.7188;5862442.5;-4162.758301
402080;5862442.5;-4162.100098
402140.3125;5862442.5;-4161.425781
402200.625;5862442.5;-4160.740234
402260.9063;5862442.5;-4160.042969
402321.2188;5862442.5;-4159.350586
402381.5;5862442.5;-4158.668457
402441.8125;5862442.5;-4157.995117
402502.125;5862442.5;-4157.345703
402562.4063;5862442.5;-4156.734375
402622.7188;5862442.5;-4156.151855
402683.0313;5862442.5;-4155.608398
402743.3125;5862442.5;-4155.112305
402803.625;5862442.5;-4154.647949
402863.9063;5862442.5;-4154.217285
402924.2188;5862442.5;-4153.834473
402984.5313;5862442.5;-4153.472168
403044.8125;5862442.5;-4153.12793
403105.125;5862442.5;-4152.816895
403165.4375;5862442.5;-4152.499023
403225.7188;5862442.5;-4152.160156
403286.0313;5862442.5;-4151.80127
403346.3125;5862442.5;-4160.911621
403406.625;5862442.5;-4160.438477
403466.9375;5862442.5;-4159.818848
403527.2188;5862442.5;-4159.066895
403587.5313;5862442.5;-4158.179688
403647.8438;5862442.5;-4157.089844
403708.125;5862442.5;-4155.84375
403768.4375;5862442.5;-4154.450684
403828.7188;5862442.5;-4152.867188
403889.0313;5862442.5;-4151.140137
403949.3438;5862442.5;-4149.27002
404009.625;5862442.5;-4147.20752
404069.9375;5862442.5;-4145.039551
404130.25;5862442.5;-4142.831543
404190.5313;5862442.5;-4140.562012
404250.8438;5862442.5;-4130.95166
404311.125;5862442.5;-4129.172852
404371.4375;5862442.5;-4127.508789
404431.75;5862442.5;-4125.977539
404492.0313;5862442.5;-4124.579102
404552.3438;5862442.5;-4123.253906
404612.625;5862442.5;-4121.969727
404672.9375;5862442.5;-4120.777832
404733.25;5862442.5;-4121.232422
404793.5313;5862442.5;-4120.38623
404853.8438;5862442.5;-4120.381348
404914.1563;5862442.5;-4121.0625
404974.4375;5862442.5;-4122.897949
405034.75;5862442.5;-4125.209961
405095.0313;5862442.5;-4127.796875
405155.3438;5862442.5;-4130.517578
405215.6563;5862442.5;-4137.035645
405275.9375;5862442.5;-4139.516113
405336.25;5862442.5;-4141.930664
405396.5625;5862442.5;-4144.224121
405456.8438;5862442.5;-4146.416016
405517.1563;5862442.5;-4152.474121
405577.4375;5862442.5;-4154.840332
405637.75;5862442.5;-4157.493164
405698.0625;5862442.5;-4160.470215
405758.3438;5862442.5;-4163.825195
405818.6563;5862442.5;-4167.452637
405878.9688;5862442.5;-4170.979492
405939.25;5862442.5;-4173.882813
405999.5625;5862442.5;-4175.868164
406059.8438;5862442.5;-4176.718262
406120.1563;5862442.5;-4176.423828
406180.4688;5862442.5;-4175.522461
406240.75;5862442.5;-4174.634766
406301.0625;5862442.5;-4174.140137
406361.375;5862442.5;-4174.12207
406421.6563;5862442.5;-4174.274902
406481.9688;5862442.5;-4174.242188
406542.25;5862442.5;-4173.848633
406602.5625;5862442.5;-4173.333496
406662.875;5862442.5;-4173.195801
406723.1563;5862442.5;-4173.685547
406783.4688;5862442.5;-4175.108398
406843.7813;5862442.5;-4176.264648
406904.0625;5862442.5;-4179.72168
406964.375;5862442.5;-4183.650879
407024.6563;5862442.5;-4187.774414
407084.9688;5862442.5;-4191.823242
407145.2813;5862442.5;-4195.666992
407205.5625;5862442.5;-4199.307129
407265.875;5862442.5;-4202.592773
407326.1875;5862442.5;-4204.919922
407386.4688;5862442.5;-4206.20752
407446.7813;5862442.5;-4206.993164
407507.0625;5862442.5;-4207.438477
407567.375;5862442.5;-4207.605957
407627.6875;5862442.5;-4207.683594
407687.9688;5862442.5;-4207.76416
407748.2813;5862442.5;-4207.838379
407808.5938;5862442.5;-4207.945313
407868.875;5862442.5;-4208.086426
407929.1875;5862442.5;-4208.216797
407989.4688;5862442.5;-4208.345215
408049.7813;5862442.5;-4208.464355
408110.0938;5862442.5;-4208.546387
408170.375;5862442.5;-4208.594727
408230.6875;5862442.5;-4208.615234
408291;5862442.5;-4208.593262
408351.2813;5862442.5;-4208.538086
408411.5938;5862442.5;-4208.464355
408471.875;5862442.5;-4208.364746
408532.1875;5862442.5;-4208.238281
408592.5;5862442.5;-4208.094727
408652.7813;5862442.5;-4207.938477
408713.0938;5862442.5;-4207.769043
408773.4063;5862442.5;-4207.590332
408833.6875;5862442.5;-4207.405762
408894;5862442.5;-4207.218262
408954.2813;5862442.5;-4207.027832
409014.5938;5862442.5;-4206.836426
409074.9063;5862442.5;-4206.649414
409135.1875;5862442.5;-4206.462891
409195.5;5862442.5;-4206.277344
409255.8125;5862442.5;-4206.100098
409316.0938;5862442.5;-4205.92334
409376.4063;5862442.5;-4205.746094
401356.4063;5862503;-4167.166016
401416.6875;5862503;-4166.841309
401477;5862503;-4166.495117
401537.3125;5862503;-4166.121582
401597.5938;5862503;-4165.702148
401657.9063;5862503;-4165.242676
401718.2188;5862503;-4164.746582
401778.5;5862503;-4164.208984
401838.8125;5862503;-4163.628418
401899.0938;5862503;-4163.012207
401959.4063;5862503;-4162.365723
402019.7188;5862503;-4161.684082
402080;5862503;-4160.969727
402140.3125;5862503;-4160.237793
402200.625;5862503;-4159.493164
402260.9063;5862503;-4158.73584
402321.2188;5862503;-4157.983887
402381.5;5862503;-4157.245605
402441.8125;5862503;-4156.518066
402502.125;5862503;-4155.820313
402562.4063;5862503;-4155.166504
402622.7188;5862503;-4154.552734
402683.0313;5862503;-4153.986816
402743.3125;5862503;-4153.479492
402803.625;5862503;-4153.015137
402863.9063;5862503;-4152.595703
402924.2188;5862503;-4152.234375
402984.5313;5862503;-4151.90625
403044.8125;5862503;-4151.610352
403105.125;5862503;-4151.356445
403165.4375;5862503;-4151.102539
403225.7188;5862503;-4150.833496
403286.0313;5862503;-4160.086426
403346.3125;5862503;-4159.738281
403406.625;5862503;-4159.316406
403466.9375;5862503;-4158.730469
403527.2188;5862503;-4157.992676
403587.5313;5862503;-4157.096191
403647.8438;5862503;-4155.972656
403708.125;5862503;-4154.671875
403768.4375;5862503;-4153.206543
403828.7188;5862503;-4151.528809
403889.0313;5862503;-4149.684082
403949.3438;5862503;-4147.661621
404009.625;5862503;-4145.396973
404069.9375;5862503;-4142.989258
404130.25;5862503;-4140.516113
404190.5313;5862503;-4137.957031
404250.8438;5862503;-4135.41748
404311.125;5862503;-4126.407227
404371.4375;5862503;-4124.523438
404431.75;5862503;-4122.780273
404492.0313;5862503;-4121.177246
404552.3438;5862503;-4119.640137
404612.625;5862503;-4118.130371
404672.9375;5862503;-4116.699219
404733.25;5862503;-4115.329102
404793.5313;5862503;-4116.196289
404853.8438;5862503;-4115.891602
404914.1563;5862503;-4116.426758
404974.4375;5862503;-4118.062012
405034.75;5862503;-4121.184082
405095.0313;5862503;-4123.96582
405155.3438;5862503;-4126.736328
405215.6563;5862503;-4129.494629
405275.9375;5862503;-4134.697754
405336.25;5862503;-4136.90918
405396.5625;5862503;-4138.935547
405456.8438;5862503;-4140.807617
405517.1563;5862503;-4147.185059
405577.4375;5862503;-4149.264648
405637.75;5862503;-4151.74707
405698.0625;5862503;-4154.733887
405758.3438;5862503;-4158.302246
405818.6563;5862503;-4162.339844
405878.9688;5862503;-4166.370605
405939.25;5862503;-4169.62207
405999.5625;5862503;-4171.661133
406059.8438;5862503;-4172.171387
406120.1563;5862503;-4171.029785
406180.4688;5862503;-4169.008301
406240.75;5862503;-4167.078125
406301.0625;5862503;-4165.696289
406361.375;5862503;-4164.962402
406421.6563;5862503;-4164.641602
406481.9688;5862503;-4164.413574
406542.25;5862503;-4164.091309
406602.5625;5862503;-4163.855469
406662.875;5862503;-4164.075684
406723.1563;5862503;-4164.918457
406783.4688;5862503;-4165.788574
406843.7813;5862503;-4168.787598
406904.0625;5862503;-4172.538574
406964.375;5862503;-4176.680664
407024.6563;5862503;-4180.974609
407084.9688;5862503;-4185.176758
407145.2813;5862503;-4189.146973
407205.5625;5862503;-4192.874023
407265.875;5862503;-4196.195801
407326.1875;5862503;-4198.73291
407386.4688;5862503;-4200.447754
407446.7813;5862503;-4201.646484
407507.0625;5862503;-4202.442383
407567.375;5862503;-4202.916504
407627.6875;5862503;-4203.269043
407687.9688;5862503;-4203.599121
407748.2813;5862503;-4203.897461
407808.5938;5862503;-4204.203125
407868.875;5862503;-4204.520996
407929.1875;5862503;-4204.8125
407989.4688;5862503;-4205.086914
408049.7813;5862503;-4205.341309
408110.0938;5862503;-4205.546387
408170.375;5862503;-4205.708496
408230.6875;5862503;-4205.833008
408291;5862503;-4205.907715
408351.2813;5862503;-4205.940918
408411.5938;5862503;-4205.951172
408471.875;5862503;-4205.929688
408532.1875;5862503;-4205.874023
408592.5;5862503;-4205.796875
408652.7813;5862503;-4205.70166
408713.0938;5862503;-4205.589844
408773.4063;5862503;-4205.463379
408833.6875;5862503;-4205.327148
408894;5862503;-4205.184082
408954.2813;5862503;-4205.035645
409014.5938;5862503;-4204.882324
409074.9063;5862503;-4204.729492
409135.1875;5862503;-4204.574219
409195.5;5862503;-4204.416992
409255.8125;5862503;-4204.264648
409316.0938;5862503;-4204.111328
409376.4063;5862503;-4203.95459
401356.4063;5862563.5;-4166.441895
401416.6875;5862563.5;-4166.105957
401477;5862563.5;-4165.747559
401537.3125;5862563.5;-4165.359375
401597.5938;5862563.5;-4164.921387
401657.9063;5862563.5;-4164.44043
401718.2188;5862563.5;-4163.919434
401778.5;5862563.5;-4163.350098
401838.8125;5862563.5;-4162.733887
401899.0938;5862563.5;-4162.075684
401959.4063;5862563.5;-4161.381348
402019.7188;5862563.5;-4160.648926
402080;5862563.5;-4159.876465
402140.3125;5862563.5;-4159.083984
402200.625;5862563.5;-4158.275879
402260.9063;5862563.5;-4157.45459
402321.2188;5862563.5;-4156.63916
402381.5;5862563.5;-4155.84082
402441.8125;5862563.5;-4155.056152
402502.125;5862563.5;-4154.305664
402562.4063;5862563.5;-4153.60791
402622.7188;5862563.5;-4152.959473
402683.0313;5862563.5;-4152.370605
402743.3125;5862563.5;-4151.853027
402803.625;5862563.5;-4151.391602
402863.9063;5862563.5;-4150.987793
402924.2188;5862563.5;-4150.657227
402984.5313;5862563.5;-4150.374023
403044.8125;5862563.5;-4150.137695
403105.125;5862563.5;-4149.955078
403165.4375;5862563.5;-4149.778809
403225.7188;5862563.5;-4149.594238
403286.0313;5862563.5;-4158.958008
403346.3125;5862563.5;-4158.679199
403406.625;5862563.5;-4158.316895
403466.9375;5862563.5;-4157.769531
403527.2188;5862563.5;-4157.04541
403587.5313;5862563.5;-4156.141602
403647.8438;5862563.5;-4154.985352
403708.125;5862563.5;-4153.638184
403768.4375;5862563.5;-4152.116211
403828.7188;5862563.5;-4150.364746
403889.0313;5862563.5;-4148.421387
403949.3438;5862563.5;-4146.253418
404009.625;5862563.5;-4143.768555
404069.9375;5862563.5;-4141.083008
404130.25;5862563.5;-4138.292969
404190.5313;5862563.5;-4135.394531
404250.8438;5862563.5;-4132.526855
404311.125;5862563.5;-4129.804688
404371.4375;5862563.5;-4121.542969
404431.75;5862563.5;-4119.617188
404492.0313;5862563.5;-4117.856934
404552.3438;5862563.5;-4116.176758
404612.625;5862563.5;-4114.537109
404672.9375;5862563.5;-4113
404733.25;5862563.5;-4111.55127
404793.5313;5862563.5;-4112.806152
404853.8438;5862563.5;-4112.455078
404914.1563;5862563.5;-4112.902344
404974.4375;5862563.5;-4114.367676
405034.75;5862563.5;-4116.336426
405095.0313;5862563.5;-4120.847168
405155.3438;5862563.5;-4123.566406
405215.6563;5862563.5;-4126.220215
405275.9375;5862563.5;-4128.711914
405336.25;5862563.5;-4132.219238
405396.5625;5862563.5;-4133.874512
405456.8438;5862563.5;-4135.314941
405517.1563;5862563.5;-4141.862793
405577.4375;5862563.5;-4143.53418
405637.75;5862563.5;-4145.736328
405698.0625;5862563.5;-4148.656738
405758.3438;5862563.5;-4152.431152
405818.6563;5862563.5;-4156.990723
405878.9688;5862563.5;-4161.739258
405939.25;5862563.5;-4165.500488
405999.5625;5862563.5;-4167.611328
406059.8438;5862563.5;-4167.644531
406120.1563;5862563.5;-4165.412598
406180.4688;5862563.5;-4162.078613
406240.75;5862563.5;-4159.108398
406301.0625;5862563.5;-4157.03418
406361.375;5862563.5;-4155.854492
406421.6563;5862563.5;-4155.299805
406481.9688;5862563.5;-4155.03125
406542.25;5862563.5;-4154.830078
406602.5625;5862563.5;-4154.827637
406662.875;5862563.5;-4155.274902
406723.1563;5862563.5;-4155.717285
406783.4688;5862563.5;-4158.026855
406843.7813;5862563.5;-4161.523438
406904.0625;5862563.5;-4165.626465
406964.375;5862563.5;-4169.964355
407024.6563;5862563.5;-4174.383789
407084.9688;5862563.5;-4178.678711
407145.2813;5862563.5;-4182.71582
407205.5625;5862563.5;-4186.481445
407265.875;5862563.5;-4189.811523
407326.1875;5862563.5;-4192.501465
407386.4688;5862563.5;-4194.555176
407446.7813;5862563.5;-4196.115723
407507.0625;5862563.5;-4197.262207
407567.375;5862563.5;-4198.072754
407627.6875;5862563.5;-4198.736328
407687.9688;5862563.5;-4199.350586
407748.2813;5862563.5;-4199.899414
407808.5938;5862563.5;-4200.422363
407868.875;5862563.5;-4200.930664
407929.1875;5862563.5;-4201.390625
407989.4688;5862563.5;-4201.817383
408049.7813;5862563.5;-4202.209961
408110.0938;5862563.5;-4202.541504
408170.375;5862563.5;-4202.818359
408230.6875;5862563.5;-4203.048828
408291;5862563.5;-4203.219238
408351.2813;5862563.5;-4203.342285
408411.5938;5862563.5;-4203.4375
408471.875;5862563.5;-4203.494629
408532.1875;5862563.5;-4203.510742
408592.5;5862563.5;-4203.498535
408652.7813;5862563.5;-4203.46582
408713.0938;5862563.5;-4203.412598
408773.4063;5862563.5;-4203.339355
408833.6875;5862563.5;-4203.250977
408894;5862563.5;-4203.152832
408954.2813;5862563.5;-4203.046875
409014.5938;5862563.5;-4202.931641
409074.9063;5862563.5;-4202.813477
409135.1875;5862563.5;-4202.689941
409195.5;5862563.5;-4202.561523
409255.8125;5862563.5;-4202.43457
409316.0938;5862563.5;-4202.304199
409376.4063;5862563.5;-4202.169922
401356.4063;5862624;-4165.745605
401416.6875;5862624;-4165.40332
401477;5862624;-4165.036133
401537.3125;5862624;-4164.637207
401597.5938;5862624;-4164.184082
401657.9063;5862624;-4163.685059
401718.2188;5862624;-4163.140137
401778.5;5862624;-4162.541992
401838.8125;5862624;-4161.890137
401899.0938;5862624;-4161.190918
401959.4063;5862624;-4160.449707
402019.7188;5862624;-4159.662598
402080;5862624;-4158.831543
402140.3125;5862624;-4157.975098
402200.625;5862624;-4157.101074
402260.9063;5862624;-4156.211426
402321.2188;5862624;-4155.328613
402381.5;5862624;-4154.463867
402441.8125;5862624;-4153.616211
402502.125;5862624;-4152.808594
402562.4063;5862624;-4152.063477
402622.7188;5862624;-4151.377441
402683.0313;5862624;-4150.76416
402743.3125;5862624;-4150.236816
402803.625;5862624;-4149.783203
402863.9063;5862624;-4149.401367
402924.2188;5862624;-4149.109375
402984.5313;5862624;-4148.882324
403044.8125;5862624;-4148.71875
403105.125;5862624;-4148.62207
403165.4375;5862624;-4148.539551
403225.7188;5862624;-4158.023438
403286.0313;5862624;-4157.895508
403346.3125;5862624;-4157.69873
403406.625;5862624;-4157.404785
403466.9375;5862624;-4156.899902
403527.2188;5862624;-4156.193359
403587.5313;5862624;-4155.286621
403647.8438;5862624;-4154.112793
403708.125;5862624;-4152.745117
403768.4375;5862624;-4151.208496
403828.7188;5862624;-4149.432617
403889.0313;5862624;-4147.433105
403949.3438;5862624;-4145.132813
404009.625;5862624;-4142.400879
404069.9375;5862624;-4139.373535
404130.25;5862624;-4136.178711
404190.5313;5862624;-4132.848633
404250.8438;5862624;-4129.584473
404311.125;5862624;-4126.530762
404371.4375;5862624;-4123.689941
404431.75;5862624;-4116.443848
404492.0313;5862624;-4114.583984
404552.3438;5862624;-4112.843262
404612.625;5862624;-4111.184082
404672.9375;5862624;-4109.689453
404733.25;5862624;-4108.35791
404793.5313;5862624;-4107.213379
404853.8438;5862624;-4110.088867
404914.1563;5862624;-4110.520508
404974.4375;5862624;-4111.738281
405034.75;5862624;-4113.442871
405095.0313;5862624;-4115.344238
405155.3438;5862624;-4121.161621
405215.6563;5862624;-4123.605957
405275.9375;5862624;-4125.832031
405336.25;5862624;-4127.530273
405396.5625;5862624;-4129.247559
405456.8438;5862624;-4130.195801
405517.1563;5862624;-4136.598633
405577.4375;5862624;-4137.756348
405637.75;5862624;-4139.549316
405698.0625;5862624;-4142.263672
405758.3438;5862624;-4146.17334
405818.6563;5862624;-4151.355957
405878.9688;5862624;-4157.088867
405939.25;5862624;-4161.483887
405999.5625;5862624;-4163.417969
406059.8438;5862624;-4162.444824
406120.1563;5862624;-4158.758301
406180.4688;5862624;-4154.121094
406240.75;5862624;-4150.400391
406301.0625;5862624;-4148.09082
406361.375;5862624;-4146.900879
406421.6563;5862624;-4146.47168
406481.9688;5862624;-4146.435059
406542.25;5862624;-4146.523926
406602.5625;5862624;-4146.8125
406662.875;5862624;-4147.156738
406723.1563;5862624;-4148.360352
406783.4688;5862624;-4150.9375
406843.7813;5862624;-4154.935547
406904.0625;5862624;-4159.368652
406964.375;5862624;-4163.835449
407024.6563;5862624;-4168.295898
407084.9688;5862624;-4172.59668
407145.2813;5862624;-4176.626953
407205.5625;5862624;-4180.400879
407265.875;5862624;-4183.745605
407326.1875;5862624;-4186.533203
407386.4688;5862624;-4188.808594
407446.7813;5862624;-4190.646973
407507.0625;5862624;-4192.10498
407567.375;5862624;-4193.240234
407627.6875;5862624;-4194.212891
407687.9688;5862624;-4195.111328
407748.2813;5862624;-4195.913574
407808.5938;5862624;-4196.655273
407868.875;5862624;-4197.351563
407929.1875;5862624;-4197.980957
407989.4688;5862624;-4198.560059
408049.7813;5862624;-4199.088867
408110.0938;5862624;-4199.54541
408170.375;5862624;-4199.937012
408230.6875;5862624;-4200.271484
408291;5862624;-4200.537598
408351.2813;5862624;-4200.750488
408411.5938;5862624;-4200.929688
408471.875;5862624;-4201.065918
408532.1875;5862624;-4201.154297
408592.5;5862624;-4201.209473
408652.7813;5862624;-4201.239258
408713.0938;5862624;-4201.242188
408773.4063;5862624;-4201.222656
408833.6875;5862624;-4201.184082
408894;5862624;-4201.131836
408954.2813;5862624;-4201.067871
409014.5938;5862624;-4200.991211
409074.9063;5862624;-4200.908203
409135.1875;5862624;-4200.816895
409195.5;5862624;-4200.718262
409255.8125;5862624;-4200.617676
409316.0938;5862624;-4200.510254
409376.4063;5862624;-4200.396973
401356.4063;5862685;-4165.07666
401416.6875;5862685;-4164.730957
401477;5862685;-4164.359375
401537.3125;5862685;-4163.953125
401597.5938;5862685;-4163.48877
401657.9063;5862685;-4162.973145
401718.2188;5862685;-4162.408203
401778.5;5862685;-4161.783203
401838.8125;5862685;-4161.097168
401899.0938;5862685;-4160.356934
401959.4063;5862685;-4159.568848
402019.7188;5862685;-4158.727051
402080;5862685;-4157.83252
402140.3125;5862685;-4156.911133
402200.625;5862685;-4155.966797
402260.9063;5862685;-4155.004883
402321.2188;5862685;-4154.049805
402381.5;5862685;-4153.114746
402441.8125;5862685;-4152.199707
402502.125;5862685;-4151.328613
402562.4063;5862685;-4150.52832
402622.7188;5862685;-4149.802246
402683.0313;5862685;-4149.162598
402743.3125;5862685;-4148.626465
402803.625;5862685;-4148.182617
402863.9063;5862685;-4147.828125
402924.2188;5862685;-4147.582031
402984.5313;5862685;-4147.420898
403044.8125;5862685;-4147.342285
403105.125;5862685;-4147.342773
403165.4375;5862685;-4156.805664
403225.7188;5862685;-4156.883789
403286.0313;5862685;-4156.858398
403346.3125;5862685;-4156.753906
403406.625;5862685;-4156.53418
403466.9375;5862685;-4156.077148
403527.2188;5862685;-4155.394043
403587.5313;5862685;-4154.49707
403647.8438;5862685;-4153.333008
403708.125;5862685;-4151.994629
403768.4375;5862685;-4150.513672
403828.7188;5862685;-4148.789063
403889.0313;5862685;-4146.798828
403949.3438;5862685;-4144.393555
404009.625;5862685;-4141.380859
404069.9375;5862685;-4137.923828
404130.25;5862685;-4134.200684
404190.5313;5862685;-4130.306641
404250.8438;5862685;-4126.550781
404311.125;5862685;-4123.114746
404371.4375;5862685;-4119.997559
404431.75;5862685;-4117.208008
404492.0313;5862685;-4111.285156
404552.3438;5862685;-4109.549805
404612.625;5862685;-4107.952637
404672.9375;5862685;-4106.588867
404733.25;5862685;-4105.472168
404793.5313;5862685;-4104.615723
404853.8438;5862685;-4104.310547
404914.1563;5862685;-4108.618164
404974.4375;5862685;-4109.745117
405034.75;5862685;-4111.29541
405095.0313;5862685;-4113.012695
405155.3438;5862685;-4114.613281
405215.6563;5862685;-4121.59082
405275.9375;5862685;-4123.496094
405336.25;5862685;-4124.779785
405396.5625;5862685;-4125.688477
405456.8438;5862685;-4125.652344
405517.1563;5862685;-4131.605957
405577.4375;5862685;-4132.205078
405637.75;5862685;-4133.472656
405698.0625;5862685;-4135.796387
405758.3438;5862685;-4139.691895
405818.6563;5862685;-4145.550293
405878.9688;5862685;-4152.600098
405939.25;5862685;-4157.810059
405999.5625;5862685;-4159.288574
406059.8438;5862685;-4156.722656
406120.1563;5862685;-4151.128906
406180.4688;5862685;-4145.058594
406240.75;5862685;-4140.905762
406301.0625;5862685;-4138.988281
406361.375;5862685;-4138.282715
406421.6563;5862685;-4138.318359
406481.9688;5862685;-4138.768555
406542.25;5862685;-4139.350586
406602.5625;5862685;-4140.117188
406662.875;5862685;-4141.266602
406723.1563;5862685;-4142.717773
406783.4688;5862685;-4145.463379
406843.7813;5862685;-4149.549316
406904.0625;5862685;-4153.987793
406964.375;5862685;-4158.405762
407024.6563;5862685;-4162.799805
407084.9688;5862685;-4167.024414
407145.2813;5862685;-4170.98584
407205.5625;5862685;-4174.721191
407265.875;5862685;-4178.056641
407326.1875;5862685;-4180.905762
407386.4688;5862685;-4183.333984
407446.7813;5862685;-4185.390137
407507.0625;5862685;-4187.113281
407567.375;5862685;-4188.537109
407627.6875;5862685;-4189.791992
407687.9688;5862685;-4190.95166
407748.2813;5862685;-4191.990723
407808.5938;5862685;-4192.938965
407868.875;5862685;-4193.815918
407929.1875;5862685;-4194.605957
407989.4688;5862685;-4195.330566
408049.7813;5862685;-4195.991211
408110.0938;5862685;-4196.567871
408170.375;5862685;-4197.070801
408230.6875;5862685;-4197.508789
408291;5862685;-4197.869141
408351.2813;5862685;-4198.17041
408411.5938;5862685;-4198.432617
408471.875;5862685;-4198.646973
408532.1875;5862685;-4198.806152
408592.5;5862685;-4198.928223
408652.7813;5862685;-4199.02002
408713.0938;5862685;-4199.080566
408773.4063;5862685;-4199.114746
408833.6875;5862685;-4199.125488
408894;5862685;-4199.119141
408954.2813;5862685;-4199.098145
409014.5938;5862685;-4199.061035
409074.9063;5862685;-4199.013672
409135.1875;5862685;-4198.955566
409195.5;5862685;-4198.886719
409255.8125;5862685;-4198.8125
409316.0938;5862685;-4198.729004
409376.4063;5862685;-4198.637207
401356.4063;5862745.5;-4164.429688
401416.6875;5862745.5;-4164.084961
401477;5862745.5;-4163.711426
401537.3125;5862745.5;-4163.301758
401597.5938;5862745.5;-4162.830078
401657.9063;5862745.5;-4162.302734
401718.2188;5862745.5;-4161.720703
401778.5;5862745.5;-4161.071289
401838.8125;5862745.5;-4160.353027
401899.0938;5862745.5;-4159.572266
401959.4063;5862745.5;-4158.736816
402019.7188;5862745.5;-4157.839355
402080;5862745.5;-4156.879883
402140.3125;5862745.5;-4155.887695
402200.625;5862745.5;-4154.869629
402260.9063;5862745.5;-4153.828613
402321.2188;5862745.5;-4152.792969
402381.5;5862745.5;-4151.779785
402441.8125;5862745.5;-4150.787109
402502.125;5862745.5;-4149.842285
402562.4063;5862745.5;-4148.97998
402622.7188;5862745.5;-4148.205078
402683.0313;5862745.5;-4147.53418
402743.3125;5862745.5;-4146.987793
402803.625;5862745.5;-4146.556641
402863.9063;5862745.5;-4146.234375
402924.2188;5862745.5;-4146.040039
402984.5313;5862745.5;-4145.953125
403044.8125;5862745.5;-4145.969238
403105.125;5862745.5;-4146.080566
403165.4375;5862745.5;-4155.585938
403225.7188;5862745.5;-4155.787109
403286.0313;5862745.5;-4155.878906
403346.3125;5862745.5;-4155.87793
403406.625;5862745.5;-4155.742188
403466.9375;5862745.5;-4155.339844
403527.2188;5862745.5;-4154.693848
403587.5313;5862745.5;-4153.837891
403647.8438;5862745.5;-4152.733887
403708.125;5862745.5;-4151.508789
403768.4375;5862745.5;-4150.193359
403828.7188;5862745.5;-4148.640625
403889.0313;5862745.5;-4146.760254
403949.3438;5862745.5;-4144.297363
404009.625;5862745.5;-4140.958984
404069.9375;5862745.5;-4136.942871
404130.25;5862745.5;-4132.498047
404190.5313;5862745.5;-4127.833496
404250.8438;5862745.5;-4123.432617
404311.125;5862745.5;-4119.530762
404371.4375;5862745.5;-4116.108887
404431.75;5862745.5;-4113.155762
404492.0313;5862745.5;-4110.614746
404552.3438;5862745.5;-4108.399902
404612.625;5862745.5;-4104.673828
404672.9375;5862745.5;-4103.499512
404733.25;5862745.5;-4102.648926
404793.5313;5862745.5;-4102.106934
404853.8438;5862745.5;-4102.113281
404914.1563;5862745.5;-4102.796387
404974.4375;5862745.5;-4108.029297
405034.75;5862745.5;-4109.512207
405095.0313;5862745.5;-4111.091797
405155.3438;5862745.5;-4112.524902
405215.6563;5862745.5;-4113.719727
405275.9375;5862745.5;-4121.67334
405336.25;5862745.5;-4122.590332
405396.5625;5862745.5;-4123.095215
405456.8438;5862745.5;-4123.238281
405517.1563;5862745.5;-4127.452148
405577.4375;5862745.5;-4127.555664
405637.75;5862745.5;-4128.270508
405698.0625;5862745.5;-4130.055664
405758.3438;5862745.5;-4133.703125
405818.6563;5862745.5;-4140.10791
405878.9688;5862745.5;-4148.838867
405939.25;5862745.5;-4155.161621
405999.5625;5862745.5;-4156.070313
406059.8438;5862745.5;-4151.716797
406120.1563;5862745.5;-4143.953125
406180.4688;5862745.5;-4136.167969
406240.75;5862745.5;-4131.624023
406301.0625;5862745.5;-4130.441406
406361.375;5862745.5;-4130.513184
406421.6563;5862745.5;-4131.189941
406481.9688;5862745.5;-4132.258789
406542.25;5862745.5;-4133.454102
406602.5625;5862745.5;-4135.345215
406662.875;5862745.5;-4136.976563
406723.1563;5862745.5;-4138.921875
406783.4688;5862745.5;-4141.736816
406843.7813;5862745.5;-4145.478027
406904.0625;5862745.5;-4149.578613
406964.375;5862745.5;-4153.758301
407024.6563;5862745.5;-4157.969727
407084.9688;5862745.5;-4162.035645
407145.2813;5862745.5;-4165.865234
407205.5625;5862745.5;-4169.516602
407265.875;5862745.5;-4172.810547
407326.1875;5862745.5;-4175.682617
407386.4688;5862745.5;-4178.218262
407446.7813;5862745.5;-4180.441895
407507.0625;5862745.5;-4182.380859
407567.375;5862745.5;-4184.045898
407627.6875;5862745.5;-4185.543457
407687.9688;5862745.5;-4186.934082
407748.2813;5862745.5;-4188.185059
407808.5938;5862745.5;-4189.319824
407868.875;5862745.5;-4190.361328
407929.1875;5862745.5;-4191.299805
407989.4688;5862745.5;-4192.159668
408049.7813;5862745.5;-4192.944336
408110.0938;5862745.5;-4193.634766
408170.375;5862745.5;-4194.243164
408230.6875;5862745.5;-4194.779297
408291;5862745.5;-4195.230469
408351.2813;5862745.5;-4195.615723
408411.5938;5862745.5;-4195.959961
408471.875;5862745.5;-4196.249023
408532.1875;5862745.5;-4196.477539
408592.5;5862745.5;-4196.665039
408652.7813;5862745.5;-4196.817871
408713.0938;5862745.5;-4196.935547
408773.4063;5862745.5;-4197.021484
408833.6875;5862745.5;-4197.081543
408894;5862745.5;-4197.121094
408954.2813;5862745.5;-4197.14209
409014.5938;5862745.5;-4197.143066
409074.9063;5862745.5;-4197.131348
409135.1875;5862745.5;-4197.105957
409195.5;5862745.5;-4197.066406
409255.8125;5862745.5;-4197.018555
409316.0938;5862745.5;-4196.959473
409376.4063;5862745.5;-4196.88916
401356.4063;5862806;-4163.814941
401416.6875;5862806;-4163.474609
401477;5862806;-4163.105957
401537.3125;5862806;-4162.699219
401597.5938;5862806;-4162.225586
401657.9063;5862806;-4161.692383
401718.2188;5862806;-4161.098145
401778.5;5862806;-4160.429199
401838.8125;5862806;-4159.681641
401899.0938;5862806;-4158.862305
401959.4063;5862806;-4157.980469
402019.7188;5862806;-4157.025391
402080;5862806;-4155.997559
402140.3125;5862806;-4154.931152
402200.625;5862806;-4153.833008
402260.9063;5862806;-4152.706055
402321.2188;5862806;-4151.582031
402381.5;5862806;-4150.479492
402441.8125;5862806;-4149.397461
402502.125;5862806;-4148.367676
402562.4063;5862806;-4147.431152
402622.7188;5862806;-4146.602051
402683.0313;5862806;-4145.899414
402743.3125;5862806;-4145.345215
402803.625;5862806;-4144.932617
402863.9063;5862806;-4144.649902
402924.2188;5862806;-4144.51416
402984.5313;5862806;-4144.506348
403044.8125;5862806;-4144.622559
403105.125;5862806;-4154.015625
403165.4375;5862806;-4154.340332
403225.7188;5862806;-4154.679199
403286.0313;5862806;-4154.905273
403346.3125;5862806;-4155.025391
403406.625;5862806;-4154.992188
403466.9375;5862806;-4154.669922
403527.2188;5862806;-4154.101074
403587.5313;5862806;-4153.354492
403647.8438;5862806;-4152.422852
403708.125;5862806;-4151.470215
403768.4375;5862806;-4150.520996
403828.7188;5862806;-4149.353027
403889.0313;5862806;-4147.774902
403949.3438;5862806;-4145.359863
404009.625;5862806;-4141.646973
404069.9375;5862806;-4136.85498
404130.25;5862806;-4131.342773
404190.5313;5862806;-4125.521484
404250.8438;5862806;-4120.202148
404311.125;5862806;-4115.692383
404371.4375;5862806;-4111.923828
404431.75;5862806;-4108.833008
404492.0313;5862806;-4106.308594
404552.3438;5862806;-4104.199219
404612.625;5862806;-4102.466309
404672.9375;5862806;-4100.37207
404733.25;5862806;-4099.815918
404793.5313;5862806;-4099.605957
404853.8438;5862806;-4099.950195
404914.1563;5862806;-4100.92627
404974.4375;5862806;-4106.61377
405034.75;5862806;-4108.166992
405095.0313;5862806;-4109.727051
405155.3438;5862806;-4111.074219
405215.6563;5862806;-4112.12793
405275.9375;5862806;-4115.114258
405336.25;5862806;-4121.007813
405396.5625;5862806;-4121.291504
405456.8438;5862806;-4121.231934
405517.1563;5862806;-4124.581055
405577.4375;5862806;-4124.445313
405637.75;5862806;-4124.79541
405698.0625;5862806;-4126.024902
405758.3438;5862806;-4128.960449
405818.6563;5862806;-4135.200684
405878.9688;5862806;-4145.992188
405939.25;5862806;-4153.799316
405999.5625;5862806;-4153.944824
406059.8438;5862806;-4148.181641
406120.1563;5862806;-4139.107422
406180.4688;5862806;-4130.448242
406240.75;5862806;-4125.477539
406301.0625;5862806;-4124.249512
406361.375;5862806;-4124.558105
406421.6563;5862806;-4125.655762
406481.9688;5862806;-4127.249023
406542.25;5862806;-4129.651855
406602.5625;5862806;-4131.877441
406662.875;5862806;-4133.930176
406723.1563;5862806;-4136.206055
406783.4688;5862806;-4138.984375
406843.7813;5862806;-4142.342773
406904.0625;5862806;-4146.047363
406964.375;5862806;-4149.905273
407024.6563;5862806;-4153.859375
407084.9688;5862806;-4157.704102
407145.2813;5862806;-4161.355469
407205.5625;5862806;-4164.883301
407265.875;5862806;-4168.103516
407326.1875;5862806;-4170.968262
407386.4688;5862806;-4173.566895
407446.7813;5862806;-4175.907715
407507.0625;5862806;-4178.004883
407567.375;5862806;-4179.856934
407627.6875;5862806;-4181.547363
407687.9688;5862806;-4183.124512
407748.2813;5862806;-4184.550293
407808.5938;5862806;-4185.842773
407868.875;5862806;-4187.027832
407929.1875;5862806;-4188.09668
407989.4688;5862806;-4189.078125
408049.7813;5862806;-4189.974121
408110.0938;5862806;-4190.767578
408170.375;5862806;-4191.473633
408230.6875;5862806;-4192.100586
408291;5862806;-4192.63623
408351.2813;5862806;-4193.102539
408411.5938;5862806;-4193.521973
408471.875;5862806;-4193.883301
408532.1875;5862806;-4194.178223
408592.5;5862806;-4194.427734
408652.7813;5862806;-4194.63916
408713.0938;5862806;-4194.812012
408773.4063;5862806;-4194.949219
408833.6875;5862806;-4195.056641
408894;5862806;-4195.139648
408954.2813;5862806;-4195.202637
409014.5938;5862806;-4195.242188
409074.9063;5862806;-4195.265137
409135.1875;5862806;-4195.270996
409195.5;5862806;-4195.262207
409255.8125;5862806;-4195.240234
409316.0938;5862806;-4195.204102
409376.4063;5862806;-4195.155762
401356.4063;5862866.5;-4163.242676
401416.6875;5862866.5;-4162.91748
401477;5862866.5;-4162.561523
401537.3125;5862866.5;-4162.165527
401597.5938;5862866.5;-4161.69873
401657.9063;5862866.5;-4161.166992
401718.2188;5862866.5;-4160.567871
401778.5;5862866.5;-4159.886719
401838.8125;5862866.5;-4159.11377
401899.0938;5862866.5;-4158.259277
401959.4063;5862866.5;-4157.33252
402019.7188;5862866.5;-4156.318848
402080;5862866.5;-4155.218262
402140.3125;5862866.5;-4154.072266
402200.625;5862866.5;-4152.88916
402260.9063;5862866.5;-4151.665527
402321.2188;5862866.5;-4150.441406
402381.5;5862866.5;-4149.237793
402441.8125;5862866.5;-4148.054688
402502.125;5862866.5;-4146.927734
402562.4063;5862866.5;-4145.910645
402622.7188;5862866.5;-4145.029297
402683.0313;5862866.5;-4144.303711
402743.3125;5862866.5;-4143.756348
402803.625;5862866.5;-4143.376953
402863.9063;5862866.5;-4143.146973
402924.2188;5862866.5;-4143.073242
402984.5313;5862866.5;-4143.140625
403044.8125;5862866.5;-4143.350098
403105.125;5862866.5;-4152.551758
403165.4375;5862866.5;-4153.006836
403225.7188;5862866.5;-4153.493652
403286.0313;5862866.5;-4153.873535
403346.3125;5862866.5;-4154.142578
403406.625;5862866.5;-4154.245605
403466.9375;5862866.5;-4154.05127
403527.2188;5862866.5;-4153.63916
403587.5313;5862866.5;-4153.124023
403647.8438;5862866.5;-4152.542969
403708.125;5862866.5;-4152.109863
403768.4375;5862866.5;-4151.835938
403828.7188;5862866.5;-4151.392578
403889.0313;5862866.5;-4150.436035
403949.3438;5862866.5;-4148.28125
404009.625;5862866.5;-4144.166016
404069.9375;5862866.5;-4138.286133
404130.25;5862866.5;-4131.14502
404190.5313;5862866.5;-4123.525391
404250.8438;5862866.5;-4116.851563
404311.125;5862866.5;-4111.521973
404371.4375;5862866.5;-4107.359863
404431.75;5862866.5;-4104.205566
404492.0313;5862866.5;-4101.789063
404552.3438;5862866.5;-4099.866211
404612.625;5862866.5;-4098.363281
404672.9375;5862866.5;-4097.279297
404733.25;5862866.5;-4096.984375
404793.5313;5862866.5;-4097.114746
404853.8438;5862866.5;-4097.826172
404914.1563;5862866.5;-4099.183594
404974.4375;5862866.5;-4100.951172
405034.75;5862866.5;-4107.416016
405095.0313;5862866.5;-4109.122559
405155.3438;5862866.5;-4110.51123
405215.6563;5862866.5;-4111.566406
405275.9375;5862866.5;-4112.310547
405336.25;5862866.5;-4118.999512
405396.5625;5862866.5;-4120.335449
405456.8438;5862866.5;-4120.425293
405517.1563;5862866.5;-4132.208008
405577.4375;5862866.5;-4123.402832
405637.75;5862866.5;-4123.848633
405698.0625;5862866.5;-4124.762207
405758.3438;5862866.5;-4126.533203
405818.6563;5862866.5;-4131.583984
405878.9688;5862866.5;-4143.911621
405939.25;5862866.5;-4153.010742
405999.5625;5862866.5;-4152.177734
406059.8438;5862866.5;-4145.658691
406120.1563;5862866.5;-4136.654297
406180.4688;5862866.5;-4128.408203
406240.75;5862866.5;-4123.178711
406301.0625;5862866.5;-4121.112305
406361.375;5862866.5;-4120.987305
406421.6563;5862866.5;-4122.100586
406481.9688;5862866.5;-4124.52832
406542.25;5862866.5;-4127.130859
406602.5625;5862866.5;-4129.621094
406662.875;5862866.5;-4131.852051
406723.1563;5862866.5;-4134.208496
406783.4688;5862866.5;-4136.856934
406843.7813;5862866.5;-4139.897461
406904.0625;5862866.5;-4143.234863
406964.375;5862866.5;-4146.749512
407024.6563;5862866.5;-4150.422363
407084.9688;5862866.5;-4154.024902
407145.2813;5862866.5;-4157.477539
407205.5625;5862866.5;-4160.85791
407265.875;5862866.5;-4163.982422
407326.1875;5862866.5;-4166.814453
407386.4688;5862866.5;-4169.435059
407446.7813;5862866.5;-4171.842285
407507.0625;5862866.5;-4174.044922
407567.375;5862866.5;-4176.027832
407627.6875;5862866.5;-4177.857422
407687.9688;5862866.5;-4179.574707
407748.2813;5862866.5;-4181.133789
407808.5938;5862866.5;-4182.551758
407868.875;5862866.5;-4183.851074
407929.1875;5862866.5;-4185.02832
407989.4688;5862866.5;-4186.11084
408049.7813;5862866.5;-4187.103516
408110.0938;5862866.5;-4187.98877
408170.375;5862866.5;-4188.782227
408230.6875;5862866.5;-4189.491211
408291;5862866.5;-4190.103516
408351.2813;5862866.5;-4190.642578
408411.5938;5862866.5;-4191.133301
408471.875;5862866.5;-4191.561523
408532.1875;5862866.5;-4191.918945
408592.5;5862866.5;-4192.227051
408652.7813;5862866.5;-4192.494141
408713.0938;5862866.5;-4192.719238
408773.4063;5862866.5;-4192.904785
408833.6875;5862866.5;-4193.058594
408894;5862866.5;-4193.18457
408954.2813;5862866.5;-4193.286621
409014.5938;5862866.5;-4193.364258
409074.9063;5862866.5;-4193.420898
409135.1875;5862866.5;-4193.459473
409195.5;5862866.5;-4193.478516
409255.8125;5862866.5;-4193.482422
409316.0938;5862866.5;-4193.469727
409376.4063;5862866.5;-4193.441895
401356.4063;5862927;-4162.707031
401416.6875;5862927;-4162.404785
401477;5862927;-4162.070313
401537.3125;5862927;-4161.694824
401597.5938;5862927;-4161.245605
401657.9063;5862927;-4160.725586
401718.2188;5862927;-4160.130859
401778.5;5862927;-4159.442871
401838.8125;5862927;-4158.651367
401899.0938;5862927;-4157.765137
401959.4063;5862927;-4156.79248
402019.7188;5862927;-4155.718262
402080;5862927;-4154.539063
402140.3125;5862927;-4153.304688
402200.625;5862927;-4152.022949
402260.9063;5862927;-4150.687012
402321.2188;5862927;-4149.344238
402381.5;5862927;-4148.020508
402441.8125;5862927;-4146.715332
402502.125;5862927;-4145.477051
402562.4063;5862927;-4144.375488
402622.7188;5862927;-4143.449219
402683.0313;5862927;-4142.719727
402743.3125;5862927;-4142.205566
402803.625;5862927;-4141.887207
402863.9063;5862927;-4141.723633
402924.2188;5862927;-4141.711914
402984.5313;5862927;-4141.838867
403044.8125;5862927;-4150.637207
403105.125;5862927;-4151.104004
403165.4375;5862927;-4151.671875
403225.7188;5862927;-4152.302246
403286.0313;5862927;-4152.849121
403346.3125;5862927;-4153.294434
403406.625;5862927;-4153.572266
403466.9375;5862927;-4153.563965
403527.2188;5862927;-4153.399902
403587.5313;5862927;-4153.255371
403647.8438;5862927;-4153.224121
403708.125;5862927;-4153.582031
403768.4375;5862927;-4154.335938
403828.7188;5862927;-4155.027832
403889.0313;5862927;-4155.125488
403949.3438;5862927;-4153.562988
404009.625;5862927;-4149.084961
404069.9375;5862927;-4141.749023
404130.25;5862927;-4132.206055
404190.5313;5862927;-4121.87793
404250.8438;5862927;-4113.307129
404311.125;5862927;-4106.948242
404371.4375;5862927;-4102.375
404431.75;5862927;-4099.207031
404492.0313;5862927;-4097
404552.3438;5862927;-4095.366455
404612.625;5862927;-4094.169922
404672.9375;5862927;-4093.380371
404733.25;5862927;-4093.147705
404793.5313;5862927;-4094.48584
404853.8438;5862927;-4095.545898
404914.1563;5862927;-4097.339844
404974.4375;5862927;-4099.583496
405034.75;5862927;-4101.827148
405095.0313;5862927;-4108.781738
405155.3438;5862927;-4110.307129
405215.6563;5862927;-4111.479004
405275.9375;5862927;-4112.394531
405336.25;5862927;-4113.389648
405396.5625;5862927;-4120.390137
405456.8438;5862927;-4120.950684
405517.1563;5862927;-4133.762695
405577.4375;5862927;-4134.413086
405637.75;5862927;-4125.679199
405698.0625;5862927;-4127.044434
405758.3438;5862927;-4128.700684
405818.6563;5862927;-4132.496582
405878.9688;5862927;-4142.850098
405939.25;5862927;-4150.541016
405999.5625;5862927;-4149.293945
406059.8438;5862927;-4143.275879
406120.1563;5862927;-4135.26123
406180.4688;5862927;-4127.89209
406240.75;5862927;-4122.712891
406301.0625;5862927;-4120.046387
406361.375;5862927;-4119.470703
406421.6563;5862927;-4120.365723
406481.9688;5862927;-4123.248047
406542.25;5862927;-4125.833984
406602.5625;5862927;-4128.340332
406662.875;5862927;-4130.544434
406723.1563;5862927;-4132.81543
406783.4688;5862927;-4135.273926
406843.7813;5862927;-4138.026855
406904.0625;5862927;-4141.021484
406964.375;5862927;-4144.195313
407024.6563;5862927;-4147.579102
407084.9688;5862927;-4150.921387
407145.2813;5862927;-4154.154785
407205.5625;5862927;-4157.366699
407265.875;5862927;-4160.373535
407326.1875;5862927;-4163.147461
407386.4688;5862927;-4165.756836
407446.7813;5862927;-4168.191895
407507.0625;5862927;-4170.455566
407567.375;5862927;-4172.524414
407627.6875;5862927;-4174.451172
407687.9688;5862927;-4176.267578
407748.2813;5862927;-4177.925781
407808.5938;5862927;-4179.438965
407868.875;5862927;-4180.830566
407929.1875;5862927;-4182.095703
407989.4688;5862927;-4183.263184
408049.7813;5862927;-4184.337891
408110.0938;5862927;-4185.302246
408170.375;5862927;-4186.171875
408230.6875;5862927;-4186.95459
408291;5862927;-4187.637695
408351.2813;5862927;-4188.244141
408411.5938;5862927;-4188.799805
408471.875;5862927;-4189.290039
408532.1875;5862927;-4189.706055
408592.5;5862927;-4190.068848
408652.7813;5862927;-4190.388184
408713.0938;5862927;-4190.663086
408773.4063;5862927;-4190.895996
408833.6875;5862927;-4191.092773
408894;5862927;-4191.259766
408954.2813;5862927;-4191.400391
409014.5938;5862927;-4191.51416
409074.9063;5862927;-4191.604492
409135.1875;5862927;-4191.673828
409195.5;5862927;-4191.720703
409255.8125;5862927;-4191.749023
409316.0938;5862927;-4191.758301
409376.4063;5862927;-4191.751465
401356.4063;5862988;-4162.211914
401416.6875;5862988;-4161.942871
401477;5862988;-4161.641113
401537.3125;5862988;-4161.297852
401597.5938;5862988;-4160.876465
401657.9063;5862988;-4160.378906
401718.2188;5862988;-4159.799805
401778.5;5862988;-4159.115723
401838.8125;5862988;-4158.312988
401899.0938;5862988;-4157.398438
401959.4063;5862988;-4156.382813
402019.7188;5862988;-4155.246094
402080;5862988;-4153.981934
402140.3125;5862988;-4152.650879
402200.625;5862988;-4151.258301
402260.9063;5862988;-4149.795898
402321.2188;5862988;-4148.316895
402381.5;5862988;-4146.856445
402441.8125;5862988;-4145.417969
402502.125;5862988;-4144.062988
402562.4063;5862988;-4142.891602
402622.7188;5862988;-4141.953613
402683.0313;5862988;-4141.267578
402743.3125;5862988;-4140.838867
402803.625;5862988;-4140.621582
402863.9063;5862988;-4140.548828
402924.2188;5862988;-4140.59375
402984.5313;5862988;-4140.744141
403044.8125;5862988;-4149.194336
403105.125;5862988;-4149.69043
403165.4375;5862988;-4150.327148
403225.7188;5862988;-4151.080566
403286.0313;5862988;-4151.798828
403346.3125;5862988;-4152.443359
403406.625;5862988;-4152.9375
403466.9375;5862988;-4153.173828
403527.2188;5862988;-4153.348145
403587.5313;5862988;-4153.703613
403647.8438;5862988;-4154.404785
403708.125;5862988;-4155.817871
403768.4375;5862988;-4157.97168
403828.7188;5862988;-4160.288574
403889.0313;5862988;-4162.009277
403949.3438;5862988;-4161.549316
404009.625;5862988;-4156.859863
404069.9375;5862988;-4147.601563
404130.25;5862988;-4134.521973
404190.5313;5862988;-4120.209961
404250.8438;5862988;-4109.213379
404311.125;5862988;-4101.850098
404371.4375;5862988;-4096.970215
404431.75;5862988;-4093.924316
404492.0313;5862988;-4092.067139
404552.3438;5862988;-4090.852051
404612.625;5862988;-4090.054199
404672.9375;5862988;-4089.597656
404733.25;5862988;-4089.630615
404793.5313;5862988;-4090.334717
404853.8438;5862988;-4093.107666
404914.1563;5862988;-4095.33667
404974.4375;5862988;-4098.150391
405034.75;5862988;-4100.847168
405095.0313;5862988;-4103.047852
405155.3438;5862988;-4110.397949
405215.6563;5862988;-4111.828125
405275.9375;5862988;-4113.069336
405336.25;5862988;-4114.51709
405396.5625;5862988;-4116.013672
405456.8438;5862988;-4122.437988
405517.1563;5862988;-4136.640625
405577.4375;5862988;-4138.226563
405637.75;5862988;-4140.13916
405698.0625;5862988;-4131.555664
405758.3438;5862988;-4134.244629
405818.6563;5862988;-4137.490723
405878.9688;5862988;-4143.29248
405939.25;5862988;-4147.192871
405999.5625;5862988;-4145.922852
406059.8438;5862988;-4141.206055
406120.1563;5862988;-4134.608887
406180.4688;5862988;-4128.280273
406240.75;5862988;-4123.445801
406301.0625;5862988;-4120.580566
406361.375;5862988;-4119.639648
406421.6563;5862988;-4121.203613
406481.9688;5862988;-4123.112793
406542.25;5862988;-4125.45459
406602.5625;5862988;-4127.772949
406662.875;5862988;-4129.79541
406723.1563;5862988;-4131.876465
406783.4688;5862988;-4134.103516
406843.7813;5862988;-4136.583496
406904.0625;5862988;-4139.264648
406964.375;5862988;-4142.121094
407024.6563;5862988;-4145.223145
407084.9688;5862988;-4148.306152
407145.2813;5862988;-4151.317871
407205.5625;5862988;-4154.351074
407265.875;5862988;-4157.229004
407326.1875;5862988;-4159.924805
407386.4688;5862988;-4162.496582
407446.7813;5862988;-4164.928711
407507.0625;5862988;-4167.217285
407567.375;5862988;-4169.333008
407627.6875;5862988;-4171.319824
407687.9688;5862988;-4173.200684
407748.2813;5862988;-4174.927734
407808.5938;5862988;-4176.510254
407868.875;5862988;-4177.97168
407929.1875;5862988;-4179.306152
407989.4688;5862988;-4180.541992
408049.7813;5862988;-4181.685059
408110.0938;5862988;-4182.716797
408170.375;5862988;-4183.652344
408230.6875;5862988;-4184.499023
408291;5862988;-4185.245117
408351.2813;5862988;-4185.912598
408411.5938;5862988;-4186.525879
408471.875;5862988;-4187.073242
408532.1875;5862988;-4187.541992
408592.5;5862988;-4187.955566
408652.7813;5862988;-4188.324219
408713.0938;5862988;-4188.645508
408773.4063;5862988;-4188.922363
408833.6875;5862988;-4189.160645
408894;5862988;-4189.366699
408954.2813;5862988;-4189.544434
409014.5938;5862988;-4189.692871
409074.9063;5862988;-4189.814453
409135.1875;5862988;-4189.914063
409195.5;5862988;-4189.987793
409255.8125;5862988;-4190.039551
409316.0938;5862988;-4190.070801
409376.4063;5862988;-4190.083984
401356.4063;5863048.5;-4161.772461
401416.6875;5863048.5;-4161.547852
401477;5863048.5;-4161.29248
401537.3125;5863048.5;-4160.995117
401597.5938;5863048.5;-4160.616211
401657.9063;5863048.5;-4160.156738
401718.2188;5863048.5;-4159.606445
401778.5;5863048.5;-4158.938965
401838.8125;5863048.5;-4158.133789
401899.0938;5863048.5;-4157.197754
401959.4063;5863048.5;-4156.144531
402019.7188;5863048.5;-4154.946289
402080;5863048.5;-4153.592285
402140.3125;5863048.5;-4152.157715
402200.625;5863048.5;-4150.647461
402260.9063;5863048.5;-4149.046875
402321.2188;5863048.5;-4147.424805
402381.5;5863048.5;-4145.826172
402441.8125;5863048.5;-4144.260742
402502.125;5863048.5;-4142.818359
402562.4063;5863048.5;-4141.630371
402622.7188;5863048.5;-4140.760254
402683.0313;5863048.5;-4140.211426
402743.3125;5863048.5;-4139.95752
402803.625;5863048.5;-4139.917969
402863.9063;5863048.5;-4139.972656
402924.2188;5863048.5;-4140.060547
402984.5313;5863048.5;-4140.168945
403044.8125;5863048.5;-4147.936035
403105.125;5863048.5;-4148.356934
403165.4375;5863048.5;-4148.972168
403225.7188;5863048.5;-4149.791016
403286.0313;5863048.5;-4150.665039
403346.3125;5863048.5;-4151.523926
403406.625;5863048.5;-4152.265137
403466.9375;5863048.5;-4152.791992
403527.2188;5863048.5;-4153.362305
403587.5313;5863048.5;-4154.296875
403647.8438;5863048.5;-4155.844727
403708.125;5863048.5;-4158.506348
403768.4375;5863048.5;-4162.407715
403828.7188;5863048.5;-4166.882813
403889.0313;5863048.5;-4170.91748
403949.3438;5863048.5;-4172.214355
404009.625;5863048.5;-4167.503418
404069.9375;5863048.5;-4155.583008
404130.25;5863048.5;-4137.258301
404190.5313;5863048.5;-4117.218262
404250.8438;5863048.5;-4103.498047
404311.125;5863048.5;-4095.719238
404371.4375;5863048.5;-4091.128174
404431.75;5863048.5;-4088.565674
404492.0313;5863048.5;-4087.281494
404552.3438;5863048.5;-4086.651367
404612.625;5863048.5;-4086.377197
404672.9375;5863048.5;-4086.32251
404733.25;5863048.5;-4086.631104
404793.5313;5863048.5;-4087.498779
404853.8438;5863048.5;-4088.939209
404914.1563;5863048.5;-4093.140625
404974.4375;5863048.5;-4096.472168
405034.75;5863048.5;-4099.643066
405095.0313;5863048.5;-4102.228516
405155.3438;5863048.5;-4104.352539
405215.6563;5863048.5;-4112.666992
405275.9375;5863048.5;-4114.400879
405336.25;5863048.5;-4116.449219
405396.5625;5863048.5;-4118.712891
405456.8438;5863048.5;-4121.248535
405517.1563;5863048.5;-4132.941406
405577.4375;5863048.5;-4142.385742
405637.75;5863048.5;-4144.891602
405698.0625;5863048.5;-4135.562988
405758.3438;5863048.5;-4138.81543
405818.6563;5863048.5;-4141.570313
405878.9688;5863048.5;-4144.044434
405939.25;5863048.5;-4145.200684
405999.5625;5863048.5;-4143.84668
406059.8438;5863048.5;-4140.088867
406120.1563;5863048.5;-4134.76416
406180.4688;5863048.5;-4129.47998
406240.75;5863048.5;-4125.168945
406301.0625;5863048.5;-4122.338867
406361.375;5863048.5;-4121.04541
406421.6563;5863048.5;-4122.019043
406481.9688;5863048.5;-4123.516602
406542.25;5863048.5;-4125.493164
406602.5625;5863048.5;-4127.519043
406662.875;5863048.5;-4129.304688
406723.1563;5863048.5;-4131.170898
406783.4688;5863048.5;-4133.180176
406843.7813;5863048.5;-4135.424805
406904.0625;5863048.5;-4137.847168
406964.375;5863048.5;-4140.437988
407024.6563;5863048.5;-4143.286133
407084.9688;5863048.5;-4146.133789
407145.2813;5863048.5;-4148.94043
407205.5625;5863048.5;-4151.79834
407265.875;5863048.5;-4154.541504
407326.1875;5863048.5;-4157.148438
407386.4688;5863048.5;-4159.660645
407446.7813;5863048.5;-4162.060547
407507.0625;5863048.5;-4164.342773
407567.375;5863048.5;-4166.471191
407627.6875;5863048.5;-4168.482422
407687.9688;5863048.5;-4170.395996
407748.2813;5863048.5;-4172.162109
407808.5938;5863048.5;-4173.789551
407868.875;5863048.5;-4175.29834
407929.1875;5863048.5;-4176.683105
407989.4688;5863048.5;-4177.970703
408049.7813;5863048.5;-4179.166504
408110.0938;5863048.5;-4180.251953
408170.375;5863048.5;-4181.242188
408230.6875;5863048.5;-4182.142578
408291;5863048.5;-4182.940918
408351.2813;5863048.5;-4183.660156
408411.5938;5863048.5;-4184.324707
408471.875;5863048.5;-4184.921387
408532.1875;5863048.5;-4185.4375
408592.5;5863048.5;-4185.897461
408652.7813;5863048.5;-4186.309082
408713.0938;5863048.5;-4186.672852
408773.4063;5863048.5;-4186.990234
408833.6875;5863048.5;-4187.26709
408894;5863048.5;-4187.509277
408954.2813;5863048.5;-4187.721191
409014.5938;5863048.5;-4187.901367
409074.9063;5863048.5;-4188.053223
409135.1875;5863048.5;-4188.179688
409195.5;5863048.5;-4188.279297
409255.8125;5863048.5;-4188.353027
409316.0938;5863048.5;-4188.405273
409376.4063;5863048.5;-4188.436035
401356.4063;5863109;-4161.376465
401416.6875;5863109;-4161.209961
401477;5863109;-4161.013672
401537.3125;5863109;-4160.777832
401597.5938;5863109;-4160.458496
401657.9063;5863109;-4160.052246
401718.2188;5863109;-4159.546387
401778.5;5863109;-4158.908203
401838.8125;5863109;-4158.111816
401899.0938;5863109;-4157.161133
401959.4063;5863109;-4156.072266
402019.7188;5863109;-4154.807617
402080;5863109;-4153.35498
402140.3125;5863109;-4151.803711
402200.625;5863109;-4150.15918
402260.9063;5863109;-4148.404785
402321.2188;5863109;-4146.626953
402381.5;5863109;-4144.889648
402441.8125;5863109;-4143.215332
402502.125;5863109;-4141.730469
402562.4063;5863109;-4140.608887
402622.7188;5863109;-4139.915527
402683.0313;5863109;-4139.621582
402743.3125;5863109;-4139.654785
402803.625;5863109;-4139.882324
402863.9063;5863109;-4140.119141
402924.2188;5863109;-4140.24707
402984.5313;5863109;-4147.07959
403044.8125;5863109;-4147.191406
403105.125;5863109;-4147.362793
403165.4375;5863109;-4147.794922
403225.7188;5863109;-4148.563477
403286.0313;5863109;-4149.538574
403346.3125;5863109;-4150.598633
403406.625;5863109;-4151.589844
403466.9375;5863109;-4152.404785
403527.2188;5863109;-4153.345703
403587.5313;5863109;-4154.803711
403647.8438;5863109;-4157.12793
403708.125;5863109;-4161.01416
403768.4375;5863109;-4166.784668
403828.7188;5863109;-4173.742188
403889.0313;5863109;-4180.598145
403949.3438;5863109;-4184.178711
404009.625;5863109;-4179.584961
404069.9375;5863109;-4164.259277
404130.25;5863109;-4139.017578
404190.5313;5863109;-4111.341797
404250.8438;5863109;-4094.98999
404311.125;5863109;-4088.056152
404371.4375;5863109;-4084.807861
404431.75;5863109;-4083.308594
404492.0313;5863109;-4082.863525
404552.3438;5863109;-4082.953857
404612.625;5863109;-4083.286621
404672.9375;5863109;-4083.685791
404733.25;5863109;-4084.284424
404793.5313;5863109;-4085.260498
404853.8438;5863109;-4086.66748
404914.1563;5863109;-4089.470215
404974.4375;5863109;-4094.922607
405034.75;5863109;-4098.460449
405095.0313;5863109;-4101.43457
405155.3438;5863109;-4103.9375
405215.6563;5863109;-4106.107422
405275.9375;5863109;-4115.919922
405336.25;5863109;-4118.59375
405396.5625;5863109;-4121.577637
405456.8438;5863109;-4124.902832
405517.1563;5863109;-4129.328125
405577.4375;5863109;-4137.088379
405637.75;5863109;-4148.356934
405698.0625;5863109;-4150.28125
405758.3438;5863109;-4140.103516
405818.6563;5863109;-4142.355469
405878.9688;5863109;-4143.617188
405939.25;5863109;-4143.826172
405999.5625;5863109;-4142.518555
406059.8438;5863109;-4139.447266
406120.1563;5863109;-4135.138672
406180.4688;5863109;-4130.773438
406240.75;5863109;-4127.012695
406301.0625;5863109;-4122.793945
406361.375;5863109;-4122.566895
406421.6563;5863109;-4123.181152
406481.9688;5863109;-4124.279297
406542.25;5863109;-4125.873047
406602.5625;5863109;-4127.566895
406662.875;5863109;-4129.069824
406723.1563;5863109;-4130.685547
406783.4688;5863109;-4132.458984
406843.7813;5863109;-4134.472168
406904.0625;5863109;-4136.652832
406964.375;5863109;-4138.998535
407024.6563;5863109;-4141.612793
407084.9688;5863109;-4144.243652
407145.2813;5863109;-4146.859375
407205.5625;5863109;-4149.55127
407265.875;5863109;-4152.164063
407326.1875;5863109;-4154.677734
407386.4688;5863109;-4157.119141
407446.7813;5863109;-4159.472168
407507.0625;5863109;-4161.728027
407567.375;5863109;-4163.847168
407627.6875;5863109;-4165.862793
407687.9688;5863109;-4167.790039
407748.2813;5863109;-4169.576172
407808.5938;5863109;-4171.22998
407868.875;5863109;-4172.771973
407929.1875;5863109;-4174.192871
407989.4688;5863109;-4175.520996
408049.7813;5863109;-4176.759277
408110.0938;5863109;-4177.888672
408170.375;5863109;-4178.923828
408230.6875;5863109;-4179.870117
408291;5863109;-4180.713867
408351.2813;5863109;-4181.479004
408411.5938;5863109;-4182.189453
408471.875;5863109;-4182.830078
408532.1875;5863109;-4183.390625
408592.5;5863109;-4183.891602
408652.7813;5863109;-4184.345215
408713.0938;5863109;-4184.748047
408773.4063;5863109;-4185.102051
408833.6875;5863109;-4185.415527
408894;5863109;-4185.691406
408954.2813;5863109;-4185.936035
409014.5938;5863109;-4186.146973
409074.9063;5863109;-4186.327148
409135.1875;5863109;-4186.47998
409195.5;5863109;-4186.604004
409255.8125;5863109;-4186.700195
409316.0938;5863109;-4186.771973
409376.4063;5863109;-4186.820801
401356.4063;5863169.5;-4161.024414
401416.6875;5863169.5;-4160.929199
401477;5863169.5;-4160.807617
401537.3125;5863169.5;-4160.648926
401597.5938;5863169.5;-4160.406738
401657.9063;5863169.5;-4160.072754
401718.2188;5863169.5;-4159.629395
401778.5;5863169.5;-4159.037598
401838.8125;5863169.5;-4158.262207
401899.0938;5863169.5;-4157.305664
401959.4063;5863169.5;-4156.183105
402019.7188;5863169.5;-4154.849609
402080;5863169.5;-4153.289063
402140.3125;5863169.5;-4151.608398
402200.625;5863169.5;-4149.816406
402260.9063;5863169.5;-4147.895508
402321.2188;5863169.5;-4145.963867
402381.5;5863169.5;-4144.105469
402441.8125;5863169.5;-4142.366211
402502.125;5863169.5;-4140.914063
402562.4063;5863169.5;-4139.962891
402622.7188;5863169.5;-4139.560547
402683.0313;5863169.5;-4139.629883
402743.3125;5863169.5;-4140.044434
402803.625;5863169.5;-4140.621094
402863.9063;5863169.5;-4141.108887
402924.2188;5863169.5;-4141.305664
402984.5313;5863169.5;-4147.341309
403044.8125;5863169.5;-4147.07373
403105.125;5863169.5;-4146.798828
403165.4375;5863169.5;-4146.850098
403225.7188;5863169.5;-4147.422852
403286.0313;5863169.5;-4148.428223
403346.3125;5863169.5;-4149.666504
403406.625;5863169.5;-4150.897949
403466.9375;5863169.5;-4151.960449
403527.2188;5863169.5;-4153.157715
403587.5313;5863169.5;-4154.934082
403647.8438;5863169.5;-4157.745605
403708.125;5863169.5;-4162.526855
403768.4375;5863169.5;-4169.894531
403828.7188;5863169.5;-4179.202148
403889.0313;5863169.5;-4188.910156
403949.3438;5863169.5;-4195.02002
404009.625;5863169.5;-4191.061035
404069.9375;5863169.5;-4173.085449
404130.25;5863169.5;-4141.240723
404190.5313;5863169.5;-4103.925293
404250.8438;5863169.5;-4085.167725
404311.125;5863169.5;-4080.219727
404371.4375;5863169.5;-4078.885498
404431.75;5863169.5;-4078.739746
404492.0313;5863169.5;-4079.275879
404552.3438;5863169.5;-4080.138428
404612.625;5863169.5;-4081.100098
404672.9375;5863169.5;-4081.984131
404733.25;5863169.5;-4082.947021
404793.5313;5863169.5;-4084.204102
404853.8438;5863169.5;-4085.795654
404914.1563;5863169.5;-4088.663818
404974.4375;5863169.5;-4092.901123
405034.75;5863169.5;-4097.833008
405095.0313;5863169.5;-4100.97168
405155.3438;5863169.5;-4103.723145
405215.6563;5863169.5;-4106.194336
405275.9375;5863169.5;-4108.625
405336.25;5863169.5;-4120.595703
405396.5625;5863169.5;-4124.105469
405456.8438;5863169.5;-4127.991699
405517.1563;5863169.5;-4132.973145
405577.4375;5863169.5;-4138.002441
405637.75;5863169.5;-4142.30127
405698.0625;5863169.5;-4152.060547
405758.3438;5863169.5;-4152.859375
405818.6563;5863169.5;-4141.223633
405878.9688;5863169.5;-4142.3125
405939.25;5863169.5;-4142.503418
405999.5625;5863169.5;-4141.445313
406059.8438;5863169.5;-4138.956543
406120.1563;5863169.5;-4135.477051
406180.4688;5863169.5;-4131.900391
406240.75;5863169.5;-4125.672852
406301.0625;5863169.5;-4124.293457
406361.375;5863169.5;-4123.946777
406421.6563;5863169.5;-4124.282715
406481.9688;5863169.5;-4125.047363
406542.25;5863169.5;-4126.297852
406602.5625;5863169.5;-4127.680176
406662.875;5863169.5;-4128.916016
406723.1563;5863169.5;-4130.291992
406783.4688;5863169.5;-4131.84375
406843.7813;5863169.5;-4133.645508
406904.0625;5863169.5;-4135.609375
406964.375;5863169.5;-4137.738281
407024.6563;5863169.5;-4140.142578
407084.9688;5863169.5;-4142.577637
407145.2813;5863169.5;-4145.020996
407205.5625;5863169.5;-4147.557129
407265.875;5863169.5;-4150.043457
407326.1875;5863169.5;-4152.460938
407386.4688;5863169.5;-4154.825684
407446.7813;5863169.5;-4157.121582
407507.0625;5863169.5;-4159.337891
407567.375;5863169.5;-4161.434082
407627.6875;5863169.5;-4163.438477
407687.9688;5863169.5;-4165.361816
407748.2813;5863169.5;-4167.153809
407808.5938;5863169.5;-4168.822754
407868.875;5863169.5;-4170.384766
407929.1875;5863169.5;-4171.83252
407989.4688;5863169.5;-4173.189941
408049.7813;5863169.5;-4174.460449
408110.0938;5863169.5;-4175.625
408170.375;5863169.5;-4176.696777
408230.6875;5863169.5;-4177.682129
408291;5863169.5;-4178.56543
408351.2813;5863169.5;-4179.370117
408411.5938;5863169.5;-4180.120605
408471.875;5863169.5;-4180.80127
408532.1875;5863169.5;-4181.400391
408592.5;5863169.5;-4181.939941
408652.7813;5863169.5;-4182.430176
408713.0938;5863169.5;-4182.868652
408773.4063;5863169.5;-4183.258789
408833.6875;5863169.5;-4183.604492
408894;5863169.5;-4183.913086
408954.2813;5863169.5;-4184.187988
409014.5938;5863169.5;-4184.427246
409074.9063;5863169.5;-4184.634277
409135.1875;5863169.5;-4184.812012
409195.5;5863169.5;-4184.959961
409255.8125;5863169.5;-4185.077148
409316.0938;5863169.5;-4185.168457
409376.4063;5863169.5;-4185.234375
401356.4063;5863230;-4160.730957
401416.6875;5863230;-4160.724121
401477;5863230;-4160.696777
401537.3125;5863230;-4160.637207
401597.5938;5863230;-4160.49707
401657.9063;5863230;-4160.260742
401718.2188;5863230;-4159.905273
401778.5;5863230;-4159.382324
401838.8125;5863230;-4158.646973
401899.0938;5863230;-4157.696289
401959.4063;5863230;-4156.546387
402019.7188;5863230;-4155.142578
402080;5863230;-4153.46582
402140.3125;5863230;-4151.645996
402200.625;5863230;-4149.700195
402260.9063;5863230;-4147.614746
402321.2188;5863230;-4145.550293
402381.5;5863230;-4143.618652
402441.8125;5863230;-4141.886719
402502.125;5863230;-4140.569824
402562.4063;5863230;-4139.901367
402622.7188;5863230;-4139.87793
402683.0313;5863230;-4140.359863
402743.3125;5863230;-4141.179688
402803.625;5863230;-4142.169922
402863.9063;5863230;-4143.021973
402924.2188;5863230;-4143.391602
402984.5313;5863230;-4148.226074
403044.8125;5863230;-4147.470215
403105.125;5863230;-4146.565918
403165.4375;5863230;-4146.040527
403225.7188;5863230;-4146.281738
403286.0313;5863230;-4147.26709
403346.3125;5863230;-4148.694336
403406.625;5863230;-4150.180664
403466.9375;5863230;-4151.433105
403527.2188;5863230;-4152.688965
403587.5313;5863230;-4154.42627
403647.8438;5863230;-4157.19873
403708.125;5863230;-4162.189453
403768.4375;5863230;-4170.385742
403828.7188;5863230;-4181.386719
403889.0313;5863230;-4193.516113
403949.3438;5863230;-4202.275879
404009.625;5863230;-4200.651367
404069.9375;5863230;-4184.123535
404130.25;5863230;-4150.169434
404190.5313;5863230;-4099.07373
404250.8438;5863230;-4078.044678
404311.125;5863230;-4075.287354
404371.4375;5863230;-4075.251465
404431.75;5863230;-4075.922852
404492.0313;5863230;-4077.234619
404552.3438;5863230;-4078.77417
404612.625;5863230;-4080.300049
404672.9375;5863230;-4081.645264
404733.25;5863230;-4083.009033
404793.5313;5863230;-4084.686523
404853.8438;5863230;-4086.67334
404914.1563;5863230;-4089.556396
404974.4375;5863230;-4093.463135
405034.75;5863230;-4097.432617
405095.0313;5863230;-4100.877441
405155.3438;5863230;-4103.699707
405215.6563;5863230;-4106.308105
405275.9375;5863230;-4108.903809
405336.25;5863230;-4122.125977
405396.5625;5863230;-4125.773926
405456.8438;5863230;-4129.806641
405517.1563;5863230;-4134.962891
405577.4375;5863230;-4140.489258
405637.75;5863230;-4145.526367
405698.0625;5863230;-4147.851074
405758.3438;5863230;-4148.637695
405818.6563;5863230;-4153.392578
405878.9688;5863230;-4141.346191
405939.25;5863230;-4141.524902
405999.5625;5863230;-4140.706543
406059.8438;5863230;-4138.715332
406120.1563;5863230;-4135.925781
406180.4688;5863230;-4128.452637
406240.75;5863230;-4126.489746
406301.0625;5863230;-4125.247559
406361.375;5863230;-4124.804688
406421.6563;5863230;-4124.92334
406481.9688;5863230;-4125.428711
406542.25;5863230;-4126.39502
406602.5625;5863230;-4127.536133
406662.875;5863230;-4128.606934
406723.1563;5863230;-4129.838867
406783.4688;5863230;-4131.255371
406843.7813;5863230;-4132.918457
406904.0625;5863230;-4134.741211
406964.375;5863230;-4136.718262
407024.6563;5863230;-4138.945801
407084.9688;5863230;-4141.216309
407145.2813;5863230;-4143.508789
407205.5625;5863230;-4145.894043
407265.875;5863230;-4148.253418
407326.1875;5863230;-4150.568359
407386.4688;5863230;-4152.845215
407446.7813;5863230;-4155.069336
407507.0625;5863230;-4157.229004
407567.375;5863230;-4159.285156
407627.6875;5863230;-4161.260254
407687.9688;5863230;-4163.163574
407748.2813;5863230;-4164.944824
407808.5938;5863230;-4166.612305
407868.875;5863230;-4168.180664
407929.1875;5863230;-4169.640625
407989.4688;5863230;-4171.015137
408049.7813;5863230;-4172.306152
408110.0938;5863230;-4173.494629
408170.375;5863230;-4174.593262
408230.6875;5863230;-4175.606445
408291;5863230;-4176.519531
408351.2813;5863230;-4177.355469
408411.5938;5863230;-4178.138672
408471.875;5863230;-4178.851563
408532.1875;5863230;-4179.48291
408592.5;5863230;-4180.055176
408652.7813;5863230;-4180.577637
408713.0938;5863230;-4181.047852
408773.4063;5863230;-4181.466797
408833.6875;5863230;-4181.842285
408894;5863230;-4182.178223
408954.2813;5863230;-4182.481445
409014.5938;5863230;-4182.746582
409074.9063;5863230;-4182.977051
409135.1875;5863230;-4183.177246
409195.5;5863230;-4183.34668
409255.8125;5863230;-4183.481934
409316.0938;5863230;-4183.590332
409376.4063;5863230;-4183.672363
401356.4063;5863291;-4160.482422
401416.6875;5863291;-4160.583984
401477;5863291;-4160.675293
401537.3125;5863291;-4160.744141
401597.5938;5863291;-4160.736816
401657.9063;5863291;-4160.630371
401718.2188;5863291;-4160.395508
401778.5;5863291;-4159.972656
401838.8125;5863291;-4159.300781
401899.0938;5863291;-4158.371582
401959.4063;5863291;-4157.20166
402019.7188;5863291;-4155.722656
402080;5863291;-4153.913574
402140.3125;5863291;-4151.938965
402200.625;5863291;-4149.823242
402260.9063;5863291;-4147.566895
402321.2188;5863291;-4145.380859
402381.5;5863291;-4143.407715
402441.8125;5863291;-4141.729004
402502.125;5863291;-4140.583008
402562.4063;5863291;-4140.181641
402622.7188;5863291;-4140.44043
402683.0313;5863291;-4141.158203
402743.3125;5863291;-4142.203125
402803.625;5863291;-4143.567871
402863.9063;5863291;-4144.962402
402924.2188;5863291;-4145.779297
402984.5313;5863291;-4149.554688
403044.8125;5863291;-4148.236328
403105.125;5863291;-4146.492188
403165.4375;5863291;-4145.192871
403225.7188;5863291;-4145.018066
403286.0313;5863291;-4146.01709
403346.3125;5863291;-4147.731934
403406.625;5863291;-4149.556152
403466.9375;5863291;-4150.950684
403527.2188;5863291;-4152.005371
403587.5313;5863291;-4153.212402
403647.8438;5863291;-4155.189941
403708.125;5863291;-4159.300293
403768.4375;5863291;-4166.947754
403828.7188;5863291;-4178.427734
403889.0313;5863291;-4192.095215
403949.3438;5863291;-4203.290527
404009.625;5863291;-4206.088379
404069.9375;5863291;-4197.372559
404130.25;5863291;-4168.07373
404190.5313;5863291;-4103.647949
404250.8438;5863291;-4074.735596
404311.125;5863291;-4074.835938
404371.4375;5863291;-4075.421387
404431.75;5863291;-4075.949463
404492.0313;5863291;-4077.379639
404552.3438;5863291;-4079.204102
404612.625;5863291;-4081.029785
404672.9375;5863291;-4082.651855
404733.25;5863291;-4084.269287
404793.5313;5863291;-4086.202148
404853.8438;5863291;-4088.408447
404914.1563;5863291;-4091.225098
404974.4375;5863291;-4094.808838
405034.75;5863291;-4098.515625
405095.0313;5863291;-4102.181152
405155.3438;5863291;-4104.139648
405215.6563;5863291;-4106.699219
405275.9375;5863291;-4109.23291
405336.25;5863291;-4112.124512
405396.5625;5863291;-4126.721191
405456.8438;5863291;-4130.394531
405517.1563;5863291;-4135.098145
405577.4375;5863291;-4140.333008
405637.75;5863291;-4145.554688
405698.0625;5863291;-4148.32666
405758.3438;5863291;-4149.07373
405818.6563;5863291;-4149.901367
405878.9688;5863291;-4150.007813
405939.25;5863291;-4140.566895
405999.5625;5863291;-4139.943848
406059.8438;5863291;-4138.36084
406120.1563;5863291;-4136.136719
406180.4688;5863291;-4128.562012
406240.75;5863291;-4126.916992
406301.0625;5863291;-4125.819336
406361.375;5863291;-4125.341309
406421.6563;5863291;-4125.326172
406481.9688;5863291;-4125.658203
406542.25;5863291;-4126.415039
406602.5625;5863291;-4127.371582
406662.875;5863291;-4128.319824
406723.1563;5863291;-4129.440918
406783.4688;5863291;-4130.75
406843.7813;5863291;-4132.300781
406904.0625;5863291;-4134.008789
406964.375;5863291;-4135.862793
407024.6563;5863291;-4137.939453
407084.9688;5863291;-4140.066895
407145.2813;5863291;-4142.229004
407205.5625;5863291;-4144.477539
407265.875;5863291;-4146.716797
407326.1875;5863291;-4148.930664
407386.4688;5863291;-4151.116211
407446.7813;5863291;-4153.262695
407507.0625;5863291;-4155.358398
407567.375;5863291;-4157.363281
407627.6875;5863291;-4159.29834
407687.9688;5863291;-4161.168945
407748.2813;5863291;-4162.927734
407808.5938;5863291;-4164.58252
407868.875;5863291;-4166.14502
407929.1875;5863291;-4167.606934
407989.4688;5863291;-4168.987793
408049.7813;5863291;-4170.288574
408110.0938;5863291;-4171.492188
408170.375;5863291;-4172.608398
408230.6875;5863291;-4173.64209
408291;5863291;-4174.578613
408351.2813;5863291;-4175.439941
408411.5938;5863291;-4176.248535
408471.875;5863291;-4176.987793
408532.1875;5863291;-4177.647461
408592.5;5863291;-4178.246582
408652.7813;5863291;-4178.796875
408713.0938;5863291;-4179.294922
408773.4063;5863291;-4179.740723
408833.6875;5863291;-4180.142578
408894;5863291;-4180.504883
408954.2813;5863291;-4180.831543
409014.5938;5863291;-4181.120605
409074.9063;5863291;-4181.372559
409135.1875;5863291;-4181.59375
409195.5;5863291;-4181.782715
409255.8125;5863291;-4181.936035
409316.0938;5863291;-4182.05957
409376.4063;5863291;-4182.156738
401356.4063;5863351.5;-4160.26416
401416.6875;5863351.5;-4160.497559
401477;5863351.5;-4160.733398
401537.3125;5863351.5;-4160.958984
401597.5938;5863351.5;-4161.119141
401657.9063;5863351.5;-4161.180664
401718.2188;5863351.5;-4161.103516
401778.5;5863351.5;-4160.814941
401838.8125;5863351.5;-4160.236816
401899.0938;5863351.5;-4159.351074
401959.4063;5863351.5;-4158.168945
402019.7188;5863351.5;-4156.608887
402080;5863351.5;-4154.651367
402140.3125;5863351.5;-4152.499512
402200.625;5863351.5;-4150.194336
402260.9063;5863351.5;-4147.755859
402321.2188;5863351.5;-4145.444824
402381.5;5863351.5;-4143.430176
402441.8125;5863351.5;-4141.787598
402502.125;5863351.5;-4140.741211
402562.4063;5863351.5;-4140.420898
402622.7188;5863351.5;-4140.638184
402683.0313;5863351.5;-4141.17041
402743.3125;5863351.5;-4142.061035
402803.625;5863351.5;-4143.70752
402863.9063;5863351.5;-4145.953125
402924.2188;5863351.5;-4147.716309
402984.5313;5863351.5;-4150.6875
403044.8125;5863351.5;-4148.69043
403105.125;5863351.5;-4145.833008
403165.4375;5863351.5;-4143.616211
403225.7188;5863351.5;-4143.134766
403286.0313;5863351.5;-4144.398926
403346.3125;5863351.5;-4146.688965
403406.625;5863351.5;-4149.086914
403466.9375;5863351.5;-4150.682617
403527.2188;5863351.5;-4151.36377
403587.5313;5863351.5;-4151.685547
403647.8438;5863351.5;-4152.291504
403708.125;5863351.5;-4154.58252
403768.4375;5863351.5;-4160.350586
403828.7188;5863351.5;-4170.861816
403889.0313;5863351.5;-4184.514648
403949.3438;5863351.5;-4196.412109
404009.625;5863351.5;-4202.09082
404069.9375;5863351.5;-4200.085449
404130.25;5863351.5;-4181.1875
404190.5313;5863351.5;-4120.925781
404250.8438;5863351.5;-4080.552734
404311.125;5863351.5;-4077.793213
404371.4375;5863351.5;-4079.198242
404431.75;5863351.5;-4079.025146
404492.0313;5863351.5;-4079.856689
404552.3438;5863351.5;-4081.425293
404612.625;5863351.5;-4083.168701
404672.9375;5863351.5;-4084.802246
404733.25;5863351.5;-4086.473633
404793.5313;5863351.5;-4088.462158
404853.8438;5863351.5;-4090.680664
404914.1563;5863351.5;-4093.365967
404974.4375;5863351.5;-4096.692383
405034.75;5863351.5;-4100.157715
405095.0313;5863351.5;-4103.637207
405155.3438;5863351.5;-4107.175781
405215.6563;5863351.5;-4107.419922
405275.9375;5863351.5;-4109.754395
405336.25;5863351.5;-4112.331543
405396.5625;5863351.5;-4114.967773
405456.8438;5863351.5;-4117.73291
405517.1563;5863351.5;-4133.836914
405577.4375;5863351.5;-4137.888184
405637.75;5863351.5;-4142.395508
405698.0625;5863351.5;-4145.741699
405758.3438;5863351.5;-4147.577148
405818.6563;5863351.5;-4148.917969
405878.9688;5863351.5;-4149.157715
405939.25;5863351.5;-4141.500488
405999.5625;5863351.5;-4138.976074
406059.8438;5863351.5;-4137.811035
406120.1563;5863351.5;-4130.00293
406180.4688;5863351.5;-4128.361816
406240.75;5863351.5;-4126.992188
406301.0625;5863351.5;-4126.039063
406361.375;5863351.5;-4125.568359
406421.6563;5863351.5;-4125.485352
406481.9688;5863351.5;-4125.715332
406542.25;5863351.5;-4126.329102
406602.5625;5863351.5;-4127.15918
406662.875;5863351.5;-4128.029297
406723.1563;5863351.5;-4129.076172
406783.4688;5863351.5;-4130.308594
406843.7813;5863351.5;-4131.771973
406904.0625;5863351.5;-4133.390137
406964.375;5863351.5;-4135.14502
407024.6563;5863351.5;-4137.092773
407084.9688;5863351.5;-4139.098145
407145.2813;5863351.5;-4141.14502
407205.5625;5863351.5;-4143.268555
407265.875;5863351.5;-4145.395508
407326.1875;5863351.5;-4147.51123
407386.4688;5863351.5;-4149.60498
407446.7813;5863351.5;-4151.67041
407507.0625;5863351.5;-4153.695801
407567.375;5863351.5;-4155.642578
407627.6875;5863351.5;-4157.528809
407687.9688;5863351.5;-4159.358887
407748.2813;5863351.5;-4161.086426
407808.5938;5863351.5;-4162.71875
407868.875;5863351.5;-4164.26709
407929.1875;5863351.5;-4165.721191
407989.4688;5863351.5;-4167.100098
408049.7813;5863351.5;-4168.403809
408110.0938;5863351.5;-4169.613281
408170.375;5863351.5;-4170.740234
408230.6875;5863351.5;-4171.786133
408291;5863351.5;-4172.740234
408351.2813;5863351.5;-4173.620605
408411.5938;5863351.5;-4174.448242
408471.875;5863351.5;-4175.209473
408532.1875;5863351.5;-4175.891602
408592.5;5863351.5;-4176.515137
408652.7813;5863351.5;-4177.088379
408713.0938;5863351.5;-4177.610352
408773.4063;5863351.5;-4178.080078
408833.6875;5863351.5;-4178.505371
408894;5863351.5;-4178.890137
408954.2813;5863351.5;-4179.239746
409014.5938;5863351.5;-4179.548828
409074.9063;5863351.5;-4179.822266
409135.1875;5863351.5;-4180.0625
409195.5;5863351.5;-4180.268555
409255.8125;5863351.5;-4180.437988
409316.0938;5863351.5;-4180.577148
409376.4063;5863351.5;-4180.686523
401356.4063;5863412;-4160.070313
401416.6875;5863412;-4160.453613
401477;5863412;-4160.85791
401537.3125;5863412;-4161.267578
401597.5938;5863412;-4161.626465
401657.9063;5863412;-4161.89209
401718.2188;5863412;-4162.011719
401778.5;5863412;-4161.896973
401838.8125;5863412;-4161.447266
401899.0938;5863412;-4160.628906
401959.4063;5863412;-4159.445801
402019.7188;5863412;-4157.799805
402080;5863412;-4155.674805
402140.3125;5863412;-4153.322266
402200.625;5863412;-4150.804688
402260.9063;5863412;-4148.160156
402321.2188;5863412;-4145.707031
402381.5;5863412;-4143.621582
402441.8125;5863412;-4141.952637
402502.125;5863412;-4140.881348
402562.4063;5863412;-4140.416992
402622.7188;5863412;-4140.249512
402683.0313;5863412;-4140.174805
402743.3125;5863412;-4140.547363
402803.625;5863412;-4142.397949
402863.9063;5863412;-4145.84082
402924.2188;5863412;-4149.180664
402984.5313;5863412;-4151.304199
403044.8125;5863412;-4148.276367
403105.125;5863412;-4143.833984
403165.4375;5863412;-4140.557617
403225.7188;5863412;-4140.098633
403286.0313;5863412;-4142.080566
403346.3125;5863412;-4145.36377
403406.625;5863412;-4148.709473
403466.9375;5863412;-4150.670898
403527.2188;5863412;-4150.977539
403587.5313;5863412;-4150.460938
403647.8438;5863412;-4149.839844
403708.125;5863412;-4150.559082
403768.4375;5863412;-4154.523438
403828.7188;5863412;-4163.04248
403889.0313;5863412;-4174.5
403949.3438;5863412;-4184.314941
404009.625;5863412;-4188.700195
404069.9375;5863412;-4186.104004
404130.25;5863412;-4172.375488
404190.5313;5863412;-4135.506348
404250.8438;5863412;-4102.980957
404311.125;5863412;-4092.492432
404371.4375;5863412;-4086.659912
404431.75;5863412;-4083.872559
404492.0313;5863412;-4083.811768
404552.3438;5863412;-4084.881104
404612.625;5863412;-4086.278809
404672.9375;5863412;-4087.706787
404733.25;5863412;-4089.265625
404793.5313;5863412;-4091.165039
404853.8438;5863412;-4093.27417
404914.1563;5863412;-4095.785889
404974.4375;5863412;-4098.880859
405034.75;5863412;-4102.125488
405095.0313;5863412;-4105.42627
405155.3438;5863412;-4108.833984
405215.6563;5863412;-4112.112305
405275.9375;5863412;-4110.581543
405336.25;5863412;-4112.803223
405396.5625;5863412;-4114.854004
405456.8438;5863412;-4116.820801
405517.1563;5863412;-4119.126953
405577.4375;5863412;-4135.330566
405637.75;5863412;-4139.018555
405698.0625;5863412;-4142.389648
405758.3438;5863412;-4144.849121
405818.6563;5863412;-4146.643066
405878.9688;5863412;-4147.211426
405939.25;5863412;-4146.891113
405999.5625;5863412;-4138.006836
406059.8438;5863412;-4130.502441
406120.1563;5863412;-4129.308594
406180.4688;5863412;-4128.005859
406240.75;5863412;-4126.897461
406301.0625;5863412;-4126.103516
406361.375;5863412;-4125.683105
406421.6563;5863412;-4125.586914
406481.9688;5863412;-4125.774414
406542.25;5863412;-4126.304688
406602.5625;5863412;-4127.055664
406662.875;5863412;-4127.879883
406723.1563;5863412;-4128.87793
406783.4688;5863412;-4130.052734
406843.7813;5863412;-4131.437012
406904.0625;5863412;-4132.971191
406964.375;5863412;-4134.632324
407024.6563;5863412;-4136.458496
407084.9688;5863412;-4138.345703
407145.2813;5863412;-4140.279297
407205.5625;5863412;-4142.280762
407265.875;5863412;-4144.296387
407326.1875;5863412;-4146.311035
407386.4688;5863412;-4148.310547
407446.7813;5863412;-4150.290527
407507.0625;5863412;-4152.239746
407567.375;5863412;-4154.120605
407627.6875;5863412;-4155.949707
407687.9688;5863412;-4157.730469
407748.2813;5863412;-4159.417969
407808.5938;5863412;-4161.019531
407868.875;5863412;-4162.544922
407929.1875;5863412;-4163.982422
407989.4688;5863412;-4165.349609
408049.7813;5863412;-4166.646484
408110.0938;5863412;-4167.854492
408170.375;5863412;-4168.983398
408230.6875;5863412;-4170.035645
408291;5863412;-4170.999023
408351.2813;5863412;-4171.891113
408411.5938;5863412;-4172.731934
408471.875;5863412;-4173.508789
408532.1875;5863412;-4174.208496
408592.5;5863412;-4174.850098
408652.7813;5863412;-4175.442383
408713.0938;5863412;-4175.983398
408773.4063;5863412;-4176.472656
408833.6875;5863412;-4176.916504
408894;5863412;-4177.320801
408954.2813;5863412;-4177.688477
409014.5938;5863412;-4178.016113
409074.9063;5863412;-4178.305664
409135.1875;5863412;-4178.5625
409195.5;5863412;-4178.783691
409255.8125;5863412;-4178.966309
409316.0938;5863412;-4179.117188
409376.4063;5863412;-4179.239746
401356.4063;5863472.5;-4159.86084
401416.6875;5863472.5;-4160.413086
401477;5863472.5;-4161.004395
401537.3125;5863472.5;-4161.62207
401597.5938;5863472.5;-4162.209473
401657.9063;5863472.5;-4162.713379
401718.2188;5863472.5;-4163.069336
401778.5;5863472.5;-4163.17041
401838.8125;5863472.5;-4162.88916
401899.0938;5863472.5;-4162.171387
401959.4063;5863472.5;-4161.006348
402019.7188;5863472.5;-4159.271484
402080;5863472.5;-4156.955078
402140.3125;5863472.5;-4154.369629
402200.625;5863472.5;-4151.606445
402260.9063;5863472.5;-4148.722168
402321.2188;5863472.5;-4146.083008
402381.5;5863472.5;-4143.869629
402441.8125;5863472.5;-4142.086426
402502.125;5863472.5;-4140.859375
402562.4063;5863472.5;-4140.068359
402622.7188;5863472.5;-4139.282227
402683.0313;5863472.5;-4138.321289
402743.3125;5863472.5;-4137.803223
402803.625;5863472.5;-4139.289063
402863.9063;5863472.5;-4143.492676
402924.2188;5863472.5;-4148.95752
402984.5313;5863472.5;-4150.796875
403044.8125;5863472.5;-4146.256348
403105.125;5863472.5;-4139.799316
403165.4375;5863472.5;-4135.492188
403225.7188;5863472.5;-4135.609863
403286.0313;5863472.5;-4138.849609
403346.3125;5863472.5;-4143.506348
403406.625;5863472.5;-4148.083008
403466.9375;5863472.5;-4150.587402
403527.2188;5863472.5;-4150.690918
403587.5313;5863472.5;-4149.69873
403647.8438;5863472.5;-4148.440918
403708.125;5863472.5;-4148.341309
403768.4375;5863472.5;-4151.074219
403828.7188;5863472.5;-4157.107422
403889.0313;5863472.5;-4164.912598
403949.3438;5863472.5;-4171.080566
404009.625;5863472.5;-4172.516113
404069.9375;5863472.5;-4167.970215
404130.25;5863472.5;-4155.901855
404190.5313;5863472.5;-4134.101074
404250.8438;5863472.5;-4112.885742
404311.125;5863472.5;-4100.022949
404371.4375;5863472.5;-4092.307617
404431.75;5863472.5;-4089.085449
404492.0313;5863472.5;-4088.533447
404552.3438;5863472.5;-4088.981445
404612.625;5863472.5;-4089.856934
404672.9375;5863472.5;-4090.928223
404733.25;5863472.5;-4092.251953
404793.5313;5863472.5;-4093.968994
404853.8438;5863472.5;-4095.907715
404914.1563;5863472.5;-4098.236328
404974.4375;5863472.5;-4101.132813
405034.75;5863472.5;-4104.20459
405095.0313;5863472.5;-4107.381836
405155.3438;5863472.5;-4110.710938
405215.6563;5863472.5;-4113.921875
405275.9375;5863472.5;-4116.932129
405336.25;5863472.5;-4113.809082
405396.5625;5863472.5;-4115.407227
405456.8438;5863472.5;-4116.720215
405517.1563;5863472.5;-4118.442871
405577.4375;5863472.5;-4120.687988
405637.75;5863472.5;-4137.169434
405698.0625;5863472.5;-4140.025391
405758.3438;5863472.5;-4142.433105
405818.6563;5863472.5;-4144.358398
405878.9688;5863472.5;-4145.182617
405939.25;5863472.5;-4145.15918
405999.5625;5863472.5;-4129.928223
406059.8438;5863472.5;-4129.360352
406120.1563;5863472.5;-4128.486328
406180.4688;5863472.5;-4127.48291
406240.75;5863472.5;-4126.607422
406301.0625;5863472.5;-4125.963867
406361.375;5863472.5;-4125.606934
406421.6563;5863472.5;-4125.527832
406481.9688;5863472.5;-4125.705078
406542.25;5863472.5;-4126.188965
406602.5625;5863472.5;-4126.892578
406662.875;5863472.5;-4127.699219
406723.1563;5863472.5;-4128.669922
406783.4688;5863472.5;-4129.804688
406843.7813;5863472.5;-4131.127441
406904.0625;5863472.5;-4132.592773
406964.375;5863472.5;-4134.174316
407024.6563;5863472.5;-4135.893066
407084.9688;5863472.5;-4137.673828
407145.2813;5863472.5;-4139.503906
407205.5625;5863472.5;-4141.39209
407265.875;5863472.5;-4143.301758
407326.1875;5863472.5;-4145.220215
407386.4688;5863472.5;-4147.12793
407446.7813;5863472.5;-4149.023926
407507.0625;5863472.5;-4150.896973
407567.375;5863472.5;-4152.710938
407627.6875;5863472.5;-4154.481445
407687.9688;5863472.5;-4156.209473
407748.2813;5863472.5;-4157.853516
407808.5938;5863472.5;-4159.421387
407868.875;5863472.5;-4160.918945
407929.1875;5863472.5;-4162.335938
407989.4688;5863472.5;-4163.688477
408049.7813;5863472.5;-4164.973633
408110.0938;5863472.5;-4166.17627
408170.375;5863472.5;-4167.303711
408230.6875;5863472.5;-4168.357422
408291;5863472.5;-4169.32666
408351.2813;5863472.5;-4170.227051
408411.5938;5863472.5;-4171.07959
408471.875;5863472.5;-4171.868652
408532.1875;5863472.5;-4172.582031
408592.5;5863472.5;-4173.239258
408652.7813;5863472.5;-4173.848145
408713.0938;5863472.5;-4174.40625
408773.4063;5863472.5;-4174.913086
408833.6875;5863472.5;-4175.374512
408894;5863472.5;-4175.79541
408954.2813;5863472.5;-4176.180664
409014.5938;5863472.5;-4176.524902
409074.9063;5863472.5;-4176.82959
409135.1875;5863472.5;-4177.102051
409195.5;5863472.5;-4177.336914
409255.8125;5863472.5;-4177.532227
409316.0938;5863472.5;-4177.695313
409376.4063;5863472.5;-4177.82959
401356.4063;5863533.5;-4159.604492
401416.6875;5863533.5;-4160.343262
401477;5863533.5;-4161.139648
401537.3125;5863533.5;-4161.988281
401597.5938;5863533.5;-4162.835938
401657.9063;5863533.5;-4163.620117
401718.2188;5863533.5;-4164.262695
401778.5;5863533.5;-4164.637207
401838.8125;5863533.5;-4164.585938
401899.0938;5863533.5;-4164.023438
401959.4063;5863533.5;-4162.910156
402019.7188;5863533.5;-4161.088379
402080;5863533.5;-4158.549805
402140.3125;5863533.5;-4155.686523
402200.625;5863533.5;-4152.630859
402260.9063;5863533.5;-4149.459473
402321.2188;5863533.5;-4146.584961
402381.5;5863533.5;-4144.191895
402441.8125;5863533.5;-4142.250977
402502.125;5863533.5;-4140.847168
402562.4063;5863533.5;-4139.756348
402622.7188;5863533.5;-4138.407227
402683.0313;5863533.5;-4136.495117
402743.3125;5863533.5;-4134.390625
402803.625;5863533.5;-4133.386719
402863.9063;5863533.5;-4135.598145
402924.2188;5863533.5;-4142.114258
402984.5313;5863533.5;-4147.257324
403044.8125;5863533.5;-4141.255859
403105.125;5863533.5;-4133.297363
403165.4375;5863533.5;-4128.75293
403225.7188;5863533.5;-4130.116699
403286.0313;5863533.5;-4134.88916
403346.3125;5863533.5;-4140.80127
403406.625;5863533.5;-4146.303223
403466.9375;5863533.5;-4149.408691
403527.2188;5863533.5;-4149.851074
403587.5313;5863533.5;-4149.019531
403647.8438;5863533.5;-4147.739746
403708.125;5863533.5;-4147.244141
403768.4375;5863533.5;-4148.839844
403828.7188;5863533.5;-4152.490234
403889.0313;5863533.5;-4156.98877
403949.3438;5863533.5;-4159.956543
404009.625;5863533.5;-4158.984375
404069.9375;5863533.5;-4153.380371
404130.25;5863533.5;-4142.929199
404190.5313;5863533.5;-4128.214355
404250.8438;5863533.5;-4114.070801
404311.125;5863533.5;-4103.81543
404371.4375;5863533.5;-4097.51709
404431.75;5863533.5;-4094.56958
404492.0313;5863533.5;-4093.475342
404552.3438;5863533.5;-4093.239502
404612.625;5863533.5;-4093.552979
404672.9375;5863533.5;-4094.207275
404733.25;5863533.5;-4095.225586
404793.5313;5863533.5;-4096.69873
404853.8438;5863533.5;-4098.433105
404914.1563;5863533.5;-4100.581055
404974.4375;5863533.5;-4103.313477
405034.75;5863533.5;-4106.26709
405095.0313;5863533.5;-4109.384766
405155.3438;5863533.5;-4112.70752
405215.6563;5863533.5;-4115.973633
405275.9375;5863533.5;-4119.055664
405336.25;5863533.5;-4121.65918
405396.5625;5863533.5;-4116.823242
405456.8438;5863533.5;-4117.644043
405517.1563;5863533.5;-4118.911133
405577.4375;5863533.5;-4120.707031
405637.75;5863533.5;-4122.899902
405698.0625;5863533.5;-4138.62207
405758.3438;5863533.5;-4140.677246
405818.6563;5863533.5;-4142.460938
405878.9688;5863533.5;-4143.362305
405939.25;5863533.5;-4128.505859
405999.5625;5863533.5;-4128.509766
406059.8438;5863533.5;-4128.175781
406120.1563;5863533.5;-4127.561035
406180.4688;5863533.5;-4126.805664
406240.75;5863533.5;-4126.129395
406301.0625;5863533.5;-4125.623047
406361.375;5863533.5;-4125.337402
406421.6563;5863533.5;-4125.296387
406481.9688;5863533.5;-4125.496094
406542.25;5863533.5;-4125.96582
406602.5625;5863533.5;-4126.65332
406662.875;5863533.5;-4127.467285
406723.1563;5863533.5;-4128.433594
406783.4688;5863533.5;-4129.547852
406843.7813;5863533.5;-4130.827148
406904.0625;5863533.5;-4132.240723
406964.375;5863533.5;-4133.758789
407024.6563;5863533.5;-4135.383789
407084.9688;5863533.5;-4137.071777
407145.2813;5863533.5;-4138.810547
407205.5625;5863533.5;-4140.59668
407265.875;5863533.5;-4142.40918
407326.1875;5863533.5;-4144.236816
407386.4688;5863533.5;-4146.056641
407446.7813;5863533.5;-4147.870605
407507.0625;5863533.5;-4149.668457
407567.375;5863533.5;-4151.416504
407627.6875;5863533.5;-4153.127441
407687.9688;5863533.5;-4154.80127
407748.2813;5863533.5;-4156.399902
407808.5938;5863533.5;-4157.930664
407868.875;5863533.5;-4159.397949
407929.1875;5863533.5;-4160.791504
407989.4688;5863533.5;-4162.124512
408049.7813;5863533.5;-4163.39502
408110.0938;5863533.5;-4164.588379
408170.375;5863533.5;-4165.709961
408230.6875;5863533.5;-4166.763184
408291;5863533.5;-4167.734375
408351.2813;5863533.5;-4168.640137
408411.5938;5863533.5;-4169.500488
408471.875;5863533.5;-4170.299316
408532.1875;5863533.5;-4171.023926
408592.5;5863533.5;-4171.693359
408652.7813;5863533.5;-4172.315918
408713.0938;5863533.5;-4172.888184
408773.4063;5863533.5;-4173.410156
408833.6875;5863533.5;-4173.887207
408894;5863533.5;-4174.32373
408954.2813;5863533.5;-4174.723145
409014.5938;5863533.5;-4175.08252
409074.9063;5863533.5;-4175.402832
409135.1875;5863533.5;-4175.688477
409195.5;5863533.5;-4175.937012
409255.8125;5863533.5;-4176.144043
409316.0938;5863533.5;-4176.318848
409376.4063;5863533.5;-4176.464355
401356.4063;5863594;-4159.280273
401416.6875;5863594;-4160.213867
401477;5863594;-4161.228516
401537.3125;5863594;-4162.326172
401597.5938;5863594;-4163.462402
401657.9063;5863594;-4164.565918
401718.2188;5863594;-4165.54541
401778.5;5863594;-4166.259277
401838.8125;5863594;-4166.51709
401899.0938;5863594;-4166.189941
401959.4063;5863594;-4165.183105
402019.7188;5863594;-4163.282715
402080;5863594;-4160.488281
402140.3125;5863594;-4157.287598
402200.625;5863594;-4153.876953
402260.9063;5863594;-4150.358398
402321.2188;5863594;-4147.179688
402381.5;5863594;-4144.555176
402441.8125;5863594;-4142.453613
402502.125;5863594;-4140.933594
402562.4063;5863594;-4139.703613
402622.7188;5863594;-4138.054199
402683.0313;5863594;-4135.387695
402743.3125;5863594;-4131.126953
402803.625;5863594;-4124.757813
402863.9063;5863594;-4121.013184
402924.2188;5863594;-4129.44873
402984.5313;5863594;-4140.70166
403044.8125;5863594;-4135.28418
403105.125;5863594;-4127.325195
403165.4375;5863594;-4123.614746
403225.7188;5863594;-4126.007324
403286.0313;5863594;-4131.648438
403346.3125;5863594;-4138.081543
403406.625;5863594;-4143.795898
403466.9375;5863594;-4147.285156
403527.2188;5863594;-4148.358398
403587.5313;5863594;-4148.046387
403647.8438;5863594;-4147.080566
403708.125;5863594;-4146.453125
403768.4375;5863594;-4147.105469
403828.7188;5863594;-4148.919434
403889.0313;5863594;-4151.107422
403949.3438;5863594;-4152.044922
404009.625;5863594;-4149.937012
404069.9375;5863594;-4144.479004
404130.25;5863594;-4135.935059
404190.5313;5863594;-4125.275391
404250.8438;5863594;-4115.285645
404311.125;5863594;-4107.613281
404371.4375;5863594;-4102.51123
404431.75;5863594;-4099.552734
404492.0313;5863594;-4097.943848
404552.3438;5863594;-4097.164551
404612.625;5863594;-4097.000488
404672.9375;5863594;-4097.254395
404733.25;5863594;-4097.943359
404793.5313;5863594;-4099.131836
404853.8438;5863594;-4100.626465
404914.1563;5863594;-4102.575195
404974.4375;5863594;-4105.141602
405034.75;5863594;-4107.98584
405095.0313;5863594;-4111.050781
405155.3438;5863594;-4114.399414
405215.6563;5863594;-4117.791504
405275.9375;5863594;-4121.080566
405336.25;5863594;-4123.906738
405396.5625;5863594;-4125.82373
405456.8438;5863594;-4119.369629
405517.1563;5863594;-4120.189941
405577.4375;5863594;-4121.419922
405637.75;5863594;-4122.964844
405698.0625;5863594;-4137.827637
405758.3438;5863594;-4139.452637
405818.6563;5863594;-4140.947754
405878.9688;5863594;-4126.618652
405939.25;5863594;-4127.182129
405999.5625;5863594;-4127.296387
406059.8438;5863594;-4127.139648
406120.1563;5863594;-4126.743164
406180.4688;5863594;-4126.208984
406240.75;5863594;-4125.726074
406301.0625;5863594;-4125.37207
406361.375;5863594;-4125.192871
406421.6563;5863594;-4125.223633
406481.9688;5863594;-4125.46875
406542.25;5863594;-4125.950195
406602.5625;5863594;-4126.631348
406662.875;5863594;-4127.435547
406723.1563;5863594;-4128.380371
406783.4688;5863594;-4129.455566
406843.7813;5863594;-4130.677246
406904.0625;5863594;-4132.025391
406964.375;5863594;-4133.467773
407024.6563;5863594;-4135.002441
407084.9688;5863594;-4136.600098
407145.2813;5863594;-4138.248047
407205.5625;5863594;-4139.938477
407265.875;5863594;-4141.657715
407326.1875;5863594;-4143.397461
407386.4688;5863594;-4145.132813
407446.7813;5863594;-4146.868164
407507.0625;5863594;-4148.591797
407567.375;5863594;-4150.272461
407627.6875;5863594;-4151.922852
407687.9688;5863594;-4153.541992
407748.2813;5863594;-4155.092285
407808.5938;5863594;-4156.582031
407868.875;5863594;-4158.015137
407929.1875;5863594;-4159.380371
407989.4688;5863594;-4160.688477
408049.7813;5863594;-4161.939941
408110.0938;5863594;-4163.118164
408170.375;5863594;-4164.22998
408230.6875;5863594;-4165.276367
408291;5863594;-4166.244629
408351.2813;5863594;-4167.151367
408411.5938;5863594;-4168.013184
408471.875;5863594;-4168.81543
408532.1875;5863594;-4169.547363
408592.5;5863594;-4170.225098
408652.7813;5863594;-4170.856445
408713.0938;5863594;-4171.438477
408773.4063;5863594;-4171.972168
408833.6875;5863594;-4172.459473
408894;5863594;-4172.907715
408954.2813;5863594;-4173.319824
409014.5938;5863594;-4173.690918
409074.9063;5863594;-4174.021484
409135.1875;5863594;-4174.317383
409195.5;5863594;-4174.576172
409255.8125;5863594;-4174.792969
409316.0938;5863594;-4174.976563
409376.4063;5863594;-4175.129883
401356.4063;5863654.5;-4158.86377
401416.6875;5863654.5;-4159.990234
401477;5863654.5;-4161.218262
401537.3125;5863654.5;-4162.56543
401597.5938;5863654.5;-4163.996094
401657.9063;5863654.5;-4165.433594
401718.2188;5863654.5;-4166.775879
401778.5;5863654.5;-4167.87207
401838.8125;5863654.5;-4168.505371
401899.0938;5863654.5;-4168.489746
401959.4063;5863654.5;-4167.653809
402019.7188;5863654.5;-4165.692871
402080;5863654.5;-4162.615723
402140.3125;5863654.5;-4159.047363
402200.625;5863654.5;-4155.256836
402260.9063;5863654.5;-4151.363281
402321.2188;5863654.5;-4147.84375
402381.5;5863654.5;-4144.992188
402441.8125;5863654.5;-4142.779297
402502.125;5863654.5;-4141.213379
402562.4063;5863654.5;-4140.000977
402622.7188;5863654.5;-4138.433105
402683.0313;5863654.5;-4135.862793
402743.3125;5863654.5;-4130.861328
402803.625;5863654.5;-4120.761719
402863.9063;5863654.5;-4111.101074
402924.2188;5863654.5;-4115.8125
402984.5313;5863654.5;-4128.526855
403044.8125;5863654.5;-4126.952148
403105.125;5863654.5;-4122.450195
403165.4375;5863654.5;-4120.955078
403225.7188;5863654.5;-4124.044434
403286.0313;5863654.5;-4129.806641
403346.3125;5863654.5;-4136.174316
403406.625;5863654.5;-4141.714844
403466.9375;5863654.5;-4145.273926
403527.2188;5863654.5;-4146.726074
403587.5313;5863654.5;-4146.812988
403647.8438;5863654.5;-4146.14502
403708.125;5863654.5;-4145.474121
403768.4375;5863654.5;-4145.443848
403828.7188;5863654.5;-4145.977539
403889.0313;5863654.5;-4146.623535
403949.3438;5863654.5;-4146.34082
404009.625;5863654.5;-4143.883301
404069.9375;5863654.5;-4139.132324
404130.25;5863654.5;-4132.423828
404190.5313;5863654.5;-4124.509277
404250.8438;5863654.5;-4117.066406
404311.125;5863654.5;-4111.039063
404371.4375;5863654.5;-4106.604004
404431.75;5863654.5;-4103.623535
404492.0313;5863654.5;-4101.723145
404552.3438;5863654.5;-4100.592773
404612.625;5863654.5;-4100.067871
404672.9375;5863654.5;-4099.982422
404733.25;5863654.5;-4100.367188
404793.5313;5863654.5;-4101.280273
404853.8438;5863654.5;-4102.537598
404914.1563;5863654.5;-4104.286621
404974.4375;5863654.5;-4106.68457
405034.75;5863654.5;-4109.405273
405095.0313;5863654.5;-4112.400391
405155.3438;5863654.5;-4115.745605
405215.6563;5863654.5;-4119.22998
405275.9375;5863654.5;-4122.725098
405336.25;5863654.5;-4125.838379
405396.5625;5863654.5;-4127.839355
405456.8438;5863654.5;-4128.734375
405517.1563;5863654.5;-4121.503906
405577.4375;5863654.5;-4122.217285
405637.75;5863654.5;-4123.226074
405698.0625;5863654.5;-4124.499023
405758.3438;5863654.5;-4138.507813
405818.6563;5863654.5;-4124.590332
405878.9688;5863654.5;-4125.450684
405939.25;5863654.5;-4125.969238
405999.5625;5863654.5;-4126.13623
406059.8438;5863654.5;-4126.104492
406120.1563;5863654.5;-4125.879883
406180.4688;5863654.5;-4125.530762
406240.75;5863654.5;-4125.217285
406301.0625;5863654.5;-4125.005859
406361.375;5863654.5;-4124.935059
406421.6563;5863654.5;-4125.04834
406481.9688;5863654.5;-4125.352051
406542.25;5863654.5;-4125.860352
406602.5625;5863654.5;-4126.549805
406662.875;5863654.5;-4127.358398
406723.1563;5863654.5;-4128.291992
406783.4688;5863654.5;-4129.341309
406843.7813;5863654.5;-4130.51709
406904.0625;5863654.5;-4131.810547
406964.375;5863654.5;-4133.189941
407024.6563;5863654.5;-4134.645996
407084.9688;5863654.5;-4136.163574
407145.2813;5863654.5;-4137.730469
407205.5625;5863654.5;-4139.333984
407265.875;5863654.5;-4140.968262
407326.1875;5863654.5;-4142.627441
407386.4688;5863654.5;-4144.28418
407446.7813;5863654.5;-4145.943848
407507.0625;5863654.5;-4147.597168
407567.375;5863654.5;-4149.213379
407627.6875;5863654.5;-4150.803711
407687.9688;5863654.5;-4152.367676
407748.2813;5863654.5;-4153.871582
407808.5938;5863654.5;-4155.319336
407868.875;5863654.5;-4156.716797
407929.1875;5863654.5;-4158.051758
407989.4688;5863654.5;-4159.335449
408049.7813;5863654.5;-4160.564453
408110.0938;5863654.5;-4161.726074
408170.375;5863654.5;-4162.825195
408230.6875;5863654.5;-4163.861816
408291;5863654.5;-4164.825195
408351.2813;5863654.5;-4165.730469
408411.5938;5863654.5;-4166.59082
408471.875;5863654.5;-4167.395996
408532.1875;5863654.5;-4168.132324
408592.5;5863654.5;-4168.81543
408652.7813;5863654.5;-4169.45459
408713.0938;5863654.5;-4170.04541
408773.4063;5863654.5;-4170.586914
408833.6875;5863654.5;-4171.085449
408894;5863654.5;-4171.542969
408954.2813;5863654.5;-4171.965332
409014.5938;5863654.5;-4172.346191
409074.9063;5863654.5;-4172.6875
409135.1875;5863654.5;-4172.992676
409195.5;5863654.5;-4173.260742
409255.8125;5863654.5;-4173.487305
409316.0938;5863654.5;-4173.678223
409376.4063;5863654.5;-4173.839355
401356.4063;5863715;-4158.349609
401416.6875;5863715;-4159.65332
401477;5863715;-4161.077148
401537.3125;5863715;-4162.65625
401597.5938;5863715;-4164.369141
401657.9063;5863715;-4166.129883
401718.2188;5863715;-4167.828613
401778.5;5863715;-4169.313965
401838.8125;5863715;-4170.351074
401899.0938;5863715;-4170.708496
401959.4063;5863715;-4170.12207
402019.7188;5863715;-4168.128418
402080;5863715;-4164.748047
402140.3125;5863715;-4160.816895
402200.625;5863715;-4156.674805
402260.9063;5863715;-4152.434082
402321.2188;5863715;-4148.593262
402381.5;5863715;-4145.541016
402441.8125;5863715;-4143.228516
402502.125;5863715;-4141.566895
402562.4063;5863715;-4140.277344
402622.7188;5863715;-4138.677734
402683.0313;5863715;-4136.105957
402743.3125;5863715;-4131.121582
402803.625;5863715;-4121.326172
402863.9063;5863715;-4109.459961
402924.2188;5863715;-4109.650391
402984.5313;5863715;-4116.695313
403044.8125;5863715;-4118.121582
403105.125;5863715;-4118.111328
403165.4375;5863715;-4119.425781
403225.7188;5863715;-4123.447754
403286.0313;5863715;-4129.20752
403346.3125;5863715;-4135.222168
403406.625;5863715;-4140.339844
403466.9375;5863715;-4143.680664
403527.2188;5863715;-4145.200684
403587.5313;5863715;-4145.480957
403647.8438;5863715;-4144.992676
403708.125;5863715;-4144.287109
403768.4375;5863715;-4143.798828
403828.7188;5863715;-4143.492188
403889.0313;5863715;-4143.129395
403949.3438;5863715;-4142.081543
404009.625;5863715;-4139.55957
404069.9375;5863715;-4135.540527
404130.25;5863715;-4130.291992
404190.5313;5863715;-4124.295898
404250.8438;5863715;-4118.546875
404311.125;5863715;-4113.635742
404371.4375;5863715;-4109.737793
404431.75;5863715;-4106.874023
404492.0313;5863715;-4104.865723
404552.3438;5863715;-4103.518066
404612.625;5863715;-4102.723633
404672.9375;5863715;-4102.358887
404733.25;5863715;-4102.477539
404793.5313;5863715;-4103.13623
404853.8438;5863715;-4104.164063
404914.1563;5863715;-4105.708496
404974.4375;5863715;-4107.915527
405034.75;5863715;-4110.47168
405095.0313;5863715;-4113.342285
405155.3438;5863715;-4116.592773
405215.6563;5863715;-4120.01709
405275.9375;5863715;-4123.474609
405336.25;5863715;-4126.591309
405396.5625;5863715;-4128.638672
405456.8438;5863715;-4129.584473
405517.1563;5863715;-4129.737305
405577.4375;5863715;-4122.582031
405637.75;5863715;-4123.285156
405698.0625;5863715;-4124.266113
405758.3438;5863715;-4122.931152
405818.6563;5863715;-4123.637207
405878.9688;5863715;-4124.328125
405939.25;5863715;-4124.790527
405999.5625;5863715;-4124.987305
406059.8438;5863715;-4125.050781
406120.1563;5863715;-4124.967773
406180.4688;5863715;-4124.77832
406240.75;5863715;-4124.617188
406301.0625;5863715;-4124.538086
406361.375;5863715;-4124.575195
406421.6563;5863715;-4124.773438
406481.9688;5863715;-4125.143066
406542.25;5863715;-4125.689453
406602.5625;5863715;-4126.398438
406662.875;5863715;-4127.22168
406723.1563;5863715;-4128.15625
406783.4688;5863715;-4129.19043
406843.7813;5863715;-4130.33252
406904.0625;5863715;-4131.58252
406964.375;5863715;-4132.909668
407024.6563;5863715;-4134.296387
407084.9688;5863715;-4135.745117
407145.2813;5863715;-4137.239746
407205.5625;5863715;-4138.764648
407265.875;5863715;-4140.321777
407326.1875;5863715;-4141.906738
407386.4688;5863715;-4143.490234
407446.7813;5863715;-4145.079102
407507.0625;5863715;-4146.665039
407567.375;5863715;-4148.219727
407627.6875;5863715;-4149.75293
407687.9688;5863715;-4151.263184
407748.2813;5863715;-4152.719727
407808.5938;5863715;-4154.126953
407868.875;5863715;-4155.48877
407929.1875;5863715;-4156.791992
407989.4688;5863715;-4158.049805
408049.7813;5863715;-4159.256836
408110.0938;5863715;-4160.400879
408170.375;5863715;-4161.485352
408230.6875;5863715;-4162.51123
408291;5863715;-4163.466797
408351.2813;5863715;-4164.368164
408411.5938;5863715;-4165.227539
408471.875;5863715;-4166.033203
408532.1875;5863715;-4166.771973
408592.5;5863715;-4167.459473
408652.7813;5863715;-4168.103516
408713.0938;5863715;-4168.70166
408773.4063;5863715;-4169.252441
408833.6875;5863715;-4169.757813
408894;5863715;-4170.224121
408954.2813;5863715;-4170.655762
409014.5938;5863715;-4171.046387
409074.9063;5863715;-4171.396484
409135.1875;5863715;-4171.710938
409195.5;5863715;-4171.986816
409255.8125;5863715;-4172.22168
409316.0938;5863715;-4172.421875
409376.4063;5863715;-4172.589844
401356.4063;5863775.5;-4157.737305
401416.6875;5863775.5;-4159.178711
401477;5863775.5;-4160.756836
401537.3125;5863775.5;-4162.529297
401597.5938;5863775.5;-4164.48584
401657.9063;5863775.5;-4166.522949
401718.2188;5863775.5;-4168.522949
401778.5;5863775.5;-4170.334961
401838.8125;5863775.5;-4171.729004
401899.0938;5863775.5;-4172.478516
401959.4063;5863775.5;-4172.240723
402019.7188;5863775.5;-4170.253418
402080;5863775.5;-4166.565918
402140.3125;5863775.5;-4162.335938
402200.625;5863775.5;-4157.971191
402260.9063;5863775.5;-4153.5625
402321.2188;5863775.5;-4149.55957
402381.5;5863775.5;-4146.311035
402441.8125;5863775.5;-4143.744141
402502.125;5863775.5;-4141.738281
402562.4063;5863775.5;-4140.030762
402622.7188;5863775.5;-4137.972168
402683.0313;5863775.5;-4134.791016
402743.3125;5863775.5;-4129.42041
402803.625;5863775.5;-4121.103516
402863.9063;5863775.5;-4111.73291
402924.2188;5863775.5;-4109.270996
402984.5313;5863775.5;-4111.75293
403044.8125;5863775.5;-4114.091309
403105.125;5863775.5;-4116.337891
403165.4375;5863775.5;-4119.435059
403225.7188;5863775.5;-4124.130371
403286.0313;5863775.5;-4129.708008
403346.3125;5863775.5;-4135.130371
403406.625;5863775.5;-4139.588867
403466.9375;5863775.5;-4142.483887
403527.2188;5863775.5;-4143.849609
403587.5313;5863775.5;-4144.157227
403647.8438;5863775.5;-4143.75293
403708.125;5863775.5;-4143.024902
403768.4375;5863775.5;-4142.267578
403828.7188;5863775.5;-4141.469238
403889.0313;5863775.5;-4140.510742
403949.3438;5863775.5;-4139.02002
404009.625;5863775.5;-4136.527344
404069.9375;5863775.5;-4133.076172
404130.25;5863775.5;-4128.855469
404190.5313;5863775.5;-4124.150391
404250.8438;5863775.5;-4119.554688
404311.125;5863775.5;-4115.462402
404371.4375;5863775.5;-4112.040527
404431.75;5863775.5;-4109.357422
404492.0313;5863775.5;-4107.32373
404552.3438;5863775.5;-4105.83252
404612.625;5863775.5;-4104.828125
404672.9375;5863775.5;-4104.22998
404733.25;5863775.5;-4104.106445
404793.5313;5863775.5;-4104.513672
404853.8438;5863775.5;-4105.295898
404914.1563;5863775.5;-4106.594727
404974.4375;5863775.5;-4108.545898
405034.75;5863775.5;-4110.859375
405095.0313;5863775.5;-4113.503906
405155.3438;5863775.5;-4116.524414
405215.6563;5863775.5;-4119.701172
405275.9375;5863775.5;-4122.850098
405336.25;5863775.5;-4125.660156
405396.5625;5863775.5;-4127.675293
405456.8438;5863775.5;-4128.849609
405517.1563;5863775.5;-4129.193359
405577.4375;5863775.5;-4129.416992
405637.75;5863775.5;-4123.07373
405698.0625;5863775.5;-4122.875
405758.3438;5863775.5;-4122.269043
405818.6563;5863775.5;-4122.786133
405878.9688;5863775.5;-4123.351563
405939.25;5863775.5;-4123.767578
405999.5625;5863775.5;-4123.986328
406059.8438;5863775.5;-4124.12793
406120.1563;5863775.5;-4124.163574
406180.4688;5863775.5;-4124.114258
406240.75;5863775.5;-4124.095703
406301.0625;5863775.5;-4124.148926
406361.375;5863775.5;-4124.296387
406421.6563;5863775.5;-4124.583008
406481.9688;5863775.5;-4125.019043
406542.25;5863775.5;-4125.603516
406602.5625;5863775.5;-4126.328613
406662.875;5863775.5;-4127.155273
406723.1563;5863775.5;-4128.078613
406783.4688;5863775.5;-4129.089844
406843.7813;5863775.5;-4130.195313
406904.0625;5863775.5;-4131.396973
406964.375;5863775.5;-4132.668945
407024.6563;5863775.5;-4133.992676
407084.9688;5863775.5;-4135.374512
407145.2813;5863775.5;-4136.802246
407205.5625;5863775.5;-4138.254883
407265.875;5863775.5;-4139.741699
407326.1875;5863775.5;-4141.255371
407386.4688;5863775.5;-4142.770996
407446.7813;5863775.5;-4144.293945
407507.0625;5863775.5;-4145.817383
407567.375;5863775.5;-4147.312988
407627.6875;5863775.5;-4148.791992
407687.9688;5863775.5;-4150.251465
407748.2813;5863775.5;-4151.661133
407808.5938;5863775.5;-4153.027344
407868.875;5863775.5;-4154.352539
407929.1875;5863775.5;-4155.625488
407989.4688;5863775.5;-4156.854004
408049.7813;5863775.5;-4158.037598
408110.0938;5863775.5;-4159.161621
408170.375;5863775.5;-4160.22998
408230.6875;5863775.5;-4161.242188
408291;5863775.5;-4162.188965
408351.2813;5863775.5;-4163.083008
408411.5938;5863775.5;-4163.9375
408471.875;5863775.5;-4164.740234
408532.1875;5863775.5;-4165.479492
408592.5;5863775.5;-4166.168457
408652.7813;5863775.5;-4166.81543
408713.0938;5863775.5;-4167.41748
408773.4063;5863775.5;-4167.972168
408833.6875;5863775.5;-4168.483398
408894;5863775.5;-4168.956543
408954.2813;5863775.5;-4169.394043
409014.5938;5863775.5;-4169.790527
409074.9063;5863775.5;-4170.147949
409135.1875;5863775.5;-4170.469238
409195.5;5863775.5;-4170.752441
409255.8125;5863775.5;-4170.992676
409316.0938;5863775.5;-4171.199219
409376.4063;5863775.5;-4171.372559
401356.4063;5863836.5;-4157.041504
401416.6875;5863836.5;-4158.555176
401477;5863836.5;-4160.216797
401537.3125;5863836.5;-4162.117188
401597.5938;5863836.5;-4164.249023
401657.9063;5863836.5;-4166.474121
401718.2188;5863836.5;-4168.655762
401778.5;5863836.5;-4170.641602
401838.8125;5863836.5;-4172.22998
401899.0938;5863836.5;-4173.271484
401959.4063;5863836.5;-4173.387207
402019.7188;5863836.5;-4171.473633
402080;5863836.5;-4167.603027
402140.3125;5863836.5;-4163.278809
402200.625;5863836.5;-4158.946777
402260.9063;5863836.5;-4154.646484
402321.2188;5863836.5;-4150.739746
402381.5;5863836.5;-4147.418457
402441.8125;5863836.5;-4144.583496
402502.125;5863836.5;-4142.177734
402562.4063;5863836.5;-4139.986816
402622.7188;5863836.5;-4137.477051
402683.0313;5863836.5;-4133.984375
402743.3125;5863836.5;-4128.786621
402803.625;5863836.5;-4122.049316
402863.9063;5863836.5;-4115.078613
402924.2188;5863836.5;-4111.981934
402984.5313;5863836.5;-4112.42627
403044.8125;5863836.5;-4114.484375
403105.125;5863836.5;-4117.376953
403165.4375;5863836.5;-4121.165527
403225.7188;5863836.5;-4125.963379
403286.0313;5863836.5;-4131.011719
403346.3125;5863836.5;-4135.593262
403406.625;5863836.5;-4139.212402
403466.9375;5863836.5;-4141.513184
403527.2188;5863836.5;-4142.588867
403587.5313;5863836.5;-4142.817383
403647.8438;5863836.5;-4142.437988
403708.125;5863836.5;-4141.712402
403768.4375;5863836.5;-4140.82959
403828.7188;5863836.5;-4139.786621
403889.0313;5863836.5;-4138.527344
403949.3438;5863836.5;-4136.828613
404009.625;5863836.5;-4134.419922
404069.9375;5863836.5;-4131.379883
404130.25;5863836.5;-4127.848145
404190.5313;5863836.5;-4123.993652
404250.8438;5863836.5;-4120.182617
404311.125;5863836.5;-4116.687012
404371.4375;5863836.5;-4113.650391
404431.75;5863836.5;-4111.146973
404492.0313;5863836.5;-4109.128418
404552.3438;5863836.5;-4107.553223
404612.625;5863836.5;-4106.404785
404672.9375;5863836.5;-4105.630371
404733.25;5863836.5;-4105.307129
404793.5313;5863836.5;-4105.486328
404853.8438;5863836.5;-4106.026367
404914.1563;5863836.5;-4107.061035
404974.4375;5863836.5;-4108.715332
405034.75;5863836.5;-4110.733398
405095.0313;5863836.5;-4113.084473
405155.3438;5863836.5;-4115.801758
405215.6563;5863836.5;-4118.666504
405275.9375;5863836.5;-4121.481445
405336.25;5863836.5;-4123.992676
405396.5625;5863836.5;-4125.945313
405456.8438;5863836.5;-4127.291016
405517.1563;5863836.5;-4127.85498
405577.4375;5863836.5;-4128.229004
405637.75;5863836.5;-4125.808594
405698.0625;5863836.5;-4121.01123
405758.3438;5863836.5;-4121.410156
405818.6563;5863836.5;-4121.831543
405878.9688;5863836.5;-4122.333496
405939.25;5863836.5;-4122.734863
405999.5625;5863836.5;-4122.984375
406059.8438;5863836.5;-4123.200684
406120.1563;5863836.5;-4123.345703
406180.4688;5863836.5;-4123.424316
406240.75;5863836.5;-4123.536133
406301.0625;5863836.5;-4123.712891
406361.375;5863836.5;-4123.966797
406421.6563;5863836.5;-4124.34082
406481.9688;5863836.5;-4124.841309
406542.25;5863836.5;-4125.467285
406602.5625;5863836.5;-4126.213867
406662.875;5863836.5;-4127.047852
406723.1563;5863836.5;-4127.966309
406783.4688;5863836.5;-4128.961426
406843.7813;5863836.5;-4130.035645
406904.0625;5863836.5;-4131.19873
406964.375;5863836.5;-4132.425781
407024.6563;5863836.5;-4133.697266
407084.9688;5863836.5;-4135.022461
407145.2813;5863836.5;-4136.391113
407205.5625;5863836.5;-4137.781738
407265.875;5863836.5;-4139.205078
407326.1875;5863836.5;-4140.656738
407386.4688;5863836.5;-4142.109863
407446.7813;5863836.5;-4143.573242
407507.0625;5863836.5;-4145.037598
407567.375;5863836.5;-4146.478516
407627.6875;5863836.5;-4147.906738
407687.9688;5863836.5;-4149.316895
407748.2813;5863836.5;-4150.682617
407808.5938;5863836.5;-4152.010254
407868.875;5863836.5;-4153.299316
407929.1875;5863836.5;-4154.540039
407989.4688;5863836.5;-4155.741211
408049.7813;5863836.5;-4156.899902
408110.0938;5863836.5;-4158.00293
408170.375;5863836.5;-4159.053711
408230.6875;5863836.5;-4160.05127
408291;5863836.5;-4160.987305
408351.2813;5863836.5;-4161.873047
408411.5938;5863836.5;-4162.721191
408471.875;5863836.5;-4163.519043
408532.1875;5863836.5;-4164.255859
408592.5;5863836.5;-4164.944824
408652.7813;5863836.5;-4165.592773
408713.0938;5863836.5;-4166.197266
408773.4063;5863836.5;-4166.755859
408833.6875;5863836.5;-4167.270508
408894;5863836.5;-4167.747559
408954.2813;5863836.5;-4168.19043
409014.5938;5863836.5;-4168.592773
409074.9063;5863836.5;-4168.95459
409135.1875;5863836.5;-4169.281738
409195.5;5863836.5;-4169.569824
409255.8125;5863836.5;-4169.81543
409316.0938;5863836.5;-4170.026855
409376.4063;5863836.5;-4170.205566
401356.4063;5863897;-4156.327637
401416.6875;5863897;-4157.84668
401477;5863897;-4159.513672
401537.3125;5863897;-4161.470215
401597.5938;5863897;-4163.705078
401657.9063;5863897;-4166.02002
401718.2188;5863897;-4168.253906
401778.5;5863897;-4170.243164
401838.8125;5863897;-4171.788574
401899.0938;5863897;-4172.776855
401959.4063;5863897;-4172.900391
402019.7188;5863897;-4171.132324
402080;5863897;-4167.540527
402140.3125;5863897;-4163.528809
402200.625;5863897;-4159.492188
402260.9063;5863897;-4155.473633
402321.2188;5863897;-4151.792969
402381.5;5863897;-4148.541992
402441.8125;5863897;-4145.60791
402502.125;5863897;-4142.972656
402562.4063;5863897;-4140.473145
402622.7188;5863897;-4137.724121
402683.0313;5863897;-4134.244141
402743.3125;5863897;-4129.611328
402803.625;5863897;-4124.073242
402863.9063;5863897;-4119.233398
402924.2188;5863897;-4116.315918
402984.5313;5863897;-4116.000977
403044.8125;5863897;-4117.646973
403105.125;5863897;-4120.479492
403165.4375;5863897;-4124.20459
403225.7188;5863897;-4128.536133
403286.0313;5863897;-4132.713379
403346.3125;5863897;-4136.278809
403406.625;5863897;-4138.977539
403466.9375;5863897;-4140.634766
403527.2188;5863897;-4141.368164
403587.5313;5863897;-4141.462402
403647.8438;5863897;-4141.071777
403708.125;5863897;-4140.357422
403768.4375;5863897;-4139.429199
403828.7188;5863897;-4138.282227
403889.0313;5863897;-4136.89502
403949.3438;5863897;-4135.130859
404009.625;5863897;-4132.839355
404069.9375;5863897;-4130.11377
404130.25;5863897;-4127.063477
404190.5313;5863897;-4123.791992
404250.8438;5863897;-4120.532715
404311.125;5863897;-4117.476563
404371.4375;5863897;-4114.741211
404431.75;5863897;-4112.394043
404492.0313;5863897;-4110.413574
404552.3438;5863897;-4108.797852
404612.625;5863897;-4107.557129
404672.9375;5863897;-4106.654785
404733.25;5863897;-4106.166504
404793.5313;5863897;-4106.141113
404853.8438;5863897;-4106.449219
404914.1563;5863897;-4107.215332
404974.4375;5863897;-4108.555176
405034.75;5863897;-4110.24707
405095.0313;5863897;-4112.270508
405155.3438;5863897;-4114.65918
405215.6563;5863897;-4117.212891
405275.9375;5863897;-4119.73584
405336.25;5863897;-4122.024414
405396.5625;5863897;-4123.908691
405456.8438;5863897;-4125.34375
405517.1563;5863897;-4126.094238
405577.4375;5863897;-4126.150391
405637.75;5863897;-4119.66748
405698.0625;5863897;-4119.986328
405758.3438;5863897;-4120.376465
405818.6563;5863897;-4120.77002
405878.9688;5863897;-4121.254883
405939.25;5863897;-4121.669434
405999.5625;5863897;-4121.963379
406059.8438;5863897;-4122.257324
406120.1563;5863897;-4122.506836
406180.4688;5863897;-4122.703125
406240.75;5863897;-4122.936035
406301.0625;5863897;-4123.227051
406361.375;5863897;-4123.580566
406421.6563;5863897;-4124.035645
406481.9688;5863897;-4124.600098
406542.25;5863897;-4125.269043
406602.5625;5863897;-4126.041016
406662.875;5863897;-4126.888184
406723.1563;5863897;-4127.809082
406783.4688;5863897;-4128.79541
406843.7813;5863897;-4129.849609
406904.0625;5863897;-4130.982422
406964.375;5863897;-4132.172852
407024.6563;5863897;-4133.399902
407084.9688;5863897;-4134.677246
407145.2813;5863897;-4135.995605
407205.5625;5863897;-4137.331543
407265.875;5863897;-4138.699219
407326.1875;5863897;-4140.095703
407386.4688;5863897;-4141.493164
407446.7813;5863897;-4142.900879
407507.0625;5863897;-4144.312012
407567.375;5863897;-4145.703125
407627.6875;5863897;-4147.082031
407687.9688;5863897;-4148.445801
407748.2813;5863897;-4149.769531
407808.5938;5863897;-4151.058594
407868.875;5863897;-4152.314453
407929.1875;5863897;-4153.523926
407989.4688;5863897;-4154.696777
408049.7813;5863897;-4155.831055
408110.0938;5863897;-4156.912598
408170.375;5863897;-4157.945313
408230.6875;5863897;-4158.928223
408291;5863897;-4159.852051
408351.2813;5863897;-4160.728027
408411.5938;5863897;-4161.568359
408471.875;5863897;-4162.361328
408532.1875;5863897;-4163.095215
408592.5;5863897;-4163.782227
408652.7813;5863897;-4164.429688
408713.0938;5863897;-4165.03418
408773.4063;5863897;-4165.595215
408833.6875;5863897;-4166.11377
408894;5863897;-4166.59375
408954.2813;5863897;-4167.040039
409014.5938;5863897;-4167.446777
409074.9063;5863897;-4167.813965
409135.1875;5863897;-4168.145508
409195.5;5863897;-4168.4375
409255.8125;5863897;-4168.6875
409316.0938;5863897;-4168.90332
409376.4063;5863897;-4169.086426
401356.4063;5863957.5;-4155.692871
401416.6875;5863957.5;-4157.164063
401477;5863957.5;-4158.772949
401537.3125;5863957.5;-4160.71582
401597.5938;5863957.5;-4162.971191
401657.9063;5863957.5;-4165.274414
401718.2188;5863957.5;-4167.447754
401778.5;5863957.5;-4169.31543
401838.8125;5863957.5;-4170.656738
401899.0938;5863957.5;-4171.339844
401959.4063;5863957.5;-4171.181641
402019.7188;5863957.5;-4169.603516
402080;5863957.5;-4166.65332
402140.3125;5863957.5;-4163.237793
402200.625;5863957.5;-4159.656738
402260.9063;5863957.5;-4156.016113
402321.2188;5863957.5;-4152.626465
402381.5;5863957.5;-4149.556152
402441.8125;5863957.5;-4146.702148
402502.125;5863957.5;-4144.061523
402562.4063;5863957.5;-4141.523438
402622.7188;5863957.5;-4138.82666
402683.0313;5863957.5;-4135.657715
402743.3125;5863957.5;-4131.793945
402803.625;5863957.5;-4127.621094
402863.9063;5863957.5;-4123.918945
402924.2188;5863957.5;-4121.503418
402984.5313;5863957.5;-4121
403044.8125;5863957.5;-4122.274902
403105.125;5863957.5;-4124.688965
403165.4375;5863957.5;-4127.835449
403225.7188;5863957.5;-4131.295898
403286.0313;5863957.5;-4134.40918
403346.3125;5863957.5;-4136.923828
403406.625;5863957.5;-4138.743164
403466.9375;5863957.5;-4139.793457
403527.2188;5863957.5;-4140.193359
403587.5313;5863957.5;-4140.141113
403647.8438;5863957.5;-4139.713867
403708.125;5863957.5;-4139.004883
403768.4375;5863957.5;-4138.069336
403828.7188;5863957.5;-4136.891602
403889.0313;5863957.5;-4135.469727
403949.3438;5863957.5;-4133.719727
404009.625;5863957.5;-4131.557617
404069.9375;5863957.5;-4129.082031
404130.25;5863957.5;-4126.381348
404190.5313;5863957.5;-4123.520996
404250.8438;5863957.5;-4120.655762
404311.125;5863957.5;-4117.92041
404371.4375;5863957.5;-4115.413086
404431.75;5863957.5;-4113.192871
404492.0313;5863957.5;-4111.255859
404552.3438;5863957.5;-4109.622559
404612.625;5863957.5;-4108.314453
404672.9375;5863957.5;-4107.306641
404733.25;5863957.5;-4106.671387
404793.5313;5863957.5;-4106.447754
404853.8438;5863957.5;-4106.525879
404914.1563;5863957.5;-4107.016602
404974.4375;5863957.5;-4108.026367
405034.75;5863957.5;-4109.371582
405095.0313;5863957.5;-4111.043457
405155.3438;5863957.5;-4113.092773
405215.6563;5863957.5;-4115.348633
405275.9375;5863957.5;-4117.610352
405336.25;5863957.5;-4119.69873
405396.5625;5863957.5;-4121.492676
405456.8438;5863957.5;-4122.952148
405517.1563;5863957.5;-4123.882324
405577.4375;5863957.5;-4118.31543
405637.75;5863957.5;-4118.537598
405698.0625;5863957.5;-4118.933594
405758.3438;5863957.5;-4119.36377
405818.6563;5863957.5;-4119.775391
405878.9688;5863957.5;-4120.276855
405939.25;5863957.5;-4120.72168
405999.5625;5863957.5;-4121.068359
406059.8438;5863957.5;-4121.438477
406120.1563;5863957.5;-4121.78418
406180.4688;5863957.5;-4122.086426
406240.75;5863957.5;-4122.424805
406301.0625;5863957.5;-4122.816406
406361.375;5863957.5;-4123.256836
406421.6563;5863957.5;-4123.782715
406481.9688;5863957.5;-4124.400879
406542.25;5863957.5;-4125.106445
406602.5625;5863957.5;-4125.896973
406662.875;5863957.5;-4126.752441
406723.1563;5863957.5;-4127.670898
406783.4688;5863957.5;-4128.645508
406843.7813;5863957.5;-4129.679199
406904.0625;5863957.5;-4130.783691
406964.375;5863957.5;-4131.938477
407024.6563;5863957.5;-4133.125
407084.9688;5863957.5;-4134.359375
407145.2813;5863957.5;-4135.630859
407205.5625;5863957.5;-4136.916992
407265.875;5863957.5;-4138.233887
407326.1875;5863957.5;-4139.57959
407386.4688;5863957.5;-4140.92627
407446.7813;5863957.5;-4142.283203
407507.0625;5863957.5;-4143.644531
407567.375;5863957.5;-4144.987793
407627.6875;5863957.5;-4146.320801
407687.9688;5863957.5;-4147.641113
407748.2813;5863957.5;-4148.925781
407808.5938;5863957.5;-4150.177734
407868.875;5863957.5;-4151.398926
407929.1875;5863957.5;-4152.578125
407989.4688;5863957.5;-4153.724121
408049.7813;5863957.5;-4154.832031
408110.0938;5863957.5;-4155.891602
408170.375;5863957.5;-4156.904785
408230.6875;5863957.5;-4157.870605
408291;5863957.5;-4158.78125
408351.2813;5863957.5;-4159.646973
408411.5938;5863957.5;-4160.477539
408471.875;5863957.5;-4161.262695
408532.1875;5863957.5;-4161.991699
408592.5;5863957.5;-4162.674805
408652.7813;5863957.5;-4163.320313
408713.0938;5863957.5;-4163.924316
408773.4063;5863957.5;-4164.485352
408833.6875;5863957.5;-4165.004395
408894;5863957.5;-4165.486816
408954.2813;5863957.5;-4165.935059
409014.5938;5863957.5;-4166.344238
409074.9063;5863957.5;-4166.713379
409135.1875;5863957.5;-4167.04834
409195.5;5863957.5;-4167.343262
409255.8125;5863957.5;-4167.595703
409316.0938;5863957.5;-4167.813965
409376.4063;5863957.5;-4168.000488
401356.4063;5864018;-4155.25
401416.6875;5864018;-4156.672363
401477;5864018;-4158.217773
401537.3125;5864018;-4160.077148
401597.5938;5864018;-4162.22168
401657.9063;5864018;-4164.38623
401718.2188;5864018;-4166.393555
401778.5;5864018;-4168.071289
401838.8125;5864018;-4169.199707
401899.0938;5864018;-4169.651367
401959.4063;5864018;-4169.319336
402019.7188;5864018;-4167.935059
402080;5864018;-4165.530273
402140.3125;5864018;-4162.646484
402200.625;5864018;-4159.520996
402260.9063;5864018;-4156.279785
402321.2188;5864018;-4153.204102
402381.5;5864018;-4150.368164
402441.8125;5864018;-4147.695313
402502.125;5864018;-4145.199707
402562.4063;5864018;-4142.822266
402622.7188;5864018;-4140.388184
402683.0313;5864018;-4137.705078
402743.3125;5864018;-4134.659668
402803.625;5864018;-4131.539063
402863.9063;5864018;-4128.799316
402924.2188;5864018;-4126.942383
402984.5313;5864018;-4126.444336
403044.8125;5864018;-4127.331055
403105.125;5864018;-4129.091309
403165.4375;5864018;-4131.36377
403225.7188;5864018;-4133.771484
403286.0313;5864018;-4135.80957
403346.3125;5864018;-4137.366211
403406.625;5864018;-4138.426758
403466.9375;5864018;-4138.962402
403527.2188;5864018;-4139.069336
403587.5313;5864018;-4138.870117
403647.8438;5864018;-4138.386719
403708.125;5864018;-4137.669434
403768.4375;5864018;-4136.736328
403828.7188;5864018;-4135.563965
403889.0313;5864018;-4134.157227
403949.3438;5864018;-4132.461426
404009.625;5864018;-4130.428711
404069.9375;5864018;-4128.155273
404130.25;5864018;-4125.713867
404190.5313;5864018;-4123.148926
404250.8438;5864018;-4120.567871
404311.125;5864018;-4118.073242
404371.4375;5864018;-4115.744629
404431.75;5864018;-4113.633789
404492.0313;5864018;-4111.747559
404552.3438;5864018;-4110.116211
404612.625;5864018;-4108.763672
404672.9375;5864018;-4107.67334
404733.25;5864018;-4106.90918
404793.5313;5864018;-4106.507324
404853.8438;5864018;-4106.371094
404914.1563;5864018;-4106.600098
404974.4375;5864018;-4107.289551
405034.75;5864018;-4108.291504
405095.0313;5864018;-4109.608887
405155.3438;5864018;-4111.339844
405215.6563;5864018;-4113.348145
405275.9375;5864018;-4115.398926
405336.25;5864018;-4117.316895
405396.5625;5864018;-4119.018555
405456.8438;5864018;-4120.471191
405517.1563;5864018;-4116.635742
405577.4375;5864018;-4117.056152
405637.75;5864018;-4117.38916
405698.0625;5864018;-4117.87207
405758.3438;5864018;-4118.361328
405818.6563;5864018;-4118.812988
405878.9688;5864018;-4119.348633
405939.25;5864018;-4119.838379
405999.5625;5864018;-4120.243652
406059.8438;5864018;-4120.688477
406120.1563;5864018;-4121.12207
406180.4688;5864018;-4121.516113
406240.75;5864018;-4121.949219
406301.0625;5864018;-4122.428223
406361.375;5864018;-4122.945313
406421.6563;5864018;-4123.532227
406481.9688;5864018;-4124.198242
406542.25;5864018;-4124.93457
406602.5625;5864018;-4125.742676
406662.875;5864018;-4126.60498
406723.1563;5864018;-4127.521973
406783.4688;5864018;-4128.487305
406843.7813;5864018;-4129.50293
406904.0625;5864018;-4130.58252
406964.375;5864018;-4131.70752
407024.6563;5864018;-4132.858887
407084.9688;5864018;-4134.054199
407145.2813;5864018;-4135.28418
407205.5625;5864018;-4136.526367
407265.875;5864018;-4137.797852
407326.1875;5864018;-4139.09668
407386.4688;5864018;-4140.396484
407446.7813;5864018;-4141.706543
407507.0625;5864018;-4143.021973
407567.375;5864018;-4144.321289
407627.6875;5864018;-4145.611816
407687.9688;5864018;-4146.891602
407748.2813;5864018;-4148.137695
407808.5938;5864018;-4149.354492
407868.875;5864018;-4150.541992
407929.1875;5864018;-4151.691895
407989.4688;5864018;-4152.810059
408049.7813;5864018;-4153.893066
408110.0938;5864018;-4154.929688
408170.375;5864018;-4155.92334
408230.6875;5864018;-4156.87207
408291;5864018;-4157.769531
408351.2813;5864018;-4158.623047
408411.5938;5864018;-4159.443359
408471.875;5864018;-4160.220215
408532.1875;5864018;-4160.942383
408592.5;5864018;-4161.621582
408652.7813;5864018;-4162.263672
408713.0938;5864018;-4162.865723
408773.4063;5864018;-4163.424316
408833.6875;5864018;-4163.943359
408894;5864018;-4164.42627
408954.2813;5864018;-4164.875977
409014.5938;5864018;-4165.285645
409074.9063;5864018;-4165.656738
409135.1875;5864018;-4165.993652
409195.5;5864018;-4166.291504
409255.8125;5864018;-4166.545898
409316.0938;5864018;-4166.766602
409376.4063;5864018;-4166.956055
401356.4063;5864078.5;-4155.046387
401416.6875;5864078.5;-4156.429199
401477;5864078.5;-4157.916992
401537.3125;5864078.5;-4159.637695
401597.5938;5864078.5;-4161.560547
401657.9063;5864078.5;-4163.484863
401718.2188;5864078.5;-4165.255371
401778.5;5864078.5;-4166.707031
401838.8125;5864078.5;-4167.642578
401899.0938;5864078.5;-4167.959961
401959.4063;5864078.5;-4167.590332
402019.7188;5864078.5;-4166.382324
402080;5864078.5;-4164.359863
402140.3125;5864078.5;-4161.891602
402200.625;5864078.5;-4159.168945
402260.9063;5864078.5;-4156.30127
402321.2188;5864078.5;-4153.522949
402381.5;5864078.5;-4150.917969
402441.8125;5864078.5;-4148.448242
402502.125;5864078.5;-4146.147461
402562.4063;5864078.5;-4143.99707
402622.7188;5864078.5;-4141.882813
402683.0313;5864078.5;-4139.694336
402743.3125;5864078.5;-4137.375488
402803.625;5864078.5;-4135.094727
402863.9063;5864078.5;-4133.10498
402924.2188;5864078.5;-4131.697754
402984.5313;5864078.5;-4131.213867
403044.8125;5864078.5;-4131.697266
403105.125;5864078.5;-4132.753906
403165.4375;5864078.5;-4134.136719
403225.7188;5864078.5;-4135.571777
403286.0313;5864078.5;-4136.70459
403346.3125;5864078.5;-4137.503418
403406.625;5864078.5;-4137.982422
403466.9375;5864078.5;-4138.125488
403527.2188;5864078.5;-4138.000488
403587.5313;5864078.5;-4137.67041
403647.8438;5864078.5;-4137.121094
403708.125;5864078.5;-4136.378906
403768.4375;5864078.5;-4135.444336
403828.7188;5864078.5;-4134.285156
403889.0313;5864078.5;-4132.908203
403949.3438;5864078.5;-4131.275879
404009.625;5864078.5;-4129.361328
404069.9375;5864078.5;-4127.252441
404130.25;5864078.5;-4125.010742
404190.5313;5864078.5;-4122.667969
404250.8438;5864078.5;-4120.304199
404311.125;5864078.5;-4117.99707
404371.4375;5864078.5;-4115.815918
404431.75;5864078.5;-4113.804688
404492.0313;5864078.5;-4111.974121
404552.3438;5864078.5;-4110.35498
404612.625;5864078.5;-4108.974609
404672.9375;5864078.5;-4107.819824
404733.25;5864078.5;-4106.947754
404793.5313;5864078.5;-4106.391113
404853.8438;5864078.5;-4106.070313
404914.1563;5864078.5;-4106.07373
404974.4375;5864078.5;-4106.478516
405034.75;5864078.5;-4107.163574
405095.0313;5864078.5;-4108.15918
405155.3438;5864078.5;-4109.614258
405215.6563;5864078.5;-4111.433105
405275.9375;5864078.5;-4113.320801
405336.25;5864078.5;-4115.099121
405396.5625;5864078.5;-4116.710938
405456.8438;5864078.5;-4114.755371
405517.1563;5864078.5;-4115.367676
405577.4375;5864078.5;-4115.876465
405637.75;5864078.5;-4116.294922
405698.0625;5864078.5;-4116.851074
405758.3438;5864078.5;-4117.397461
405818.6563;5864078.5;-4117.894531
405878.9688;5864078.5;-4118.470703
405939.25;5864078.5;-4119.008301
405999.5625;5864078.5;-4119.471191
406059.8438;5864078.5;-4119.984863
406120.1563;5864078.5;-4120.49707
406180.4688;5864078.5;-4120.972656
406240.75;5864078.5;-4121.486328
406301.0625;5864078.5;-4122.041992
406361.375;5864078.5;-4122.625
406421.6563;5864078.5;-4123.26709
406481.9688;5864078.5;-4123.974121
406542.25;5864078.5;-4124.739258
406602.5625;5864078.5;-4125.564941
406662.875;5864078.5;-4126.435059
406723.1563;5864078.5;-4127.352539
406783.4688;5864078.5;-4128.312012
406843.7813;5864078.5;-4129.313477
406904.0625;5864078.5;-4130.373047
406964.375;5864078.5;-4131.472168
407024.6563;5864078.5;-4132.594238
407084.9688;5864078.5;-4133.755859
407145.2813;5864078.5;-4134.949707
407205.5625;5864078.5;-4136.153809
407265.875;5864078.5;-4137.384277
407326.1875;5864078.5;-4138.640625
407386.4688;5864078.5;-4139.898438
407446.7813;5864078.5;-4141.166016
407507.0625;5864078.5;-4142.438965
407567.375;5864078.5;-4143.697266
407627.6875;5864078.5;-4144.947754
407687.9688;5864078.5;-4146.188965
407748.2813;5864078.5;-4147.398438
407808.5938;5864078.5;-4148.582031
407868.875;5864078.5;-4149.73877
407929.1875;5864078.5;-4150.859375
407989.4688;5864078.5;-4151.949219
408049.7813;5864078.5;-4153.007813
408110.0938;5864078.5;-4154.023438
408170.375;5864078.5;-4154.996582
408230.6875;5864078.5;-4155.929688
408291;5864078.5;-4156.812012
408351.2813;5864078.5;-4157.653809
408411.5938;5864078.5;-4158.463379
408471.875;5864078.5;-4159.230469
408532.1875;5864078.5;-4159.946777
408592.5;5864078.5;-4160.621094
408652.7813;5864078.5;-4161.258789
408713.0938;5864078.5;-4161.856934
408773.4063;5864078.5;-4162.414551
408833.6875;5864078.5;-4162.932617
408894;5864078.5;-4163.415527
408954.2813;5864078.5;-4163.864746
409014.5938;5864078.5;-4164.275391
409074.9063;5864078.5;-4164.648438
409135.1875;5864078.5;-4164.986328
409195.5;5864078.5;-4165.285645
409255.8125;5864078.5;-4165.542969
409316.0938;5864078.5;-4165.766113
409376.4063;5864078.5;-4165.95752
401356.4063;5864139.5;-4155.010742
401416.6875;5864139.5;-4156.322754
401477;5864139.5;-4157.716309
401537.3125;5864139.5;-4159.265625
401597.5938;5864139.5;-4160.941406
401657.9063;5864139.5;-4162.599121
401718.2188;5864139.5;-4164.111816
401778.5;5864139.5;-4165.333008
401838.8125;5864139.5;-4166.09082
401899.0938;5864139.5;-4166.3125
401959.4063;5864139.5;-4165.952148
402019.7188;5864139.5;-4164.901855
402080;5864139.5;-4163.177246
402140.3125;5864139.5;-4161.058594
402200.625;5864139.5;-4158.694824
402260.9063;5864139.5;-4156.166504
402321.2188;5864139.5;-4153.665527
402381.5;5864139.5;-4151.284668
402441.8125;5864139.5;-4149.014648
402502.125;5864139.5;-4146.906738
402562.4063;5864139.5;-4144.974121
402622.7188;5864139.5;-4143.144043
402683.0313;5864139.5;-4141.350586
402743.3125;5864139.5;-4139.564453
402803.625;5864139.5;-4137.87207
402863.9063;5864139.5;-4136.396973
402924.2188;5864139.5;-4135.293945
402984.5313;5864139.5;-4134.787598
403044.8125;5864139.5;-4134.90625
403105.125;5864139.5;-4135.364746
403165.4375;5864139.5;-4136.019043
403225.7188;5864139.5;-4136.691406
403286.0313;5864139.5;-4137.147949
403346.3125;5864139.5;-4137.397949
403406.625;5864139.5;-4137.461914
403466.9375;5864139.5;-4137.320801
403527.2188;5864139.5;-4137.015625
403587.5313;5864139.5;-4136.574219
403647.8438;5864139.5;-4135.95752
403708.125;5864139.5;-4135.181641
403768.4375;5864139.5;-4134.233887
403828.7188;5864139.5;-4133.080566
403889.0313;5864139.5;-4131.72998
403949.3438;5864139.5;-4130.15625
404009.625;5864139.5;-4128.341797
404069.9375;5864139.5;-4126.366211
404130.25;5864139.5;-4124.283203
404190.5313;5864139.5;-4122.115723
404250.8438;5864139.5;-4119.92334
404311.125;5864139.5;-4117.767578
404371.4375;5864139.5;-4115.708496
404431.75;5864139.5;-4113.782715
404492.0313;5864139.5;-4112.001465
404552.3438;5864139.5;-4110.395508
404612.625;5864139.5;-4108.991699
404672.9375;5864139.5;-4107.779785
404733.25;5864139.5;-4106.81543
404793.5313;5864139.5;-4106.12793
404853.8438;5864139.5;-4105.656738
404914.1563;5864139.5;-4105.483398
404974.4375;5864139.5;-4105.677734
405034.75;5864139.5;-4106.138672
405095.0313;5864139.5;-4106.90625
405155.3438;5864139.5;-4108.138672
405215.6563;5864139.5;-4109.755371
405275.9375;5864139.5;-4111.470215
405336.25;5864139.5;-4113.062012
405396.5625;5864139.5;-4112.901367
405456.8438;5864139.5;-4113.460938
405517.1563;5864139.5;-4114.165039
405577.4375;5864139.5;-4114.779297
405637.75;5864139.5;-4115.304688
405698.0625;5864139.5;-4115.938477
405758.3438;5864139.5;-4116.549805
405818.6563;5864139.5;-4117.105469
405878.9688;5864139.5;-4117.730469
405939.25;5864139.5;-4118.318359
405999.5625;5864139.5;-4118.839844
406059.8438;5864139.5;-4119.415039
406120.1563;5864139.5;-4119.993164
406180.4688;5864139.5;-4120.537109
406240.75;5864139.5;-4121.117188
406301.0625;5864139.5;-4121.73291
406361.375;5864139.5;-4122.367188
406421.6563;5864139.5;-4123.05127
406481.9688;5864139.5;-4123.790039
406542.25;5864139.5;-4124.576172
406602.5625;5864139.5;-4125.412598
406662.875;5864139.5;-4126.288574
406723.1563;5864139.5;-4127.203125
406783.4688;5864139.5;-4128.154297
406843.7813;5864139.5;-4129.143555
406904.0625;5864139.5;-4130.182129
406964.375;5864139.5;-4131.257324
407024.6563;5864139.5;-4132.351074
407084.9688;5864139.5;-4133.481934
407145.2813;5864139.5;-4134.64209
407205.5625;5864139.5;-4135.810547
407265.875;5864139.5;-4137.003906
407326.1875;5864139.5;-4138.220703
407386.4688;5864139.5;-4139.438965
407446.7813;5864139.5;-4140.666992
407507.0625;5864139.5;-4141.900391
407567.375;5864139.5;-4143.120605
407627.6875;5864139.5;-4144.333496
407687.9688;5864139.5;-4145.537109
407748.2813;5864139.5;-4146.712402
407808.5938;5864139.5;-4147.862793
407868.875;5864139.5;-4148.98877
407929.1875;5864139.5;-4150.080566
407989.4688;5864139.5;-4151.144531
408049.7813;5864139.5;-4152.178711
408110.0938;5864139.5;-4153.171875
408170.375;5864139.5;-4154.126465
408230.6875;5864139.5;-4155.040527
408291;5864139.5;-4155.908691
408351.2813;5864139.5;-4156.736816
408411.5938;5864139.5;-4157.535156
408471.875;5864139.5;-4158.292969
408532.1875;5864139.5;-4159.000488
408592.5;5864139.5;-4159.668457
408652.7813;5864139.5;-4160.300293
408713.0938;5864139.5;-4160.89502
408773.4063;5864139.5;-4161.449707
408833.6875;5864139.5;-4161.965332
408894;5864139.5;-4162.446289
408954.2813;5864139.5;-4162.894531
409014.5938;5864139.5;-4163.305176
409074.9063;5864139.5;-4163.678223
409135.1875;5864139.5;-4164.016113
409195.5;5864139.5;-4164.316895
409255.8125;5864139.5;-4164.574707
409316.0938;5864139.5;-4164.799805
409376.4063;5864139.5;-4164.993164
401356.4063;5864200;-4155.077637
401416.6875;5864200;-4156.280762
401477;5864200;-4157.546387
401537.3125;5864200;-4158.912109
401597.5938;5864200;-4160.348145
401657.9063;5864200;-4161.748047
401718.2188;5864200;-4163.010742
401778.5;5864200;-4164.01416
401838.8125;5864200;-4164.610352
401899.0938;5864200;-4164.752441
401959.4063;5864200;-4164.408691
402019.7188;5864200;-4163.494141
402080;5864200;-4162.01709
402140.3125;5864200;-4160.197266
402200.625;5864200;-4158.145508
402260.9063;5864200;-4155.916992
402321.2188;5864200;-4153.666504
402381.5;5864200;-4151.489746
402441.8125;5864200;-4149.398926
402502.125;5864200;-4147.45459
402562.4063;5864200;-4145.691895
402622.7188;5864200;-4144.066406
402683.0313;5864200;-4142.540039
402743.3125;5864200;-4141.094727
402803.625;5864200;-4139.769043
402863.9063;5864200;-4138.607422
402924.2188;5864200;-4137.680664
402984.5313;5864200;-4137.124512
403044.8125;5864200;-4136.950195
403105.125;5864200;-4136.962402
403165.4375;5864200;-4137.089355
403225.7188;5864200;-4137.224609
403286.0313;5864200;-4137.217773
403346.3125;5864200;-4137.099121
403406.625;5864200;-4136.883301
403466.9375;5864200;-4136.543945
403527.2188;5864200;-4136.10498
403587.5313;5864200;-4135.571777
403647.8438;5864200;-4134.89209
403708.125;5864200;-4134.07666
403768.4375;5864200;-4133.106934
403828.7188;5864200;-4131.952637
403889.0313;5864200;-4130.62207
403949.3438;5864200;-4129.094727
404009.625;5864200;-4127.362305
404069.9375;5864200;-4125.494629
404130.25;5864200;-4123.537598
404190.5313;5864200;-4121.507813
404250.8438;5864200;-4119.452148
404311.125;5864200;-4117.419922
404371.4375;5864200;-4115.459961
404431.75;5864200;-4113.605469
404492.0313;5864200;-4111.866211
404552.3438;5864200;-4110.270508
404612.625;5864200;-4108.842773
404672.9375;5864200;-4107.57959
404733.25;5864200;-4106.532227
404793.5313;5864200;-4105.73291
404853.8438;5864200;-4105.143066
404914.1563;5864200;-4104.847656
404974.4375;5864200;-4104.910645
405034.75;5864200;-4105.256836
405095.0313;5864200;-4105.912109
405155.3438;5864200;-4106.956055
405215.6563;5864200;-4108.35498
405275.9375;5864200;-4109.871582
405336.25;5864200;-4110.738281
405396.5625;5864200;-4111.563965
405456.8438;5864200;-4112.289063
405517.1563;5864200;-4113.087891
405577.4375;5864200;-4113.808105
405637.75;5864200;-4114.442871
405698.0625;5864200;-4115.148438
405758.3438;5864200;-4115.822266
405818.6563;5864200;-4116.438477
405878.9688;5864200;-4117.110352
405939.25;5864200;-4117.746094
405999.5625;5864200;-4118.321289
406059.8438;5864200;-4118.949707
406120.1563;5864200;-4119.580078
406180.4688;5864200;-4120.180176
406240.75;5864200;-4120.812012
406301.0625;5864200;-4121.474609
406361.375;5864200;-4122.149414
406421.6563;5864200;-4122.865723
406481.9688;5864200;-4123.629395
406542.25;5864200;-4124.429688
406602.5625;5864200;-4125.273926
406662.875;5864200;-4126.151855
406723.1563;5864200;-4127.063477
406783.4688;5864200;-4128.005859
406843.7813;5864200;-4128.982422
406904.0625;5864200;-4130.00293
406964.375;5864200;-4131.055176
407024.6563;5864200;-4132.124023
407084.9688;5864200;-4133.226074
407145.2813;5864200;-4134.354492
407205.5625;5864200;-4135.490234
407265.875;5864200;-4136.649902
407326.1875;5864200;-4137.831055
407386.4688;5864200;-4139.013672
407446.7813;5864200;-4140.20459
407507.0625;5864200;-4141.400879
407567.375;5864200;-4142.584961
407627.6875;5864200;-4143.762207
407687.9688;5864200;-4144.931152
407748.2813;5864200;-4146.074219
407808.5938;5864200;-4147.192383
407868.875;5864200;-4148.288574
407929.1875;5864200;-4149.353516
407989.4688;5864200;-4150.392578
408049.7813;5864200;-4151.401855
408110.0938;5864200;-4152.373535
408170.375;5864200;-4153.308105
408230.6875;5864200;-4154.205566
408291;5864200;-4155.057617
408351.2813;5864200;-4155.872559
408411.5938;5864200;-4156.658691
408471.875;5864200;-4157.405273
408532.1875;5864200;-4158.104492
408592.5;5864200;-4158.765137
408652.7813;5864200;-4159.391113
408713.0938;5864200;-4159.981445
408773.4063;5864200;-4160.530762
408833.6875;5864200;-4161.042969
408894;5864200;-4161.522461
408954.2813;5864200;-4161.969238
409014.5938;5864200;-4162.378418
409074.9063;5864200;-4162.75
409135.1875;5864200;-4163.087891
409195.5;5864200;-4163.389648
409255.8125;5864200;-4163.647949
409316.0938;5864200;-4163.873047
409376.4063;5864200;-4164.068359
401356.4063;5864260.5;-4155.197266
401416.6875;5864260.5;-4156.268066
401477;5864260.5;-4157.385742
401537.3125;5864260.5;-4158.567383
401597.5938;5864260.5;-4159.78125
401657.9063;5864260.5;-4160.945801
401718.2188;5864260.5;-4161.984375
401778.5;5864260.5;-4162.793457
401838.8125;5864260.5;-4163.251953
401899.0938;5864260.5;-4163.32666
401959.4063;5864260.5;-4162.997559
402019.7188;5864260.5;-4162.194824
402080;5864260.5;-4160.918945
402140.3125;5864260.5;-4159.340332
402200.625;5864260.5;-4157.545898
402260.9063;5864260.5;-4155.570313
402321.2188;5864260.5;-4153.536621
402381.5;5864260.5;-4151.536621
402441.8125;5864260.5;-4149.596191
402502.125;5864260.5;-4147.777344
402562.4063;5864260.5;-4146.125488
402622.7188;5864260.5;-4144.617676
402683.0313;5864260.5;-4143.234863
402743.3125;5864260.5;-4141.970703
402803.625;5864260.5;-4140.833008
402863.9063;5864260.5;-4139.824707
402924.2188;5864260.5;-4138.96875
402984.5313;5864260.5;-4138.350098
403044.8125;5864260.5;-4137.96582
403105.125;5864260.5;-4137.682129
403165.4375;5864260.5;-4137.469727
403225.7188;5864260.5;-4137.269531
403286.0313;5864260.5;-4136.983887
403346.3125;5864260.5;-4136.645996
403406.625;5864260.5;-4136.262207
403466.9375;5864260.5;-4135.795898
403527.2188;5864260.5;-4135.263184
403587.5313;5864260.5;-4134.655762
403647.8438;5864260.5;-4133.918945
403708.125;5864260.5;-4133.060547
403768.4375;5864260.5;-4132.063965
403828.7188;5864260.5;-4130.901367
403889.0313;5864260.5;-4129.581543
403949.3438;5864260.5;-4128.091309
404009.625;5864260.5;-4126.422363
404069.9375;5864260.5;-4124.640137
404130.25;5864260.5;-4122.78125
404190.5313;5864260.5;-4120.858887
404250.8438;5864260.5;-4118.909668
404311.125;5864260.5;-4116.974121
404371.4375;5864260.5;-4115.094727
404431.75;5864260.5;-4113.297363
404492.0313;5864260.5;-4111.591309
404552.3438;5864260.5;-4110
404612.625;5864260.5;-4108.546875
404672.9375;5864260.5;-4107.231445
404733.25;5864260.5;-4106.105469
404793.5313;5864260.5;-4105.206055
404853.8438;5864260.5;-4104.522949
404914.1563;5864260.5;-4104.151855
404974.4375;5864260.5;-4104.150391
405034.75;5864260.5;-4104.450684
405095.0313;5864260.5;-4105.051758
405155.3438;5864260.5;-4105.960938
405215.6563;5864260.5;-4107.172852
405275.9375;5864260.5;-4108.502441
405336.25;5864260.5;-4109.499512
405396.5625;5864260.5;-4110.453125
405456.8438;5864260.5;-4111.333496
405517.1563;5864260.5;-4112.208008
405577.4375;5864260.5;-4113.01123
405637.75;5864260.5;-4113.734863
405698.0625;5864260.5;-4114.496582
405758.3438;5864260.5;-4115.219727
405818.6563;5864260.5;-4115.884766
405878.9688;5864260.5;-4116.59375
405939.25;5864260.5;-4117.268066
405999.5625;5864260.5;-4117.886719
406059.8438;5864260.5;-4118.555664
406120.1563;5864260.5;-4119.228516
406180.4688;5864260.5;-4119.871094
406240.75;5864260.5;-4120.541504
406301.0625;5864260.5;-4121.239746
406361.375;5864260.5;-4121.946289
406421.6563;5864260.5;-4122.687988
406481.9688;5864260.5;-4123.469727
406542.25;5864260.5;-4124.281738
406602.5625;5864260.5;-4125.131348
406662.875;5864260.5;-4126.010742
406723.1563;5864260.5;-4126.918945
406783.4688;5864260.5;-4127.853516
406843.7813;5864260.5;-4128.819336
406904.0625;5864260.5;-4129.82373
406964.375;5864260.5;-4130.856445
407024.6563;5864260.5;-4131.904297
407084.9688;5864260.5;-4132.981445
407145.2813;5864260.5;-4134.082031
407205.5625;5864260.5;-4135.189941
407265.875;5864260.5;-4136.319824
407326.1875;5864260.5;-4137.468262
407386.4688;5864260.5;-4138.617676
407446.7813;5864260.5;-4139.775391
407507.0625;5864260.5;-4140.937988
407567.375;5864260.5;-4142.088379
407627.6875;5864260.5;-4143.233398
407687.9688;5864260.5;-4144.370117
407748.2813;5864260.5;-4145.481934
407808.5938;5864260.5;-4146.571289
407868.875;5864260.5;-4147.63916
407929.1875;5864260.5;-4148.678223
407989.4688;5864260.5;-4149.692383
408049.7813;5864260.5;-4150.679199
408110.0938;5864260.5;-4151.629395
408170.375;5864260.5;-4152.544434
408230.6875;5864260.5;-4153.425781
408291;5864260.5;-4154.262695
408351.2813;5864260.5;-4155.063965
408411.5938;5864260.5;-4155.837891
408471.875;5864260.5;-4156.573242
408532.1875;5864260.5;-4157.263672
408592.5;5864260.5;-4157.916992
408652.7813;5864260.5;-4158.537109
408713.0938;5864260.5;-4159.120605
408773.4063;5864260.5;-4159.666016
408833.6875;5864260.5;-4160.175293
408894;5864260.5;-4160.650879
408954.2813;5864260.5;-4161.096191
409014.5938;5864260.5;-4161.503418
409074.9063;5864260.5;-4161.874023
409135.1875;5864260.5;-4162.210938
409195.5;5864260.5;-4162.512207
409255.8125;5864260.5;-4162.770996
409316.0938;5864260.5;-4162.996582
409376.4063;5864260.5;-4163.192383
401356.4063;5864321;-4155.319824
401416.6875;5864321;-4156.243164
401477;5864321;-4157.205078
401537.3125;5864321;-4158.209961
401597.5938;5864321;-4159.224121
401657.9063;5864321;-4160.182129
401718.2188;5864321;-4161.024414
401778.5;5864321;-4161.665527
401838.8125;5864321;-4162.005859
401899.0938;5864321;-4162.022949
401959.4063;5864321;-4161.703613
402019.7188;5864321;-4160.986816
402080;5864321;-4159.869629
402140.3125;5864321;-4158.485352
402200.625;5864321;-4156.902344
402260.9063;5864321;-4155.142578
402321.2188;5864321;-4153.300781
402381.5;5864321;-4151.463379
402441.8125;5864321;-4149.660156
402502.125;5864321;-4147.950195
402562.4063;5864321;-4146.379883
402622.7188;5864321;-4144.939453
402683.0313;5864321;-4143.62207
402743.3125;5864321;-4142.428711
402803.625;5864321;-4141.35791
402863.9063;5864321;-4140.39502
402924.2188;5864321;-4139.543945
402984.5313;5864321;-4138.858887
403044.8125;5864321;-4138.332031
403105.125;5864321;-4137.864746
403165.4375;5864321;-4137.451172
403225.7188;5864321;-4137.056152
403286.0313;5864321;-4136.612793
403346.3125;5864321;-4136.148926
403406.625;5864321;-4135.662109
403466.9375;5864321;-4135.109863
403527.2188;5864321;-4134.503906
403587.5313;5864321;-4133.831543
403647.8438;5864321;-4133.039551
403708.125;5864321;-4132.136719
403768.4375;5864321;-4131.11084
403828.7188;5864321;-4129.935547
403889.0313;5864321;-4128.621582
403949.3438;5864321;-4127.158203
404009.625;5864321;-4125.541016
404069.9375;5864321;-4123.824219
404130.25;5864321;-4122.041992
404190.5313;5864321;-4120.203613
404250.8438;5864321;-4118.338379
404311.125;5864321;-4116.480469
404371.4375;5864321;-4114.665527
404431.75;5864321;-4112.913574
404492.0313;5864321;-4111.231934
404552.3438;5864321;-4109.641113
404612.625;5864321;-4108.158691
404672.9375;5864321;-4106.787598
404733.25;5864321;-4105.580078
404793.5313;5864321;-4104.585449
404853.8438;5864321;-4103.821777
404914.1563;5864321;-4103.410645
404974.4375;5864321;-4103.403809
405034.75;5864321;-4103.720703
405095.0313;5864321;-4104.32666
405155.3438;5864321;-4105.190918
405215.6563;5864321;-4106.312012
405275.9375;5864321;-4107.549316
405336.25;5864321;-4108.599121
405396.5625;5864321;-4109.623535
405456.8438;5864321;-4110.595215
405517.1563;5864321;-4111.520508
405577.4375;5864321;-4112.381348
405637.75;5864321;-4113.169434
405698.0625;5864321;-4113.972656
405758.3438;5864321;-4114.735352
405818.6563;5864321;-4115.441895
405878.9688;5864321;-4116.183105
405939.25;5864321;-4116.889648
405999.5625;5864321;-4117.543457
406059.8438;5864321;-4118.246094
406120.1563;5864321;-4118.950684
406180.4688;5864321;-4119.625977
406240.75;5864321;-4120.32666
406301.0625;5864321;-4121.052246
406361.375;5864321;-4121.781738
406421.6563;5864321;-4122.541992
406481.9688;5864321;-4123.336914
406542.25;5864321;-4124.15625
406602.5625;5864321;-4125.008301
406662.875;5864321;-4125.887695
406723.1563;5864321;-4126.79248
406783.4688;5864321;-4127.719727
406843.7813;5864321;-4128.674805
406904.0625;5864321;-4129.664551
406964.375;5864321;-4130.678711
407024.6563;5864321;-4131.707031
407084.9688;5864321;-4132.761719
407145.2813;5864321;-4133.837402
407205.5625;5864321;-4134.919922
407265.875;5864321;-4136.021973
407326.1875;5864321;-4137.140137
407386.4688;5864321;-4138.260742
407446.7813;5864321;-4139.386719
407507.0625;5864321;-4140.51709
407567.375;5864321;-4141.636719
407627.6875;5864321;-4142.750488
407687.9688;5864321;-4143.856934
407748.2813;5864321;-4144.938965
407808.5938;5864321;-4146.000977
407868.875;5864321;-4147.042969
407929.1875;5864321;-4148.056152
407989.4688;5864321;-4149.046387
408049.7813;5864321;-4150.009766
408110.0938;5864321;-4150.939941
408170.375;5864321;-4151.836426
408230.6875;5864321;-4152.699707
408291;5864321;-4153.521484
408351.2813;5864321;-4154.30957
408411.5938;5864321;-4155.069824
408471.875;5864321;-4155.79541
408532.1875;5864321;-4156.476074
408592.5;5864321;-4157.121094
408652.7813;5864321;-4157.73291
408713.0938;5864321;-4158.311035
408773.4063;5864321;-4158.851074
408833.6875;5864321;-4159.356445
408894;5864321;-4159.829102
408954.2813;5864321;-4160.270508
409014.5938;5864321;-4160.675781
409074.9063;5864321;-4161.044434
409135.1875;5864321;-4161.379395
409195.5;5864321;-4161.679199
409255.8125;5864321;-4161.9375
409316.0938;5864321;-4162.162109
409376.4063;5864321;-4162.35791
401356.4063;5864381.5;-4155.413574
401416.6875;5864381.5;-4156.188477
401477;5864381.5;-4156.996582
401537.3125;5864381.5;-4157.835449
401597.5938;5864381.5;-4158.669434
401657.9063;5864381.5;-4159.444824
401718.2188;5864381.5;-4160.114258
401778.5;5864381.5;-4160.608398
401838.8125;5864381.5;-4160.847656
401899.0938;5864381.5;-4160.813477
401959.4063;5864381.5;-4160.498047
402019.7188;5864381.5;-4159.850098
402080;5864381.5;-4158.861328
402140.3125;5864381.5;-4157.63916
402200.625;5864381.5;-4156.236816
402260.9063;5864381.5;-4154.665527
402321.2188;5864381.5;-4152.999512
402381.5;5864381.5;-4151.316895
402441.8125;5864381.5;-4149.646973
402502.125;5864381.5;-4148.04248
402562.4063;5864381.5;-4146.546875
402622.7188;5864381.5;-4145.158691
402683.0313;5864381.5;-4143.87793
402743.3125;5864381.5;-4142.710449
402803.625;5864381.5;-4141.652832
402863.9063;5864381.5;-4140.689453
402924.2188;5864381.5;-4139.814941
402984.5313;5864381.5;-4139.065918
403044.8125;5864381.5;-4138.433594
403105.125;5864381.5;-4137.841797
403165.4375;5864381.5;-4137.29541
403225.7188;5864381.5;-4136.772461
403286.0313;5864381.5;-4136.223145
403346.3125;5864381.5;-4135.668945
403406.625;5864381.5;-4135.101563
403466.9375;5864381.5;-4134.476563
403527.2188;5864381.5;-4133.804199
403587.5313;5864381.5;-4133.068359
403647.8438;5864381.5;-4132.223145
403708.125;5864381.5;-4131.277344
403768.4375;5864381.5;-4130.220215
403828.7188;5864381.5;-4129.031738
403889.0313;5864381.5;-4127.721191
403949.3438;5864381.5;-4126.28125
404009.625;5864381.5;-4124.70752
404069.9375;5864381.5;-4123.047852
404130.25;5864381.5;-4121.330566
404190.5313;5864381.5;-4119.562988
404250.8438;5864381.5;-4117.769043
404311.125;5864381.5;-4115.979004
404371.4375;5864381.5;-4114.219238
404431.75;5864381.5;-4112.506836
404492.0313;5864381.5;-4110.845703
404552.3438;5864381.5;-4109.251465
404612.625;5864381.5;-4107.737305
404672.9375;5864381.5;-4106.304199
404733.25;5864381.5;-4105.008301
404793.5313;5864381.5;-4103.909668
404853.8438;5864381.5;-4103.059082
404914.1563;5864381.5;-4102.620117
404974.4375;5864381.5;-4102.649414
405034.75;5864381.5;-4103.021484
405095.0313;5864381.5;-4103.672363
405155.3438;5864381.5;-4104.555664
405215.6563;5864381.5;-4105.658203
405275.9375;5864381.5;-4106.863281
405336.25;5864381.5;-4107.934082
405396.5625;5864381.5;-4108.990723
405456.8438;5864381.5;-4110.003906
405517.1563;5864381.5;-4110.96582
405577.4375;5864381.5;-4111.869141
405637.75;5864381.5;-4112.704102
405698.0625;5864381.5;-4113.541016
405758.3438;5864381.5;-4114.336426
405818.6563;5864381.5;-4115.07959
405878.9688;5864381.5;-4115.847656
405939.25;5864381.5;-4116.582031
405999.5625;5864381.5;-4117.268555
406059.8438;5864381.5;-4117.99707
406120.1563;5864381.5;-4118.727539
406180.4688;5864381.5;-4119.430176
406240.75;5864381.5;-4120.154785
406301.0625;5864381.5;-4120.901367
406361.375;5864381.5;-4121.649414
406421.6563;5864381.5;-4122.422852
406481.9688;5864381.5;-4123.227539
406542.25;5864381.5;-4124.051758
406602.5625;5864381.5;-4124.904785
406662.875;5864381.5;-4125.783203
406723.1563;5864381.5;-4126.682617
406783.4688;5864381.5;-4127.602539
406843.7813;5864381.5;-4128.546875
406904.0625;5864381.5;-4129.521973
406964.375;5864381.5;-4130.518066
407024.6563;5864381.5;-4131.52832
407084.9688;5864381.5;-4132.562012
407145.2813;5864381.5;-4133.61377
407205.5625;5864381.5;-4134.671875
407265.875;5864381.5;-4135.748047
407326.1875;5864381.5;-4136.838379
407386.4688;5864381.5;-4137.929199
407446.7813;5864381.5;-4139.026855
407507.0625;5864381.5;-4140.126953
407567.375;5864381.5;-4141.217285
407627.6875;5864381.5;-4142.301758
407687.9688;5864381.5;-4143.378418
407748.2813;5864381.5;-4144.432617
407808.5938;5864381.5;-4145.467773
407868.875;5864381.5;-4146.48291
407929.1875;5864381.5;-4147.472656
407989.4688;5864381.5;-4148.438477
408049.7813;5864381.5;-4149.381348
408110.0938;5864381.5;-4150.290527
408170.375;5864381.5;-4151.168945
408230.6875;5864381.5;-4152.014648
408291;5864381.5;-4152.821289
408351.2813;5864381.5;-4153.594727
408411.5938;5864381.5;-4154.342773
408471.875;5864381.5;-4155.056152
408532.1875;5864381.5;-4155.727051
408592.5;5864381.5;-4156.363281
408652.7813;5864381.5;-4156.968262
408713.0938;5864381.5;-4157.539063
408773.4063;5864381.5;-4158.074219
408833.6875;5864381.5;-4158.57373
408894;5864381.5;-4159.04248
408954.2813;5864381.5;-4159.480469
409014.5938;5864381.5;-4159.882324
409074.9063;5864381.5;-4160.249023
409135.1875;5864381.5;-4160.58252
409195.5;5864381.5;-4160.880859
409255.8125;5864381.5;-4161.137695
409316.0938;5864381.5;-4161.362305
409376.4063;5864381.5;-4161.557129
401356.4063;5864442.5;-4155.46875
401416.6875;5864442.5;-4156.101563
401477;5864442.5;-4156.765625
401537.3125;5864442.5;-4157.450195
401597.5938;5864442.5;-4158.12207
401657.9063;5864442.5;-4158.737305
401718.2188;5864442.5;-4159.254883
401778.5;5864442.5;-4159.621582
401838.8125;5864442.5;-4159.771484
401899.0938;5864442.5;-4159.692871
401959.4063;5864442.5;-4159.378906
402019.7188;5864442.5;-4158.786621
402080;5864442.5;-4157.904297
402140.3125;5864442.5;-4156.818848
402200.625;5864442.5;-4155.570313
402260.9063;5864442.5;-4154.164551
402321.2188;5864442.5;-4152.656738
402381.5;5864442.5;-4151.116211
402441.8125;5864442.5;-4149.570801
402502.125;5864442.5;-4148.065918
402562.4063;5864442.5;-4146.641113
402622.7188;5864442.5;-4145.299316
402683.0313;5864442.5;-4144.04541
402743.3125;5864442.5;-4142.890137
402803.625;5864442.5;-4141.830078
402863.9063;5864442.5;-4140.850098
402924.2188;5864442.5;-4139.943848
402984.5313;5864442.5;-4139.13623
403044.8125;5864442.5;-4138.418945
403105.125;5864442.5;-4137.733887
403165.4375;5864442.5;-4137.088867
403225.7188;5864442.5;-4136.46875
403286.0313;5864442.5;-4135.837402
403346.3125;5864442.5;-4135.206543
403406.625;5864442.5;-4134.566406
403466.9375;5864442.5;-4133.875488
403527.2188;5864442.5;-4133.137695
403587.5313;5864442.5;-4132.342285
403647.8438;5864442.5;-4131.446289
403708.125;5864442.5;-4130.458984
403768.4375;5864442.5;-4129.373047
403828.7188;5864442.5;-4128.171875
403889.0313;5864442.5;-4126.866699
403949.3438;5864442.5;-4125.448242
404009.625;5864442.5;-4123.913086
404069.9375;5864442.5;-4122.304688
404130.25;5864442.5;-4120.646973
404190.5313;5864442.5;-4118.943359
404250.8438;5864442.5;-4117.214355
404311.125;5864442.5;-4115.484375
404371.4375;5864442.5;-4113.776367
404431.75;5864442.5;-4112.101563
404492.0313;5864442.5;-4110.459961
404552.3438;5864442.5;-4108.862793
404612.625;5864442.5;-4107.317871
404672.9375;5864442.5;-4105.82373
404733.25;5864442.5;-4104.432617
404793.5313;5864442.5;-4103.210449
404853.8438;5864442.5;-4102.239746
404914.1563;5864442.5;-4101.776855
404974.4375;5864442.5;-4101.879883
405034.75;5864442.5;-4102.331543
405095.0313;5864442.5;-4103.041504
405155.3438;5864442.5;-4103.959961
405215.6563;5864442.5;-4105.06543
405275.9375;5864442.5;-4106.258301
405336.25;5864442.5;-4107.362793
405396.5625;5864442.5;-4108.456055
405456.8438;5864442.5;-4109.51123
405517.1563;5864442.5;-4110.506836
405577.4375;5864442.5;-4111.446777
405637.75;5864442.5;-4112.322754
405698.0625;5864442.5;-4113.187012
405758.3438;5864442.5;-4114.009766
405818.6563;5864442.5;-4114.782715
405878.9688;5864442.5;-4115.572754
405939.25;5864442.5;-4116.32959
405999.5625;5864442.5;-4117.043457
406059.8438;5864442.5;-4117.79248
406120.1563;5864442.5;-4118.54248
406180.4688;5864442.5;-4119.266113
406240.75;5864442.5;-4120.010254
406301.0625;5864442.5;-4120.771973
406361.375;5864442.5;-4121.533203
406421.6563;5864442.5;-4122.316895
406481.9688;5864442.5;-4123.128906
406542.25;5864442.5;-4123.956543
406602.5625;5864442.5;-4124.809082
406662.875;5864442.5;-4125.68457
406723.1563;5864442.5;-4126.579102
406783.4688;5864442.5;-4127.491211
406843.7813;5864442.5;-4128.424805
406904.0625;5864442.5;-4129.385742
406964.375;5864442.5;-4130.365234
407024.6563;5864442.5;-4131.35791
407084.9688;5864442.5;-4132.370605
407145.2813;5864442.5;-4133.400391
407205.5625;5864442.5;-4134.436523
407265.875;5864442.5;-4135.487305
407326.1875;5864442.5;-4136.55127
407386.4688;5864442.5;-4137.616211
407446.7813;5864442.5;-4138.686035
407507.0625;5864442.5;-4139.758301
407567.375;5864442.5;-4140.819824
407627.6875;5864442.5;-4141.876465
407687.9688;5864442.5;-4142.925293
407748.2813;5864442.5;-4143.952637
407808.5938;5864442.5;-4144.962402
407868.875;5864442.5;-4145.953125
407929.1875;5864442.5;-4146.918457
407989.4688;5864442.5;-4147.862793
408049.7813;5864442.5;-4148.783203
408110.0938;5864442.5;-4149.67334
408170.375;5864442.5;-4150.532715
408230.6875;5864442.5;-4151.362305
408291;5864442.5;-4152.153809
408351.2813;5864442.5;-4152.913574
408411.5938;5864442.5;-4153.648926
408471.875;5864442.5;-4154.351563
408532.1875;5864442.5;-4155.012207
408592.5;5864442.5;-4155.639648
408652.7813;5864442.5;-4156.237305
408713.0938;5864442.5;-4156.800781
408773.4063;5864442.5;-4157.32959
408833.6875;5864442.5;-4157.824707
408894;5864442.5;-4158.289551
408954.2813;5864442.5;-4158.722656
409014.5938;5864442.5;-4159.12207
409074.9063;5864442.5;-4159.48584
409135.1875;5864442.5;-4159.817383
409195.5;5864442.5;-4160.11377
409255.8125;5864442.5;-4160.370117
409316.0938;5864442.5;-4160.594727
409376.4063;5864442.5;-4160.791016
401356.4063;5864503;-4155.469238
401416.6875;5864503;-4155.973145
401477;5864503;-4156.503906
401537.3125;5864503;-4157.050293
401597.5938;5864503;-4157.580078
401657.9063;5864503;-4158.055176
401718.2188;5864503;-4158.442383
401778.5;5864503;-4158.699219
401838.8125;5864503;-4158.770508
401899.0938;5864503;-4158.650879
401959.4063;5864503;-4158.334473
402019.7188;5864503;-4157.783203
402080;5864503;-4156.984375
402140.3125;5864503;-4156.007324
402200.625;5864503;-4154.885254
402260.9063;5864503;-4153.618164
402321.2188;5864503;-4152.247559
402381.5;5864503;-4150.83252
402441.8125;5864503;-4149.402344
402502.125;5864503;-4147.992188
402562.4063;5864503;-4146.635742
402622.7188;5864503;-4145.34082
402683.0313;5864503;-4144.114258
402743.3125;5864503;-4142.96875
402803.625;5864503;-4141.90332
402863.9063;5864503;-4140.904785
402924.2188;5864503;-4139.96875
402984.5313;5864503;-4139.113281
403044.8125;5864503;-4138.330566
403105.125;5864503;-4137.574707
403165.4375;5864503;-4136.854492
403225.7188;5864503;-4136.159668
403286.0313;5864503;-4135.459961
403346.3125;5864503;-4134.762695
403406.625;5864503;-4134.058105
403466.9375;5864503;-4133.305176
403527.2188;5864503;-4132.508301
403587.5313;5864503;-4131.657227
403647.8438;5864503;-4130.714844
403708.125;5864503;-4129.692383
403768.4375;5864503;-4128.583008
403828.7188;5864503;-4127.372559
403889.0313;5864503;-4126.072754
403949.3438;5864503;-4124.675293
404009.625;5864503;-4123.177246
404069.9375;5864503;-4121.615234
404130.25;5864503;-4120.010742
404190.5313;5864503;-4118.366211
404250.8438;5864503;-4116.698242
404311.125;5864503;-4115.025879
404371.4375;5864503;-4113.368652
404431.75;5864503;-4111.734375
404492.0313;5864503;-4110.118652
404552.3438;5864503;-4108.530762
404612.625;5864503;-4106.972168
404672.9375;5864503;-4105.439453
404733.25;5864503;-4103.975098
404793.5313;5864503;-4102.636719
404853.8438;5864503;-4101.538086
404914.1563;5864503;-4101.063965
404974.4375;5864503;-4101.270508
405034.75;5864503;-4101.814453
405095.0313;5864503;-4102.57959
405155.3438;5864503;-4103.530762
405215.6563;5864503;-4104.640137
405275.9375;5864503;-4105.825684
405336.25;5864503;-4106.951172
405396.5625;5864503;-4108.06543
405456.8438;5864503;-4109.144531
405517.1563;5864503;-4110.160156
405577.4375;5864503;-4111.124023
405637.75;5864503;-4112.027344
405698.0625;5864503;-4112.910156
405758.3438;5864503;-4113.752441
405818.6563;5864503;-4114.547852
405878.9688;5864503;-4115.354492
405939.25;5864503;-4116.128418
405999.5625;5864503;-4116.862793
406059.8438;5864503;-4117.628418
406120.1563;5864503;-4118.394043
406180.4688;5864503;-4119.135254
406240.75;5864503;-4119.894043
406301.0625;5864503;-4120.666992
406361.375;5864503;-4121.439941
406421.6563;5864503;-4122.231934
406481.9688;5864503;-4123.04834
406542.25;5864503;-4123.876953
406602.5625;5864503;-4124.728516
406662.875;5864503;-4125.602051
406723.1563;5864503;-4126.490234
406783.4688;5864503;-4127.394043
406843.7813;5864503;-4128.317871
406904.0625;5864503;-4129.265137
406964.375;5864503;-4130.229492
407024.6563;5864503;-4131.205078
407084.9688;5864503;-4132.199219
407145.2813;5864503;-4133.208008
407205.5625;5864503;-4134.222656
407265.875;5864503;-4135.25
407326.1875;5864503;-4136.289551
407386.4688;5864503;-4137.329102
407446.7813;5864503;-4138.373047
407507.0625;5864503;-4139.417969
407567.375;5864503;-4140.453613
407627.6875;5864503;-4141.483398
407687.9688;5864503;-4142.505859
407748.2813;5864503;-4143.508789
407808.5938;5864503;-4144.493164
407868.875;5864503;-4145.459961
407929.1875;5864503;-4146.402832
407989.4688;5864503;-4147.325684
408049.7813;5864503;-4148.226074
408110.0938;5864503;-4149.09668
408170.375;5864503;-4149.939453
408230.6875;5864503;-4150.751953
408291;5864503;-4151.528809
408351.2813;5864503;-4152.274902
408411.5938;5864503;-4152.998047
408471.875;5864503;-4153.687988
408532.1875;5864503;-4154.339355
408592.5;5864503;-4154.958008
408652.7813;5864503;-4155.547852
408713.0938;5864503;-4156.104004
408773.4063;5864503;-4156.626953
408833.6875;5864503;-4157.115723
408894;5864503;-4157.575684
408954.2813;5864503;-4158.005371
409014.5938;5864503;-4158.401367
409074.9063;5864503;-4158.762207
409135.1875;5864503;-4159.091309
409195.5;5864503;-4159.385254
409255.8125;5864503;-4159.641113
409316.0938;5864503;-4159.865723
409376.4063;5864503;-4160.062012
401356.4063;5864563.5;-4155.407227
401416.6875;5864563.5;-4155.794922
401477;5864563.5;-4156.208984
401537.3125;5864563.5;-4156.634766
401597.5938;5864563.5;-4157.041504
401657.9063;5864563.5;-4157.398438
401718.2188;5864563.5;-4157.67627
401778.5;5864563.5;-4157.840332
401838.8125;5864563.5;-4157.845215
401899.0938;5864563.5;-4157.6875
401959.4063;5864563.5;-4157.362793
402019.7188;5864563.5;-4156.838867
402080;5864563.5;-4156.100586
402140.3125;5864563.5;-4155.206543
402200.625;5864563.5;-4154.182129
402260.9063;5864563.5;-4153.025879
402321.2188;5864563.5;-4151.767578
402381.5;5864563.5;-4150.460938
402441.8125;5864563.5;-4149.131348
402502.125;5864563.5;-4147.807129
402562.4063;5864563.5;-4146.51709
402622.7188;5864563.5;-4145.269531
402683.0313;5864563.5;-4144.074219
402743.3125;5864563.5;-4142.941895
402803.625;5864563.5;-4141.875
402863.9063;5864563.5;-4140.864258
402924.2188;5864563.5;-4139.905273
402984.5313;5864563.5;-4139.013184
403044.8125;5864563.5;-4138.181641
403105.125;5864563.5;-4137.373535
403165.4375;5864563.5;-4136.596191
403225.7188;5864563.5;-4135.842773
403286.0313;5864563.5;-4135.086426
403346.3125;5864563.5;-4134.332031
403406.625;5864563.5;-4133.569824
403466.9375;5864563.5;-4132.761719
403527.2188;5864563.5;-4131.914551
403587.5313;5864563.5;-4131.016602
403647.8438;5864563.5;-4130.035645
403708.125;5864563.5;-4128.984375
403768.4375;5864563.5;-4127.859375
403828.7188;5864563.5;-4126.644531
403889.0313;5864563.5;-4125.352539
403949.3438;5864563.5;-4123.977539
404009.625;5864563.5;-4122.515137
404069.9375;5864563.5;-4120.997559
404130.25;5864563.5;-4119.442383
404190.5313;5864563.5;-4117.853516
404250.8438;5864563.5;-4116.242676
404311.125;5864563.5;-4114.628906
404371.4375;5864563.5;-4113.025879
404431.75;5864563.5;-4111.440918
404492.0313;5864563.5;-4109.868652
404552.3438;5864563.5;-4108.314453
404612.625;5864563.5;-4106.780273
404672.9375;5864563.5;-4105.262207
404733.25;5864563.5;-4103.80127
404793.5313;5864563.5;-4102.458008
404853.8438;5864563.5;-4101.356445
404914.1563;5864563.5;-4100.887695
404974.4375;5864563.5;-4101.105957
405034.75;5864563.5;-4101.660645
405095.0313;5864563.5;-4102.427734
405155.3438;5864563.5;-4103.37207
405215.6563;5864563.5;-4104.462891
405275.9375;5864563.5;-4105.623535
405336.25;5864563.5;-4106.741699
405396.5625;5864563.5;-4107.849609
405456.8438;5864563.5;-4108.925293
405517.1563;5864563.5;-4109.941895
405577.4375;5864563.5;-4110.912598
405637.75;5864563.5;-4111.827148
405698.0625;5864563.5;-4112.71875
405758.3438;5864563.5;-4113.571777
405818.6563;5864563.5;-4114.382813
405878.9688;5864563.5;-4115.19873
405939.25;5864563.5;-4115.986328
405999.5625;5864563.5;-4116.736816
406059.8438;5864563.5;-4117.513184
406120.1563;5864563.5;-4118.289551
406180.4688;5864563.5;-4119.043945
406240.75;5864563.5;-4119.812988
406301.0625;5864563.5;-4120.595703
406361.375;5864563.5;-4121.376465
406421.6563;5864563.5;-4122.173828
406481.9688;5864563.5;-4122.992676
406542.25;5864563.5;-4123.821777
406602.5625;5864563.5;-4124.671387
406662.875;5864563.5;-4125.540527
406723.1563;5864563.5;-4126.422363
406783.4688;5864563.5;-4127.317871
406843.7813;5864563.5;-4128.232422
406904.0625;5864563.5;-4129.166504
406964.375;5864563.5;-4130.116211
407024.6563;5864563.5;-4131.077148
407084.9688;5864563.5;-4132.053223
407145.2813;5864563.5;-4133.042969
407205.5625;5864563.5;-4134.037598
407265.875;5864563.5;-4135.043457
407326.1875;5864563.5;-4136.060059
407386.4688;5864563.5;-4137.076172
407446.7813;5864563.5;-4138.095215
407507.0625;5864563.5;-4139.114746
407567.375;5864563.5;-4140.125977
407627.6875;5864563.5;-4141.130859
407687.9688;5864563.5;-4142.128418
407748.2813;5864563.5;-4143.106934
407808.5938;5864563.5;-4144.067871
407868.875;5864563.5;-4145.012695
407929.1875;5864563.5;-4145.93457
407989.4688;5864563.5;-4146.836914
408049.7813;5864563.5;-4147.717773
408110.0938;5864563.5;-4148.570313
408170.375;5864563.5;-4149.395508
408230.6875;5864563.5;-4150.191406
408291;5864563.5;-4150.954102
408351.2813;5864563.5;-4151.6875
408411.5938;5864563.5;-4152.397461
408471.875;5864563.5;-4153.07666
408532.1875;5864563.5;-4153.717773
408592.5;5864563.5;-4154.32666
408652.7813;5864563.5;-4154.908203
408713.0938;5864563.5;-4155.45752
408773.4063;5864563.5;-4155.973633
408833.6875;5864563.5;-4156.457031
408894;5864563.5;-4156.911621
408954.2813;5864563.5;-4157.336426
409014.5938;5864563.5;-4157.729004
409074.9063;5864563.5;-4158.086426
409135.1875;5864563.5;-4158.412598
409195.5;5864563.5;-4158.70459
409255.8125;5864563.5;-4158.958984
409316.0938;5864563.5;-4159.182129
409376.4063;5864563.5;-4159.37793
401356.4063;5864624;-4155.291992
401416.6875;5864624;-4155.579102
401477;5864624;-4155.890137
401537.3125;5864624;-4156.212402
401597.5938;5864624;-4156.513672
401657.9063;5864624;-4156.768555
401718.2188;5864624;-4156.953613
401778.5;5864624;-4157.039063
401838.8125;5864624;-4156.986816
401899.0938;5864624;-4156.794434
401959.4063;5864624;-4156.459961
402019.7188;5864624;-4155.953125
402080;5864624;-4155.261719
402140.3125;5864624;-4154.432617
402200.625;5864624;-4153.486328
402260.9063;5864624;-4152.419922
402321.2188;5864624;-4151.256348
402381.5;5864624;-4150.040527
402441.8125;5864624;-4148.797852
402502.125;5864624;-4147.550293
402562.4063;5864624;-4146.320801
402622.7188;5864624;-4145.119141
402683.0313;5864624;-4143.955078
402743.3125;5864624;-4142.838379
402803.625;5864624;-4141.773438
402863.9063;5864624;-4140.754395
402924.2188;5864624;-4139.777832
402984.5313;5864624;-4138.857422
403044.8125;5864624;-4137.987793
403105.125;5864624;-4137.138184
403165.4375;5864624;-4136.313965
403225.7188;5864624;-4135.511719
403286.0313;5864624;-4134.706055
403346.3125;5864624;-4133.900879
403406.625;5864624;-4133.087402
403466.9375;5864624;-4132.232422
403527.2188;5864624;-4131.339844
403587.5313;5864624;-4130.402344
403647.8438;5864624;-4129.39209
403708.125;5864624;-4128.320313
403768.4375;5864624;-4127.184082
403828.7188;5864624;-4125.970703
403889.0313;5864624;-4124.69043
403949.3438;5864624;-4123.339355
404009.625;5864624;-4121.912109
404069.9375;5864624;-4120.437012
404130.25;5864624;-4118.931641
404190.5313;5864624;-4117.396973
404250.8438;5864624;-4115.844727
404311.125;5864624;-4114.290039
404371.4375;5864624;-4112.746582
404431.75;5864624;-4111.219727
404492.0313;5864624;-4109.705566
404552.3438;5864624;-4108.209473
404612.625;5864624;-4106.733887
404672.9375;5864624;-4105.282227
404733.25;5864624;-4103.902344
404793.5313;5864624;-4102.665527
404853.8438;5864624;-4101.685059
404914.1563;5864624;-4101.233398
404974.4375;5864624;-4101.361328
405034.75;5864624;-4101.831543
405095.0313;5864624;-4102.535645
405155.3438;5864624;-4103.428711
405215.6563;5864624;-4104.468262
405275.9375;5864624;-4105.580566
405336.25;5864624;-4106.670898
405396.5625;5864624;-4107.756836
405456.8438;5864624;-4108.818359
405517.1563;5864624;-4109.82666
405577.4375;5864624;-4110.794922
405637.75;5864624;-4111.713379
405698.0625;5864624;-4112.606934
405758.3438;5864624;-4113.464844
405818.6563;5864624;-4114.28418
405878.9688;5864624;-4115.105469
405939.25;5864624;-4115.900391
405999.5625;5864624;-4116.661621
406059.8438;5864624;-4117.445313
406120.1563;5864624;-4118.227539
406180.4688;5864624;-4118.990234
406240.75;5864624;-4119.765625
406301.0625;5864624;-4120.551758
406361.375;5864624;-4121.336914
406421.6563;5864624;-4122.136719
406481.9688;5864624;-4122.95459
406542.25;5864624;-4123.781738
406602.5625;5864624;-4124.627441
406662.875;5864624;-4125.490723
406723.1563;5864624;-4126.365723
406783.4688;5864624;-4127.25293
406843.7813;5864624;-4128.157227
406904.0625;5864624;-4129.07959
406964.375;5864624;-4130.015625
407024.6563;5864624;-4130.961426
407084.9688;5864624;-4131.920898
407145.2813;5864624;-4132.891602
407205.5625;5864624;-4133.868164
407265.875;5864624;-4134.854492
407326.1875;5864624;-4135.849121
407386.4688;5864624;-4136.843262
407446.7813;5864624;-4137.839844
407507.0625;5864624;-4138.835938
407567.375;5864624;-4139.824219
407627.6875;5864624;-4140.806152
407687.9688;5864624;-4141.780273
407748.2813;5864624;-4142.736328
407808.5938;5864624;-4143.675781
407868.875;5864624;-4144.599121
407929.1875;5864624;-4145.500977
407989.4688;5864624;-4146.383301
408049.7813;5864624;-4147.246094
408110.0938;5864624;-4148.081543
408170.375;5864624;-4148.890137
408230.6875;5864624;-4149.670898
408291;5864624;-4150.419922
408351.2813;5864624;-4151.140137
408411.5938;5864624;-4151.837891
408471.875;5864624;-4152.505859
408532.1875;5864624;-4153.137207
408592.5;5864624;-4153.737793
408652.7813;5864624;-4154.310059
408713.0938;5864624;-4154.852051
408773.4063;5864624;-4155.361328
408833.6875;5864624;-4155.839844
408894;5864624;-4156.288574
408954.2813;5864624;-4156.709473
409014.5938;5864624;-4157.09668
409074.9063;5864624;-4157.451172
409135.1875;5864624;-4157.775391
409195.5;5864624;-4158.06543
409255.8125;5864624;-4158.317871
409316.0938;5864624;-4158.539551
409376.4063;5864624;-4158.733398
401356.4063;5864685;-4155.127441
401416.6875;5864685;-4155.328613
401477;5864685;-4155.550293
401537.3125;5864685;-4155.778809
401597.5938;5864685;-4155.987305
401657.9063;5864685;-4156.15332
401718.2188;5864685;-4156.256836
401778.5;5864685;-4156.272949
401838.8125;5864685;-4156.168945
401899.0938;5864685;-4155.945313
401959.4063;5864685;-4155.598633
402019.7188;5864685;-4155.104004
402080;5864685;-4154.447754
402140.3125;5864685;-4153.669922
402200.625;5864685;-4152.787598
402260.9063;5864685;-4151.795898
402321.2188;5864685;-4150.711426
402381.5;5864685;-4149.575195
402441.8125;5864685;-4148.408691
402502.125;5864685;-4147.230469
402562.4063;5864685;-4146.057129
402622.7188;5864685;-4144.899902
402683.0313;5864685;-4143.76709
402743.3125;5864685;-4142.667969
402803.625;5864685;-4141.609375
402863.9063;5864685;-4140.586914
402924.2188;5864685;-4139.599609
402984.5313;5864685;-4138.657715
403044.8125;5864685;-4137.757324
403105.125;5864685;-4136.873535
403165.4375;5864685;-4136.01123
403225.7188;5864685;-4135.166504
403286.0313;5864685;-4134.317383
403346.3125;5864685;-4133.468262
403406.625;5864685;-4132.609375
403466.9375;5864685;-4131.713867
403527.2188;5864685;-4130.783691
403587.5313;5864685;-4129.813477
403647.8438;5864685;-4128.780762
403708.125;5864685;-4127.694336
403768.4375;5864685;-4126.552246
403828.7188;5864685;-4125.344727
403889.0313;5864685;-4124.078125
403949.3438;5864685;-4122.751465
404009.625;5864685;-4121.361816
404069.9375;5864685;-4119.931641
404130.25;5864685;-4118.475098
404190.5313;5864685;-4116.994629
404250.8438;5864685;-4115.502441
404311.125;5864685;-4114.010254
404371.4375;5864685;-4112.530762
404431.75;5864685;-4111.068848
404492.0313;5864685;-4109.625488
404552.3438;5864685;-4108.20459
404612.625;5864685;-4106.814941
404672.9375;5864685;-4105.465332
404733.25;5864685;-4104.206055
404793.5313;5864685;-4103.104492
404853.8438;5864685;-4102.252441
404914.1563;5864685;-4101.828613
404974.4375;5864685;-4101.87793
405034.75;5864685;-4102.251953
405095.0313;5864685;-4102.864258
405155.3438;5864685;-4103.675293
405215.6563;5864685;-4104.638184
405275.9375;5864685;-4105.681152
405336.25;5864685;-4106.723633
405396.5625;5864685;-4107.771484
405456.8438;5864685;-4108.803223
405517.1563;5864685;-4109.791016
405577.4375;5864685;-4110.744141
405637.75;5864685;-4111.657715
405698.0625;5864685;-4112.546387
405758.3438;5864685;-4113.402344
405818.6563;5864685;-4114.225098
405878.9688;5864685;-4115.047363
405939.25;5864685;-4115.845703
405999.5625;5864685;-4116.614746
406059.8438;5864685;-4117.401855
406120.1563;5864685;-4118.187012
406180.4688;5864685;-4118.956055
406240.75;5864685;-4119.734863
406301.0625;5864685;-4120.523926
406361.375;5864685;-4121.311035
406421.6563;5864685;-4122.111816
406481.9688;5864685;-4122.928711
406542.25;5864685;-4123.753906
406602.5625;5864685;-4124.595215
406662.875;5864685;-4125.453125
406723.1563;5864685;-4126.320801
406783.4688;5864685;-4127.199707
406843.7813;5864685;-4128.094238
406904.0625;5864685;-4129.004883
406964.375;5864685;-4129.927246
407024.6563;5864685;-4130.859375
407084.9688;5864685;-4131.803223
407145.2813;5864685;-4132.756836
407205.5625;5864685;-4133.71582
407265.875;5864685;-4134.683105
407326.1875;5864685;-4135.657227
407386.4688;5864685;-4136.630859
407446.7813;5864685;-4137.606445
407507.0625;5864685;-4138.580566
407567.375;5864685;-4139.546387
407627.6875;5864685;-4140.506348
407687.9688;5864685;-4141.458008
407748.2813;5864685;-4142.393555
407808.5938;5864685;-4143.312012
407868.875;5864685;-4144.214844
407929.1875;5864685;-4145.097656
407989.4688;5864685;-4145.961914
408049.7813;5864685;-4146.806152
408110.0938;5864685;-4147.625
408170.375;5864685;-4148.417969
408230.6875;5864685;-4149.183594
408291;5864685;-4149.917969
408351.2813;5864685;-4150.625488
408411.5938;5864685;-4151.3125
408471.875;5864685;-4151.969238
408532.1875;5864685;-4152.59082
408592.5;5864685;-4153.182129
408652.7813;5864685;-4153.746094
408713.0938;5864685;-4154.280762
408773.4063;5864685;-4154.783691
408833.6875;5864685;-4155.255859
408894;5864685;-4155.699219
408954.2813;5864685;-4156.114746
409014.5938;5864685;-4156.499023
409074.9063;5864685;-4156.849609
409135.1875;5864685;-4157.17041
409195.5;5864685;-4157.458008
409255.8125;5864685;-4157.708984
409316.0938;5864685;-4157.929199
409376.4063;5864685;-4158.122559
401356.4063;5864745.5;-4154.913086
401416.6875;5864745.5;-4155.040527
401477;5864745.5;-4155.185059
401537.3125;5864745.5;-4155.333008
401597.5938;5864745.5;-4155.460449
401657.9063;5864745.5;-4155.547852
401718.2188;5864745.5;-4155.580566
401778.5;5864745.5;-4155.534668
401838.8125;5864745.5;-4155.385254
401899.0938;5864745.5;-4155.131348
401959.4063;5864745.5;-4154.771973
402019.7188;5864745.5;-4154.282715
402080;5864745.5;-4153.652344
402140.3125;5864745.5;-4152.914551
402200.625;5864745.5;-4152.083984
402260.9063;5864745.5;-4151.152832
402321.2188;5864745.5;-4150.135254
402381.5;5864745.5;-4149.066406
402441.8125;5864745.5;-4147.964844
402502.125;5864745.5;-4146.847656
402562.4063;5864745.5;-4145.725098
402622.7188;5864745.5;-4144.609863
402683.0313;5864745.5;-4143.508789
402743.3125;5864745.5;-4142.431152
402803.625;5864745.5;-4141.382813
402863.9063;5864745.5;-4140.363281
402924.2188;5864745.5;-4139.370117
402984.5313;5864745.5;-4138.413574
403044.8125;5864745.5;-4137.489258
403105.125;5864745.5;-4136.578125
403165.4375;5864745.5;-4135.685059
403225.7188;5864745.5;-4134.804688
403286.0313;5864745.5;-4133.92041
403346.3125;5864745.5;-4133.033691
403406.625;5864745.5;-4132.137207
403466.9375;5864745.5;-4131.208496
403527.2188;5864745.5;-4130.249023
403587.5313;5864745.5;-4129.253418
403647.8438;5864745.5;-4128.20459
403708.125;5864745.5;-4127.109863
403768.4375;5864745.5;-4125.967773
403828.7188;5864745.5;-4124.769043
403889.0313;5864745.5;-4123.520508
403949.3438;5864745.5;-4122.22168
404009.625;5864745.5;-4120.869629
404069.9375;5864745.5;-4119.483887
404130.25;5864745.5;-4118.077148
404190.5313;5864745.5;-4116.652832
404250.8438;5864745.5;-4115.220215
404311.125;5864745.5;-4113.793457
404371.4375;5864745.5;-4112.382324
404431.75;5864745.5;-4110.993652
404492.0313;5864745.5;-4109.628906
404552.3438;5864745.5;-4108.297363
404612.625;5864745.5;-4107.008789
404672.9375;5864745.5;-4105.780762
404733.25;5864745.5;-4104.658203
404793.5313;5864745.5;-4103.693848
404853.8438;5864745.5;-4102.955566
404914.1563;5864745.5;-4102.568848
404974.4375;5864745.5;-4102.571777
405034.75;5864745.5;-4102.861816
405095.0313;5864745.5;-4103.377441
405155.3438;5864745.5;-4104.092285
405215.6563;5864745.5;-4104.963379
405275.9375;5864745.5;-4105.921875
405336.25;5864745.5;-4106.897461
405396.5625;5864745.5;-4107.88916
405456.8438;5864745.5;-4108.874512
405517.1563;5864745.5;-4109.828613
405577.4375;5864745.5;-4110.755859
405637.75;5864745.5;-4111.651367
405698.0625;5864745.5;-4112.527344
405758.3438;5864745.5;-4113.375977
405818.6563;5864745.5;-4114.194824
405878.9688;5864745.5;-4115.01416
405939.25;5864745.5;-4115.811035
405999.5625;5864745.5;-4116.584473
406059.8438;5864745.5;-4117.373535
406120.1563;5864745.5;-4118.160645
406180.4688;5864745.5;-4118.933105
406240.75;5864745.5;-4119.715332
406301.0625;5864745.5;-4120.506348
406361.375;5864745.5;-4121.294922
406421.6563;5864745.5;-4122.097168
406481.9688;5864745.5;-4122.912598
406542.25;5864745.5;-4123.735352
406602.5625;5864745.5;-4124.573242
406662.875;5864745.5;-4125.42627
406723.1563;5864745.5;-4126.288086
406783.4688;5864745.5;-4127.158691
406843.7813;5864745.5;-4128.043945
406904.0625;5864745.5;-4128.944336
406964.375;5864745.5;-4129.854492
407024.6563;5864745.5;-4130.773438
407084.9688;5864745.5;-4131.703125
407145.2813;5864745.5;-4132.640137
407205.5625;5864745.5;-4133.58252
407265.875;5864745.5;-4134.531738
407326.1875;5864745.5;-4135.486816
407386.4688;5864745.5;-4136.440918
407446.7813;5864745.5;-4137.396484
407507.0625;5864745.5;-4138.350098
407567.375;5864745.5;-4139.294922
407627.6875;5864745.5;-4140.233398
407687.9688;5864745.5;-4141.164063
407748.2813;5864745.5;-4142.07959
407808.5938;5864745.5;-4142.978516
407868.875;5864745.5;-4143.861328
407929.1875;5864745.5;-4144.724609
407989.4688;5864745.5;-4145.571289
408049.7813;5864745.5;-4146.398926
408110.0938;5864745.5;-4147.201172
408170.375;5864745.5;-4147.978516
408230.6875;5864745.5;-4148.730469
408291;5864745.5;-4149.451172
408351.2813;5864745.5;-4150.146484
408411.5938;5864745.5;-4150.820801
408471.875;5864745.5;-4151.467285
408532.1875;5864745.5;-4152.078613
408592.5;5864745.5;-4152.661133
408652.7813;5864745.5;-4153.216797
408713.0938;5864745.5;-4153.744629
408773.4063;5864745.5;-4154.239746
408833.6875;5864745.5;-4154.70459
408894;5864745.5;-4155.143555
408954.2813;5864745.5;-4155.554199
409014.5938;5864745.5;-4155.933594
409074.9063;5864745.5;-4156.280273
409135.1875;5864745.5;-4156.598633
409195.5;5864745.5;-4156.883789
409255.8125;5864745.5;-4157.132324
409316.0938;5864745.5;-4157.351563
409376.4063;5864745.5;-4157.544922
401356.4063;5864806;-4154.655762
401416.6875;5864806;-4154.723633
401477;5864806;-4154.802734
401537.3125;5864806;-4154.884277
401597.5938;5864806;-4154.942383
401657.9063;5864806;-4154.964355
401718.2188;5864806;-4154.936523
401778.5;5864806;-4154.838867
401838.8125;5864806;-4154.649902
401899.0938;5864806;-4154.369141
401959.4063;5864806;-4153.996094
402019.7188;5864806;-4153.509766
402080;5864806;-4152.897949
402140.3125;5864806;-4152.190918
402200.625;5864806;-4151.400391
402260.9063;5864806;-4150.518555
402321.2188;5864806;-4149.554688
402381.5;5864806;-4148.541504
402441.8125;5864806;-4147.495605
402502.125;5864806;-4146.428711
402562.4063;5864806;-4145.351074
402622.7188;5864806;-4144.271484
402683.0313;5864806;-4143.19873
402743.3125;5864806;-4142.14209
402803.625;5864806;-4141.105469
402863.9063;5864806;-4140.089844
402924.2188;5864806;-4139.094727
402984.5313;5864806;-4138.127441
403044.8125;5864806;-4137.185547
403105.125;5864806;-4136.254395
403165.4375;5864806;-4135.335449
403225.7188;5864806;-4134.427246
403286.0313;5864806;-4133.51416
403346.3125;5864806;-4132.59668
403406.625;5864806;-4131.671387
403466.9375;5864806;-4130.717285
403527.2188;5864806;-4129.736328
403587.5313;5864806;-4128.724121
403647.8438;5864806;-4127.666016
403708.125;5864806;-4126.568848
403768.4375;5864806;-4125.431152
403828.7188;5864806;-4124.245605
403889.0313;5864806;-4123.018555
403949.3438;5864806;-4121.75
404009.625;5864806;-4120.437012
404069.9375;5864806;-4119.097168
404130.25;5864806;-4117.741211
404190.5313;5864806;-4116.373535
404250.8438;5864806;-4115.003418
404311.125;5864806;-4113.643555
404371.4375;5864806;-4112.303223
404431.75;5864806;-4110.990234
404492.0313;5864806;-4109.709961
404552.3438;5864806;-4108.47168
404612.625;5864806;-4107.287598
404672.9375;5864806;-4106.179199
404733.25;5864806;-4105.187012
404793.5313;5864806;-4104.347168
404853.8438;5864806;-4103.70752
404914.1563;5864806;-4103.36084
404974.4375;5864806;-4103.337402
405034.75;5864806;-4103.561523
405095.0313;5864806;-4103.990234
405155.3438;5864806;-4104.611816
405215.6563;5864806;-4105.38916
405275.9375;5864806;-4106.259277
405336.25;5864806;-4107.162109
405396.5625;5864806;-4108.090332
405456.8438;5864806;-4109.023438
405517.1563;5864806;-4109.937012
405577.4375;5864806;-4110.834473
405637.75;5864806;-4111.708008
405698.0625;5864806;-4112.566895
405758.3438;5864806;-4113.402832
405818.6563;5864806;-4114.214844
405878.9688;5864806;-4115.026855
405939.25;5864806;-4115.821289
405999.5625;5864806;-4116.595215
406059.8438;5864806;-4117.382324
406120.1563;5864806;-4118.167969
406180.4688;5864806;-4118.941895
406240.75;5864806;-4119.724121
406301.0625;5864806;-4120.513672
406361.375;5864806;-4121.302734
406421.6563;5864806;-4122.102539
406481.9688;5864806;-4122.915527
406542.25;5864806;-4123.734863
406602.5625;5864806;-4124.566895
406662.875;5864806;-4125.414551
406723.1563;5864806;-4126.268555
406783.4688;5864806;-4127.131348
406843.7813;5864806;-4128.007324
406904.0625;5864806;-4128.896484
406964.375;5864806;-4129.794922
407024.6563;5864806;-4130.70166
407084.9688;5864806;-4131.616699
407145.2813;5864806;-4132.539551
407205.5625;5864806;-4133.466309
407265.875;5864806;-4134.399414
407326.1875;5864806;-4135.336426
407386.4688;5864806;-4136.272461
407446.7813;5864806;-4137.208496
407507.0625;5864806;-4138.142578
407567.375;5864806;-4139.068848
407627.6875;5864806;-4139.986816
407687.9688;5864806;-4140.897949
407748.2813;5864806;-4141.794434
407808.5938;5864806;-4142.674805
407868.875;5864806;-4143.539551
407929.1875;5864806;-4144.38623
407989.4688;5864806;-4145.21582
408049.7813;5864806;-4146.026367
408110.0938;5864806;-4146.813477
408170.375;5864806;-4147.576172
408230.6875;5864806;-4148.313965
408291;5864806;-4149.021973
408351.2813;5864806;-4149.705078
408411.5938;5864806;-4150.368164
408471.875;5864806;-4151.003906
408532.1875;5864806;-4151.606445
408592.5;5864806;-4152.179199
408652.7813;5864806;-4152.726563
408713.0938;5864806;-4153.246582
408773.4063;5864806;-4153.735352
408833.6875;5864806;-4154.194336
408894;5864806;-4154.626465
408954.2813;5864806;-4155.033203
409014.5938;5864806;-4155.408203
409074.9063;5864806;-4155.751465
409135.1875;5864806;-4156.06543
409195.5;5864806;-4156.348145
409255.8125;5864806;-4156.595215
409316.0938;5864806;-4156.813477
409376.4063;5864806;-4157.006348
401356.4063;5864866.5;-4154.365723
401416.6875;5864866.5;-4154.382813
401477;5864866.5;-4154.408203
401537.3125;5864866.5;-4154.432129
401597.5938;5864866.5;-4154.432129
401657.9063;5864866.5;-4154.398438
401718.2188;5864866.5;-4154.318359
401778.5;5864866.5;-4154.175781
401838.8125;5864866.5;-4153.952148
401899.0938;5864866.5;-4153.647949
401959.4063;5864866.5;-4153.26123
402019.7188;5864866.5;-4152.774414
402080;5864866.5;-4152.176758
402140.3125;5864866.5;-4151.494141
402200.625;5864866.5;-4150.735352
402260.9063;5864866.5;-4149.893555
402321.2188;5864866.5;-4148.974609
402381.5;5864866.5;-4148.007813
402441.8125;5864866.5;-4147.008301
402502.125;5864866.5;-4145.985352
402562.4063;5864866.5;-4144.945801
402622.7188;5864866.5;-4143.898926
402683.0313;5864866.5;-4142.853027
402743.3125;5864866.5;-4141.81543
402803.625;5864866.5;-4140.790527
402863.9063;5864866.5;-4139.780762
402924.2188;5864866.5;-4138.785156
402984.5313;5864866.5;-4137.811035
403044.8125;5864866.5;-4136.856445
403105.125;5864866.5;-4135.908691
403165.4375;5864866.5;-4134.970703
403225.7188;5864866.5;-4134.040527
403286.0313;5864866.5;-4133.10498
403346.3125;5864866.5;-4132.164551
403406.625;5864866.5;-4131.215332
403466.9375;5864866.5;-4130.242188
403527.2188;5864866.5;-4129.246094
403587.5313;5864866.5;-4128.223145
403647.8438;5864866.5;-4127.161621
403708.125;5864866.5;-4126.066406
403768.4375;5864866.5;-4124.9375
403828.7188;5864866.5;-4123.769043
403889.0313;5864866.5;-4122.56543
403949.3438;5864866.5;-4121.328613
404009.625;5864866.5;-4120.055664
404069.9375;5864866.5;-4118.762207
404130.25;5864866.5;-4117.457031
404190.5313;5864866.5;-4116.145508
404250.8438;5864866.5;-4114.838867
404311.125;5864866.5;-4113.546875
404371.4375;5864866.5;-4112.277832
404431.75;5864866.5;-4111.041504
404492.0313;5864866.5;-4109.845215
404552.3438;5864866.5;-4108.697754
404612.625;5864866.5;-4107.614746
404672.9375;5864866.5;-4106.615723
404733.25;5864866.5;-4105.73877
404793.5313;5864866.5;-4105.007324
404853.8438;5864866.5;-4104.45166
404914.1563;5864866.5;-4104.14502
404974.4375;5864866.5;-4104.109863
405034.75;5864866.5;-4104.285645
405095.0313;5864866.5;-4104.643555
405155.3438;5864866.5;-4105.182129
405215.6563;5864866.5;-4105.870605
405275.9375;5864866.5;-4106.655273
405336.25;5864866.5;-4107.484863
405396.5625;5864866.5;-4108.349121
405456.8438;5864866.5;-4109.227539
405517.1563;5864866.5;-4110.097656
405577.4375;5864866.5;-4110.958984
405637.75;5864866.5;-4111.806152
405698.0625;5864866.5;-4112.643555
405758.3438;5864866.5;-4113.463867
405818.6563;5864866.5;-4114.265625
405878.9688;5864866.5;-4115.067383
405939.25;5864866.5;-4115.855957
405999.5625;5864866.5;-4116.628418
406059.8438;5864866.5;-4117.411133
406120.1563;5864866.5;-4118.192871
406180.4688;5864866.5;-4118.966309
406240.75;5864866.5;-4119.74707
406301.0625;5864866.5;-4120.534668
406361.375;5864866.5;-4121.321777
406421.6563;5864866.5;-4122.119629
406481.9688;5864866.5;-4122.929199
406542.25;5864866.5;-4123.743652
406602.5625;5864866.5;-4124.571289
406662.875;5864866.5;-4125.412109
406723.1563;5864866.5;-4126.259277
406783.4688;5864866.5;-4127.114258
406843.7813;5864866.5;-4127.981934
406904.0625;5864866.5;-4128.861328
406964.375;5864866.5;-4129.748047
407024.6563;5864866.5;-4130.643066
407084.9688;5864866.5;-4131.544922
407145.2813;5864866.5;-4132.453125
407205.5625;5864866.5;-4133.366211
407265.875;5864866.5;-4134.283203
407326.1875;5864866.5;-4135.202637
407386.4688;5864866.5;-4136.121582
407446.7813;5864866.5;-4137.039551
407507.0625;5864866.5;-4137.955566
407567.375;5864866.5;-4138.86377
407627.6875;5864866.5;-4139.76416
407687.9688;5864866.5;-4140.65625
407748.2813;5864866.5;-4141.534668
407808.5938;5864866.5;-4142.397461
407868.875;5864866.5;-4143.245117
407929.1875;5864866.5;-4144.074707
407989.4688;5864866.5;-4144.888184
408049.7813;5864866.5;-4145.683594
408110.0938;5864866.5;-4146.455566
408170.375;5864866.5;-4147.20459
408230.6875;5864866.5;-4147.929199
408291;5864866.5;-4148.625
408351.2813;5864866.5;-4149.296387
408411.5938;5864866.5;-4149.948242
408471.875;5864866.5;-4150.574219
408532.1875;5864866.5;-4151.166992
408592.5;5864866.5;-4151.730957
408652.7813;5864866.5;-4152.270508
408713.0938;5864866.5;-4152.782715
408773.4063;5864866.5;-4153.264648
408833.6875;5864866.5;-4153.718262
408894;5864866.5;-4154.14502
408954.2813;5864866.5;-4154.545898
409014.5938;5864866.5;-4154.916504
409074.9063;5864866.5;-4155.255859
409135.1875;5864866.5;-4155.567383
409195.5;5864866.5;-4155.847168
409255.8125;5864866.5;-4156.093262
409316.0938;5864866.5;-4156.310547
409376.4063;5864866.5;-4156.50293
401356.4063;5864927;-4154.049316
401416.6875;5864927;-4154.025391
401477;5864927;-4154.003418
401537.3125;5864927;-4153.978027
401597.5938;5864927;-4153.927246
401657.9063;5864927;-4153.844238
401718.2188;5864927;-4153.719238
401778.5;5864927;-4153.536621
401838.8125;5864927;-4153.281738
401899.0938;5864927;-4152.955566
401959.4063;5864927;-4152.556641
402019.7188;5864927;-4152.066895
402080;5864927;-4151.47998
402140.3125;5864927;-4150.815918
402200.625;5864927;-4150.083496
402260.9063;5864927;-4149.274414
402321.2188;5864927;-4148.393066
402381.5;5864927;-4147.46582
402441.8125;5864927;-4146.506348
402502.125;5864927;-4145.520508
402562.4063;5864927;-4144.516113
402622.7188;5864927;-4143.499023
402683.0313;5864927;-4142.477051
402743.3125;5864927;-4141.458008
402803.625;5864927;-4140.446289
402863.9063;5864927;-4139.443359
402924.2188;5864927;-4138.451172
402984.5313;5864927;-4137.473145
403044.8125;5864927;-4136.508789
403105.125;5864927;-4135.549805
403165.4375;5864927;-4134.59668
403225.7188;5864927;-4133.648926
403286.0313;5864927;-4132.696289
403346.3125;5864927;-4131.737793
403406.625;5864927;-4130.771973
403466.9375;5864927;-4129.785156
403527.2188;5864927;-4128.77832
403587.5313;5864927;-4127.749512
403647.8438;5864927;-4126.688477
403708.125;5864927;-4125.599609
403768.4375;5864927;-4124.482422
403828.7188;5864927;-4123.33252
403889.0313;5864927;-4122.155273
403949.3438;5864927;-4120.950684
404009.625;5864927;-4119.71875
404069.9375;5864927;-4118.471191
404130.25;5864927;-4117.216797
404190.5313;5864927;-4115.961426
404250.8438;5864927;-4114.716797
404311.125;5864927;-4113.492188
404371.4375;5864927;-4112.294434
404431.75;5864927;-4111.133301
404492.0313;5864927;-4110.019043
404552.3438;5864927;-4108.958984
404612.625;5864927;-4107.967285
404672.9375;5864927;-4107.068848
404733.25;5864927;-4106.291992
404793.5313;5864927;-4105.652344
404853.8438;5864927;-4105.170898
404914.1563;5864927;-4104.901855
404974.4375;5864927;-4104.863281
405034.75;5864927;-4105.005371
405095.0313;5864927;-4105.307617
405155.3438;5864927;-4105.774414
405215.6563;5864927;-4106.385254
405275.9375;5864927;-4107.091309
405336.25;5864927;-4107.849121
405396.5625;5864927;-4108.648438
405456.8438;5864927;-4109.467773
405517.1563;5864927;-4110.289551
405577.4375;5864927;-4111.111328
405637.75;5864927;-4111.92627
405698.0625;5864927;-4112.737305
405758.3438;5864927;-4113.537109
405818.6563;5864927;-4114.324219
405878.9688;5864927;-4115.11377
405939.25;5864927;-4115.892578
405999.5625;5864927;-4116.660156
406059.8438;5864927;-4117.4375
406120.1563;5864927;-4118.21582
406180.4688;5864927;-4118.988281
406240.75;5864927;-4119.767578
406301.0625;5864927;-4120.553711
406361.375;5864927;-4121.34082
406421.6563;5864927;-4122.136719
406481.9688;5864927;-4122.943359
406542.25;5864927;-4123.755371
406602.5625;5864927;-4124.57959
406662.875;5864927;-4125.415039
406723.1563;5864927;-4126.256836
406783.4688;5864927;-4127.105469
406843.7813;5864927;-4127.96582
406904.0625;5864927;-4128.835449
406964.375;5864927;-4129.712891
407024.6563;5864927;-4130.59668
407084.9688;5864927;-4131.486816
407145.2813;5864927;-4132.381836
407205.5625;5864927;-4133.28125
407265.875;5864927;-4134.183105
407326.1875;5864927;-4135.087402
407386.4688;5864927;-4135.989746
407446.7813;5864927;-4136.890625
407507.0625;5864927;-4137.789063
407567.375;5864927;-4138.679688
407627.6875;5864927;-4139.5625
407687.9688;5864927;-4140.437988
407748.2813;5864927;-4141.298828
407808.5938;5864927;-4142.14502
407868.875;5864927;-4142.975586
407929.1875;5864927;-4143.789063
407989.4688;5864927;-4144.587402
408049.7813;5864927;-4145.367676
408110.0938;5864927;-4146.125
408170.375;5864927;-4146.86084
408230.6875;5864927;-4147.572266
408291;5864927;-4148.256836
408351.2813;5864927;-4148.916992
408411.5938;5864927;-4149.558105
408471.875;5864927;-4150.173828
408532.1875;5864927;-4150.757324
408592.5;5864927;-4151.312988
408652.7813;5864927;-4151.84375
408713.0938;5864927;-4152.349121
408773.4063;5864927;-4152.824219
408833.6875;5864927;-4153.271484
408894;5864927;-4153.692871
408954.2813;5864927;-4154.088379
409014.5938;5864927;-4154.454102
409074.9063;5864927;-4154.789551
409135.1875;5864927;-4155.098145
409195.5;5864927;-4155.375488
409255.8125;5864927;-4155.619629
409316.0938;5864927;-4155.836426
409376.4063;5864927;-4156.02832
401356.4063;5864988;-4153.721191
401416.6875;5864988;-4153.662109
401477;5864988;-4153.601074
401537.3125;5864988;-4153.53418
401597.5938;5864988;-4153.44043
401657.9063;5864988;-4153.313477
401718.2188;5864988;-4153.149902
401778.5;5864988;-4152.932617
401838.8125;5864988;-4152.650879
401899.0938;5864988;-4152.305176
401959.4063;5864988;-4151.893066
402019.7188;5864988;-4151.401367
402080;5864988;-4150.821777
402140.3125;5864988;-4150.172363
402200.625;5864988;-4149.460449
402260.9063;5864988;-4148.678223
402321.2188;5864988;-4147.828613
402381.5;5864988;-4146.934082
402441.8125;5864988;-4146.006836
402502.125;5864988;-4145.054199
402562.4063;5864988;-4144.079102
402622.7188;5864988;-4143.086914
402683.0313;5864988;-4142.087402
402743.3125;5864988;-4141.085449
402803.625;5864988;-4140.085449
402863.9063;5864988;-4139.089355
402924.2188;5864988;-4138.101074
402984.5313;5864988;-4137.121094
403044.8125;5864988;-4136.149902
403105.125;5864988;-4135.182617
403165.4375;5864988;-4134.21875
403225.7188;5864988;-4133.257324
403286.0313;5864988;-4132.291016
403346.3125;5864988;-4131.319336
403406.625;5864988;-4130.34082
403466.9375;5864988;-4129.34668
403527.2188;5864988;-4128.33252
403587.5313;5864988;-4127.300781
403647.8438;5864988;-4126.244141
403708.125;5864988;-4125.165039
403768.4375;5864988;-4124.062012
403828.7188;5864988;-4122.933105
403889.0313;5864988;-4121.782715
403949.3438;5864988;-4120.611816
404009.625;5864988;-4119.42041
404069.9375;5864988;-4118.219727
404130.25;5864988;-4117.016602
404190.5313;5864988;-4115.816406
404250.8438;5864988;-4114.632813
404311.125;5864988;-4113.473633
404371.4375;5864988;-4112.345215
404431.75;5864988;-4111.257813
404492.0313;5864988;-4110.221191
404552.3438;5864988;-4109.241211
404612.625;5864988;-4108.333984
404672.9375;5864988;-4107.522949
404733.25;5864988;-4106.830566
404793.5313;5864988;-4106.266602
404853.8438;5864988;-4105.845215
404914.1563;5864988;-4105.609863
404974.4375;5864988;-4105.572754
405034.75;5864988;-4105.690918
405095.0313;5864988;-4105.948242
405155.3438;5864988;-4106.356934
405215.6563;5864988;-4106.899902
405275.9375;5864988;-4107.535645
405336.25;5864988;-4108.229004
405396.5625;5864988;-4108.966797
405456.8438;5864988;-4109.731445
405517.1563;5864988;-4110.505859
405577.4375;5864988;-4111.288086
405637.75;5864988;-4112.072266
405698.0625;5864988;-4112.856934
405758.3438;5864988;-4113.635742
405818.6563;5864988;-4114.407715
405878.9688;5864988;-4115.182617
405939.25;5864988;-4115.952148
405999.5625;5864988;-4116.713867
406059.8438;5864988;-4117.485352
406120.1563;5864988;-4118.257813
406180.4688;5864988;-4119.027832
406240.75;5864988;-4119.805176
406301.0625;5864988;-4120.588379
406361.375;5864988;-4121.373047
406421.6563;5864988;-4122.166504
406481.9688;5864988;-4122.969238
406542.25;5864988;-4123.77832
406602.5625;5864988;-4124.598145
406662.875;5864988;-4125.428223
406723.1563;5864988;-4126.264648
406783.4688;5864988;-4127.105957
406843.7813;5864988;-4127.958984
406904.0625;5864988;-4128.819824
406964.375;5864988;-4129.687012
407024.6563;5864988;-4130.560547
407084.9688;5864988;-4131.438965
407145.2813;5864988;-4132.322266
407205.5625;5864988;-4133.208008
407265.875;5864988;-4134.09668
407326.1875;5864988;-4134.984375
407386.4688;5864988;-4135.87207
407446.7813;5864988;-4136.757324
407507.0625;5864988;-4137.639648
407567.375;5864988;-4138.513672
407627.6875;5864988;-4139.379883
407687.9688;5864988;-4140.23877
407748.2813;5864988;-4141.084473
407808.5938;5864988;-4141.914551
407868.875;5864988;-4142.728516
407929.1875;5864988;-4143.527344
407989.4688;5864988;-4144.312012
408049.7813;5864988;-4145.077148
408110.0938;5864988;-4145.821777
408170.375;5864988;-4146.544922
408230.6875;5864988;-4147.244629
408291;5864988;-4147.916992
408351.2813;5864988;-4148.566895
408411.5938;5864988;-4149.197754
408471.875;5864988;-4149.803223
408532.1875;5864988;-4150.37793
408592.5;5864988;-4150.924805
408652.7813;5864988;-4151.448242
408713.0938;5864988;-4151.946289
408773.4063;5864988;-4152.414551
408833.6875;5864988;-4152.85498
408894;5864988;-4153.270508
408954.2813;5864988;-4153.661133
409014.5938;5864988;-4154.021973
409074.9063;5864988;-4154.354004
409135.1875;5864988;-4154.65918
409195.5;5864988;-4154.93457
409255.8125;5864988;-4155.176758
409316.0938;5864988;-4155.393555
409376.4063;5864988;-4155.585938
401356.4063;5865048.5;-4153.390625
401416.6875;5865048.5;-4153.302734
401477;5865048.5;-4153.209473
401537.3125;5865048.5;-4153.106445
401597.5938;5865048.5;-4152.975586
401657.9063;5865048.5;-4152.814453
401718.2188;5865048.5;-4152.616699
401778.5;5865048.5;-4152.369629
401838.8125;5865048.5;-4152.063965
401899.0938;5865048.5;-4151.700195
401959.4063;5865048.5;-4151.277344
402019.7188;5865048.5;-4150.782227
402080;5865048.5;-4150.20752
402140.3125;5865048.5;-4149.569336
402200.625;5865048.5;-4148.874512
402260.9063;5865048.5;-4148.11377
402321.2188;5865048.5;-4147.289063
402381.5;5865048.5;-4146.421387
402441.8125;5865048.5;-4145.522461
402502.125;5865048.5;-4144.596191
402562.4063;5865048.5;-4143.645996
402622.7188;5865048.5;-4142.675781
402683.0313;5865048.5;-4141.693848
402743.3125;5865048.5;-4140.706055
402803.625;5865048.5;-4139.715332
402863.9063;5865048.5;-4138.726563
402924.2188;5865048.5;-4137.742188
402984.5313;5865048.5;-4136.762207
403044.8125;5865048.5;-4135.786621
403105.125;5865048.5;-4134.813477
403165.4375;5865048.5;-4133.841797
403225.7188;5865048.5;-4132.871094
403286.0313;5865048.5;-4131.896484
403346.3125;5865048.5;-4130.916016
403406.625;5865048.5;-4129.928711
403466.9375;5865048.5;-4128.929688
403527.2188;5865048.5;-4127.914551
403587.5313;5865048.5;-4126.884277
403647.8438;5865048.5;-4125.833984
403708.125;5865048.5;-4124.765625
403768.4375;5865048.5;-4123.678711
403828.7188;5865048.5;-4122.572266
403889.0313;5865048.5;-4121.450195
403949.3438;5865048.5;-4120.3125
404009.625;5865048.5;-4119.161621
404069.9375;5865048.5;-4118.006348
404130.25;5865048.5;-4116.852539
404190.5313;5865048.5;-4115.707031
404250.8438;5865048.5;-4114.582031
404311.125;5865048.5;-4113.48584
404371.4375;5865048.5;-4112.422852
404431.75;5865048.5;-4111.404785
404492.0313;5865048.5;-4110.439453
404552.3438;5865048.5;-4109.533203
404612.625;5865048.5;-4108.701172
404672.9375;5865048.5;-4107.963867
404733.25;5865048.5;-4107.341797
404793.5313;5865048.5;-4106.839844
404853.8438;5865048.5;-4106.466797
404914.1563;5865048.5;-4106.259277
404974.4375;5865048.5;-4106.225586
405034.75;5865048.5;-4106.325684
405095.0313;5865048.5;-4106.550781
405155.3438;5865048.5;-4106.911133
405215.6563;5865048.5;-4107.396973
405275.9375;5865048.5;-4107.973145
405336.25;5865048.5;-4108.608398
405396.5625;5865048.5;-4109.291016
405456.8438;5865048.5;-4110.005859
405517.1563;5865048.5;-4110.737305
405577.4375;5865048.5;-4111.481934
405637.75;5865048.5;-4112.235352
405698.0625;5865048.5;-4112.995117
405758.3438;5865048.5;-4113.753906
405818.6563;5865048.5;-4114.508789
405878.9688;5865048.5;-4115.27002
405939.25;5865048.5;-4116.029297
405999.5625;5865048.5;-4116.784668
406059.8438;5865048.5;-4117.549316
406120.1563;5865048.5;-4118.316406
406180.4688;5865048.5;-4119.083008
406240.75;5865048.5;-4119.856445
406301.0625;5865048.5;-4120.63623
406361.375;5865048.5;-4121.418945
406421.6563;5865048.5;-4122.209473
406481.9688;5865048.5;-4123.008301
406542.25;5865048.5;-4123.812988
406602.5625;5865048.5;-4124.62793
406662.875;5865048.5;-4125.452637
406723.1563;5865048.5;-4126.282227
406783.4688;5865048.5;-4127.118164
406843.7813;5865048.5;-4127.963379
406904.0625;5865048.5;-4128.815918
406964.375;5865048.5;-4129.673828
407024.6563;5865048.5;-4130.536621
407084.9688;5865048.5;-4131.404785
407145.2813;5865048.5;-4132.276367
407205.5625;5865048.5;-4133.149902
407265.875;5865048.5;-4134.024902
407326.1875;5865048.5;-4134.899414
407386.4688;5865048.5;-4135.772461
407446.7813;5865048.5;-4136.642578
407507.0625;5865048.5;-4137.509766
407567.375;5865048.5;-4138.368164
407627.6875;5865048.5;-4139.219727
407687.9688;5865048.5;-4140.0625
407748.2813;5865048.5;-4140.893066
407808.5938;5865048.5;-4141.708496
407868.875;5865048.5;-4142.508789
407929.1875;5865048.5;-4143.293457
407989.4688;5865048.5;-4144.064453
408049.7813;5865048.5;-4144.816895
408110.0938;5865048.5;-4145.54834
408170.375;5865048.5;-4146.259766
408230.6875;5865048.5;-4146.947266
408291;5865048.5;-4147.608887
408351.2813;5865048.5;-4148.248535
408411.5938;5865048.5;-4148.868652
408471.875;5865048.5;-4149.46582
408532.1875;5865048.5;-4150.03125
408592.5;5865048.5;-4150.570313
408652.7813;5865048.5;-4151.086426
408713.0938;5865048.5;-4151.57666
408773.4063;5865048.5;-4152.039063
408833.6875;5865048.5;-4152.473633
408894;5865048.5;-4152.882813
408954.2813;5865048.5;-4153.268066
409014.5938;5865048.5;-4153.625
409074.9063;5865048.5;-4153.953125
409135.1875;5865048.5;-4154.254395
409195.5;5865048.5;-4154.527344
409255.8125;5865048.5;-4154.769043
409316.0938;5865048.5;-4154.984863
409376.4063;5865048.5;-4155.178223
401356.4063;5865109;-4153.064453
401416.6875;5865109;-4152.95166
401477;5865109;-4152.829102
401537.3125;5865109;-4152.696289
401597.5938;5865109;-4152.533691
401657.9063;5865109;-4152.341797
401718.2188;5865109;-4152.115234
401778.5;5865109;-4151.841797
401838.8125;5865109;-4151.515137
401899.0938;5865109;-4151.135742
401959.4063;5865109;-4150.702148
402019.7188;5865109;-4150.203125
402080;5865109;-4149.632324
402140.3125;5865109;-4149.002441
402200.625;5865109;-4148.320313
402260.9063;5865109;-4147.578125
402321.2188;5865109;-4146.774902
402381.5;5865109;-4145.929688
402441.8125;5865109;-4145.054199
402502.125;5865109;-4144.151367
402562.4063;5865109;-4143.22168
402622.7188;5865109;-4142.270508
402683.0313;5865109;-4141.304199
402743.3125;5865109;-4140.330078
402803.625;5865109;-4139.348633
402863.9063;5865109;-4138.366699
402924.2188;5865109;-4137.38623
402984.5313;5865109;-4136.406738
403044.8125;5865109;-4135.427734
403105.125;5865109;-4134.451172
403165.4375;5865109;-4133.474609
403225.7188;5865109;-4132.496582
403286.0313;5865109;-4131.515625
403346.3125;5865109;-4130.529785
403406.625;5865109;-4129.537109
403466.9375;5865109;-4128.535645
403527.2188;5865109;-4127.521484
403587.5313;5865109;-4126.494629
403647.8438;5865109;-4125.453613
403708.125;5865109;-4124.397461
403768.4375;5865109;-4123.32666
403828.7188;5865109;-4122.243164
403889.0313;5865109;-4121.148926
403949.3438;5865109;-4120.043945
404009.625;5865109;-4118.932617
404069.9375;5865109;-4117.820313
404130.25;5865109;-4116.712891
404190.5313;5865109;-4115.619141
404250.8438;5865109;-4114.550781
404311.125;5865109;-4113.513672
404371.4375;5865109;-4112.512695
404431.75;5865109;-4111.558105
404492.0313;5865109;-4110.65918
404552.3438;5865109;-4109.819824
404612.625;5865109;-4109.054199
404672.9375;5865109;-4108.382324
404733.25;5865109;-4107.819824
404793.5313;5865109;-4107.369629
404853.8438;5865109;-4107.037598
404914.1563;5865109;-4106.854004
404974.4375;5865109;-4106.822754
405034.75;5865109;-4106.910645
405095.0313;5865109;-4107.109375
405155.3438;5865109;-4107.431152
405215.6563;5865109;-4107.869629
405275.9375;5865109;-4108.393066
405336.25;5865109;-4108.976563
405396.5625;5865109;-4109.610352
405456.8438;5865109;-4110.27832
405517.1563;5865109;-4110.967773
405577.4375;5865109;-4111.67627
405637.75;5865109;-4112.399414
405698.0625;5865109;-4113.133789
405758.3438;5865109;-4113.871094
405818.6563;5865109;-4114.609375
405878.9688;5865109;-4115.355469
405939.25;5865109;-4116.104004
405999.5625;5865109;-4116.852051
406059.8438;5865109;-4117.609375
406120.1563;5865109;-4118.371582
406180.4688;5865109;-4119.135742
406240.75;5865109;-4119.905762
406301.0625;5865109;-4120.682129
406361.375;5865109;-4121.463379
406421.6563;5865109;-4122.250488
406481.9688;5865109;-4123.046875
406542.25;5865109;-4123.848145
406602.5625;5865109;-4124.65918
406662.875;5865109;-4125.479492
406723.1563;5865109;-4126.305176
406783.4688;5865109;-4127.134766
406843.7813;5865109;-4127.973633
406904.0625;5865109;-4128.817871
406964.375;5865109;-4129.66748
407024.6563;5865109;-4130.521484
407084.9688;5865109;-4131.379883
407145.2813;5865109;-4132.240234
407205.5625;5865109;-4133.102539
407265.875;5865109;-4133.964844
407326.1875;5865109;-4134.82666
407386.4688;5865109;-4135.686035
407446.7813;5865109;-4136.542969
407507.0625;5865109;-4137.395996
407567.375;5865109;-4138.240723
407627.6875;5865109;-4139.077148
407687.9688;5865109;-4139.905762
407748.2813;5865109;-4140.722656
407808.5938;5865109;-4141.523926
407868.875;5865109;-4142.310547
407929.1875;5865109;-4143.08252
407989.4688;5865109;-4143.84082
408049.7813;5865109;-4144.580566
408110.0938;5865109;-4145.300781
408170.375;5865109;-4146
408230.6875;5865109;-4146.676758
408291;5865109;-4147.328613
408351.2813;5865109;-4147.958008
408411.5938;5865109;-4148.569336
408471.875;5865109;-4149.156738
408532.1875;5865109;-4149.714844
408592.5;5865109;-4150.245605
408652.7813;5865109;-4150.753906
408713.0938;5865109;-4151.237793
408773.4063;5865109;-4151.692871
408833.6875;5865109;-4152.121094
408894;5865109;-4152.525391
408954.2813;5865109;-4152.905273
409014.5938;5865109;-4153.257324
409074.9063;5865109;-4153.581543
409135.1875;5865109;-4153.879883
409195.5;5865109;-4154.149902
409255.8125;5865109;-4154.390137
409316.0938;5865109;-4154.605469
409376.4063;5865109;-4154.800293
401356.4063;5865169.5;-4152.75293
401416.6875;5865169.5;-4152.616699
401477;5865169.5;-4152.470215
401537.3125;5865169.5;-4152.310547
401597.5938;5865169.5;-4152.120605
401657.9063;5865169.5;-4151.900879
401718.2188;5865169.5;-4151.650391
401778.5;5865169.5;-4151.35498
401838.8125;5865169.5;-4151.009277
401899.0938;5865169.5;-4150.616699
401959.4063;5865169.5;-4150.17334
402019.7188;5865169.5;-4149.669922
402080;5865169.5;-4149.101563
402140.3125;5865169.5;-4148.478027
402200.625;5865169.5;-4147.807129
402260.9063;5865169.5;-4147.078125
402321.2188;5865169.5;-4146.29248
402381.5;5865169.5;-4145.46582
402441.8125;5865169.5;-4144.610352
402502.125;5865169.5;-4143.726074
402562.4063;5865169.5;-4142.813965
402622.7188;5865169.5;-4141.878418
402683.0313;5865169.5;-4140.925781
402743.3125;5865169.5;-4139.962891
402803.625;5865169.5;-4138.989746
402863.9063;5865169.5;-4138.013672
402924.2188;5865169.5;-4137.037109
402984.5313;5865169.5;-4136.058105
403044.8125;5865169.5;-4135.07666
403105.125;5865169.5;-4134.098633
403165.4375;5865169.5;-4133.118164
403225.7188;5865169.5;-4132.134277
403286.0313;5865169.5;-4131.149414
403346.3125;5865169.5;-4130.15918
403406.625;5865169.5;-4129.164063
403466.9375;5865169.5;-4128.163086
403527.2188;5865169.5;-4127.150879
403587.5313;5865169.5;-4126.12793
403647.8438;5865169.5;-4125.097168
403708.125;5865169.5;-4124.055176
403768.4375;5865169.5;-4123.001465
403828.7188;5865169.5;-4121.939941
403889.0313;5865169.5;-4120.872559
403949.3438;5865169.5;-4119.798828
404009.625;5865169.5;-4118.725586
404069.9375;5865169.5;-4117.655762
404130.25;5865169.5;-4116.593262
404190.5313;5865169.5;-4115.547363
404250.8438;5865169.5;-4114.53125
404311.125;5865169.5;-4113.549805
404371.4375;5865169.5;-4112.606445
404431.75;5865169.5;-4111.711426
404492.0313;5865169.5;-4110.872559
404552.3438;5865169.5;-4110.094727
404612.625;5865169.5;-4109.387695
404672.9375;5865169.5;-4108.772949
404733.25;5865169.5;-4108.262695
404793.5313;5865169.5;-4107.855469
404853.8438;5865169.5;-4107.557617
404914.1563;5865169.5;-4107.393555
404974.4375;5865169.5;-4107.365234
405034.75;5865169.5;-4107.442871
405095.0313;5865169.5;-4107.620605
405155.3438;5865169.5;-4107.910156
405215.6563;5865169.5;-4108.308594
405275.9375;5865169.5;-4108.787598
405336.25;5865169.5;-4109.326172
405396.5625;5865169.5;-4109.915527
405456.8438;5865169.5;-4110.54248
405517.1563;5865169.5;-4111.194824
405577.4375;5865169.5;-4111.870117
405637.75;5865169.5;-4112.566406
405698.0625;5865169.5;-4113.277344
405758.3438;5865169.5;-4113.996582
405818.6563;5865169.5;-4114.718262
405878.9688;5865169.5;-4115.451172
405939.25;5865169.5;-4116.189453
405999.5625;5865169.5;-4116.931641
406059.8438;5865169.5;-4117.682129
406120.1563;5865169.5;-4118.438965
406180.4688;5865169.5;-4119.198242
406240.75;5865169.5;-4119.966309
406301.0625;5865169.5;-4120.739258
406361.375;5865169.5;-4121.517578
406421.6563;5865169.5;-4122.303223
406481.9688;5865169.5;-4123.095215
406542.25;5865169.5;-4123.893555
406602.5625;5865169.5;-4124.701172
406662.875;5865169.5;-4125.516602
406723.1563;5865169.5;-4126.336426
406783.4688;5865169.5;-4127.161133
406843.7813;5865169.5;-4127.993164
406904.0625;5865169.5;-4128.830566
406964.375;5865169.5;-4129.672363
407024.6563;5865169.5;-4130.51709
407084.9688;5865169.5;-4131.365723
407145.2813;5865169.5;-4132.21582
407205.5625;5865169.5;-4133.066895
407265.875;5865169.5;-4133.917969
407326.1875;5865169.5;-4134.76709
407386.4688;5865169.5;-4135.61377
407446.7813;5865169.5;-4136.45752
407507.0625;5865169.5;-4137.297363
407567.375;5865169.5;-4138.128906
407627.6875;5865169.5;-4138.95166
407687.9688;5865169.5;-4139.766602
407748.2813;5865169.5;-4140.571289
407808.5938;5865169.5;-4141.359863
407868.875;5865169.5;-4142.133301
407929.1875;5865169.5;-4142.893066
407989.4688;5865169.5;-4143.63916
408049.7813;5865169.5;-4144.367676
408110.0938;5865169.5;-4145.07666
408170.375;5865169.5;-4145.766113
408230.6875;5865169.5;-4146.432129
408291;5865169.5;-4147.073242
408351.2813;5865169.5;-4147.694336
408411.5938;5865169.5;-4148.296387
408471.875;5865169.5;-4148.875
408532.1875;5865169.5;-4149.425293
408592.5;5865169.5;-4149.94873
408652.7813;5865169.5;-4150.449707
408713.0938;5865169.5;-4150.926758
408773.4063;5865169.5;-4151.375977
408833.6875;5865169.5;-4151.797852
408894;5865169.5;-4152.196289
408954.2813;5865169.5;-4152.571289
409014.5938;5865169.5;-4152.917969
409074.9063;5865169.5;-4153.238281
409135.1875;5865169.5;-4153.533203
409195.5;5865169.5;-4153.800293
409255.8125;5865169.5;-4154.038574
409316.0938;5865169.5;-4154.253906
409376.4063;5865169.5;-4154.449219
401356.4063;5865230;-4152.460938
401416.6875;5865230;-4152.305176
401477;5865230;-4152.137207
401537.3125;5865230;-4151.955078
401597.5938;5865230;-4151.741699
401657.9063;5865230;-4151.500488
401718.2188;5865230;-4151.229004
401778.5;5865230;-4150.914551
401838.8125;5865230;-4150.553711
401899.0938;5865230;-4150.149414
401959.4063;5865230;-4149.697266
402019.7188;5865230;-4149.189941
402080;5865230;-4148.62207
402140.3125;5865230;-4148.003906
402200.625;5865230;-4147.338867
402260.9063;5865230;-4146.62207
402321.2188;5865230;-4145.850098
402381.5;5865230;-4145.039063
402441.8125;5865230;-4144.197754
402502.125;5865230;-4143.329102
402562.4063;5865230;-4142.430664
402622.7188;5865230;-4141.506836
402683.0313;5865230;-4140.564453
402743.3125;5865230;-4139.61084
402803.625;5865230;-4138.64502
402863.9063;5865230;-4137.67334
402924.2188;5865230;-4136.701172
402984.5313;5865230;-4135.722656
403044.8125;5865230;-4134.739258
403105.125;5865230;-4133.759277
403165.4375;5865230;-4132.775879
403225.7188;5865230;-4131.788574
403286.0313;5865230;-4130.801758
403346.3125;5865230;-4129.80957
403406.625;5865230;-4128.811523
403466.9375;5865230;-4127.812012
403527.2188;5865230;-4126.804199
403587.5313;5865230;-4125.787109
403647.8438;5865230;-4124.766602
403708.125;5865230;-4123.737793
403768.4375;5865230;-4122.70166
403828.7188;5865230;-4121.662109
403889.0313;5865230;-4120.620117
403949.3438;5865230;-4119.57666
404009.625;5865230;-4118.538086
404069.9375;5865230;-4117.507324
404130.25;5865230;-4116.486328
404190.5313;5865230;-4115.485352
404250.8438;5865230;-4114.518066
404311.125;5865230;-4113.586914
404371.4375;5865230;-4112.696289
404431.75;5865230;-4111.854492
404492.0313;5865230;-4111.069824
404552.3438;5865230;-4110.345215
404612.625;5865230;-4109.690918
404672.9375;5865230;-4109.124512
404733.25;5865230;-4108.657715
404793.5313;5865230;-4108.286133
404853.8438;5865230;-4108.016113
404914.1563;5865230;-4107.867676
404974.4375;5865230;-4107.841797
405034.75;5865230;-4107.912109
405095.0313;5865230;-4108.07373
405155.3438;5865230;-4108.337891
405215.6563;5865230;-4108.703125
405275.9375;5865230;-4109.14502
405336.25;5865230;-4109.645996
405396.5625;5865230;-4110.198242
405456.8438;5865230;-4110.789063
405517.1563;5865230;-4111.411133
405577.4375;5865230;-4112.058594
405637.75;5865230;-4112.730957
405698.0625;5865230;-4113.421875
405758.3438;5865230;-4114.123535
405818.6563;5865230;-4114.83252
405878.9688;5865230;-4115.553711
405939.25;5865230;-4116.28418
405999.5625;5865230;-4117.019531
406059.8438;5865230;-4117.763672
406120.1563;5865230;-4118.515625
406180.4688;5865230;-4119.272461
406240.75;5865230;-4120.036133
406301.0625;5865230;-4120.805664
406361.375;5865230;-4121.581055
406421.6563;5865230;-4122.364258
406481.9688;5865230;-4123.15332
406542.25;5865230;-4123.94873
406602.5625;5865230;-4124.751953
406662.875;5865230;-4125.562988
406723.1563;5865230;-4126.377441
406783.4688;5865230;-4127.196777
406843.7813;5865230;-4128.022461
406904.0625;5865230;-4128.853027
406964.375;5865230;-4129.686035
407024.6563;5865230;-4130.522461
407084.9688;5865230;-4131.361816
407145.2813;5865230;-4132.202148
407205.5625;5865230;-4133.042969
407265.875;5865230;-4133.883301
407326.1875;5865230;-4134.720703
407386.4688;5865230;-4135.556641
407446.7813;5865230;-4136.388184
407507.0625;5865230;-4137.214844
407567.375;5865230;-4138.03418
407627.6875;5865230;-4138.844727
407687.9688;5865230;-4139.647461
407748.2813;5865230;-4140.439941
407808.5938;5865230;-4141.216309
407868.875;5865230;-4141.978027
407929.1875;5865230;-4142.726563
407989.4688;5865230;-4143.461914
408049.7813;5865230;-4144.178711
408110.0938;5865230;-4144.87793
408170.375;5865230;-4145.557617
408230.6875;5865230;-4146.215332
408291;5865230;-4146.847656
408351.2813;5865230;-4147.458984
408411.5938;5865230;-4148.053223
408471.875;5865230;-4148.624023
408532.1875;5865230;-4149.166504
408592.5;5865230;-4149.683105
408652.7813;5865230;-4150.177246
408713.0938;5865230;-4150.647949
408773.4063;5865230;-4151.089844
408833.6875;5865230;-4151.505859
408894;5865230;-4151.898438
408954.2813;5865230;-4152.268066
409014.5938;5865230;-4152.609375
409074.9063;5865230;-4152.925293
409135.1875;5865230;-4153.216309
409195.5;5865230;-4153.481445
409255.8125;5865230;-4153.717773
409316.0938;5865230;-4153.932617
409376.4063;5865230;-4154.128418
401356.4063;5865291;-4152.188965
401416.6875;5865291;-4152.015625
401477;5865291;-4151.830566
401537.3125;5865291;-4151.629883
401597.5938;5865291;-4151.396973
401657.9063;5865291;-4151.137695
401718.2188;5865291;-4150.849121
401778.5;5865291;-4150.518555
401838.8125;5865291;-4150.145508
401899.0938;5865291;-4149.731445
401959.4063;5865291;-4149.272461
402019.7188;5865291;-4148.76123
402080;5865291;-4148.194824
402140.3125;5865291;-4147.57959
402200.625;5865291;-4146.920898
402260.9063;5865291;-4146.212891
402321.2188;5865291;-4145.45166
402381.5;5865291;-4144.651855
402441.8125;5865291;-4143.823242
402502.125;5865291;-4142.965332
402562.4063;5865291;-4142.078613
402622.7188;5865291;-4141.165527
402683.0313;5865291;-4140.232422
402743.3125;5865291;-4139.286133
402803.625;5865291;-4138.326172
402863.9063;5865291;-4137.358398
402924.2188;5865291;-4136.388672
402984.5313;5865291;-4135.410645
403044.8125;5865291;-4134.425781
403105.125;5865291;-4133.443848
403165.4375;5865291;-4132.458008
403225.7188;5865291;-4131.468262
403286.0313;5865291;-4130.47998
403346.3125;5865291;-4129.486328
403406.625;5865291;-4128.487793
403466.9375;5865291;-4127.489746
403527.2188;5865291;-4126.48584
403587.5313;5865291;-4125.475098
403647.8438;5865291;-4124.463379
403708.125;5865291;-4123.447266
403768.4375;5865291;-4122.426758
403828.7188;5865291;-4121.407227
403889.0313;5865291;-4120.388184
403949.3438;5865291;-4119.37207
404009.625;5865291;-4118.364746
404069.9375;5865291;-4117.367188
404130.25;5865291;-4116.382813
404190.5313;5865291;-4115.422852
404250.8438;5865291;-4114.499512
404311.125;5865291;-4113.612793
404371.4375;5865291;-4112.767578
404431.75;5865291;-4111.972168
404492.0313;5865291;-4111.233887
404552.3438;5865291;-4110.556152
404612.625;5865291;-4109.945801
404672.9375;5865291;-4109.420898
404733.25;5865291;-4108.990723
404793.5313;5865291;-4108.649414
404853.8438;5865291;-4108.401855
404914.1563;5865291;-4108.26709
404974.4375;5865291;-4108.243164
405034.75;5865291;-4108.309082
405095.0313;5865291;-4108.458496
405155.3438;5865291;-4108.703613
405215.6563;5865291;-4109.04248
405275.9375;5865291;-4109.454102
405336.25;5865291;-4109.923828
405396.5625;5865291;-4110.444824
405456.8438;5865291;-4111.006836
405517.1563;5865291;-4111.601074
405577.4375;5865291;-4112.224121
405637.75;5865291;-4112.875977
405698.0625;5865291;-4113.549316
405758.3438;5865291;-4114.236328
405818.6563;5865291;-4114.933105
405878.9688;5865291;-4115.644043
405939.25;5865291;-4116.366699
405999.5625;5865291;-4117.097168
406059.8438;5865291;-4117.835938
406120.1563;5865291;-4118.583496
406180.4688;5865291;-4119.337891
406240.75;5865291;-4120.099121
406301.0625;5865291;-4120.866699
406361.375;5865291;-4121.640137
406421.6563;5865291;-4122.419922
406481.9688;5865291;-4123.206543
406542.25;5865291;-4123.999023
406602.5625;5865291;-4124.799805
406662.875;5865291;-4125.606445
406723.1563;5865291;-4126.416992
406783.4688;5865291;-4127.231445
406843.7813;5865291;-4128.051758
406904.0625;5865291;-4128.875977
406964.375;5865291;-4129.702637
407024.6563;5865291;-4130.532715
407084.9688;5865291;-4131.36377
407145.2813;5865291;-4132.195313
407205.5625;5865291;-4133.026367
407265.875;5865291;-4133.857422
407326.1875;5865291;-4134.685059
407386.4688;5865291;-4135.510254
407446.7813;5865291;-4136.331055
407507.0625;5865291;-4137.145996
407567.375;5865291;-4137.95459
407627.6875;5865291;-4138.754883
407687.9688;5865291;-4139.545898
407748.2813;5865291;-4140.32666
407808.5938;5865291;-4141.093262
407868.875;5865291;-4141.844238
407929.1875;5865291;-4142.583496
407989.4688;5865291;-4143.308105
408049.7813;5865291;-4144.016113
408110.0938;5865291;-4144.705566
408170.375;5865291;-4145.375977
408230.6875;5865291;-4146.024414
408291;5865291;-4146.649414
408351.2813;5865291;-4147.253906
408411.5938;5865291;-4147.839844
408471.875;5865291;-4148.402832
408532.1875;5865291;-4148.938965
408592.5;5865291;-4149.44873
408652.7813;5865291;-4149.936523
408713.0938;5865291;-4150.400391
408773.4063;5865291;-4150.836426
408833.6875;5865291;-4151.24707
408894;5865291;-4151.634277
408954.2813;5865291;-4151.997559
409014.5938;5865291;-4152.333984
409074.9063;5865291;-4152.645508
409135.1875;5865291;-4152.931152
409195.5;5865291;-4153.192383
409255.8125;5865291;-4153.42627
409316.0938;5865291;-4153.640137
409376.4063;5865291;-4153.836914
401356.4063;5865351.5;-4151.936035
401416.6875;5865351.5;-4151.748047
401477;5865351.5;-4151.546875
401537.3125;5865351.5;-4151.331055
401597.5938;5865351.5;-4151.083008
401657.9063;5865351.5;-4150.809082
401718.2188;5865351.5;-4150.505859
401778.5;5865351.5;-4150.162598
401838.8125;5865351.5;-4149.778809
401899.0938;5865351.5;-4149.356445
401959.4063;5865351.5;-4148.891113
402019.7188;5865351.5;-4148.376953
402080;5865351.5;-4147.810547
402140.3125;5865351.5;-4147.198242
402200.625;5865351.5;-4146.543457
402260.9063;5865351.5;-4145.842285
402321.2188;5865351.5;-4145.089844
402381.5;5865351.5;-4144.300293
402441.8125;5865351.5;-4143.480469
402502.125;5865351.5;-4142.631348
402562.4063;5865351.5;-4141.753418
402622.7188;5865351.5;-4140.848145
402683.0313;5865351.5;-4139.921875
402743.3125;5865351.5;-4138.980957
402803.625;5865351.5;-4138.024414
402863.9063;5865351.5;-4137.05957
402924.2188;5865351.5;-4136.09082
402984.5313;5865351.5;-4135.112793
403044.8125;5865351.5;-4134.125977
403105.125;5865351.5;-4133.142578
403165.4375;5865351.5;-4132.154785
403225.7188;5865351.5;-4131.162109
403286.0313;5865351.5;-4130.171875
403346.3125;5865351.5;-4129.177246
403406.625;5865351.5;-4128.178223
403466.9375;5865351.5;-4127.183105
403527.2188;5865351.5;-4126.182129
403587.5313;5865351.5;-4125.177246
403647.8438;5865351.5;-4124.175781
403708.125;5865351.5;-4123.170898
403768.4375;5865351.5;-4122.165039
403828.7188;5865351.5;-4121.163086
403889.0313;5865351.5;-4120.165039
403949.3438;5865351.5;-4119.172363
404009.625;5865351.5;-4118.194336
404069.9375;5865351.5;-4117.228027
404130.25;5865351.5;-4116.277344
404190.5313;5865351.5;-4115.353027
404250.8438;5865351.5;-4114.467773
404311.125;5865351.5;-4113.621582
404371.4375;5865351.5;-4112.816895
404431.75;5865351.5;-4112.062988
404492.0313;5865351.5;-4111.367676
404552.3438;5865351.5;-4110.730469
404612.625;5865351.5;-4110.158691
404672.9375;5865351.5;-4109.670898
404733.25;5865351.5;-4109.271973
404793.5313;5865351.5;-4108.957031
404853.8438;5865351.5;-4108.72998
404914.1563;5865351.5;-4108.606445
404974.4375;5865351.5;-4108.585938
405034.75;5865351.5;-4108.647949
405095.0313;5865351.5;-4108.788574
405155.3438;5865351.5;-4109.018555
405215.6563;5865351.5;-4109.335938
405275.9375;5865351.5;-4109.722656
405336.25;5865351.5;-4110.166504
405396.5625;5865351.5;-4110.662598
405456.8438;5865351.5;-4111.201172
405517.1563;5865351.5;-4111.772461
405577.4375;5865351.5;-4112.375977
405637.75;5865351.5;-4113.010742
405698.0625;5865351.5;-4113.668945
405758.3438;5865351.5;-4114.343262
405818.6563;5865351.5;-4115.029785
405878.9688;5865351.5;-4115.732422
405939.25;5865351.5;-4116.449219
405999.5625;5865351.5;-4117.175293
406059.8438;5865351.5;-4117.909668
406120.1563;5865351.5;-4118.65332
406180.4688;5865351.5;-4119.405762
406240.75;5865351.5;-4120.165039
406301.0625;5865351.5;-4120.929688
406361.375;5865351.5;-4121.70166
406421.6563;5865351.5;-4122.479492
406481.9688;5865351.5;-4123.263184
406542.25;5865351.5;-4124.053223
406602.5625;5865351.5;-4124.851563
406662.875;5865351.5;-4125.653809
406723.1563;5865351.5;-4126.460449
406783.4688;5865351.5;-4127.270508
406843.7813;5865351.5;-4128.085449
406904.0625;5865351.5;-4128.903809
406964.375;5865351.5;-4129.724121
407024.6563;5865351.5;-4130.547363
407084.9688;5865351.5;-4131.371094
407145.2813;5865351.5;-4132.194336
407205.5625;5865351.5;-4133.018066
407265.875;5865351.5;-4133.839355
407326.1875;5865351.5;-4134.657715
407386.4688;5865351.5;-4135.473633
407446.7813;5865351.5;-4136.28418
407507.0625;5865351.5;-4137.088867
407567.375;5865351.5;-4137.887207
407627.6875;5865351.5;-4138.676758
407687.9688;5865351.5;-4139.45752
407748.2813;5865351.5;-4140.228516
407808.5938;5865351.5;-4140.984863
407868.875;5865351.5;-4141.727539
407929.1875;5865351.5;-4142.45752
407989.4688;5865351.5;-4143.172852
408049.7813;5865351.5;-4143.87207
408110.0938;5865351.5;-4144.553223
408170.375;5865351.5;-4145.215332
408230.6875;5865351.5;-4145.85498
408291;5865351.5;-4146.472656
408351.2813;5865351.5;-4147.069824
408411.5938;5865351.5;-4147.648438
408471.875;5865351.5;-4148.205078
408532.1875;5865351.5;-4148.733887
408592.5;5865351.5;-4149.237793
408652.7813;5865351.5;-4149.719238
408713.0938;5865351.5;-4150.177734
408773.4063;5865351.5;-4150.607422
408833.6875;5865351.5;-4151.012695
408894;5865351.5;-4151.394043
408954.2813;5865351.5;-4151.751465
409014.5938;5865351.5;-4152.08252
409074.9063;5865351.5;-4152.388184
409135.1875;5865351.5;-4152.668945
409195.5;5865351.5;-4152.925293
409255.8125;5865351.5;-4153.155762
409316.0938;5865351.5;-4153.368164
409376.4063;5865351.5;-4153.563965
401356.4063;5865412;-4151.697754
401416.6875;5865412;-4151.496094
401477;5865412;-4151.282715
401537.3125;5865412;-4151.055176
401597.5938;5865412;-4150.794434
401657.9063;5865412;-4150.507324
401718.2188;5865412;-4150.192871
401778.5;5865412;-4149.838867
401838.8125;5865412;-4149.446289
401899.0938;5865412;-4149.017578
401959.4063;5865412;-4148.546387
402019.7188;5865412;-4148.029297
402080;5865412;-4147.464355
402140.3125;5865412;-4146.854004
402200.625;5865412;-4146.202637
402260.9063;5865412;-4145.506348
402321.2188;5865412;-4144.761719
402381.5;5865412;-4143.979004
402441.8125;5865412;-4143.166504
402502.125;5865412;-4142.324219
402562.4063;5865412;-4141.452637
402622.7188;5865412;-4140.553223
402683.0313;5865412;-4139.631348
402743.3125;5865412;-4138.694336
402803.625;5865412;-4137.739746
402863.9063;5865412;-4136.775391
402924.2188;5865412;-4135.807129
402984.5313;5865412;-4134.82666
403044.8125;5865412;-4133.838379
403105.125;5865412;-4132.853516
403165.4375;5865412;-4131.862793
403225.7188;5865412;-4130.866699
403286.0313;5865412;-4129.875488
403346.3125;5865412;-4128.878906
403406.625;5865412;-4127.879883
403466.9375;5865412;-4126.886719
403527.2188;5865412;-4125.889648
403587.5313;5865412;-4124.88916
403647.8438;5865412;-4123.895508
403708.125;5865412;-4122.901855
403768.4375;5865412;-4121.90918
403828.7188;5865412;-4120.924316
403889.0313;5865412;-4119.945313
403949.3438;5865412;-4118.973633
404009.625;5865412;-4118.02002
404069.9375;5865412;-4117.081543
404130.25;5865412;-4116.161621
404190.5313;5865412;-4115.27002
404250.8438;5865412;-4114.417969
404311.125;5865412;-4113.606934
404371.4375;5865412;-4112.839355
404431.75;5865412;-4112.122559
404492.0313;5865412;-4111.463867
404552.3438;5865412;-4110.863281
404612.625;5865412;-4110.32666
404672.9375;5865412;-4109.870605
404733.25;5865412;-4109.499023
404793.5313;5865412;-4109.20752
404853.8438;5865412;-4109
404914.1563;5865412;-4108.888184
404974.4375;5865412;-4108.870605
405034.75;5865412;-4108.932129
405095.0313;5865412;-4109.066895
405155.3438;5865412;-4109.285156
405215.6563;5865412;-4109.584961
405275.9375;5865412;-4109.95166
405336.25;5865412;-4110.376465
405396.5625;5865412;-4110.852051
405456.8438;5865412;-4111.370117
405517.1563;5865412;-4111.923828
405577.4375;5865412;-4112.51123
405637.75;5865412;-4113.131836
405698.0625;5865412;-4113.777832
405758.3438;5865412;-4114.441406
405818.6563;5865412;-4115.121094
405878.9688;5865412;-4115.816895
405939.25;5865412;-4116.52832
405999.5625;5865412;-4117.250977
406059.8438;5865412;-4117.981445
406120.1563;5865412;-4118.722656
406180.4688;5865412;-4119.473145
406240.75;5865412;-4120.230469
406301.0625;5865412;-4120.993652
406361.375;5865412;-4121.764648
406421.6563;5865412;-4122.540039
406481.9688;5865412;-4123.320801
406542.25;5865412;-4124.108398
406602.5625;5865412;-4124.903809
406662.875;5865412;-4125.702637
406723.1563;5865412;-4126.505371
406783.4688;5865412;-4127.312012
406843.7813;5865412;-4128.121094
406904.0625;5865412;-4128.93457
406964.375;5865412;-4129.749512
407024.6563;5865412;-4130.565918
407084.9688;5865412;-4131.383301
407145.2813;5865412;-4132.19873
407205.5625;5865412;-4133.014648
407265.875;5865412;-4133.828125
407326.1875;5865412;-4134.637695
407386.4688;5865412;-4135.443848
407446.7813;5865412;-4136.246094
407507.0625;5865412;-4137.041504
407567.375;5865412;-4137.830078
407627.6875;5865412;-4138.610352
407687.9688;5865412;-4139.381348
407748.2813;5865412;-4140.142578
407808.5938;5865412;-4140.890625
407868.875;5865412;-4141.624512
407929.1875;5865412;-4142.345703
407989.4688;5865412;-4143.053223
408049.7813;5865412;-4143.744141
408110.0938;5865412;-4144.416992
408170.375;5865412;-4145.071777
408230.6875;5865412;-4145.70459
408291;5865412;-4146.31543
408351.2813;5865412;-4146.905762
408411.5938;5865412;-4147.477539
408471.875;5865412;-4148.026855
408532.1875;5865412;-4148.550781
408592.5;5865412;-4149.04834
408652.7813;5865412;-4149.523926
408713.0938;5865412;-4149.976563
408773.4063;5865412;-4150.400879
408833.6875;5865412;-4150.799805
408894;5865412;-4151.175293
408954.2813;5865412;-4151.526855
409014.5938;5865412;-4151.852051
409074.9063;5865412;-4152.152344
409135.1875;5865412;-4152.427246
409195.5;5865412;-4152.677246
409255.8125;5865412;-4152.902832
409316.0938;5865412;-4153.111328
409376.4063;5865412;-4153.305664
