401356.4063;5859412;-4221.989746
401416.6875;5859412;-4223.200195
401477;5859412;-4224.434082
401537.3125;5859412;-4225.704102
401597.5938;5859412;-4227.029297
401657.9063;5859412;-4228.408691
401718.2188;5859412;-4229.833008
401778.5;5859412;-4231.291992
401838.8125;5859412;-4232.785645
401899.0938;5859412;-4234.308594
401959.4063;5859412;-4235.864746
402019.7188;5859412;-4237.467773
402080;5859412;-4239.141602
402140.3125;5859412;-4240.881348
402200.625;5859412;-4242.692871
402260.9063;5859412;-4244.599121
402321.2188;5859412;-4246.624512
402381.5;5859412;-4248.72168
402441.8125;5859412;-4250.873047
402502.125;5859412;-4253.07373
402562.4063;5859412;-4255.307617
402622.7188;5859412;-4257.531738
402683.0313;5859412;-4259.725098
402743.3125;5859412;-4261.867188
402803.625;5859412;-4263.940918
402863.9063;5859412;-4265.949707
402924.2188;5859412;-4267.881348
402984.5313;5859412;-4269.707031
403044.8125;5859412;-4271.420898
403105.125;5859412;-4273.061035
403165.4375;5859412;-4274.638672
403225.7188;5859412;-4276.147949
403286.0313;5859412;-4277.583984
403346.3125;5859412;-4278.959473
403406.625;5859412;-4280.27832
403466.9375;5859412;-4281.535645
403527.2188;5859412;-4282.71582
403587.5313;5859412;-4283.82959
403647.8438;5859412;-4284.890625
403708.125;5859412;-4285.896484
403768.4375;5859412;-4286.852051
403828.7188;5859412;-4287.771973
403889.0313;5859412;-4288.651367
403949.3438;5859412;-4289.487305
404009.625;5859412;-4290.291504
404069.9375;5859412;-4291.077637
404130.25;5859412;-4291.847656
404190.5313;5859412;-4292.601563
404250.8438;5859412;-4293.339355
404311.125;5859412;-4294.067383
404371.4375;5859412;-4294.790039
404431.75;5859412;-4295.511719
404492.0313;5859412;-4296.237305
404552.3438;5859412;-4296.969727
404612.625;5859412;-4297.712402
404672.9375;5859412;-4298.474609
404733.25;5859412;-4299.260742
404793.5313;5859412;-4300.070313
404853.8438;5859412;-4300.907227
404914.1563;5859412;-4301.780762
404974.4375;5859412;-4302.691406
405034.75;5859412;-4303.630371
405095.0313;5859412;-4304.601074
405155.3438;5859412;-4305.615723
405215.6563;5859412;-4306.68457
405275.9375;5859412;-4307.797852
405336.25;5859412;-4308.953125
405396.5625;5859412;-4315.141113
405456.8438;5859412;-4316.300781
405517.1563;5859412;-4317.487793
405577.4375;5859412;-4318.722656
405637.75;5859412;-4320.016602
405698.0625;5859412;-4321.351074
405758.3438;5859412;-4322.720703
405818.6563;5859412;-4324.126953
405878.9688;5859412;-4322.673828
405939.25;5859412;-4324.129883
405999.5625;5859412;-4325.629395
406059.8438;5859412;-4327.177734
406120.1563;5859412;-4328.77832
406180.4688;5859412;-4330.430664
406240.75;5859412;-4332.130859
406301.0625;5859412;-4333.875
406361.375;5859412;-4335.669434
406421.6563;5859412;-4337.522949
406481.9688;5859412;-4339.435547
406542.25;5859412;-4341.40918
406602.5625;5859412;-4343.45459
406662.875;5859412;-4345.555664
406723.1563;5859412;-4347.691406
406783.4688;5859412;-4349.864746
406843.7813;5859412;-4352.088379
406904.0625;5859412;-4354.348633
406964.375;5859412;-4356.632813
407024.6563;5859412;-4358.936523
407084.9688;5859412;-4361.24707
407145.2813;5859412;-4363.557129
407205.5625;5859412;-4365.856934
407265.875;5859412;-4368.131836
407326.1875;5859412;-4370.356934
407386.4688;5859412;-4372.530273
407446.7813;5859412;-4374.643066
407507.0625;5859412;-4376.678711
407567.375;5859412;-4378.597656
407627.6875;5859412;-4380.39209
407687.9688;5859412;-4382.057129
407748.2813;5859412;-4383.556152
407808.5938;5859412;-4384.76709
407868.875;5859412;-4385.647461
407929.1875;5859412;-4386.247559
407989.4688;5859412;-4386.583496
408049.7813;5859412;-4386.605469
408110.0938;5859412;-4386.337891
408170.375;5859412;-4385.806152
408230.6875;5859412;-4385.016602
408291;5859412;-4384.034668
408351.2813;5859412;-4382.977051
408411.5938;5859412;-4381.887695
408471.875;5859412;-4380.793945
408532.1875;5859412;-4379.743652
408592.5;5859412;-4378.749512
408652.7813;5859412;-4377.812988
408713.0938;5859412;-4376.937012
408773.4063;5859412;-4376.134766
408833.6875;5859412;-4375.395996
408894;5859412;-4374.708984
408954.2813;5859412;-4374.067871
409014.5938;5859412;-4373.478516
409074.9063;5859412;-4372.9375
409135.1875;5859412;-4372.433594
409195.5;5859412;-4384.480469
409255.8125;5859412;-4384.15625
409316.0938;5859412;-4383.85498
409376.4063;5859412;-4383.573242
401356.4063;5859472.5;-4222.25293
401416.6875;5859472.5;-4223.416016
401477;5859472.5;-4224.612793
401537.3125;5859472.5;-4225.857422
401597.5938;5859472.5;-4227.175293
401657.9063;5859472.5;-4228.561523
401718.2188;5859472.5;-4229.999023
401778.5;5859472.5;-4231.473633
401838.8125;5859472.5;-4232.983398
401899.0938;5859472.5;-4234.520508
401959.4063;5859472.5;-4236.086914
402019.7188;5859472.5;-4237.70166
402080;5859472.5;-4239.391602
402140.3125;5859472.5;-4241.154785
402200.625;5859472.5;-4242.999023
402260.9063;5859472.5;-4244.950684
402321.2188;5859472.5;-4247.045898
402381.5;5859472.5;-4249.22168
402441.8125;5859472.5;-4251.458496
402502.125;5859472.5;-4253.749512
402562.4063;5859472.5;-4256.068848
402622.7188;5859472.5;-4258.359375
402683.0313;5859472.5;-4260.595703
402743.3125;5859472.5;-4262.754395
402803.625;5859472.5;-4264.818359
402863.9063;5859472.5;-4266.79834
402924.2188;5859472.5;-4268.683105
402984.5313;5859472.5;-4270.442871
403044.8125;5859472.5;-4272.07666
403105.125;5859472.5;-4273.636719
403165.4375;5859472.5;-4275.135254
403225.7188;5859472.5;-4276.570313
403286.0313;5859472.5;-4277.938477
403346.3125;5859472.5;-4279.254395
403406.625;5859472.5;-4280.52002
403466.9375;5859472.5;-4281.730957
403527.2188;5859472.5;-4282.871094
403587.5313;5859472.5;-4283.951172
403647.8438;5859472.5;-4284.98291
403708.125;5859472.5;-4285.962891
403768.4375;5859472.5;-4286.89502
403828.7188;5859472.5;-4287.794922
403889.0313;5859472.5;-4288.657715
403949.3438;5859472.5;-4289.477051
404009.625;5859472.5;-4290.269043
404069.9375;5859472.5;-4291.045898
404130.25;5859472.5;-4291.808105
404190.5313;5859472.5;-4292.556152
404250.8438;5859472.5;-4293.289063
404311.125;5859472.5;-4294.013184
404371.4375;5859472.5;-4294.731445
404431.75;5859472.5;-4295.44873
404492.0313;5859472.5;-4296.169434
404552.3438;5859472.5;-4296.896484
404612.625;5859472.5;-4297.632324
404672.9375;5859472.5;-4298.386719
404733.25;5859472.5;-4299.165527
404793.5313;5859472.5;-4299.96582
404853.8438;5859472.5;-4300.793945
404914.1563;5859472.5;-4301.659668
404974.4375;5859472.5;-4302.562012
405034.75;5859472.5;-4303.493652
405095.0313;5859472.5;-4304.456055
405155.3438;5859472.5;-4305.461914
405215.6563;5859472.5;-4306.522949
405275.9375;5859472.5;-4307.629883
405336.25;5859472.5;-4313.797852
405396.5625;5859472.5;-4314.907227
405456.8438;5859472.5;-4316.058594
405517.1563;5859472.5;-4317.237793
405577.4375;5859472.5;-4318.464355
405637.75;5859472.5;-4319.751953
405698.0625;5859472.5;-4321.078613
405758.3438;5859472.5;-4322.440918
405818.6563;5859472.5;-4323.838379
405878.9688;5859472.5;-4322.215332
405939.25;5859472.5;-4323.661133
405999.5625;5859472.5;-4325.150879
406059.8438;5859472.5;-4326.687988
406120.1563;5859472.5;-4328.278809
406180.4688;5859472.5;-4329.920898
406240.75;5859472.5;-4331.609375
406301.0625;5859472.5;-4333.342285
406361.375;5859472.5;-4335.123535
406421.6563;5859472.5;-4336.963379
406481.9688;5859472.5;-4338.862305
406542.25;5859472.5;-4340.819824
406602.5625;5859472.5;-4342.852051
406662.875;5859472.5;-4344.937012
406723.1563;5859472.5;-4347.055176
406783.4688;5859472.5;-4349.209961
406843.7813;5859472.5;-4351.414551
406904.0625;5859472.5;-4353.657227
406964.375;5859472.5;-4355.922852
407024.6563;5859472.5;-4358.208496
407084.9688;5859472.5;-4360.500977
407145.2813;5859472.5;-4362.791504
407205.5625;5859472.5;-4365.074219
407265.875;5859472.5;-4367.333008
407326.1875;5859472.5;-4369.544434
407386.4688;5859472.5;-4371.708008
407446.7813;5859472.5;-4373.816895
407507.0625;5859472.5;-4375.860352
407567.375;5859472.5;-4377.806152
407627.6875;5859472.5;-4379.648438
407687.9688;5859472.5;-4381.382324
407748.2813;5859472.5;-4382.976074
407808.5938;5859472.5;-4384.293945
407868.875;5859472.5;-4385.266602
407929.1875;5859472.5;-4385.932129
407989.4688;5859472.5;-4386.292969
408049.7813;5859472.5;-4386.274902
408110.0938;5859472.5;-4385.92627
408170.375;5859472.5;-4385.30127
408230.6875;5859472.5;-4384.427246
408291;5859472.5;-4383.384766
408351.2813;5859472.5;-4382.287598
408411.5938;5859472.5;-4381.168945
408471.875;5859472.5;-4380.053223
408532.1875;5859472.5;-4378.988281
408592.5;5859472.5;-4377.984375
408652.7813;5859472.5;-4377.038086
408713.0938;5859472.5;-4376.15332
408773.4063;5859472.5;-4375.34375
408833.6875;5859472.5;-4374.599609
408894;5859472.5;-4373.908203
408954.2813;5859472.5;-4373.263184
409014.5938;5859472.5;-4372.672363
409074.9063;5859472.5;-4372.130371
409135.1875;5859472.5;-4384.01709
409195.5;5859472.5;-4383.657715
409255.8125;5859472.5;-4383.33252
409316.0938;5859472.5;-4383.031738
409376.4063;5859472.5;-4382.75293
401356.4063;5859533.5;-4222.520508
401416.6875;5859533.5;-4223.634277
401477;5859533.5;-4224.791016
401537.3125;5859533.5;-4226.008789
401597.5938;5859533.5;-4227.321777
401657.9063;5859533.5;-4228.714355
401718.2188;5859533.5;-4230.165039
401778.5;5859533.5;-4231.654785
401838.8125;5859533.5;-4233.177246
401899.0938;5859533.5;-4234.724121
401959.4063;5859533.5;-4236.298828
402019.7188;5859533.5;-4237.919922
402080;5859533.5;-4239.620605
402140.3125;5859533.5;-4241.403809
402200.625;5859533.5;-4243.278809
402260.9063;5859533.5;-4245.279297
402321.2188;5859533.5;-4247.449219
402381.5;5859533.5;-4249.715332
402441.8125;5859533.5;-4252.052734
402502.125;5859533.5;-4254.451172
402562.4063;5859533.5;-4256.875488
402622.7188;5859533.5;-4259.248535
402683.0313;5859533.5;-4261.538574
402743.3125;5859533.5;-4263.721191
402803.625;5859533.5;-4265.778809
402863.9063;5859533.5;-4267.731445
402924.2188;5859533.5;-4269.565918
402984.5313;5859533.5;-4271.251953
403044.8125;5859533.5;-4272.799805
403105.125;5859533.5;-4274.271973
403165.4375;5859533.5;-4275.683594
403225.7188;5859533.5;-4277.038574
403286.0313;5859533.5;-4278.335449
403346.3125;5859533.5;-4279.587891
403406.625;5859533.5;-4280.797363
403466.9375;5859533.5;-4281.959961
403527.2188;5859533.5;-4283.059082
403587.5313;5859533.5;-4284.103027
403647.8438;5859533.5;-4285.101563
403708.125;5859533.5;-4286.053223
403768.4375;5859533.5;-4286.959961
403828.7188;5859533.5;-4287.836914
403889.0313;5859533.5;-4288.678711
403949.3438;5859533.5;-4289.480469
404009.625;5859533.5;-4290.257813
404069.9375;5859533.5;-4291.021973
404130.25;5859533.5;-4291.773926
404190.5313;5859533.5;-4292.513672
404250.8438;5859533.5;-4293.239746
404311.125;5859533.5;-4293.95752
404371.4375;5859533.5;-4294.67041
404431.75;5859533.5;-4295.381348
404492.0313;5859533.5;-4296.094727
404552.3438;5859533.5;-4296.812988
404612.625;5859533.5;-4297.539551
404672.9375;5859533.5;-4298.28418
404733.25;5859533.5;-4299.052734
404793.5313;5859533.5;-4299.842773
404853.8438;5859533.5;-4300.660645
404914.1563;5859533.5;-4301.516602
404974.4375;5859533.5;-4302.409668
405034.75;5859533.5;-4303.331543
405095.0313;5859533.5;-4304.28418
405155.3438;5859533.5;-4305.28125
405215.6563;5859533.5;-4306.333984
405275.9375;5859533.5;-4307.433105
405336.25;5859533.5;-4313.54248
405396.5625;5859533.5;-4314.643066
405456.8438;5859533.5;-4315.785645
405517.1563;5859533.5;-4316.95752
405577.4375;5859533.5;-4318.175781
405637.75;5859533.5;-4319.455078
405698.0625;5859533.5;-4320.775879
405758.3438;5859533.5;-4322.129883
405818.6563;5859533.5;-4320.345215
405878.9688;5859533.5;-4321.725586
405939.25;5859533.5;-4323.160645
405999.5625;5859533.5;-4324.63916
406059.8438;5859533.5;-4326.166016
406120.1563;5859533.5;-4327.74707
406180.4688;5859533.5;-4329.376953
406240.75;5859533.5;-4331.053711
406301.0625;5859533.5;-4332.774414
406361.375;5859533.5;-4334.541992
406421.6563;5859533.5;-4336.367188
406481.9688;5859533.5;-4338.252441
406542.25;5859533.5;-4340.196289
406602.5625;5859533.5;-4342.213379
406662.875;5859533.5;-4344.283691
406723.1563;5859533.5;-4346.38623
406783.4688;5859533.5;-4348.523926
406843.7813;5859533.5;-4350.712402
406904.0625;5859533.5;-4352.938477
406964.375;5859533.5;-4355.188965
407024.6563;5859533.5;-4357.458496
407084.9688;5859533.5;-4359.735352
407145.2813;5859533.5;-4362.010742
407205.5625;5859533.5;-4364.280762
407265.875;5859533.5;-4366.526855
407326.1875;5859533.5;-4368.728516
407386.4688;5859533.5;-4370.887207
407446.7813;5859533.5;-4372.998047
407507.0625;5859533.5;-4375.054688
407567.375;5859533.5;-4377.035156
407627.6875;5859533.5;-4378.936035
407687.9688;5859533.5;-4380.75
407748.2813;5859533.5;-4382.446777
407808.5938;5859533.5;-4383.891602
407868.875;5859533.5;-4384.98291
407929.1875;5859533.5;-4385.73584
407989.4688;5859533.5;-4386.130859
408049.7813;5859533.5;-4386.057617
408110.0938;5859533.5;-4385.59082
408170.375;5859533.5;-4384.82959
408230.6875;5859533.5;-4383.84375
408291;5859533.5;-4382.730469
408351.2813;5859533.5;-4381.582031
408411.5938;5859533.5;-4380.423828
408471.875;5859533.5;-4379.277832
408532.1875;5859533.5;-4378.191406
408592.5;5859533.5;-4377.171387
408652.7813;5859533.5;-4376.213867
408713.0938;5859533.5;-4375.319824
408773.4063;5859533.5;-4374.50293
408833.6875;5859533.5;-4373.753906
408894;5859533.5;-4373.05957
408954.2813;5859533.5;-4372.412598
409014.5938;5859533.5;-4371.821777
409074.9063;5859533.5;-4371.281738
409135.1875;5859533.5;-4383.158203
409195.5;5859533.5;-4382.798828
409255.8125;5859533.5;-4382.474121
409316.0938;5859533.5;-4382.176758
409376.4063;5859533.5;-4381.904785
401356.4063;5859594;-4222.810059
401416.6875;5859594;-4223.869141
401477;5859594;-4224.978516
401537.3125;5859594;-4226.169922
401597.5938;5859594;-4227.482422
401657.9063;5859594;-4228.881348
401718.2188;5859594;-4230.34375
401778.5;5859594;-4231.846191
401838.8125;5859594;-4233.378418
401899.0938;5859594;-4234.930664
401959.4063;5859594;-4236.508301
402019.7188;5859594;-4238.129395
402080;5859594;-4239.834961
402140.3125;5859594;-4241.632324
402200.625;5859594;-4243.535156
402260.9063;5859594;-4245.584473
402321.2188;5859594;-4247.837402
402381.5;5859594;-4250.207031
402441.8125;5859594;-4252.661621
402502.125;5859594;-4255.188477
402562.4063;5859594;-4257.740234
402622.7188;5859594;-4260.212402
402683.0313;5859594;-4262.571289
402743.3125;5859594;-4264.786133
402803.625;5859594;-4266.839355
402863.9063;5859594;-4268.762207
402924.2188;5859594;-4270.540527
402984.5313;5859594;-4272.144043
403044.8125;5859594;-4273.596191
403105.125;5859594;-4274.971191
403165.4375;5859594;-4276.288086
403225.7188;5859594;-4277.554199
403286.0313;5859594;-4278.773926
403346.3125;5859594;-4279.959473
403406.625;5859594;-4281.109375
403466.9375;5859594;-4282.220215
403527.2188;5859594;-4283.276367
403587.5313;5859594;-4284.282227
403647.8438;5859594;-4285.24707
403708.125;5859594;-4286.166992
403768.4375;5859594;-4287.04541
403828.7188;5859594;-4287.895996
403889.0313;5859594;-4288.713867
403949.3438;5859594;-4289.494629
404009.625;5859594;-4290.254883
404069.9375;5859594;-4291.003418
404130.25;5859594;-4291.742676
404190.5313;5859594;-4292.47168
404250.8438;5859594;-4293.189941
404311.125;5859594;-4293.900879
404371.4375;5859594;-4294.605469
404431.75;5859594;-4295.307617
404492.0313;5859594;-4296.011719
404552.3438;5859594;-4296.719727
404612.625;5859594;-4297.435547
404672.9375;5859594;-4298.16748
404733.25;5859594;-4298.923828
404793.5313;5859594;-4299.700684
404853.8438;5859594;-4300.506836
404914.1563;5859594;-4301.350586
404974.4375;5859594;-4302.232422
405034.75;5859594;-4303.143555
405095.0313;5859594;-4304.085938
405155.3438;5859594;-4305.072754
405215.6563;5859594;-4306.116699
405275.9375;5859594;-4312.208008
405336.25;5859594;-4313.257324
405396.5625;5859594;-4314.349609
405456.8438;5859594;-4315.483887
405517.1563;5859594;-4316.645508
405577.4375;5859594;-4317.855469
405637.75;5859594;-4319.127441
405698.0625;5859594;-4320.439941
405758.3438;5859594;-4318.513672
405818.6563;5859594;-4319.833008
405878.9688;5859594;-4321.203125
405939.25;5859594;-4322.626465
405999.5625;5859594;-4324.09375
406059.8438;5859594;-4325.609863
406120.1563;5859594;-4327.179199
406180.4688;5859594;-4328.797852
406240.75;5859594;-4330.461426
406301.0625;5859594;-4332.168945
406361.375;5859594;-4333.92334
406421.6563;5859594;-4335.734375
406481.9688;5859594;-4337.60498
406542.25;5859594;-4339.535156
406602.5625;5859594;-4341.538086
406662.875;5859594;-4343.594238
406723.1563;5859594;-4345.682129
406783.4688;5859594;-4347.805176
406843.7813;5859594;-4349.978516
406904.0625;5859594;-4352.189941
406964.375;5859594;-4354.42627
407024.6563;5859594;-4356.682617
407084.9688;5859594;-4358.946289
407145.2813;5859594;-4361.208984
407205.5625;5859594;-4363.467773
407265.875;5859594;-4365.704102
407326.1875;5859594;-4367.898926
407386.4688;5859594;-4370.055176
407446.7813;5859594;-4372.171387
407507.0625;5859594;-4374.243164
407567.375;5859594;-4376.261719
407627.6875;5859594;-4378.225098
407687.9688;5859594;-4380.124512
407748.2813;5859594;-4381.933105
407808.5938;5859594;-4383.520508
407868.875;5859594;-4384.757813
407929.1875;5859594;-4385.626953
407989.4688;5859594;-4386.080566
408049.7813;5859594;-4385.941895
408110.0938;5859594;-4385.315918
408170.375;5859594;-4384.379395
408230.6875;5859594;-4383.252441
408291;5859594;-4382.054199
408351.2813;5859594;-4380.845215
408411.5938;5859594;-4379.639648
408471.875;5859594;-4378.456543
408532.1875;5859594;-4377.345215
408592.5;5859594;-4376.306641
408652.7813;5859594;-4375.334961
408713.0938;5859594;-4374.430176
408773.4063;5859594;-4373.606934
408833.6875;5859594;-4372.854492
408894;5859594;-4372.158203
408954.2813;5859594;-4371.51123
409014.5938;5859594;-4370.92334
409074.9063;5859594;-4382.651855
409135.1875;5859594;-4382.254395
409195.5;5859594;-4381.896973
409255.8125;5859594;-4381.575195
409316.0938;5859594;-4381.282715
409376.4063;5859594;-4381.02002
401356.4063;5859654.5;-4223.190918
401416.6875;5859654.5;-4224.174316
401477;5859654.5;-4225.211914
401537.3125;5859654.5;-4226.375
401597.5938;5859654.5;-4227.708984
401657.9063;5859654.5;-4229.120117
401718.2188;5859654.5;-4230.586426
401778.5;5859654.5;-4232.089844
401838.8125;5859654.5;-4233.620117
401899.0938;5859654.5;-4235.166504
401959.4063;5859654.5;-4236.732422
402019.7188;5859654.5;-4238.34082
402080;5859654.5;-4240.037598
402140.3125;5859654.5;-4241.836914
402200.625;5859654.5;-4243.757813
402260.9063;5859654.5;-4245.851563
402321.2188;5859654.5;-4248.199219
402381.5;5859654.5;-4250.691895
402441.8125;5859654.5;-4253.293457
402502.125;5859654.5;-4255.984863
402562.4063;5859654.5;-4258.703613
402622.7188;5859654.5;-4261.308105
402683.0313;5859654.5;-4263.755859
402743.3125;5859654.5;-4266.013672
402803.625;5859654.5;-4268.064453
402863.9063;5859654.5;-4269.949707
402924.2188;5859654.5;-4271.660156
402984.5313;5859654.5;-4273.164551
403044.8125;5859654.5;-4274.503418
403105.125;5859654.5;-4275.763672
403165.4375;5859654.5;-4276.969727
403225.7188;5859654.5;-4278.134277
403286.0313;5859654.5;-4279.268066
403346.3125;5859654.5;-4280.378418
403406.625;5859654.5;-4281.463379
403466.9375;5859654.5;-4282.520508
403527.2188;5859654.5;-4283.531738
403587.5313;5859654.5;-4284.496094
403647.8438;5859654.5;-4285.425293
403708.125;5859654.5;-4286.311035
403768.4375;5859654.5;-4287.155762
403828.7188;5859654.5;-4287.976074
403889.0313;5859654.5;-4288.765625
403949.3438;5859654.5;-4289.521484
404009.625;5859654.5;-4290.260742
404069.9375;5859654.5;-4290.992676
404130.25;5859654.5;-4291.716309
404190.5313;5859654.5;-4292.431641
404250.8438;5859654.5;-4293.140625
404311.125;5859654.5;-4293.842773
404371.4375;5859654.5;-4294.539063
404431.75;5859654.5;-4295.231934
404492.0313;5859654.5;-4295.924805
404552.3438;5859654.5;-4296.621094
404612.625;5859654.5;-4297.323242
404672.9375;5859654.5;-4298.040039
404733.25;5859654.5;-4298.78125
404793.5313;5859654.5;-4299.543457
404853.8438;5859654.5;-4300.333496
404914.1563;5859654.5;-4301.164063
404974.4375;5859654.5;-4302.031738
405034.75;5859654.5;-4302.930664
405095.0313;5859654.5;-4303.86084
405155.3438;5859654.5;-4304.835938
405215.6563;5859654.5;-4310.885742
405275.9375;5859654.5;-4311.902344
405336.25;5859654.5;-4312.940918
405396.5625;5859654.5;-4314.022461
405456.8438;5859654.5;-4315.145996
405517.1563;5859654.5;-4316.298828
405577.4375;5859654.5;-4317.499512
405637.75;5859654.5;-4318.763184
405698.0625;5859654.5;-4316.65625
405758.3438;5859654.5;-4317.928711
405818.6563;5859654.5;-4319.237305
405878.9688;5859654.5;-4320.595215
405939.25;5859654.5;-4322.006348
405999.5625;5859654.5;-4323.460938
406059.8438;5859654.5;-4324.965332
406120.1563;5859654.5;-4326.522461
406180.4688;5859654.5;-4328.127441
406240.75;5859654.5;-4329.77832
406301.0625;5859654.5;-4331.472656
406361.375;5859654.5;-4333.212402
406421.6563;5859654.5;-4335.009277
406481.9688;5859654.5;-4336.865723
406542.25;5859654.5;-4338.782227
406602.5625;5859654.5;-4340.77002
406662.875;5859654.5;-4342.812012
406723.1563;5859654.5;-4344.886719
406783.4688;5859654.5;-4346.99707
406843.7813;5859654.5;-4349.157715
406904.0625;5859654.5;-4351.355957
406964.375;5859654.5;-4353.580566
407024.6563;5859654.5;-4355.826172
407084.9688;5859654.5;-4358.079102
407145.2813;5859654.5;-4360.331055
407205.5625;5859654.5;-4362.580078
407265.875;5859654.5;-4364.807617
407326.1875;5859654.5;-4366.995117
407386.4688;5859654.5;-4369.149414
407446.7813;5859654.5;-4371.269043
407507.0625;5859654.5;-4373.354492
407567.375;5859654.5;-4375.405273
407627.6875;5859654.5;-4377.42041
407687.9688;5859654.5;-4379.393066
407748.2813;5859654.5;-4381.302734
407808.5938;5859654.5;-4383.026367
407868.875;5859654.5;-4384.414063
407929.1875;5859654.5;-4385.42041
407989.4688;5859654.5;-4385.998535
408049.7813;5859654.5;-4385.80957
408110.0938;5859654.5;-4384.978516
408170.375;5859654.5;-4383.852051
408230.6875;5859654.5;-4382.578125
408291;5859654.5;-4381.286133
408351.2813;5859654.5;-4380.012207
408411.5938;5859654.5;-4378.757813
408471.875;5859654.5;-4377.538086
408532.1875;5859654.5;-4376.401855
408592.5;5859654.5;-4375.346191
408652.7813;5859654.5;-4374.362793
408713.0938;5859654.5;-4373.449707
408773.4063;5859654.5;-4372.623535
408833.6875;5859654.5;-4371.869629
408894;5859654.5;-4371.17627
408954.2813;5859654.5;-4370.532715
409014.5938;5859654.5;-4382.103027
409074.9063;5859654.5;-4381.665527
409135.1875;5859654.5;-4381.27002
409195.5;5859654.5;-4380.915527
409255.8125;5859654.5;-4380.599121
409316.0938;5859654.5;-4380.314941
409376.4063;5859654.5;-4380.0625
401356.4063;5859715;-4223.735352
401416.6875;5859715;-4224.620117
401477;5859715;-4225.553711
401537.3125;5859715;-4226.685059
401597.5938;5859715;-4228.061035
401657.9063;5859715;-4229.487305
401718.2188;5859715;-4230.943359
401778.5;5859715;-4232.427734
401838.8125;5859715;-4233.935547
401899.0938;5859715;-4235.454102
401959.4063;5859715;-4236.986328
402019.7188;5859715;-4238.553711
402080;5859715;-4240.214844
402140.3125;5859715;-4241.990723
402200.625;5859715;-4243.906738
402260.9063;5859715;-4246.030762
402321.2188;5859715;-4248.477539
402381.5;5859715;-4251.118652
402441.8125;5859715;-4253.905762
402502.125;5859715;-4256.814453
402562.4063;5859715;-4259.755371
402622.7188;5859715;-4262.538574
402683.0313;5859715;-4265.106934
402743.3125;5859715;-4267.421875
402803.625;5859715;-4269.46875
402863.9063;5859715;-4271.307129
402924.2188;5859715;-4272.930664
402984.5313;5859715;-4274.311523
403044.8125;5859715;-4275.513184
403105.125;5859715;-4276.63916
403165.4375;5859715;-4277.717773
403225.7188;5859715;-4278.76709
403286.0313;5859715;-4279.805664
403346.3125;5859715;-4280.834961
403406.625;5859715;-4281.850586
403466.9375;5859715;-4282.851563
403527.2188;5859715;-4283.815918
403587.5313;5859715;-4284.73877
403647.8438;5859715;-4285.62793
403708.125;5859715;-4286.475098
403768.4375;5859715;-4287.282227
403828.7188;5859715;-4288.066406
403889.0313;5859715;-4288.821777
403949.3438;5859715;-4289.547363
404009.625;5859715;-4290.26123
404069.9375;5859715;-4290.970703
404130.25;5859715;-4291.675781
404190.5313;5859715;-4292.377441
404250.8438;5859715;-4293.076172
404311.125;5859715;-4293.77002
404371.4375;5859715;-4294.458008
404431.75;5859715;-4295.140625
404492.0313;5859715;-4295.822266
404552.3438;5859715;-4296.504395
404612.625;5859715;-4297.191406
404672.9375;5859715;-4297.891602
404733.25;5859715;-4298.614258
404793.5313;5859715;-4299.35791
404853.8438;5859715;-4300.130859
404914.1563;5859715;-4300.944336
404974.4375;5859715;-4301.796875
405034.75;5859715;-4302.680664
405095.0313;5859715;-4303.598145
405155.3438;5859715;-4304.560059
405215.6563;5859715;-4310.550293
405275.9375;5859715;-4311.554688
405336.25;5859715;-4312.582031
405396.5625;5859715;-4313.652344
405456.8438;5859715;-4314.766113
405517.1563;5859715;-4315.90918
405577.4375;5859715;-4317.099609
405637.75;5859715;-4318.354004
405698.0625;5859715;-4316.034668
405758.3438;5859715;-4317.29541
405818.6563;5859715;-4318.590332
405878.9688;5859715;-4319.936035
405939.25;5859715;-4321.334961
405999.5625;5859715;-4322.776855
406059.8438;5859715;-4324.26709
406120.1563;5859715;-4325.811523
406180.4688;5859715;-4327.402832
406240.75;5859715;-4329.039551
406301.0625;5859715;-4330.719727
406361.375;5859715;-4332.444336
406421.6563;5859715;-4334.227051
406481.9688;5859715;-4336.069336
406542.25;5859715;-4337.970703
406602.5625;5859715;-4339.945801
406662.875;5859715;-4341.975098
406723.1563;5859715;-4344.037109
406783.4688;5859715;-4346.134766
406843.7813;5859715;-4348.28418
406904.0625;5859715;-4350.47168
406964.375;5859715;-4352.68457
407024.6563;5859715;-4354.919434
407084.9688;5859715;-4357.162109
407145.2813;5859715;-4359.402832
407205.5625;5859715;-4361.640625
407265.875;5859715;-4363.855957
407326.1875;5859715;-4366.031738
407386.4688;5859715;-4368.175293
407446.7813;5859715;-4370.287598
407507.0625;5859715;-4372.371582
407567.375;5859715;-4374.429199
407627.6875;5859715;-4376.462891
407687.9688;5859715;-4378.463379
407748.2813;5859715;-4380.412598
407808.5938;5859715;-4382.194824
407868.875;5859715;-4383.646973
407929.1875;5859715;-4384.754395
407989.4688;5859715;-4385.49707
408049.7813;5859715;-4385.299805
408110.0938;5859715;-4384.27832
408170.375;5859715;-4383.019531
408230.6875;5859715;-4381.672852
408291;5859715;-4380.333008
408351.2813;5859715;-4379.022461
408411.5938;5859715;-4377.73877
408471.875;5859715;-4376.496094
408532.1875;5859715;-4375.345703
408592.5;5859715;-4374.280273
408652.7813;5859715;-4373.290039
408713.0938;5859715;-4372.375488
408773.4063;5859715;-4371.549805
408833.6875;5859715;-4370.799316
408894;5859715;-4370.109863
408954.2813;5859715;-4369.473145
409014.5938;5859715;-4381.037109
409074.9063;5859715;-4380.603027
409135.1875;5859715;-4380.211914
409195.5;5859715;-4379.862305
409255.8125;5859715;-4379.553711
409316.0938;5859715;-4379.27832
409376.4063;5859715;-4379.036621
401356.4063;5859775.5;-4224.473145
401416.6875;5859775.5;-4225.285645
401477;5859775.5;-4226.149902
401537.3125;5859775.5;-4227.238281
401597.5938;5859775.5;-4228.601074
401657.9063;5859775.5;-4230.006836
401718.2188;5859775.5;-4231.428223
401778.5;5859775.5;-4232.871094
401838.8125;5859775.5;-4234.333496
401899.0938;5859775.5;-4235.799805
401959.4063;5859775.5;-4237.269531
402019.7188;5859775.5;-4238.765625
402080;5859775.5;-4240.356445
402140.3125;5859775.5;-4242.075195
402200.625;5859775.5;-4243.954102
402260.9063;5859775.5;-4246.083984
402321.2188;5859775.5;-4248.635254
402381.5;5859775.5;-4251.44873
402441.8125;5859775.5;-4254.463867
402502.125;5859775.5;-4257.646973
402562.4063;5859775.5;-4260.873047
402622.7188;5859775.5;-4263.884766
402683.0313;5859775.5;-4266.60791
402743.3125;5859775.5;-4268.994629
402803.625;5859775.5;-4271.033691
402863.9063;5859775.5;-4272.812012
402924.2188;5859775.5;-4274.327637
402984.5313;5859775.5;-4275.560547
403044.8125;5859775.5;-4276.603516
403105.125;5859775.5;-4277.575684
403165.4375;5859775.5;-4278.510254
403225.7188;5859775.5;-4279.432129
403286.0313;5859775.5;-4280.368164
403346.3125;5859775.5;-4281.312988
403406.625;5859775.5;-4282.259766
403466.9375;5859775.5;-4283.204102
403527.2188;5859775.5;-4284.122559
403587.5313;5859775.5;-4285.001465
403647.8438;5859775.5;-4285.848145
403708.125;5859775.5;-4286.652344
403768.4375;5859775.5;-4287.415039
403828.7188;5859775.5;-4288.155762
403889.0313;5859775.5;-4288.870117
403949.3438;5859775.5;-4289.556641
404009.625;5859775.5;-4290.239258
404069.9375;5859775.5;-4290.923828
404130.25;5859775.5;-4291.60791
404190.5313;5859775.5;-4292.294922
404250.8438;5859775.5;-4292.983887
404311.125;5859775.5;-4293.67041
404371.4375;5859775.5;-4294.351563
404431.75;5859775.5;-4295.026367
404492.0313;5859775.5;-4295.696777
404552.3438;5859775.5;-4296.365234
404612.625;5859775.5;-4297.035645
404672.9375;5859775.5;-4297.717773
404733.25;5859775.5;-4298.421387
404793.5313;5859775.5;-4299.144531
404853.8438;5859775.5;-4299.897461
404914.1563;5859775.5;-4300.691895
404974.4375;5859775.5;-4301.526367
405034.75;5859775.5;-4302.394531
405095.0313;5859775.5;-4303.29541
405155.3438;5859775.5;-4309.232422
405215.6563;5859775.5;-4310.174316
405275.9375;5859775.5;-4311.165039
405336.25;5859775.5;-4312.180176
405396.5625;5859775.5;-4313.239746
405456.8438;5859775.5;-4314.342285
405517.1563;5859775.5;-4315.475586
405577.4375;5859775.5;-4316.657227
405637.75;5859775.5;-4314.153809
405698.0625;5859775.5;-4315.369141
405758.3438;5859775.5;-4316.617188
405818.6563;5859775.5;-4317.899902
405878.9688;5859775.5;-4319.232422
405939.25;5859775.5;-4320.617676
405999.5625;5859775.5;-4322.04541
406059.8438;5859775.5;-4323.522949
406120.1563;5859775.5;-4325.053223
406180.4688;5859775.5;-4326.629883
406240.75;5859775.5;-4328.252441
406301.0625;5859775.5;-4329.91748
406361.375;5859775.5;-4331.627441
406421.6563;5859775.5;-4333.39502
406481.9688;5859775.5;-4335.223145
406542.25;5859775.5;-4337.11084
406602.5625;5859775.5;-4339.072754
406662.875;5859775.5;-4341.090332
406723.1563;5859775.5;-4343.139648
406783.4688;5859775.5;-4345.226563
406843.7813;5859775.5;-4347.366211
406904.0625;5859775.5;-4349.543945
406964.375;5859775.5;-4351.746094
407024.6563;5859775.5;-4353.971191
407084.9688;5859775.5;-4356.202637
407145.2813;5859775.5;-4358.431152
407205.5625;5859775.5;-4360.655273
407265.875;5859775.5;-4362.854492
407326.1875;5859775.5;-4365.01123
407386.4688;5859775.5;-4367.134766
407446.7813;5859775.5;-4369.225586
407507.0625;5859775.5;-4371.287598
407567.375;5859775.5;-4373.324707
407627.6875;5859775.5;-4375.336914
407687.9688;5859775.5;-4377.315918
407748.2813;5859775.5;-4379.241699
407808.5938;5859775.5;-4380.995117
407868.875;5859775.5;-4382.415527
407929.1875;5859775.5;-4383.48877
407989.4688;5859775.5;-4384.205566
408049.7813;5859775.5;-4384.021484
408110.0938;5859775.5;-4383.043457
408170.375;5859775.5;-4381.827148
408230.6875;5859775.5;-4380.503418
408291;5859775.5;-4379.16748
408351.2813;5859775.5;-4377.854004
408411.5938;5859775.5;-4376.566406
408471.875;5859775.5;-4375.320801
408532.1875;5859775.5;-4374.167969
408592.5;5859775.5;-4373.104004
408652.7813;5859775.5;-4372.116699
408713.0938;5859775.5;-4371.206055
408773.4063;5859775.5;-4370.387207
408833.6875;5859775.5;-4369.644531
408894;5859775.5;-4368.964844
408954.2813;5859775.5;-4380.373047
409014.5938;5859775.5;-4379.897461
409074.9063;5859775.5;-4379.469238
409135.1875;5859775.5;-4379.083984
409195.5;5859775.5;-4378.742188
409255.8125;5859775.5;-4378.441406
409316.0938;5859775.5;-4378.175781
409376.4063;5859775.5;-4377.945801
401356.4063;5859836.5;-4225.432617
401416.6875;5859836.5;-4226.229492
401477;5859836.5;-4227.082031
401537.3125;5859836.5;-4228.114746
401597.5938;5859836.5;-4229.378906
401657.9063;5859836.5;-4230.703125
401718.2188;5859836.5;-4232.055664
401778.5;5859836.5;-4233.432617
401838.8125;5859836.5;-4234.82666
401899.0938;5859836.5;-4236.212402
401959.4063;5859836.5;-4237.586426
402019.7188;5859836.5;-4238.974121
402080;5859836.5;-4240.45459
402140.3125;5859836.5;-4242.072266
402200.625;5859836.5;-4243.871094
402260.9063;5859836.5;-4245.97168
402321.2188;5859836.5;-4248.625488
402381.5;5859836.5;-4251.640137
402441.8125;5859836.5;-4254.932617
402502.125;5859836.5;-4258.458008
402562.4063;5859836.5;-4262.04248
402622.7188;5859836.5;-4265.339355
402683.0313;5859836.5;-4268.251953
402743.3125;5859836.5;-4270.723633
402803.625;5859836.5;-4272.749512
402863.9063;5859836.5;-4274.44873
402924.2188;5859836.5;-4275.831055
402984.5313;5859836.5;-4276.888672
403044.8125;5859836.5;-4277.749512
403105.125;5859836.5;-4278.548828
403165.4375;5859836.5;-4279.325195
403225.7188;5859836.5;-4280.11084
403286.0313;5859836.5;-4280.94043
403346.3125;5859836.5;-4281.799805
403406.625;5859836.5;-4282.67627
403466.9375;5859836.5;-4283.567871
403527.2188;5859836.5;-4284.441895
403587.5313;5859836.5;-4285.277344
403647.8438;5859836.5;-4286.078613
403708.125;5859836.5;-4286.833496
403768.4375;5859836.5;-4287.543457
403828.7188;5859836.5;-4288.230469
403889.0313;5859836.5;-4288.893066
403949.3438;5859836.5;-4289.533691
404009.625;5859836.5;-4290.180176
404069.9375;5859836.5;-4290.834473
404130.25;5859836.5;-4291.496582
404190.5313;5859836.5;-4292.168945
404250.8438;5859836.5;-4292.852051
404311.125;5859836.5;-4293.536621
404371.4375;5859836.5;-4294.214355
404431.75;5859836.5;-4294.883789
404492.0313;5859836.5;-4295.546875
404552.3438;5859836.5;-4296.203125
404612.625;5859836.5;-4296.858398
404672.9375;5859836.5;-4297.521973
404733.25;5859836.5;-4298.20459
404793.5313;5859836.5;-4298.905762
404853.8438;5859836.5;-4299.638184
404914.1563;5859836.5;-4300.411133
404974.4375;5859836.5;-4301.226074
405034.75;5859836.5;-4302.075195
405095.0313;5859836.5;-4302.961426
405155.3438;5859836.5;-4308.848633
405215.6563;5859836.5;-4309.774902
405275.9375;5859836.5;-4310.751465
405336.25;5859836.5;-4311.753418
405396.5625;5859836.5;-4312.800781
405456.8438;5859836.5;-4313.891602
405517.1563;5859836.5;-4315.013672
405577.4375;5859836.5;-4312.270996
405637.75;5859836.5;-4313.424805
405698.0625;5859836.5;-4314.625488
405758.3438;5859836.5;-4315.860352
405818.6563;5859836.5;-4317.128906
405878.9688;5859836.5;-4318.447754
405939.25;5859836.5;-4319.818848
405999.5625;5859836.5;-4321.231934
406059.8438;5859836.5;-4322.695313
406120.1563;5859836.5;-4324.211426
406180.4688;5859836.5;-4325.772461
406240.75;5859836.5;-4327.379395
406301.0625;5859836.5;-4329.029785
406361.375;5859836.5;-4330.724609
406421.6563;5859836.5;-4332.477539
406481.9688;5859836.5;-4334.291504
406542.25;5859836.5;-4336.165039
406602.5625;5859836.5;-4338.114258
406662.875;5859836.5;-4340.121094
406723.1563;5859836.5;-4342.160645
406783.4688;5859836.5;-4344.237793
406843.7813;5859836.5;-4346.369141
406904.0625;5859836.5;-4348.539063
406964.375;5859836.5;-4350.733398
407024.6563;5859836.5;-4352.950684
407084.9688;5859836.5;-4355.172363
407145.2813;5859836.5;-4357.388184
407205.5625;5859836.5;-4359.596191
407265.875;5859836.5;-4361.773926
407326.1875;5859836.5;-4363.903809
407386.4688;5859836.5;-4365.995117
407446.7813;5859836.5;-4368.048828
407507.0625;5859836.5;-4370.068359
407567.375;5859836.5;-4372.054199
407627.6875;5859836.5;-4374.006348
407687.9688;5859836.5;-4375.914063
407748.2813;5859836.5;-4377.755371
407808.5938;5859836.5;-4379.404297
407868.875;5859836.5;-4380.708496
407929.1875;5859836.5;-4381.632813
407989.4688;5859836.5;-4382.154297
408049.7813;5859836.5;-4382.001465
408110.0938;5859836.5;-4381.274414
408170.375;5859836.5;-4380.249023
408230.6875;5859836.5;-4379.029785
408291;5859836.5;-4377.749023
408351.2813;5859836.5;-4376.471191
408411.5938;5859836.5;-4375.208984
408471.875;5859836.5;-4373.983887
408532.1875;5859836.5;-4372.848145
408592.5;5859836.5;-4371.799805
408652.7813;5859836.5;-4370.828613
408713.0938;5859836.5;-4369.933594
408773.4063;5859836.5;-4369.128418
408833.6875;5859836.5;-4368.401855
408894;5859836.5;-4379.673828
408954.2813;5859836.5;-4379.14209
409014.5938;5859836.5;-4378.673828
409074.9063;5859836.5;-4378.253418
409135.1875;5859836.5;-4377.876465
409195.5;5859836.5;-4377.542969
409255.8125;5859836.5;-4377.251465
409316.0938;5859836.5;-4376.996094
409376.4063;5859836.5;-4376.776367
401356.4063;5859897;-4226.605957
401416.6875;5859897;-4227.425293
401477;5859897;-4228.285156
401537.3125;5859897;-4229.253906
401597.5938;5859897;-4230.381348
401657.9063;5859897;-4231.581543
401718.2188;5859897;-4232.833008
401778.5;5859897;-4234.119629
401838.8125;5859897;-4235.418945
401899.0938;5859897;-4236.692871
401959.4063;5859897;-4237.933105
402019.7188;5859897;-4239.170898
402080;5859897;-4240.490723
402140.3125;5859897;-4241.950195
402200.625;5859897;-4243.602051
402260.9063;5859897;-4245.611816
402321.2188;5859897;-4248.365723
402381.5;5859897;-4251.624512
402441.8125;5859897;-4255.272461
402502.125;5859897;-4259.231934
402562.4063;5859897;-4263.264648
402622.7188;5859897;-4266.911133
402683.0313;5859897;-4270.046387
402743.3125;5859897;-4272.60791
402803.625;5859897;-4274.600586
402863.9063;5859897;-4276.188965
402924.2188;5859897;-4277.402344
402984.5313;5859897;-4278.248535
403044.8125;5859897;-4278.90332
403105.125;5859897;-4279.513184
403165.4375;5859897;-4280.120605
403225.7188;5859897;-4280.765137
403286.0313;5859897;-4281.491211
403346.3125;5859897;-4282.270996
403406.625;5859897;-4283.088379
403466.9375;5859897;-4283.93457
403527.2188;5859897;-4284.769531
403587.5313;5859897;-4285.561523
403647.8438;5859897;-4286.312988
403708.125;5859897;-4287.007813
403768.4375;5859897;-4287.649902
403828.7188;5859897;-4288.267578
403889.0313;5859897;-4288.861816
403949.3438;5859897;-4289.442871
404009.625;5859897;-4290.042969
404069.9375;5859897;-4290.661621
404130.25;5859897;-4291.298828
404190.5313;5859897;-4291.958496
404250.8438;5859897;-4292.640137
404311.125;5859897;-4293.328125
404371.4375;5859897;-4294.009766
404431.75;5859897;-4294.681152
404492.0313;5859897;-4295.341797
404552.3438;5859897;-4295.991699
404612.625;5859897;-4296.633789
404672.9375;5859897;-4297.280273
404733.25;5859897;-4297.942383
404793.5313;5859897;-4298.621094
404853.8438;5859897;-4299.330078
404914.1563;5859897;-4300.080566
404974.4375;5859897;-4300.875
405034.75;5859897;-4301.70459
405095.0313;5859897;-4307.573242
405155.3438;5859897;-4308.413574
405215.6563;5859897;-4309.323242
405275.9375;5859897;-4310.284668
405336.25;5859897;-4311.273438
405396.5625;5859897;-4312.307129
405456.8438;5859897;-4313.38623
405517.1563;5859897;-4310.411621
405577.4375;5859897;-4311.490723
405637.75;5859897;-4312.629883
405698.0625;5859897;-4313.817383
405758.3438;5859897;-4315.038574
405818.6563;5859897;-4316.292969
405878.9688;5859897;-4317.598145
405939.25;5859897;-4318.95459
405999.5625;5859897;-4320.352051
406059.8438;5859897;-4321.799316
406120.1563;5859897;-4323.299805
406180.4688;5859897;-4324.845215
406240.75;5859897;-4326.436523
406301.0625;5859897;-4328.071289
406361.375;5859897;-4329.750488
406421.6563;5859897;-4331.48877
406481.9688;5859897;-4333.289063
406542.25;5859897;-4335.149414
406602.5625;5859897;-4337.087891
406662.875;5859897;-4339.085449
406723.1563;5859897;-4341.117188
406783.4688;5859897;-4343.187988
406843.7813;5859897;-4345.31543
406904.0625;5859897;-4347.481445
406964.375;5859897;-4349.669922
407024.6563;5859897;-4351.881348
407084.9688;5859897;-4354.094238
407145.2813;5859897;-4356.297363
407205.5625;5859897;-4358.48584
407265.875;5859897;-4360.636719
407326.1875;5859897;-4362.728516
407386.4688;5859897;-4364.772461
407446.7813;5859897;-4366.769531
407507.0625;5859897;-4368.722168
407567.375;5859897;-4370.625488
407627.6875;5859897;-4372.478027
407687.9688;5859897;-4374.270996
407748.2813;5859897;-4375.979492
407808.5938;5859897;-4377.471191
407868.875;5859897;-4378.62207
407929.1875;5859897;-4379.421875
407989.4688;5859897;-4379.838379
408049.7813;5859897;-4379.737793
408110.0938;5859897;-4379.194824
408170.375;5859897;-4378.33252
408230.6875;5859897;-4377.241211
408291;5859897;-4376.050293
408351.2813;5859897;-4374.84082
408411.5938;5859897;-4373.634766
408471.875;5859897;-4372.456055
408532.1875;5859897;-4371.360352
408592.5;5859897;-4370.346191
408652.7813;5859897;-4369.405273
408713.0938;5859897;-4368.536621
408773.4063;5859897;-4367.757813
408833.6875;5859897;-4367.053223
408894;5859897;-4378.334473
408954.2813;5859897;-4377.815918
409014.5938;5859897;-4377.357422
409074.9063;5859897;-4376.947754
409135.1875;5859897;-4376.581055
409195.5;5859897;-4376.257324
409255.8125;5859897;-4375.976563
409316.0938;5859897;-4375.731445
409376.4063;5859897;-4375.524414
401356.4063;5859957.5;-4227.87207
401416.6875;5859957.5;-4228.689941
401477;5859957.5;-4229.534668
401537.3125;5859957.5;-4230.444336
401597.5938;5859957.5;-4231.458496
401657.9063;5859957.5;-4232.549316
401718.2188;5859957.5;-4233.697754
401778.5;5859957.5;-4234.879395
401838.8125;5859957.5;-4236.062012
401899.0938;5859957.5;-4237.204102
401959.4063;5859957.5;-4238.297363
402019.7188;5859957.5;-4239.366211
402080;5859957.5;-4240.491699
402140.3125;5859957.5;-4241.739746
402200.625;5859957.5;-4243.171875
402260.9063;5859957.5;-4245.010254
402321.2188;5859957.5;-4247.859863
402381.5;5859957.5;-4251.427246
402441.8125;5859957.5;-4255.521484
402502.125;5859957.5;-4260.006836
402562.4063;5859957.5;-4264.559082
402622.7188;5859957.5;-4268.592773
402683.0313;5859957.5;-4271.958496
402743.3125;5859957.5;-4274.587891
402803.625;5859957.5;-4276.51123
402863.9063;5859957.5;-4277.951172
402924.2188;5859957.5;-4278.957031
402984.5313;5859957.5;-4279.563965
403044.8125;5859957.5;-4279.996094
403105.125;5859957.5;-4280.40918
403165.4375;5859957.5;-4280.84668
403225.7188;5859957.5;-4281.356445
403286.0313;5859957.5;-4281.990723
403346.3125;5859957.5;-4282.705566
403406.625;5859957.5;-4283.477539
403466.9375;5859957.5;-4284.291504
403527.2188;5859957.5;-4285.097656
403587.5313;5859957.5;-4285.848145
403647.8438;5859957.5;-4286.544434
403708.125;5859957.5;-4287.166504
403768.4375;5859957.5;-4287.724609
403828.7188;5859957.5;-4288.25293
403889.0313;5859957.5;-4288.760254
403949.3438;5859957.5;-4289.265625
404009.625;5859957.5;-4289.810059
404069.9375;5859957.5;-4290.388184
404130.25;5859957.5;-4290.998535
404190.5313;5859957.5;-4291.647949
404250.8438;5859957.5;-4292.334473
404311.125;5859957.5;-4293.033203
404371.4375;5859957.5;-4293.727539
404431.75;5859957.5;-4294.407715
404492.0313;5859957.5;-4295.072754
404552.3438;5859957.5;-4295.721191
404612.625;5859957.5;-4296.355469
404672.9375;5859957.5;-4296.988281
404733.25;5859957.5;-4297.631836
404793.5313;5859957.5;-4298.288574
404853.8438;5859957.5;-4298.973633
404914.1563;5859957.5;-4299.701172
404974.4375;5859957.5;-4300.473633
405034.75;5859957.5;-4304.195801
405095.0313;5859957.5;-4307.107422
405155.3438;5859957.5;-4307.927246
405215.6563;5859957.5;-4308.820801
405275.9375;5859957.5;-4309.768066
405336.25;5859957.5;-4310.743164
405396.5625;5859957.5;-4311.764648
405456.8438;5859957.5;-4312.833008
405517.1563;5859957.5;-4309.597168
405577.4375;5859957.5;-4310.662598
405637.75;5859957.5;-4311.788574
405698.0625;5859957.5;-4312.962402
405758.3438;5859957.5;-4314.168945
405818.6563;5859957.5;-4315.408691
405878.9688;5859957.5;-4316.699219
405939.25;5859957.5;-4318.041016
405999.5625;5859957.5;-4319.421875
406059.8438;5859957.5;-4320.854004
406120.1563;5859957.5;-4322.337891
406180.4688;5859957.5;-4323.866699
406240.75;5859957.5;-4325.441895
406301.0625;5859957.5;-4327.060547
406361.375;5859957.5;-4328.724121
406421.6563;5859957.5;-4330.447754
406481.9688;5859957.5;-4332.234863
406542.25;5859957.5;-4334.083984
406602.5625;5859957.5;-4336.012695
406662.875;5859957.5;-4338.003906
406723.1563;5859957.5;-4340.03125
406783.4688;5859957.5;-4342.098633
406843.7813;5859957.5;-4344.225586
406904.0625;5859957.5;-4346.391113
406964.375;5859957.5;-4348.580078
407024.6563;5859957.5;-4350.788086
407084.9688;5859957.5;-4352.994629
407145.2813;5859957.5;-4355.185059
407205.5625;5859957.5;-4357.354004
407265.875;5859957.5;-4359.474121
407326.1875;5859957.5;-4361.52002
407386.4688;5859957.5;-4363.505371
407446.7813;5859957.5;-4365.432617
407507.0625;5859957.5;-4367.300781
407567.375;5859957.5;-4369.102051
407627.6875;5859957.5;-4370.836426
407687.9688;5859957.5;-4372.495117
407748.2813;5859957.5;-4374.053711
407808.5938;5859957.5;-4375.382324
407868.875;5859957.5;-4376.380859
407929.1875;5859957.5;-4377.068848
407989.4688;5859957.5;-4377.433105
408049.7813;5859957.5;-4377.37793
408110.0938;5859957.5;-4376.950684
408170.375;5859957.5;-4376.224121
408230.6875;5859957.5;-4375.254395
408291;5859957.5;-4374.160156
408351.2813;5859957.5;-4373.032715
408411.5938;5859957.5;-4371.899902
408471.875;5859957.5;-4370.785645
408532.1875;5859957.5;-4369.743652
408592.5;5859957.5;-4368.776367
408652.7813;5859957.5;-4367.876465
408713.0938;5859957.5;-4367.044922
408773.4063;5859957.5;-4366.297363
408833.6875;5859957.5;-4377.47168
408894;5859957.5;-4376.916992
408954.2813;5859957.5;-4376.413574
409014.5938;5859957.5;-4375.969238
409074.9063;5859957.5;-4375.571289
409135.1875;5859957.5;-4375.216309
409195.5;5859957.5;-4374.903809
409255.8125;5859957.5;-4374.634766
409316.0938;5859957.5;-4374.401367
409376.4063;5859957.5;-4374.20459
401356.4063;5860018;-4229.207031
401416.6875;5860018;-4229.995605
401477;5860018;-4230.808594
401537.3125;5860018;-4231.663574
401597.5938;5860018;-4232.592773
401657.9063;5860018;-4233.591797
401718.2188;5860018;-4234.639648
401778.5;5860018;-4235.706543
401838.8125;5860018;-4236.755859
401899.0938;5860018;-4237.757813
401959.4063;5860018;-4238.702148
402019.7188;5860018;-4239.597656
402080;5860018;-4240.505371
402140.3125;5860018;-4241.493652
402200.625;5860018;-4242.623535
402260.9063;5860018;-4244.1875
402321.2188;5860018;-4247.136719
402381.5;5860018;-4251.108887
402441.8125;5860018;-4255.758789
402502.125;5860018;-4260.862793
402562.4063;5860018;-4265.98877
402622.7188;5860018;-4270.422363
402683.0313;5860018;-4273.993652
402743.3125;5860018;-4276.637207
402803.625;5860018;-4278.428711
402863.9063;5860018;-4279.664063
402924.2188;5860018;-4280.418457
402984.5313;5860018;-4280.759277
403044.8125;5860018;-4280.958496
403105.125;5860018;-4281.17627
403165.4375;5860018;-4281.453125
403225.7188;5860018;-4281.842285
403286.0313;5860018;-4282.403809
403346.3125;5860018;-4283.076172
403406.625;5860018;-4283.824707
403466.9375;5860018;-4284.62793
403527.2188;5860018;-4285.418945
403587.5313;5860018;-4286.132813
403647.8438;5860018;-4286.767578
403708.125;5860018;-4287.302246
403768.4375;5860018;-4287.75293
403828.7188;5860018;-4288.16748
403889.0313;5860018;-4288.563477
403949.3438;5860018;-4288.975586
404009.625;5860018;-4289.455078
404069.9375;5860018;-4289.990234
404130.25;5860018;-4290.575684
404190.5313;5860018;-4291.220215
404250.8438;5860018;-4291.922363
404311.125;5860018;-4292.644043
404371.4375;5860018;-4293.362305
404431.75;5860018;-4294.062988
404492.0313;5860018;-4294.741699
404552.3438;5860018;-4295.396484
404612.625;5860018;-4296.029297
404672.9375;5860018;-4296.652344
404733.25;5860018;-4297.278809
404793.5313;5860018;-4297.914551
404853.8438;5860018;-4298.575684
404914.1563;5860018;-4299.279785
404974.4375;5860018;-4300.029297
405034.75;5860018;-4305.85791
405095.0313;5860018;-4306.621582
405155.3438;5860018;-4307.420898
405215.6563;5860018;-4308.294922
405275.9375;5860018;-4309.226563
405336.25;5860018;-4310.188477
405396.5625;5860018;-4311.197266
405456.8438;5860018;-4307.700195
405517.1563;5860018;-4308.70459
405577.4375;5860018;-4309.757324
405637.75;5860018;-4310.869141
405698.0625;5860018;-4312.029297
405758.3438;5860018;-4313.221191
405818.6563;5860018;-4314.445801
405878.9688;5860018;-4315.720703
405939.25;5860018;-4317.045898
405999.5625;5860018;-4318.410156
406059.8438;5860018;-4319.825195
406120.1563;5860018;-4321.291992
406180.4688;5860018;-4322.803711
406240.75;5860018;-4324.361816
406301.0625;5860018;-4325.963867
406361.375;5860018;-4327.611328
406421.6563;5860018;-4329.320313
406481.9688;5860018;-4331.095703
406542.25;5860018;-4332.933594
406602.5625;5860018;-4334.855957
406662.875;5860018;-4336.84375
406723.1563;5860018;-4338.868164
406783.4688;5860018;-4340.9375
406843.7813;5860018;-4343.068359
406904.0625;5860018;-4345.239746
406964.375;5860018;-4347.433105
407024.6563;5860018;-4349.644531
407084.9688;5860018;-4351.849121
407145.2813;5860018;-4354.029297
407205.5625;5860018;-4356.180176
407265.875;5860018;-4358.267578
407326.1875;5860018;-4360.262207
407386.4688;5860018;-4362.181152
407446.7813;5860018;-4364.027832
407507.0625;5860018;-4365.799805
407567.375;5860018;-4367.48584
407627.6875;5860018;-4369.087891
407687.9688;5860018;-4370.603516
407748.2813;5860018;-4372.007324
407808.5938;5860018;-4373.175781
407868.875;5860018;-4374.036621
407929.1875;5860018;-4374.623535
407989.4688;5860018;-4374.94043
408049.7813;5860018;-4374.913574
408110.0938;5860018;-4374.570313
408170.375;5860018;-4373.95166
408230.6875;5860018;-4373.092285
408291;5860018;-4372.098145
408351.2813;5860018;-4371.0625
408411.5938;5860018;-4370.01416
408471.875;5860018;-4368.978027
408532.1875;5860018;-4368.002441
408592.5;5860018;-4367.092773
408652.7813;5860018;-4366.244141
408713.0938;5860018;-4365.458008
408773.4063;5860018;-4376.541016
408833.6875;5860018;-4375.954102
408894;5860018;-4375.420898
408954.2813;5860018;-4374.935059
409014.5938;5860018;-4374.506348
409074.9063;5860018;-4374.122559
409135.1875;5860018;-4373.779785
409195.5;5860018;-4373.479492
409255.8125;5860018;-4373.221191
409316.0938;5860018;-4372.998535
409376.4063;5860018;-4372.812012
401356.4063;5860078.5;-4230.603027
401416.6875;5860078.5;-4231.350098
401477;5860078.5;-4232.120605
401537.3125;5860078.5;-4232.927246
401597.5938;5860078.5;-4233.790039
401657.9063;5860078.5;-4234.707031
401718.2188;5860078.5;-4235.65625
401778.5;5860078.5;-4236.607422
401838.8125;5860078.5;-4237.524902
401899.0938;5860078.5;-4238.390137
401959.4063;5860078.5;-4239.189941
402019.7188;5860078.5;-4239.918945
402080;5860078.5;-4240.612305
402140.3125;5860078.5;-4241.328125
402200.625;5860078.5;-4242.11377
402260.9063;5860078.5;-4243.356445
402321.2188;5860078.5;-4246.415527
402381.5;5860078.5;-4250.869141
402441.8125;5860078.5;-4256.14209
402502.125;5860078.5;-4261.905273
402562.4063;5860078.5;-4267.614258
402622.7188;5860078.5;-4272.424805
402683.0313;5860078.5;-4276.146973
402743.3125;5860078.5;-4278.718262
402803.625;5860078.5;-4280.27832
402863.9063;5860078.5;-4281.233398
402924.2188;5860078.5;-4281.689941
402984.5313;5860078.5;-4281.742188
403044.8125;5860078.5;-4281.708496
403105.125;5860078.5;-4281.740723
403165.4375;5860078.5;-4281.875977
403225.7188;5860078.5;-4282.170898
403286.0313;5860078.5;-4282.692871
403346.3125;5860078.5;-4283.356445
403406.625;5860078.5;-4284.115723
403466.9375;5860078.5;-4284.938965
403527.2188;5860078.5;-4285.734863
403587.5313;5860078.5;-4286.417969
403647.8438;5860078.5;-4286.984375
403708.125;5860078.5;-4287.409668
403768.4375;5860078.5;-4287.720215
403828.7188;5860078.5;-4287.985352
403889.0313;5860078.5;-4288.236816
403949.3438;5860078.5;-4288.530762
404009.625;5860078.5;-4288.932617
404069.9375;5860078.5;-4289.418945
404130.25;5860078.5;-4289.980469
404190.5313;5860078.5;-4290.628418
404250.8438;5860078.5;-4291.359375
404311.125;5860078.5;-4292.118652
404371.4375;5860078.5;-4292.874512
404431.75;5860078.5;-4293.609375
404492.0313;5860078.5;-4294.313477
404552.3438;5860078.5;-4294.984863
404612.625;5860078.5;-4295.623047
404672.9375;5860078.5;-4296.242676
404733.25;5860078.5;-4296.856934
404793.5313;5860078.5;-4297.473633
404853.8438;5860078.5;-4298.113281
404914.1563;5860078.5;-4298.794434
404974.4375;5860078.5;-4304.641602
405034.75;5860078.5;-4305.342773
405095.0313;5860078.5;-4306.083496
405155.3438;5860078.5;-4306.861328
405215.6563;5860078.5;-4307.717773
405275.9375;5860078.5;-4308.633789
405336.25;5860078.5;-4309.583008
405396.5625;5860078.5;-4305.797363
405456.8438;5860078.5;-4306.75293
405517.1563;5860078.5;-4307.745117
405577.4375;5860078.5;-4308.784668
405637.75;5860078.5;-4309.882813
405698.0625;5860078.5;-4311.029785
405758.3438;5860078.5;-4312.207031
405818.6563;5860078.5;-4313.415527
405878.9688;5860078.5;-4314.675293
405939.25;5860078.5;-4315.98291
405999.5625;5860078.5;-4317.32959
406059.8438;5860078.5;-4318.726563
406120.1563;5860078.5;-4320.175293
406180.4688;5860078.5;-4321.667969
406240.75;5860078.5;-4323.208984
406301.0625;5860078.5;-4324.793457
406361.375;5860078.5;-4326.425293
406421.6563;5860078.5;-4328.120605
406481.9688;5860078.5;-4329.883789
406542.25;5860078.5;-4331.713379
406602.5625;5860078.5;-4333.631348
406662.875;5860078.5;-4335.619141
406723.1563;5860078.5;-4337.646973
406783.4688;5860078.5;-4339.72168
406843.7813;5860078.5;-4341.86377
406904.0625;5860078.5;-4344.047363
406964.375;5860078.5;-4346.253906
407024.6563;5860078.5;-4348.476563
407084.9688;5860078.5;-4350.685547
407145.2813;5860078.5;-4352.861328
407205.5625;5860078.5;-4354.995117
407265.875;5860078.5;-4357.049316
407326.1875;5860078.5;-4358.987793
407386.4688;5860078.5;-4360.830566
407446.7813;5860078.5;-4362.586426
407507.0625;5860078.5;-4364.250488
407567.375;5860078.5;-4365.808105
407627.6875;5860078.5;-4367.26709
407687.9688;5860078.5;-4368.629395
407748.2813;5860078.5;-4369.875977
407808.5938;5860078.5;-4370.890625
407868.875;5860078.5;-4371.624512
407929.1875;5860078.5;-4372.120605
407989.4688;5860078.5;-4372.388672
408049.7813;5860078.5;-4372.368164
408110.0938;5860078.5;-4372.078125
408170.375;5860078.5;-4371.540527
408230.6875;5860078.5;-4370.776367
408291;5860078.5;-4369.880859
408351.2813;5860078.5;-4368.942871
408411.5938;5860078.5;-4367.989258
408471.875;5860078.5;-4367.041016
408532.1875;5860078.5;-4366.14209
408592.5;5860078.5;-4365.299316
408652.7813;5860078.5;-4364.509277
408713.0938;5860078.5;-4363.773926
408773.4063;5860078.5;-4374.910156
408833.6875;5860078.5;-4374.351074
408894;5860078.5;-4373.841309
408954.2813;5860078.5;-4373.375977
409014.5938;5860078.5;-4372.965332
409074.9063;5860078.5;-4372.596191
409135.1875;5860078.5;-4372.268066
409195.5;5860078.5;-4371.97998
409255.8125;5860078.5;-4371.733398
409316.0938;5860078.5;-4371.521484
409376.4063;5860078.5;-4371.344238
401356.4063;5860139.5;-4232.035156
401416.6875;5860139.5;-4232.739258
401477;5860139.5;-4233.467285
401537.3125;5860139.5;-4234.228027
401597.5938;5860139.5;-4235.03418
401657.9063;5860139.5;-4235.879395
401718.2188;5860139.5;-4236.741699
401778.5;5860139.5;-4237.592773
401838.8125;5860139.5;-4238.401855
401899.0938;5860139.5;-4239.157715
401959.4063;5860139.5;-4239.849121
402019.7188;5860139.5;-4240.467773
402080;5860139.5;-4241.043945
402140.3125;5860139.5;-4241.640625
402200.625;5860139.5;-4242.318848
402260.9063;5860139.5;-4243.516113
402321.2188;5860139.5;-4246.703613
402381.5;5860139.5;-4251.427734
402441.8125;5860139.5;-4257.080078
402502.125;5860139.5;-4263.294434
402562.4063;5860139.5;-4269.425781
402622.7188;5860139.5;-4274.512695
402683.0313;5860139.5;-4278.296875
402743.3125;5860139.5;-4280.67334
402803.625;5860139.5;-4281.86377
402863.9063;5860139.5;-4282.445313
402924.2188;5860139.5;-4282.568359
402984.5313;5860139.5;-4282.34082
403044.8125;5860139.5;-4282.098633
403105.125;5860139.5;-4281.978516
403165.4375;5860139.5;-4282.01123
403225.7188;5860139.5;-4282.260742
403286.0313;5860139.5;-4282.798828
403346.3125;5860139.5;-4283.509766
403406.625;5860139.5;-4284.333984
403466.9375;5860139.5;-4285.224121
403527.2188;5860139.5;-4286.057617
403587.5313;5860139.5;-4286.722168
403647.8438;5860139.5;-4287.208496
403708.125;5860139.5;-4287.491211
403768.4375;5860139.5;-4287.612305
403828.7188;5860139.5;-4287.674316
403889.0313;5860139.5;-4287.72998
403949.3438;5860139.5;-4287.869141
404009.625;5860139.5;-4288.17627
404069.9375;5860139.5;-4288.60791
404130.25;5860139.5;-4289.150879
404190.5313;5860139.5;-4289.816406
404250.8438;5860139.5;-4290.595703
404311.125;5860139.5;-4291.411621
404371.4375;5860139.5;-4292.224121
404431.75;5860139.5;-4293.007324
404492.0313;5860139.5;-4293.751465
404552.3438;5860139.5;-4294.450684
404612.625;5860139.5;-4295.10498
404672.9375;5860139.5;-4295.728027
404733.25;5860139.5;-4296.335938
404793.5313;5860139.5;-4296.938965
404853.8438;5860139.5;-4297.561035
404914.1563;5860139.5;-4298.222168
404974.4375;5860139.5;-4304.066895
405034.75;5860139.5;-4304.745605
405095.0313;5860139.5;-4305.465332
405155.3438;5860139.5;-4306.223633
405215.6563;5860139.5;-4307.065918
405275.9375;5860139.5;-4307.968262
405336.25;5860139.5;-4308.90625
405396.5625;5860139.5;-4304.794434
405456.8438;5860139.5;-4305.738281
405517.1563;5860139.5;-4306.720703
405577.4375;5860139.5;-4307.75
405637.75;5860139.5;-4308.836426
405698.0625;5860139.5;-4309.969238
405758.3438;5860139.5;-4311.133301
405818.6563;5860139.5;-4312.326172
405878.9688;5860139.5;-4313.569336
405939.25;5860139.5;-4314.858887
405999.5625;5860139.5;-4316.186035
406059.8438;5860139.5;-4317.563965
406120.1563;5860139.5;-4318.993652
406180.4688;5860139.5;-4320.467285
406240.75;5860139.5;-4321.989258
406301.0625;5860139.5;-4323.557129
406361.375;5860139.5;-4325.172363
406421.6563;5860139.5;-4326.853516
406481.9688;5860139.5;-4328.606934
406542.25;5860139.5;-4330.430176
406602.5625;5860139.5;-4332.347168
406662.875;5860139.5;-4334.339844
406723.1563;5860139.5;-4336.376465
406783.4688;5860139.5;-4338.463867
406843.7813;5860139.5;-4340.625
406904.0625;5860139.5;-4342.831543
406964.375;5860139.5;-4345.061035
407024.6563;5860139.5;-4347.306641
407084.9688;5860139.5;-4349.530762
407145.2813;5860139.5;-4351.709473
407205.5625;5860139.5;-4353.83252
407265.875;5860139.5;-4355.855469
407326.1875;5860139.5;-4357.733887
407386.4688;5860139.5;-4359.496094
407446.7813;5860139.5;-4361.149902
407507.0625;5860139.5;-4362.695801
407567.375;5860139.5;-4364.114258
407627.6875;5860139.5;-4365.422363
407687.9688;5860139.5;-4366.627441
407748.2813;5860139.5;-4367.711914
407808.5938;5860139.5;-4368.575684
407868.875;5860139.5;-4369.188477
407929.1875;5860139.5;-4369.595215
407989.4688;5860139.5;-4369.808594
408049.7813;5860139.5;-4369.778809
408110.0938;5860139.5;-4369.518066
408170.375;5860139.5;-4369.040527
408230.6875;5860139.5;-4368.36084
408291;5860139.5;-4367.561035
408351.2813;5860139.5;-4366.719727
408411.5938;5860139.5;-4365.861328
408471.875;5860139.5;-4365.003906
408532.1875;5860139.5;-4364.184082
408592.5;5860139.5;-4363.411133
408652.7813;5860139.5;-4362.683594
408713.0938;5860139.5;-4373.776367
408773.4063;5860139.5;-4373.193848
408833.6875;5860139.5;-4372.664551
408894;5860139.5;-4372.181152
408954.2813;5860139.5;-4371.738281
409014.5938;5860139.5;-4371.346191
409074.9063;5860139.5;-4370.994141
409135.1875;5860139.5;-4370.680176
409195.5;5860139.5;-4370.404785
409255.8125;5860139.5;-4370.169434
409316.0938;5860139.5;-4369.967285
409376.4063;5860139.5;-4369.800781
401356.4063;5860200;-4233.471191
401416.6875;5860200;-4234.134277
401477;5860200;-4234.822754
401537.3125;5860200;-4235.541992
401597.5938;5860200;-4236.298828
401657.9063;5860200;-4237.083008
401718.2188;5860200;-4237.874512
401778.5;5860200;-4238.646973
401838.8125;5860200;-4239.374512
401899.0938;5860200;-4240.054688
401959.4063;5860200;-4240.678711
402019.7188;5860200;-4241.248535
402080;5860200;-4241.807617
402140.3125;5860200;-4242.441895
402200.625;5860200;-4243.251953
402260.9063;5860200;-4244.672363
402321.2188;5860200;-4247.967773
402381.5;5860200;-4252.693359
402441.8125;5860200;-4258.406738
402502.125;5860200;-4264.773926
402562.4063;5860200;-4271.119141
402622.7188;5860200;-4276.432129
402683.0313;5860200;-4280.210449
402743.3125;5860200;-4282.261719
402803.625;5860200;-4283.009766
402863.9063;5860200;-4283.181152
402924.2188;5860200;-4282.977051
402984.5313;5860200;-4282.506836
403044.8125;5860200;-4282.099121
403105.125;5860200;-4281.868164
403165.4375;5860200;-4281.845215
403225.7188;5860200;-4282.102539
403286.0313;5860200;-4282.720703
403346.3125;5860200;-4283.543457
403406.625;5860200;-4284.492676
403466.9375;5860200;-4285.500977
403527.2188;5860200;-4286.406738
403587.5313;5860200;-4287.064941
403647.8438;5860200;-4287.462402
403708.125;5860200;-4287.569336
403768.4375;5860200;-4287.452148
403828.7188;5860200;-4287.255859
403889.0313;5860200;-4287.063477
403949.3438;5860200;-4287.015625
404009.625;5860200;-4287.216309
404069.9375;5860200;-4287.595703
404130.25;5860200;-4288.130371
404190.5313;5860200;-4288.833008
404250.8438;5860200;-4289.684082
404311.125;5860200;-4290.580078
404371.4375;5860200;-4291.467773
404431.75;5860200;-4292.31543
404492.0313;5860200;-4293.111328
404552.3438;5860200;-4293.847168
404612.625;5860200;-4294.522949
404672.9375;5860200;-4295.153809
404733.25;5860200;-4295.758301
404793.5313;5860200;-4296.348633
404853.8438;5860200;-4296.952148
404914.1563;5860200;-4302.838379
404974.4375;5860200;-4303.450684
405034.75;5860200;-4304.109375
405095.0313;5860200;-4304.80957
405155.3438;5860200;-4305.549316
405215.6563;5860200;-4306.376465
405275.9375;5860200;-4307.266602
405336.25;5860200;-4302.834473
405396.5625;5860200;-4303.722656
405456.8438;5860200;-4304.658203
405517.1563;5860200;-4305.631836
405577.4375;5860200;-4306.651855
405637.75;5860200;-4307.726563
405698.0625;5860200;-4308.847168
405758.3438;5860200;-4309.996094
405818.6563;5860200;-4311.17334
405878.9688;5860200;-4312.399902
405939.25;5860200;-4313.67041
405999.5625;5860200;-4314.976563
406059.8438;5860200;-4316.334961
406120.1563;5860200;-4317.743652
406180.4688;5860200;-4319.195801
406240.75;5860200;-4320.69873
406301.0625;5860200;-4322.247559
406361.375;5860200;-4323.845703
406421.6563;5860200;-4325.513184
406481.9688;5860200;-4327.255859
406542.25;5860200;-4329.074219
406602.5625;5860200;-4330.992676
406662.875;5860200;-4332.993652
406723.1563;5860200;-4335.042969
406783.4688;5860200;-4337.148438
406843.7813;5860200;-4339.334961
406904.0625;5860200;-4341.573242
406964.375;5860200;-4343.835938
407024.6563;5860200;-4346.115234
407084.9688;5860200;-4348.365723
407145.2813;5860200;-4350.557129
407205.5625;5860200;-4352.676758
407265.875;5860200;-4354.672852
407326.1875;5860200;-4356.492676
407386.4688;5860200;-4358.170898
407446.7813;5860200;-4359.719727
407507.0625;5860200;-4361.140625
407567.375;5860200;-4362.416016
407627.6875;5860200;-4363.571289
407687.9688;5860200;-4364.616211
407748.2813;5860200;-4365.541504
407808.5938;5860200;-4366.257324
407868.875;5860200;-4366.750488
407929.1875;5860200;-4367.068848
407989.4688;5860200;-4367.224609
408049.7813;5860200;-4367.175293
408110.0938;5860200;-4366.932617
408170.375;5860200;-4366.505371
408230.6875;5860200;-4365.901367
408291;5860200;-4365.190918
408351.2813;5860200;-4364.441895
408411.5938;5860200;-4363.674805
408471.875;5860200;-4362.904785
408532.1875;5860200;-4362.162598
408592.5;5860200;-4361.459473
408652.7813;5860200;-4372.569824
408713.0938;5860200;-4371.967773
408773.4063;5860200;-4371.42041
408833.6875;5860200;-4370.921875
408894;5860200;-4370.463867
408954.2813;5860200;-4370.043945
409014.5938;5860200;-4369.670898
409074.9063;5860200;-4369.333984
409135.1875;5860200;-4369.033691
409195.5;5860200;-4368.770508
409255.8125;5860200;-4368.54541
409316.0938;5860200;-4368.353516
409376.4063;5860200;-4368.194824
401356.4063;5860260.5;-4234.89502
401416.6875;5860260.5;-4235.520996
401477;5860260.5;-4236.17334
401537.3125;5860260.5;-4236.856934
401597.5938;5860260.5;-4237.571777
401657.9063;5860260.5;-4238.306641
401718.2188;5860260.5;-4239.04541
401778.5;5860260.5;-4239.762207
401838.8125;5860260.5;-4240.438965
401899.0938;5860260.5;-4241.077148
401959.4063;5860260.5;-4241.677734
402019.7188;5860260.5;-4242.255371
402080;5860260.5;-4242.885254
402140.3125;5860260.5;-4243.661133
402200.625;5860260.5;-4244.695801
402260.9063;5860260.5;-4246.388672
402321.2188;5860260.5;-4249.746094
402381.5;5860260.5;-4254.351074
402441.8125;5860260.5;-4259.895508
402502.125;5860260.5;-4266.126465
402562.4063;5860260.5;-4272.468262
402622.7188;5860260.5;-4277.912598
402683.0313;5860260.5;-4281.550781
402743.3125;5860260.5;-4283.13916
402803.625;5860260.5;-4283.459473
402863.9063;5860260.5;-4283.304199
402924.2188;5860260.5;-4282.849121
402984.5313;5860260.5;-4282.199219
403044.8125;5860260.5;-4281.674805
403105.125;5860260.5;-4281.381348
403165.4375;5860260.5;-4281.350586
403225.7188;5860260.5;-4281.675781
403286.0313;5860260.5;-4282.44873
403346.3125;5860260.5;-4283.458984
403406.625;5860260.5;-4284.601563
403466.9375;5860260.5;-4285.785645
403527.2188;5860260.5;-4286.802734
403587.5313;5860260.5;-4287.46875
403647.8438;5860260.5;-4287.764648
403708.125;5860260.5;-4287.65918
403768.4375;5860260.5;-4287.24707
403828.7188;5860260.5;-4286.728516
403889.0313;5860260.5;-4286.232422
403949.3438;5860260.5;-4285.960449
404009.625;5860260.5;-4286.041992
404069.9375;5860260.5;-4286.370605
404130.25;5860260.5;-4286.90918
404190.5313;5860260.5;-4287.671387
404250.8438;5860260.5;-4288.619141
404311.125;5860260.5;-4289.617188
404371.4375;5860260.5;-4290.599121
404431.75;5860260.5;-4291.524414
404492.0313;5860260.5;-4292.382324
404552.3438;5860260.5;-4293.161621
404612.625;5860260.5;-4293.862793
404672.9375;5860260.5;-4294.504395
404733.25;5860260.5;-4295.106934
404793.5313;5860260.5;-4295.685547
404853.8438;5860260.5;-4296.272461
404914.1563;5860260.5;-4302.18457
404974.4375;5860260.5;-4302.77832
405034.75;5860260.5;-4303.417969
405095.0313;5860260.5;-4304.101563
405155.3438;5860260.5;-4304.825195
405215.6563;5860260.5;-4305.638672
405275.9375;5860260.5;-4306.068359
405336.25;5860260.5;-4307.42627
405396.5625;5860260.5;-4302.587402
405456.8438;5860260.5;-4303.516602
405517.1563;5860260.5;-4304.483887
405577.4375;5860260.5;-4305.496094
405637.75;5860260.5;-4306.561035
405698.0625;5860260.5;-4307.669434
405758.3438;5860260.5;-4308.804199
405818.6563;5860260.5;-4309.965332
405878.9688;5860260.5;-4311.174316
405939.25;5860260.5;-4312.424805
405999.5625;5860260.5;-4313.709961
406059.8438;5860260.5;-4315.045898
406120.1563;5860260.5;-4316.432129
406180.4688;5860260.5;-4317.861816
406240.75;5860260.5;-4319.343262
406301.0625;5860260.5;-4320.874023
406361.375;5860260.5;-4322.454102
406421.6563;5860260.5;-4324.106445
406481.9688;5860260.5;-4325.839355
406542.25;5860260.5;-4327.652832
406602.5625;5860260.5;-4329.574707
406662.875;5860260.5;-4331.587402
406723.1563;5860260.5;-4333.652832
406783.4688;5860260.5;-4335.78125
406843.7813;5860260.5;-4338.001465
406904.0625;5860260.5;-4340.280762
406964.375;5860260.5;-4342.586914
407024.6563;5860260.5;-4344.910645
407084.9688;5860260.5;-4347.199219
407145.2813;5860260.5;-4349.414551
407205.5625;5860260.5;-4351.540039
407265.875;5860260.5;-4353.515137
407326.1875;5860260.5;-4355.276855
407386.4688;5860260.5;-4356.868164
407446.7813;5860260.5;-4358.308594
407507.0625;5860260.5;-4359.600098
407567.375;5860260.5;-4360.728516
407627.6875;5860260.5;-4361.727051
407687.9688;5860260.5;-4362.612305
407748.2813;5860260.5;-4363.379395
407808.5938;5860260.5;-4363.951172
407868.875;5860260.5;-4364.328613
407929.1875;5860260.5;-4364.559082
407989.4688;5860260.5;-4364.653809
408049.7813;5860260.5;-4364.580566
408110.0938;5860260.5;-4364.347168
408170.375;5860260.5;-4363.959473
408230.6875;5860260.5;-4363.422852
408291;5860260.5;-4362.791992
408351.2813;5860260.5;-4362.128418
408411.5938;5860260.5;-4361.445801
408471.875;5860260.5;-4360.758301
408532.1875;5860260.5;-4360.09082
408592.5;5860260.5;-4359.453613
408652.7813;5860260.5;-4370.665527
408713.0938;5860260.5;-4370.105957
408773.4063;5860260.5;-4369.593262
408833.6875;5860260.5;-4369.125
408894;5860260.5;-4368.692871
408954.2813;5860260.5;-4368.294434
409014.5938;5860260.5;-4367.939941
409074.9063;5860260.5;-4367.619141
409135.1875;5860260.5;-4367.33252
409195.5;5860260.5;-4367.081055
409255.8125;5860260.5;-4366.865723
409316.0938;5860260.5;-4366.682617
409376.4063;5860260.5;-4366.530273
401356.4063;5860321;-4236.291992
401416.6875;5860321;-4236.885254
401477;5860321;-4237.506348
401537.3125;5860321;-4238.158203
401597.5938;5860321;-4238.84082
401657.9063;5860321;-4239.541992
401718.2188;5860321;-4240.24707
401778.5;5860321;-4240.93457
401838.8125;5860321;-4241.59375
401899.0938;5860321;-4242.229004
401959.4063;5860321;-4242.849609
402019.7188;5860321;-4243.489258
402080;5860321;-4244.247559
402140.3125;5860321;-4245.214355
402200.625;5860321;-4246.494141
402260.9063;5860321;-4248.416504
402321.2188;5860321;-4251.748047
402381.5;5860321;-4256.106934
402441.8125;5860321;-4261.269043
402502.125;5860321;-4267.057129
402562.4063;5860321;-4272.955078
402622.7188;5860321;-4278.008789
402683.0313;5860321;-4281.339844
402743.3125;5860321;-4282.72168
402803.625;5860321;-4282.905762
402863.9063;5860321;-4282.632324
402924.2188;5860321;-4282.069336
402984.5313;5860321;-4281.328125
403044.8125;5860321;-4280.743164
403105.125;5860321;-4280.437988
403165.4375;5860321;-4280.464844
403225.7188;5860321;-4280.944336
403286.0313;5860321;-4281.964355
403346.3125;5860321;-4283.258301
403406.625;5860321;-4284.685547
403466.9375;5860321;-4286.123047
403527.2188;5860321;-4287.300293
403587.5313;5860321;-4287.991699
403647.8438;5860321;-4288.17041
403708.125;5860321;-4287.800293
403768.4375;5860321;-4287.01416
403828.7188;5860321;-4286.085449
403889.0313;5860321;-4285.206055
403949.3438;5860321;-4284.664063
404009.625;5860321;-4284.611816
404069.9375;5860321;-4284.893555
404130.25;5860321;-4285.454102
404190.5313;5860321;-4286.303223
404250.8438;5860321;-4287.377441
404311.125;5860321;-4288.50293
404371.4375;5860321;-4289.594727
404431.75;5860321;-4290.60791
404492.0313;5860321;-4291.532715
404552.3438;5860321;-4292.358887
404612.625;5860321;-4293.085938
404672.9375;5860321;-4293.739746
404733.25;5860321;-4294.341309
404793.5313;5860321;-4294.910645
404853.8438;5860321;-4300.860352
404914.1563;5860321;-4301.427734
404974.4375;5860321;-4302.005371
405034.75;5860321;-4302.631836
405095.0313;5860321;-4303.303711
405155.3438;5860321;-4304.015137
405215.6563;5860321;-4304.820313
405275.9375;5860321;-4304.844238
405336.25;5860321;-4306.235352
405396.5625;5860321;-4307.678223
405456.8438;5860321;-4302.311035
405517.1563;5860321;-4303.275879
405577.4375;5860321;-4304.284668
405637.75;5860321;-4305.340332
405698.0625;5860321;-4306.438965
405758.3438;5860321;-4307.560547
405818.6563;5860321;-4308.706055
405878.9688;5860321;-4309.89502
405939.25;5860321;-4311.124512
405999.5625;5860321;-4312.38623
406059.8438;5860321;-4313.69873
406120.1563;5860321;-4315.060059
406180.4688;5860321;-4316.466797
406240.75;5860321;-4317.924805
406301.0625;5860321;-4319.433594
406361.375;5860321;-4320.994629
406421.6563;5860321;-4322.632813
406481.9688;5860321;-4324.356445
406542.25;5860321;-4326.165039
406602.5625;5860321;-4328.093262
406662.875;5860321;-4330.118652
406723.1563;5860321;-4332.205078
406783.4688;5860321;-4334.361328
406843.7813;5860321;-4336.621582
406904.0625;5860321;-4338.95166
406964.375;5860321;-4341.31543
407024.6563;5860321;-4343.69873
407084.9688;5860321;-4346.041016
407145.2813;5860321;-4348.296875
407205.5625;5860321;-4350.439453
407265.875;5860321;-4352.400391
407326.1875;5860321;-4354.105469
407386.4688;5860321;-4355.606934
407446.7813;5860321;-4356.932617
407507.0625;5860321;-4358.087402
407567.375;5860321;-4359.064453
407627.6875;5860321;-4359.903809
407687.9688;5860321;-4360.630859
407748.2813;5860321;-4361.241699
407808.5938;5860321;-4361.673828
407868.875;5860321;-4361.939453
407929.1875;5860321;-4362.08252
407989.4688;5860321;-4362.116211
408049.7813;5860321;-4362.013184
408110.0938;5860321;-4361.780762
408170.375;5860321;-4361.422852
408230.6875;5860321;-4360.940918
408291;5860321;-4360.380859
408351.2813;5860321;-4359.790527
408411.5938;5860321;-4359.183594
408471.875;5860321;-4358.570801
408532.1875;5860321;-4357.97168
408592.5;5860321;-4369.253418
408652.7813;5860321;-4368.705078
408713.0938;5860321;-4368.18457
408773.4063;5860321;-4367.706055
408833.6875;5860321;-4367.26709
408894;5860321;-4366.859375
408954.2813;5860321;-4366.482422
409014.5938;5860321;-4366.146973
409074.9063;5860321;-4365.841797
409135.1875;5860321;-4365.568359
409195.5;5860321;-4365.329102
409255.8125;5860321;-4365.123535
409316.0938;5860321;-4364.947754
409376.4063;5860321;-4364.801758
401356.4063;5860381.5;-4237.629395
401416.6875;5860381.5;-4238.193359
401477;5860381.5;-4238.789063
401537.3125;5860381.5;-4239.417969
401597.5938;5860381.5;-4240.079102
401657.9063;5860381.5;-4240.763184
401718.2188;5860381.5;-4241.456543
401778.5;5860381.5;-4242.143555
401838.8125;5860381.5;-4242.816406
401899.0938;5860381.5;-4243.482422
401959.4063;5860381.5;-4244.154297
402019.7188;5860381.5;-4244.87207
402080;5860381.5;-4245.74707
402140.3125;5860381.5;-4246.85498
402200.625;5860381.5;-4248.282227
402260.9063;5860381.5;-4250.291992
402321.2188;5860381.5;-4253.450195
402381.5;5860381.5;-4257.415527
402441.8125;5860381.5;-4262.014648
402502.125;5860381.5;-4267.105469
402562.4063;5860381.5;-4272.177246
402622.7188;5860381.5;-4276.37793
402683.0313;5860381.5;-4279.289063
402743.3125;5860381.5;-4280.763672
402803.625;5860381.5;-4281.150391
402863.9063;5860381.5;-4281.021973
402924.2188;5860381.5;-4280.541992
402984.5313;5860381.5;-4279.828125
403044.8125;5860381.5;-4279.238281
403105.125;5860381.5;-4278.949219
403165.4375;5860381.5;-4279.137695
403225.7188;5860381.5;-4279.940918
403286.0313;5860381.5;-4281.331543
403346.3125;5860381.5;-4283.025879
403406.625;5860381.5;-4284.855957
403466.9375;5860381.5;-4286.649414
403527.2188;5860381.5;-4288.054688
403587.5313;5860381.5;-4288.795898
403647.8438;5860381.5;-4288.835449
403708.125;5860381.5;-4288.120605
403768.4375;5860381.5;-4286.832031
403828.7188;5860381.5;-4285.353516
403889.0313;5860381.5;-4283.97168
403949.3438;5860381.5;-4283.106934
404009.625;5860381.5;-4282.915527
404069.9375;5860381.5;-4283.169434
404130.25;5860381.5;-4283.789551
404190.5313;5860381.5;-4284.774902
404250.8438;5860381.5;-4286.020996
404311.125;5860381.5;-4287.305664
404371.4375;5860381.5;-4288.526855
404431.75;5860381.5;-4289.634277
404492.0313;5860381.5;-4290.622559
404552.3438;5860381.5;-4291.487305
404612.625;5860381.5;-4292.227051
404672.9375;5860381.5;-4292.880371
404733.25;5860381.5;-4293.472168
404793.5313;5860381.5;-4294.021484
404853.8438;5860381.5;-4299.982422
404914.1563;5860381.5;-4300.543945
404974.4375;5860381.5;-4301.111816
405034.75;5860381.5;-4301.731445
405095.0313;5860381.5;-4302.398926
405155.3438;5860381.5;-4303.10498
405215.6563;5860381.5;-4302.101563
405275.9375;5860381.5;-4303.492676
405336.25;5860381.5;-4304.927734
405396.5625;5860381.5;-4306.416016
405456.8438;5860381.5;-4307.95166
405517.1563;5860381.5;-4301.986816
405577.4375;5860381.5;-4302.995605
405637.75;5860381.5;-4304.046875
405698.0625;5860381.5;-4305.13623
405758.3438;5860381.5;-4306.246094
405818.6563;5860381.5;-4307.374512
405878.9688;5860381.5;-4308.544434
405939.25;5860381.5;-4309.750488
405999.5625;5860381.5;-4310.984375
406059.8438;5860381.5;-4312.268555
406120.1563;5860381.5;-4313.602051
406180.4688;5860381.5;-4314.979492
406240.75;5860381.5;-4316.410645
406301.0625;5860381.5;-4317.893555
406361.375;5860381.5;-4319.432617
406421.6563;5860381.5;-4321.051758
406481.9688;5860381.5;-4322.761719
406542.25;5860381.5;-4324.564453
406602.5625;5860381.5;-4326.495605
406662.875;5860381.5;-4328.534668
406723.1563;5860381.5;-4330.640137
406783.4688;5860381.5;-4332.82666
406843.7813;5860381.5;-4335.132813
406904.0625;5860381.5;-4337.525879
406964.375;5860381.5;-4339.963379
407024.6563;5860381.5;-4342.428223
407084.9688;5860381.5;-4344.850586
407145.2813;5860381.5;-4347.169922
407205.5625;5860381.5;-4349.352051
407265.875;5860381.5;-4351.311523
407326.1875;5860381.5;-4352.962402
407386.4688;5860381.5;-4354.371582
407446.7813;5860381.5;-4355.574707
407507.0625;5860381.5;-4356.586914
407567.375;5860381.5;-4357.407715
407627.6875;5860381.5;-4358.088867
407687.9688;5860381.5;-4358.660156
407748.2813;5860381.5;-4359.123535
407808.5938;5860381.5;-4359.42627
407868.875;5860381.5;-4359.588379
407929.1875;5860381.5;-4359.650879
407989.4688;5860381.5;-4359.625488
408049.7813;5860381.5;-4359.489746
408110.0938;5860381.5;-4359.250977
408170.375;5860381.5;-4358.910156
408230.6875;5860381.5;-4358.469238
408291;5860381.5;-4357.964355
408351.2813;5860381.5;-4357.433594
408411.5938;5860381.5;-4356.888672
408471.875;5860381.5;-4356.337402
408532.1875;5860381.5;-4367.723145
408592.5;5860381.5;-4367.192383
408652.7813;5860381.5;-4366.683105
408713.0938;5860381.5;-4366.198242
408773.4063;5860381.5;-4365.750977
408833.6875;5860381.5;-4365.337402
408894;5860381.5;-4364.952148
408954.2813;5860381.5;-4364.596191
409014.5938;5860381.5;-4364.277344
409074.9063;5860381.5;-4363.98584
409135.1875;5860381.5;-4363.724609
409195.5;5860381.5;-4363.495605
409255.8125;5860381.5;-4363.299316
409316.0938;5860381.5;-4363.130371
409376.4063;5860381.5;-4362.991211
401356.4063;5860442.5;-4238.917969
401416.6875;5860442.5;-4239.45752
401477;5860442.5;-4240.03125
401537.3125;5860442.5;-4240.640137
401597.5938;5860442.5;-4241.285156
401657.9063;5860442.5;-4241.95752
401718.2188;5860442.5;-4242.647949
401778.5;5860442.5;-4243.343262
401838.8125;5860442.5;-4244.041504
401899.0938;5860442.5;-4244.749023
401959.4063;5860442.5;-4245.478516
402019.7188;5860442.5;-4246.271973
402080;5860442.5;-4247.23877
402140.3125;5860442.5;-4248.438965
402200.625;5860442.5;-4249.941895
402260.9063;5860442.5;-4251.954102
402321.2188;5860442.5;-4254.882813
402381.5;5860442.5;-4258.429199
402441.8125;5860442.5;-4262.454102
402502.125;5860442.5;-4266.851074
402562.4063;5860442.5;-4271.183105
402622.7188;5860442.5;-4274.706543
402683.0313;5860442.5;-4277.227539
402743.3125;5860442.5;-4278.672363
402803.625;5860442.5;-4279.194824
402863.9063;5860442.5;-4279.21582
402924.2188;5860442.5;-4278.849609
402984.5313;5860442.5;-4278.205566
403044.8125;5860442.5;-4277.619141
403105.125;5860442.5;-4277.340332
403165.4375;5860442.5;-4277.775391
403225.7188;5860442.5;-4279.044434
403286.0313;5860442.5;-4280.866211
403346.3125;5860442.5;-4282.976074
403406.625;5860442.5;-4285.228027
403466.9375;5860442.5;-4287.410645
403527.2188;5860442.5;-4289.072754
403587.5313;5860442.5;-4289.888672
403647.8438;5860442.5;-4289.787598
403708.125;5860442.5;-4288.665039
403768.4375;5860442.5;-4286.762207
403828.7188;5860442.5;-4284.609375
403889.0313;5860442.5;-4282.63916
403949.3438;5860442.5;-4281.44873
404009.625;5860442.5;-4281.144043
404069.9375;5860442.5;-4281.401855
404130.25;5860442.5;-4282.116211
404190.5313;5860442.5;-4283.272461
404250.8438;5860442.5;-4284.715332
404311.125;5860442.5;-4286.168945
404371.4375;5860442.5;-4287.515137
404431.75;5860442.5;-4288.703613
404492.0313;5860442.5;-4289.739258
404552.3438;5860442.5;-4290.621094
404612.625;5860442.5;-4291.352539
404672.9375;5860442.5;-4291.986816
404733.25;5860442.5;-4292.554688
404793.5313;5860442.5;-4298.48877
404853.8438;5860442.5;-4299.025879
404914.1563;5860442.5;-4299.585449
404974.4375;5860442.5;-4300.146484
405034.75;5860442.5;-4300.763184
405095.0313;5860442.5;-4301.431641
405155.3438;5860442.5;-4299.236328
405215.6563;5860442.5;-4300.610352
405275.9375;5860442.5;-4302.057129
405336.25;5860442.5;-4303.546387
405396.5625;5860442.5;-4305.087891
405456.8438;5860442.5;-4306.674805
405517.1563;5860442.5;-4308.253418
405577.4375;5860442.5;-4301.664063
405637.75;5860442.5;-4302.714355
405698.0625;5860442.5;-4303.795898
405758.3438;5860442.5;-4304.894043
405818.6563;5860442.5;-4306.006348
405878.9688;5860442.5;-4307.155273
405939.25;5860442.5;-4308.333984
405999.5625;5860442.5;-4309.539063
406059.8438;5860442.5;-4310.791016
406120.1563;5860442.5;-4312.091797
406180.4688;5860442.5;-4313.436523
406240.75;5860442.5;-4314.835938
406301.0625;5860442.5;-4316.289551
406361.375;5860442.5;-4317.800781
406421.6563;5860442.5;-4319.397949
406481.9688;5860442.5;-4321.090332
406542.25;5860442.5;-4322.881348
406602.5625;5860442.5;-4324.811035
406662.875;5860442.5;-4326.857422
406723.1563;5860442.5;-4328.979004
406783.4688;5860442.5;-4331.190918
406843.7813;5860442.5;-4333.541992
406904.0625;5860442.5;-4336.000977
406964.375;5860442.5;-4338.521484
407024.6563;5860442.5;-4341.082031
407084.9688;5860442.5;-4343.600586
407145.2813;5860442.5;-4346.004883
407205.5625;5860442.5;-4348.244629
407265.875;5860442.5;-4350.214355
407326.1875;5860442.5;-4351.80957
407386.4688;5860442.5;-4353.118164
407446.7813;5860442.5;-4354.192383
407507.0625;5860442.5;-4355.057129
407567.375;5860442.5;-4355.722168
407627.6875;5860442.5;-4356.248047
407687.9688;5860442.5;-4356.669434
407748.2813;5860442.5;-4356.990723
407808.5938;5860442.5;-4357.173828
407868.875;5860442.5;-4357.242188
407929.1875;5860442.5;-4357.230469
407989.4688;5860442.5;-4357.150391
408049.7813;5860442.5;-4356.983398
408110.0938;5860442.5;-4356.736328
408170.375;5860442.5;-4356.40918
408230.6875;5860442.5;-4356.001953
408291;5860442.5;-4355.543457
408351.2813;5860442.5;-4355.063965
408411.5938;5860442.5;-4354.572754
408471.875;5860442.5;-4354.076172
408532.1875;5860442.5;-4365.59375
408592.5;5860442.5;-4365.103027
408652.7813;5860442.5;-4364.630371
408713.0938;5860442.5;-4364.177734
408773.4063;5860442.5;-4363.757324
408833.6875;5860442.5;-4363.368652
408894;5860442.5;-4363.004395
408954.2813;5860442.5;-4362.666992
409014.5938;5860442.5;-4362.363281
409074.9063;5860442.5;-4362.084961
409135.1875;5860442.5;-4361.834473
409195.5;5860442.5;-4361.614746
409255.8125;5860442.5;-4361.425781
409316.0938;5860442.5;-4361.262695
409376.4063;5860442.5;-4361.128418
401356.4063;5860503;-4240.166504
401416.6875;5860503;-4240.683594
401477;5860503;-4241.237305
401537.3125;5860503;-4241.828613
401597.5938;5860503;-4242.459961
401657.9063;5860503;-4243.125
401718.2188;5860503;-4243.81543
401778.5;5860503;-4244.521973
401838.8125;5860503;-4245.249512
401899.0938;5860503;-4246.000977
401959.4063;5860503;-4246.787598
402019.7188;5860503;-4247.652344
402080;5860503;-4248.692383
402140.3125;5860503;-4249.950684
402200.625;5860503;-4251.484863
402260.9063;5860503;-4253.449219
402321.2188;5860503;-4256.126953
402381.5;5860503;-4259.262207
402441.8125;5860503;-4262.745117
402502.125;5860503;-4266.490234
402562.4063;5860503;-4270.154785
402622.7188;5860503;-4273.146973
402683.0313;5860503;-4275.334961
402743.3125;5860503;-4276.678223
402803.625;5860503;-4277.274902
402863.9063;5860503;-4277.416504
402924.2188;5860503;-4277.185547
402984.5313;5860503;-4276.684082
403044.8125;5860503;-4276.251953
403105.125;5860503;-4276.185059
403165.4375;5860503;-4276.901855
403225.7188;5860503;-4278.506836
403286.0313;5860503;-4280.676758
403346.3125;5860503;-4283.157227
403406.625;5860503;-4285.817871
403466.9375;5860503;-4288.405762
403527.2188;5860503;-4290.351563
403587.5313;5860503;-4291.280762
403647.8438;5860503;-4291.055176
403708.125;5860503;-4289.474121
403768.4375;5860503;-4286.824219
403828.7188;5860503;-4283.850098
403889.0313;5860503;-4281.197266
403949.3438;5860503;-4279.71875
404009.625;5860503;-4279.35498
404069.9375;5860503;-4279.65918
404130.25;5860503;-4280.500977
404190.5313;5860503;-4281.851074
404250.8438;5860503;-4283.49707
404311.125;5860503;-4285.113281
404371.4375;5860503;-4286.568359
404431.75;5860503;-4287.811523
404492.0313;5860503;-4288.865723
404552.3438;5860503;-4289.73877
404612.625;5860503;-4290.438477
404672.9375;5860503;-4291.036133
404733.25;5860503;-4291.567383
404793.5313;5860503;-4297.461426
404853.8438;5860503;-4297.989258
404914.1563;5860503;-4298.546875
404974.4375;5860503;-4299.103027
405034.75;5860503;-4299.72168
405095.0313;5860503;-4300.395508
405155.3438;5860503;-4297.628906
405215.6563;5860503;-4299.0625
405275.9375;5860503;-4300.571289
405336.25;5860503;-4302.120605
405396.5625;5860503;-4303.720703
405456.8438;5860503;-4305.365723
405517.1563;5860503;-4306.991211
405577.4375;5860503;-4308.646484
405637.75;5860503;-4301.357422
405698.0625;5860503;-4302.433594
405758.3438;5860503;-4303.520996
405818.6563;5860503;-4304.616211
405878.9688;5860503;-4305.741699
405939.25;5860503;-4306.891602
405999.5625;5860503;-4308.064453
406059.8438;5860503;-4309.28125
406120.1563;5860503;-4310.545898
406180.4688;5860503;-4311.854004
406240.75;5860503;-4313.219238
406301.0625;5860503;-4314.639648
406361.375;5860503;-4316.121582
406421.6563;5860503;-4317.691895
406481.9688;5860503;-4319.362793
406542.25;5860503;-4321.13916
406602.5625;5860503;-4323.0625
406662.875;5860503;-4325.11084
406723.1563;5860503;-4327.242188
406783.4688;5860503;-4329.474609
406843.7813;5860503;-4331.867188
406904.0625;5860503;-4334.393555
406964.375;5860503;-4337.002441
407024.6563;5860503;-4339.668457
407084.9688;5860503;-4342.300781
407145.2813;5860503;-4344.809082
407205.5625;5860503;-4347.123047
407265.875;5860503;-4349.110352
407326.1875;5860503;-4350.645996
407386.4688;5860503;-4351.84375
407446.7813;5860503;-4352.779297
407507.0625;5860503;-4353.489258
407567.375;5860503;-4353.998047
407627.6875;5860503;-4354.371582
407687.9688;5860503;-4354.648926
407748.2813;5860503;-4354.836426
407808.5938;5860503;-4354.908203
407868.875;5860503;-4354.88916
407929.1875;5860503;-4354.810059
407989.4688;5860503;-4354.678711
408049.7813;5860503;-4354.484375
408110.0938;5860503;-4354.229004
408170.375;5860503;-4353.912598
408230.6875;5860503;-4353.535645
408291;5860503;-4353.119141
408351.2813;5860503;-4352.686035
408411.5938;5860503;-4352.244141
408471.875;5860503;-4363.913086
408532.1875;5860503;-4363.441895
408592.5;5860503;-4362.986816
408652.7813;5860503;-4362.547852
408713.0938;5860503;-4362.125488
408773.4063;5860503;-4361.731934
408833.6875;5860503;-4361.366211
408894;5860503;-4361.021973
408954.2813;5860503;-4360.702637
409014.5938;5860503;-4360.414063
409074.9063;5860503;-4360.147461
409135.1875;5860503;-4359.908691
409195.5;5860503;-4359.696777
409255.8125;5860503;-4359.514648
409316.0938;5860503;-4359.35791
409376.4063;5860503;-4359.227051
401356.4063;5860563.5;-4241.369629
401416.6875;5860563.5;-4241.868164
401477;5860563.5;-4242.404785
401537.3125;5860563.5;-4242.97998
401597.5938;5860563.5;-4243.598145
401657.9063;5860563.5;-4244.257324
401718.2188;5860563.5;-4244.950195
401778.5;5860563.5;-4245.669922
401838.8125;5860563.5;-4246.427246
401899.0938;5860563.5;-4247.219727
401959.4063;5860563.5;-4248.060059
402019.7188;5860563.5;-4248.988281
402080;5860563.5;-4250.083984
402140.3125;5860563.5;-4251.374512
402200.625;5860563.5;-4252.903809
402260.9063;5860563.5;-4254.783691
402321.2188;5860563.5;-4257.205078
402381.5;5860563.5;-4259.950684
402441.8125;5860563.5;-4262.936035
402502.125;5860563.5;-4266.091309
402562.4063;5860563.5;-4269.154785
402622.7188;5860563.5;-4271.682617
402683.0313;5860563.5;-4273.57959
402743.3125;5860563.5;-4274.815918
402803.625;5860563.5;-4275.453613
402863.9063;5860563.5;-4275.707031
402924.2188;5860563.5;-4275.648926
402984.5313;5860563.5;-4275.394043
403044.8125;5860563.5;-4275.314453
403105.125;5860563.5;-4275.678711
403165.4375;5860563.5;-4276.693359
403225.7188;5860563.5;-4278.465332
403286.0313;5860563.5;-4280.871582
403346.3125;5860563.5;-4283.656738
403406.625;5860563.5;-4286.692871
403466.9375;5860563.5;-4289.6875
403527.2188;5860563.5;-4291.95752
403587.5313;5860563.5;-4293.077637
403647.8438;5860563.5;-4292.826172
403708.125;5860563.5;-4290.835449
403768.4375;5860563.5;-4287.238281
403828.7188;5860563.5;-4283.145996
403889.0313;5860563.5;-4279.588867
403949.3438;5860563.5;-4277.89209
404009.625;5860563.5;-4277.581543
404069.9375;5860563.5;-4278.01123
404130.25;5860563.5;-4279.030762
404190.5313;5860563.5;-4280.601563
404250.8438;5860563.5;-4282.453125
404311.125;5860563.5;-4284.217773
404371.4375;5860563.5;-4285.753418
404431.75;5860563.5;-4287.02002
404492.0313;5860563.5;-4288.060059
404552.3438;5860563.5;-4288.892578
404612.625;5860563.5;-4289.53125
404672.9375;5860563.5;-4290.071777
404733.25;5860563.5;-4295.872559
404793.5313;5860563.5;-4296.358398
404853.8438;5860563.5;-4296.873535
404914.1563;5860563.5;-4297.431641
404974.4375;5860563.5;-4297.987793
405034.75;5860563.5;-4298.613281
405095.0313;5860563.5;-4294.572266
405155.3438;5860563.5;-4295.958008
405215.6563;5860563.5;-4297.458008
405275.9375;5860563.5;-4299.035645
405336.25;5860563.5;-4300.651855
405396.5625;5860563.5;-4302.318359
405456.8438;5860563.5;-4304.026367
405517.1563;5860563.5;-4305.70459
405577.4375;5860563.5;-4307.406738
405637.75;5860563.5;-4309.12793
405698.0625;5860563.5;-4301.056152
405758.3438;5860563.5;-4302.132813
405818.6563;5860563.5;-4303.211426
405878.9688;5860563.5;-4304.3125
405939.25;5860563.5;-4305.432129
405999.5625;5860563.5;-4306.568359
406059.8438;5860563.5;-4307.746582
406120.1563;5860563.5;-4308.970215
406180.4688;5860563.5;-4310.237793
406240.75;5860563.5;-4311.5625
406301.0625;5860563.5;-4312.945313
406361.375;5860563.5;-4314.391602
406421.6563;5860563.5;-4315.929688
406481.9688;5860563.5;-4317.572754
406542.25;5860563.5;-4319.32666
406602.5625;5860563.5;-4321.234375
406662.875;5860563.5;-4323.274414
406723.1563;5860563.5;-4325.405762
406783.4688;5860563.5;-4327.648926
406843.7813;5860563.5;-4330.075195
406904.0625;5860563.5;-4332.666504
406964.375;5860563.5;-4335.366211
407024.6563;5860563.5;-4338.148926
407084.9688;5860563.5;-4340.916016
407145.2813;5860563.5;-4343.555176
407205.5625;5860563.5;-4345.966309
407265.875;5860563.5;-4347.981445
407326.1875;5860563.5;-4349.452148
407386.4688;5860563.5;-4350.526367
407446.7813;5860563.5;-4351.308594
407507.0625;5860563.5;-4351.85791
407567.375;5860563.5;-4352.211426
407627.6875;5860563.5;-4352.439941
407687.9688;5860563.5;-4352.582031
407748.2813;5860563.5;-4352.645996
407808.5938;5860563.5;-4352.616699
407868.875;5860563.5;-4352.520508
407929.1875;5860563.5;-4352.380859
407989.4688;5860563.5;-4352.205078
408049.7813;5860563.5;-4351.98584
408110.0938;5860563.5;-4351.723145
408170.375;5860563.5;-4351.416016
408230.6875;5860563.5;-4351.065918
408291;5860563.5;-4350.686523
408351.2813;5860563.5;-4350.29541
408411.5938;5860563.5;-4362.148438
408471.875;5860563.5;-4361.708984
408532.1875;5860563.5;-4361.271973
408592.5;5860563.5;-4360.850586
408652.7813;5860563.5;-4360.441895
408713.0938;5860563.5;-4360.046875
408773.4063;5860563.5;-4359.677734
408833.6875;5860563.5;-4359.333984
408894;5860563.5;-4359.007813
408954.2813;5860563.5;-4358.705078
409014.5938;5860563.5;-4358.430176
409074.9063;5860563.5;-4358.174805
409135.1875;5860563.5;-4357.944336
409195.5;5860563.5;-4357.740723
409255.8125;5860563.5;-4357.564453
409316.0938;5860563.5;-4357.412109
409376.4063;5860563.5;-4357.283691
401356.4063;5860624;-4242.507813
401416.6875;5860624;-4242.988281
401477;5860624;-4243.508301
401537.3125;5860624;-4244.068359
401597.5938;5860624;-4244.675781
401657.9063;5860624;-4245.327637
401718.2188;5860624;-4246.021484
401778.5;5860624;-4246.751953
401838.8125;5860624;-4247.53125
401899.0938;5860624;-4248.356445
401959.4063;5860624;-4249.237305
402019.7188;5860624;-4250.209473
402080;5860624;-4251.337402
402140.3125;5860624;-4252.633789
402200.625;5860624;-4254.12793
402260.9063;5860624;-4255.902832
402321.2188;5860624;-4258.081055
402381.5;5860624;-4260.486328
402441.8125;5860624;-4263.05127
402502.125;5860624;-4265.718262
402562.4063;5860624;-4268.287109
402622.7188;5860624;-4270.431152
402683.0313;5860624;-4272.085449
402743.3125;5860624;-4273.225098
402803.625;5860624;-4273.896973
402863.9063;5860624;-4274.269043
402924.2188;5860624;-4274.420898
402984.5313;5860624;-4274.492676
403044.8125;5860624;-4274.847656
403105.125;5860624;-4275.658203
403165.4375;5860624;-4276.997559
403225.7188;5860624;-4278.983887
403286.0313;5860624;-4281.644043
403346.3125;5860624;-4284.711426
403406.625;5860624;-4288.050781
403466.9375;5860624;-4291.377441
403527.2188;5860624;-4294.033203
403587.5313;5860624;-4295.591309
403647.8438;5860624;-4295.721191
403708.125;5860624;-4293.700195
403768.4375;5860624;-4288.804199
403828.7188;5860624;-4282.839844
403889.0313;5860624;-4277.798828
403949.3438;5860624;-4275.902832
404009.625;5860624;-4275.874023
404069.9375;5860624;-4276.624023
404130.25;5860624;-4277.947266
404190.5313;5860624;-4279.789063
404250.8438;5860624;-4281.827637
404311.125;5860624;-4283.682617
404371.4375;5860624;-4285.222656
404431.75;5860624;-4286.428711
404492.0313;5860624;-4287.375
404552.3438;5860624;-4288.098145
404612.625;5860624;-4288.618652
404672.9375;5860624;-4289.0625
404733.25;5860624;-4294.674805
404793.5313;5860624;-4295.123535
404853.8438;5860624;-4295.625977
404914.1563;5860624;-4296.19043
404974.4375;5860624;-4296.756836
405034.75;5860624;-4297.401855
405095.0313;5860624;-4292.736328
405155.3438;5860624;-4294.194824
405215.6563;5860624;-4295.773438
405275.9375;5860624;-4297.432129
405336.25;5860624;-4299.12793
405396.5625;5860624;-4300.873047
405456.8438;5860624;-4302.655762
405517.1563;5860624;-4304.396484
405577.4375;5860624;-4306.152832
405637.75;5860624;-4307.915039
405698.0625;5860624;-4301.430664
405758.3438;5860624;-4300.73877
405818.6563;5860624;-4301.800781
405878.9688;5860624;-4302.875
405939.25;5860624;-4303.957031
405999.5625;5860624;-4305.05127
406059.8438;5860624;-4306.184082
406120.1563;5860624;-4307.358398
406180.4688;5860624;-4308.57666
406240.75;5860624;-4309.853516
406301.0625;5860624;-4311.188965
406361.375;5860624;-4312.591797
406421.6563;5860624;-4314.087891
406481.9688;5860624;-4315.69043
406542.25;5860624;-4317.407715
406602.5625;5860624;-4319.283203
406662.875;5860624;-4321.295898
406723.1563;5860624;-4323.404297
406783.4688;5860624;-4325.63623
406843.7813;5860624;-4328.074707
406904.0625;5860624;-4330.713379
406964.375;5860624;-4333.49707
407024.6563;5860624;-4336.403809
407084.9688;5860624;-4339.331055
407145.2813;5860624;-4342.137207
407205.5625;5860624;-4344.680176
407265.875;5860624;-4346.744629
407326.1875;5860624;-4348.143066
407386.4688;5860624;-4349.069824
407446.7813;5860624;-4349.680176
407507.0625;5860624;-4350.062988
407567.375;5860624;-4350.270996
407627.6875;5860624;-4350.371094
407687.9688;5860624;-4350.399414
407748.2813;5860624;-4350.362305
407808.5938;5860624;-4350.253906
407868.875;5860624;-4350.099121
407929.1875;5860624;-4349.914551
407989.4688;5860624;-4349.706543
408049.7813;5860624;-4349.470703
408110.0938;5860624;-4349.204102
408170.375;5860624;-4348.907715
408230.6875;5860624;-4348.580566
408291;5860624;-4348.234863
408351.2813;5860624;-4360.29248
408411.5938;5860624;-4359.889648
408471.875;5860624;-4359.480957
408532.1875;5860624;-4359.074219
408592.5;5860624;-4358.682129
408652.7813;5860624;-4358.300293
408713.0938;5860624;-4357.928711
408773.4063;5860624;-4357.581543
408833.6875;5860624;-4357.257324
408894;5860624;-4356.947754
408954.2813;5860624;-4356.658691
409014.5938;5860624;-4356.395996
409074.9063;5860624;-4356.149902
409135.1875;5860624;-4355.927734
409195.5;5860624;-4355.730469
409255.8125;5860624;-4355.559082
409316.0938;5860624;-4355.408691
409376.4063;5860624;-4355.281738
401356.4063;5860685;-4243.573242
401416.6875;5860685;-4244.03418
401477;5860685;-4244.535156
401537.3125;5860685;-4245.079102
401597.5938;5860685;-4245.671875
401657.9063;5860685;-4246.314453
401718.2188;5860685;-4247.002441
401778.5;5860685;-4247.734375
401838.8125;5860685;-4248.523926
401899.0938;5860685;-4249.364746
401959.4063;5860685;-4250.264648
402019.7188;5860685;-4251.255371
402080;5860685;-4252.388672
402140.3125;5860685;-4253.665527
402200.625;5860685;-4255.107422
402260.9063;5860685;-4256.773926
402321.2188;5860685;-4258.742188
402381.5;5860685;-4260.870117
402441.8125;5860685;-4263.102539
402502.125;5860685;-4265.393555
402562.4063;5860685;-4267.584473
402622.7188;5860685;-4269.4375
402683.0313;5860685;-4270.905762
402743.3125;5860685;-4271.976074
402803.625;5860685;-4272.683105
402863.9063;5860685;-4273.164551
402924.2188;5860685;-4273.498535
402984.5313;5860685;-4273.84668
403044.8125;5860685;-4274.565918
403105.125;5860685;-4275.727539
403165.4375;5860685;-4277.366699
403225.7188;5860685;-4279.606445
403286.0313;5860685;-4282.53418
403346.3125;5860685;-4285.869141
403406.625;5860685;-4289.44043
403466.9375;5860685;-4293.027832
403527.2188;5860685;-4296.162109
403587.5313;5860685;-4298.479492
403647.8438;5860685;-4299.597656
403708.125;5860685;-4298.285645
403768.4375;5860685;-4291.69873
403828.7188;5860685;-4282.77832
403889.0313;5860685;-4275.763672
403949.3438;5860685;-4273.849609
404009.625;5860685;-4274.357422
404069.9375;5860685;-4275.676758
404130.25;5860685;-4277.469238
404190.5313;5860685;-4279.643066
404250.8438;5860685;-4281.817871
404311.125;5860685;-4283.651855
404371.4375;5860685;-4285.052246
404431.75;5860685;-4286.046875
404492.0313;5860685;-4286.764648
404552.3438;5860685;-4287.264648
404612.625;5860685;-4287.582031
404672.9375;5860685;-4292.893555
404733.25;5860685;-4293.277832
404793.5313;5860685;-4293.681152
404853.8438;5860685;-4294.175781
404914.1563;5860685;-4294.762695
404974.4375;5860685;-4295.358398
405034.75;5860685;-4289.39502
405095.0313;5860685;-4290.77832
405155.3438;5860685;-4292.330078
405215.6563;5860685;-4294.006836
405275.9375;5860685;-4295.766113
405336.25;5860685;-4297.560059
405396.5625;5860685;-4299.399414
405456.8438;5860685;-4301.272949
405517.1563;5860685;-4303.088867
405577.4375;5860685;-4304.910156
405637.75;5860685;-4306.720215
405698.0625;5860685;-4308.438477
405758.3438;5860685;-4299.366699
405818.6563;5860685;-4300.408691
405878.9688;5860685;-4301.450195
405939.25;5860685;-4302.486328
405999.5625;5860685;-4303.527832
406059.8438;5860685;-4304.603027
406120.1563;5860685;-4305.717773
406180.4688;5860685;-4306.876465
406240.75;5860685;-4308.095215
406301.0625;5860685;-4309.373535
406361.375;5860685;-4310.722656
406421.6563;5860685;-4312.165039
406481.9688;5860685;-4313.715332
406542.25;5860685;-4315.379395
406602.5625;5860685;-4317.200195
406662.875;5860685;-4319.157227
406723.1563;5860685;-4321.210449
406783.4688;5860685;-4323.391602
406843.7813;5860685;-4325.79834
406904.0625;5860685;-4328.439453
406964.375;5860685;-4331.26709
407024.6563;5860685;-4334.269531
407084.9688;5860685;-4337.345215
407145.2813;5860685;-4340.330566
407205.5625;5860685;-4343.038574
407265.875;5860685;-4345.199219
407326.1875;5860685;-4346.537109
407386.4688;5860685;-4347.297363
407446.7813;5860685;-4347.72168
407507.0625;5860685;-4347.950684
407567.375;5860685;-4348.047363
407627.6875;5860685;-4348.057129
407687.9688;5860685;-4348.009766
407748.2813;5860685;-4347.90918
407808.5938;5860685;-4347.754883
407868.875;5860685;-4347.569824
407929.1875;5860685;-4347.363281
407989.4688;5860685;-4347.141602
408049.7813;5860685;-4346.902344
408110.0938;5860685;-4346.643066
408170.375;5860685;-4346.362305
408230.6875;5860685;-4346.061523
408291;5860685;-4358.339844
408351.2813;5860685;-4357.967285
408411.5938;5860685;-4357.592285
408471.875;5860685;-4357.210938
408532.1875;5860685;-4356.832031
408592.5;5860685;-4356.466797
408652.7813;5860685;-4356.110352
408713.0938;5860685;-4355.761719
408773.4063;5860685;-4355.435059
408833.6875;5860685;-4355.128418
408894;5860685;-4354.833984
408954.2813;5860685;-4354.558105
409014.5938;5860685;-4354.306641
409074.9063;5860685;-4354.069824
409135.1875;5860685;-4353.855469
409195.5;5860685;-4353.664063
409255.8125;5860685;-4353.49707
409316.0938;5860685;-4353.350098
409376.4063;5860685;-4353.225098
401356.4063;5860745.5;-4244.57666
401416.6875;5860745.5;-4245.01709
401477;5860745.5;-4245.499512
401537.3125;5860745.5;-4246.024902
401597.5938;5860745.5;-4246.601563
401657.9063;5860745.5;-4247.229492
401718.2188;5860745.5;-4247.907715
401778.5;5860745.5;-4248.633789
401838.8125;5860745.5;-4249.421875
401899.0938;5860745.5;-4250.26416
401959.4063;5860745.5;-4251.166992
402019.7188;5860745.5;-4252.157715
402080;5860745.5;-4253.276367
402140.3125;5860745.5;-4254.51709
402200.625;5860745.5;-4255.895508
402260.9063;5860745.5;-4257.452637
402321.2188;5860745.5;-4259.23584
402381.5;5860745.5;-4261.130371
402441.8125;5860745.5;-4263.092773
402502.125;5860745.5;-4265.083008
402562.4063;5860745.5;-4266.977539
402622.7188;5860745.5;-4268.601563
402683.0313;5860745.5;-4269.924805
402743.3125;5860745.5;-4270.940918
402803.625;5860745.5;-4271.682129
402863.9063;5860745.5;-4272.256836
402924.2188;5860745.5;-4272.741211
402984.5313;5860745.5;-4273.30127
403044.8125;5860745.5;-4274.284668
403105.125;5860745.5;-4275.701172
403165.4375;5860745.5;-4277.571777
403225.7188;5860745.5;-4280.013184
403286.0313;5860745.5;-4283.126953
403346.3125;5860745.5;-4286.607422
403406.625;5860745.5;-4290.273438
403466.9375;5860745.5;-4293.964844
403527.2188;5860745.5;-4297.373535
403587.5313;5860745.5;-4300.220215
403647.8438;5860745.5;-4302.285645
403708.125;5860745.5;-4301.780762
403768.4375;5860745.5;-4293.151855
403828.7188;5860745.5;-4280.600586
403889.0313;5860745.5;-4272.236816
403949.3438;5860745.5;-4271.57959
404009.625;5860745.5;-4273.100586
404069.9375;5860745.5;-4275.151855
404130.25;5860745.5;-4277.486816
404190.5313;5860745.5;-4279.990723
404250.8438;5860745.5;-4282.227051
404311.125;5860745.5;-4283.92627
404371.4375;5860745.5;-4285.054688
404431.75;5860745.5;-4285.708984
404492.0313;5860745.5;-4286.087891
404552.3438;5860745.5;-4286.283203
404612.625;5860745.5;-4286.34375
404672.9375;5860745.5;-4291.416016
404733.25;5860745.5;-4291.699707
404793.5313;5860745.5;-4292.055664
404853.8438;5860745.5;-4292.55127
404914.1563;5860745.5;-4293.17627
404974.4375;5860745.5;-4285.900391
405034.75;5860745.5;-4287.28125
405095.0313;5860745.5;-4288.766602
405155.3438;5860745.5;-4290.429688
405215.6563;5860745.5;-4292.222656
405275.9375;5860745.5;-4294.09668
405336.25;5860745.5;-4296.000977
405396.5625;5860745.5;-4297.947754
405456.8438;5860745.5;-4299.92041
405517.1563;5860745.5;-4301.821777
405577.4375;5860745.5;-4303.714355
405637.75;5860745.5;-4305.575195
405698.0625;5860745.5;-4307.320313
405758.3438;5860745.5;-4309.023438
405818.6563;5860745.5;-4299.063965
405878.9688;5860745.5;-4300.065918
405939.25;5860745.5;-4301.048828
405999.5625;5860745.5;-4302.02832
406059.8438;5860745.5;-4303.035645
406120.1563;5860745.5;-4304.079102
406180.4688;5860745.5;-4305.168945
406240.75;5860745.5;-4306.317871
406301.0625;5860745.5;-4307.528809
406361.375;5860745.5;-4308.813965
406421.6563;5860745.5;-4310.193359
406481.9688;5860745.5;-4311.67627
406542.25;5860745.5;-4313.270996
406602.5625;5860745.5;-4315.015137
406662.875;5860745.5;-4316.888672
406723.1563;5860745.5;-4318.853027
406783.4688;5860745.5;-4320.942871
406843.7813;5860745.5;-4323.269043
406904.0625;5860745.5;-4325.852539
406964.375;5860745.5;-4328.660645
407024.6563;5860745.5;-4331.696777
407084.9688;5860745.5;-4334.866211
407145.2813;5860745.5;-4338.002441
407205.5625;5860745.5;-4340.897461
407265.875;5860745.5;-4343.233887
407326.1875;5860745.5;-4344.558594
407386.4688;5860745.5;-4345.145996
407446.7813;5860745.5;-4345.39502
407507.0625;5860745.5;-4345.504883
407567.375;5860745.5;-4345.538086
407627.6875;5860745.5;-4345.507813
407687.9688;5860745.5;-4345.430176
407748.2813;5860745.5;-4345.303711
407808.5938;5860745.5;-4345.134277
407868.875;5860745.5;-4344.942383
407929.1875;5860745.5;-4344.734375
407989.4688;5860745.5;-4344.515137
408049.7813;5860745.5;-4344.285156
408110.0938;5860745.5;-4344.040527
408170.375;5860745.5;-4343.781738
408230.6875;5860745.5;-4356.309082
408291;5860745.5;-4355.967285
408351.2813;5860745.5;-4355.619141
408411.5938;5860745.5;-4355.270508
408471.875;5860745.5;-4354.915527
408532.1875;5860745.5;-4354.562012
408592.5;5860745.5;-4354.22168
408652.7813;5860745.5;-4353.888184
408713.0938;5860745.5;-4353.560059
408773.4063;5860745.5;-4353.252441
408833.6875;5860745.5;-4352.962402
408894;5860745.5;-4352.682129
408954.2813;5860745.5;-4352.419434
409014.5938;5860745.5;-4352.177246
409074.9063;5860745.5;-4351.949219
409135.1875;5860745.5;-4351.741699
409195.5;5860745.5;-4351.555664
409255.8125;5860745.5;-4351.392578
409316.0938;5860745.5;-4351.249023
409376.4063;5860745.5;-4351.125488
401356.4063;5860806;-4245.524902
401416.6875;5860806;-4245.944824
401477;5860806;-4246.406738
401537.3125;5860806;-4246.911621
401597.5938;5860806;-4247.46875
401657.9063;5860806;-4248.079102
401718.2188;5860806;-4248.742188
401778.5;5860806;-4249.456055
401838.8125;5860806;-4250.234375
401899.0938;5860806;-4251.067383
401959.4063;5860806;-4251.959961
402019.7188;5860806;-4252.935547
402080;5860806;-4254.025391
402140.3125;5860806;-4255.21875
402200.625;5860806;-4256.524902
402260.9063;5860806;-4257.973633
402321.2188;5860806;-4259.589844
402381.5;5860806;-4261.28125
402441.8125;5860806;-4263.015137
402502.125;5860806;-4264.758789
402562.4063;5860806;-4266.412109
402622.7188;5860806;-4267.850586
402683.0313;5860806;-4269.054688
402743.3125;5860806;-4270.024902
402803.625;5860806;-4270.791504
402863.9063;5860806;-4271.442383
402924.2188;5860806;-4272.044922
402984.5313;5860806;-4272.759766
403044.8125;5860806;-4273.909668
403105.125;5860806;-4275.480469
403165.4375;5860806;-4277.481445
403225.7188;5860806;-4280.021484
403286.0313;5860806;-4283.181641
403346.3125;5860806;-4286.636719
403406.625;5860806;-4290.202148
403466.9375;5860806;-4293.73291
403527.2188;5860806;-4296.956543
403587.5313;5860806;-4299.524414
403647.8438;5860806;-4300.962891
403708.125;5860806;-4299.135742
403768.4375;5860806;-4288.525391
403828.7188;5860806;-4274.228516
403889.0313;5860806;-4266.763184
403949.3438;5860806;-4269.040527
404009.625;5860806;-4272.220703
404069.9375;5860806;-4275.060547
404130.25;5860806;-4277.893066
404190.5313;5860806;-4280.678711
404250.8438;5860806;-4282.881836
404311.125;5860806;-4284.319336
404371.4375;5860806;-4285.049316
404431.75;5860806;-4285.250488
404492.0313;5860806;-4285.201172
404552.3438;5860806;-4285.033691
404612.625;5860806;-4284.816406
404672.9375;5860806;-4289.764648
404733.25;5860806;-4289.944336
404793.5313;5860806;-4290.257324
404853.8438;5860806;-4290.766113
404914.1563;5860806;-4291.444824
404974.4375;5860806;-4283.630371
405034.75;5860806;-4285.13916
405095.0313;5860806;-4286.755371
405155.3438;5860806;-4288.547852
405215.6563;5860806;-4290.470215
405275.9375;5860806;-4292.472168
405336.25;5860806;-4294.495605
405396.5625;5860806;-4296.555664
405456.8438;5860806;-4298.63623
405517.1563;5860806;-4300.628418
405577.4375;5860806;-4302.597168
405637.75;5860806;-4304.508789
405698.0625;5860806;-4306.277344
405758.3438;5860806;-4307.985352
405818.6563;5860806;-4309.647461
405878.9688;5860806;-4298.746094
405939.25;5860806;-4299.666992
405999.5625;5860806;-4300.575195
406059.8438;5860806;-4301.503906
406120.1563;5860806;-4302.464844
406180.4688;5860806;-4303.474121
406240.75;5860806;-4304.542969
406301.0625;5860806;-4305.67627
406361.375;5860806;-4306.887207
406421.6563;5860806;-4308.19043
406481.9688;5860806;-4309.591309
406542.25;5860806;-4311.100098
406602.5625;5860806;-4312.745117
406662.875;5860806;-4314.505859
406723.1563;5860806;-4316.345703
406783.4688;5860806;-4318.304199
406843.7813;5860806;-4320.495605
406904.0625;5860806;-4322.95166
406964.375;5860806;-4325.658203
407024.6563;5860806;-4328.639648
407084.9688;5860806;-4331.807617
407145.2813;5860806;-4335.020508
407205.5625;5860806;-4338.092285
407265.875;5860806;-4340.67041
407326.1875;5860806;-4342.057617
407386.4688;5860806;-4342.512695
407446.7813;5860806;-4342.643555
407507.0625;5860806;-4342.706543
407567.375;5860806;-4342.742188
407627.6875;5860806;-4342.728516
407687.9688;5860806;-4342.669922
407748.2813;5860806;-4342.557129
407808.5938;5860806;-4342.400391
407868.875;5860806;-4342.225098
407929.1875;5860806;-4342.031738
407989.4688;5860806;-4341.829102
408049.7813;5860806;-4341.618652
408110.0938;5860806;-4341.397461
408170.375;5860806;-4354.218262
408230.6875;5860806;-4353.90625
408291;5860806;-4353.585449
408351.2813;5860806;-4353.260254
408411.5938;5860806;-4352.935547
408471.875;5860806;-4352.605957
408532.1875;5860806;-4352.274902
408592.5;5860806;-4351.957031
408652.7813;5860806;-4351.644043
408713.0938;5860806;-4351.335449
408773.4063;5860806;-4351.044922
408833.6875;5860806;-4350.769043
408894;5860806;-4350.500977
408954.2813;5860806;-4350.249023
409014.5938;5860806;-4350.016113
409074.9063;5860806;-4349.795898
409135.1875;5860806;-4349.594727
409195.5;5860806;-4349.413086
409255.8125;5860806;-4349.25293
409316.0938;5860806;-4349.110352
409376.4063;5860806;-4348.986816
401356.4063;5860866.5;-4246.414063
401416.6875;5860866.5;-4246.812012
401477;5860866.5;-4247.250977
401537.3125;5860866.5;-4247.73291
401597.5938;5860866.5;-4248.268066
401657.9063;5860866.5;-4248.85791
401718.2188;5860866.5;-4249.499512
401778.5;5860866.5;-4250.193848
401838.8125;5860866.5;-4250.953125
401899.0938;5860866.5;-4251.766602
401959.4063;5860866.5;-4252.637207
402019.7188;5860866.5;-4253.585449
402080;5860866.5;-4254.634766
402140.3125;5860866.5;-4255.77002
402200.625;5860866.5;-4256.997559
402260.9063;5860866.5;-4258.338379
402321.2188;5860866.5;-4259.804199
402381.5;5860866.5;-4261.319824
402441.8125;5860866.5;-4262.861816
402502.125;5860866.5;-4264.400391
402562.4063;5860866.5;-4265.858398
402622.7188;5860866.5;-4267.144531
402683.0313;5860866.5;-4268.248047
402743.3125;5860866.5;-4269.174805
402803.625;5860866.5;-4269.952148
402863.9063;5860866.5;-4270.651367
402924.2188;5860866.5;-4271.332031
402984.5313;5860866.5;-4272.141602
403044.8125;5860866.5;-4273.366699
403105.125;5860866.5;-4274.980957
403165.4375;5860866.5;-4276.992188
403225.7188;5860866.5;-4279.492188
403286.0313;5860866.5;-4282.536133
403346.3125;5860866.5;-4285.782715
403406.625;5860866.5;-4289.026855
403466.9375;5860866.5;-4292.068359
403527.2188;5860866.5;-4294.54248
403587.5313;5860866.5;-4295.966309
403647.8438;5860866.5;-4295.506836
403708.125;5860866.5;-4291.419922
403768.4375;5860866.5;-4281.387695
403828.7188;5860866.5;-4270.049805
403889.0313;5860866.5;-4265.080566
403949.3438;5860866.5;-4268.569336
404009.625;5860866.5;-4272.319336
404069.9375;5860866.5;-4275.554199
404130.25;5860866.5;-4278.716309
404190.5313;5860866.5;-4281.755371
404250.8438;5860866.5;-4283.80127
404311.125;5860866.5;-4284.760254
404371.4375;5860866.5;-4284.943848
404431.75;5860866.5;-4284.580078
404492.0313;5860866.5;-4284.021484
404552.3438;5860866.5;-4283.442871
404612.625;5860866.5;-4287.990723
404672.9375;5860866.5;-4287.792969
404733.25;5860866.5;-4287.902832
404793.5313;5860866.5;-4288.211914
404853.8438;5860866.5;-4288.771973
404914.1563;5860866.5;-4279.681152
404974.4375;5860866.5;-4281.231445
405034.75;5860866.5;-4282.897949
405095.0313;5860866.5;-4284.67334
405155.3438;5860866.5;-4286.618164
405215.6563;5860866.5;-4288.691895
405275.9375;5860866.5;-4290.84082
405336.25;5860866.5;-4293.000977
405396.5625;5860866.5;-4295.192383
405456.8438;5860866.5;-4297.394531
405517.1563;5860866.5;-4299.492676
405577.4375;5860866.5;-4301.548828
405637.75;5860866.5;-4303.51709
405698.0625;5860866.5;-4305.312012
405758.3438;5860866.5;-4307.025879
405818.6563;5860866.5;-4308.671387
405878.9688;5860866.5;-4310.144043
405939.25;5860866.5;-4298.336426
405999.5625;5860866.5;-4299.159668
406059.8438;5860866.5;-4299.994141
406120.1563;5860866.5;-4300.858398
406180.4688;5860866.5;-4301.776855
406240.75;5860866.5;-4302.756836
406301.0625;5860866.5;-4303.804199
406361.375;5860866.5;-4304.93457
406421.6563;5860866.5;-4306.155273
406481.9688;5860866.5;-4307.46875
406542.25;5860866.5;-4308.881836
406602.5625;5860866.5;-4310.413086
406662.875;5860866.5;-4312.040039
406723.1563;5860866.5;-4313.726563
406783.4688;5860866.5;-4315.514648
406843.7813;5860866.5;-4317.51709
406904.0625;5860866.5;-4319.766113
406964.375;5860866.5;-4322.271484
407024.6563;5860866.5;-4325.077637
407084.9688;5860866.5;-4328.098633
407145.2813;5860866.5;-4331.231934
407205.5625;5860866.5;-4334.29248
407265.875;5860866.5;-4336.920898
407326.1875;5860866.5;-4338.426758
407386.4688;5860866.5;-4339.026367
407446.7813;5860866.5;-4339.296875
407507.0625;5860866.5;-4339.48584
407567.375;5860866.5;-4339.620117
407627.6875;5860866.5;-4339.688477
407687.9688;5860866.5;-4339.701172
407748.2813;5860866.5;-4339.644043
407808.5938;5860866.5;-4339.532715
407868.875;5860866.5;-4339.396484
407929.1875;5860866.5;-4339.236816
407989.4688;5860866.5;-4339.066406
408049.7813;5860866.5;-4338.888184
408110.0938;5860866.5;-4352.033203
408170.375;5860866.5;-4351.750977
408230.6875;5860866.5;-4351.461426
408291;5860866.5;-4351.164063
408351.2813;5860866.5;-4350.86377
408411.5938;5860866.5;-4350.564941
408471.875;5860866.5;-4350.258789
408532.1875;5860866.5;-4349.952148
408592.5;5860866.5;-4349.655762
408652.7813;5860866.5;-4349.36377
408713.0938;5860866.5;-4349.073242
408773.4063;5860866.5;-4348.799805
408833.6875;5860866.5;-4348.539551
408894;5860866.5;-4348.28418
408954.2813;5860866.5;-4348.042969
409014.5938;5860866.5;-4347.819824
409074.9063;5860866.5;-4347.607422
409135.1875;5860866.5;-4347.411621
409195.5;5860866.5;-4347.234863
409255.8125;5860866.5;-4347.078613
409316.0938;5860866.5;-4346.9375
409376.4063;5860866.5;-4346.814453
401356.4063;5860927;-4247.246582
401416.6875;5860927;-4247.620605
401477;5860927;-4248.035645
401537.3125;5860927;-4248.493164
401597.5938;5860927;-4249.00293
401657.9063;5860927;-4249.566406
401718.2188;5860927;-4250.183105
401778.5;5860927;-4250.851074
401838.8125;5860927;-4251.584473
401899.0938;5860927;-4252.370117
401959.4063;5860927;-4253.210449
402019.7188;5860927;-4254.121582
402080;5860927;-4255.121582
402140.3125;5860927;-4256.193359
402200.625;5860927;-4257.339355
402260.9063;5860927;-4258.574707
402321.2188;5860927;-4259.901367
402381.5;5860927;-4261.26123
402441.8125;5860927;-4262.635254
402502.125;5860927;-4263.998535
402562.4063;5860927;-4265.291016
402622.7188;5860927;-4266.447266
402683.0313;5860927;-4267.461426
402743.3125;5860927;-4268.341797
402803.625;5860927;-4269.114258
402863.9063;5860927;-4269.836426
402924.2188;5860927;-4270.558105
402984.5313;5860927;-4271.410645
403044.8125;5860927;-4272.63916
403105.125;5860927;-4274.213379
403165.4375;5860927;-4276.140625
403225.7188;5860927;-4278.496582
403286.0313;5860927;-4281.3125
403346.3125;5860927;-4284.244141
403406.625;5860927;-4287.056641
403466.9375;5860927;-4289.482422
403527.2188;5860927;-4291.091797
403587.5313;5860927;-4291.521973
403647.8438;5860927;-4290.15332
403708.125;5860927;-4285.844727
403768.4375;5860927;-4278.51709
403828.7188;5860927;-4271.428711
403889.0313;5860927;-4268.060059
403949.3438;5860927;-4270.170898
404009.625;5860927;-4273.216797
404069.9375;5860927;-4276.403809
404130.25;5860927;-4279.728516
404190.5313;5860927;-4282.980469
404250.8438;5860927;-4284.727539
404311.125;5860927;-4284.953125
404371.4375;5860927;-4284.426758
404431.75;5860927;-4283.436035
404492.0313;5860927;-4282.340332
404552.3438;5860927;-4281.357422
404612.625;5860927;-4285.885254
404672.9375;5860927;-4285.560059
404733.25;5860927;-4285.653809
404793.5313;5860927;-4286.002441
404853.8438;5860927;-4286.652832
404914.1563;5860927;-4276.987793
404974.4375;5860927;-4278.733398
405034.75;5860927;-4280.596191
405095.0313;5860927;-4282.564453
405155.3438;5860927;-4284.688477
405215.6563;5860927;-4286.93457
405275.9375;5860927;-4289.251953
405336.25;5860927;-4291.562988
405396.5625;5860927;-4293.897461
405456.8438;5860927;-4296.23584
405517.1563;5860927;-4298.449707
405577.4375;5860927;-4300.601563
405637.75;5860927;-4302.631836
405698.0625;5860927;-4304.45166
405758.3438;5860927;-4306.165527
405818.6563;5860927;-4307.787109
405878.9688;5860927;-4309.20166
405939.25;5860927;-4310.50293
405999.5625;5860927;-4297.794434
406059.8438;5860927;-4298.519043
406120.1563;5860927;-4299.272949
406180.4688;5860927;-4300.087891
406240.75;5860927;-4300.967285
406301.0625;5860927;-4301.919922
406361.375;5860927;-4302.964355
406421.6563;5860927;-4304.097168
406481.9688;5860927;-4305.316895
406542.25;5860927;-4306.628418
406602.5625;5860927;-4308.038086
406662.875;5860927;-4309.518066
406723.1563;5860927;-4311.032715
406783.4688;5860927;-4312.626953
406843.7813;5860927;-4314.40332
406904.0625;5860927;-4316.385742
406964.375;5860927;-4318.611328
407024.6563;5860927;-4321.149902
407084.9688;5860927;-4323.930176
407145.2813;5860927;-4326.884766
407205.5625;5860927;-4329.784668
407265.875;5860927;-4332.270508
407326.1875;5860927;-4333.909668
407386.4688;5860927;-4334.875977
407446.7813;5860927;-4335.492188
407507.0625;5860927;-4335.935547
407567.375;5860927;-4336.240723
407627.6875;5860927;-4336.440918
407687.9688;5860927;-4336.564941
407748.2813;5860927;-4336.595703
407808.5938;5860927;-4336.551758
407868.875;5860927;-4336.470703
407929.1875;5860927;-4336.360352
407989.4688;5860927;-4336.234863
408049.7813;5860927;-4349.755859
408110.0938;5860927;-4349.507324
408170.375;5860927;-4349.249023
408230.6875;5860927;-4348.984375
408291;5860927;-4348.712402
408351.2813;5860927;-4348.437988
408411.5938;5860927;-4348.164063
408471.875;5860927;-4347.882813
408532.1875;5860927;-4347.599609
408592.5;5860927;-4347.325684
408652.7813;5860927;-4347.054199
408713.0938;5860927;-4346.782227
408773.4063;5860927;-4346.525879
408833.6875;5860927;-4346.280273
408894;5860927;-4346.037109
408954.2813;5860927;-4345.807129
409014.5938;5860927;-4345.59375
409074.9063;5860927;-4345.38916
409135.1875;5860927;-4345.200195
409195.5;5860927;-4345.026855
409255.8125;5860927;-4344.873535
409316.0938;5860927;-4344.734375
409376.4063;5860927;-4344.61084
401356.4063;5860988;-4248.016602
401416.6875;5860988;-4248.364258
401477;5860988;-4248.752441
401537.3125;5860988;-4249.182129
401597.5938;5860988;-4249.662598
401657.9063;5860988;-4250.196289
401718.2188;5860988;-4250.78125
401778.5;5860988;-4251.418945
401838.8125;5860988;-4252.119141
401899.0938;5860988;-4252.869141
401959.4063;5860988;-4253.670898
402019.7188;5860988;-4254.538574
402080;5860988;-4255.482422
402140.3125;5860988;-4256.48584
402200.625;5860988;-4257.549805
402260.9063;5860988;-4258.684082
402321.2188;5860988;-4259.884277
402381.5;5860988;-4261.10498
402441.8125;5860988;-4262.331543
402502.125;5860988;-4263.544434
402562.4063;5860988;-4264.695801
402622.7188;5860988;-4265.737305
402683.0313;5860988;-4266.668945
402743.3125;5860988;-4267.5
402803.625;5860988;-4268.252441
402863.9063;5860988;-4268.97168
402924.2188;5860988;-4269.699707
402984.5313;5860988;-4270.546875
403044.8125;5860988;-4271.718262
403105.125;5860988;-4273.18457
403165.4375;5860988;-4274.953125
403225.7188;5860988;-4277.086426
403286.0313;5860988;-4279.605469
403346.3125;5860988;-4282.187988
403406.625;5860988;-4284.591797
403466.9375;5860988;-4286.507324
403527.2188;5860988;-4287.475586
403587.5313;5860988;-4287.287109
403647.8438;5860988;-4285.690918
403708.125;5860988;-4282.176758
403768.4375;5860988;-4277.257324
403828.7188;5860988;-4272.896973
403889.0313;5860988;-4270.604492
403949.3438;5860988;-4271.753906
404009.625;5860988;-4274.225098
404069.9375;5860988;-4277.097656
404130.25;5860988;-4280.181641
404190.5313;5860988;-4283.158691
404250.8438;5860988;-4284.477051
404311.125;5860988;-4284.15332
404371.4375;5860988;-4283.027832
404431.75;5860988;-4281.473145
404492.0313;5860988;-4279.896973
404552.3438;5860988;-4284.603516
404612.625;5860988;-4283.596191
404672.9375;5860988;-4283.229492
404733.25;5860988;-4283.36377
404793.5313;5860988;-4283.785156
404853.8438;5860988;-4272.489258
404914.1563;5860988;-4274.169922
404974.4375;5860988;-4276.171387
405034.75;5860988;-4278.285645
405095.0313;5860988;-4280.496094
405155.3438;5860988;-4282.829102
405215.6563;5860988;-4285.278809
405275.9375;5860988;-4287.792969
405336.25;5860988;-4290.263672
405396.5625;5860988;-4292.75293
405456.8438;5860988;-4295.235352
405517.1563;5860988;-4297.569824
405577.4375;5860988;-4299.819824
405637.75;5860988;-4301.907715
405698.0625;5860988;-4303.744629
405758.3438;5860988;-4305.446777
405818.6563;5860988;-4307.026367
405878.9688;5860988;-4308.359863
405939.25;5860988;-4309.553223
405999.5625;5860988;-4310.703613
406059.8438;5860988;-4297.095215
406120.1563;5860988;-4297.717773
406180.4688;5860988;-4298.413086
406240.75;5860988;-4299.178711
406301.0625;5860988;-4300.024902
406361.375;5860988;-4300.973633
406421.6563;5860988;-4302.012207
406481.9688;5860988;-4303.133301
406542.25;5860988;-4304.34082
406602.5625;5860988;-4305.624512
406662.875;5860988;-4306.953125
406723.1563;5860988;-4308.289063
406783.4688;5860988;-4309.677734
406843.7813;5860988;-4311.207031
406904.0625;5860988;-4312.880859
406964.375;5860988;-4314.770508
407024.6563;5860988;-4316.986816
407084.9688;5860988;-4319.478027
407145.2813;5860988;-4322.205566
407205.5625;5860988;-4324.950195
407265.875;5860988;-4327.361328
407326.1875;5860988;-4329.156738
407386.4688;5860988;-4330.464355
407446.7813;5860988;-4331.427246
407507.0625;5860988;-4332.149414
407567.375;5860988;-4332.657227
407627.6875;5860988;-4333.021484
407687.9688;5860988;-4333.288574
407748.2813;5860988;-4333.428711
407808.5938;5860988;-4333.466309
407868.875;5860988;-4333.45459
407929.1875;5860988;-4333.404297
407989.4688;5860988;-4347.395996
408049.7813;5860988;-4347.185547
408110.0938;5860988;-4346.963867
408170.375;5860988;-4346.73291
408230.6875;5860988;-4346.493164
408291;5860988;-4346.246582
408351.2813;5860988;-4345.996582
408411.5938;5860988;-4345.746582
408471.875;5860988;-4345.48877
408532.1875;5860988;-4345.227051
408592.5;5860988;-4344.973145
408652.7813;5860988;-4344.720703
408713.0938;5860988;-4344.46582
408773.4063;5860988;-4344.224609
408833.6875;5860988;-4343.992676
408894;5860988;-4343.761719
408954.2813;5860988;-4343.54248
409014.5938;5860988;-4343.338379
409074.9063;5860988;-4343.141113
409135.1875;5860988;-4342.958008
409195.5;5860988;-4342.789551
409255.8125;5860988;-4342.638672
409316.0938;5860988;-4342.501465
409376.4063;5860988;-4342.37793
401356.4063;5861048.5;-4248.719727
401416.6875;5861048.5;-4249.039551
401477;5861048.5;-4249.397949
401537.3125;5861048.5;-4249.79541
401597.5938;5861048.5;-4250.242188
401657.9063;5861048.5;-4250.741211
401718.2188;5861048.5;-4251.291504
401778.5;5861048.5;-4251.891602
401838.8125;5861048.5;-4252.552246
401899.0938;5861048.5;-4253.259766
401959.4063;5861048.5;-4254.016113
402019.7188;5861048.5;-4254.832031
402080;5861048.5;-4255.714355
402140.3125;5861048.5;-4256.647461
402200.625;5861048.5;-4257.629395
402260.9063;5861048.5;-4258.666992
402321.2188;5861048.5;-4259.75293
402381.5;5861048.5;-4260.851074
402441.8125;5861048.5;-4261.950684
402502.125;5861048.5;-4263.03418
402562.4063;5861048.5;-4264.064453
402622.7188;5861048.5;-4265.005859
402683.0313;5861048.5;-4265.861328
402743.3125;5861048.5;-4266.636719
402803.625;5861048.5;-4267.353027
402863.9063;5861048.5;-4268.044434
402924.2188;5861048.5;-4268.745117
402984.5313;5861048.5;-4269.543457
403044.8125;5861048.5;-4270.605469
403105.125;5861048.5;-4271.908691
403165.4375;5861048.5;-4273.456543
403225.7188;5861048.5;-4275.307129
403286.0313;5861048.5;-4277.48291
403346.3125;5861048.5;-4279.713867
403406.625;5861048.5;-4281.783691
403466.9375;5861048.5;-4283.391113
403527.2188;5861048.5;-4284.080078
403587.5313;5861048.5;-4283.720215
403647.8438;5861048.5;-4282.291016
403708.125;5861048.5;-4279.688477
403768.4375;5861048.5;-4276.477051
403828.7188;5861048.5;-4273.679688
403889.0313;5861048.5;-4272.161621
403949.3438;5861048.5;-4272.91748
404009.625;5861048.5;-4274.881836
404069.9375;5861048.5;-4277.23877
404130.25;5861048.5;-4279.708496
404190.5313;5861048.5;-4281.927246
404250.8438;5861048.5;-4282.749023
404311.125;5861048.5;-4282.180176
404371.4375;5861048.5;-4280.720703
404431.75;5861048.5;-4278.806152
404492.0313;5861048.5;-4276.900879
404552.3438;5861048.5;-4282.077148
404612.625;5861048.5;-4280.98291
404672.9375;5861048.5;-4280.72998
404733.25;5861048.5;-4280.974121
404793.5313;5861048.5;-4281.506348
404853.8438;5861048.5;-4269.408691
404914.1563;5861048.5;-4271.323242
404974.4375;5861048.5;-4273.599609
405034.75;5861048.5;-4275.978027
405095.0313;5861048.5;-4278.439941
405155.3438;5861048.5;-4280.989746
405215.6563;5861048.5;-4283.651367
405275.9375;5861048.5;-4286.373047
405336.25;5861048.5;-4289.015625
405396.5625;5861048.5;-4291.673828
405456.8438;5861048.5;-4294.318359
405517.1563;5861048.5;-4296.788574
405577.4375;5861048.5;-4299.149902
405637.75;5861048.5;-4301.302246
405698.0625;5861048.5;-4303.157227
405758.3438;5861048.5;-4304.84082
405818.6563;5861048.5;-4306.367188
405878.9688;5861048.5;-4307.601563
405939.25;5861048.5;-4308.663574
405999.5625;5861048.5;-4309.669434
406059.8438;5861048.5;-4300.016602
406120.1563;5861048.5;-4296.152832
406180.4688;5861048.5;-4296.713379
406240.75;5861048.5;-4297.356445
406301.0625;5861048.5;-4298.091309
406361.375;5861048.5;-4298.945801
406421.6563;5861048.5;-4299.896973
406481.9688;5861048.5;-4300.928711
406542.25;5861048.5;-4302.04541
406602.5625;5861048.5;-4303.222168
406662.875;5861048.5;-4304.418457
406723.1563;5861048.5;-4305.592773
406783.4688;5861048.5;-4306.787598
406843.7813;5861048.5;-4308.067871
406904.0625;5861048.5;-4309.407227
406964.375;5861048.5;-4310.913574
407024.6563;5861048.5;-4312.762207
407084.9688;5861048.5;-4314.958984
407145.2813;5861048.5;-4317.469727
407205.5625;5861048.5;-4320.112793
407265.875;5861048.5;-4322.530762
407326.1875;5861048.5;-4324.470215
407386.4688;5861048.5;-4326.025879
407446.7813;5861048.5;-4327.258789
407507.0625;5861048.5;-4328.220703
407567.375;5861048.5;-4328.927734
407627.6875;5861048.5;-4329.466309
407687.9688;5861048.5;-4329.888184
407748.2813;5861048.5;-4330.148926
407808.5938;5861048.5;-4330.282227
407868.875;5861048.5;-4330.348633
407929.1875;5861048.5;-4344.891602
407989.4688;5861048.5;-4344.73291
408049.7813;5861048.5;-4344.554688
408110.0938;5861048.5;-4344.365234
408170.375;5861048.5;-4344.165039
408230.6875;5861048.5;-4343.95459
408291;5861048.5;-4343.735352
408351.2813;5861048.5;-4343.51123
408411.5938;5861048.5;-4343.287109
408471.875;5861048.5;-4343.054199
408532.1875;5861048.5;-4342.814941
408592.5;5861048.5;-4342.581543
408652.7813;5861048.5;-4342.349121
408713.0938;5861048.5;-4342.112305
408773.4063;5861048.5;-4341.886719
408833.6875;5861048.5;-4341.668945
408894;5861048.5;-4341.451172
408954.2813;5861048.5;-4341.243652
409014.5938;5861048.5;-4341.047852
409074.9063;5861048.5;-4340.858887
409135.1875;5861048.5;-4340.682129
409195.5;5861048.5;-4340.518555
409255.8125;5861048.5;-4340.371094
409316.0938;5861048.5;-4340.23584
409376.4063;5861048.5;-4340.113281
401356.4063;5861109;-4249.352051
401416.6875;5861109;-4249.639648
401477;5861109;-4249.964355
401537.3125;5861109;-4250.327148
401597.5938;5861109;-4250.737305
401657.9063;5861109;-4251.198242
401718.2188;5861109;-4251.707031
401778.5;5861109;-4252.263672
401838.8125;5861109;-4252.878906
401899.0938;5861109;-4253.538086
401959.4063;5861109;-4254.241699
402019.7188;5861109;-4255.000488
402080;5861109;-4255.818848
402140.3125;5861109;-4256.679688
402200.625;5861109;-4257.580566
402260.9063;5861109;-4258.527832
402321.2188;5861109;-4259.510254
402381.5;5861109;-4260.500488
402441.8125;5861109;-4261.48877
402502.125;5861109;-4262.461426
402562.4063;5861109;-4263.386719
402622.7188;5861109;-4264.239258
402683.0313;5861109;-4265.020508
402743.3125;5861109;-4265.736816
402803.625;5861109;-4266.405273
402863.9063;5861109;-4267.052734
402924.2188;5861109;-4267.704102
402984.5313;5861109;-4268.428711
403044.8125;5861109;-4269.35791
403105.125;5861109;-4270.472168
403165.4375;5861109;-4271.779785
403225.7188;5861109;-4273.32666
403286.0313;5861109;-4275.139648
403346.3125;5861109;-4277.011719
403406.625;5861109;-4278.77002
403466.9375;5861109;-4280.169434
403527.2188;5861109;-4280.802734
403587.5313;5861109;-4280.561035
403647.8438;5861109;-4279.501953
403708.125;5861109;-4277.653809
403768.4375;5861109;-4275.48584
403828.7188;5861109;-4273.60498
403889.0313;5861109;-4272.595215
403949.3438;5861109;-4273.132813
404009.625;5861109;-4274.584961
404069.9375;5861109;-4276.312988
404130.25;5861109;-4278.071777
404190.5313;5861109;-4279.537598
404250.8438;5861109;-4279.901855
404311.125;5861109;-4279.164063
404371.4375;5861109;-4277.626953
404431.75;5861109;-4275.666992
404492.0313;5861109;-4281.243652
404552.3438;5861109;-4279.366699
404612.625;5861109;-4278.334473
404672.9375;5861109;-4278.364258
404733.25;5861109;-4278.775391
404793.5313;5861109;-4264.847656
404853.8438;5861109;-4266.548828
404914.1563;5861109;-4268.667969
404974.4375;5861109;-4271.188477
405034.75;5861109;-4273.810547
405095.0313;5861109;-4276.50293
405155.3438;5861109;-4279.253906
405215.6563;5861109;-4282.117188
405275.9375;5861109;-4285.041992
405336.25;5861109;-4287.858887
405396.5625;5861109;-4290.692871
405456.8438;5861109;-4293.509766
405517.1563;5861109;-4296.128418
405577.4375;5861109;-4298.611816
405637.75;5861109;-4300.831543
405698.0625;5861109;-4302.697266
405758.3438;5861109;-4304.349609
405818.6563;5861109;-4305.802246
405878.9688;5861109;-4306.909668
405939.25;5861109;-4307.808105
405999.5625;5861109;-4308.638184
406059.8438;5861109;-4309.389648
406120.1563;5861109;-4294.536621
406180.4688;5861109;-4294.947754
406240.75;5861109;-4295.459473
406301.0625;5861109;-4296.083496
406361.375;5861109;-4296.851563
406421.6563;5861109;-4297.730469
406481.9688;5861109;-4298.699707
406542.25;5861109;-4299.760742
406602.5625;5861109;-4300.873535
406662.875;5861109;-4301.987305
406723.1563;5861109;-4303.050781
406783.4688;5861109;-4304.098145
406843.7813;5861109;-4305.164551
406904.0625;5861109;-4306.172852
406964.375;5861109;-4307.237305
407024.6563;5861109;-4308.70459
407084.9688;5861109;-4310.687012
407145.2813;5861109;-4313.0625
407205.5625;5861109;-4315.649902
407265.875;5861109;-4318.065918
407326.1875;5861109;-4320.075195
407386.4688;5861109;-4321.768066
407446.7813;5861109;-4323.170898
407507.0625;5861109;-4324.307617
407567.375;5861109;-4325.180664
407627.6875;5861109;-4325.873047
407687.9688;5861109;-4326.436035
407748.2813;5861109;-4326.808594
407808.5938;5861109;-4327.033203
407868.875;5861109;-4342.234375
407929.1875;5861109;-4342.140625
407989.4688;5861109;-4342.020996
408049.7813;5861109;-4341.87793
408110.0938;5861109;-4341.722656
408170.375;5861109;-4341.555176
408230.6875;5861109;-4341.375
408291;5861109;-4341.18457
408351.2813;5861109;-4340.987793
408411.5938;5861109;-4340.790039
408471.875;5861109;-4340.582031
408532.1875;5861109;-4340.366211
408592.5;5861109;-4340.154785
408652.7813;5861109;-4339.942383
408713.0938;5861109;-4339.724121
408773.4063;5861109;-4339.515137
408833.6875;5861109;-4339.3125
408894;5861109;-4339.10791
408954.2813;5861109;-4338.911621
409014.5938;5861109;-4338.725586
409074.9063;5861109;-4338.544922
409135.1875;5861109;-4338.375
409195.5;5861109;-4338.216797
409255.8125;5861109;-4338.07373
409316.0938;5861109;-4337.94043
409376.4063;5861109;-4337.819336
401356.4063;5861169.5;-4249.925293
401416.6875;5861169.5;-4250.179199
401477;5861169.5;-4250.46875
401537.3125;5861169.5;-4250.793945
401597.5938;5861169.5;-4251.165527
401657.9063;5861169.5;-4251.583984
401718.2188;5861169.5;-4252.04834
401778.5;5861169.5;-4252.558105
401838.8125;5861169.5;-4253.122559
401899.0938;5861169.5;-4253.729492
401959.4063;5861169.5;-4254.376953
402019.7188;5861169.5;-4255.075684
402080;5861169.5;-4255.82666
402140.3125;5861169.5;-4256.614258
402200.625;5861169.5;-4257.436523
402260.9063;5861169.5;-4258.296387
402321.2188;5861169.5;-4259.183594
402381.5;5861169.5;-4260.07373
402441.8125;5861169.5;-4260.961914
402502.125;5861169.5;-4261.833496
402562.4063;5861169.5;-4262.665039
402622.7188;5861169.5;-4263.435059
402683.0313;5861169.5;-4264.145996
402743.3125;5861169.5;-4264.802734
402803.625;5861169.5;-4265.418457
402863.9063;5861169.5;-4266.01416
402924.2188;5861169.5;-4266.60791
402984.5313;5861169.5;-4267.253418
403044.8125;5861169.5;-4268.047363
403105.125;5861169.5;-4268.979492
403165.4375;5861169.5;-4270.055176
403225.7188;5861169.5;-4271.313477
403286.0313;5861169.5;-4272.779785
403346.3125;5861169.5;-4274.302246
403406.625;5861169.5;-4275.752441
403466.9375;5861169.5;-4276.947266
403527.2188;5861169.5;-4277.558594
403587.5313;5861169.5;-4277.487793
403647.8438;5861169.5;-4276.813477
403708.125;5861169.5;-4275.585938
403768.4375;5861169.5;-4274.134766
403828.7188;5861169.5;-4272.880859
403889.0313;5861169.5;-4272.208008
403949.3438;5861169.5;-4272.560059
404009.625;5861169.5;-4273.534668
404069.9375;5861169.5;-4274.674316
404130.25;5861169.5;-4275.796387
404190.5313;5861169.5;-4276.660156
404250.8438;5861169.5;-4276.680664
404311.125;5861169.5;-4275.858398
404371.4375;5861169.5;-4274.417969
404431.75;5861169.5;-4280.774414
404492.0313;5861169.5;-4278.822266
404552.3438;5861169.5;-4277.117188
404612.625;5861169.5;-4276.222656
404672.9375;5861169.5;-4276.348633
404733.25;5861169.5;-4276.804199
404793.5313;5861169.5;-4262.389648
404853.8438;5861169.5;-4264.199707
404914.1563;5861169.5;-4266.467285
404974.4375;5861169.5;-4269.171387
405034.75;5861169.5;-4271.973145
405095.0313;5861169.5;-4274.842285
405155.3438;5861169.5;-4277.760254
405215.6563;5861169.5;-4280.794434
405275.9375;5861169.5;-4283.899414
405336.25;5861169.5;-4286.875977
405396.5625;5861169.5;-4289.879395
405456.8438;5861169.5;-4292.866211
405517.1563;5861169.5;-4295.632813
405577.4375;5861169.5;-4298.23291
405637.75;5861169.5;-4300.506836
405698.0625;5861169.5;-4302.365723
405758.3438;5861169.5;-4303.962402
405818.6563;5861169.5;-4305.311523
405878.9688;5861169.5;-4306.259766
405939.25;5861169.5;-4306.962891
405999.5625;5861169.5;-4307.587402
406059.8438;5861169.5;-4308.14209
406120.1563;5861169.5;-4308.736816
406180.4688;5861169.5;-4293.09375
406240.75;5861169.5;-4293.470215
406301.0625;5861169.5;-4293.983398
406361.375;5861169.5;-4294.672852
406421.6563;5861169.5;-4295.49707
406481.9688;5861169.5;-4296.429199
406542.25;5861169.5;-4297.470215
406602.5625;5861169.5;-4298.567383
406662.875;5861169.5;-4299.653809
406723.1563;5861169.5;-4300.665527
406783.4688;5861169.5;-4301.630859
406843.7813;5861169.5;-4302.54834
406904.0625;5861169.5;-4303.258301
406964.375;5861169.5;-4303.874512
407024.6563;5861169.5;-4305.018555
407084.9688;5861169.5;-4306.882813
407145.2813;5861169.5;-4309.140137
407205.5625;5861169.5;-4311.614746
407265.875;5861169.5;-4313.954102
407326.1875;5861169.5;-4315.959961
407386.4688;5861169.5;-4317.71582
407446.7813;5861169.5;-4319.217285
407507.0625;5861169.5;-4320.472168
407567.375;5861169.5;-4321.47998
407627.6875;5861169.5;-4322.303711
407687.9688;5861169.5;-4322.992188
407748.2813;5861169.5;-4323.458008
407808.5938;5861169.5;-4339.458496
407868.875;5861169.5;-4339.450684
407929.1875;5861169.5;-4339.398438
407989.4688;5861169.5;-4339.316406
408049.7813;5861169.5;-4339.208008
408110.0938;5861169.5;-4339.083984
408170.375;5861169.5;-4338.945801
408230.6875;5861169.5;-4338.793457
408291;5861169.5;-4338.628906
408351.2813;5861169.5;-4338.45752
408411.5938;5861169.5;-4338.28418
408471.875;5861169.5;-4338.099121
408532.1875;5861169.5;-4337.905762
408592.5;5861169.5;-4337.714844
408652.7813;5861169.5;-4337.520996
408713.0938;5861169.5;-4337.320801
408773.4063;5861169.5;-4337.127441
408833.6875;5861169.5;-4336.938965
408894;5861169.5;-4336.747559
408954.2813;5861169.5;-4336.562988
409014.5938;5861169.5;-4336.387207
409074.9063;5861169.5;-4336.215332
409135.1875;5861169.5;-4336.052246
409195.5;5861169.5;-4335.899414
409255.8125;5861169.5;-4335.760742
409316.0938;5861169.5;-4335.630859
409376.4063;5861169.5;-4335.510254
401356.4063;5861230;-4250.453125
401416.6875;5861230;-4250.672363
401477;5861230;-4250.92627
401537.3125;5861230;-4251.213379
401597.5938;5861230;-4251.542969
401657.9063;5861230;-4251.917969
401718.2188;5861230;-4252.335938
401778.5;5861230;-4252.796875
401838.8125;5861230;-4253.309082
401899.0938;5861230;-4253.859375
401959.4063;5861230;-4254.449707
402019.7188;5861230;-4255.084473
402080;5861230;-4255.767578
402140.3125;5861230;-4256.481445
402200.625;5861230;-4257.225586
402260.9063;5861230;-4258.000488
402321.2188;5861230;-4258.796875
402381.5;5861230;-4259.594727
402441.8125;5861230;-4260.38916
402502.125;5861230;-4261.168457
402562.4063;5861230;-4261.912109
402622.7188;5861230;-4262.60498
402683.0313;5861230;-4263.246582
402743.3125;5861230;-4263.843262
402803.625;5861230;-4264.40332
402863.9063;5861230;-4264.944824
402924.2188;5861230;-4265.478027
402984.5313;5861230;-4266.04248
403044.8125;5861230;-4266.709961
403105.125;5861230;-4267.473145
403165.4375;5861230;-4268.336914
403225.7188;5861230;-4269.330566
403286.0313;5861230;-4270.476074
403346.3125;5861230;-4271.671387
403406.625;5861230;-4272.82373
403466.9375;5861230;-4273.806152
403527.2188;5861230;-4274.373535
403587.5313;5861230;-4274.441406
403647.8438;5861230;-4274.083984
403708.125;5861230;-4273.338379
403768.4375;5861230;-4272.417969
403828.7188;5861230;-4271.615234
403889.0313;5861230;-4271.163574
403949.3438;5861230;-4271.344238
404009.625;5861230;-4271.90918
404069.9375;5861230;-4272.557129
404130.25;5861230;-4273.157715
404190.5313;5861230;-4273.550781
404250.8438;5861230;-4273.336914
404311.125;5861230;-4272.518555
404371.4375;5861230;-4271.274902
404431.75;5861230;-4278.340332
404492.0313;5861230;-4276.812012
404552.3438;5861230;-4275.546875
404612.625;5861230;-4274.810059
404672.9375;5861230;-4274.814453
404733.25;5861230;-4259.818848
404793.5313;5861230;-4260.218262
404853.8438;5861230;-4262.113281
404914.1563;5861230;-4264.486328
404974.4375;5861230;-4267.331543
405034.75;5861230;-4270.262207
405095.0313;5861230;-4273.274902
405155.3438;5861230;-4276.328613
405215.6563;5861230;-4279.510742
405275.9375;5861230;-4282.777344
405336.25;5861230;-4285.905273
405396.5625;5861230;-4289.077637
405456.8438;5861230;-4292.241699
405517.1563;5861230;-4295.162109
405577.4375;5861230;-4297.882813
405637.75;5861230;-4300.20752
405698.0625;5861230;-4302.046875
405758.3438;5861230;-4303.572266
405818.6563;5861230;-4304.797363
405878.9688;5861230;-4305.562012
405939.25;5861230;-4306.04834
405999.5625;5861230;-4306.449219
406059.8438;5861230;-4306.791504
406120.1563;5861230;-4307.203613
406180.4688;5861230;-4307.807129
406240.75;5861230;-4291.361816
406301.0625;5861230;-4291.773438
406361.375;5861230;-4292.399414
406421.6563;5861230;-4293.191406
406481.9688;5861230;-4294.117188
406542.25;5861230;-4295.175781
406602.5625;5861230;-4296.303711
406662.875;5861230;-4297.416016
406723.1563;5861230;-4298.433105
406783.4688;5861230;-4299.379883
406843.7813;5861230;-4300.228027
406904.0625;5861230;-4300.784668
406964.375;5861230;-4301.208008
407024.6563;5861230;-4302.149902
407084.9688;5861230;-4303.773438
407145.2813;5861230;-4305.775879
407205.5625;5861230;-4308.031738
407265.875;5861230;-4310.210449
407326.1875;5861230;-4312.14209
407386.4688;5861230;-4313.893555
407446.7813;5861230;-4315.430664
407507.0625;5861230;-4316.751953
407567.375;5861230;-4317.850586
407627.6875;5861230;-4318.772461
407687.9688;5861230;-4319.561035
407748.2813;5861230;-4336.510254
407808.5938;5861230;-4336.625
407868.875;5861230;-4336.656738
407929.1875;5861230;-4336.639648
407989.4688;5861230;-4336.592285
408049.7813;5861230;-4336.516602
408110.0938;5861230;-4336.42334
408170.375;5861230;-4336.313965
408230.6875;5861230;-4336.189453
408291;5861230;-4336.05127
408351.2813;5861230;-4335.905273
408411.5938;5861230;-4335.756348
408471.875;5861230;-4335.596191
408532.1875;5861230;-4335.424316
408592.5;5861230;-4335.254395
408652.7813;5861230;-4335.080078
408713.0938;5861230;-4334.899414
408773.4063;5861230;-4334.722168
408833.6875;5861230;-4334.547363
408894;5861230;-4334.370117
408954.2813;5861230;-4334.197266
409014.5938;5861230;-4334.03125
409074.9063;5861230;-4333.869629
409135.1875;5861230;-4333.714355
409195.5;5861230;-4333.566895
409255.8125;5861230;-4333.432617
409316.0938;5861230;-4333.305176
409376.4063;5861230;-4333.186035
401356.4063;5861291;-4250.933594
401416.6875;5861291;-4251.118164
401477;5861291;-4251.334961
401537.3125;5861291;-4251.583008
401597.5938;5861291;-4251.870605
401657.9063;5861291;-4252.199707
401718.2188;5861291;-4252.569336
401778.5;5861291;-4252.979004
401838.8125;5861291;-4253.436035
401899.0938;5861291;-4253.929688
401959.4063;5861291;-4254.458008
402019.7188;5861291;-4255.02832
402080;5861291;-4255.641602
402140.3125;5861291;-4256.281738
402200.625;5861291;-4256.94873
402260.9063;5861291;-4257.641113
402321.2188;5861291;-4258.351563
402381.5;5861291;-4259.0625
402441.8125;5861291;-4259.768555
402502.125;5861291;-4260.461914
402562.4063;5861291;-4261.124512
402622.7188;5861291;-4261.743652
402683.0313;5861291;-4262.319336
402743.3125;5861291;-4262.856445
402803.625;5861291;-4263.361328
402863.9063;5861291;-4263.846191
402924.2188;5861291;-4264.319824
402984.5313;5861291;-4264.807129
403044.8125;5861291;-4265.359863
403105.125;5861291;-4265.973633
403165.4375;5861291;-4266.654297
403225.7188;5861291;-4267.42041
403286.0313;5861291;-4268.291016
403346.3125;5861291;-4269.195313
403406.625;5861291;-4270.073242
403466.9375;5861291;-4270.844238
403527.2188;5861291;-4271.333008
403587.5313;5861291;-4271.474121
403647.8438;5861291;-4271.327637
403708.125;5861291;-4270.908691
403768.4375;5861291;-4270.349121
403828.7188;5861291;-4269.849609
403889.0313;5861291;-4269.540527
403949.3438;5861291;-4269.587891
404009.625;5861291;-4269.850098
404069.9375;5861291;-4270.136719
404130.25;5861291;-4270.36377
404190.5313;5861291;-4270.435059
404250.8438;5861291;-4270.093262
404311.125;5861291;-4269.352051
404371.4375;5861291;-4277.263184
404431.75;5861291;-4276.131836
404492.0313;5861291;-4275.05127
404552.3438;5861291;-4274.185547
404612.625;5861291;-4273.641113
404672.9375;5861291;-4273.644043
404733.25;5861291;-4257.200684
404793.5313;5861291;-4258.561523
404853.8438;5861291;-4260.442871
404914.1563;5861291;-4262.82373
404974.4375;5861291;-4265.73584
405034.75;5861291;-4268.745605
405095.0313;5861291;-4271.840332
405155.3438;5861291;-4274.986816
405215.6563;5861291;-4278.276855
405275.9375;5861291;-4281.67627
405336.25;5861291;-4284.937012
405396.5625;5861291;-4288.274414
405456.8438;5861291;-4291.616699
405517.1563;5861291;-4294.695313
405577.4375;5861291;-4297.539063
405637.75;5861291;-4299.905273
405698.0625;5861291;-4301.707031
405758.3438;5861291;-4303.136719
405818.6563;5861291;-4304.208008
405878.9688;5861291;-4304.758789
405939.25;5861291;-4305.003418
405999.5625;5861291;-4305.163086
406059.8438;5861291;-4305.283691
406120.1563;5861291;-4305.509766
406180.4688;5861291;-4305.977051
406240.75;5861291;-4306.676758
406301.0625;5861291;-4289.42041
406361.375;5861291;-4290.007324
406421.6563;5861291;-4290.797852
406481.9688;5861291;-4291.754395
406542.25;5861291;-4292.875488
406602.5625;5861291;-4294.084473
406662.875;5861291;-4295.279297
406723.1563;5861291;-4296.367676
406783.4688;5861291;-4297.368652
406843.7813;5861291;-4298.236816
406904.0625;5861291;-4298.787598
406964.375;5861291;-4299.26123
407024.6563;5861291;-4300.104004
407084.9688;5861291;-4301.368164
407145.2813;5861291;-4302.991699
407205.5625;5861291;-4304.93457
407265.875;5861291;-4306.869141
407326.1875;5861291;-4308.650391
407386.4688;5861291;-4310.326172
407446.7813;5861291;-4311.834961
407507.0625;5861291;-4313.164551
407567.375;5861291;-4314.307617
407627.6875;5861291;-4315.290039
407687.9688;5861291;-4333.351563
407748.2813;5861291;-4333.654297
407808.5938;5861291;-4333.797852
407868.875;5861291;-4333.860352
407929.1875;5861291;-4333.874023
407989.4688;5861291;-4333.856445
408049.7813;5861291;-4333.810547
408110.0938;5861291;-4333.745117
408170.375;5861291;-4333.664063
408230.6875;5861291;-4333.566406
408291;5861291;-4333.454102
408351.2813;5861291;-4333.333984
408411.5938;5861291;-4333.210449
408471.875;5861291;-4333.074219
408532.1875;5861291;-4332.925293
408592.5;5861291;-4332.776855
408652.7813;5861291;-4332.622559
408713.0938;5861291;-4332.460449
408773.4063;5861291;-4332.300781
408833.6875;5861291;-4332.141113
408894;5861291;-4331.978027
408954.2813;5861291;-4331.817383
409014.5938;5861291;-4331.661133
409074.9063;5861291;-4331.508789
409135.1875;5861291;-4331.36084
409195.5;5861291;-4331.219727
409255.8125;5861291;-4331.089844
409316.0938;5861291;-4330.965332
409376.4063;5861291;-4330.847168
401356.4063;5861351.5;-4251.351074
401416.6875;5861351.5;-4251.498047
401477;5861351.5;-4251.67627
401537.3125;5861351.5;-4251.884277
401597.5938;5861351.5;-4252.12793
401657.9063;5861351.5;-4252.410156
401718.2188;5861351.5;-4252.729004
401778.5;5861351.5;-4253.084961
401838.8125;5861351.5;-4253.485352
401899.0938;5861351.5;-4253.91748
401959.4063;5861351.5;-4254.382813
402019.7188;5861351.5;-4254.885742
402080;5861351.5;-4255.426758
402140.3125;5861351.5;-4255.993652
402200.625;5861351.5;-4256.583008
402260.9063;5861351.5;-4257.195801
402321.2188;5861351.5;-4257.823242
402381.5;5861351.5;-4258.45166
402441.8125;5861351.5;-4259.076172
402502.125;5861351.5;-4259.689941
402562.4063;5861351.5;-4260.277832
402622.7188;5861351.5;-4260.828125
402683.0313;5861351.5;-4261.341797
402743.3125;5861351.5;-4261.821777
402803.625;5861351.5;-4262.272461
402863.9063;5861351.5;-4262.705078
402924.2188;5861351.5;-4263.123047
402984.5313;5861351.5;-4263.543945
403044.8125;5861351.5;-4264.00293
403105.125;5861351.5;-4264.501953
403165.4375;5861351.5;-4265.041504
403225.7188;5861351.5;-4265.63623
403286.0313;5861351.5;-4266.29834
403346.3125;5861351.5;-4266.980469
403406.625;5861351.5;-4267.640625
403466.9375;5861351.5;-4268.224121
403527.2188;5861351.5;-4268.608887
403587.5313;5861351.5;-4268.747559
403647.8438;5861351.5;-4268.689941
403708.125;5861351.5;-4268.436523
403768.4375;5861351.5;-4268.072266
403828.7188;5861351.5;-4267.739746
403889.0313;5861351.5;-4267.510742
403949.3438;5861351.5;-4267.47998
404009.625;5861351.5;-4267.572754
404069.9375;5861351.5;-4267.666992
404130.25;5861351.5;-4267.702148
404190.5313;5861351.5;-4267.620605
404250.8438;5861351.5;-4272.592773
404311.125;5861351.5;-4275.473145
404371.4375;5861351.5;-4274.666016
404431.75;5861351.5;-4273.810059
404492.0313;5861351.5;-4273.041504
404552.3438;5861351.5;-4272.45166
404612.625;5861351.5;-4272.111816
404672.9375;5861351.5;-4256.780762
404733.25;5861351.5;-4256.854492
404793.5313;5861351.5;-4258.202148
404853.8438;5861351.5;-4259.970215
404914.1563;5861351.5;-4262.224121
404974.4375;5861351.5;-4265.037598
405034.75;5861351.5;-4267.969727
405095.0313;5861351.5;-4270.998047
405155.3438;5861351.5;-4274.10791
405215.6563;5861351.5;-4277.380371
405275.9375;5861351.5;-4280.791992
405336.25;5861351.5;-4284.125977
405396.5625;5861351.5;-4287.589844
405456.8438;5861351.5;-4291.074707
405517.1563;5861351.5;-4294.293945
405577.4375;5861351.5;-4297.241211
405637.75;5861351.5;-4299.621582
405698.0625;5861351.5;-4301.350586
405758.3438;5861351.5;-4302.635254
405818.6563;5861351.5;-4303.494629
405878.9688;5861351.5;-4303.773438
405939.25;5861351.5;-4303.738281
405999.5625;5861351.5;-4303.63623
406059.8438;5861351.5;-4303.529785
406120.1563;5861351.5;-4303.583496
406180.4688;5861351.5;-4303.9375
406240.75;5861351.5;-4304.576172
406301.0625;5861351.5;-4292.037109
406361.375;5861351.5;-4287.463867
406421.6563;5861351.5;-4288.312012
406481.9688;5861351.5;-4289.363281
406542.25;5861351.5;-4290.61377
406602.5625;5861351.5;-4291.975098
406662.875;5861351.5;-4293.330078
406723.1563;5861351.5;-4294.570801
406783.4688;5861351.5;-4295.711426
406843.7813;5861351.5;-4296.67334
406904.0625;5861351.5;-4297.248047
406964.375;5861351.5;-4297.727539
407024.6563;5861351.5;-4298.46875
407084.9688;5861351.5;-4299.448242
407145.2813;5861351.5;-4300.717773
407205.5625;5861351.5;-4302.311523
407265.875;5861351.5;-4303.939941
407326.1875;5861351.5;-4305.496582
407386.4688;5861351.5;-4307.019043
407446.7813;5861351.5;-4308.42334
407507.0625;5861351.5;-4309.69043
407567.375;5861351.5;-4310.806152
407627.6875;5861351.5;-4330.070313
407687.9688;5861351.5;-4330.547363
407748.2813;5861351.5;-4330.847168
407808.5938;5861351.5;-4331.002441
407868.875;5861351.5;-4331.082031
407929.1875;5861351.5;-4331.118164
407989.4688;5861351.5;-4331.126465
408049.7813;5861351.5;-4331.105957
408110.0938;5861351.5;-4331.066406
408170.375;5861351.5;-4331.010742
408230.6875;5861351.5;-4330.939941
408291;5861351.5;-4330.852051
408351.2813;5861351.5;-4330.756348
408411.5938;5861351.5;-4330.657227
408471.875;5861351.5;-4330.544434
408532.1875;5861351.5;-4330.418457
408592.5;5861351.5;-4330.290527
408652.7813;5861351.5;-4330.156738
408713.0938;5861351.5;-4330.01416
408773.4063;5861351.5;-4329.871582
408833.6875;5861351.5;-4329.728027
408894;5861351.5;-4329.580078
408954.2813;5861351.5;-4329.432617
409014.5938;5861351.5;-4329.288086
409074.9063;5861351.5;-4329.146973
409135.1875;5861351.5;-4329.007813
409195.5;5861351.5;-4328.873047
409255.8125;5861351.5;-4328.749512
409316.0938;5861351.5;-4328.629395
409376.4063;5861351.5;-4328.513672
401356.4063;5861412;-4251.723145
401416.6875;5861412;-4251.833008
401477;5861412;-4251.97168
401537.3125;5861412;-4252.13916
401597.5938;5861412;-4252.338867
401657.9063;5861412;-4252.57373
401718.2188;5861412;-4252.842285
401778.5;5861412;-4253.144043
401838.8125;5861412;-4253.483887
401899.0938;5861412;-4253.85498
401959.4063;5861412;-4254.254883
402019.7188;5861412;-4254.69043
402080;5861412;-4255.160156
402140.3125;5861412;-4255.652344
402200.625;5861412;-4256.165039
402260.9063;5861412;-4256.699707
402321.2188;5861412;-4257.24707
402381.5;5861412;-4257.795898
402441.8125;5861412;-4258.341797
402502.125;5861412;-4258.879395
402562.4063;5861412;-4259.39502
402622.7188;5861412;-4259.879883
402683.0313;5861412;-4260.334473
402743.3125;5861412;-4260.759766
402803.625;5861412;-4261.158691
402863.9063;5861412;-4261.540527
402924.2188;5861412;-4261.907715
402984.5313;5861412;-4262.269043
403044.8125;5861412;-4262.649414
403105.125;5861412;-4263.051758
403165.4375;5861412;-4263.479004
403225.7188;5861412;-4263.937012
403286.0313;5861412;-4264.435547
403346.3125;5861412;-4264.941406
403406.625;5861412;-4265.426758
403466.9375;5861412;-4265.855469
403527.2188;5861412;-4266.13916
403587.5313;5861412;-4266.247559
403647.8438;5861412;-4266.222168
403708.125;5861412;-4266.057129
403768.4375;5861412;-4265.805664
403828.7188;5861412;-4265.572754
403889.0313;5861412;-4265.391602
403949.3438;5861412;-4265.310547
404009.625;5861412;-4265.300293
404069.9375;5861412;-4265.280762
404130.25;5861412;-4265.206543
404190.5313;5861412;-4273.939941
404250.8438;5861412;-4273.533691
404311.125;5861412;-4272.963867
404371.4375;5861412;-4272.312988
404431.75;5861412;-4271.675293
404492.0313;5861412;-4271.150879
404552.3438;5861412;-4270.790527
404612.625;5861412;-4270.648438
404672.9375;5861412;-4255.821777
404733.25;5861412;-4256.585938
404793.5313;5861412;-4257.925293
404853.8438;5861412;-4259.609375
404914.1563;5861412;-4261.748535
404974.4375;5861412;-4264.457031
405034.75;5861412;-4267.294922
405095.0313;5861412;-4270.238281
405155.3438;5861412;-4273.288574
405215.6563;5861412;-4276.512695
405275.9375;5861412;-4279.900391
405336.25;5861412;-4283.282715
405396.5625;5861412;-4286.861328
405456.8438;5861412;-4290.47168
405517.1563;5861412;-4293.814453
405577.4375;5861412;-4296.855957
405637.75;5861412;-4299.252441
405698.0625;5861412;-4300.890137
405758.3438;5861412;-4301.993652
405818.6563;5861412;-4302.585449
405878.9688;5861412;-4302.531738
405939.25;5861412;-4302.178223
405999.5625;5861412;-4301.799316
406059.8438;5861412;-4301.475586
406120.1563;5861412;-4301.385254
406180.4688;5861412;-4301.666992
406240.75;5861412;-4302.288086
406301.0625;5861412;-4303.240723
406361.375;5861412;-4284.802734
406421.6563;5861412;-4285.742188
406481.9688;5861412;-4286.91748
406542.25;5861412;-4288.318848
406602.5625;5861412;-4289.84375
406662.875;5861412;-4291.366699
406723.1563;5861412;-4292.767578
406783.4688;5861412;-4294.054199
406843.7813;5861412;-4295.116211
406904.0625;5861412;-4295.710938
406964.375;5861412;-4296.141602
407024.6563;5861412;-4296.767578
407084.9688;5861412;-4297.528809
407145.2813;5861412;-4298.5
407205.5625;5861412;-4299.789063
407265.875;5861412;-4301.140137
407326.1875;5861412;-4302.477051
407386.4688;5861412;-4303.840332
407446.7813;5861412;-4305.126953
407507.0625;5861412;-4306.312988
407567.375;5861412;-4326.835938
407627.6875;5861412;-4327.353516
407687.9688;5861412;-4327.783203
407748.2813;5861412;-4328.066406
407808.5938;5861412;-4328.223145
407868.875;5861412;-4328.312988
407929.1875;5861412;-4328.366699
407989.4688;5861412;-4328.394043
408049.7813;5861412;-4328.396484
408110.0938;5861412;-4328.380859
408170.375;5861412;-4328.349121
408230.6875;5861412;-4328.302734
408291;5861412;-4328.240723
408351.2813;5861412;-4328.169434
408411.5938;5861412;-4328.092773
408471.875;5861412;-4328.004395
408532.1875;5861412;-4327.900879
408592.5;5861412;-4327.793945
408652.7813;5861412;-4327.681152
408713.0938;5861412;-4327.557617
408773.4063;5861412;-4327.433594
408833.6875;5861412;-4327.306152
408894;5861412;-4327.17334
408954.2813;5861412;-4327.040039
409014.5938;5861412;-4326.907227
409074.9063;5861412;-4326.776367
409135.1875;5861412;-4326.646484
409195.5;5861412;-4326.518555
409255.8125;5861412;-4326.400391
409316.0938;5861412;-4326.284668
409376.4063;5861412;-4326.171387
401356.4063;5861472.5;-4252.055176
401416.6875;5861472.5;-4252.12793
401477;5861472.5;-4252.228027
401537.3125;5861472.5;-4252.354492
401597.5938;5861472.5;-4252.510254
401657.9063;5861472.5;-4252.696777
401718.2188;5861472.5;-4252.913574
401778.5;5861472.5;-4253.160156
401838.8125;5861472.5;-4253.441895
401899.0938;5861472.5;-4253.750488
401959.4063;5861472.5;-4254.085938
402019.7188;5861472.5;-4254.452148
402080;5861472.5;-4254.850098
402140.3125;5861472.5;-4255.268066
402200.625;5861472.5;-4255.705566
402260.9063;5861472.5;-4256.161133
402321.2188;5861472.5;-4256.630371
402381.5;5861472.5;-4257.102051
402441.8125;5861472.5;-4257.571777
402502.125;5861472.5;-4258.035156
402562.4063;5861472.5;-4258.482422
402622.7188;5861472.5;-4258.903809
402683.0313;5861472.5;-4259.300781
402743.3125;5861472.5;-4259.67334
402803.625;5861472.5;-4260.022949
402863.9063;5861472.5;-4260.356445
402924.2188;5861472.5;-4260.675781
402984.5313;5861472.5;-4260.984375
403044.8125;5861472.5;-4261.296875
403105.125;5861472.5;-4261.619141
403165.4375;5861472.5;-4261.95166
403225.7188;5861472.5;-4262.299316
403286.0313;5861472.5;-4262.664551
403346.3125;5861472.5;-4263.02832
403406.625;5861472.5;-4263.371582
403466.9375;5861472.5;-4263.670898
403527.2188;5861472.5;-4263.865234
403587.5313;5861472.5;-4263.935547
403647.8438;5861472.5;-4263.916992
403708.125;5861472.5;-4263.800293
403768.4375;5861472.5;-4263.617188
403828.7188;5861472.5;-4263.446289
403889.0313;5861472.5;-4263.29248
403949.3438;5861472.5;-4263.17627
404009.625;5861472.5;-4263.097656
404069.9375;5861472.5;-4263.007324
404130.25;5861472.5;-4271.847168
404190.5313;5861472.5;-4271.568359
404250.8438;5861472.5;-4271.156738
404311.125;5861472.5;-4270.659668
404371.4375;5861472.5;-4270.145508
404431.75;5861472.5;-4269.6875
404492.0313;5861472.5;-4269.356934
404552.3438;5861472.5;-4269.187012
404612.625;5861472.5;-4255.168457
404672.9375;5861472.5;-4255.522461
404733.25;5861472.5;-4256.34082
404793.5313;5861472.5;-4257.666992
404853.8438;5861472.5;-4259.287598
404914.1563;5861472.5;-4261.325684
404974.4375;5861472.5;-4263.930664
405034.75;5861472.5;-4266.67334
405095.0313;5861472.5;-4269.529785
405155.3438;5861472.5;-4272.513184
405215.6563;5861472.5;-4275.687988
405275.9375;5861472.5;-4279.056152
405336.25;5861472.5;-4282.463867
405396.5625;5861472.5;-4286.106445
405456.8438;5861472.5;-4289.80127
405517.1563;5861472.5;-4293.242188
405577.4375;5861472.5;-4296.378906
405637.75;5861472.5;-4298.82373
405698.0625;5861472.5;-4300.374023
405758.3438;5861472.5;-4301.256348
405818.6563;5861472.5;-4301.507813
405878.9688;5861472.5;-4301.05957
405939.25;5861472.5;-4300.347656
405999.5625;5861472.5;-4299.678711
406059.8438;5861472.5;-4299.147461
406120.1563;5861472.5;-4298.94873
406180.4688;5861472.5;-4299.205566
406240.75;5861472.5;-4299.857422
406301.0625;5861472.5;-4300.882813
406361.375;5861472.5;-4302.301758
406421.6563;5861472.5;-4283.116211
406481.9688;5861472.5;-4284.431641
406542.25;5861472.5;-4285.985352
406602.5625;5861472.5;-4287.657227
406662.875;5861472.5;-4289.321777
406723.1563;5861472.5;-4290.856445
406783.4688;5861472.5;-4292.271484
406843.7813;5861472.5;-4293.416016
406904.0625;5861472.5;-4294.008789
406964.375;5861472.5;-4294.378906
407024.6563;5861472.5;-4294.89502
407084.9688;5861472.5;-4295.473633
407145.2813;5861472.5;-4296.202148
407205.5625;5861472.5;-4297.246582
407265.875;5861472.5;-4298.364746
407326.1875;5861472.5;-4299.507324
407386.4688;5861472.5;-4300.72168
407446.7813;5861472.5;-4301.890625
407507.0625;5861472.5;-4323.689453
407567.375;5861472.5;-4324.225098
407627.6875;5861472.5;-4324.671387
407687.9688;5861472.5;-4325.046387
407748.2813;5861472.5;-4325.304199
407808.5938;5861472.5;-4325.458008
407868.875;5861472.5;-4325.553711
407929.1875;5861472.5;-4325.619141
407989.4688;5861472.5;-4325.663574
408049.7813;5861472.5;-4325.686035
408110.0938;5861472.5;-4325.691895
408170.375;5861472.5;-4325.683594
408230.6875;5861472.5;-4325.661621
408291;5861472.5;-4325.623047
408351.2813;5861472.5;-4325.575195
408411.5938;5861472.5;-4325.522949
408471.875;5861472.5;-4325.45752
408532.1875;5861472.5;-4325.377441
408592.5;5861472.5;-4325.291992
408652.7813;5861472.5;-4325.199219
408713.0938;5861472.5;-4325.095703
408773.4063;5861472.5;-4324.989258
408833.6875;5861472.5;-4324.87793
408894;5861472.5;-4324.760254
408954.2813;5861472.5;-4324.640625
409014.5938;5861472.5;-4324.519531
409074.9063;5861472.5;-4324.399414
409135.1875;5861472.5;-4324.27832
409195.5;5861472.5;-4324.157715
409255.8125;5861472.5;-4324.04541
409316.0938;5861472.5;-4323.93457
409376.4063;5861472.5;-4323.824219
401356.4063;5861533.5;-4252.338867
401416.6875;5861533.5;-4252.374512
401477;5861533.5;-4252.435059
401537.3125;5861533.5;-4252.519531
401597.5938;5861533.5;-4252.629883
401657.9063;5861533.5;-4252.76709
401718.2188;5861533.5;-4252.932129
401778.5;5861533.5;-4253.12207
401838.8125;5861533.5;-4253.34375
401899.0938;5861533.5;-4253.587891
401959.4063;5861533.5;-4253.857422
402019.7188;5861533.5;-4254.153809
402080;5861533.5;-4254.479492
402140.3125;5861533.5;-4254.822754
402200.625;5861533.5;-4255.184082
402260.9063;5861533.5;-4255.5625
402321.2188;5861533.5;-4255.95459
402381.5;5861533.5;-4256.349121
402441.8125;5861533.5;-4256.744141
402502.125;5861533.5;-4257.135254
402562.4063;5861533.5;-4257.516113
402622.7188;5861533.5;-4257.876465
402683.0313;5861533.5;-4258.217773
402743.3125;5861533.5;-4258.540039
402803.625;5861533.5;-4258.842773
402863.9063;5861533.5;-4259.131348
402924.2188;5861533.5;-4259.407227
402984.5313;5861533.5;-4259.669922
403044.8125;5861533.5;-4259.925781
403105.125;5861533.5;-4260.184082
403165.4375;5861533.5;-4260.442871
403225.7188;5861533.5;-4260.703613
403286.0313;5861533.5;-4260.96875
403346.3125;5861533.5;-4261.224609
403406.625;5861533.5;-4261.459961
403466.9375;5861533.5;-4261.660156
403527.2188;5861533.5;-4261.783203
403587.5313;5861533.5;-4261.817383
403647.8438;5861533.5;-4261.794434
403708.125;5861533.5;-4261.701172
403768.4375;5861533.5;-4261.558105
403828.7188;5861533.5;-4261.421875
403889.0313;5861533.5;-4261.282227
403949.3438;5861533.5;-4261.143066
404009.625;5861533.5;-4261.021484
404069.9375;5861533.5;-4269.911133
404130.25;5861533.5;-4269.671387
404190.5313;5861533.5;-4269.368652
404250.8438;5861533.5;-4268.987305
404311.125;5861533.5;-4268.579102
404371.4375;5861533.5;-4268.191895
404431.75;5861533.5;-4267.884277
404492.0313;5861533.5;-4267.711914
404552.3438;5861533.5;-4267.689941
404612.625;5861533.5;-4254.931641
404672.9375;5861533.5;-4255.437988
404733.25;5861533.5;-4256.342773
404793.5313;5861533.5;-4257.680176
404853.8438;5861533.5;-4259.274414
404914.1563;5861533.5;-4261.237793
404974.4375;5861533.5;-4263.717285
405034.75;5861533.5;-4266.334473
405095.0313;5861533.5;-4269.072754
405155.3438;5861533.5;-4271.95459
405215.6563;5861533.5;-4275.054688
405275.9375;5861533.5;-4278.376953
405336.25;5861533.5;-4281.766113
405396.5625;5861533.5;-4285.391113
405456.8438;5861533.5;-4289.105469
405517.1563;5861533.5;-4292.620605
405577.4375;5861533.5;-4295.872559
405637.75;5861533.5;-4298.441406
405698.0625;5861533.5;-4299.964355
405758.3438;5861533.5;-4300.559082
405818.6563;5861533.5;-4300.315918
405878.9688;5861533.5;-4299.384277
405939.25;5861533.5;-4298.270508
405999.5625;5861533.5;-4297.294434
406059.8438;5861533.5;-4296.56543
406120.1563;5861533.5;-4296.297852
406180.4688;5861533.5;-4296.586426
406240.75;5861533.5;-4297.322266
406301.0625;5861533.5;-4298.464355
406361.375;5861533.5;-4300.025879
406421.6563;5861533.5;-4301.964355
406481.9688;5861533.5;-4282.024414
406542.25;5861533.5;-4283.729004
406602.5625;5861533.5;-4285.518555
406662.875;5861533.5;-4287.272949
406723.1563;5861533.5;-4288.891602
406783.4688;5861533.5;-4290.395996
406843.7813;5861533.5;-4291.592773
406904.0625;5861533.5;-4292.168457
406964.375;5861533.5;-4292.48291
407024.6563;5861533.5;-4292.905273
407084.9688;5861533.5;-4293.339355
407145.2813;5861533.5;-4293.880371
407205.5625;5861533.5;-4294.73584
407265.875;5861533.5;-4295.661621
407326.1875;5861533.5;-4296.631348
407386.4688;5861533.5;-4297.708008
407446.7813;5861533.5;-4298.762695
407507.0625;5861533.5;-4321.079102
407567.375;5861533.5;-4321.540039
407627.6875;5861533.5;-4321.932129
407687.9688;5861533.5;-4322.268066
407748.2813;5861533.5;-4322.506348
407808.5938;5861533.5;-4322.660156
407868.875;5861533.5;-4322.76709
407929.1875;5861533.5;-4322.847168
407989.4688;5861533.5;-4322.908203
408049.7813;5861533.5;-4322.95166
408110.0938;5861533.5;-4322.979492
408170.375;5861533.5;-4322.994629
408230.6875;5861533.5;-4322.998535
408291;5861533.5;-4322.986816
408351.2813;5861533.5;-4322.964844
408411.5938;5861533.5;-4322.937988
408471.875;5861533.5;-4322.898926
408532.1875;5861533.5;-4322.84375
408592.5;5861533.5;-4322.782227
408652.7813;5861533.5;-4322.712891
408713.0938;5861533.5;-4322.631836
408773.4063;5861533.5;-4322.545898
408833.6875;5861533.5;-4322.452637
408894;5861533.5;-4322.353027
408954.2813;5861533.5;-4322.25
409014.5938;5861533.5;-4322.14209
409074.9063;5861533.5;-4322.035645
409135.1875;5861533.5;-4321.925293
409195.5;5861533.5;-4321.813965
409255.8125;5861533.5;-4321.709961
409316.0938;5861533.5;-4321.604004
409376.4063;5861533.5;-4321.498535
401356.4063;5861594;-4252.55957
401416.6875;5861594;-4252.556641
401477;5861594;-4252.577637
401537.3125;5861594;-4252.620117
401597.5938;5861594;-4252.685059
401657.9063;5861594;-4252.773438
401718.2188;5861594;-4252.884766
401778.5;5861594;-4253.017578
401838.8125;5861594;-4253.177734
401899.0938;5861594;-4253.358887
401959.4063;5861594;-4253.561523
402019.7188;5861594;-4253.788086
402080;5861594;-4254.040527
402140.3125;5861594;-4254.311035
402200.625;5861594;-4254.59668
402260.9063;5861594;-4254.898438
402321.2188;5861594;-4255.215332
402381.5;5861594;-4255.536621
402441.8125;5861594;-4255.858887
402502.125;5861594;-4256.181641
402562.4063;5861594;-4256.498535
402622.7188;5861594;-4256.80127
402683.0313;5861594;-4257.09082
402743.3125;5861594;-4257.365723
402803.625;5861594;-4257.625
402863.9063;5861594;-4257.873535
402924.2188;5861594;-4258.111816
402984.5313;5861594;-4258.335938
403044.8125;5861594;-4258.548828
403105.125;5861594;-4258.760742
403165.4375;5861594;-4258.968262
403225.7188;5861594;-4259.170898
403286.0313;5861594;-4259.369141
403346.3125;5861594;-4259.553711
403406.625;5861594;-4259.716309
403466.9375;5861594;-4259.850586
403527.2188;5861594;-4259.921875
403587.5313;5861594;-4259.925293
403647.8438;5861594;-4259.888184
403708.125;5861594;-4259.79834
403768.4375;5861594;-4259.667969
403828.7188;5861594;-4259.541504
403889.0313;5861594;-4259.404297
403949.3438;5861594;-4259.252441
404009.625;5861594;-4260.527344
404069.9375;5861594;-4267.955566
404130.25;5861594;-4267.708496
404190.5313;5861594;-4267.410645
404250.8438;5861594;-4267.068848
404311.125;5861594;-4266.741699
404371.4375;5861594;-4266.456055
404431.75;5861594;-4266.257324
404492.0313;5861594;-4266.194336
404552.3438;5861594;-4254.36377
404612.625;5861594;-4254.74707
404672.9375;5861594;-4255.376465
404733.25;5861594;-4256.348633
404793.5313;5861594;-4257.687988
404853.8438;5861594;-4259.253906
404914.1563;5861594;-4261.148926
404974.4375;5861594;-4263.501465
405034.75;5861594;-4265.98877
405095.0313;5861594;-4268.601563
405155.3438;5861594;-4271.375
405215.6563;5861594;-4274.383301
405275.9375;5861594;-4277.618164
405336.25;5861594;-4280.933105
405396.5625;5861594;-4284.473145
405456.8438;5861594;-4288.141113
405517.1563;5861594;-4291.693359
405577.4375;5861594;-4295.075684
405637.75;5861594;-4297.85498
405698.0625;5861594;-4299.446289
405758.3438;5861594;-4299.692383
405818.6563;5861594;-4298.774414
405878.9688;5861594;-4297.256836
405939.25;5861594;-4295.722168
405999.5625;5861594;-4294.45166
406059.8438;5861594;-4293.565918
406120.1563;5861594;-4293.310059
406180.4688;5861594;-4293.734863
406240.75;5861594;-4294.652832
406301.0625;5861594;-4295.98877
406361.375;5861594;-4297.739258
406421.6563;5861594;-4299.849609
406481.9688;5861594;-4302.225586
406542.25;5861594;-4281.379395
406602.5625;5861594;-4283.183105
406662.875;5861594;-4284.888672
406723.1563;5861594;-4286.42334
406783.4688;5861594;-4287.85791
406843.7813;5861594;-4289.061523
406904.0625;5861594;-4289.691406
406964.375;5861594;-4290.052734
407024.6563;5861594;-4290.48291
407084.9688;5861594;-4290.873047
407145.2813;5861594;-4291.322754
407205.5625;5861594;-4292.076172
407265.875;5861594;-4292.878906
407326.1875;5861594;-4293.720215
407386.4688;5861594;-4294.69043
407446.7813;5861594;-4317.998535
407507.0625;5861594;-4318.48584
407567.375;5861594;-4318.875488
407627.6875;5861594;-4319.213867
407687.9688;5861594;-4319.510742
407748.2813;5861594;-4319.726074
407808.5938;5861594;-4319.875488
407868.875;5861594;-4319.990234
407929.1875;5861594;-4320.080566
407989.4688;5861594;-4320.156738
408049.7813;5861594;-4320.21875
408110.0938;5861594;-4320.267578
408170.375;5861594;-4320.305664
408230.6875;5861594;-4320.334473
408291;5861594;-4320.348145
408351.2813;5861594;-4320.352051
408411.5938;5861594;-4320.351074
408471.875;5861594;-4320.337891
408532.1875;5861594;-4320.307617
408592.5;5861594;-4320.27002
408652.7813;5861594;-4320.223145
408713.0938;5861594;-4320.165039
408773.4063;5861594;-4320.098633
408833.6875;5861594;-4320.024414
408894;5861594;-4319.941895
408954.2813;5861594;-4319.85498
409014.5938;5861594;-4319.762207
409074.9063;5861594;-4319.668457
409135.1875;5861594;-4319.569824
409195.5;5861594;-4319.466797
409255.8125;5861594;-4319.370117
409316.0938;5861594;-4319.270996
409376.4063;5861594;-4319.171387
401356.4063;5861654.5;-4252.714844
401416.6875;5861654.5;-4252.672852
401477;5861654.5;-4252.652344
401537.3125;5861654.5;-4252.652832
401597.5938;5861654.5;-4252.670898
401657.9063;5861654.5;-4252.708984
401718.2188;5861654.5;-4252.766602
401778.5;5861654.5;-4252.842773
401838.8125;5861654.5;-4252.941895
401899.0938;5861654.5;-4253.059082
401959.4063;5861654.5;-4253.194824
402019.7188;5861654.5;-4253.352539
402080;5861654.5;-4253.532227
402140.3125;5861654.5;-4253.729004
402200.625;5861654.5;-4253.940918
402260.9063;5861654.5;-4254.168457
402321.2188;5861654.5;-4254.411133
402381.5;5861654.5;-4254.661133
402441.8125;5861654.5;-4254.914063
402502.125;5861654.5;-4255.169922
402562.4063;5861654.5;-4255.426758
402622.7188;5861654.5;-4255.673828
402683.0313;5861654.5;-4255.913574
402743.3125;5861654.5;-4256.145508
402803.625;5861654.5;-4256.364746
402863.9063;5861654.5;-4256.57666
402924.2188;5861654.5;-4256.783203
402984.5313;5861654.5;-4256.976074
403044.8125;5861654.5;-4257.157715
403105.125;5861654.5;-4257.337402
403165.4375;5861654.5;-4257.510254
403225.7188;5861654.5;-4257.674316
403286.0313;5861654.5;-4257.831543
403346.3125;5861654.5;-4257.972168
403406.625;5861654.5;-4258.091309
403466.9375;5861654.5;-4258.184082
403527.2188;5861654.5;-4258.223145
403587.5313;5861654.5;-4258.205566
403647.8438;5861654.5;-4258.156738
403708.125;5861654.5;-4258.064453
403768.4375;5861654.5;-4257.936523
403828.7188;5861654.5;-4257.811035
403889.0313;5861654.5;-4257.672363
403949.3438;5861654.5;-4257.513672
404009.625;5861654.5;-4266.398438
404069.9375;5861654.5;-4266.172852
404130.25;5861654.5;-4265.933594
404190.5313;5861654.5;-4265.645996
404250.8438;5861654.5;-4265.339844
404311.125;5861654.5;-4265.072754
404371.4375;5861654.5;-4264.854492
404431.75;5861654.5;-4264.722168
404492.0313;5861654.5;-4260.063477
404552.3438;5861654.5;-4254.032715
404612.625;5861654.5;-4254.532227
404672.9375;5861654.5;-4255.253418
404733.25;5861654.5;-4256.271973
404793.5313;5861654.5;-4257.599121
404853.8438;5861654.5;-4259.130371
404914.1563;5861654.5;-4260.955078
404974.4375;5861654.5;-4263.175293
405034.75;5861654.5;-4265.523438
405095.0313;5861654.5;-4267.991699
405155.3438;5861654.5;-4270.626953
405215.6563;5861654.5;-4273.490234
405275.9375;5861654.5;-4276.56543
405336.25;5861654.5;-4279.727539
405396.5625;5861654.5;-4283.092773
405456.8438;5861654.5;-4286.592773
405517.1563;5861654.5;-4290.016113
405577.4375;5861654.5;-4293.30127
405637.75;5861654.5;-4295.997559
405698.0625;5861654.5;-4297.432129
405758.3438;5861654.5;-4297.430176
405818.6563;5861654.5;-4296.200684
405878.9688;5861654.5;-4294.375977
405939.25;5861654.5;-4292.598145
405999.5625;5861654.5;-4291.161621
406059.8438;5861654.5;-4290.220215
406120.1563;5861654.5;-4290.091797
406180.4688;5861654.5;-4290.786133
406240.75;5861654.5;-4291.998535
406301.0625;5861654.5;-4293.597168
406361.375;5861654.5;-4295.543457
406421.6563;5861654.5;-4297.767578
406481.9688;5861654.5;-4300.158203
406542.25;5861654.5;-4296.541992
406602.5625;5861654.5;-4280.509766
406662.875;5861654.5;-4282.032715
406723.1563;5861654.5;-4283.277832
406783.4688;5861654.5;-4284.476563
406843.7813;5861654.5;-4285.666504
406904.0625;5861654.5;-4286.453125
406964.375;5861654.5;-4286.994141
407024.6563;5861654.5;-4287.559082
407084.9688;5861654.5;-4288.018066
407145.2813;5861654.5;-4288.473145
407205.5625;5861654.5;-4289.205078
407265.875;5861654.5;-4289.945313
407326.1875;5861654.5;-4290.704102
407386.4688;5861654.5;-4315.023926
407446.7813;5861654.5;-4315.45166
407507.0625;5861654.5;-4315.864746
407567.375;5861654.5;-4316.195801
407627.6875;5861654.5;-4316.490234
407687.9688;5861654.5;-4316.753906
407748.2813;5861654.5;-4316.951172
407808.5938;5861654.5;-4317.098633
407868.875;5861654.5;-4317.22168
407929.1875;5861654.5;-4317.322754
407989.4688;5861654.5;-4317.412598
408049.7813;5861654.5;-4317.494141
408110.0938;5861654.5;-4317.563477
408170.375;5861654.5;-4317.624023
408230.6875;5861654.5;-4317.677246
408291;5861654.5;-4317.716797
408351.2813;5861654.5;-4317.745605
408411.5938;5861654.5;-4317.77002
408471.875;5861654.5;-4317.782715
408532.1875;5861654.5;-4317.777344
408592.5;5861654.5;-4317.762695
408652.7813;5861654.5;-4317.737793
408713.0938;5861654.5;-4317.70166
408773.4063;5861654.5;-4317.654785
408833.6875;5861654.5;-4317.599121
408894;5861654.5;-4317.534668
408954.2813;5861654.5;-4317.462891
409014.5938;5861654.5;-4317.383789
409074.9063;5861654.5;-4317.302734
409135.1875;5861654.5;-4317.214844
409195.5;5861654.5;-4317.121094
409255.8125;5861654.5;-4317.031738
409316.0938;5861654.5;-4316.939453
409376.4063;5861654.5;-4316.84375
401356.4063;5861715;-4252.819336
401416.6875;5861715;-4252.738281
401477;5861715;-4252.676758
401537.3125;5861715;-4252.633301
401597.5938;5861715;-4252.604004
401657.9063;5861715;-4252.591797
401718.2188;5861715;-4252.595703
401778.5;5861715;-4252.61377
401838.8125;5861715;-4252.650879
401899.0938;5861715;-4252.703125
401959.4063;5861715;-4252.771484
402019.7188;5861715;-4252.858887
402080;5861715;-4252.966309
402140.3125;5861715;-4253.089355
402200.625;5861715;-4253.227051
402260.9063;5861715;-4253.379883
402321.2188;5861715;-4253.550293
402381.5;5861715;-4253.729492
402441.8125;5861715;-4253.913086
402502.125;5861715;-4254.103027
402562.4063;5861715;-4254.299805
402622.7188;5861715;-4254.492676
402683.0313;5861715;-4254.683594
402743.3125;5861715;-4254.873535
402803.625;5861715;-4255.054688
402863.9063;5861715;-4255.23291
402924.2188;5861715;-4255.410156
402984.5313;5861715;-4255.57666
403044.8125;5861715;-4255.731934
403105.125;5861715;-4255.888184
403165.4375;5861715;-4256.036621
403225.7188;5861715;-4256.173828
403286.0313;5861715;-4256.303711
403346.3125;5861715;-4256.415527
403406.625;5861715;-4256.505859
403466.9375;5861715;-4256.572754
403527.2188;5861715;-4256.591797
403587.5313;5861715;-4256.562988
403647.8438;5861715;-4256.507324
403708.125;5861715;-4256.415039
403768.4375;5861715;-4256.290527
403828.7188;5861715;-4256.166992
403889.0313;5861715;-4256.028809
403949.3438;5861715;-4255.974609
404009.625;5861715;-4255.749512
404069.9375;5861715;-4264.444824
404130.25;5861715;-4264.219238
404190.5313;5861715;-4263.958496
404250.8438;5861715;-4263.69873
404311.125;5861715;-4263.496582
404371.4375;5861715;-4263.352051
404431.75;5861715;-4263.293457
404492.0313;5861715;-4253.11084
404552.3438;5861715;-4253.48584
404612.625;5861715;-4254.081055
404672.9375;5861715;-4254.876953
404733.25;5861715;-4255.936035
404793.5313;5861715;-4257.262695
404853.8438;5861715;-4258.774902
404914.1563;5861715;-4260.54834
404974.4375;5861715;-4262.658691
405034.75;5861715;-4264.885254
405095.0313;5861715;-4267.224121
405155.3438;5861715;-4269.714844
405215.6563;5861715;-4272.414551
405275.9375;5861715;-4275.298828
405336.25;5861715;-4278.259766
405396.5625;5861715;-4281.395508
405456.8438;5861715;-4284.644531
405517.1563;5861715;-4287.798828
405577.4375;5861715;-4290.77002
405637.75;5861715;-4293.074219
405698.0625;5861715;-4294.135742
405758.3438;5861715;-4294.024902
405818.6563;5861715;-4292.898438
405878.9688;5861715;-4291.086426
405939.25;5861715;-4289.253418
405999.5625;5861715;-4287.766113
406059.8438;5861715;-4286.827148
406120.1563;5861715;-4286.89502
406180.4688;5861715;-4287.94873
406240.75;5861715;-4289.510742
406301.0625;5861715;-4291.384766
406361.375;5861715;-4293.484375
406421.6563;5861715;-4295.711914
406481.9688;5861715;-4297.966797
406542.25;5861715;-4300.22998
406602.5625;5861715;-4277.552734
406662.875;5861715;-4278.89209
406723.1563;5861715;-4279.765137
406783.4688;5861715;-4280.685059
406843.7813;5861715;-4281.885254
406904.0625;5861715;-4282.877441
406964.375;5861715;-4283.662598
407024.6563;5861715;-4284.435059
407084.9688;5861715;-4285.030762
407145.2813;5861715;-4285.551758
407205.5625;5861715;-4286.310547
407265.875;5861715;-4287.027832
407326.1875;5861715;-4312.063965
407386.4688;5861715;-4312.42334
407446.7813;5861715;-4312.780762
407507.0625;5861715;-4313.132813
407567.375;5861715;-4313.421387
407627.6875;5861715;-4313.685547
407687.9688;5861715;-4313.929199
407748.2813;5861715;-4314.116211
407808.5938;5861715;-4314.267578
407868.875;5861715;-4314.403809
407929.1875;5861715;-4314.52002
407989.4688;5861715;-4314.628418
408049.7813;5861715;-4314.732422
408110.0938;5861715;-4314.82666
408170.375;5861715;-4314.914063
408230.6875;5861715;-4314.996582
408291;5861715;-4315.06543
408351.2813;5861715;-4315.123535
408411.5938;5861715;-4315.176758
408471.875;5861715;-4315.217773
408532.1875;5861715;-4315.240723
408592.5;5861715;-4315.25293
408652.7813;5861715;-4315.253906
408713.0938;5861715;-4315.242188
408773.4063;5861715;-4315.21875
408833.6875;5861715;-4315.183105
408894;5861715;-4315.139648
408954.2813;5861715;-4315.085938
409014.5938;5861715;-4315.022949
409074.9063;5861715;-4314.956055
409135.1875;5861715;-4314.881348
409195.5;5861715;-4314.79834
409255.8125;5861715;-4314.71875
409316.0938;5861715;-4314.634766
409376.4063;5861715;-4314.545898
401356.4063;5861775.5;-4252.885254
401416.6875;5861775.5;-4252.765625
401477;5861775.5;-4252.663574
401537.3125;5861775.5;-4252.57666
401597.5938;5861775.5;-4252.5
401657.9063;5861775.5;-4252.437012
401718.2188;5861775.5;-4252.386719
401778.5;5861775.5;-4252.346191
401838.8125;5861775.5;-4252.321289
401899.0938;5861775.5;-4252.309082
401959.4063;5861775.5;-4252.310547
402019.7188;5861775.5;-4252.327637
402080;5861775.5;-4252.362793
402140.3125;5861775.5;-4252.412598
402200.625;5861775.5;-4252.476074
402260.9063;5861775.5;-4252.554688
402321.2188;5861775.5;-4252.652832
402381.5;5861775.5;-4252.762207
402441.8125;5861775.5;-4252.878418
402502.125;5861775.5;-4253.003418
402562.4063;5861775.5;-4253.140625
402622.7188;5861775.5;-4253.280273
402683.0313;5861775.5;-4253.424316
402743.3125;5861775.5;-4253.573242
402803.625;5861775.5;-4253.71875
402863.9063;5861775.5;-4253.86377
402924.2188;5861775.5;-4254.013672
402984.5313;5861775.5;-4254.156738
403044.8125;5861775.5;-4254.291016
403105.125;5861775.5;-4254.428711
403165.4375;5861775.5;-4254.557617
403225.7188;5861775.5;-4254.675781
403286.0313;5861775.5;-4254.787109
403346.3125;5861775.5;-4254.879395
403406.625;5861775.5;-4254.950195
403466.9375;5861775.5;-4255.000977
403527.2188;5861775.5;-4255.007813
403587.5313;5861775.5;-4254.972168
403647.8438;5861775.5;-4254.913574
403708.125;5861775.5;-4254.822266
403768.4375;5861775.5;-4254.70166
403828.7188;5861775.5;-4254.57959
403889.0313;5861775.5;-4254.479492
403949.3438;5861775.5;-4254.268555
404009.625;5861775.5;-4254.043945
404069.9375;5861775.5;-4253.813965
404130.25;5861775.5;-4262.557617
404190.5313;5861775.5;-4262.321289
404250.8438;5861775.5;-4262.103516
404311.125;5861775.5;-4261.955078
404371.4375;5861775.5;-4261.868652
404431.75;5861775.5;-4253.074707
404492.0313;5861775.5;-4253.29541
404552.3438;5861775.5;-4252.867188
404612.625;5861775.5;-4253.539551
404672.9375;5861775.5;-4254.39502
404733.25;5861775.5;-4255.484863
404793.5313;5861775.5;-4256.807129
404853.8438;5861775.5;-4258.300293
404914.1563;5861775.5;-4260.022949
404974.4375;5861775.5;-4262.023926
405034.75;5861775.5;-4264.131348
405095.0313;5861775.5;-4266.337891
405155.3438;5861775.5;-4268.67627
405215.6563;5861775.5;-4271.192871
405275.9375;5861775.5;-4273.855469
405336.25;5861775.5;-4276.578613
405396.5625;5861775.5;-4279.4375
405456.8438;5861775.5;-4282.368164
405517.1563;5861775.5;-4285.155762
405577.4375;5861775.5;-4287.680664
405637.75;5861775.5;-4289.496582
405698.0625;5861775.5;-4290.248047
405758.3438;5861775.5;-4290.129883
405818.6563;5861775.5;-4289.219238
405878.9688;5861775.5;-4287.598145
405939.25;5861775.5;-4285.89209
405999.5625;5861775.5;-4284.476563
406059.8438;5861775.5;-4283.594238
406120.1563;5861775.5;-4283.894043
406180.4688;5861775.5;-4285.337402
406240.75;5861775.5;-4287.245117
406301.0625;5861775.5;-4289.364746
406361.375;5861775.5;-4291.548828
406421.6563;5861775.5;-4293.634277
406481.9688;5861775.5;-4295.602539
406542.25;5861775.5;-4297.256348
406602.5625;5861775.5;-4298.904785
406662.875;5861775.5;-4274.882813
406723.1563;5861775.5;-4275.720215
406783.4688;5861775.5;-4276.581543
406843.7813;5861775.5;-4277.874512
406904.0625;5861775.5;-4279.099121
406964.375;5861775.5;-4280.152344
407024.6563;5861775.5;-4281.157227
407084.9688;5861775.5;-4281.91748
407145.2813;5861775.5;-4282.532227
407205.5625;5861775.5;-4283.341797
407265.875;5861775.5;-4284.054688
407326.1875;5861775.5;-4309.463379
407386.4688;5861775.5;-4309.758301
407446.7813;5861775.5;-4310.052734
407507.0625;5861775.5;-4310.351074
407567.375;5861775.5;-4310.606445
407627.6875;5861775.5;-4310.850098
407687.9688;5861775.5;-4311.08252
407748.2813;5861775.5;-4311.266113
407808.5938;5861775.5;-4311.426758
407868.875;5861775.5;-4311.578613
407929.1875;5861775.5;-4311.712891
407989.4688;5861775.5;-4311.841797
408049.7813;5861775.5;-4311.971191
408110.0938;5861775.5;-4312.092285
408170.375;5861775.5;-4312.20752
408230.6875;5861775.5;-4312.319824
408291;5861775.5;-4312.418457
408351.2813;5861775.5;-4312.505859
408411.5938;5861775.5;-4312.588867
408471.875;5861775.5;-4312.65918
408532.1875;5861775.5;-4312.709961
408592.5;5861775.5;-4312.75
408652.7813;5861775.5;-4312.776367
408713.0938;5861775.5;-4312.790039
408773.4063;5861775.5;-4312.788574
408833.6875;5861775.5;-4312.774902
408894;5861775.5;-4312.750488
408954.2813;5861775.5;-4312.71582
409014.5938;5861775.5;-4312.667969
409074.9063;5861775.5;-4312.616699
409135.1875;5861775.5;-4312.554688
409195.5;5861775.5;-4312.483398
409255.8125;5861775.5;-4312.413086
409316.0938;5861775.5;-4312.336426
409376.4063;5861775.5;-4312.254883
401356.4063;5861836.5;-4252.910156
401416.6875;5861836.5;-4252.753418
401477;5861836.5;-4252.61084
401537.3125;5861836.5;-4252.480469
401597.5938;5861836.5;-4252.35791
401657.9063;5861836.5;-4252.243652
401718.2188;5861836.5;-4252.13916
401778.5;5861836.5;-4252.039551
401838.8125;5861836.5;-4251.953125
401899.0938;5861836.5;-4251.876465
401959.4063;5861836.5;-4251.80957
402019.7188;5861836.5;-4251.755859
402080;5861836.5;-4251.720215
402140.3125;5861836.5;-4251.696777
402200.625;5861836.5;-4251.687012
402260.9063;5861836.5;-4251.692383
402321.2188;5861836.5;-4251.719238
402381.5;5861836.5;-4251.759277
402441.8125;5861836.5;-4251.808105
402502.125;5861836.5;-4251.869629
402562.4063;5861836.5;-4251.94873
402622.7188;5861836.5;-4252.037598
402683.0313;5861836.5;-4252.135254
402743.3125;5861836.5;-4252.244141
402803.625;5861836.5;-4252.355469
402863.9063;5861836.5;-4252.469727
402924.2188;5861836.5;-4252.594727
402984.5313;5861836.5;-4252.717285
403044.8125;5861836.5;-4252.834961
403105.125;5861836.5;-4252.958496
403165.4375;5861836.5;-4253.074219
403225.7188;5861836.5;-4253.180664
403286.0313;5861836.5;-4253.279785
403346.3125;5861836.5;-4253.360352
403406.625;5861836.5;-4253.42041
403466.9375;5861836.5;-4253.461914
403527.2188;5861836.5;-4253.462891
403587.5313;5861836.5;-4253.424805
403647.8438;5861836.5;-4253.366699
403708.125;5861836.5;-4253.277832
403768.4375;5861836.5;-4253.161621
403828.7188;5861836.5;-4253.024902
403889.0313;5861836.5;-4252.827148
403949.3438;5861836.5;-4252.611816
404009.625;5861836.5;-4252.386719
404069.9375;5861836.5;-4252.161133
404130.25;5861836.5;-4251.941895
404190.5313;5861836.5;-4260.72168
404250.8438;5861836.5;-4260.533203
404311.125;5861836.5;-4260.42334
404371.4375;5861836.5;-4260.37793
404431.75;5861836.5;-4251.636719
404492.0313;5861836.5;-4251.88623
404552.3438;5861836.5;-4252.23291
404612.625;5861836.5;-4252.910645
404672.9375;5861836.5;-4253.810547
404733.25;5861836.5;-4254.920898
404793.5313;5861836.5;-4256.230469
404853.8438;5861836.5;-4257.698242
404914.1563;5861836.5;-4259.368652
404974.4375;5861836.5;-4261.260742
405034.75;5861836.5;-4263.248047
405095.0313;5861836.5;-4265.321289
405155.3438;5861836.5;-4267.5
405215.6563;5861836.5;-4269.819824
405275.9375;5861836.5;-4272.241699
405336.25;5861836.5;-4274.697266
405396.5625;5861836.5;-4277.241211
405456.8438;5861836.5;-4279.813965
405517.1563;5861836.5;-4282.216309
405577.4375;5861836.5;-4284.316406
405637.75;5861836.5;-4285.722656
405698.0625;5861836.5;-4286.273926
405758.3438;5861836.5;-4286.180176
405818.6563;5861836.5;-4285.481445
405878.9688;5861836.5;-4284.171875
405939.25;5861836.5;-4282.784668
405999.5625;5861836.5;-4281.662109
406059.8438;5861836.5;-4281.04541
406120.1563;5861836.5;-4281.581055
406180.4688;5861836.5;-4283.23584
406240.75;5861836.5;-4285.340332
406301.0625;5861836.5;-4287.619629
406361.375;5861836.5;-4289.82666
406421.6563;5861836.5;-4291.783691
406481.9688;5861836.5;-4293.820313
406542.25;5861836.5;-4294.405273
406602.5625;5861836.5;-4294.3125
406662.875;5861836.5;-4278.802246
406723.1563;5861836.5;-4271.237793
406783.4688;5861836.5;-4272.316406
406843.7813;5861836.5;-4273.80127
406904.0625;5861836.5;-4275.261719
406964.375;5861836.5;-4276.561523
407024.6563;5861836.5;-4277.785645
407084.9688;5861836.5;-4278.714355
407145.2813;5861836.5;-4279.436035
407205.5625;5861836.5;-4280.309082
407265.875;5861836.5;-4306.492188
407326.1875;5861836.5;-4306.810059
407386.4688;5861836.5;-4307.039551
407446.7813;5861836.5;-4307.272949
407507.0625;5861836.5;-4307.522461
407567.375;5861836.5;-4307.753418
407627.6875;5861836.5;-4307.985352
407687.9688;5861836.5;-4308.215332
407748.2813;5861836.5;-4308.404785
407808.5938;5861836.5;-4308.57959
407868.875;5861836.5;-4308.75293
407929.1875;5861836.5;-4308.909668
407989.4688;5861836.5;-4309.062012
408049.7813;5861836.5;-4309.218262
408110.0938;5861836.5;-4309.367188
408170.375;5861836.5;-4309.51123
408230.6875;5861836.5;-4309.654297
408291;5861836.5;-4309.783691
408351.2813;5861836.5;-4309.900879
408411.5938;5861836.5;-4310.012695
408471.875;5861836.5;-4310.111816
408532.1875;5861836.5;-4310.190918
408592.5;5861836.5;-4310.256836
408652.7813;5861836.5;-4310.308594
408713.0938;5861836.5;-4310.34668
408773.4063;5861836.5;-4310.368164
408833.6875;5861836.5;-4310.374512
408894;5861836.5;-4310.369629
408954.2813;5861836.5;-4310.353027
409014.5938;5861836.5;-4310.321289
409074.9063;5861836.5;-4310.283691
409135.1875;5861836.5;-4310.234375
409195.5;5861836.5;-4310.174316
409255.8125;5861836.5;-4310.11377
409316.0938;5861836.5;-4310.044922
409376.4063;5861836.5;-4309.96875
401356.4063;5861897;-4252.894531
401416.6875;5861897;-4252.699707
401477;5861897;-4252.516602
401537.3125;5861897;-4252.342773
401597.5938;5861897;-4252.171875
401657.9063;5861897;-4252.007324
401718.2188;5861897;-4251.847168
401778.5;5861897;-4251.688965
401838.8125;5861897;-4251.539551
401899.0938;5861897;-4251.395996
401959.4063;5861897;-4251.261719
402019.7188;5861897;-4251.137695
402080;5861897;-4251.02832
402140.3125;5861897;-4250.931641
402200.625;5861897;-4250.848145
402260.9063;5861897;-4250.779785
402321.2188;5861897;-4250.734375
402381.5;5861897;-4250.705566
402441.8125;5861897;-4250.687012
402502.125;5861897;-4250.685547
402562.4063;5861897;-4250.70752
402622.7188;5861897;-4250.744629
402683.0313;5861897;-4250.797363
402743.3125;5861897;-4250.867676
402803.625;5861897;-4250.944336
402863.9063;5861897;-4251.029297
402924.2188;5861897;-4251.131348
402984.5313;5861897;-4251.23584
403044.8125;5861897;-4251.339355
403105.125;5861897;-4251.454102
403165.4375;5861897;-4251.5625
403225.7188;5861897;-4251.660645
403286.0313;5861897;-4251.754395
403346.3125;5861897;-4251.830566
403406.625;5861897;-4251.885742
403466.9375;5861897;-4251.924316
403527.2188;5861897;-4251.924316
403587.5313;5861897;-4251.887207
403647.8438;5861897;-4251.831543
403708.125;5861897;-4251.74707
403768.4375;5861897;-4251.585449
403828.7188;5861897;-4251.398926
403889.0313;5861897;-4251.193848
403949.3438;5861897;-4250.97168
404009.625;5861897;-4250.744141
404069.9375;5861897;-4250.519531
404130.25;5861897;-4250.304199
404190.5313;5861897;-4250.10498
404250.8438;5861897;-4258.942871
404311.125;5861897;-4258.856934
404371.4375;5861897;-4250.037109
404431.75;5861897;-4250.178223
404492.0313;5861897;-4250.435059
404552.3438;5861897;-4250.782227
404612.625;5861897;-4252.123535
404672.9375;5861897;-4253.040527
404733.25;5861897;-4254.149414
404793.5313;5861897;-4255.433105
404853.8438;5861897;-4256.864258
404914.1563;5861897;-4258.477051
404974.4375;5861897;-4260.267578
405034.75;5861897;-4262.144531
405095.0313;5861897;-4264.096191
405155.3438;5861897;-4266.131836
405215.6563;5861897;-4268.267578
405275.9375;5861897;-4270.468262
405336.25;5861897;-4272.66748
405396.5625;5861897;-4274.905273
405456.8438;5861897;-4277.132813
405517.1563;5861897;-4279.172852
405577.4375;5861897;-4280.92041
405637.75;5861897;-4282.048828
405698.0625;5861897;-4282.498047
405758.3438;5861897;-4282.467285
405818.6563;5861897;-4281.996582
405878.9688;5861897;-4281.061523
405939.25;5861897;-4280.099609
405999.5625;5861897;-4279.416016
406059.8438;5861897;-4279.212891
406120.1563;5861897;-4279.942871
406180.4688;5861897;-4281.599121
406240.75;5861897;-4283.722168
406301.0625;5861897;-4286.068848
406361.375;5861897;-4288.391602
406421.6563;5861897;-4290.839355
406481.9688;5861897;-4294.746582
406542.25;5861897;-4296.039063
406602.5625;5861897;-4293.148438
406662.875;5861897;-4293.487305
406723.1563;5861897;-4267.838867
406783.4688;5861897;-4268.708496
406843.7813;5861897;-4270.202148
406904.0625;5861897;-4271.761719
406964.375;5861897;-4273.210449
407024.6563;5861897;-4274.600586
407084.9688;5861897;-4275.680176
407145.2813;5861897;-4276.505859
407205.5625;5861897;-4303.410156
407265.875;5861897;-4303.801758
407326.1875;5861897;-4304.061523
407386.4688;5861897;-4304.21582
407446.7813;5861897;-4304.379883
407507.0625;5861897;-4304.57959
407567.375;5861897;-4304.790039
407627.6875;5861897;-4305.019043
407687.9688;5861897;-4305.256836
407748.2813;5861897;-4305.463379
407808.5938;5861897;-4305.662598
407868.875;5861897;-4305.865234
407929.1875;5861897;-4306.05127
407989.4688;5861897;-4306.23584
408049.7813;5861897;-4306.42627
408110.0938;5861897;-4306.609375
408170.375;5861897;-4306.787598
408230.6875;5861897;-4306.96582
408291;5861897;-4307.130371
408351.2813;5861897;-4307.281738
408411.5938;5861897;-4307.427246
408471.875;5861897;-4307.559082
408532.1875;5861897;-4307.669434
408592.5;5861897;-4307.765137
408652.7813;5861897;-4307.846191
408713.0938;5861897;-4307.912109
408773.4063;5861897;-4307.958984
408833.6875;5861897;-4307.988281
408894;5861897;-4308.005859
408954.2813;5861897;-4308.009277
409014.5938;5861897;-4307.995605
409074.9063;5861897;-4307.975586
409135.1875;5861897;-4307.940918
409195.5;5861897;-4307.893555
409255.8125;5861897;-4307.844238
409316.0938;5861897;-4307.785645
409376.4063;5861897;-4307.719238
401356.4063;5861957.5;-4252.838379
401416.6875;5861957.5;-4252.604004
401477;5861957.5;-4252.380371
401537.3125;5861957.5;-4252.163574
401597.5938;5861957.5;-4251.944824
401657.9063;5861957.5;-4251.728027
401718.2188;5861957.5;-4251.512695
401778.5;5861957.5;-4251.29541
401838.8125;5861957.5;-4251.081543
401899.0938;5861957.5;-4250.87207
401959.4063;5861957.5;-4250.668457
402019.7188;5861957.5;-4250.473145
402080;5861957.5;-4250.290527
402140.3125;5861957.5;-4250.120117
402200.625;5861957.5;-4249.962402
402260.9063;5861957.5;-4249.819824
402321.2188;5861957.5;-4249.703125
402381.5;5861957.5;-4249.605469
402441.8125;5861957.5;-4249.520508
402502.125;5861957.5;-4249.456543
402562.4063;5861957.5;-4249.421875
402622.7188;5861957.5;-4249.407715
402683.0313;5861957.5;-4249.416504
402743.3125;5861957.5;-4249.449219
402803.625;5861957.5;-4249.494141
402863.9063;5861957.5;-4249.552734
402924.2188;5861957.5;-4249.633789
402984.5313;5861957.5;-4249.722656
403044.8125;5861957.5;-4249.816406
403105.125;5861957.5;-4249.926758
403165.4375;5861957.5;-4250.030762
403225.7188;5861957.5;-4250.127441
403286.0313;5861957.5;-4250.222168
403346.3125;5861957.5;-4250.29834
403406.625;5861957.5;-4250.354004
403466.9375;5861957.5;-4250.395508
403527.2188;5861957.5;-4250.398926
403587.5313;5861957.5;-4250.365723
403647.8438;5861957.5;-4250.314453
403708.125;5861957.5;-4250.234375
403768.4375;5861957.5;-4249.987793
403828.7188;5861957.5;-4249.79248
403889.0313;5861957.5;-4249.577637
403949.3438;5861957.5;-4249.347168
404009.625;5861957.5;-4249.112793
404069.9375;5861957.5;-4248.883789
404130.25;5861957.5;-4248.666016
404190.5313;5861957.5;-4248.46875
404250.8438;5861957.5;-4248.330566
404311.125;5861957.5;-4257.24707
404371.4375;5861957.5;-4248.521973
404431.75;5861957.5;-4248.65332
404492.0313;5861957.5;-4248.896973
404552.3438;5861957.5;-4249.226074
404612.625;5861957.5;-4249.641602
404672.9375;5861957.5;-4252.11084
404733.25;5861957.5;-4253.203125
404793.5313;5861957.5;-4254.451172
404853.8438;5861957.5;-4255.837891
404914.1563;5861957.5;-4257.387695
404974.4375;5861957.5;-4259.080078
405034.75;5861957.5;-4260.851563
405095.0313;5861957.5;-4262.689453
405155.3438;5861957.5;-4264.594238
405215.6563;5861957.5;-4266.564941
405275.9375;5861957.5;-4268.56543
405336.25;5861957.5;-4270.551758
405396.5625;5861957.5;-4272.524902
405456.8438;5861957.5;-4274.454102
405517.1563;5861957.5;-4276.188965
405577.4375;5861957.5;-4277.660645
405637.75;5861957.5;-4278.619141
405698.0625;5861957.5;-4279.043457
405758.3438;5861957.5;-4279.117676
405818.6563;5861957.5;-4278.881348
405878.9688;5861957.5;-4278.313477
405939.25;5861957.5;-4277.760742
405999.5625;5861957.5;-4277.473633
406059.8438;5861957.5;-4277.609863
406120.1563;5861957.5;-4278.465332
406180.4688;5861957.5;-4280.057617
406240.75;5861957.5;-4282.113281
406301.0625;5861957.5;-4284.429688
406361.375;5861957.5;-4286.525391
406421.6563;5861957.5;-4288.245117
406481.9688;5861957.5;-4292.735352
406542.25;5861957.5;-4296.374023
406602.5625;5861957.5;-4293.384277
406662.875;5861957.5;-4292.178223
406723.1563;5861957.5;-4292.307129
406783.4688;5861957.5;-4266.018066
406843.7813;5861957.5;-4267.263672
406904.0625;5861957.5;-4268.741699
406964.375;5861957.5;-4270.199707
407024.6563;5861957.5;-4271.655273
407084.9688;5861957.5;-4272.826172
407145.2813;5861957.5;-4273.718262
407205.5625;5861957.5;-4300.773926
407265.875;5861957.5;-4301.11377
407326.1875;5861957.5;-4301.284668
407386.4688;5861957.5;-4301.338867
407446.7813;5861957.5;-4301.417969
407507.0625;5861957.5;-4301.560547
407567.375;5861957.5;-4301.755859
407627.6875;5861957.5;-4301.990723
407687.9688;5861957.5;-4302.246582
407748.2813;5861957.5;-4302.481934
407808.5938;5861957.5;-4302.716797
407868.875;5861957.5;-4302.957031
407929.1875;5861957.5;-4303.181152
407989.4688;5861957.5;-4303.40332
408049.7813;5861957.5;-4303.633301
408110.0938;5861957.5;-4303.85498
408170.375;5861957.5;-4304.070801
408230.6875;5861957.5;-4304.286621
408291;5861957.5;-4304.487305
408351.2813;5861957.5;-4304.674805
408411.5938;5861957.5;-4304.854492
408471.875;5861957.5;-4305.020508
408532.1875;5861957.5;-4305.163086
408592.5;5861957.5;-4305.289063
408652.7813;5861957.5;-4305.398926
408713.0938;5861957.5;-4305.492188
408773.4063;5861957.5;-4305.564453
408833.6875;5861957.5;-4305.617676
408894;5861957.5;-4305.657715
408954.2813;5861957.5;-4305.682129
409014.5938;5861957.5;-4305.687012
409074.9063;5861957.5;-4305.684082
409135.1875;5861957.5;-4305.664551
409195.5;5861957.5;-4305.630371
409255.8125;5861957.5;-4305.593262
409316.0938;5861957.5;-4305.54541
409376.4063;5861957.5;-4305.487793
401356.4063;5862018;-4252.741699
401416.6875;5862018;-4252.46875
401477;5862018;-4252.203613
401537.3125;5862018;-4251.942871
401597.5938;5862018;-4251.67627
401657.9063;5862018;-4251.406738
401718.2188;5862018;-4251.135254
401778.5;5862018;-4250.858887
401838.8125;5862018;-4250.580078
401899.0938;5862018;-4250.303223
401959.4063;5862018;-4250.030273
402019.7188;5862018;-4249.763672
402080;5862018;-4249.506348
402140.3125;5862018;-4249.26123
402200.625;5862018;-4249.028809
402260.9063;5862018;-4248.812012
402321.2188;5862018;-4248.625
402381.5;5862018;-4248.458008
402441.8125;5862018;-4248.307617
402502.125;5862018;-4248.182129
402562.4063;5862018;-4248.09082
402622.7188;5862018;-4248.027832
402683.0313;5862018;-4247.994141
402743.3125;5862018;-4247.992188
402803.625;5862018;-4248.006348
402863.9063;5862018;-4248.040527
402924.2188;5862018;-4248.104492
402984.5313;5862018;-4248.181152
403044.8125;5862018;-4248.268555
403105.125;5862018;-4248.378418
403165.4375;5862018;-4248.484375
403225.7188;5862018;-4248.583984
403286.0313;5862018;-4248.68457
403346.3125;5862018;-4248.76709
403406.625;5862018;-4248.829102
403466.9375;5862018;-4248.877441
403527.2188;5862018;-4248.888184
403587.5313;5862018;-4248.862305
403647.8438;5862018;-4248.817383
403708.125;5862018;-4258.850586
403768.4375;5862018;-4258.728027
403828.7188;5862018;-4248.204102
403889.0313;5862018;-4247.979492
403949.3438;5862018;-4247.736328
404009.625;5862018;-4247.490234
404069.9375;5862018;-4247.250977
404130.25;5862018;-4247.021973
404190.5313;5862018;-4246.815918
404250.8438;5862018;-4246.669434
404311.125;5862018;-4246.913086
404371.4375;5862018;-4246.937988
404431.75;5862018;-4247.041016
404492.0313;5862018;-4247.251465
404552.3438;5862018;-4247.543457
404612.625;5862018;-4247.917969
404672.9375;5862018;-4248.433105
404733.25;5862018;-4252.089844
404793.5313;5862018;-4253.29248
404853.8438;5862018;-4254.628418
404914.1563;5862018;-4256.112793
404974.4375;5862018;-4257.705078
405034.75;5862018;-4259.373047
405095.0313;5862018;-4261.103027
405155.3438;5862018;-4262.887695
405215.6563;5862018;-4264.717285
405275.9375;5862018;-4266.550781
405336.25;5862018;-4268.36084
405396.5625;5862018;-4270.13623
405456.8438;5862018;-4271.834961
405517.1563;5862018;-4273.337891
405577.4375;5862018;-4274.615234
405637.75;5862018;-4275.487305
405698.0625;5862018;-4275.943848
405758.3438;5862018;-4276.149414
405818.6563;5862018;-4276.139648
405878.9688;5862018;-4275.895996
405939.25;5862018;-4275.682617
405999.5625;5862018;-4275.695313
406059.8438;5862018;-4276.048828
406120.1563;5862018;-4276.945801
406180.4688;5862018;-4278.422852
406240.75;5862018;-4280.325195
406301.0625;5862018;-4282.523438
406361.375;5862018;-4284.615723
406421.6563;5862018;-4286.124023
406481.9688;5862018;-4289.603516
406542.25;5862018;-4293.519043
406602.5625;5862018;-4292.203125
406662.875;5862018;-4291.076172
406723.1563;5862018;-4290.786621
406783.4688;5862018;-4280.810059
406843.7813;5862018;-4264.884277
406904.0625;5862018;-4266.111328
406964.375;5862018;-4267.454102
407024.6563;5862018;-4268.912109
407084.9688;5862018;-4270.13623
407145.2813;5862018;-4297.631348
407205.5625;5862018;-4298.211914
407265.875;5862018;-4298.447754
407326.1875;5862018;-4298.484375
407386.4688;5862018;-4298.410645
407446.7813;5862018;-4298.388672
407507.0625;5862018;-4298.470703
407567.375;5862018;-4298.658691
407627.6875;5862018;-4298.912109
407687.9688;5862018;-4299.201172
407748.2813;5862018;-4299.479492
407808.5938;5862018;-4299.760742
407868.875;5862018;-4300.047852
407929.1875;5862018;-4300.316895
407989.4688;5862018;-4300.583496
408049.7813;5862018;-4300.855957
408110.0938;5862018;-4301.119141
408170.375;5862018;-4301.375488
408230.6875;5862018;-4301.630371
408291;5862018;-4301.868164
408351.2813;5862018;-4302.090332
408411.5938;5862018;-4302.305176
408471.875;5862018;-4302.504395
408532.1875;5862018;-4302.678223
408592.5;5862018;-4302.833496
408652.7813;5862018;-4302.972656
408713.0938;5862018;-4303.092773
408773.4063;5862018;-4303.189453
408833.6875;5862018;-4303.266113
408894;5862018;-4303.327148
408954.2813;5862018;-4303.371582
409014.5938;5862018;-4303.39502
409074.9063;5862018;-4303.407715
409135.1875;5862018;-4303.40332
409195.5;5862018;-4303.382324
409255.8125;5862018;-4303.356445
409316.0938;5862018;-4303.318359
409376.4063;5862018;-4303.27002
401356.4063;5862078.5;-4252.60791
401416.6875;5862078.5;-4252.296875
401477;5862078.5;-4251.989746
401537.3125;5862078.5;-4251.68457
401597.5938;5862078.5;-4251.368652
401657.9063;5862078.5;-4251.045898
401718.2188;5862078.5;-4250.716797
401778.5;5862078.5;-4250.378418
401838.8125;5862078.5;-4250.034668
401899.0938;5862078.5;-4249.689453
401959.4063;5862078.5;-4249.345215
402019.7188;5862078.5;-4249.003906
402080;5862078.5;-4248.671387
402140.3125;5862078.5;-4248.350098
402200.625;5862078.5;-4248.041504
402260.9063;5862078.5;-4247.749512
402321.2188;5862078.5;-4247.489746
402381.5;5862078.5;-4247.253418
402441.8125;5862078.5;-4247.035645
402502.125;5862078.5;-4246.847168
402562.4063;5862078.5;-4246.700684
402622.7188;5862078.5;-4246.588379
402683.0313;5862078.5;-4246.512695
402743.3125;5862078.5;-4246.476074
402803.625;5862078.5;-4246.462891
402863.9063;5862078.5;-4246.473633
402924.2188;5862078.5;-4246.521484
402984.5313;5862078.5;-4246.589844
403044.8125;5862078.5;-4246.67627
403105.125;5862078.5;-4246.789063
403165.4375;5862078.5;-4246.901855
403225.7188;5862078.5;-4247.009766
403286.0313;5862078.5;-4247.120117
403346.3125;5862078.5;-4247.213379
403406.625;5862078.5;-4247.287109
403466.9375;5862078.5;-4247.345703
403527.2188;5862078.5;-4247.365234
403587.5313;5862078.5;-4247.348145
403647.8438;5862078.5;-4257.52832
403708.125;5862078.5;-4257.42334
403768.4375;5862078.5;-4257.288086
403828.7188;5862078.5;-4257.099121
403889.0313;5862078.5;-4246.385254
403949.3438;5862078.5;-4246.125977
404009.625;5862078.5;-4245.862305
404069.9375;5862078.5;-4245.604492
404130.25;5862078.5;-4245.354492
404190.5313;5862078.5;-4245.126953
404250.8438;5862078.5;-4244.957031
404311.125;5862078.5;-4244.86377
404371.4375;5862078.5;-4245.353027
404431.75;5862078.5;-4245.408691
404492.0313;5862078.5;-4245.569336
404552.3438;5862078.5;-4245.806641
404612.625;5862078.5;-4246.12207
404672.9375;5862078.5;-4246.575684
404733.25;5862078.5;-4247.175293
404793.5313;5862078.5;-4251.917969
404853.8438;5862078.5;-4253.193359
404914.1563;5862078.5;-4254.602051
404974.4375;5862078.5;-4256.07959
405034.75;5862078.5;-4257.632324
405095.0313;5862078.5;-4259.247559
405155.3438;5862078.5;-4260.918945
405215.6563;5862078.5;-4262.624512
405275.9375;5862078.5;-4264.321289
405336.25;5862078.5;-4265.975098
405396.5625;5862078.5;-4267.780273
405456.8438;5862078.5;-4269.325195
405517.1563;5862078.5;-4270.666992
405577.4375;5862078.5;-4271.811035
405637.75;5862078.5;-4272.640137
405698.0625;5862078.5;-4273.147461
405758.3438;5862078.5;-4273.474121
405818.6563;5862078.5;-4273.654297
405878.9688;5862078.5;-4273.668457
405939.25;5862078.5;-4273.709473
405999.5625;5862078.5;-4273.91748
406059.8438;5862078.5;-4274.371094
406120.1563;5862078.5;-4275.216309
406180.4688;5862078.5;-4276.507324
406240.75;5862078.5;-4278.177734
406301.0625;5862078.5;-4280.204102
406361.375;5862078.5;-4282.499023
406421.6563;5862078.5;-4284.595215
406481.9688;5862078.5;-4287.223633
406542.25;5862078.5;-4289.757324
406602.5625;5862078.5;-4289.376953
406662.875;5862078.5;-4288.768066
406723.1563;5862078.5;-4288.590332
406783.4688;5862078.5;-4288.942383
406843.7813;5862078.5;-4266.981445
406904.0625;5862078.5;-4263.601074
406964.375;5862078.5;-4264.903809
407024.6563;5862078.5;-4266.416504
407084.9688;5862078.5;-4294.005859
407145.2813;5862078.5;-4295.09375
407205.5625;5862078.5;-4295.599609
407265.875;5862078.5;-4295.654297
407326.1875;5862078.5;-4295.501465
407386.4688;5862078.5;-4295.275879
407446.7813;5862078.5;-4295.154785
407507.0625;5862078.5;-4295.198242
407567.375;5862078.5;-4295.406738
407627.6875;5862078.5;-4295.706543
407687.9688;5862078.5;-4296.051758
407748.2813;5862078.5;-4296.394043
407808.5938;5862078.5;-4296.737793
407868.875;5862078.5;-4297.083496
407929.1875;5862078.5;-4297.408691
407989.4688;5862078.5;-4297.728516
408049.7813;5862078.5;-4298.051758
408110.0938;5862078.5;-4298.36377
408170.375;5862078.5;-4298.666016
408230.6875;5862078.5;-4298.964844
408291;5862078.5;-4299.244629
408351.2813;5862078.5;-4299.505859
408411.5938;5862078.5;-4299.758789
408471.875;5862078.5;-4299.994629
408532.1875;5862078.5;-4300.203125
408592.5;5862078.5;-4300.391602
408652.7813;5862078.5;-4300.561035
408713.0938;5862078.5;-4300.710938
408773.4063;5862078.5;-4300.835449
408833.6875;5862078.5;-4300.9375
408894;5862078.5;-4301.021973
408954.2813;5862078.5;-4301.088867
409014.5938;5862078.5;-4301.133301
409074.9063;5862078.5;-4301.164063
409135.1875;5862078.5;-4301.17627
409195.5;5862078.5;-4301.170898
409255.8125;5862078.5;-4301.158691
409316.0938;5862078.5;-4301.132813
409376.4063;5862078.5;-4301.094727
401356.4063;5862139.5;-4252.446777
401416.6875;5862139.5;-4252.095703
401477;5862139.5;-4251.746582
401537.3125;5862139.5;-4251.395996
401597.5938;5862139.5;-4251.030273
401657.9063;5862139.5;-4250.652832
401718.2188;5862139.5;-4250.265625
401778.5;5862139.5;-4249.864258
401838.8125;5862139.5;-4249.453125
401899.0938;5862139.5;-4249.038086
401959.4063;5862139.5;-4248.620605
402019.7188;5862139.5;-4248.203613
402080;5862139.5;-4247.793457
402140.3125;5862139.5;-4247.39502
402200.625;5862139.5;-4247.008789
402260.9063;5862139.5;-4246.640625
402321.2188;5862139.5;-4246.306641
402381.5;5862139.5;-4246
402441.8125;5862139.5;-4245.715332
402502.125;5862139.5;-4245.463379
402562.4063;5862139.5;-4245.259766
402622.7188;5862139.5;-4245.098633
402683.0313;5862139.5;-4244.982422
402743.3125;5862139.5;-4244.912598
402803.625;5862139.5;-4244.872559
402863.9063;5862139.5;-4244.863281
402924.2188;5862139.5;-4244.898438
402984.5313;5862139.5;-4244.961914
403044.8125;5862139.5;-4245.050293
403105.125;5862139.5;-4245.171387
403165.4375;5862139.5;-4245.294434
403225.7188;5862139.5;-4245.415039
403286.0313;5862139.5;-4245.540527
403346.3125;5862139.5;-4245.648926
403406.625;5862139.5;-4245.737305
403466.9375;5862139.5;-4245.80957
403527.2188;5862139.5;-4245.841797
403587.5313;5862139.5;-4245.835449
403647.8438;5862139.5;-4256.109375
403708.125;5862139.5;-4255.993164
403768.4375;5862139.5;-4255.84375
403828.7188;5862139.5;-4255.635254
403889.0313;5862139.5;-4255.393066
403949.3438;5862139.5;-4244.519531
404009.625;5862139.5;-4244.233398
404069.9375;5862139.5;-4243.950684
404130.25;5862139.5;-4243.671875
404190.5313;5862139.5;-4243.414551
404250.8438;5862139.5;-4243.208496
404311.125;5862139.5;-4243.075195
404371.4375;5862139.5;-4243.017578
404431.75;5862139.5;-4243.733398
404492.0313;5862139.5;-4243.828613
404552.3438;5862139.5;-4243.998047
404612.625;5862139.5;-4244.240723
404672.9375;5862139.5;-4244.619629
404733.25;5862139.5;-4245.143555
404793.5313;5862139.5;-4245.777344
404853.8438;5862139.5;-4251.589844
404914.1563;5862139.5;-4252.916504
404974.4375;5862139.5;-4254.27002
405034.75;5862139.5;-4255.700684
405095.0313;5862139.5;-4257.196777
405155.3438;5862139.5;-4258.757813
405215.6563;5862139.5;-4260.352051
405275.9375;5862139.5;-4261.933594
405336.25;5862139.5;-4263.455078
405396.5625;5862139.5;-4265.424805
405456.8438;5862139.5;-4266.856934
405517.1563;5862139.5;-4268.084961
405577.4375;5862139.5;-4269.145996
405637.75;5862139.5;-4269.960449
405698.0625;5862139.5;-4270.520508
405758.3438;5862139.5;-4270.952637
405818.6563;5862139.5;-4271.289551
405878.9688;5862139.5;-4271.51123
405939.25;5862139.5;-4271.745605
405999.5625;5862139.5;-4272.081543
406059.8438;5862139.5;-4272.563965
406120.1563;5862139.5;-4273.289063
406180.4688;5862139.5;-4274.319824
406240.75;5862139.5;-4275.659668
406301.0625;5862139.5;-4277.331055
406361.375;5862139.5;-4279.340332
406421.6563;5862139.5;-4281.36377
406481.9688;5862139.5;-4283.421387
406542.25;5862139.5;-4285.201172
406602.5625;5862139.5;-4285.446777
406662.875;5862139.5;-4285.401367
406723.1563;5862139.5;-4285.547363
406783.4688;5862139.5;-4286.057129
406843.7813;5862139.5;-4287.035645
406904.0625;5862139.5;-4260.936035
406964.375;5862139.5;-4262.310059
407024.6563;5862139.5;-4289.716309
407084.9688;5862139.5;-4291.446289
407145.2813;5862139.5;-4292.578125
407205.5625;5862139.5;-4292.94043
407265.875;5862139.5;-4292.704102
407326.1875;5862139.5;-4292.294434
407386.4688;5862139.5;-4291.904785
407446.7813;5862139.5;-4291.708496
407507.0625;5862139.5;-4291.755859
407567.375;5862139.5;-4292.028809
407627.6875;5862139.5;-4292.410645
407687.9688;5862139.5;-4292.84375
407748.2813;5862139.5;-4293.270508
407808.5938;5862139.5;-4293.69043
407868.875;5862139.5;-4294.104004
407929.1875;5862139.5;-4294.491211
407989.4688;5862139.5;-4294.870605
408049.7813;5862139.5;-4295.249512
408110.0938;5862139.5;-4295.612793
408170.375;5862139.5;-4295.964844
408230.6875;5862139.5;-4296.30957
408291;5862139.5;-4296.632813
408351.2813;5862139.5;-4296.935547
408411.5938;5862139.5;-4297.228027
408471.875;5862139.5;-4297.502441
408532.1875;5862139.5;-4297.746094
408592.5;5862139.5;-4297.967773
408652.7813;5862139.5;-4298.168945
408713.0938;5862139.5;-4298.349121
408773.4063;5862139.5;-4298.501465
408833.6875;5862139.5;-4298.629883
408894;5862139.5;-4298.739746
408954.2813;5862139.5;-4298.82959
409014.5938;5862139.5;-4298.894531
409074.9063;5862139.5;-4298.945313
409135.1875;5862139.5;-4298.975098
409195.5;5862139.5;-4298.98584
409255.8125;5862139.5;-4298.987793
409316.0938;5862139.5;-4298.974609
409376.4063;5862139.5;-4298.947754
401356.4063;5862200;-4252.262695
401416.6875;5862200;-4251.87207
401477;5862200;-4251.47998
401537.3125;5862200;-4251.084473
401597.5938;5862200;-4250.66748
401657.9063;5862200;-4250.235352
401718.2188;5862200;-4249.788574
401778.5;5862200;-4249.32373
401838.8125;5862200;-4248.843262
401899.0938;5862200;-4248.356445
401959.4063;5862200;-4247.865234
402019.7188;5862200;-4247.371582
402080;5862200;-4246.882324
402140.3125;5862200;-4246.404785
402200.625;5862200;-4245.939941
402260.9063;5862200;-4245.493652
402321.2188;5862200;-4245.085449
402381.5;5862200;-4244.70752
402441.8125;5862200;-4244.354004
402502.125;5862200;-4244.038086
402562.4063;5862200;-4243.778809
402622.7188;5862200;-4243.569336
402683.0313;5862200;-4243.413086
402743.3125;5862200;-4243.311035
402803.625;5862200;-4243.246582
402863.9063;5862200;-4243.21875
402924.2188;5862200;-4243.245605
402984.5313;5862200;-4243.307129
403044.8125;5862200;-4243.401367
403105.125;5862200;-4243.535156
403165.4375;5862200;-4243.67334
403225.7188;5862200;-4243.811523
403286.0313;5862200;-4243.956055
403346.3125;5862200;-4244.084473
403406.625;5862200;-4244.19043
403466.9375;5862200;-4244.280762
403527.2188;5862200;-4244.327637
403587.5313;5862200;-4254.784668
403647.8438;5862200;-4254.702637
403708.125;5862200;-4254.575195
403768.4375;5862200;-4254.412598
403828.7188;5862200;-4254.18457
403889.0313;5862200;-4253.917969
403949.3438;5862200;-4253.617676
404009.625;5862200;-4242.613281
404069.9375;5862200;-4242.299316
404130.25;5862200;-4241.986328
404190.5313;5862200;-4241.689941
404250.8438;5862200;-4241.438965
404311.125;5862200;-4241.253418
404371.4375;5862200;-4241.139648
404431.75;5862200;-4241.111328
404492.0313;5862200;-4242.015625
404552.3438;5862200;-4242.103516
404612.625;5862200;-4242.262207
404672.9375;5862200;-4242.557617
404733.25;5862200;-4242.998047
404793.5313;5862200;-4243.55127
404853.8438;5862200;-4244.233398
404914.1563;5862200;-4251.108887
404974.4375;5862200;-4252.335449
405034.75;5862200;-4253.640625
405095.0313;5862200;-4255.016602
405155.3438;5862200;-4256.470215
405215.6563;5862200;-4257.961426
405275.9375;5862200;-4259.443359
405336.25;5862200;-4260.854492
405396.5625;5862200;-4263.030273
405456.8438;5862200;-4264.386719
405517.1563;5862200;-4265.535156
405577.4375;5862200;-4266.541016
405637.75;5862200;-4267.355957
405698.0625;5862200;-4267.971191
405758.3438;5862200;-4268.500977
405818.6563;5862200;-4268.975098
405878.9688;5862200;-4269.371582
405939.25;5862200;-4269.762695
405999.5625;5862200;-4270.1875
406059.8438;5862200;-4270.65918
406120.1563;5862200;-4271.222656
406180.4688;5862200;-4271.941406
406240.75;5862200;-4272.862793
406301.0625;5862200;-4274.054199
406361.375;5862200;-4275.572266
406421.6563;5862200;-4277.20752
406481.9688;5862200;-4278.86084
406542.25;5862200;-4280.324707
406602.5625;5862200;-4280.986328
406662.875;5862200;-4281.404785
406723.1563;5862200;-4281.896973
406783.4688;5862200;-4282.635254
406843.7813;5862200;-4283.738281
406904.0625;5862200;-4285.173828
406964.375;5862200;-4284.715332
407024.6563;5862200;-4286.882813
407084.9688;5862200;-4288.856934
407145.2813;5862200;-4290.023438
407205.5625;5862200;-4290.161621
407265.875;5862200;-4289.519043
407326.1875;5862200;-4288.806641
407386.4688;5862200;-4288.276855
407446.7813;5862200;-4288.061523
407507.0625;5862200;-4288.17627
407567.375;5862200;-4288.563965
407627.6875;5862200;-4289.066895
407687.9688;5862200;-4289.614258
407748.2813;5862200;-4290.145996
407808.5938;5862200;-4290.651855
407868.875;5862200;-4291.13916
407929.1875;5862200;-4291.593262
407989.4688;5862200;-4292.033203
408049.7813;5862200;-4292.470703
408110.0938;5862200;-4292.887695
408170.375;5862200;-4293.289551
408230.6875;5862200;-4293.680664
408291;5862200;-4294.046387
408351.2813;5862200;-4294.390625
408411.5938;5862200;-4294.722656
408471.875;5862200;-4295.03418
408532.1875;5862200;-4295.3125
408592.5;5862200;-4295.566406
408652.7813;5862200;-4295.798828
408713.0938;5862200;-4296.008789
408773.4063;5862200;-4296.188477
408833.6875;5862200;-4296.342285
408894;5862200;-4296.476074
408954.2813;5862200;-4296.588867
409014.5938;5862200;-4296.674316
409074.9063;5862200;-4296.743652
409135.1875;5862200;-4296.791016
409195.5;5862200;-4296.817871
409255.8125;5862200;-4296.833008
409316.0938;5862200;-4296.83252
409376.4063;5862200;-4296.816406
401356.4063;5862260.5;-4252.057129
401416.6875;5862260.5;-4251.626953
401477;5862260.5;-4251.192871
401537.3125;5862260.5;-4250.75
401597.5938;5862260.5;-4250.282227
401657.9063;5862260.5;-4249.793457
401718.2188;5862260.5;-4249.286133
401778.5;5862260.5;-4248.755859
401838.8125;5862260.5;-4248.206055
401899.0938;5862260.5;-4247.645508
401959.4063;5862260.5;-4247.078125
402019.7188;5862260.5;-4246.505371
402080;5862260.5;-4245.935059
402140.3125;5862260.5;-4245.376465
402200.625;5862260.5;-4244.831055
402260.9063;5862260.5;-4244.304199
402321.2188;5862260.5;-4243.819336
402381.5;5862260.5;-4243.369141
402441.8125;5862260.5;-4242.946289
402502.125;5862260.5;-4242.565918
402562.4063;5862260.5;-4242.249023
402622.7188;5862260.5;-4241.992188
402683.0313;5862260.5;-4241.795898
402743.3125;5862260.5;-4241.663574
402803.625;5862260.5;-4241.57666
402863.9063;5862260.5;-4241.533203
402924.2188;5862260.5;-4241.552734
402984.5313;5862260.5;-4241.617188
403044.8125;5862260.5;-4241.722656
403105.125;5862260.5;-4241.874023
403165.4375;5862260.5;-4242.033203
403225.7188;5862260.5;-4242.192871
403286.0313;5862260.5;-4242.362305
403346.3125;5862260.5;-4242.51416
403406.625;5862260.5;-4242.64209
403466.9375;5862260.5;-4242.75293
403527.2188;5862260.5;-4253.36084
403587.5313;5862260.5;-4253.359375
403647.8438;5862260.5;-4253.270996
403708.125;5862260.5;-4253.133789
403768.4375;5862260.5;-4252.957031
403828.7188;5862260.5;-4252.707031
403889.0313;5862260.5;-4252.413574
403949.3438;5862260.5;-4252.079102
404009.625;5862260.5;-4251.677734
404069.9375;5862260.5;-4240.655762
404130.25;5862260.5;-4240.30127
404190.5313;5862260.5;-4239.956543
404250.8438;5862260.5;-4239.647461
404311.125;5862260.5;-4239.395996
404371.4375;5862260.5;-4239.210938
404431.75;5862260.5;-4239.106934
404492.0313;5862260.5;-4239.097168
404552.3438;5862260.5;-4240.202148
404612.625;5862260.5;-4240.271484
404672.9375;5862260.5;-4240.476074
404733.25;5862260.5;-4240.82959
404793.5313;5862260.5;-4241.299316
404853.8438;5862260.5;-4241.901367
404914.1563;5862260.5;-4242.665527
404974.4375;5862260.5;-4250.211914
405034.75;5862260.5;-4251.382813
405095.0313;5862260.5;-4252.629883
405155.3438;5862260.5;-4253.975098
405215.6563;5862260.5;-4255.367676
405275.9375;5862260.5;-4256.756836
405336.25;5862260.5;-4258.074219
405396.5625;5862260.5;-4260.54541
405456.8438;5862260.5;-4261.853027
405517.1563;5862260.5;-4262.954102
405577.4375;5862260.5;-4263.932129
405637.75;5862260.5;-4264.761719
405698.0625;5862260.5;-4265.431641
405758.3438;5862260.5;-4266.047852
405818.6563;5862260.5;-4266.638184
405878.9688;5862260.5;-4267.183105
405939.25;5862260.5;-4267.699707
405999.5625;5862260.5;-4268.186035
406059.8438;5862260.5;-4268.625488
406120.1563;5862260.5;-4269.013184
406180.4688;5862260.5;-4269.390625
406240.75;5862260.5;-4269.838379
406301.0625;5862260.5;-4270.501953
406361.375;5862260.5;-4271.495117
406421.6563;5862260.5;-4272.686523
406481.9688;5862260.5;-4273.973633
406542.25;5862260.5;-4275.216309
406602.5625;5862260.5;-4276.118164
406662.875;5862260.5;-4276.893555
406723.1563;5862260.5;-4277.708008
406783.4688;5862260.5;-4278.686523
406843.7813;5862260.5;-4279.999512
406904.0625;5862260.5;-4279.029297
406964.375;5862260.5;-4281.285645
407024.6563;5862260.5;-4283.660645
407084.9688;5862260.5;-4285.814453
407145.2813;5862260.5;-4287.007324
407205.5625;5862260.5;-4286.869141
407265.875;5862260.5;-4285.724121
407326.1875;5862260.5;-4284.745605
407386.4688;5862260.5;-4284.196777
407446.7813;5862260.5;-4284.091797
407507.0625;5862260.5;-4284.38623
407567.375;5862260.5;-4284.960449
407627.6875;5862260.5;-4285.634277
407687.9688;5862260.5;-4286.333496
407748.2813;5862260.5;-4286.992676
407808.5938;5862260.5;-4287.597168
407868.875;5862260.5;-4288.166504
407929.1875;5862260.5;-4288.692383
407989.4688;5862260.5;-4289.19873
408049.7813;5862260.5;-4289.697754
408110.0938;5862260.5;-4290.171387
408170.375;5862260.5;-4290.625
408230.6875;5862260.5;-4291.064453
408291;5862260.5;-4291.474609
408351.2813;5862260.5;-4291.861816
408411.5938;5862260.5;-4292.234375
408471.875;5862260.5;-4292.583984
408532.1875;5862260.5;-4292.897461
408592.5;5862260.5;-4293.185059
408652.7813;5862260.5;-4293.450195
408713.0938;5862260.5;-4293.69043
408773.4063;5862260.5;-4293.898438
408833.6875;5862260.5;-4294.078613
408894;5862260.5;-4294.237305
408954.2813;5862260.5;-4294.373535
409014.5938;5862260.5;-4294.480469
409074.9063;5862260.5;-4294.569336
409135.1875;5862260.5;-4294.635254
409195.5;5862260.5;-4294.678711
409255.8125;5862260.5;-4294.708984
409316.0938;5862260.5;-4294.722168
409376.4063;5862260.5;-4294.719727
401356.4063;5862321;-4251.827148
401416.6875;5862321;-4251.356445
401477;5862321;-4250.87793
401537.3125;5862321;-4250.388184
401597.5938;5862321;-4249.867188
401657.9063;5862321;-4249.320313
401718.2188;5862321;-4248.750488
401778.5;5862321;-4248.151855
401838.8125;5862321;-4247.530273
401899.0938;5862321;-4246.894043
401959.4063;5862321;-4246.247559
402019.7188;5862321;-4245.592773
402080;5862321;-4244.938477
402140.3125;5862321;-4244.294922
402200.625;5862321;-4243.664551
402260.9063;5862321;-4243.054688
402321.2188;5862321;-4242.490234
402381.5;5862321;-4241.964355
402441.8125;5862321;-4241.469727
402502.125;5862321;-4241.022461
402562.4063;5862321;-4240.647461
402622.7188;5862321;-4240.34082
402683.0313;5862321;-4240.106445
402743.3125;5862321;-4239.944824
402803.625;5862321;-4239.838379
402863.9063;5862321;-4239.783691
402924.2188;5862321;-4239.802734
402984.5313;5862321;-4239.875977
403044.8125;5862321;-4240.000488
403105.125;5862321;-4240.178711
403165.4375;5862321;-4240.366211
403225.7188;5862321;-4240.557129
403286.0313;5862321;-4240.759277
403346.3125;5862321;-4240.941406
403406.625;5862321;-4241.098633
403466.9375;5862321;-4246.733887
403527.2188;5862321;-4251.929688
403587.5313;5862321;-4251.932129
403647.8438;5862321;-4251.839355
403708.125;5862321;-4251.694336
403768.4375;5862321;-4251.504883
403828.7188;5862321;-4251.234375
403889.0313;5862321;-4250.912109
403949.3438;5862321;-4250.541016
404009.625;5862321;-4250.086426
404069.9375;5862321;-4249.593262
404130.25;5862321;-4238.631348
404190.5313;5862321;-4238.225586
404250.8438;5862321;-4237.842285
404311.125;5862321;-4237.505859
404371.4375;5862321;-4237.229004
404431.75;5862321;-4237.028809
404492.0313;5862321;-4236.92041
404552.3438;5862321;-4236.884766
404612.625;5862321;-4238.212402
404672.9375;5862321;-4238.314453
404733.25;5862321;-4238.570801
404793.5313;5862321;-4238.951172
404853.8438;5862321;-4239.467285
404914.1563;5862321;-4240.15332
404974.4375;5862321;-4241.009766
405034.75;5862321;-4248.896973
405095.0313;5862321;-4250.009277
405155.3438;5862321;-4251.245117
405215.6563;5862321;-4252.543945
405275.9375;5862321;-4253.854004
405336.25;5862321;-4255.095215
405396.5625;5862321;-4257.936035
405456.8438;5862321;-4259.222656
405517.1563;5862321;-4260.308105
405577.4375;5862321;-4261.286621
405637.75;5862321;-4262.146973
405698.0625;5862321;-4262.87207
405758.3438;5862321;-4263.566895
405818.6563;5862321;-4264.256836
405878.9688;5862321;-4264.924805
405939.25;5862321;-4265.54248
405999.5625;5862321;-4266.07666
406059.8438;5862321;-4266.488281
406120.1563;5862321;-4266.729004
406180.4688;5862321;-4266.816895
406240.75;5862321;-4266.851563
406301.0625;5862321;-4267.005371
406361.375;5862321;-4267.44873
406421.6563;5862321;-4268.136719
406481.9688;5862321;-4269.01709
406542.25;5862321;-4270.017578
406602.5625;5862321;-4271
406662.875;5862321;-4272.007324
406723.1563;5862321;-4273.094727
406783.4688;5862321;-4274.328125
406843.7813;5862321;-4275.853516
406904.0625;5862321;-4274.929688
406964.375;5862321;-4277.214355
407024.6563;5862321;-4279.577637
407084.9688;5862321;-4281.715332
407145.2813;5862321;-4282.930176
407205.5625;5862321;-4282.578125
407265.875;5862321;-4280.991699
407326.1875;5862321;-4279.931641
407386.4688;5862321;-4279.636719
407446.7813;5862321;-4279.84668
407507.0625;5862321;-4280.460938
407567.375;5862321;-4281.300293
407627.6875;5862321;-4282.188477
407687.9688;5862321;-4283.06543
407748.2813;5862321;-4283.86377
407808.5938;5862321;-4284.572754
407868.875;5862321;-4285.227051
407929.1875;5862321;-4285.826172
407989.4688;5862321;-4286.399902
408049.7813;5862321;-4286.960449
408110.0938;5862321;-4287.490723
408170.375;5862321;-4287.997559
408230.6875;5862321;-4288.486328
408291;5862321;-4288.941406
408351.2813;5862321;-4289.369629
408411.5938;5862321;-4289.782715
408471.875;5862321;-4290.171387
408532.1875;5862321;-4290.520508
408592.5;5862321;-4290.842285
408652.7813;5862321;-4291.13916
408713.0938;5862321;-4291.408691
408773.4063;5862321;-4291.64502
408833.6875;5862321;-4291.852051
408894;5862321;-4292.034668
408954.2813;5862321;-4292.194336
409014.5938;5862321;-4292.323242
409074.9063;5862321;-4292.432617
409135.1875;5862321;-4292.51709
409195.5;5862321;-4292.578125
409255.8125;5862321;-4292.623535
409316.0938;5862321;-4292.651367
409376.4063;5862321;-4292.661621
401356.4063;5862381.5;-4251.579102
401416.6875;5862381.5;-4251.067383
401477;5862381.5;-4250.544922
401537.3125;5862381.5;-4250.007813
401597.5938;5862381.5;-4249.432129
401657.9063;5862381.5;-4248.82666
401718.2188;5862381.5;-4248.192871
401778.5;5862381.5;-4247.525879
401838.8125;5862381.5;-4246.828613
401899.0938;5862381.5;-4246.113281
401959.4063;5862381.5;-4245.384766
402019.7188;5862381.5;-4244.644043
402080;5862381.5;-4243.901855
402140.3125;5862381.5;-4243.17041
402200.625;5862381.5;-4242.452148
402260.9063;5862381.5;-4241.754883
402321.2188;5862381.5;-4241.107422
402381.5;5862381.5;-4240.502441
402441.8125;5862381.5;-4239.931641
402502.125;5862381.5;-4239.414551
402562.4063;5862381.5;-4238.978027
402622.7188;5862381.5;-4238.621094
402683.0313;5862381.5;-4238.347656
402743.3125;5862381.5;-4238.158203
402803.625;5862381.5;-4238.03418
402863.9063;5862381.5;-4237.972656
402924.2188;5862381.5;-4237.995117
402984.5313;5862381.5;-4238.084473
403044.8125;5862381.5;-4238.236816
403105.125;5862381.5;-4238.450195
403165.4375;5862381.5;-4238.676758
403225.7188;5862381.5;-4238.908203
403286.0313;5862381.5;-4239.150879
403346.3125;5862381.5;-4239.37207
403406.625;5862381.5;-4239.565918
403466.9375;5862381.5;-4250.457031
403527.2188;5862381.5;-4250.520508
403587.5313;5862381.5;-4250.53125
403647.8438;5862381.5;-4250.437988
403708.125;5862381.5;-4250.289063
403768.4375;5862381.5;-4250.09082
403828.7188;5862381.5;-4249.803223
403889.0313;5862381.5;-4249.456055
403949.3438;5862381.5;-4249.048828
404009.625;5862381.5;-4248.540039
404069.9375;5862381.5;-4247.979492
404130.25;5862381.5;-4247.393555
404190.5313;5862381.5;-4236.520508
404250.8438;5862381.5;-4236.050293
404311.125;5862381.5;-4235.61377
404371.4375;5862381.5;-4235.228027
404431.75;5862381.5;-4234.915039
404492.0313;5862381.5;-4234.69043
404552.3438;5862381.5;-4234.537598
404612.625;5862381.5;-4236.061035
404672.9375;5862381.5;-4236.04834
404733.25;5862381.5;-4236.195801
404793.5313;5862381.5;-4236.477051
404853.8438;5862381.5;-4236.899902
404914.1563;5862381.5;-4237.50293
404974.4375;5862381.5;-4238.292969
405034.75;5862381.5;-4246.262695
405095.0313;5862381.5;-4247.239258
405155.3438;5862381.5;-4248.367188
405215.6563;5862381.5;-4249.580078
405275.9375;5862381.5;-4250.821289
405336.25;5862381.5;-4252.002441
405396.5625;5862381.5;-4255.244141
405456.8438;5862381.5;-4256.530273
405517.1563;5862381.5;-4257.618164
405577.4375;5862381.5;-4258.612793
405637.75;5862381.5;-4259.508301
405698.0625;5862381.5;-4260.285645
405758.3438;5862381.5;-4261.046875
405818.6563;5862381.5;-4261.814941
405878.9688;5862381.5;-4262.573242
405939.25;5862381.5;-4263.256836
405999.5625;5862381.5;-4263.818359
406059.8438;5862381.5;-4264.206055
406120.1563;5862381.5;-4264.347168
406180.4688;5862381.5;-4264.228516
406240.75;5862381.5;-4263.94873
406301.0625;5862381.5;-4263.643066
406361.375;5862381.5;-4263.520508
406421.6563;5862381.5;-4263.663086
406481.9688;5862381.5;-4264.088867
406542.25;5862381.5;-4264.800781
406602.5625;5862381.5;-4265.782227
406662.875;5862381.5;-4266.951172
406723.1563;5862381.5;-4268.259277
406783.4688;5862381.5;-4269.73291
406843.7813;5862381.5;-4268.398438
406904.0625;5862381.5;-4270.512695
406964.375;5862381.5;-4272.712402
407024.6563;5862381.5;-4274.901855
407084.9688;5862381.5;-4276.807129
407145.2813;5862381.5;-4277.894043
407205.5625;5862381.5;-4277.555664
407265.875;5862381.5;-4276.039551
407326.1875;5862381.5;-4275.227539
407386.4688;5862381.5;-4275.341797
407446.7813;5862381.5;-4275.891113
407507.0625;5862381.5;-4276.784668
407567.375;5862381.5;-4277.841309
407627.6875;5862381.5;-4278.904297
407687.9688;5862381.5;-4279.924805
407748.2813;5862381.5;-4280.837402
407808.5938;5862381.5;-4281.632813
407868.875;5862381.5;-4282.362305
407929.1875;5862381.5;-4283.028809
407989.4688;5862381.5;-4283.664551
408049.7813;5862381.5;-4284.28418
408110.0938;5862381.5;-4284.869141
408170.375;5862381.5;-4285.426758
408230.6875;5862381.5;-4285.961426
408291;5862381.5;-4286.458984
408351.2813;5862381.5;-4286.927734
408411.5938;5862381.5;-4287.379883
408471.875;5862381.5;-4287.805176
408532.1875;5862381.5;-4288.1875
408592.5;5862381.5;-4288.541016
408652.7813;5862381.5;-4288.867676
408713.0938;5862381.5;-4289.166504
408773.4063;5862381.5;-4289.429688
408833.6875;5862381.5;-4289.661621
408894;5862381.5;-4289.867676
408954.2813;5862381.5;-4290.049805
409014.5938;5862381.5;-4290.199707
409074.9063;5862381.5;-4290.328125
409135.1875;5862381.5;-4290.430664
409195.5;5862381.5;-4290.507813
409255.8125;5862381.5;-4290.568359
409316.0938;5862381.5;-4290.609863
409376.4063;5862381.5;-4290.633301
401356.4063;5862442.5;-4251.32373
401416.6875;5862442.5;-4250.772949
401477;5862442.5;-4250.207031
401537.3125;5862442.5;-4249.621094
401597.5938;5862442.5;-4248.991211
401657.9063;5862442.5;-4248.32666
401718.2188;5862442.5;-4247.62793
401778.5;5862442.5;-4246.889648
401838.8125;5862442.5;-4246.115234
401899.0938;5862442.5;-4245.320313
401959.4063;5862442.5;-4244.506348
402019.7188;5862442.5;-4243.677734
402080;5862442.5;-4242.844727
402140.3125;5862442.5;-4242.020996
402200.625;5862442.5;-4241.211426
402260.9063;5862442.5;-4240.423828
402321.2188;5862442.5;-4239.69043
402381.5;5862442.5;-4239.002441
402441.8125;5862442.5;-4238.353027
402502.125;5862442.5;-4237.762695
402562.4063;5862442.5;-4237.262207
402622.7188;5862442.5;-4236.853027
402683.0313;5862442.5;-4236.539063
402743.3125;5862442.5;-4236.321777
402803.625;5862442.5;-4236.183105
402863.9063;5862442.5;-4236.115723
402924.2188;5862442.5;-4236.146484
402984.5313;5862442.5;-4236.258301
403044.8125;5862442.5;-4236.445801
403105.125;5862442.5;-4236.70166
403165.4375;5862442.5;-4236.974609
403225.7188;5862442.5;-4237.254395
403286.0313;5862442.5;-4237.544922
403346.3125;5862442.5;-4237.811523
403406.625;5862442.5;-4248.868652
403466.9375;5862442.5;-4249.014648
403527.2188;5862442.5;-4249.095703
403587.5313;5862442.5;-4249.117676
403647.8438;5862442.5;-4249.028809
403708.125;5862442.5;-4248.878418
403768.4375;5862442.5;-4248.672852
403828.7188;5862442.5;-4248.370117
403889.0313;5862442.5;-4247.999512
403949.3438;5862442.5;-4247.557129
404009.625;5862442.5;-4246.992188
404069.9375;5862442.5;-4246.360352
404130.25;5862442.5;-4245.690918
404190.5313;5862442.5;-4244.918457
404250.8438;5862442.5;-4244.07959
404311.125;5862442.5;-4233.738281
404371.4375;5862442.5;-4233.229004
404431.75;5862442.5;-4232.784668
404492.0313;5862442.5;-4232.428711
404552.3438;5862442.5;-4232.142578
404612.625;5862442.5;-4231.932129
404672.9375;5862442.5;-4233.804199
404733.25;5862442.5;-4233.835938
404793.5313;5862442.5;-4234.000488
404853.8438;5862442.5;-4234.314941
404914.1563;5862442.5;-4234.813965
404974.4375;5862442.5;-4235.494629
405034.75;5862442.5;-4236.270508
405095.0313;5862442.5;-4244.277344
405155.3438;5862442.5;-4245.299805
405215.6563;5862442.5;-4246.432129
405275.9375;5862442.5;-4247.611816
405336.25;5862442.5;-4248.751465
405396.5625;5862442.5;-4252.444336
405456.8438;5862442.5;-4253.746582
405517.1563;5862442.5;-4254.84668
405577.4375;5862442.5;-4255.862305
405637.75;5862442.5;-4256.789551
405698.0625;5862442.5;-4257.601563
405758.3438;5862442.5;-4258.402344
405818.6563;5862442.5;-4259.209961
405878.9688;5862442.5;-4260.007324
405939.25;5862442.5;-4260.699219
405999.5625;5862442.5;-4261.240723
406059.8438;5862442.5;-4261.586914
406120.1563;5862442.5;-4261.67334
406180.4688;5862442.5;-4261.398926
406240.75;5862442.5;-4260.830566
406301.0625;5862442.5;-4260.121582
406361.375;5862442.5;-4259.489258
406421.6563;5862442.5;-4259.114746
406481.9688;5862442.5;-4259.099609
406542.25;5862442.5;-4259.521973
406602.5625;5862442.5;-4260.478027
406662.875;5862442.5;-4261.777832
406723.1563;5862442.5;-4263.274414
406783.4688;5862442.5;-4261.833496
406843.7813;5862442.5;-4263.883789
406904.0625;5862442.5;-4265.989258
406964.375;5862442.5;-4268.071289
407024.6563;5862442.5;-4270.054688
407084.9688;5862442.5;-4271.671875
407145.2813;5862442.5;-4272.55127
407205.5625;5862442.5;-4272.465332
407265.875;5862442.5;-4271.567871
407326.1875;5862442.5;-4271.188477
407386.4688;5862442.5;-4271.561523
407446.7813;5862442.5;-4272.310059
407507.0625;5862442.5;-4273.380859
407567.375;5862442.5;-4274.58252
407627.6875;5862442.5;-4275.764648
407687.9688;5862442.5;-4276.887207
407748.2813;5862442.5;-4277.882324
407808.5938;5862442.5;-4278.749512
407868.875;5862442.5;-4279.54541
407929.1875;5862442.5;-4280.272461
407989.4688;5862442.5;-4280.967773
408049.7813;5862442.5;-4281.644043
408110.0938;5862442.5;-4282.281738
408170.375;5862442.5;-4282.888184
408230.6875;5862442.5;-4283.46875
408291;5862442.5;-4284.008789
408351.2813;5862442.5;-4284.517578
408411.5938;5862442.5;-4285.006836
408471.875;5862442.5;-4285.467773
408532.1875;5862442.5;-4285.884277
408592.5;5862442.5;-4286.269043
408652.7813;5862442.5;-4286.625977
408713.0938;5862442.5;-4286.952148
408773.4063;5862442.5;-4287.242676
408833.6875;5862442.5;-4287.499512
408894;5862442.5;-4287.72998
408954.2813;5862442.5;-4287.933594
409014.5938;5862442.5;-4288.104492
409074.9063;5862442.5;-4288.251953
409135.1875;5862442.5;-4288.372559
409195.5;5862442.5;-4288.466309
409255.8125;5862442.5;-4288.543457
409316.0938;5862442.5;-4288.599121
409376.4063;5862442.5;-4288.635742
401356.4063;5862503;-4251.066406
401416.6875;5862503;-4250.475098
401477;5862503;-4249.866211
401537.3125;5862503;-4249.231934
401597.5938;5862503;-4248.547852
401657.9063;5862503;-4247.822754
401718.2188;5862503;-4247.058105
401778.5;5862503;-4246.248047
401838.8125;5862503;-4245.395996
401899.0938;5862503;-4244.51709
401959.4063;5862503;-4243.616699
402019.7188;5862503;-4242.696289
402080;5862503;-4241.769043
402140.3125;5862503;-4240.850586
402200.625;5862503;-4239.945801
402260.9063;5862503;-4239.063965
402321.2188;5862503;-4238.239746
402381.5;5862503;-4237.465332
402441.8125;5862503;-4236.733398
402502.125;5862503;-4236.065918
402562.4063;5862503;-4235.498535
402622.7188;5862503;-4235.034668
402683.0313;5862503;-4234.678223
402743.3125;5862503;-4234.43457
402803.625;5862503;-4234.280273
402863.9063;5862503;-4234.210449
402924.2188;5862503;-4234.253418
402984.5313;5862503;-4234.394043
403044.8125;5862503;-4234.624512
403105.125;5862503;-4234.932129
403165.4375;5862503;-4235.259766
403225.7188;5862503;-4235.595703
403286.0313;5862503;-4235.942871
403346.3125;5862503;-4247.105957
403406.625;5862503;-4247.380859
403466.9375;5862503;-4247.554688
403527.2188;5862503;-4247.657227
403587.5313;5862503;-4247.695313
403647.8438;5862503;-4247.612793
403708.125;5862503;-4247.463867
403768.4375;5862503;-4247.255371
403828.7188;5862503;-4246.939941
403889.0313;5862503;-4246.547852
403949.3438;5862503;-4246.072266
404009.625;5862503;-4245.450195
404069.9375;5862503;-4244.744141
404130.25;5862503;-4243.984863
404190.5313;5862503;-4243.098145
404250.8438;5862503;-4242.113281
404311.125;5862503;-4241.126465
404371.4375;5862503;-4231.240234
404431.75;5862503;-4230.647461
404492.0313;5862503;-4230.143066
404552.3438;5862503;-4229.706543
404612.625;5862503;-4229.345703
404672.9375;5862503;-4229.137695
404733.25;5862503;-4231.5
404793.5313;5862503;-4231.530273
404853.8438;5862503;-4231.717285
404914.1563;5862503;-4232.087402
404974.4375;5862503;-4232.609375
405034.75;5862503;-4233.240234
405095.0313;5862503;-4233.94043
405155.3438;5862503;-4242.04834
405215.6563;5862503;-4243.105957
405275.9375;5862503;-4244.234863
405336.25;5862503;-4245.350098
405396.5625;5862503;-4249.550293
405456.8438;5862503;-4250.88623
405517.1563;5862503;-4252.009766
405577.4375;5862503;-4253.052246
405637.75;5862503;-4254.004395
405698.0625;5862503;-4254.827637
405758.3438;5862503;-4255.629883
405818.6563;5862503;-4256.421875
405878.9688;5862503;-4257.186523
405939.25;5862503;-4257.792969
405999.5625;5862503;-4258.225586
406059.8438;5862503;-4258.485352
406120.1563;5862503;-4258.544922
406180.4688;5862503;-4258.17334
406240.75;5862503;-4257.353516
406301.0625;5862503;-4256.314941
406361.375;5862503;-4255.259277
406421.6563;5862503;-4254.42627
406481.9688;5862503;-4254.010254
406542.25;5862503;-4254.158203
406602.5625;5862503;-4255.089844
406662.875;5862503;-4256.520508
406723.1563;5862503;-4255.136719
406783.4688;5862503;-4257.202637
406843.7813;5862503;-4259.340332
406904.0625;5862503;-4261.439453
406964.375;5862503;-4263.429688
407024.6563;5862503;-4265.269043
407084.9688;5862503;-4266.741699
407145.2813;5862503;-4267.631836
407205.5625;5862503;-4267.943359
407265.875;5862503;-4267.765137
407326.1875;5862503;-4267.801758
407386.4688;5862503;-4268.28125
407446.7813;5862503;-4269.114746
407507.0625;5862503;-4270.268555
407567.375;5862503;-4271.536621
407627.6875;5862503;-4272.777832
407687.9688;5862503;-4273.956543
407748.2813;5862503;-4275.004395
407808.5938;5862503;-4275.925781
407868.875;5862503;-4276.778809
407929.1875;5862503;-4277.5625
407989.4688;5862503;-4278.3125
408049.7813;5862503;-4279.041504
408110.0938;5862503;-4279.730957
408170.375;5862503;-4280.384766
408230.6875;5862503;-4281.009766
408291;5862503;-4281.59082
408351.2813;5862503;-4282.138184
408411.5938;5862503;-4282.665527
408471.875;5862503;-4283.162598
408532.1875;5862503;-4283.610352
408592.5;5862503;-4284.026855
408652.7813;5862503;-4284.412598
408713.0938;5862503;-4284.767578
408773.4063;5862503;-4285.083984
408833.6875;5862503;-4285.366699
408894;5862503;-4285.620605
408954.2813;5862503;-4285.84668
409014.5938;5862503;-4286.038574
409074.9063;5862503;-4286.205566
409135.1875;5862503;-4286.344238
409195.5;5862503;-4286.456055
409255.8125;5862503;-4286.54834
409316.0938;5862503;-4286.619141
409376.4063;5862503;-4286.67041
401356.4063;5862563.5;-4250.807617
401416.6875;5862563.5;-4250.177246
401477;5862563.5;-4249.524902
401537.3125;5862563.5;-4248.844238
401597.5938;5862563.5;-4248.106445
401657.9063;5862563.5;-4247.321289
401718.2188;5862563.5;-4246.490234
401778.5;5862563.5;-4245.606934
401838.8125;5862563.5;-4244.673828
401899.0938;5862563.5;-4243.708984
401959.4063;5862563.5;-4242.717773
402019.7188;5862563.5;-4241.702148
402080;5862563.5;-4240.675293
402140.3125;5862563.5;-4239.656738
402200.625;5862563.5;-4238.650879
402260.9063;5862563.5;-4237.667969
402321.2188;5862563.5;-4236.745605
402381.5;5862563.5;-4235.87793
402441.8125;5862563.5;-4235.055664
402502.125;5862563.5;-4234.303711
402562.4063;5862563.5;-4233.661621
402622.7188;5862563.5;-4233.137207
402683.0313;5862563.5;-4232.73584
402743.3125;5862563.5;-4232.461426
402803.625;5862563.5;-4232.293945
402863.9063;5862563.5;-4232.225586
402924.2188;5862563.5;-4232.286133
402984.5313;5862563.5;-4232.462891
403044.8125;5862563.5;-4232.748535
403105.125;5862563.5;-4233.120117
403165.4375;5862563.5;-4233.517578
403225.7188;5862563.5;-4233.924316
403286.0313;5862563.5;-4234.339844
403346.3125;5862563.5;-4245.589355
403406.625;5862563.5;-4245.912109
403466.9375;5862563.5;-4246.124512
403527.2188;5862563.5;-4246.254883
403587.5313;5862563.5;-4246.314941
403647.8438;5862563.5;-4246.244629
403708.125;5862563.5;-4246.103027
403768.4375;5862563.5;-4245.897949
403828.7188;5862563.5;-4245.576172
403889.0313;5862563.5;-4245.169922
403949.3438;5862563.5;-4244.666992
404009.625;5862563.5;-4243.991211
404069.9375;5862563.5;-4243.210938
404130.25;5862563.5;-4242.359863
404190.5313;5862563.5;-4241.350098
404250.8438;5862563.5;-4240.20459
404311.125;5862563.5;-4239.034668
404371.4375;5862563.5;-4237.842285
404431.75;5862563.5;-4228.516602
404492.0313;5862563.5;-4227.844238
404552.3438;5862563.5;-4227.242676
404612.625;5862563.5;-4226.717285
404672.9375;5862563.5;-4226.35498
404733.25;5862563.5;-4226.128418
404793.5313;5862563.5;-4228.975098
404853.8438;5862563.5;-4229.025879
404914.1563;5862563.5;-4229.257813
404974.4375;5862563.5;-4229.610352
405034.75;5862563.5;-4230.084961
405095.0313;5862563.5;-4230.653809
405155.3438;5862563.5;-4231.227539
405215.6563;5862563.5;-4239.676758
405275.9375;5862563.5;-4240.766602
405336.25;5862563.5;-4245.217773
405396.5625;5862563.5;-4246.628906
405456.8438;5862563.5;-4248.023926
405517.1563;5862563.5;-4249.192383
405577.4375;5862563.5;-4250.274414
405637.75;5862563.5;-4251.240234
405698.0625;5862563.5;-4252.041992
405758.3438;5862563.5;-4252.791016
405818.6563;5862563.5;-4253.48877
405878.9688;5862563.5;-4254.099121
405939.25;5862563.5;-4254.449219
405999.5625;5862563.5;-4254.585938
406059.8438;5862563.5;-4254.560547
406120.1563;5862563.5;-4254.437988
406180.4688;5862563.5;-4254.043945
406240.75;5862563.5;-4253.220703
406301.0625;5862563.5;-4252.099121
406361.375;5862563.5;-4250.798828
406421.6563;5862563.5;-4249.62793
406481.9688;5862563.5;-4248.870117
406542.25;5862563.5;-4248.76416
406602.5625;5862563.5;-4249.693359
406662.875;5862563.5;-4248.39209
406723.1563;5862563.5;-4250.445313
406783.4688;5862563.5;-4252.640625
406843.7813;5862563.5;-4254.856445
406904.0625;5862563.5;-4256.976563
406964.375;5862563.5;-4258.946289
407024.6563;5862563.5;-4260.745117
407084.9688;5862563.5;-4262.212402
407145.2813;5862563.5;-4263.249023
407205.5625;5862563.5;-4263.918945
407265.875;5862563.5;-4264.271973
407326.1875;5862563.5;-4264.694336
407386.4688;5862563.5;-4265.366211
407446.7813;5862563.5;-4266.305176
407507.0625;5862563.5;-4267.489258
407567.375;5862563.5;-4268.750488
407627.6875;5862563.5;-4269.989746
407687.9688;5862563.5;-4271.178711
407748.2813;5862563.5;-4272.246094
407808.5938;5862563.5;-4273.203613
407868.875;5862563.5;-4274.102539
407929.1875;5862563.5;-4274.93457
407989.4688;5862563.5;-4275.733887
408049.7813;5862563.5;-4276.512207
408110.0938;5862563.5;-4277.24707
408170.375;5862563.5;-4277.944824
408230.6875;5862563.5;-4278.611816
408291;5862563.5;-4279.230957
408351.2813;5862563.5;-4279.813965
408411.5938;5862563.5;-4280.376953
408471.875;5862563.5;-4280.906738
408532.1875;5862563.5;-4281.385254
408592.5;5862563.5;-4281.830566
408652.7813;5862563.5;-4282.244629
408713.0938;5862563.5;-4282.625977
408773.4063;5862563.5;-4282.968262
408833.6875;5862563.5;-4283.273926
408894;5862563.5;-4283.550293
408954.2813;5862563.5;-4283.797852
409014.5938;5862563.5;-4284.009766
409074.9063;5862563.5;-4284.195313
409135.1875;5862563.5;-4284.352539
409195.5;5862563.5;-4284.480469
409255.8125;5862563.5;-4284.586914
409316.0938;5862563.5;-4284.67334
409376.4063;5862563.5;-4284.739258
401356.4063;5862624;-4250.561035
401416.6875;5862624;-4249.895996
401477;5862624;-4249.203613
401537.3125;5862624;-4248.477539
401597.5938;5862624;-4247.687988
401657.9063;5862624;-4246.843262
401718.2188;5862624;-4245.946777
401778.5;5862624;-4244.989746
401838.8125;5862624;-4243.974609
401899.0938;5862624;-4242.921875
401959.4063;5862624;-4241.835938
402019.7188;5862624;-4240.719727
402080;5862624;-4239.586914
402140.3125;5862624;-4238.460449
402200.625;5862624;-4237.345215
402260.9063;5862624;-4236.25293
402321.2188;5862624;-4235.224609
402381.5;5862624;-4234.253418
402441.8125;5862624;-4233.331543
402502.125;5862624;-4232.484375
402562.4063;5862624;-4231.758789
402622.7188;5862624;-4231.165039
402683.0313;5862624;-4230.710938
402743.3125;5862624;-4230.402832
402803.625;5862624;-4230.221191
402863.9063;5862624;-4230.156738
402924.2188;5862624;-4230.241699
402984.5313;5862624;-4230.467285
403044.8125;5862624;-4230.822754
403105.125;5862624;-4231.276367
403165.4375;5862624;-4231.760254
403225.7188;5862624;-4232.256348
403286.0313;5862624;-4243.621094
403346.3125;5862624;-4244.055176
403406.625;5862624;-4244.441406
403466.9375;5862624;-4244.70459
403527.2188;5862624;-4244.872559
403587.5313;5862624;-4244.961426
403647.8438;5862624;-4244.910156
403708.125;5862624;-4244.781738
403768.4375;5862624;-4244.586914
403828.7188;5862624;-4244.267578
403889.0313;5862624;-4243.857422
403949.3438;5862624;-4243.336426
404009.625;5862624;-4242.614746
404069.9375;5862624;-4241.76416
404130.25;5862624;-4240.820313
404190.5313;5862624;-4239.680664
404250.8438;5862624;-4238.35791
404311.125;5862624;-4236.98291
404371.4375;5862624;-4235.563965
404431.75;5862624;-4234.150879
404492.0313;5862624;-4225.576172
404552.3438;5862624;-4224.791504
404612.625;5862624;-4224.090332
404672.9375;5862624;-4223.564941
404733.25;5862624;-4223.183594
404793.5313;5862624;-4222.852539
404853.8438;5862624;-4226.371582
404914.1563;5862624;-4226.459961
404974.4375;5862624;-4226.654785
405034.75;5862624;-4226.988281
405095.0313;5862624;-4227.438965
405155.3438;5862624;-4227.951172
405215.6563;5862624;-4228.681641
405275.9375;5862624;-4237.174805
405336.25;5862624;-4242.083008
405396.5625;5862624;-4243.564941
405456.8438;5862624;-4245.051758
405517.1563;5862624;-4246.287598
405577.4375;5862624;-4247.416016
405637.75;5862624;-4248.369629
405698.0625;5862624;-4249.100098
405758.3438;5862624;-4249.728516
405818.6563;5862624;-4250.240723
405878.9688;5862624;-4250.580078
405939.25;5862624;-4250.48291
405999.5625;5862624;-4250.089844
406059.8438;5862624;-4249.535645
406120.1563;5862624;-4249.061523
406180.4688;5862624;-4248.766113
406240.75;5862624;-4248.275879
406301.0625;5862624;-4247.430176
406361.375;5862624;-4246.167969
406421.6563;5862624;-4244.83252
406481.9688;5862624;-4243.774902
406542.25;5862624;-4243.486816
406602.5625;5862624;-4244.541504
406662.875;5862624;-4243.841309
406723.1563;5862624;-4246.053711
406783.4688;5862624;-4248.357422
406843.7813;5862624;-4250.620117
406904.0625;5862624;-4252.759766
406964.375;5862624;-4254.741699
407024.6563;5862624;-4256.568848
407084.9688;5862624;-4258.102539
407145.2813;5862624;-4259.305664
407205.5625;5862624;-4260.269531
407265.875;5862624;-4260.991699
407326.1875;5862624;-4261.719727
407386.4688;5862624;-4262.593262
407446.7813;5862624;-4263.635742
407507.0625;5862624;-4264.839844
407567.375;5862624;-4266.083984
407627.6875;5862624;-4267.311035
407687.9688;5862624;-4268.499512
407748.2813;5862624;-4269.57959
407808.5938;5862624;-4270.568848
407868.875;5862624;-4271.509277
407929.1875;5862624;-4272.385742
407989.4688;5862624;-4273.230957
408049.7813;5862624;-4274.053711
408110.0938;5862624;-4274.831543
408170.375;5862624;-4275.569824
408230.6875;5862624;-4276.273926
408291;5862624;-4276.928223
408351.2813;5862624;-4277.545898
408411.5938;5862624;-4278.141602
408471.875;5862624;-4278.702637
408532.1875;5862624;-4279.209961
408592.5;5862624;-4279.683105
408652.7813;5862624;-4280.124512
408713.0938;5862624;-4280.530762
408773.4063;5862624;-4280.895996
408833.6875;5862624;-4281.225586
408894;5862624;-4281.523438
408954.2813;5862624;-4281.792969
409014.5938;5862624;-4282.023926
409074.9063;5862624;-4282.227539
409135.1875;5862624;-4282.401855
409195.5;5862624;-4282.546387
409255.8125;5862624;-4282.667969
409316.0938;5862624;-4282.768066
409376.4063;5862624;-4282.847168
401356.4063;5862685;-4250.333496
401416.6875;5862685;-4249.635254
401477;5862685;-4248.905762
401537.3125;5862685;-4248.137695
401597.5938;5862685;-4247.29834
401657.9063;5862685;-4246.396973
401718.2188;5862685;-4245.436035
401778.5;5862685;-4244.40625
401838.8125;5862685;-4243.308594
401899.0938;5862685;-4242.165039
401959.4063;5862685;-4240.982422
402019.7188;5862685;-4239.761719
402080;5862685;-4238.518066
402140.3125;5862685;-4237.278809
402200.625;5862685;-4236.049316
402260.9063;5862685;-4234.84082
402321.2188;5862685;-4233.698242
402381.5;5862685;-4232.617676
402441.8125;5862685;-4231.588379
402502.125;5862685;-4230.638184
402562.4063;5862685;-4229.819336
402622.7188;5862685;-4229.150391
402683.0313;5862685;-4228.638184
402743.3125;5862685;-4228.291504
402803.625;5862685;-4228.095703
402863.9063;5862685;-4228.036133
402924.2188;5862685;-4228.149902
402984.5313;5862685;-4228.433105
403044.8125;5862685;-4228.872559
403105.125;5862685;-4229.420898
403165.4375;5862685;-4230.007324
403225.7188;5862685;-4237.741699
403286.0313;5862685;-4241.970703
403346.3125;5862685;-4242.491211
403406.625;5862685;-4242.954102
403466.9375;5862685;-4243.277832
403527.2188;5862685;-4243.490723
403587.5313;5862685;-4243.613281
403647.8438;5862685;-4243.583008
403708.125;5862685;-4243.471191
403768.4375;5862685;-4243.291504
403828.7188;5862685;-4242.980469
403889.0313;5862685;-4242.572266
403949.3438;5862685;-4242.042969
404009.625;5862685;-4241.282715
404069.9375;5862685;-4240.367188
404130.25;5862685;-4239.332031
404190.5313;5862685;-4238.058594
404250.8438;5862685;-4236.547363
404311.125;5862685;-4234.949707
404371.4375;5862685;-4233.28125
404431.75;5862685;-4231.607422
404492.0313;5862685;-4230.02832
404552.3438;5862685;-4222.374512
404612.625;5862685;-4221.491211
404672.9375;5862685;-4220.800781
404733.25;5862685;-4220.263184
404793.5313;5862685;-4219.776855
404853.8438;5862685;-4223.837402
404914.1563;5862685;-4223.782227
404974.4375;5862685;-4223.848633
405034.75;5862685;-4224.068848
405095.0313;5862685;-4224.424805
405155.3438;5862685;-4224.875488
405215.6563;5862685;-4225.595703
405275.9375;5862685;-4226.506836
405336.25;5862685;-4238.726563
405396.5625;5862685;-4240.299805
405456.8438;5862685;-4241.90332
405517.1563;5862685;-4243.21875
405577.4375;5862685;-4244.391602
405637.75;5862685;-4245.296875
405698.0625;5862685;-4245.914551
405758.3438;5862685;-4246.378418
405818.6563;5862685;-4246.669434
405878.9688;5862685;-4246.720215
405939.25;5862685;-4246.102051
405999.5625;5862685;-4245.049805
406059.8438;5862685;-4243.837402
406120.1563;5862685;-4243.021973
406180.4688;5862685;-4242.9375
406240.75;5862685;-4242.930176
406301.0625;5862685;-4242.591309
406361.375;5862685;-4241.578613
406421.6563;5862685;-4240.176758
406481.9688;5862685;-4238.849121
406542.25;5862685;-4238.515137
406602.5625;5862685;-4237.67627
406662.875;5862685;-4239.74707
406723.1563;5862685;-4242.032715
406783.4688;5862685;-4244.366211
406843.7813;5862685;-4246.62793
406904.0625;5862685;-4248.760254
406964.375;5862685;-4250.750977
407024.6563;5862685;-4252.621582
407084.9688;5862685;-4254.240723
407145.2813;5862685;-4255.599609
407205.5625;5862685;-4256.806152
407265.875;5862685;-4257.81543
407326.1875;5862685;-4258.787598
407386.4688;5862685;-4259.835938
407446.7813;5862685;-4260.973633
407507.0625;5862685;-4262.206543
407567.375;5862685;-4263.447266
407627.6875;5862685;-4264.67041
407687.9688;5862685;-4265.864258
407748.2813;5862685;-4266.959473
407808.5938;5862685;-4267.980957
407868.875;5862685;-4268.962891
407929.1875;5862685;-4269.883301
407989.4688;5862685;-4270.771973
408049.7813;5862685;-4271.636719
408110.0938;5862685;-4272.455078
408170.375;5862685;-4273.231445
408230.6875;5862685;-4273.972168
408291;5862685;-4274.661133
408351.2813;5862685;-4275.311523
408411.5938;5862685;-4275.938477
408471.875;5862685;-4276.529785
408532.1875;5862685;-4277.066895
408592.5;5862685;-4277.566895
408652.7813;5862685;-4278.03418
408713.0938;5862685;-4278.465332
408773.4063;5862685;-4278.85498
408833.6875;5862685;-4279.207031
408894;5862685;-4279.526367
408954.2813;5862685;-4279.816895
409014.5938;5862685;-4280.067871
409074.9063;5862685;-4280.290039
409135.1875;5862685;-4280.481934
409195.5;5862685;-4280.643555
409255.8125;5862685;-4280.779785
409316.0938;5862685;-4280.893555
409376.4063;5862685;-4280.987305
401356.4063;5862745.5;-4250.121094
401416.6875;5862745.5;-4249.394531
401477;5862745.5;-4248.629883
401537.3125;5862745.5;-4247.821777
401597.5938;5862745.5;-4246.935547
401657.9063;5862745.5;-4245.980469
401718.2188;5862745.5;-4244.956543
401778.5;5862745.5;-4243.854492
401838.8125;5862745.5;-4242.673828
401899.0938;5862745.5;-4241.437988
401959.4063;5862745.5;-4240.155273
402019.7188;5862745.5;-4238.825684
402080;5862745.5;-4237.46582
402140.3125;5862745.5;-4236.106934
402200.625;5862745.5;-4234.756348
402260.9063;5862745.5;-4233.422852
402321.2188;5862745.5;-4232.157227
402381.5;5862745.5;-4230.956543
402441.8125;5862745.5;-4229.80957
402502.125;5862745.5;-4228.746094
402562.4063;5862745.5;-4227.82373
402622.7188;5862745.5;-4227.068359
402683.0313;5862745.5;-4226.490234
402743.3125;5862745.5;-4226.101563
402803.625;5862745.5;-4225.888672
402863.9063;5862745.5;-4225.835449
402924.2188;5862745.5;-4225.981445
402984.5313;5862745.5;-4226.331055
403044.8125;5862745.5;-4226.868164
403105.125;5862745.5;-4227.527832
403165.4375;5862745.5;-4228.233398
403225.7188;5862745.5;-4239.655762
403286.0313;5862745.5;-4240.333984
403346.3125;5862745.5;-4240.95752
403406.625;5862745.5;-4241.51123
403466.9375;5862745.5;-4241.905762
403527.2188;5862745.5;-4242.170898
403587.5313;5862745.5;-4242.331055
403647.8438;5862745.5;-4242.324707
403708.125;5862745.5;-4242.231934
403768.4375;5862745.5;-4242.070313
403828.7188;5862745.5;-4241.771973
403889.0313;5862745.5;-4241.373535
403949.3438;5862745.5;-4240.844238
404009.625;5862745.5;-4240.052734
404069.9375;5862745.5;-4239.078125
404130.25;5862745.5;-4237.95459
404190.5313;5862745.5;-4236.545898
404250.8438;5862745.5;-4234.833496
404311.125;5862745.5;-4232.991699
404371.4375;5862745.5;-4231.049316
404431.75;5862745.5;-4229.088867
404492.0313;5862745.5;-4227.233887
404552.3438;5862745.5;-4225.527832
404612.625;5862745.5;-4218.885742
404672.9375;5862745.5;-4218.027832
404733.25;5862745.5;-4217.333008
404793.5313;5862745.5;-4216.688965
404853.8438;5862745.5;-4216.230957
404914.1563;5862745.5;-4221.063477
404974.4375;5862745.5;-4220.988281
405034.75;5862745.5;-4221.081055
405095.0313;5862745.5;-4221.33252
405155.3438;5862745.5;-4221.71875
405215.6563;5862745.5;-4222.433594
405275.9375;5862745.5;-4223.386719
405336.25;5862745.5;-4224.740723
405396.5625;5862745.5;-4237.03418
405456.8438;5862745.5;-4238.781738
405517.1563;5862745.5;-4240.202637
405577.4375;5862745.5;-4241.428711
405637.75;5862745.5;-4242.259277
405698.0625;5862745.5;-4242.717285
405758.3438;5862745.5;-4242.979492
405818.6563;5862745.5;-4243.041016
405878.9688;5862745.5;-4242.836914
405939.25;5862745.5;-4241.736816
405999.5625;5862745.5;-4239.900391
406059.8438;5862745.5;-4237.753906
406120.1563;5862745.5;-4236.593262
406180.4688;5862745.5;-4236.875
406240.75;5862745.5;-4237.45166
406301.0625;5862745.5;-4237.764648
406361.375;5862745.5;-4237.164551
406421.6563;5862745.5;-4235.938477
406481.9688;5862745.5;-4234.757813
406542.25;5862745.5;-4232.530762
406602.5625;5862745.5;-4234.230957
406662.875;5862745.5;-4236.257813
406723.1563;5862745.5;-4238.480469
406783.4688;5862745.5;-4240.749023
406843.7813;5862745.5;-4242.949219
406904.0625;5862745.5;-4245.037598
406964.375;5862745.5;-4247.008789
407024.6563;5862745.5;-4248.904297
407084.9688;5862745.5;-4250.591797
407145.2813;5862745.5;-4252.074707
407205.5625;5862745.5;-4253.475098
407265.875;5862745.5;-4254.708008
407326.1875;5862745.5;-4255.875488
407386.4688;5862745.5;-4257.071777
407446.7813;5862745.5;-4258.303711
407507.0625;5862745.5;-4259.577148
407567.375;5862745.5;-4260.829102
407627.6875;5862745.5;-4262.062988
407687.9688;5862745.5;-4263.271484
407748.2813;5862745.5;-4264.389648
407808.5938;5862745.5;-4265.445313
407868.875;5862745.5;-4266.467773
407929.1875;5862745.5;-4267.429688
407989.4688;5862745.5;-4268.360352
408049.7813;5862745.5;-4269.265625
408110.0938;5862745.5;-4270.123047
408170.375;5862745.5;-4270.935547
408230.6875;5862745.5;-4271.710938
408291;5862745.5;-4272.432617
408351.2813;5862745.5;-4273.11377
408411.5938;5862745.5;-4273.770996
408471.875;5862745.5;-4274.39209
408532.1875;5862745.5;-4274.955566
408592.5;5862745.5;-4275.481934
408652.7813;5862745.5;-4275.975098
408713.0938;5862745.5;-4276.429688
408773.4063;5862745.5;-4276.843262
408833.6875;5862745.5;-4277.217285
408894;5862745.5;-4277.557617
408954.2813;5862745.5;-4277.867676
409014.5938;5862745.5;-4278.138672
409074.9063;5862745.5;-4278.378418
409135.1875;5862745.5;-4278.587891
409195.5;5862745.5;-4278.765625
409255.8125;5862745.5;-4278.91748
409316.0938;5862745.5;-4279.04541
409376.4063;5862745.5;-4279.152832
401356.4063;5862806;-4249.938965
401416.6875;5862806;-4249.1875
401477;5862806;-4248.393555
401537.3125;5862806;-4247.55127
401597.5938;5862806;-4246.623047
401657.9063;5862806;-4245.616211
401718.2188;5862806;-4244.533203
401778.5;5862806;-4243.361328
401838.8125;5862806;-4242.097168
401899.0938;5862806;-4240.768066
401959.4063;5862806;-4239.382813
402019.7188;5862806;-4237.940918
402080;5862806;-4236.45752
402140.3125;5862806;-4234.973633
402200.625;5862806;-4233.492676
402260.9063;5862806;-4232.025879
402321.2188;5862806;-4230.62793
402381.5;5862806;-4229.297363
402441.8125;5862806;-4228.022461
402502.125;5862806;-4226.833984
402562.4063;5862806;-4225.796387
402622.7188;5862806;-4224.944336
402683.0313;5862806;-4224.291504
402743.3125;5862806;-4223.852539
402803.625;5862806;-4223.62207
402863.9063;5862806;-4223.575684
402924.2188;5862806;-4223.759277
402984.5313;5862806;-4224.186523
403044.8125;5862806;-4224.839355
403105.125;5862806;-4225.630371
403165.4375;5862806;-4236.947754
403225.7188;5862806;-4237.868164
403286.0313;5862806;-4238.68457
403346.3125;5862806;-4239.435059
403406.625;5862806;-4240.101563
403466.9375;5862806;-4240.583984
403527.2188;5862806;-4240.910156
403587.5313;5862806;-4241.112793
403647.8438;5862806;-4241.132813
403708.125;5862806;-4241.060547
403768.4375;5862806;-4240.919434
403828.7188;5862806;-4240.639648
403889.0313;5862806;-4240.260254
403949.3438;5862806;-4239.743164
404009.625;5862806;-4238.936523
404069.9375;5862806;-4237.915527
404130.25;5862806;-4236.711914
404190.5313;5862806;-4235.168945
404250.8438;5862806;-4233.242188
404311.125;5862806;-4231.133301
404371.4375;5862806;-4228.885254
404431.75;5862806;-4226.607422
404492.0313;5862806;-4224.452148
404552.3438;5862806;-4222.471191
404612.625;5862806;-4220.700195
404672.9375;5862806;-4215.305664
404733.25;5862806;-4214.462402
404793.5313;5862806;-4213.666504
404853.8438;5862806;-4213.060547
404914.1563;5862806;-4218.395508
404974.4375;5862806;-4218.184082
405034.75;5862806;-4218.155273
405095.0313;5862806;-4218.311035
405155.3438;5862806;-4218.645996
405215.6563;5862806;-4219.378906
405275.9375;5862806;-4220.406738
405336.25;5862806;-4221.886719
405396.5625;5862806;-4223.549805
405456.8438;5862806;-4235.486816
405517.1563;5862806;-4237.034668
405577.4375;5862806;-4238.310059
405637.75;5862806;-4239.006348
405698.0625;5862806;-4239.234375
405758.3438;5862806;-4239.241699
405818.6563;5862806;-4239.070313
405878.9688;5862806;-4238.74707
405939.25;5862806;-4237.390137
405999.5625;5862806;-4234.759766
406059.8438;5862806;-4231.444824
406120.1563;5862806;-4229.9375
406180.4688;5862806;-4230.737793
406240.75;5862806;-4231.899902
406301.0625;5862806;-4232.76123
406361.375;5862806;-4232.702637
406421.6563;5862806;-4232.072754
406481.9688;5862806;-4229.413574
406542.25;5862806;-4230.103027
406602.5625;5862806;-4231.637207
406662.875;5862806;-4233.42627
406723.1563;5862806;-4235.442871
406783.4688;5862806;-4237.544922
406843.7813;5862806;-4239.627441
406904.0625;5862806;-4241.632324
406964.375;5862806;-4243.554199
407024.6563;5862806;-4245.451172
407084.9688;5862806;-4247.181641
407145.2813;5862806;-4248.754395
407205.5625;5862806;-4250.297852
407265.875;5862806;-4251.697754
407326.1875;5862806;-4253.01416
407386.4688;5862806;-4254.331543
407446.7813;5862806;-4255.646973
407507.0625;5862806;-4256.96875
407567.375;5862806;-4258.24707
407627.6875;5862806;-4259.502441
407687.9688;5862806;-4260.736328
407748.2813;5862806;-4261.883301
407808.5938;5862806;-4262.975586
407868.875;5862806;-4264.037109
407929.1875;5862806;-4265.038574
407989.4688;5862806;-4266.006348
408049.7813;5862806;-4266.94873
408110.0938;5862806;-4267.841309
408170.375;5862806;-4268.688477
408230.6875;5862806;-4269.496094
408291;5862806;-4270.248047
408351.2813;5862806;-4270.958496
408411.5938;5862806;-4271.644531
408471.875;5862806;-4272.29248
408532.1875;5862806;-4272.881836
408592.5;5862806;-4273.433594
408652.7813;5862806;-4273.950195
408713.0938;5862806;-4274.428223
408773.4063;5862806;-4274.864258
408833.6875;5862806;-4275.259277
408894;5862806;-4275.619629
408954.2813;5862806;-4275.949219
409014.5938;5862806;-4276.239746
409074.9063;5862806;-4276.496582
409135.1875;5862806;-4276.722656
409195.5;5862806;-4276.916504
409255.8125;5862806;-4277.083496
409316.0938;5862806;-4277.226074
409376.4063;5862806;-4277.347168
401356.4063;5862866.5;-4249.808105
401416.6875;5862866.5;-4249.039551
401477;5862866.5;-4248.224609
401537.3125;5862866.5;-4247.355957
401597.5938;5862866.5;-4246.393066
401657.9063;5862866.5;-4245.344238
401718.2188;5862866.5;-4244.20752
401778.5;5862866.5;-4242.970703
401838.8125;5862866.5;-4241.624023
401899.0938;5862866.5;-4240.200684
401959.4063;5862866.5;-4238.710938
402019.7188;5862866.5;-4237.149414
402080;5862866.5;-4235.536621
402140.3125;5862866.5;-4233.917969
402200.625;5862866.5;-4232.299805
402260.9063;5862866.5;-4230.689941
402321.2188;5862866.5;-4229.149414
402381.5;5862866.5;-4227.679199
402441.8125;5862866.5;-4226.266113
402502.125;5862866.5;-4224.938965
402562.4063;5862866.5;-4223.771484
402622.7188;5862866.5;-4222.810059
402683.0313;5862866.5;-4222.071289
402743.3125;5862866.5;-4221.57373
402803.625;5862866.5;-4221.319824
402863.9063;5862866.5;-4221.282227
402924.2188;5862866.5;-4221.509277
402984.5313;5862866.5;-4222.03125
403044.8125;5862866.5;-4222.826172
403105.125;5862866.5;-4223.776367
403165.4375;5862866.5;-4234.90332
403225.7188;5862866.5;-4236.01416
403286.0313;5862866.5;-4237.012207
403346.3125;5862866.5;-4237.927734
403406.625;5862866.5;-4238.740234
403466.9375;5862866.5;-4239.333984
403527.2188;5862866.5;-4239.733398
403587.5313;5862866.5;-4239.984375
403647.8438;5862866.5;-4240.029297
403708.125;5862866.5;-4239.972656
403768.4375;5862866.5;-4239.850586
403828.7188;5862866.5;-4239.591797
403889.0313;5862866.5;-4239.239258
403949.3438;5862866.5;-4238.755371
404009.625;5862866.5;-4237.959473
404069.9375;5862866.5;-4236.916504
404130.25;5862866.5;-4235.653809
404190.5313;5862866.5;-4233.986328
404250.8438;5862866.5;-4231.830566
404311.125;5862866.5;-4229.419434
404371.4375;5862866.5;-4226.819336
404431.75;5862866.5;-4224.175293
404492.0313;5862866.5;-4221.684082
404552.3438;5862866.5;-4219.410645
404612.625;5862866.5;-4217.391602
404672.9375;5862866.5;-4215.666992
404733.25;5862866.5;-4214.313477
404793.5313;5862866.5;-4210.807129
404853.8438;5862866.5;-4210.06543
404914.1563;5862866.5;-4209.496094
404974.4375;5862866.5;-4215.582031
405034.75;5862866.5;-4215.462402
405095.0313;5862866.5;-4215.554199
405155.3438;5862866.5;-4215.869141
405215.6563;5862866.5;-4216.675781
405275.9375;5862866.5;-4217.84375
405336.25;5862866.5;-4219.52832
405396.5625;5862866.5;-4221.450195
405456.8438;5862866.5;-4223.509766
405517.1563;5862866.5;-4233.474609
405577.4375;5862866.5;-4234.770508
405637.75;5862866.5;-4235.242676
405698.0625;5862866.5;-4235.137695
405758.3438;5862866.5;-4234.772949
405818.6563;5862866.5;-4234.267578
405878.9688;5862866.5;-4233.807617
405939.25;5862866.5;-4232.396973
405999.5625;5862866.5;-4229.721191
406059.8438;5862866.5;-4226.349609
406120.1563;5862866.5;-4224.853516
406180.4688;5862866.5;-4225.75293
406240.75;5862866.5;-4227.036133
406301.0625;5862866.5;-4228.075195
406361.375;5862866.5;-4228.481445
406421.6563;5862866.5;-4228.530762
406481.9688;5862866.5;-4226.955566
406542.25;5862866.5;-4227.96875
406602.5625;5862866.5;-4229.435547
406662.875;5862866.5;-4231.023926
406723.1563;5862866.5;-4232.813477
406783.4688;5862866.5;-4234.716797
406843.7813;5862866.5;-4236.65625
406904.0625;5862866.5;-4238.550781
406964.375;5862866.5;-4240.400391
407024.6563;5862866.5;-4242.285645
407084.9688;5862866.5;-4244.041016
407145.2813;5862866.5;-4245.676758
407205.5625;5862866.5;-4247.317871
407265.875;5862866.5;-4248.834473
407326.1875;5862866.5;-4250.261719
407386.4688;5862866.5;-4251.66748
407446.7813;5862866.5;-4253.051758
407507.0625;5862866.5;-4254.421387
407567.375;5862866.5;-4255.731934
407627.6875;5862866.5;-4257.01709
407687.9688;5862866.5;-4258.279785
407748.2813;5862866.5;-4259.458984
407808.5938;5862866.5;-4260.586914
407868.875;5862866.5;-4261.68457
407929.1875;5862866.5;-4262.719727
407989.4688;5862866.5;-4263.72168
408049.7813;5862866.5;-4264.696289
408110.0938;5862866.5;-4265.620117
408170.375;5862866.5;-4266.49707
408230.6875;5862866.5;-4267.333496
408291;5862866.5;-4268.113281
408351.2813;5862866.5;-4268.851563
408411.5938;5862866.5;-4269.563477
408471.875;5862866.5;-4270.236328
408532.1875;5862866.5;-4270.850586
408592.5;5862866.5;-4271.425293
408652.7813;5862866.5;-4271.964844
408713.0938;5862866.5;-4272.46582
408773.4063;5862866.5;-4272.922363
408833.6875;5862866.5;-4273.337891
408894;5862866.5;-4273.718262
408954.2813;5862866.5;-4274.066406
409014.5938;5862866.5;-4274.375
409074.9063;5862866.5;-4274.649414
409135.1875;5862866.5;-4274.89209
409195.5;5862866.5;-4275.102051
409255.8125;5862866.5;-4275.282715
409316.0938;5862866.5;-4275.439941
409376.4063;5862866.5;-4275.574219
401356.4063;5862927;-4249.728516
401416.6875;5862927;-4248.956055
401477;5862927;-4248.131348
401537.3125;5862927;-4247.246582
401597.5938;5862927;-4246.260254
401657.9063;5862927;-4245.177734
401718.2188;5862927;-4243.996094
401778.5;5862927;-4242.697754
401838.8125;5862927;-4241.270996
401899.0938;5862927;-4239.750488
401959.4063;5862927;-4238.149902
402019.7188;5862927;-4236.460938
402080;5862927;-4234.704102
402140.3125;5862927;-4232.937012
402200.625;5862927;-4231.164063
402260.9063;5862927;-4229.393066
402321.2188;5862927;-4227.688965
402381.5;5862927;-4226.058105
402441.8125;5862927;-4224.484863
402502.125;5862927;-4222.996582
402562.4063;5862927;-4221.674805
402622.7188;5862927;-4220.58252
402683.0313;5862927;-4219.736816
402743.3125;5862927;-4219.163086
402803.625;5862927;-4218.87793
402863.9063;5862927;-4218.848145
402924.2188;5862927;-4219.126953
402984.5313;5862927;-4219.766602
403044.8125;5862927;-4220.741699
403105.125;5862927;-4231.561523
403165.4375;5862927;-4232.876465
403225.7188;5862927;-4234.231934
403286.0313;5862927;-4235.461426
403346.3125;5862927;-4236.589355
403406.625;5862927;-4237.583984
403466.9375;5862927;-4238.315918
403527.2188;5862927;-4238.799316
403587.5313;5862927;-4239.093262
403647.8438;5862927;-4239.149414
403708.125;5862927;-4239.091309
403768.4375;5862927;-4238.97168
403828.7188;5862927;-4238.723633
403889.0313;5862927;-4238.399414
403949.3438;5862927;-4237.964844
404009.625;5862927;-4237.210938
404069.9375;5862927;-4236.178223
404130.25;5862927;-4234.880371
404190.5313;5862927;-4233.093262
404250.8438;5862927;-4230.674805
404311.125;5862927;-4227.901367
404371.4375;5862927;-4224.874512
404431.75;5862927;-4221.790039
404492.0313;5862927;-4218.907227
404552.3438;5862927;-4216.310059
404612.625;5862927;-4214.036621
404672.9375;5862927;-4212.121582
404733.25;5862927;-4210.614258
404793.5313;5862927;-4209.540527
404853.8438;5862927;-4207.101563
404914.1563;5862927;-4206.369141
404974.4375;5862927;-4205.671387
405034.75;5862927;-4212.722168
405095.0313;5862927;-4212.723633
405155.3438;5862927;-4213.020996
405215.6563;5862927;-4213.936523
405275.9375;5862927;-4215.290039
405336.25;5862927;-4217.224121
405396.5625;5862927;-4219.438965
405456.8438;5862927;-4221.805664
405517.1563;5862927;-4230.005371
405577.4375;5862927;-4231.28418
405637.75;5862927;-4231.469727
405698.0625;5862927;-4230.938477
405758.3438;5862927;-4230.119629
405818.6563;5862927;-4229.239258
405878.9688;5862927;-4228.678223
405939.25;5862927;-4227.413574
405999.5625;5862927;-4225.41748
406059.8438;5862927;-4223.104492
406120.1563;5862927;-4221.981445
406180.4688;5862927;-4222.575684
406240.75;5862927;-4223.600098
406301.0625;5862927;-4224.552734
406361.375;5862927;-4225.189453
406421.6563;5862927;-4223.88623
406481.9688;5862927;-4224.922852
406542.25;5862927;-4226.131836
406602.5625;5862927;-4227.554199
406662.875;5862927;-4228.961914
406723.1563;5862927;-4230.541016
406783.4688;5862927;-4232.248535
406843.7813;5862927;-4234.030762
406904.0625;5862927;-4235.797363
406964.375;5862927;-4237.556641
407024.6563;5862927;-4239.407715
407084.9688;5862927;-4241.161133
407145.2813;5862927;-4242.824219
407205.5625;5862927;-4244.521973
407265.875;5862927;-4246.113281
407326.1875;5862927;-4247.615234
407386.4688;5862927;-4249.086426
407446.7813;5862927;-4250.524902
407507.0625;5862927;-4251.9375
407567.375;5862927;-4253.281738
407627.6875;5862927;-4254.598633
407687.9688;5862927;-4255.894043
407748.2813;5862927;-4257.106445
407808.5938;5862927;-4258.268066
407868.875;5862927;-4259.397949
407929.1875;5862927;-4260.464355
407989.4688;5862927;-4261.497559
408049.7813;5862927;-4262.501953
408110.0938;5862927;-4263.45459
408170.375;5862927;-4264.358887
408230.6875;5862927;-4265.222168
408291;5862927;-4266.02832
408351.2813;5862927;-4266.791992
408411.5938;5862927;-4267.528809
408471.875;5862927;-4268.226074
408532.1875;5862927;-4268.862793
408592.5;5862927;-4269.460938
408652.7813;5862927;-4270.021484
408713.0938;5862927;-4270.542969
408773.4063;5862927;-4271.020508
408833.6875;5862927;-4271.456055
408894;5862927;-4271.85498
408954.2813;5862927;-4272.222168
409014.5938;5862927;-4272.54834
409074.9063;5862927;-4272.840332
409135.1875;5862927;-4273.098633
409195.5;5862927;-4273.324707
409255.8125;5862927;-4273.519531
409316.0938;5862927;-4273.689941
409376.4063;5862927;-4273.837402
401356.4063;5862988;-4249.713379
401416.6875;5862988;-4248.94873
401477;5862988;-4248.126953
401537.3125;5862988;-4247.239258
401597.5938;5862988;-4246.242188
401657.9063;5862988;-4245.138184
401718.2188;5862988;-4243.92041
401778.5;5862988;-4242.568848
401838.8125;5862988;-4241.063477
401899.0938;5862988;-4239.444824
401959.4063;5862988;-4237.727539
402019.7188;5862988;-4235.901855
402080;5862988;-4233.989258
402140.3125;5862988;-4232.060547
402200.625;5862988;-4230.120605
402260.9063;5862988;-4228.171387
402321.2188;5862988;-4226.288574
402381.5;5862988;-4224.480957
402441.8125;5862988;-4222.729492
402502.125;5862988;-4221.062012
402562.4063;5862988;-4219.567383
402622.7188;5862988;-4218.322266
402683.0313;5862988;-4217.351563
402743.3125;5862988;-4216.685547
402803.625;5862988;-4216.359863
402863.9063;5862988;-4216.335449
402924.2188;5862988;-4216.672852
402984.5313;5862988;-4217.453125
403044.8125;5862988;-4218.645508
403105.125;5862988;-4229.25293
403165.4375;5862988;-4230.85791
403225.7188;5862988;-4232.516113
403286.0313;5862988;-4234.035645
403346.3125;5862988;-4235.42627
403406.625;5862988;-4236.647461
403466.9375;5862988;-4237.544922
403527.2188;5862988;-4238.118652
403587.5313;5862988;-4238.448242
403647.8438;5862988;-4238.498047
403708.125;5862988;-4238.414063
403768.4375;5862988;-4238.273926
403828.7188;5862988;-4238.021484
403889.0313;5862988;-4237.72168
403949.3438;5862988;-4237.356445
404009.625;5862988;-4236.687012
404069.9375;5862988;-4235.708984
404130.25;5862988;-4234.410156
404190.5313;5862988;-4232.51123
404250.8438;5862988;-4229.791992
404311.125;5862988;-4226.589844
404371.4375;5862988;-4223.058594
404431.75;5862988;-4219.462891
404492.0313;5862988;-4216.144043
404552.3438;5862988;-4213.20752
404612.625;5862988;-4210.692383
404672.9375;5862988;-4208.618652
404733.25;5862988;-4206.995117
404793.5313;5862988;-4205.826172
404853.8438;5862988;-4204.817383
404914.1563;5862988;-4203.333496
404974.4375;5862988;-4202.42627
405034.75;5862988;-4201.695313
405095.0313;5862988;-4209.86084
405155.3438;5862988;-4210.151367
405215.6563;5862988;-4211.243652
405275.9375;5862988;-4212.837891
405336.25;5862988;-4215.070313
405396.5625;5862988;-4217.61377
405456.8438;5862988;-4220.296875
405517.1563;5862988;-4223.939453
405577.4375;5862988;-4227.936523
405637.75;5862988;-4227.808105
405698.0625;5862988;-4226.773438
405758.3438;5862988;-4225.474121
405818.6563;5862988;-4224.30957
405878.9688;5862988;-4223.943359
405939.25;5862988;-4223.275391
405999.5625;5862988;-4222.25293
406059.8438;5862988;-4221.074707
406120.1563;5862988;-4220.443848
406180.4688;5862988;-4220.841797
406240.75;5862988;-4221.540527
406301.0625;5862988;-4222.245117
406361.375;5862988;-4220.738281
406421.6563;5862988;-4222.056152
406481.9688;5862988;-4223.220215
406542.25;5862988;-4224.493652
406602.5625;5862988;-4225.844727
406662.875;5862988;-4227.09668
406723.1563;5862988;-4228.499512
406783.4688;5862988;-4230.03125
406843.7813;5862988;-4231.66748
406904.0625;5862988;-4233.312988
406964.375;5862988;-4234.980957
407024.6563;5862988;-4236.788086
407084.9688;5862988;-4238.522461
407145.2813;5862988;-4240.190918
407205.5625;5862988;-4241.915039
407265.875;5862988;-4243.548828
407326.1875;5862988;-4245.099121
407386.4688;5862988;-4246.61377
407446.7813;5862988;-4248.091797
407507.0625;5862988;-4249.540039
407567.375;5862988;-4250.915527
407627.6875;5862988;-4252.263184
407687.9688;5862988;-4253.587891
407748.2813;5862988;-4254.831055
407808.5938;5862988;-4256.022949
407868.875;5862988;-4257.181152
407929.1875;5862988;-4258.275879
407989.4688;5862988;-4259.335449
408049.7813;5862988;-4260.367188
408110.0938;5862988;-4261.344727
408170.375;5862988;-4262.275391
408230.6875;5862988;-4263.163086
408291;5862988;-4263.993164
408351.2813;5862988;-4264.780273
408411.5938;5862988;-4265.540039
408471.875;5862988;-4266.259766
408532.1875;5862988;-4266.91748
408592.5;5862988;-4267.536621
408652.7813;5862988;-4268.117676
408713.0938;5862988;-4268.65918
408773.4063;5862988;-4269.15625
408833.6875;5862988;-4269.611328
408894;5862988;-4270.02832
408954.2813;5862988;-4270.413086
409014.5938;5862988;-4270.757324
409074.9063;5862988;-4271.06543
409135.1875;5862988;-4271.339844
409195.5;5862988;-4271.580566
409255.8125;5862988;-4271.789551
409316.0938;5862988;-4271.973633
409376.4063;5862988;-4272.133301
401356.4063;5863048.5;-4249.778809
401416.6875;5863048.5;-4249.038574
401477;5863048.5;-4248.234863
401537.3125;5863048.5;-4247.36084
401597.5938;5863048.5;-4246.369629
401657.9063;5863048.5;-4245.259277
401718.2188;5863048.5;-4244.02002
401778.5;5863048.5;-4242.625
401838.8125;5863048.5;-4241.045898
401899.0938;5863048.5;-4239.32959
401959.4063;5863048.5;-4237.495117
402019.7188;5863048.5;-4235.525391
402080;5863048.5;-4233.446777
402140.3125;5863048.5;-4231.349121
402200.625;5863048.5;-4229.23584
402260.9063;5863048.5;-4227.103027
402321.2188;5863048.5;-4225.036621
402381.5;5863048.5;-4223.049805
402441.8125;5863048.5;-4221.117188
402502.125;5863048.5;-4219.265137
402562.4063;5863048.5;-4217.587891
402622.7188;5863048.5;-4216.179688
402683.0313;5863048.5;-4215.068359
402743.3125;5863048.5;-4214.294922
402803.625;5863048.5;-4213.919434
402863.9063;5863048.5;-4213.898926
402924.2188;5863048.5;-4214.296875
402984.5313;5863048.5;-4215.23877
403044.8125;5863048.5;-4219.914551
403105.125;5863048.5;-4226.82959
403165.4375;5863048.5;-4228.79248
403225.7188;5863048.5;-4230.824707
403286.0313;5863048.5;-4232.699219
403346.3125;5863048.5;-4234.411133
403406.625;5863048.5;-4235.906738
403466.9375;5863048.5;-4237.000977
403527.2188;5863048.5;-4237.672852
403587.5313;5863048.5;-4238.026855
403647.8438;5863048.5;-4238.043945
403708.125;5863048.5;-4237.900879
403768.4375;5863048.5;-4237.70752
403828.7188;5863048.5;-4237.428223
403889.0313;5863048.5;-4237.149414
403949.3438;5863048.5;-4236.885742
404009.625;5863048.5;-4236.362793
404069.9375;5863048.5;-4235.503906
404130.25;5863048.5;-4234.253418
404190.5313;5863048.5;-4232.254883
404250.8438;5863048.5;-4229.189941
404311.125;5863048.5;-4225.489746
404371.4375;5863048.5;-4221.381836
404431.75;5863048.5;-4217.220215
404492.0313;5863048.5;-4213.450684
404552.3438;5863048.5;-4210.208496
404612.625;5863048.5;-4207.521973
404672.9375;5863048.5;-4205.36377
404733.25;5863048.5;-4203.703613
404793.5313;5863048.5;-4202.522949
404853.8438;5863048.5;-4201.483887
404914.1563;5863048.5;-4200.683594
404974.4375;5863048.5;-4199.452148
405034.75;5863048.5;-4198.521973
405095.0313;5863048.5;-4197.846191
405155.3438;5863048.5;-4207.406738
405215.6563;5863048.5;-4208.754883
405275.9375;5863048.5;-4210.657715
405336.25;5863048.5;-4213.23291
405396.5625;5863048.5;-4216.143066
405456.8438;5863048.5;-4219.156738
405517.1563;5863048.5;-4223.020508
405577.4375;5863048.5;-4226.044922
405637.75;5863048.5;-4224.600586
405698.0625;5863048.5;-4222.994629
405758.3438;5863048.5;-4221.312012
405818.6563;5863048.5;-4220.189453
405878.9688;5863048.5;-4220.253418
405939.25;5863048.5;-4220.335449
405999.5625;5863048.5;-4220.19043
406059.8438;5863048.5;-4219.837402
406120.1563;5863048.5;-4219.633789
406180.4688;5863048.5;-4219.976074
406240.75;5863048.5;-4220.429199
406301.0625;5863048.5;-4217.645996
406361.375;5863048.5;-4219.064941
406421.6563;5863048.5;-4220.335938
406481.9688;5863048.5;-4221.490723
406542.25;5863048.5;-4222.754883
406602.5625;5863048.5;-4224.046387
406662.875;5863048.5;-4225.206055
406723.1563;5863048.5;-4226.496094
406783.4688;5863048.5;-4227.911133
406843.7813;5863048.5;-4229.450684
406904.0625;5863048.5;-4231.019043
406964.375;5863048.5;-4232.629395
407024.6563;5863048.5;-4234.401367
407084.9688;5863048.5;-4236.120605
407145.2813;5863048.5;-4237.790527
407205.5625;5863048.5;-4239.522461
407265.875;5863048.5;-4241.177734
407326.1875;5863048.5;-4242.756348
407386.4688;5863048.5;-4244.295898
407446.7813;5863048.5;-4245.799805
407507.0625;5863048.5;-4247.270996
407567.375;5863048.5;-4248.67041
407627.6875;5863048.5;-4250.040527
407687.9688;5863048.5;-4251.388184
407748.2813;5863048.5;-4252.654297
407808.5938;5863048.5;-4253.869141
407868.875;5863048.5;-4255.049316
407929.1875;5863048.5;-4256.166992
407989.4688;5863048.5;-4257.248535
408049.7813;5863048.5;-4258.30127
408110.0938;5863048.5;-4259.30127
408170.375;5863048.5;-4260.253418
408230.6875;5863048.5;-4261.162109
408291;5863048.5;-4262.012207
408351.2813;5863048.5;-4262.819336
408411.5938;5863048.5;-4263.599609
408471.875;5863048.5;-4264.338867
408532.1875;5863048.5;-4265.016113
408592.5;5863048.5;-4265.65332
408652.7813;5863048.5;-4266.253418
408713.0938;5863048.5;-4266.812988
408773.4063;5863048.5;-4267.327148
408833.6875;5863048.5;-4267.799805
408894;5863048.5;-4268.234375
408954.2813;5863048.5;-4268.63623
409014.5938;5863048.5;-4268.996094
409074.9063;5863048.5;-4269.319824
409135.1875;5863048.5;-4269.609863
409195.5;5863048.5;-4269.864746
409255.8125;5863048.5;-4270.086914
409316.0938;5863048.5;-4270.282715
409376.4063;5863048.5;-4270.453613
401356.4063;5863109;-4249.91748
401416.6875;5863109;-4249.219727
401477;5863109;-4248.452148
401537.3125;5863109;-4247.608398
401597.5938;5863109;-4246.641113
401657.9063;5863109;-4245.540527
401718.2188;5863109;-4244.293457
401778.5;5863109;-4242.864258
401838.8125;5863109;-4241.215332
401899.0938;5863109;-4239.398438
401959.4063;5863109;-4237.437988
402019.7188;5863109;-4235.314941
402080;5863109;-4233.055176
402140.3125;5863109;-4230.772461
402200.625;5863109;-4228.469238
402260.9063;5863109;-4226.13623
402321.2188;5863109;-4223.870117
402381.5;5863109;-4221.687012
402441.8125;5863109;-4219.555176
402502.125;5863109;-4217.498535
402562.4063;5863109;-4215.614746
402622.7188;5863109;-4214.015137
402683.0313;5863109;-4212.730957
402743.3125;5863109;-4211.818359
402803.625;5863109;-4211.370117
402863.9063;5863109;-4211.34082
402924.2188;5863109;-4211.803711
402984.5313;5863109;-4212.933105
403044.8125;5863109;-4222.229492
403105.125;5863109;-4224.420898
403165.4375;5863109;-4226.799316
403225.7188;5863109;-4229.266602
403286.0313;5863109;-4231.553223
403346.3125;5863109;-4233.638672
403406.625;5863109;-4235.452637
403466.9375;5863109;-4236.768066
403527.2188;5863109;-4237.537109
403587.5313;5863109;-4237.890137
403647.8438;5863109;-4237.833496
403708.125;5863109;-4237.580566
403768.4375;5863109;-4237.288086
403828.7188;5863109;-4236.946777
403889.0313;5863109;-4236.679688
403949.3438;5863109;-4236.546875
404009.625;5863109;-4236.227539
404069.9375;5863109;-4235.549316
404130.25;5863109;-4234.388184
404190.5313;5863109;-4232.280273
404250.8438;5863109;-4228.799316
404311.125;5863109;-4224.512207
404371.4375;5863109;-4219.736816
404431.75;5863109;-4214.921875
404492.0313;5863109;-4210.637207
404552.3438;5863109;-4207.132324
404612.625;5863109;-4204.394043
404672.9375;5863109;-4202.202637
404733.25;5863109;-4200.538574
404793.5313;5863109;-4199.381348
404853.8438;5863109;-4198.355469
404914.1563;5863109;-4197.55127
404974.4375;5863109;-4197.283691
405034.75;5863109;-4195.812012
405095.0313;5863109;-4195.071777
405155.3438;5863109;-4195.30127
405215.6563;5863109;-4206.82959
405275.9375;5863109;-4208.994629
405336.25;5863109;-4211.915527
405396.5625;5863109;-4215.205566
405456.8438;5863109;-4218.55127
405517.1563;5863109;-4222.66748
405577.4375;5863109;-4226.001953
405637.75;5863109;-4227.76709
405698.0625;5863109;-4220.76416
405758.3438;5863109;-4218.709473
405818.6563;5863109;-4217.776855
405878.9688;5863109;-4218.141602
405939.25;5863109;-4218.663086
405999.5625;5863109;-4219.030273
406059.8438;5863109;-4219.135742
406120.1563;5863109;-4219.16748
406180.4688;5863109;-4219.45459
406240.75;5863109;-4219.705566
406301.0625;5863109;-4216.48291
406361.375;5863109;-4217.700684
406421.6563;5863109;-4218.84082
406481.9688;5863109;-4219.915039
406542.25;5863109;-4221.125
406602.5625;5863109;-4222.347656
406662.875;5863109;-4223.416016
406723.1563;5863109;-4224.602051
406783.4688;5863109;-4225.910645
406843.7813;5863109;-4227.36377
406904.0625;5863109;-4228.86084
406964.375;5863109;-4230.416504
407024.6563;5863109;-4232.152344
407084.9688;5863109;-4233.852051
407145.2813;5863109;-4235.516113
407205.5625;5863109;-4237.245605
407265.875;5863109;-4238.911133
407326.1875;5863109;-4240.508301
407386.4688;5863109;-4242.063477
407446.7813;5863109;-4243.585449
407507.0625;5863109;-4245.076172
407567.375;5863109;-4246.494629
407627.6875;5863109;-4247.883301
407687.9688;5863109;-4249.25
407748.2813;5863109;-4250.536133
407808.5938;5863109;-4251.771484
407868.875;5863109;-4252.971191
407929.1875;5863109;-4254.108887
407989.4688;5863109;-4255.210938
408049.7813;5863109;-4256.283691
408110.0938;5863109;-4257.303711
408170.375;5863109;-4258.275391
408230.6875;5863109;-4259.205078
408291;5863109;-4260.074219
408351.2813;5863109;-4260.900391
408411.5938;5863109;-4261.699707
408471.875;5863109;-4262.45752
408532.1875;5863109;-4263.15332
408592.5;5863109;-4263.808105
408652.7813;5863109;-4264.426758
408713.0938;5863109;-4265.003906
408773.4063;5863109;-4265.535156
408833.6875;5863109;-4266.024414
408894;5863109;-4266.476074
408954.2813;5863109;-4266.894043
409014.5938;5863109;-4267.270508
409074.9063;5863109;-4267.608398
409135.1875;5863109;-4267.913574
409195.5;5863109;-4268.182617
409255.8125;5863109;-4268.41748
409316.0938;5863109;-4268.625488
409376.4063;5863109;-4268.808594
401356.4063;5863169.5;-4250.134766
401416.6875;5863169.5;-4249.495605
401477;5863169.5;-4248.780762
401537.3125;5863169.5;-4247.987305
401597.5938;5863169.5;-4247.062012
401657.9063;5863169.5;-4245.990723
401718.2188;5863169.5;-4244.750977
401778.5;5863169.5;-4243.299805
401838.8125;5863169.5;-4241.583984
401899.0938;5863169.5;-4239.665039
401959.4063;5863169.5;-4237.572754
402019.7188;5863169.5;-4235.281738
402080;5863169.5;-4232.827637
402140.3125;5863169.5;-4230.346191
402200.625;5863169.5;-4227.839844
402260.9063;5863169.5;-4225.295898
402321.2188;5863169.5;-4222.819336
402381.5;5863169.5;-4220.429688
402441.8125;5863169.5;-4218.087402
402502.125;5863169.5;-4215.813965
402562.4063;5863169.5;-4213.707031
402622.7188;5863169.5;-4211.88916
402683.0313;5863169.5;-4210.402344
402743.3125;5863169.5;-4209.318359
402803.625;5863169.5;-4208.771484
402863.9063;5863169.5;-4208.717285
402924.2188;5863169.5;-4209.241699
402984.5313;5863169.5;-4210.583008
403044.8125;5863169.5;-4219.371582
403105.125;5863169.5;-4221.997559
403165.4375;5863169.5;-4224.849121
403225.7188;5863169.5;-4227.808594
403286.0313;5863169.5;-4230.563477
403346.3125;5863169.5;-4233.076172
403406.625;5863169.5;-4235.253418
403466.9375;5863169.5;-4236.820801
403527.2188;5863169.5;-4237.686035
403587.5313;5863169.5;-4238.008789
403647.8438;5863169.5;-4237.826172
403708.125;5863169.5;-4237.408203
403768.4375;5863169.5;-4236.966797
403828.7188;5863169.5;-4236.526855
403889.0313;5863169.5;-4236.250977
403949.3438;5863169.5;-4236.25
404009.625;5863169.5;-4236.157715
404069.9375;5863169.5;-4235.698242
404130.25;5863169.5;-4234.663574
404190.5313;5863169.5;-4232.437988
404250.8438;5863169.5;-4228.48877
404311.125;5863169.5;-4223.571777
404371.4375;5863169.5;-4218.089844
404431.75;5863169.5;-4212.54541
404492.0313;5863169.5;-4207.67041
404552.3438;5863169.5;-4203.972656
404612.625;5863169.5;-4201.364746
404672.9375;5863169.5;-4199.244629
404733.25;5863169.5;-4197.606445
404793.5313;5863169.5;-4196.491699
404853.8438;5863169.5;-4195.506836
404914.1563;5863169.5;-4194.743164
404974.4375;5863169.5;-4194.539551
405034.75;5863169.5;-4194.509766
405095.0313;5863169.5;-4192.87793
405155.3438;5863169.5;-4193.138184
405215.6563;5863169.5;-4194.524902
405275.9375;5863169.5;-4207.714355
405336.25;5863169.5;-4210.913574
405396.5625;5863169.5;-4214.483887
405456.8438;5863169.5;-4218.029297
405517.1563;5863169.5;-4222.322754
405577.4375;5863169.5;-4226.386719
405637.75;5863169.5;-4229.805664
405698.0625;5863169.5;-4227.519531
405758.3438;5863169.5;-4218.725098
405818.6563;5863169.5;-4217.222168
405878.9688;5863169.5;-4217.352539
405939.25;5863169.5;-4217.976074
405999.5625;5863169.5;-4218.573242
406059.8438;5863169.5;-4218.885742
406120.1563;5863169.5;-4218.991211
406180.4688;5863169.5;-4219.179199
406240.75;5863169.5;-4214.629395
406301.0625;5863169.5;-4215.472168
406361.375;5863169.5;-4216.462402
406421.6563;5863169.5;-4217.440918
406481.9688;5863169.5;-4218.405273
406542.25;5863169.5;-4219.541992
406602.5625;5863169.5;-4220.691895
406662.875;5863169.5;-4221.680664
406723.1563;5863169.5;-4222.777344
406783.4688;5863169.5;-4223.998535
406843.7813;5863169.5;-4225.380859
406904.0625;5863169.5;-4226.818848
406964.375;5863169.5;-4228.32666
407024.6563;5863169.5;-4230.027344
407084.9688;5863169.5;-4231.705566
407145.2813;5863169.5;-4233.359863
407205.5625;5863169.5;-4235.079102
407265.875;5863169.5;-4236.746582
407326.1875;5863169.5;-4238.354004
407386.4688;5863169.5;-4239.918457
407446.7813;5863169.5;-4241.452148
407507.0625;5863169.5;-4242.955566
407567.375;5863169.5;-4244.388672
407627.6875;5863169.5;-4245.792969
407687.9688;5863169.5;-4247.175293
407748.2813;5863169.5;-4248.478516
407808.5938;5863169.5;-4249.731445
407868.875;5863169.5;-4250.947754
407929.1875;5863169.5;-4252.104004
407989.4688;5863169.5;-4253.224609
408049.7813;5863169.5;-4254.31543
408110.0938;5863169.5;-4255.354004
408170.375;5863169.5;-4256.34375
408230.6875;5863169.5;-4257.291016
408291;5863169.5;-4258.178223
408351.2813;5863169.5;-4259.022949
408411.5938;5863169.5;-4259.840332
408471.875;5863169.5;-4260.615234
408532.1875;5863169.5;-4261.328125
408592.5;5863169.5;-4262.000977
408652.7813;5863169.5;-4262.635742
408713.0938;5863169.5;-4263.229492
408773.4063;5863169.5;-4263.777344
408833.6875;5863169.5;-4264.283203
408894;5863169.5;-4264.750488
408954.2813;5863169.5;-4265.18457
409014.5938;5863169.5;-4265.575195
409074.9063;5863169.5;-4265.928711
409135.1875;5863169.5;-4266.24707
409195.5;5863169.5;-4266.530273
409255.8125;5863169.5;-4266.778809
409316.0938;5863169.5;-4266.999512
409376.4063;5863169.5;-4267.193848
401356.4063;5863230;-4250.471191
401416.6875;5863230;-4249.913574
401477;5863230;-4249.277344
401537.3125;5863230;-4248.559082
401597.5938;5863230;-4247.706543
401657.9063;5863230;-4246.694336
401718.2188;5863230;-4245.489258
401778.5;5863230;-4244.03418
401838.8125;5863230;-4242.259277
401899.0938;5863230;-4240.236328
401959.4063;5863230;-4238.004395
402019.7188;5863230;-4235.53418
402080;5863230;-4232.870605
402140.3125;5863230;-4230.180664
402200.625;5863230;-4227.46582
402260.9063;5863230;-4224.706543
402321.2188;5863230;-4222.024902
402381.5;5863230;-4219.439453
402441.8125;5863230;-4216.895996
402502.125;5863230;-4214.415527
402562.4063;5863230;-4212.092773
402622.7188;5863230;-4210.053711
402683.0313;5863230;-4208.345703
402743.3125;5863230;-4207.062988
402803.625;5863230;-4206.395996
402863.9063;5863230;-4206.298828
402924.2188;5863230;-4206.864746
402984.5313;5863230;-4208.433594
403044.8125;5863230;-4216.260254
403105.125;5863230;-4219.406738
403165.4375;5863230;-4222.820313
403225.7188;5863230;-4226.359375
403286.0313;5863230;-4229.662598
403346.3125;5863230;-4232.6875
403406.625;5863230;-4235.312012
403466.9375;5863230;-4237.18457
403527.2188;5863230;-4238.149414
403587.5313;5863230;-4238.40332
403647.8438;5863230;-4238.025879
403708.125;5863230;-4237.366211
403768.4375;5863230;-4236.70752
403828.7188;5863230;-4236.111328
403889.0313;5863230;-4235.772461
403949.3438;5863230;-4235.849121
404009.625;5863230;-4235.942871
404069.9375;5863230;-4235.710449
404130.25;5863230;-4234.896973
404190.5313;5863230;-4232.573242
404250.8438;5863230;-4228.126465
404311.125;5863230;-4222.65625
404371.4375;5863230;-4216.609863
404431.75;5863230;-4210.547852
404492.0313;5863230;-4205.355469
404552.3438;5863230;-4201.558105
404612.625;5863230;-4198.999023
404672.9375;5863230;-4196.946777
404733.25;5863230;-4195.363281
404793.5313;5863230;-4194.302246
404853.8438;5863230;-4193.378906
404914.1563;5863230;-4192.686035
404974.4375;5863230;-4192.55127
405034.75;5863230;-4192.623047
405095.0313;5863230;-4193.039551
405155.3438;5863230;-4191.347656
405215.6563;5863230;-4192.808594
405275.9375;5863230;-4195.138672
405336.25;5863230;-4209.555664
405396.5625;5863230;-4213.092285
405456.8438;5863230;-4216.41748
405517.1563;5863230;-4220.255371
405577.4375;5863230;-4224.216797
405637.75;5863230;-4228.932617
405698.0625;5863230;-4230.444336
405758.3438;5863230;-4219.374023
405818.6563;5863230;-4217.496094
405878.9688;5863230;-4217.422852
405939.25;5863230;-4218.105957
405999.5625;5863230;-4218.81543
406059.8438;5863230;-4219.185059
406120.1563;5863230;-4219.244141
406180.4688;5863230;-4213.455566
406240.75;5863230;-4213.774414
406301.0625;5863230;-4214.322266
406361.375;5863230;-4215.062012
406421.6563;5863230;-4215.866211
406481.9688;5863230;-4216.725586
406542.25;5863230;-4217.789551
406602.5625;5863230;-4218.900879
406662.875;5863230;-4219.884277
406723.1563;5863230;-4220.970215
406783.4688;5863230;-4222.174805
406843.7813;5863230;-4223.537109
406904.0625;5863230;-4224.963867
406964.375;5863230;-4226.460449
407024.6563;5863230;-4228.129395
407084.9688;5863230;-4229.786133
407145.2813;5863230;-4231.426758
407205.5625;5863230;-4233.123047
407265.875;5863230;-4234.776855
407326.1875;5863230;-4236.380371
407386.4688;5863230;-4237.941895
407446.7813;5863230;-4239.475586
407507.0625;5863230;-4240.981934
407567.375;5863230;-4242.420898
407627.6875;5863230;-4243.832031
407687.9688;5863230;-4245.221191
407748.2813;5863230;-4246.53418
407808.5938;5863230;-4247.797363
407868.875;5863230;-4249.025391
407929.1875;5863230;-4250.193848
407989.4688;5863230;-4251.327148
408049.7813;5863230;-4252.431152
408110.0938;5863230;-4253.483887
408170.375;5863230;-4254.487793
408230.6875;5863230;-4255.44873
408291;5863230;-4256.350586
408351.2813;5863230;-4257.208984
408411.5938;5863230;-4258.041016
408471.875;5863230;-4258.830566
408532.1875;5863230;-4259.558105
408592.5;5863230;-4260.245117
408652.7813;5863230;-4260.894531
408713.0938;5863230;-4261.501953
408773.4063;5863230;-4262.064453
408833.6875;5863230;-4262.584473
408894;5863230;-4263.065918
408954.2813;5863230;-4263.513184
409014.5938;5863230;-4263.917969
409074.9063;5863230;-4264.28418
409135.1875;5863230;-4264.614746
409195.5;5863230;-4264.910156
409255.8125;5863230;-4265.169922
409316.0938;5863230;-4265.401855
409376.4063;5863230;-4265.606934
401356.4063;5863291;-4250.973145
401416.6875;5863291;-4250.526367
401477;5863291;-4250.002441
401537.3125;5863291;-4249.398926
401597.5938;5863291;-4248.666016
401657.9063;5863291;-4247.762695
401718.2188;5863291;-4246.636719
401778.5;5863291;-4245.207031
401838.8125;5863291;-4243.381836
401899.0938;5863291;-4241.249023
401959.4063;5863291;-4238.85791
402019.7188;5863291;-4236.176758
402080;5863291;-4233.272949
402140.3125;5863291;-4230.348145
402200.625;5863291;-4227.402832
402260.9063;5863291;-4224.413086
402321.2188;5863291;-4221.518066
402381.5;5863291;-4218.727539
402441.8125;5863291;-4215.969238
402502.125;5863291;-4213.263184
402562.4063;5863291;-4210.688477
402622.7188;5863291;-4208.371582
402683.0313;5863291;-4206.371094
402743.3125;5863291;-4204.804688
402803.625;5863291;-4203.931641
402863.9063;5863291;-4203.71875
402924.2188;5863291;-4204.289063
402984.5313;5863291;-4208.932129
403044.8125;5863291;-4213.040527
403105.125;5863291;-4216.780273
403165.4375;5863291;-4220.829102
403225.7188;5863291;-4225.020996
403286.0313;5863291;-4228.959961
403346.3125;5863291;-4232.611816
403406.625;5863291;-4235.804199
403466.9375;5863291;-4238.055664
403527.2188;5863291;-4239.101074
403587.5313;5863291;-4239.208008
403647.8438;5863291;-4238.524902
403708.125;5863291;-4237.501953
403768.4375;5863291;-4236.489746
403828.7188;5863291;-4235.616699
403889.0313;5863291;-4235.102051
403949.3438;5863291;-4235.088379
404009.625;5863291;-4235.192383
404069.9375;5863291;-4235.117188
404130.25;5863291;-4234.584961
404190.5313;5863291;-4232.196289
404250.8438;5863291;-4227.313477
404311.125;5863291;-4221.528809
404371.4375;5863291;-4215.311035
404431.75;5863291;-4209.184082
404492.0313;5863291;-4204.033691
404552.3438;5863291;-4200.151367
404612.625;5863291;-4197.386719
404672.9375;5863291;-4195.239258
404733.25;5863291;-4193.629395
404793.5313;5863291;-4192.566895
404853.8438;5863291;-4191.666504
404914.1563;5863291;-4191.023926
404974.4375;5863291;-4190.945801
405034.75;5863291;-4191.101563
405095.0313;5863291;-4191.609375
405155.3438;5863291;-4192.883301
405215.6563;5863291;-4191.392578
405275.9375;5863291;-4193.756348
405336.25;5863291;-4197.12793
405396.5625;5863291;-4211.367676
405456.8438;5863291;-4213.916992
405517.1563;5863291;-4216.057129
405577.4375;5863291;-4217.34668
405637.75;5863291;-4221.26123
405698.0625;5863291;-4225.143555
405758.3438;5863291;-4226.69873
405818.6563;5863291;-4215.582031
405878.9688;5863291;-4216.586914
405939.25;5863291;-4217.838379
405999.5625;5863291;-4218.826172
406059.8438;5863291;-4219.268066
406120.1563;5863291;-4212.845703
406180.4688;5863291;-4212.695313
406240.75;5863291;-4212.750977
406301.0625;5863291;-4213.057129
406361.375;5863291;-4213.594238
406421.6563;5863291;-4214.260254
406481.9688;5863291;-4215.035645
406542.25;5863291;-4216.041504
406602.5625;5863291;-4217.127441
406662.875;5863291;-4218.123535
406723.1563;5863291;-4219.217773
406783.4688;5863291;-4220.427246
406843.7813;5863291;-4221.791504
406904.0625;5863291;-4223.222656
406964.375;5863291;-4224.719727
407024.6563;5863291;-4226.364258
407084.9688;5863291;-4228.002441
407145.2813;5863291;-4229.630371
407205.5625;5863291;-4231.30127
407265.875;5863291;-4232.938965
407326.1875;5863291;-4234.533203
407386.4688;5863291;-4236.086426
407446.7813;5863291;-4237.615234
407507.0625;5863291;-4239.119141
407567.375;5863291;-4240.558594
407627.6875;5863291;-4241.973145
407687.9688;5863291;-4243.365234
407748.2813;5863291;-4244.68457
407808.5938;5863291;-4245.956055
407868.875;5863291;-4247.192871
407929.1875;5863291;-4248.371582
407989.4688;5863291;-4249.516113
408049.7813;5863291;-4250.630371
408110.0938;5863291;-4251.694336
408170.375;5863291;-4252.710449
408230.6875;5863291;-4253.684082
408291;5863291;-4254.598633
408351.2813;5863291;-4255.469727
408411.5938;5863291;-4256.313477
408471.875;5863291;-4257.116211
408532.1875;5863291;-4257.856934
408592.5;5863291;-4258.556641
408652.7813;5863291;-4259.219727
408713.0938;5863291;-4259.84082
408773.4063;5863291;-4260.416504
408833.6875;5863291;-4260.949219
408894;5863291;-4261.444336
408954.2813;5863291;-4261.904785
409014.5938;5863291;-4262.321777
409074.9063;5863291;-4262.700195
409135.1875;5863291;-4263.042969
409195.5;5863291;-4263.349609
409255.8125;5863291;-4263.619629
409316.0938;5863291;-4263.861328
409376.4063;5863291;-4264.07666
401356.4063;5863351.5;-4251.652344
401416.6875;5863351.5;-4251.330566
401477;5863351.5;-4250.939941
401537.3125;5863351.5;-4250.48584
401597.5938;5863351.5;-4249.924805
401657.9063;5863351.5;-4249.193848
401718.2188;5863351.5;-4248.205078
401778.5;5863351.5;-4246.843262
401838.8125;5863351.5;-4244.979004
401899.0938;5863351.5;-4242.725098
401959.4063;5863351.5;-4240.146973
402019.7188;5863351.5;-4237.21875
402080;5863351.5;-4234.039063
402140.3125;5863351.5;-4230.852539
402200.625;5863351.5;-4227.661133
402260.9063;5863351.5;-4224.436523
402321.2188;5863351.5;-4221.334473
402381.5;5863351.5;-4218.347656
402441.8125;5863351.5;-4215.384766
402502.125;5863351.5;-4212.454102
402562.4063;5863351.5;-4209.620117
402622.7188;5863351.5;-4206.998047
402683.0313;5863351.5;-4204.652832
402743.3125;5863351.5;-4202.725098
402803.625;5863351.5;-4201.540527
402863.9063;5863351.5;-4201.100098
402924.2188;5863351.5;-4201.586426
402984.5313;5863351.5;-4206.020508
403044.8125;5863351.5;-4209.723633
403105.125;5863351.5;-4214.095215
403165.4375;5863351.5;-4218.80957
403225.7188;5863351.5;-4223.674805
403286.0313;5863351.5;-4228.314453
403346.3125;5863351.5;-4232.726074
403406.625;5863351.5;-4236.635742
403466.9375;5863351.5;-4239.320801
403527.2188;5863351.5;-4240.368164
403587.5313;5863351.5;-4240.235352
403647.8438;5863351.5;-4239.172363
403708.125;5863351.5;-4237.708496
403768.4375;5863351.5;-4236.239258
403828.7188;5863351.5;-4235.011719
403889.0313;5863351.5;-4234.242676
403949.3438;5863351.5;-4233.969238
404009.625;5863351.5;-4233.796387
404069.9375;5863351.5;-4233.488281
404130.25;5863351.5;-4232.79248
404190.5313;5863351.5;-4230.352539
404250.8438;5863351.5;-4225.573242
404311.125;5863351.5;-4220.005371
404371.4375;5863351.5;-4214.085938
404431.75;5863351.5;-4208.256836
404492.0313;5863351.5;-4203.255859
404552.3438;5863351.5;-4199.290527
404612.625;5863351.5;-4196.295898
404672.9375;5863351.5;-4193.980469
404733.25;5863351.5;-4192.259766
404793.5313;5863351.5;-4191.124512
404853.8438;5863351.5;-4190.192871
404914.1563;5863351.5;-4189.562988
404974.4375;5863351.5;-4189.503906
405034.75;5863351.5;-4189.701172
405095.0313;5863351.5;-4190.25
405155.3438;5863351.5;-4191.520508
405215.6563;5863351.5;-4193.836426
405275.9375;5863351.5;-4192.370117
405336.25;5863351.5;-4195.814453
405396.5625;5863351.5;-4199.457031
405456.8438;5863351.5;-4212.178711
405517.1563;5863351.5;-4212.01416
405577.4375;5863351.5;-4208.294922
405637.75;5863351.5;-4209.895508
405698.0625;5863351.5;-4216.510254
405758.3438;5863351.5;-4221.087891
405818.6563;5863351.5;-4224.192383
405878.9688;5863351.5;-4214.318848
405939.25;5863351.5;-4216.450195
405999.5625;5863351.5;-4217.902832
406059.8438;5863351.5;-4211.824219
406120.1563;5863351.5;-4211.679688
406180.4688;5863351.5;-4211.399902
406240.75;5863351.5;-4211.316895
406301.0625;5863351.5;-4211.492676
406361.375;5863351.5;-4211.917969
406421.6563;5863351.5;-4212.511719
406481.9688;5863351.5;-4213.252441
406542.25;5863351.5;-4214.231934
406602.5625;5863351.5;-4215.318359
406662.875;5863351.5;-4216.351074
406723.1563;5863351.5;-4217.478516
406783.4688;5863351.5;-4218.71582
406843.7813;5863351.5;-4220.100586
406904.0625;5863351.5;-4221.550293
406964.375;5863351.5;-4223.059082
407024.6563;5863351.5;-4224.688477
407084.9688;5863351.5;-4226.314453
407145.2813;5863351.5;-4227.933594
407205.5625;5863351.5;-4229.581055
407265.875;5863351.5;-4231.200684
407326.1875;5863351.5;-4232.784668
407386.4688;5863351.5;-4234.327637
407446.7813;5863351.5;-4235.849121
407507.0625;5863351.5;-4237.347656
407567.375;5863351.5;-4238.786621
407627.6875;5863351.5;-4240.200684
407687.9688;5863351.5;-4241.594238
407748.2813;5863351.5;-4242.918945
407808.5938;5863351.5;-4244.196289
407868.875;5863351.5;-4245.439453
407929.1875;5863351.5;-4246.626465
407989.4688;5863351.5;-4247.779785
408049.7813;5863351.5;-4248.90332
408110.0938;5863351.5;-4249.977051
408170.375;5863351.5;-4251.003906
408230.6875;5863351.5;-4251.986816
408291;5863351.5;-4252.913086
408351.2813;5863351.5;-4253.79541
408411.5938;5863351.5;-4254.650879
408471.875;5863351.5;-4255.465332
408532.1875;5863351.5;-4256.217773
408592.5;5863351.5;-4256.930176
408652.7813;5863351.5;-4257.60498
408713.0938;5863351.5;-4258.239258
408773.4063;5863351.5;-4258.827637
408833.6875;5863351.5;-4259.373047
408894;5863351.5;-4259.879395
408954.2813;5863351.5;-4260.352539
409014.5938;5863351.5;-4260.78125
409074.9063;5863351.5;-4261.170898
409135.1875;5863351.5;-4261.525391
409195.5;5863351.5;-4261.842773
409255.8125;5863351.5;-4262.12207
409316.0938;5863351.5;-4262.373047
409376.4063;5863351.5;-4262.59668
401356.4063;5863412;-4252.487793
401416.6875;5863412;-4252.284668
401477;5863412;-4252.032715
401537.3125;5863412;-4251.750488
401597.5938;5863412;-4251.405762
401657.9063;5863412;-4250.904785
401718.2188;5863412;-4250.111328
401778.5;5863412;-4248.856445
401838.8125;5863412;-4246.965332
401899.0938;5863412;-4244.58252
401959.4063;5863412;-4241.793457
402019.7188;5863412;-4238.583984
402080;5863412;-4235.098633
402140.3125;5863412;-4231.630859
402200.625;5863412;-4228.184082
402260.9063;5863412;-4224.729004
402321.2188;5863412;-4221.444336
402381.5;5863412;-4218.298828
402441.8125;5863412;-4215.166504
402502.125;5863412;-4212.061035
402562.4063;5863412;-4209.021973
402622.7188;5863412;-4206.13916
402683.0313;5863412;-4203.469727
402743.3125;5863412;-4201.157715
402803.625;5863412;-4199.595215
402863.9063;5863412;-4198.817383
402924.2188;5863412;-4199.103027
402984.5313;5863412;-4202.027832
403044.8125;5863412;-4206.285156
403105.125;5863412;-4211.330078
403165.4375;5863412;-4216.716309
403225.7188;5863412;-4222.24707
403286.0313;5863412;-4227.616699
403346.3125;5863412;-4232.876953
403406.625;5863412;-4237.632324
403466.9375;5863412;-4240.73584
403527.2188;5863412;-4241.634277
403587.5313;5863412;-4241.184082
403647.8438;5863412;-4239.736816
403708.125;5863412;-4237.891113
403768.4375;5863412;-4236.060059
403828.7188;5863412;-4234.486816
403889.0313;5863412;-4233.375977
403949.3438;5863412;-4232.730957
404009.625;5863412;-4232.121582
404069.9375;5863412;-4231.306641
404130.25;5863412;-4230.074219
404190.5313;5863412;-4227.588379
404250.8438;5863412;-4223.340332
404311.125;5863412;-4218.314453
404371.4375;5863412;-4212.903809
404431.75;5863412;-4207.524902
404492.0313;5863412;-4202.734863
404552.3438;5863412;-4198.750488
404612.625;5863412;-4195.59082
404672.9375;5863412;-4193.097168
404733.25;5863412;-4191.225098
404793.5313;5863412;-4189.957031
404853.8438;5863412;-4188.94043
404914.1563;5863412;-4188.279785
404974.4375;5863412;-4188.193359
405034.75;5863412;-4188.376465
405095.0313;5863412;-4188.910156
405155.3438;5863412;-4190.141113
405215.6563;5863412;-4192.360352
405275.9375;5863412;-4195.31543
405336.25;5863412;-4193.878906
405396.5625;5863412;-4197.621094
405456.8438;5863412;-4200.938477
405517.1563;5863412;-4201.282227
405577.4375;5863412;-4205.54248
405637.75;5863412;-4203.969238
405698.0625;5863412;-4209.941406
405758.3438;5863412;-4215.467773
405818.6563;5863412;-4220.030273
405878.9688;5863412;-4223.087891
405939.25;5863412;-4214.797852
405999.5625;5863412;-4209.777832
406059.8438;5863412;-4210.216797
406120.1563;5863412;-4210.117188
406180.4688;5863412;-4209.829102
406240.75;5863412;-4209.717773
406301.0625;5863412;-4209.859375
406361.375;5863412;-4210.251465
406421.6563;5863412;-4210.834473
406481.9688;5863412;-4211.586914
406542.25;5863412;-4212.575195
406602.5625;5863412;-4213.684082
406662.875;5863412;-4214.766602
406723.1563;5863412;-4215.937988
406783.4688;5863412;-4217.208496
406843.7813;5863412;-4218.605469
406904.0625;5863412;-4220.06543
406964.375;5863412;-4221.575684
407024.6563;5863412;-4223.181152
407084.9688;5863412;-4224.786621
407145.2813;5863412;-4226.387207
407205.5625;5863412;-4228.006836
407265.875;5863412;-4229.604004
407326.1875;5863412;-4231.171875
407386.4688;5863412;-4232.700684
407446.7813;5863412;-4234.210449
407507.0625;5863412;-4235.699707
407567.375;5863412;-4237.132813
407627.6875;5863412;-4238.541504
407687.9688;5863412;-4239.931152
407748.2813;5863412;-4241.255371
407808.5938;5863412;-4242.533691
407868.875;5863412;-4243.778809
407929.1875;5863412;-4244.96875
407989.4688;5863412;-4246.125977
408049.7813;5863412;-4247.254883
408110.0938;5863412;-4248.334473
408170.375;5863412;-4249.367188
408230.6875;5863412;-4250.35791
408291;5863412;-4251.291016
408351.2813;5863412;-4252.181641
408411.5938;5863412;-4253.04541
408471.875;5863412;-4253.868164
408532.1875;5863412;-4254.630371
408592.5;5863412;-4255.352539
408652.7813;5863412;-4256.037109
408713.0938;5863412;-4256.681152
408773.4063;5863412;-4257.279297
408833.6875;5863412;-4257.834473
408894;5863412;-4258.350586
408954.2813;5863412;-4258.833496
409014.5938;5863412;-4259.272949
409074.9063;5863412;-4259.671875
409135.1875;5863412;-4260.03418
409195.5;5863412;-4260.360352
409255.8125;5863412;-4260.647461
409316.0938;5863412;-4260.905762
409376.4063;5863412;-4261.137695
401356.4063;5863472.5;-4253.472168
401416.6875;5863472.5;-4253.361328
401477;5863472.5;-4253.241211
401537.3125;5863472.5;-4253.140625
401597.5938;5863472.5;-4253.055664
401657.9063;5863472.5;-4252.844727
401718.2188;5863472.5;-4252.307617
401778.5;5863472.5;-4251.202637
401838.8125;5863472.5;-4249.295898
401899.0938;5863472.5;-4246.771973
401959.4063;5863472.5;-4243.744141
402019.7188;5863472.5;-4240.213867
402080;5863472.5;-4236.39209
402140.3125;5863472.5;-4232.620605
402200.625;5863472.5;-4228.908203
402260.9063;5863472.5;-4225.224121
402321.2188;5863472.5;-4221.775391
402381.5;5863472.5;-4218.494629
402441.8125;5863472.5;-4215.220215
402502.125;5863472.5;-4211.967773
402562.4063;5863472.5;-4208.750488
402622.7188;5863472.5;-4205.629883
402683.0313;5863472.5;-4202.647949
402743.3125;5863472.5;-4199.934082
402803.625;5863472.5;-4197.914063
402863.9063;5863472.5;-4196.681641
402924.2188;5863472.5;-4196.633301
402984.5313;5863472.5;-4198.008789
403044.8125;5863472.5;-4202.86084
403105.125;5863472.5;-4208.586914
403165.4375;5863472.5;-4214.622559
403225.7188;5863472.5;-4220.759766
403286.0313;5863472.5;-4226.774414
403346.3125;5863472.5;-4232.819824
403406.625;5863472.5;-4238.404297
403466.9375;5863472.5;-4241.852051
403527.2188;5863472.5;-4242.516602
403587.5313;5863472.5;-4241.76709
403647.8438;5863472.5;-4240.032227
403708.125;5863472.5;-4237.931152
403768.4375;5863472.5;-4235.880859
403828.7188;5863472.5;-4234.010254
403889.0313;5863472.5;-4232.498535
403949.3438;5863472.5;-4231.416992
404009.625;5863472.5;-4230.310547
404069.9375;5863472.5;-4228.970703
404130.25;5863472.5;-4227.256836
404190.5313;5863472.5;-4224.708496
404250.8438;5863472.5;-4220.917969
404311.125;5863472.5;-4216.425293
404371.4375;5863472.5;-4211.546387
404431.75;5863472.5;-4206.62793
404492.0313;5863472.5;-4202.091797
404552.3438;5863472.5;-4198.162109
404612.625;5863472.5;-4194.90918
404672.9375;5863472.5;-4192.264648
404733.25;5863472.5;-4190.237305
404793.5313;5863472.5;-4188.824707
404853.8438;5863472.5;-4187.70752
404914.1563;5863472.5;-4186.985352
404974.4375;5863472.5;-4186.851563
405034.75;5863472.5;-4187.001465
405095.0313;5863472.5;-4187.49707
405155.3438;5863472.5;-4188.638184
405215.6563;5863472.5;-4190.65625
405275.9375;5863472.5;-4193.316406
405336.25;5863472.5;-4196.354004
405396.5625;5863472.5;-4194.756348
405456.8438;5863472.5;-4198.443848
405517.1563;5863472.5;-4200.669434
405577.4375;5863472.5;-4197.460938
405637.75;5863472.5;-4204.662109
405698.0625;5863472.5;-4207.317871
405758.3438;5863472.5;-4211.683594
405818.6563;5863472.5;-4216.405762
405878.9688;5863472.5;-4219.933105
405939.25;5863472.5;-4210.533203
405999.5625;5863472.5;-4207.510742
406059.8438;5863472.5;-4208.119141
406120.1563;5863472.5;-4208.12207
406180.4688;5863472.5;-4207.900879
406240.75;5863472.5;-4207.837891
406301.0625;5863472.5;-4208.013184
406361.375;5863472.5;-4208.42627
406421.6563;5863472.5;-4209.041016
406481.9688;5863472.5;-4209.837402
406542.25;5863472.5;-4210.858887
406602.5625;5863472.5;-4212.008301
406662.875;5863472.5;-4213.157227
406723.1563;5863472.5;-4214.387207
406783.4688;5863472.5;-4215.703125
406843.7813;5863472.5;-4217.124023
406904.0625;5863472.5;-4218.602051
406964.375;5863472.5;-4220.12207
407024.6563;5863472.5;-4221.709473
407084.9688;5863472.5;-4223.298828
407145.2813;5863472.5;-4224.883789
407205.5625;5863472.5;-4226.479004
407265.875;5863472.5;-4228.055664
407326.1875;5863472.5;-4229.60791
407386.4688;5863472.5;-4231.123047
407446.7813;5863472.5;-4232.620605
407507.0625;5863472.5;-4234.100098
407567.375;5863472.5;-4235.526367
407627.6875;5863472.5;-4236.929688
407687.9688;5863472.5;-4238.314941
407748.2813;5863472.5;-4239.637695
407808.5938;5863472.5;-4240.916504
407868.875;5863472.5;-4242.162109
407929.1875;5863472.5;-4243.355469
407989.4688;5863472.5;-4244.516113
408049.7813;5863472.5;-4245.648926
408110.0938;5863472.5;-4246.733398
408170.375;5863472.5;-4247.772461
408230.6875;5863472.5;-4248.769043
408291;5863472.5;-4249.708984
408351.2813;5863472.5;-4250.606934
408411.5938;5863472.5;-4251.477539
408471.875;5863472.5;-4252.309082
408532.1875;5863472.5;-4253.080566
408592.5;5863472.5;-4253.811035
408652.7813;5863472.5;-4254.504883
408713.0938;5863472.5;-4255.158691
408773.4063;5863472.5;-4255.766113
408833.6875;5863472.5;-4256.331055
408894;5863472.5;-4256.856445
408954.2813;5863472.5;-4257.349121
409014.5938;5863472.5;-4257.797363
409074.9063;5863472.5;-4258.205078
409135.1875;5863472.5;-4258.57666
409195.5;5863472.5;-4258.910645
409255.8125;5863472.5;-4259.205566
409316.0938;5863472.5;-4259.47168
409376.4063;5863472.5;-4259.710938
401356.4063;5863533.5;-4254.669922
401416.6875;5863533.5;-4254.57373
401477;5863533.5;-4254.539063
401537.3125;5863533.5;-4254.612305
401597.5938;5863533.5;-4254.833984
401657.9063;5863533.5;-4255.001465
401718.2188;5863533.5;-4254.816895
401778.5;5863533.5;-4253.931641
401838.8125;5863533.5;-4252.033691
401899.0938;5863533.5;-4249.35791
401959.4063;5863533.5;-4246.052734
402019.7188;5863533.5;-4242.145996
402080;5863533.5;-4237.941895
402140.3125;5863533.5;-4233.836914
402200.625;5863533.5;-4229.844238
402260.9063;5863533.5;-4225.939941
402321.2188;5863533.5;-4222.360352
402381.5;5863533.5;-4218.987305
402441.8125;5863533.5;-4215.618652
402502.125;5863533.5;-4212.268066
402562.4063;5863533.5;-4208.930664
402622.7188;5863533.5;-4205.640625
402683.0313;5863533.5;-4202.418945
402743.3125;5863533.5;-4199.359375
402803.625;5863533.5;-4196.89209
402863.9063;5863533.5;-4195.143555
402924.2188;5863533.5;-4194.504883
402984.5313;5863533.5;-4194.23291
403044.8125;5863533.5;-4199.742188
403105.125;5863533.5;-4206.053223
403165.4375;5863533.5;-4212.603516
403225.7188;5863533.5;-4219.175781
403286.0313;5863533.5;-4225.518555
403346.3125;5863533.5;-4231.841797
403406.625;5863533.5;-4237.666016
403466.9375;5863533.5;-4241.294434
403527.2188;5863533.5;-4242.089355
403587.5313;5863533.5;-4241.416016
403647.8438;5863533.5;-4239.690918
403708.125;5863533.5;-4237.538086
403768.4375;5863533.5;-4235.38916
403828.7188;5863533.5;-4233.32666
403889.0313;5863533.5;-4231.51709
403949.3438;5863533.5;-4230.056152
404009.625;5863533.5;-4228.526367
404069.9375;5863533.5;-4226.769043
404130.25;5863533.5;-4224.715332
404190.5313;5863533.5;-4222.080078
404250.8438;5863533.5;-4218.546875
404311.125;5863533.5;-4214.439453
404371.4375;5863533.5;-4209.986328
404431.75;5863533.5;-4205.465332
404492.0313;5863533.5;-4201.191406
404552.3438;5863533.5;-4197.374023
404612.625;5863533.5;-4194.101074
404672.9375;5863533.5;-4191.347168
404733.25;5863533.5;-4189.178711
404793.5313;5863533.5;-4187.626953
404853.8438;5863533.5;-4186.388672
404914.1563;5863533.5;-4185.586914
404974.4375;5863533.5;-4185.380371
405034.75;5863533.5;-4185.470215
405095.0313;5863533.5;-4185.893555
405155.3438;5863533.5;-4186.894531
405215.6563;5863533.5;-4188.617188
405275.9375;5863533.5;-4190.804688
405336.25;5863533.5;-4193.172363
405396.5625;5863533.5;-4195.819824
405456.8438;5863533.5;-4193.487305
405517.1563;5863533.5;-4196.026367
405577.4375;5863533.5;-4196.102539
405637.75;5863533.5;-4205.074707
405698.0625;5863533.5;-4206.737793
405758.3438;5863533.5;-4209.955566
405818.6563;5863533.5;-4213.845215
405878.9688;5863533.5;-4217.09082
405939.25;5863533.5;-4203.649414
405999.5625;5863533.5;-4204.941895
406059.8438;5863533.5;-4205.624023
406120.1563;5863533.5;-4205.73584
406180.4688;5863533.5;-4205.635254
406240.75;5863533.5;-4205.683594
406301.0625;5863533.5;-4205.953125
406361.375;5863533.5;-4206.439941
406421.6563;5863533.5;-4207.12793
406481.9688;5863533.5;-4208.000977
406542.25;5863533.5;-4209.078125
406602.5625;5863533.5;-4210.288086
406662.875;5863533.5;-4211.519043
406723.1563;5863533.5;-4212.822754
406783.4688;5863533.5;-4214.197754
406843.7813;5863533.5;-4215.654785
406904.0625;5863533.5;-4217.160156
406964.375;5863533.5;-4218.696289
407024.6563;5863533.5;-4220.272949
407084.9688;5863533.5;-4221.852051
407145.2813;5863533.5;-4223.427246
407205.5625;5863533.5;-4225.000488
407265.875;5863533.5;-4226.560059
407326.1875;5863533.5;-4228.097656
407386.4688;5863533.5;-4229.599121
407446.7813;5863533.5;-4231.084961
407507.0625;5863533.5;-4232.555176
407567.375;5863533.5;-4233.974121
407627.6875;5863533.5;-4235.371582
407687.9688;5863533.5;-4236.752441
407748.2813;5863533.5;-4238.072754
407808.5938;5863533.5;-4239.350586
407868.875;5863533.5;-4240.596191
407929.1875;5863533.5;-4241.791992
407989.4688;5863533.5;-4242.956055
408049.7813;5863533.5;-4244.091797
408110.0938;5863533.5;-4245.180664
408170.375;5863533.5;-4246.224609
408230.6875;5863533.5;-4247.226074
408291;5863533.5;-4248.171875
408351.2813;5863533.5;-4249.076172
408411.5938;5863533.5;-4249.95459
408471.875;5863533.5;-4250.792969
408532.1875;5863533.5;-4251.572266
408592.5;5863533.5;-4252.311035
408652.7813;5863533.5;-4253.013672
408713.0938;5863533.5;-4253.67627
408773.4063;5863533.5;-4254.293457
408833.6875;5863533.5;-4254.866699
408894;5863533.5;-4255.401367
408954.2813;5863533.5;-4255.90332
409014.5938;5863533.5;-4256.359863
409074.9063;5863533.5;-4256.776855
409135.1875;5863533.5;-4257.156738
409195.5;5863533.5;-4257.499023
409255.8125;5863533.5;-4257.801758
409316.0938;5863533.5;-4258.075684
409376.4063;5863533.5;-4258.322754
401356.4063;5863594;-4256.144531
401416.6875;5863594;-4255.880859
401477;5863594;-4255.77832
401537.3125;5863594;-4255.935547
401597.5938;5863594;-4256.490723
401657.9063;5863594;-4257.158691
401718.2188;5863594;-4257.492188
401778.5;5863594;-4256.980469
401838.8125;5863594;-4255.178223
401899.0938;5863594;-4252.374023
401959.4063;5863594;-4248.750977
402019.7188;5863594;-4244.384766
402080;5863594;-4239.724121
402140.3125;5863594;-4235.235352
402200.625;5863594;-4230.938477
402260.9063;5863594;-4226.82373
402321.2188;5863594;-4223.137695
402381.5;5863594;-4219.697754
402441.8125;5863594;-4216.27002
402502.125;5863594;-4212.858887
402562.4063;5863594;-4209.444336
402622.7188;5863594;-4206.05127
402683.0313;5863594;-4202.731934
402743.3125;5863594;-4199.55127
402803.625;5863594;-4196.875977
402863.9063;5863594;-4194.713379
402924.2188;5863594;-4193.34375
402984.5313;5863594;-4192.484375
403044.8125;5863594;-4198.412109
403105.125;5863594;-4204.85791
403165.4375;5863594;-4211.383789
403225.7188;5863594;-4217.880859
403286.0313;5863594;-4223.993652
403346.3125;5863594;-4229.879395
403406.625;5863594;-4235.173828
403466.9375;5863594;-4238.713379
403527.2188;5863594;-4239.948242
403587.5313;5863594;-4239.70752
403647.8438;5863594;-4238.319824
403708.125;5863594;-4236.374023
403768.4375;5863594;-4234.302246
403828.7188;5863594;-4232.212891
403889.0313;5863594;-4230.262207
403949.3438;5863594;-4228.541992
404009.625;5863594;-4226.723145
404069.9375;5863594;-4224.69873
404130.25;5863594;-4222.428711
404190.5313;5863594;-4219.705566
404250.8438;5863594;-4216.291016
404311.125;5863594;-4212.412598
404371.4375;5863594;-4208.252441
404431.75;5863594;-4204.027832
404492.0313;5863594;-4199.970215
404552.3438;5863594;-4196.260742
404612.625;5863594;-4192.986328
404672.9375;5863594;-4190.141113
404733.25;5863594;-4187.844727
404793.5313;5863594;-4186.129395
404853.8438;5863594;-4184.73877
404914.1563;5863594;-4183.811035
404974.4375;5863594;-4183.489258
405034.75;5863594;-4183.47168
405095.0313;5863594;-4183.785645
405155.3438;5863594;-4184.649902
405215.6563;5863594;-4186.151367
405275.9375;5863594;-4188.020508
405336.25;5863594;-4189.962891
405396.5625;5863594;-4192.067871
405456.8438;5863594;-4188.699219
405517.1563;5863594;-4191.359375
405577.4375;5863594;-4193.027344
405637.75;5863594;-4193.597168
405698.0625;5863594;-4205.80957
405758.3438;5863594;-4208.466309
405818.6563;5863594;-4211.71582
405878.9688;5863594;-4199.245117
405939.25;5863594;-4201.211914
405999.5625;5863594;-4202.403809
406059.8438;5863594;-4203.102539
406120.1563;5863594;-4203.337402
406180.4688;5863594;-4203.416016
406240.75;5863594;-4203.642578
406301.0625;5863594;-4204.071777
406361.375;5863594;-4204.691895
406421.6563;5863594;-4205.492676
406481.9688;5863594;-4206.458984
406542.25;5863594;-4207.602539
406602.5625;5863594;-4208.864258
406662.875;5863594;-4210.147949
406723.1563;5863594;-4211.494141
406783.4688;5863594;-4212.897949
406843.7813;5863594;-4214.365723
406904.0625;5863594;-4215.873535
406964.375;5863594;-4217.40625
407024.6563;5863594;-4218.96582
407084.9688;5863594;-4220.52832
407145.2813;5863594;-4222.087402
407205.5625;5863594;-4223.639648
407265.875;5863594;-4225.180176
407326.1875;5863594;-4226.70166
407386.4688;5863594;-4228.188477
407446.7813;5863594;-4229.661621
407507.0625;5863594;-4231.119629
407567.375;5863594;-4232.529297
407627.6875;5863594;-4233.919434
407687.9688;5863594;-4235.291992
407748.2813;5863594;-4236.608887
407808.5938;5863594;-4237.883301
407868.875;5863594;-4239.126465
407929.1875;5863594;-4240.319824
407989.4688;5863594;-4241.484375
408049.7813;5863594;-4242.620605
408110.0938;5863594;-4243.710938
408170.375;5863594;-4244.756836
408230.6875;5863594;-4245.760742
408291;5863594;-4246.709473
408351.2813;5863594;-4247.617676
408411.5938;5863594;-4248.500488
408471.875;5863594;-4249.34375
408532.1875;5863594;-4250.12793
408592.5;5863594;-4250.872559
408652.7813;5863594;-4251.581055
408713.0938;5863594;-4252.25
408773.4063;5863594;-4252.872559
408833.6875;5863594;-4253.453613
408894;5863594;-4253.995117
408954.2813;5863594;-4254.503418
409014.5938;5863594;-4254.966309
409074.9063;5863594;-4255.38916
409135.1875;5863594;-4255.775391
409195.5;5863594;-4256.124023
409255.8125;5863594;-4256.433594
409316.0938;5863594;-4256.712891
409376.4063;5863594;-4256.964844
401356.4063;5863654.5;-4257.763672
401416.6875;5863654.5;-4257.075195
401477;5863654.5;-4256.677734
401537.3125;5863654.5;-4256.746094
401597.5938;5863654.5;-4257.591309
401657.9063;5863654.5;-4258.845215
401718.2188;5863654.5;-4259.865723
401778.5;5863654.5;-4259.92041
401838.8125;5863654.5;-4258.354492
401899.0938;5863654.5;-4255.501465
401959.4063;5863654.5;-4251.578613
402019.7188;5863654.5;-4246.697754
402080;5863654.5;-4241.522461
402140.3125;5863654.5;-4236.631836
402200.625;5863654.5;-4232.060059
402260.9063;5863654.5;-4227.803223
402321.2188;5863654.5;-4224.074219
402381.5;5863654.5;-4220.633301
402441.8125;5863654.5;-4217.218262
402502.125;5863654.5;-4213.827637
402562.4063;5863654.5;-4210.419922
402622.7188;5863654.5;-4207.008789
402683.0313;5863654.5;-4203.751953
402743.3125;5863654.5;-4200.696289
402803.625;5863654.5;-4198.120117
402863.9063;5863654.5;-4196.021973
402924.2188;5863654.5;-4190.830078
402984.5313;5863654.5;-4193.114746
403044.8125;5863654.5;-4198.544434
403105.125;5863654.5;-4204.522949
403165.4375;5863654.5;-4210.644531
403225.7188;5863654.5;-4216.772949
403286.0313;5863654.5;-4222.449707
403346.3125;5863654.5;-4227.771484
403406.625;5863654.5;-4232.47168
403466.9375;5863654.5;-4235.779785
403527.2188;5863654.5;-4237.267578
403587.5313;5863654.5;-4237.375977
403647.8438;5863654.5;-4236.343262
403708.125;5863654.5;-4234.671875
403768.4375;5863654.5;-4232.753418
403828.7188;5863654.5;-4230.717285
403889.0313;5863654.5;-4228.710449
403949.3438;5863654.5;-4226.813477
404009.625;5863654.5;-4224.788574
404069.9375;5863654.5;-4222.57666
404130.25;5863654.5;-4220.155762
404190.5313;5863654.5;-4217.365723
404250.8438;5863654.5;-4214.025391
404311.125;5863654.5;-4210.313477
404371.4375;5863654.5;-4206.382324
404431.75;5863654.5;-4202.395508
404492.0313;5863654.5;-4198.516602
404552.3438;5863654.5;-4194.902832
404612.625;5863654.5;-4191.635742
404672.9375;5863654.5;-4188.719238
404733.25;5863654.5;-4186.29834
404793.5313;5863654.5;-4184.417969
404853.8438;5863654.5;-4182.862305
404914.1563;5863654.5;-4181.778809
404974.4375;5863654.5;-4181.300781
405034.75;5863654.5;-4181.131348
405095.0313;5863654.5;-4181.295898
405155.3438;5863654.5;-4182.016602
405215.6563;5863654.5;-4183.386719
405275.9375;5863654.5;-4185.129883
405336.25;5863654.5;-4186.996094
405396.5625;5863654.5;-4189.069336
405456.8438;5863654.5;-4191.557129
405517.1563;5863654.5;-4187.519043
405577.4375;5863654.5;-4189.837891
405637.75;5863654.5;-4191.469727
405698.0625;5863654.5;-4204.16748
405758.3438;5863654.5;-4206.614746
405818.6563;5863654.5;-4194.522949
405878.9688;5863654.5;-4196.918457
405939.25;5863654.5;-4198.62793
405999.5625;5863654.5;-4199.709961
406059.8438;5863654.5;-4200.429199
406120.1563;5863654.5;-4200.810547
406180.4688;5863654.5;-4201.097656
406240.75;5863654.5;-4201.529297
406301.0625;5863654.5;-4202.141113
406361.375;5863654.5;-4202.913086
406421.6563;5863654.5;-4203.840332
406481.9688;5863654.5;-4204.911621
406542.25;5863654.5;-4206.129395
406602.5625;5863654.5;-4207.449219
406662.875;5863654.5;-4208.790527
406723.1563;5863654.5;-4210.182129
406783.4688;5863654.5;-4211.619141
406843.7813;5863654.5;-4213.100586
406904.0625;5863654.5;-4214.615234
406964.375;5863654.5;-4216.146973
407024.6563;5863654.5;-4217.694824
407084.9688;5863654.5;-4219.244141
407145.2813;5863654.5;-4220.789551
407205.5625;5863654.5;-4222.32373
407265.875;5863654.5;-4223.847168
407326.1875;5863654.5;-4225.354492
407386.4688;5863654.5;-4226.828613
407446.7813;5863654.5;-4228.289063
407507.0625;5863654.5;-4229.73584
407567.375;5863654.5;-4231.137207
407627.6875;5863654.5;-4232.518555
407687.9688;5863654.5;-4233.882813
407748.2813;5863654.5;-4235.194336
407808.5938;5863654.5;-4236.464844
407868.875;5863654.5;-4237.70459
407929.1875;5863654.5;-4238.897949
407989.4688;5863654.5;-4240.060547
408049.7813;5863654.5;-4241.196289
408110.0938;5863654.5;-4242.287598
408170.375;5863654.5;-4243.334473
408230.6875;5863654.5;-4244.339844
408291;5863654.5;-4245.291504
408351.2813;5863654.5;-4246.203125
408411.5938;5863654.5;-4247.088867
408471.875;5863654.5;-4247.936035
408532.1875;5863654.5;-4248.725586
408592.5;5863654.5;-4249.475098
408652.7813;5863654.5;-4250.188965
408713.0938;5863654.5;-4250.86377
408773.4063;5863654.5;-4251.492188
408833.6875;5863654.5;-4252.079102
408894;5863654.5;-4252.625977
408954.2813;5863654.5;-4253.141113
409014.5938;5863654.5;-4253.610352
409074.9063;5863654.5;-4254.039063
409135.1875;5863654.5;-4254.431152
409195.5;5863654.5;-4254.786621
409255.8125;5863654.5;-4255.101074
409316.0938;5863654.5;-4255.38623
409376.4063;5863654.5;-4255.644531
401356.4063;5863715;-4259.433594
401416.6875;5863715;-4258.012695
401477;5863715;-4257.028809
401537.3125;5863715;-4256.764648
401597.5938;5863715;-4257.807129
401657.9063;5863715;-4259.709961
401718.2188;5863715;-4261.602051
401778.5;5863715;-4262.45166
401838.8125;5863715;-4261.329102
401899.0938;5863715;-4258.545898
401959.4063;5863715;-4254.352539
402019.7188;5863715;-4248.937012
402080;5863715;-4243.183105
402140.3125;5863715;-4237.858398
402200.625;5863715;-4233.078613
402260.9063;5863715;-4228.818848
402321.2188;5863715;-4225.132324
402381.5;5863715;-4221.757324
402441.8125;5863715;-4218.423828
402502.125;5863715;-4215.13623
402562.4063;5863715;-4211.86377
402622.7188;5863715;-4208.621094
402683.0313;5863715;-4205.543945
402743.3125;5863715;-4202.669922
402803.625;5863715;-4200.34082
402863.9063;5863715;-4198.653809
402924.2188;5863715;-4193.696289
402984.5313;5863715;-4195.588379
403044.8125;5863715;-4199.793945
403105.125;5863715;-4204.856445
403165.4375;5863715;-4210.310059
403225.7188;5863715;-4215.868652
403286.0313;5863715;-4220.998535
403346.3125;5863715;-4225.737793
403406.625;5863715;-4229.891602
403466.9375;5863715;-4232.887695
403527.2188;5863715;-4234.405762
403587.5313;5863715;-4234.713867
403647.8438;5863715;-4233.96582
403708.125;5863715;-4232.559082
403768.4375;5863715;-4230.821777
403828.7188;5863715;-4228.883789
403889.0313;5863715;-4226.879395
403949.3438;5863715;-4224.873535
404009.625;5863715;-4222.705078
404069.9375;5863715;-4220.361816
404130.25;5863715;-4217.836426
404190.5313;5863715;-4215.003906
404250.8438;5863715;-4211.727051
404311.125;5863715;-4208.152344
404371.4375;5863715;-4204.407227
404431.75;5863715;-4200.611816
404492.0313;5863715;-4196.878906
404552.3438;5863715;-4193.344238
404612.625;5863715;-4190.083008
404672.9375;5863715;-4187.104492
404733.25;5863715;-4184.555664
404793.5313;5863715;-4182.506348
404853.8438;5863715;-4180.770508
404914.1563;5863715;-4179.501465
404974.4375;5863715;-4178.821777
405034.75;5863715;-4178.453125
405095.0313;5863715;-4178.422363
405155.3438;5863715;-4178.978027
405215.6563;5863715;-4180.280762
405275.9375;5863715;-4182.051758
405336.25;5863715;-4184.037598
405396.5625;5863715;-4186.275879
405456.8438;5863715;-4188.794922
405517.1563;5863715;-4190.995117
405577.4375;5863715;-4186.701172
405637.75;5863715;-4188.902832
405698.0625;5863715;-4191.095215
405758.3438;5863715;-4190.169434
405818.6563;5863715;-4192.295898
405878.9688;5863715;-4194.353027
405939.25;5863715;-4195.849609
405999.5625;5863715;-4196.864258
406059.8438;5863715;-4197.643555
406120.1563;5863715;-4198.206055
406180.4688;5863715;-4198.724121
406240.75;5863715;-4199.377441
406301.0625;5863715;-4200.181152
406361.375;5863715;-4201.111816
406421.6563;5863715;-4202.170898
406481.9688;5863715;-4203.352051
406542.25;5863715;-4204.649902
406602.5625;5863715;-4206.03125
406662.875;5863715;-4207.434082
406723.1563;5863715;-4208.876465
406783.4688;5863715;-4210.349609
406843.7813;5863715;-4211.851074
406904.0625;5863715;-4213.376465
406964.375;5863715;-4214.913086
407024.6563;5863715;-4216.452148
407084.9688;5863715;-4217.992188
407145.2813;5863715;-4219.526855
407205.5625;5863715;-4221.046387
407265.875;5863715;-4222.555664
407326.1875;5863715;-4224.049805
407386.4688;5863715;-4225.51123
407446.7813;5863715;-4226.960938
407507.0625;5863715;-4228.396484
407567.375;5863715;-4229.788574
407627.6875;5863715;-4231.162109
407687.9688;5863715;-4232.518555
407748.2813;5863715;-4233.825195
407808.5938;5863715;-4235.091797
407868.875;5863715;-4236.327148
407929.1875;5863715;-4237.518066
407989.4688;5863715;-4238.680176
408049.7813;5863715;-4239.814453
408110.0938;5863715;-4240.905762
408170.375;5863715;-4241.954102
408230.6875;5863715;-4242.959961
408291;5863715;-4243.913086
408351.2813;5863715;-4244.828613
408411.5938;5863715;-4245.716797
408471.875;5863715;-4246.567871
408532.1875;5863715;-4247.361816
408592.5;5863715;-4248.116699
408652.7813;5863715;-4248.834473
408713.0938;5863715;-4249.51416
408773.4063;5863715;-4250.148926
408833.6875;5863715;-4250.741211
408894;5863715;-4251.293945
408954.2813;5863715;-4251.814941
409014.5938;5863715;-4252.290527
409074.9063;5863715;-4252.724609
409135.1875;5863715;-4253.123047
409195.5;5863715;-4253.483398
409255.8125;5863715;-4253.803711
409316.0938;5863715;-4254.095215
409376.4063;5863715;-4254.35791
401356.4063;5863775.5;-4261.05957
401416.6875;5863775.5;-4258.499023
401477;5863775.5;-4256.509766
401537.3125;5863775.5;-4255.539063
401597.5938;5863775.5;-4256.633301
401657.9063;5863775.5;-4259.226074
401718.2188;5863775.5;-4262.180176
401778.5;5863775.5;-4264.180664
401838.8125;5863775.5;-4264.055664
401899.0938;5863775.5;-4261.496094
401959.4063;5863775.5;-4256.827148
402019.7188;5863775.5;-4250.868164
402080;5863775.5;-4244.532715
402140.3125;5863775.5;-4238.740723
402200.625;5863775.5;-4233.818848
402260.9063;5863775.5;-4229.697266
402321.2188;5863775.5;-4226.112793
402381.5;5863775.5;-4222.785645
402441.8125;5863775.5;-4219.505371
402502.125;5863775.5;-4216.283691
402562.4063;5863775.5;-4213.130371
402622.7188;5863775.5;-4210.087891
402683.0313;5863775.5;-4207.146973
402743.3125;5863775.5;-4204.336914
402803.625;5863775.5;-4202.149414
402863.9063;5863775.5;-4200.648926
402924.2188;5863775.5;-4197.064941
402984.5313;5863775.5;-4198.530762
403044.8125;5863775.5;-4201.772461
403105.125;5863775.5;-4205.937988
403165.4375;5863775.5;-4210.537598
403225.7188;5863775.5;-4215.312988
403286.0313;5863775.5;-4219.764648
403346.3125;5863775.5;-4223.867188
403406.625;5863775.5;-4227.457031
403466.9375;5863775.5;-4230.080078
403527.2188;5863775.5;-4231.48291
403587.5313;5863775.5;-4231.858398
403647.8438;5863775.5;-4231.307617
403708.125;5863775.5;-4230.127441
403768.4375;5863775.5;-4228.566895
403828.7188;5863775.5;-4226.750977
403889.0313;5863775.5;-4224.791016
403949.3438;5863775.5;-4222.734863
404009.625;5863775.5;-4220.481445
404069.9375;5863775.5;-4218.058594
404130.25;5863775.5;-4215.471191
404190.5313;5863775.5;-4212.620605
404250.8438;5863775.5;-4209.399414
404311.125;5863775.5;-4205.929688
404371.4375;5863775.5;-4202.318359
404431.75;5863775.5;-4198.654297
404492.0313;5863775.5;-4195.01416
404552.3438;5863775.5;-4191.517578
404612.625;5863775.5;-4188.233887
404672.9375;5863775.5;-4185.164551
404733.25;5863775.5;-4182.464355
404793.5313;5863775.5;-4180.212891
404853.8438;5863775.5;-4178.252441
404914.1563;5863775.5;-4176.735352
404974.4375;5863775.5;-4175.778809
405034.75;5863775.5;-4175.126953
405095.0313;5863775.5;-4174.820313
405155.3438;5863775.5;-4175.149414
405215.6563;5863775.5;-4176.379395
405275.9375;5863775.5;-4178.22998
405336.25;5863775.5;-4180.430176
405396.5625;5863775.5;-4182.913086
405456.8438;5863775.5;-4185.57373
405517.1563;5863775.5;-4187.908691
405577.4375;5863775.5;-4190.182617
405637.75;5863775.5;-4186.26416
405698.0625;5863775.5;-4185.991211
405758.3438;5863775.5;-4187.955078
405818.6563;5863775.5;-4189.882324
405878.9688;5863775.5;-4191.694824
405939.25;5863775.5;-4193.072754
405999.5625;5863775.5;-4194.097656
406059.8438;5863775.5;-4194.996582
406120.1563;5863775.5;-4195.772461
406180.4688;5863775.5;-4196.53418
406240.75;5863775.5;-4197.412109
406301.0625;5863775.5;-4198.410156
406361.375;5863775.5;-4199.499023
406421.6563;5863775.5;-4200.686523
406481.9688;5863775.5;-4201.969238
406542.25;5863775.5;-4203.339355
406602.5625;5863775.5;-4204.770508
406662.875;5863775.5;-4206.214844
406723.1563;5863775.5;-4207.688965
406783.4688;5863775.5;-4209.184082
406843.7813;5863775.5;-4210.694336
406904.0625;5863775.5;-4212.220703
406964.375;5863775.5;-4213.753418
407024.6563;5863775.5;-4215.283691
407084.9688;5863775.5;-4216.812012
407145.2813;5863775.5;-4218.335449
407205.5625;5863775.5;-4219.84082
407265.875;5863775.5;-4221.336426
407326.1875;5863775.5;-4222.818359
407386.4688;5863775.5;-4224.268066
407446.7813;5863775.5;-4225.705566
407507.0625;5863775.5;-4227.130859
407567.375;5863775.5;-4228.514648
407627.6875;5863775.5;-4229.879395
407687.9688;5863775.5;-4231.228027
407748.2813;5863775.5;-4232.528809
407808.5938;5863775.5;-4233.790527
407868.875;5863775.5;-4235.020996
407929.1875;5863775.5;-4236.208008
407989.4688;5863775.5;-4237.367188
408049.7813;5863775.5;-4238.499512
408110.0938;5863775.5;-4239.589844
408170.375;5863775.5;-4240.636719
408230.6875;5863775.5;-4241.64209
408291;5863775.5;-4242.596191
408351.2813;5863775.5;-4243.512695
408411.5938;5863775.5;-4244.402344
408471.875;5863775.5;-4245.255371
408532.1875;5863775.5;-4246.051758
408592.5;5863775.5;-4246.808594
408652.7813;5863775.5;-4247.530273
408713.0938;5863775.5;-4248.213379
408773.4063;5863775.5;-4248.851563
408833.6875;5863775.5;-4249.447754
408894;5863775.5;-4250.004395
408954.2813;5863775.5;-4250.528809
409014.5938;5863775.5;-4251.009277
409074.9063;5863775.5;-4251.447754
409135.1875;5863775.5;-4251.850586
409195.5;5863775.5;-4252.214844
409255.8125;5863775.5;-4252.538574
409316.0938;5863775.5;-4252.834473
409376.4063;5863775.5;-4253.101563
401356.4063;5863836.5;-4262.581055
401416.6875;5863836.5;-4258.510254
401477;5863836.5;-4255.03418
401537.3125;5863836.5;-4252.909668
401597.5938;5863836.5;-4253.869629
401657.9063;5863836.5;-4257.069336
401718.2188;5863836.5;-4261.138184
401778.5;5863836.5;-4264.718262
401838.8125;5863836.5;-4266.307617
401899.0938;5863836.5;-4264.140625
401959.4063;5863836.5;-4258.683594
402019.7188;5863836.5;-4252.211914
402080;5863836.5;-4245.657227
402140.3125;5863836.5;-4239.746094
402200.625;5863836.5;-4234.793457
402260.9063;5863836.5;-4230.724121
402321.2188;5863836.5;-4227.200195
402381.5;5863836.5;-4223.925293
402441.8125;5863836.5;-4220.716309
402502.125;5863836.5;-4217.578125
402562.4063;5863836.5;-4214.531738
402622.7188;5863836.5;-4211.648438
402683.0313;5863836.5;-4208.839844
402743.3125;5863836.5;-4206.111816
402803.625;5863836.5;-4204.022461
402863.9063;5863836.5;-4202.600586
402924.2188;5863836.5;-4200.416504
402984.5313;5863836.5;-4201.473145
403044.8125;5863836.5;-4203.991211
403105.125;5863836.5;-4207.312988
403165.4375;5863836.5;-4211.043945
403225.7188;5863836.5;-4214.988281
403286.0313;5863836.5;-4218.708008
403346.3125;5863836.5;-4222.142578
403406.625;5863836.5;-4225.148438
403466.9375;5863836.5;-4227.363281
403527.2188;5863836.5;-4228.570313
403587.5313;5863836.5;-4228.915527
403647.8438;5863836.5;-4228.469727
403708.125;5863836.5;-4227.441895
403768.4375;5863836.5;-4226.022461
403828.7188;5863836.5;-4224.320313
403889.0313;5863836.5;-4222.425293
403949.3438;5863836.5;-4220.363281
404009.625;5863836.5;-4218.078613
404069.9375;5863836.5;-4215.627441
404130.25;5863836.5;-4213.022461
404190.5313;5863836.5;-4210.183594
404250.8438;5863836.5;-4207.021973
404311.125;5863836.5;-4203.63916
404371.4375;5863836.5;-4200.126953
404431.75;5863836.5;-4196.553223
404492.0313;5863836.5;-4192.971191
404552.3438;5863836.5;-4189.487305
404612.625;5863836.5;-4186.165039
404672.9375;5863836.5;-4182.992676
404733.25;5863836.5;-4180.128418
404793.5313;5863836.5;-4177.658203
404853.8438;5863836.5;-4175.445313
404914.1563;5863836.5;-4173.639648
404974.4375;5863836.5;-4172.356445
405034.75;5863836.5;-4171.373047
405095.0313;5863836.5;-4170.744141
405155.3438;5863836.5;-4170.802246
405215.6563;5863836.5;-4171.904785
405275.9375;5863836.5;-4173.84082
405336.25;5863836.5;-4176.312012
405396.5625;5863836.5;-4179.057617
405456.8438;5863836.5;-4181.928711
405517.1563;5863836.5;-4184.45459
405577.4375;5863836.5;-4186.913086
405637.75;5863836.5;-4181.338379
405698.0625;5863836.5;-4183.343262
405758.3438;5863836.5;-4185.293457
405818.6563;5863836.5;-4187.123047
405878.9688;5863836.5;-4188.843262
405939.25;5863836.5;-4190.240234
405999.5625;5863836.5;-4191.380371
406059.8438;5863836.5;-4192.462402
406120.1563;5863836.5;-4193.474609
406180.4688;5863836.5;-4194.474121
406240.75;5863836.5;-4195.562988
406301.0625;5863836.5;-4196.73877
406361.375;5863836.5;-4197.972168
406421.6563;5863836.5;-4199.277832
406481.9688;5863836.5;-4200.65332
406542.25;5863836.5;-4202.089355
406602.5625;5863836.5;-4203.566406
406662.875;5863836.5;-4205.049316
406723.1563;5863836.5;-4206.552246
406783.4688;5863836.5;-4208.065918
406843.7813;5863836.5;-4209.586914
406904.0625;5863836.5;-4211.116699
406964.375;5863836.5;-4212.647949
407024.6563;5863836.5;-4214.171387
407084.9688;5863836.5;-4215.692383
407145.2813;5863836.5;-4217.206543
407205.5625;5863836.5;-4218.700684
407265.875;5863836.5;-4220.185547
407326.1875;5863836.5;-4221.65625
407386.4688;5863836.5;-4223.095215
407446.7813;5863836.5;-4224.522461
407507.0625;5863836.5;-4225.9375
407567.375;5863836.5;-4227.312988
407627.6875;5863836.5;-4228.668945
407687.9688;5863836.5;-4230.009277
407748.2813;5863836.5;-4231.304199
407808.5938;5863836.5;-4232.561035
407868.875;5863836.5;-4233.785156
407929.1875;5863836.5;-4234.96875
407989.4688;5863836.5;-4236.124512
408049.7813;5863836.5;-4237.253418
408110.0938;5863836.5;-4238.341309
408170.375;5863836.5;-4239.386719
408230.6875;5863836.5;-4240.391113
408291;5863836.5;-4241.344727
408351.2813;5863836.5;-4242.260742
408411.5938;5863836.5;-4243.151367
408471.875;5863836.5;-4244.005371
408532.1875;5863836.5;-4244.803223
408592.5;5863836.5;-4245.562012
408652.7813;5863836.5;-4246.285645
408713.0938;5863836.5;-4246.970703
408773.4063;5863836.5;-4247.612305
408833.6875;5863836.5;-4248.211426
408894;5863836.5;-4248.771973
408954.2813;5863836.5;-4249.299805
409014.5938;5863836.5;-4249.782715
409074.9063;5863836.5;-4250.225098
409135.1875;5863836.5;-4250.631348
409195.5;5863836.5;-4250.999512
409255.8125;5863836.5;-4251.32666
409316.0938;5863836.5;-4251.625977
409376.4063;5863836.5;-4251.895996
401356.4063;5863897;-4264.174805
401416.6875;5863897;-4258.681152
401477;5863897;-4253.529785
401537.3125;5863897;-4250.105957
401597.5938;5863897;-4250.842285
401657.9063;5863897;-4254.268066
401718.2188;5863897;-4258.880859
401778.5;5863897;-4263.193359
401838.8125;5863897;-4265.460938
401899.0938;5863897;-4263.810547
401959.4063;5863897;-4258.72168
402019.7188;5863897;-4252.531738
402080;5863897;-4246.319824
402140.3125;5863897;-4240.741211
402200.625;5863897;-4235.930664
402260.9063;5863897;-4231.835938
402321.2188;5863897;-4228.321289
402381.5;5863897;-4225.094238
402441.8125;5863897;-4221.959961
402502.125;5863897;-4218.906738
402562.4063;5863897;-4215.962402
402622.7188;5863897;-4213.204102
402683.0313;5863897;-4210.510742
402743.3125;5863897;-4207.854004
402803.625;5863897;-4205.791016
402863.9063;5863897;-4204.008301
402924.2188;5863897;-4203.535156
402984.5313;5863897;-4204.214844
403044.8125;5863897;-4206.106934
403105.125;5863897;-4208.66748
403165.4375;5863897;-4211.603516
403225.7188;5863897;-4214.760254
403286.0313;5863897;-4217.768555
403346.3125;5863897;-4220.549805
403406.625;5863897;-4222.982422
403466.9375;5863897;-4224.787109
403527.2188;5863897;-4225.764648
403587.5313;5863897;-4226.023438
403647.8438;5863897;-4225.608887
403708.125;5863897;-4224.670898
403768.4375;5863897;-4223.350586
403828.7188;5863897;-4221.738281
403889.0313;5863897;-4219.904297
403949.3438;5863897;-4217.856934
404009.625;5863897;-4215.572754
404069.9375;5863897;-4213.125
404130.25;5863897;-4210.531738
404190.5313;5863897;-4207.727051
404250.8438;5863897;-4204.629883
404311.125;5863897;-4201.326172
404371.4375;5863897;-4197.895996
404431.75;5863897;-4194.39209
404492.0313;5863897;-4190.851563
404552.3438;5863897;-4187.369141
404612.625;5863897;-4183.99707
404672.9375;5863897;-4180.721191
404733.25;5863897;-4177.693359
404793.5313;5863897;-4175.003906
404853.8438;5863897;-4172.541016
404914.1563;5863897;-4170.450195
404974.4375;5863897;-4168.85791
405034.75;5863897;-4167.574219
405095.0313;5863897;-4166.657715
405155.3438;5863897;-4166.4375
405215.6563;5863897;-4167.353516
405275.9375;5863897;-4169.370605
405336.25;5863897;-4172.155762
405396.5625;5863897;-4175.150391
405456.8438;5863897;-4178.203613
405517.1563;5863897;-4180.90918
405577.4375;5863897;-4176.36084
405637.75;5863897;-4178.431641
405698.0625;5863897;-4180.501465
405758.3438;5863897;-4182.470215
405818.6563;5863897;-4184.291992
405878.9688;5863897;-4186.031738
405939.25;5863897;-4187.527344
405999.5625;5863897;-4188.827148
406059.8438;5863897;-4190.109863
406120.1563;5863897;-4191.344727
406180.4688;5863897;-4192.556641
406240.75;5863897;-4193.828125
406301.0625;5863897;-4195.158203
406361.375;5863897;-4196.518555
406421.6563;5863897;-4197.927246
406481.9688;5863897;-4199.385742
406542.25;5863897;-4200.880371
406602.5625;5863897;-4202.399902
406662.875;5863897;-4203.919922
406723.1563;5863897;-4205.450684
406783.4688;5863897;-4206.985352
406843.7813;5863897;-4208.517578
406904.0625;5863897;-4210.052734
406964.375;5863897;-4211.584961
407024.6563;5863897;-4213.10498
407084.9688;5863897;-4214.620605
407145.2813;5863897;-4216.129395
407205.5625;5863897;-4217.61377
407265.875;5863897;-4219.089355
407326.1875;5863897;-4220.550293
407386.4688;5863897;-4221.97998
407446.7813;5863897;-4223.398438
407507.0625;5863897;-4224.803223
407567.375;5863897;-4226.169434
407627.6875;5863897;-4227.517578
407687.9688;5863897;-4228.849609
407748.2813;5863897;-4230.138672
407808.5938;5863897;-4231.388672
407868.875;5863897;-4232.60791
407929.1875;5863897;-4233.787109
407989.4688;5863897;-4234.939453
408049.7813;5863897;-4236.064453
408110.0938;5863897;-4237.149902
408170.375;5863897;-4238.192871
408230.6875;5863897;-4239.195801
408291;5863897;-4240.147949
408351.2813;5863897;-4241.063965
408411.5938;5863897;-4241.95459
408471.875;5863897;-4242.809082
408532.1875;5863897;-4243.60791
408592.5;5863897;-4244.367676
408652.7813;5863897;-4245.093262
408713.0938;5863897;-4245.781738
408773.4063;5863897;-4246.424805
408833.6875;5863897;-4247.026855
408894;5863897;-4247.589844
408954.2813;5863897;-4248.120117
409014.5938;5863897;-4248.606445
409074.9063;5863897;-4249.052246
409135.1875;5863897;-4249.461914
409195.5;5863897;-4249.832031
409255.8125;5863897;-4250.162598
409316.0938;5863897;-4250.464355
409376.4063;5863897;-4250.737793
401356.4063;5863957.5;-4265.691895
401416.6875;5863957.5;-4259.136719
401477;5863957.5;-4252.384766
401537.3125;5863957.5;-4247.825684
401597.5938;5863957.5;-4248.327148
401657.9063;5863957.5;-4251.530762
401718.2188;5863957.5;-4255.913574
401778.5;5863957.5;-4259.882813
401838.8125;5863957.5;-4261.648926
401899.0938;5863957.5;-4260.569336
401959.4063;5863957.5;-4256.968262
402019.7188;5863957.5;-4251.807129
402080;5863957.5;-4246.335938
402140.3125;5863957.5;-4241.333984
402200.625;5863957.5;-4236.844727
402260.9063;5863957.5;-4232.84668
402321.2188;5863957.5;-4229.38623
402381.5;5863957.5;-4226.213867
402441.8125;5863957.5;-4223.157715
402502.125;5863957.5;-4220.206055
402562.4063;5863957.5;-4217.397461
402622.7188;5863957.5;-4214.79248
402683.0313;5863957.5;-4212.286133
402743.3125;5863957.5;-4209.848145
402803.625;5863957.5;-4207.937012
402863.9063;5863957.5;-4206.585449
402924.2188;5863957.5;-4206.018066
402984.5313;5863957.5;-4206.393066
403044.8125;5863957.5;-4207.774902
403105.125;5863957.5;-4209.708496
403165.4375;5863957.5;-4211.974121
403225.7188;5863957.5;-4214.447266
403286.0313;5863957.5;-4216.820801
403346.3125;5863957.5;-4219.018066
403406.625;5863957.5;-4220.936523
403466.9375;5863957.5;-4222.353516
403527.2188;5863957.5;-4223.09668
403587.5313;5863957.5;-4223.241211
403647.8438;5863957.5;-4222.80957
403708.125;5863957.5;-4221.913574
403768.4375;5863957.5;-4220.654785
403828.7188;5863957.5;-4219.106934
403889.0313;5863957.5;-4217.324219
403949.3438;5863957.5;-4215.300781
404009.625;5863957.5;-4213.035156
404069.9375;5863957.5;-4210.609863
404130.25;5863957.5;-4208.044922
404190.5313;5863957.5;-4205.28125
404250.8438;5863957.5;-4202.245605
404311.125;5863957.5;-4199.008789
404371.4375;5863957.5;-4195.641113
404431.75;5863957.5;-4192.183594
404492.0313;5863957.5;-4188.660156
404552.3438;5863957.5;-4185.158691
404612.625;5863957.5;-4181.720703
404672.9375;5863957.5;-4178.32959
404733.25;5863957.5;-4175.130859
404793.5313;5863957.5;-4172.216797
404853.8438;5863957.5;-4169.499512
404914.1563;5863957.5;-4167.132813
404974.4375;5863957.5;-4165.259766
405034.75;5863957.5;-4163.723633
405095.0313;5863957.5;-4162.586914
405155.3438;5863957.5;-4162.200684
405215.6563;5863957.5;-4163.083496
405275.9375;5863957.5;-4165.15332
405336.25;5863957.5;-4168.046875
405396.5625;5863957.5;-4171.144531
405456.8438;5863957.5;-4174.291016
405517.1563;5863957.5;-4171.126465
405577.4375;5863957.5;-4173.466309
405637.75;5863957.5;-4175.62207
405698.0625;5863957.5;-4177.756348
405758.3438;5863957.5;-4179.776367
405818.6563;5863957.5;-4181.650391
405878.9688;5863957.5;-4183.470703
405939.25;5863957.5;-4185.101074
405999.5625;5863957.5;-4186.572754
406059.8438;5863957.5;-4188.039551
406120.1563;5863957.5;-4189.464355
406180.4688;5863957.5;-4190.852051
406240.75;5863957.5;-4192.277344
406301.0625;5863957.5;-4193.737305
406361.375;5863957.5;-4195.205566
406421.6563;5863957.5;-4196.703125
406481.9688;5863957.5;-4198.22998
406542.25;5863957.5;-4199.775391
406602.5625;5863957.5;-4201.328125
406662.875;5863957.5;-4202.875488
406723.1563;5863957.5;-4204.425781
406783.4688;5863957.5;-4205.974609
406843.7813;5863957.5;-4207.513184
406904.0625;5863957.5;-4209.049805
406964.375;5863957.5;-4210.580566
407024.6563;5863957.5;-4212.09668
407084.9688;5863957.5;-4213.606934
407145.2813;5863957.5;-4215.108887
407205.5625;5863957.5;-4216.586426
407265.875;5863957.5;-4218.052734
407326.1875;5863957.5;-4219.504395
407386.4688;5863957.5;-4220.925781
407446.7813;5863957.5;-4222.334961
407507.0625;5863957.5;-4223.72998
407567.375;5863957.5;-4225.088867
407627.6875;5863957.5;-4226.429199
407687.9688;5863957.5;-4227.753418
407748.2813;5863957.5;-4229.035156
407808.5938;5863957.5;-4230.27832
407868.875;5863957.5;-4231.492188
407929.1875;5863957.5;-4232.666504
407989.4688;5863957.5;-4233.813965
408049.7813;5863957.5;-4234.93457
408110.0938;5863957.5;-4236.015625
408170.375;5863957.5;-4237.056641
408230.6875;5863957.5;-4238.056641
408291;5863957.5;-4239.006348
408351.2813;5863957.5;-4239.920898
408411.5938;5863957.5;-4240.810059
408471.875;5863957.5;-4241.663086
408532.1875;5863957.5;-4242.461914
408592.5;5863957.5;-4243.222656
408652.7813;5863957.5;-4243.947754
408713.0938;5863957.5;-4244.637207
408773.4063;5863957.5;-4245.28125
408833.6875;5863957.5;-4245.883789
408894;5863957.5;-4246.44873
408954.2813;5863957.5;-4246.980957
409014.5938;5863957.5;-4247.46875
409074.9063;5863957.5;-4247.916504
409135.1875;5863957.5;-4248.327637
409195.5;5863957.5;-4248.701172
409255.8125;5863957.5;-4249.033203
409316.0938;5863957.5;-4249.336426
409376.4063;5863957.5;-4249.611816
401356.4063;5864018;-4266.193359
401416.6875;5864018;-4259.507324
401477;5864018;-4252.529785
401537.3125;5864018;-4247.529785
401597.5938;5864018;-4247.280273
401657.9063;5864018;-4249.541504
401718.2188;5864018;-4252.95752
401778.5;5864018;-4256.14502
401838.8125;5864018;-4257.507324
401899.0938;5864018;-4256.87793
401959.4063;5864018;-4254.380859
402019.7188;5864018;-4250.258301
402080;5864018;-4245.721191
402140.3125;5864018;-4241.427246
402200.625;5864018;-4237.395996
402260.9063;5864018;-4233.635742
402321.2188;5864018;-4230.291992
402381.5;5864018;-4227.200684
402441.8125;5864018;-4224.229004
402502.125;5864018;-4221.380859
402562.4063;5864018;-4218.705566
402622.7188;5864018;-4216.246582
402683.0313;5864018;-4213.931641
402743.3125;5864018;-4211.743652
402803.625;5864018;-4210.01123
402863.9063;5864018;-4208.736816
402924.2188;5864018;-4208.077637
402984.5313;5864018;-4208.190918
403044.8125;5864018;-4209.13916
403105.125;5864018;-4210.529785
403165.4375;5864018;-4212.207031
403225.7188;5864018;-4214.071289
403286.0313;5864018;-4215.873047
403346.3125;5864018;-4217.542969
403406.625;5864018;-4218.995117
403466.9375;5864018;-4220.048828
403527.2188;5864018;-4220.557617
403587.5313;5864018;-4220.569824
403647.8438;5864018;-4220.088867
403708.125;5864018;-4219.198242
403768.4375;5864018;-4217.972656
403828.7188;5864018;-4216.46875
403889.0313;5864018;-4214.728027
403949.3438;5864018;-4212.735352
404009.625;5864018;-4210.500488
404069.9375;5864018;-4208.109863
404130.25;5864018;-4205.584473
404190.5313;5864018;-4202.870117
404250.8438;5864018;-4199.895996
404311.125;5864018;-4196.720703
404371.4375;5864018;-4193.40625
404431.75;5864018;-4189.984863
404492.0313;5864018;-4186.472168
404552.3438;5864018;-4182.944336
404612.625;5864018;-4179.437012
404672.9375;5864018;-4175.935059
404733.25;5864018;-4172.571777
404793.5313;5864018;-4169.443848
404853.8438;5864018;-4166.489746
404914.1563;5864018;-4163.874512
404974.4375;5864018;-4161.769531
405034.75;5864018;-4160.060547
405095.0313;5864018;-4158.822754
405155.3438;5864018;-4158.453613
405215.6563;5864018;-4159.491211
405275.9375;5864018;-4161.589844
405336.25;5864018;-4164.372559
405396.5625;5864018;-4167.425293
405456.8438;5864018;-4165.934082
405517.1563;5864018;-4168.40625
405577.4375;5864018;-4170.803711
405637.75;5864018;-4173.014648
405698.0625;5864018;-4175.208496
405758.3438;5864018;-4177.295898
405818.6563;5864018;-4179.249023
405878.9688;5864018;-4181.168945
405939.25;5864018;-4182.936523
405999.5625;5864018;-4184.563965
406059.8438;5864018;-4186.193359
406120.1563;5864018;-4187.777344
406180.4688;5864018;-4189.307129
406240.75;5864018;-4190.858887
406301.0625;5864018;-4192.427734
406361.375;5864018;-4193.98877
406421.6563;5864018;-4195.561035
406481.9688;5864018;-4197.146973
406542.25;5864018;-4198.733398
406602.5625;5864018;-4200.313965
406662.875;5864018;-4201.883301
406723.1563;5864018;-4203.450195
406783.4688;5864018;-4205.009277
406843.7813;5864018;-4206.553711
406904.0625;5864018;-4208.091309
406964.375;5864018;-4209.620117
407024.6563;5864018;-4211.132813
407084.9688;5864018;-4212.63916
407145.2813;5864018;-4214.133789
407205.5625;5864018;-4215.604492
407265.875;5864018;-4217.063477
407326.1875;5864018;-4218.506348
407386.4688;5864018;-4219.918945
407446.7813;5864018;-4221.319336
407507.0625;5864018;-4222.706055
407567.375;5864018;-4224.056152
407627.6875;5864018;-4225.388672
407687.9688;5864018;-4226.70459
407748.2813;5864018;-4227.979492
407808.5938;5864018;-4229.216797
407868.875;5864018;-4230.42334
407929.1875;5864018;-4231.592773
407989.4688;5864018;-4232.734863
408049.7813;5864018;-4233.850586
408110.0938;5864018;-4234.927734
408170.375;5864018;-4235.965332
408230.6875;5864018;-4236.961426
408291;5864018;-4237.909668
408351.2813;5864018;-4238.821777
408411.5938;5864018;-4239.708496
408471.875;5864018;-4240.560547
408532.1875;5864018;-4241.358398
408592.5;5864018;-4242.118164
408652.7813;5864018;-4242.843262
408713.0938;5864018;-4243.532715
408773.4063;5864018;-4244.177246
408833.6875;5864018;-4244.780273
408894;5864018;-4245.34668
408954.2813;5864018;-4245.879395
409014.5938;5864018;-4246.368652
409074.9063;5864018;-4246.817383
409135.1875;5864018;-4247.229492
409195.5;5864018;-4247.604492
409255.8125;5864018;-4247.937988
409316.0938;5864018;-4248.243164
409376.4063;5864018;-4248.52002
401356.4063;5864078.5;-4265.121094
401416.6875;5864078.5;-4259.108887
401477;5864078.5;-4253.286621
401537.3125;5864078.5;-4248.711914
401597.5938;5864078.5;-4247.526367
401657.9063;5864078.5;-4248.572754
401718.2188;5864078.5;-4250.767578
401778.5;5864078.5;-4252.961426
401838.8125;5864078.5;-4253.939941
401899.0938;5864078.5;-4253.513672
401959.4063;5864078.5;-4251.682617
402019.7188;5864078.5;-4248.51123
402080;5864078.5;-4244.860352
402140.3125;5864078.5;-4241.230957
402200.625;5864078.5;-4237.665039
402260.9063;5864078.5;-4234.187988
402321.2188;5864078.5;-4230.988281
402381.5;5864078.5;-4227.990723
402441.8125;5864078.5;-4225.106934
402502.125;5864078.5;-4222.354004
402562.4063;5864078.5;-4219.792969
402622.7188;5864078.5;-4217.452148
402683.0313;5864078.5;-4215.296387
402743.3125;5864078.5;-4213.328613
402803.625;5864078.5;-4211.748535
402863.9063;5864078.5;-4210.535645
402924.2188;5864078.5;-4209.785645
402984.5313;5864078.5;-4209.669922
403044.8125;5864078.5;-4210.239258
403105.125;5864078.5;-4211.150879
403165.4375;5864078.5;-4212.306641
403225.7188;5864078.5;-4213.627441
403286.0313;5864078.5;-4214.92041
403346.3125;5864078.5;-4216.118652
403406.625;5864078.5;-4217.150391
403466.9375;5864078.5;-4217.869629
403527.2188;5864078.5;-4218.150391
403587.5313;5864078.5;-4218.019531
403647.8438;5864078.5;-4217.466797
403708.125;5864078.5;-4216.554688
403768.4375;5864078.5;-4215.339355
403828.7188;5864078.5;-4213.862793
403889.0313;5864078.5;-4212.157227
403949.3438;5864078.5;-4210.19873
404009.625;5864078.5;-4208.00293
404069.9375;5864078.5;-4205.656738
404130.25;5864078.5;-4203.179688
404190.5313;5864078.5;-4200.521484
404250.8438;5864078.5;-4197.610352
404311.125;5864078.5;-4194.497559
404371.4375;5864078.5;-4191.234863
404431.75;5864078.5;-4187.847656
404492.0313;5864078.5;-4184.34668
404552.3438;5864078.5;-4180.798828
404612.625;5864078.5;-4177.233398
404672.9375;5864078.5;-4173.635254
404733.25;5864078.5;-4170.129883
404793.5313;5864078.5;-4166.814941
404853.8438;5864078.5;-4163.65625
404914.1563;5864078.5;-4160.831543
404974.4375;5864078.5;-4158.537109
405034.75;5864078.5;-4156.727051
405095.0313;5864078.5;-4155.491211
405155.3438;5864078.5;-4155.231934
405215.6563;5864078.5;-4156.412598
405275.9375;5864078.5;-4158.530762
405336.25;5864078.5;-4161.223145
405396.5625;5864078.5;-4161.332031
405456.8438;5864078.5;-4163.607422
405517.1563;5864078.5;-4166.07373
405577.4375;5864078.5;-4168.479004
405637.75;5864078.5;-4170.715332
405698.0625;5864078.5;-4172.955078
405758.3438;5864078.5;-4175.102539
405818.6563;5864078.5;-4177.130859
405878.9688;5864078.5;-4179.144531
405939.25;5864078.5;-4181.029297
405999.5625;5864078.5;-4182.787109
406059.8438;5864078.5;-4184.548828
406120.1563;5864078.5;-4186.259766
406180.4688;5864078.5;-4187.906738
406240.75;5864078.5;-4189.558594
406301.0625;5864078.5;-4191.217773
406361.375;5864078.5;-4192.854004
406421.6563;5864078.5;-4194.487793
406481.9688;5864078.5;-4196.12207
406542.25;5864078.5;-4197.743652
406602.5625;5864078.5;-4199.34668
406662.875;5864078.5;-4200.93457
406723.1563;5864078.5;-4202.51416
406783.4688;5864078.5;-4204.083496
406843.7813;5864078.5;-4205.633301
406904.0625;5864078.5;-4207.172363
406964.375;5864078.5;-4208.700684
407024.6563;5864078.5;-4210.210938
407084.9688;5864078.5;-4211.712402
407145.2813;5864078.5;-4213.202637
407205.5625;5864078.5;-4214.666992
407265.875;5864078.5;-4216.118652
407326.1875;5864078.5;-4217.552734
407386.4688;5864078.5;-4218.958008
407446.7813;5864078.5;-4220.349609
407507.0625;5864078.5;-4221.728027
407567.375;5864078.5;-4223.070313
407627.6875;5864078.5;-4224.394043
407687.9688;5864078.5;-4225.70166
407748.2813;5864078.5;-4226.970215
407808.5938;5864078.5;-4228.200195
407868.875;5864078.5;-4229.400879
407929.1875;5864078.5;-4230.564453
407989.4688;5864078.5;-4231.70166
408049.7813;5864078.5;-4232.8125
408110.0938;5864078.5;-4233.885254
408170.375;5864078.5;-4234.918457
408230.6875;5864078.5;-4235.910645
408291;5864078.5;-4236.855957
408351.2813;5864078.5;-4237.766113
408411.5938;5864078.5;-4238.649902
408471.875;5864078.5;-4239.5
408532.1875;5864078.5;-4240.297363
408592.5;5864078.5;-4241.056152
408652.7813;5864078.5;-4241.78125
408713.0938;5864078.5;-4242.469727
408773.4063;5864078.5;-4243.114746
408833.6875;5864078.5;-4243.718262
408894;5864078.5;-4244.285156
408954.2813;5864078.5;-4244.818848
409014.5938;5864078.5;-4245.308594
409074.9063;5864078.5;-4245.758301
409135.1875;5864078.5;-4246.171387
409195.5;5864078.5;-4246.547852
409255.8125;5864078.5;-4246.883301
409316.0938;5864078.5;-4247.189453
409376.4063;5864078.5;-4247.469238
401356.4063;5864139.5;-4263.334961
401416.6875;5864139.5;-4258.180664
401477;5864139.5;-4253.44043
401537.3125;5864139.5;-4249.562012
401597.5938;5864139.5;-4247.938965
401657.9063;5864139.5;-4248.130371
401718.2188;5864139.5;-4249.322266
401778.5;5864139.5;-4250.637695
401838.8125;5864139.5;-4251.20459
401899.0938;5864139.5;-4250.820313
401959.4063;5864139.5;-4249.432617
402019.7188;5864139.5;-4247.007324
402080;5864139.5;-4244.045898
402140.3125;5864139.5;-4240.952148
402200.625;5864139.5;-4237.782227
402260.9063;5864139.5;-4234.575684
402321.2188;5864139.5;-4231.538086
402381.5;5864139.5;-4228.661133
402441.8125;5864139.5;-4225.888184
402502.125;5864139.5;-4223.245605
402562.4063;5864139.5;-4220.796875
402622.7188;5864139.5;-4218.565918
402683.0313;5864139.5;-4216.532227
402743.3125;5864139.5;-4214.70166
402803.625;5864139.5;-4213.20166
402863.9063;5864139.5;-4211.998535
402924.2188;5864139.5;-4211.154785
402984.5313;5864139.5;-4210.827637
403044.8125;5864139.5;-4211.059082
403105.125;5864139.5;-4211.561523
403165.4375;5864139.5;-4212.268555
403225.7188;5864139.5;-4213.12207
403286.0313;5864139.5;-4213.969727
403346.3125;5864139.5;-4214.752441
403406.625;5864139.5;-4215.412598
403466.9375;5864139.5;-4215.824707
403527.2188;5864139.5;-4215.887695
403587.5313;5864139.5;-4215.611328
403647.8438;5864139.5;-4214.974609
403708.125;5864139.5;-4214.026855
403768.4375;5864139.5;-4212.806152
403828.7188;5864139.5;-4211.344727
403889.0313;5864139.5;-4209.666992
403949.3438;5864139.5;-4207.743164
404009.625;5864139.5;-4205.589355
404069.9375;5864139.5;-4203.289551
404130.25;5864139.5;-4200.862793
404190.5313;5864139.5;-4198.262207
404250.8438;5864139.5;-4195.412109
404311.125;5864139.5;-4192.35791
404371.4375;5864139.5;-4189.145508
404431.75;5864139.5;-4185.792969
404492.0313;5864139.5;-4182.305664
404552.3438;5864139.5;-4178.746094
404612.625;5864139.5;-4175.138672
404672.9375;5864139.5;-4171.467285
404733.25;5864139.5;-4167.851563
404793.5313;5864139.5;-4164.391113
404853.8438;5864139.5;-4161.074707
404914.1563;5864139.5;-4158.080566
404974.4375;5864139.5;-4155.61084
405034.75;5864139.5;-4153.712891
405095.0313;5864139.5;-4152.526855
405155.3438;5864139.5;-4152.442383
405215.6563;5864139.5;-4153.75293
405275.9375;5864139.5;-4155.899902
405336.25;5864139.5;-4157.126953
405396.5625;5864139.5;-4159.301758
405456.8438;5864139.5;-4161.585938
405517.1563;5864139.5;-4164.045898
405577.4375;5864139.5;-4166.45459
405637.75;5864139.5;-4168.721191
405698.0625;5864139.5;-4171.000488
405758.3438;5864139.5;-4173.202637
405818.6563;5864139.5;-4175.300781
405878.9688;5864139.5;-4177.395996
405939.25;5864139.5;-4179.37793
405999.5625;5864139.5;-4181.242188
406059.8438;5864139.5;-4183.108887
406120.1563;5864139.5;-4184.920898
406180.4688;5864139.5;-4186.660156
406240.75;5864139.5;-4188.394531
406301.0625;5864139.5;-4190.125
406361.375;5864139.5;-4191.821289
406421.6563;5864139.5;-4193.503906
406481.9688;5864139.5;-4195.177246
406542.25;5864139.5;-4196.825684
406602.5625;5864139.5;-4198.446289
406662.875;5864139.5;-4200.047363
406723.1563;5864139.5;-4201.636719
406783.4688;5864139.5;-4203.210938
406843.7813;5864139.5;-4204.764648
406904.0625;5864139.5;-4206.303711
406964.375;5864139.5;-4207.830078
407024.6563;5864139.5;-4209.336914
407084.9688;5864139.5;-4210.834473
407145.2813;5864139.5;-4212.319336
407205.5625;5864139.5;-4213.777344
407265.875;5864139.5;-4215.22168
407326.1875;5864139.5;-4216.647949
407386.4688;5864139.5;-4218.044922
407446.7813;5864139.5;-4219.428711
407507.0625;5864139.5;-4220.797852
407567.375;5864139.5;-4222.132324
407627.6875;5864139.5;-4223.448242
407687.9688;5864139.5;-4224.74707
407748.2813;5864139.5;-4226.008301
407808.5938;5864139.5;-4227.232422
407868.875;5864139.5;-4228.425781
407929.1875;5864139.5;-4229.583496
407989.4688;5864139.5;-4230.714355
408049.7813;5864139.5;-4231.819824
408110.0938;5864139.5;-4232.887695
408170.375;5864139.5;-4233.916016
408230.6875;5864139.5;-4234.904297
408291;5864139.5;-4235.844238
408351.2813;5864139.5;-4236.751953
408411.5938;5864139.5;-4237.632813
408471.875;5864139.5;-4238.480469
408532.1875;5864139.5;-4239.275391
408592.5;5864139.5;-4240.033203
408652.7813;5864139.5;-4240.756348
408713.0938;5864139.5;-4241.443359
408773.4063;5864139.5;-4242.087891
408833.6875;5864139.5;-4242.690918
408894;5864139.5;-4243.257324
408954.2813;5864139.5;-4243.791016
409014.5938;5864139.5;-4244.280762
409074.9063;5864139.5;-4244.730469
409135.1875;5864139.5;-4245.144531
409195.5;5864139.5;-4245.521484
409255.8125;5864139.5;-4245.85791
409316.0938;5864139.5;-4246.165527
409376.4063;5864139.5;-4246.446289
401356.4063;5864200;-4261.149902
401416.6875;5864200;-4256.949219
401477;5864200;-4253.146973
401537.3125;5864200;-4250.004395
401597.5938;5864200;-4248.339844
401657.9063;5864200;-4248.025879
401718.2188;5864200;-4248.51123
401778.5;5864200;-4249.161621
401838.8125;5864200;-4249.351563
401899.0938;5864200;-4248.907715
401959.4063;5864200;-4247.757813
402019.7188;5864200;-4245.810059
402080;5864200;-4243.314941
402140.3125;5864200;-4240.601074
402200.625;5864200;-4237.734863
402260.9063;5864200;-4234.763672
402321.2188;5864200;-4231.88916
402381.5;5864200;-4229.14502
402441.8125;5864200;-4226.492188
402502.125;5864200;-4223.960449
402562.4063;5864200;-4221.614746
402622.7188;5864200;-4219.477051
402683.0313;5864200;-4217.533691
402743.3125;5864200;-4215.786621
402803.625;5864200;-4214.319336
402863.9063;5864200;-4213.096191
402924.2188;5864200;-4212.162598
402984.5313;5864200;-4211.648926
403044.8125;5864200;-4211.59082
403105.125;5864200;-4211.751465
403165.4375;5864200;-4212.084961
403225.7188;5864200;-4212.546387
403286.0313;5864200;-4213.014648
403346.3125;5864200;-4213.443848
403406.625;5864200;-4213.781738
403466.9375;5864200;-4213.921387
403527.2188;5864200;-4213.782227
403587.5313;5864200;-4213.365723
403647.8438;5864200;-4212.63916
403708.125;5864200;-4211.64502
403768.4375;5864200;-4210.408203
403828.7188;5864200;-4208.953125
403889.0313;5864200;-4207.297363
403949.3438;5864200;-4205.406738
404009.625;5864200;-4203.295898
404069.9375;5864200;-4201.04541
404130.25;5864200;-4198.670898
404190.5313;5864200;-4196.12793
404250.8438;5864200;-4193.341309
404311.125;5864200;-4190.348633
404371.4375;5864200;-4187.191406
404431.75;5864200;-4183.882324
404492.0313;5864200;-4180.424805
404552.3438;5864200;-4176.875977
404612.625;5864200;-4173.257324
404672.9375;5864200;-4169.554688
404733.25;5864200;-4165.883301
404793.5313;5864200;-4162.343262
404853.8438;5864200;-4158.937012
404914.1563;5864200;-4155.818848
404974.4375;5864200;-4153.169434
405034.75;5864200;-4151.138672
405095.0313;5864200;-4150.03418
405155.3438;5864200;-4150.224609
405215.6563;5864200;-4151.671875
405275.9375;5864200;-4153.438965
405336.25;5864200;-4155.44873
405396.5625;5864200;-4157.671875
405456.8438;5864200;-4159.978516
405517.1563;5864200;-4162.414063
405577.4375;5864200;-4164.810547
405637.75;5864200;-4167.094727
405698.0625;5864200;-4169.396973
405758.3438;5864200;-4171.63623
405818.6563;5864200;-4173.788086
405878.9688;5864200;-4175.942383
405939.25;5864200;-4177.995117
405999.5625;5864200;-4179.938965
406059.8438;5864200;-4181.881836
406120.1563;5864200;-4183.766602
406180.4688;5864200;-4185.57373
406240.75;5864200;-4187.369629
406301.0625;5864200;-4189.152344
406361.375;5864200;-4190.893066
406421.6563;5864200;-4192.612793
406481.9688;5864200;-4194.312988
406542.25;5864200;-4195.979004
406602.5625;5864200;-4197.611328
406662.875;5864200;-4199.22168
406723.1563;5864200;-4200.816895
406783.4688;5864200;-4202.394531
406843.7813;5864200;-4203.949219
406904.0625;5864200;-4205.486328
406964.375;5864200;-4207.009766
407024.6563;5864200;-4208.513672
407084.9688;5864200;-4210.005859
407145.2813;5864200;-4211.484863
407205.5625;5864200;-4212.9375
407265.875;5864200;-4214.374023
407326.1875;5864200;-4215.79248
407386.4688;5864200;-4217.181641
407446.7813;5864200;-4218.557129
407507.0625;5864200;-4219.91748
407567.375;5864200;-4221.245117
407627.6875;5864200;-4222.552734
407687.9688;5864200;-4223.842773
407748.2813;5864200;-4225.097168
407808.5938;5864200;-4226.313965
407868.875;5864200;-4227.499512
407929.1875;5864200;-4228.650391
407989.4688;5864200;-4229.775879
408049.7813;5864200;-4230.875
408110.0938;5864200;-4231.937012
408170.375;5864200;-4232.959961
408230.6875;5864200;-4233.943359
408291;5864200;-4234.879883
408351.2813;5864200;-4235.783203
408411.5938;5864200;-4236.661133
408471.875;5864200;-4237.504883
408532.1875;5864200;-4238.297363
408592.5;5864200;-4239.052246
408652.7813;5864200;-4239.773438
408713.0938;5864200;-4240.459473
408773.4063;5864200;-4241.102539
408833.6875;5864200;-4241.704102
408894;5864200;-4242.269531
408954.2813;5864200;-4242.802734
409014.5938;5864200;-4243.291992
409074.9063;5864200;-4243.741699
409135.1875;5864200;-4244.155762
409195.5;5864200;-4244.532715
409255.8125;5864200;-4244.869629
409316.0938;5864200;-4245.177734
409376.4063;5864200;-4245.459473
401356.4063;5864260.5;-4258.844238
401416.6875;5864260.5;-4255.581055
401477;5864260.5;-4252.618652
401537.3125;5864260.5;-4250.134766
401597.5938;5864260.5;-4248.633789
401657.9063;5864260.5;-4248.10498
401718.2188;5864260.5;-4248.17041
401778.5;5864260.5;-4248.378418
401838.8125;5864260.5;-4248.275879
401899.0938;5864260.5;-4247.711426
401959.4063;5864260.5;-4246.611328
402019.7188;5864260.5;-4244.875488
402080;5864260.5;-4242.623047
402140.3125;5864260.5;-4240.135254
402200.625;5864260.5;-4237.479004
402260.9063;5864260.5;-4234.700684
402321.2188;5864260.5;-4231.977051
402381.5;5864260.5;-4229.355957
402441.8125;5864260.5;-4226.814453
402502.125;5864260.5;-4224.380371
402562.4063;5864260.5;-4222.118652
402622.7188;5864260.5;-4220.049805
402683.0313;5864260.5;-4218.16748
402743.3125;5864260.5;-4216.478516
402803.625;5864260.5;-4215.027832
402863.9063;5864260.5;-4213.78125
402924.2188;5864260.5;-4212.769043
402984.5313;5864260.5;-4212.10498
403044.8125;5864260.5;-4211.817383
403105.125;5864260.5;-4211.70752
403165.4375;5864260.5;-4211.743652
403225.7188;5864260.5;-4211.891602
403286.0313;5864260.5;-4212.058105
403346.3125;5864260.5;-4212.200195
403406.625;5864260.5;-4212.273438
403466.9375;5864260.5;-4212.183594
403527.2188;5864260.5;-4211.868164
403587.5313;5864260.5;-4211.321289
403647.8438;5864260.5;-4210.507324
403708.125;5864260.5;-4209.460938
403768.4375;5864260.5;-4208.20166
403828.7188;5864260.5;-4206.746094
403889.0313;5864260.5;-4205.105469
403949.3438;5864260.5;-4203.24707
404009.625;5864260.5;-4201.180176
404069.9375;5864260.5;-4198.979492
404130.25;5864260.5;-4196.661133
404190.5313;5864260.5;-4194.179688
404250.8438;5864260.5;-4191.462402
404311.125;5864260.5;-4188.54248
404371.4375;5864260.5;-4185.456055
404431.75;5864260.5;-4182.211426
404492.0313;5864260.5;-4178.814941
404552.3438;5864260.5;-4175.318848
404612.625;5864260.5;-4171.743164
404672.9375;5864260.5;-4168.077637
404733.25;5864260.5;-4164.437012
404793.5313;5864260.5;-4160.916504
404853.8438;5864260.5;-4157.517578
404914.1563;5864260.5;-4154.348633
404974.4375;5864260.5;-4151.521973
405034.75;5864260.5;-4149.297363
405095.0313;5864260.5;-4148.306641
405155.3438;5864260.5;-4148.860352
405215.6563;5864260.5;-4150.368652
405275.9375;5864260.5;-4152.42041
405336.25;5864260.5;-4154.460449
405396.5625;5864260.5;-4156.671387
405456.8438;5864260.5;-4158.95166
405517.1563;5864260.5;-4161.318848
405577.4375;5864260.5;-4163.665527
405637.75;5864260.5;-4165.936035
405698.0625;5864260.5;-4168.231445
405758.3438;5864260.5;-4170.477051
405818.6563;5864260.5;-4172.651367
405878.9688;5864260.5;-4174.831055
405939.25;5864260.5;-4176.919434
405999.5625;5864260.5;-4178.907715
406059.8438;5864260.5;-4180.892578
406120.1563;5864260.5;-4182.818848
406180.4688;5864260.5;-4184.66748
406240.75;5864260.5;-4186.5
406301.0625;5864260.5;-4188.314453
406361.375;5864260.5;-4190.082031
406421.6563;5864260.5;-4191.821777
406481.9688;5864260.5;-4193.538086
406542.25;5864260.5;-4195.213379
406602.5625;5864260.5;-4196.850098
406662.875;5864260.5;-4198.464355
406723.1563;5864260.5;-4200.061035
406783.4688;5864260.5;-4201.640137
406843.7813;5864260.5;-4203.193848
406904.0625;5864260.5;-4204.729004
406964.375;5864260.5;-4206.248047
407024.6563;5864260.5;-4207.748535
407084.9688;5864260.5;-4209.235352
407145.2813;5864260.5;-4210.70752
407205.5625;5864260.5;-4212.153809
407265.875;5864260.5;-4213.583984
407326.1875;5864260.5;-4214.993652
407386.4688;5864260.5;-4216.375488
407446.7813;5864260.5;-4217.743164
407507.0625;5864260.5;-4219.095215
407567.375;5864260.5;-4220.414063
407627.6875;5864260.5;-4221.713379
407687.9688;5864260.5;-4222.995605
407748.2813;5864260.5;-4224.242188
407808.5938;5864260.5;-4225.45166
407868.875;5864260.5;-4226.629395
407929.1875;5864260.5;-4227.773926
407989.4688;5864260.5;-4228.893555
408049.7813;5864260.5;-4229.985352
408110.0938;5864260.5;-4231.041504
408170.375;5864260.5;-4232.05957
408230.6875;5864260.5;-4233.037598
408291;5864260.5;-4233.969727
408351.2813;5864260.5;-4234.868652
408411.5938;5864260.5;-4235.742676
408471.875;5864260.5;-4236.583496
408532.1875;5864260.5;-4237.373047
408592.5;5864260.5;-4238.124512
408652.7813;5864260.5;-4238.843262
408713.0938;5864260.5;-4239.527344
408773.4063;5864260.5;-4240.167969
408833.6875;5864260.5;-4240.769043
408894;5864260.5;-4241.333984
408954.2813;5864260.5;-4241.865723
409014.5938;5864260.5;-4242.354492
409074.9063;5864260.5;-4242.804199
409135.1875;5864260.5;-4243.218262
409195.5;5864260.5;-4243.595215
409255.8125;5864260.5;-4243.932129
409316.0938;5864260.5;-4244.240234
409376.4063;5864260.5;-4244.522461
401356.4063;5864321;-4256.696289
401416.6875;5864321;-4254.219238
401477;5864321;-4251.929199
401537.3125;5864321;-4249.960938
401597.5938;5864321;-4248.654785
401657.9063;5864321;-4248.03125
401718.2188;5864321;-4247.830078
401778.5;5864321;-4247.734863
401838.8125;5864321;-4247.406738
401899.0938;5864321;-4246.71582
401959.4063;5864321;-4245.594727
402019.7188;5864321;-4243.950684
402080;5864321;-4241.848633
402140.3125;5864321;-4239.52832
402200.625;5864321;-4237.04834
402260.9063;5864321;-4234.447754
402321.2188;5864321;-4231.876465
402381.5;5864321;-4229.384277
402441.8125;5864321;-4226.95752
402502.125;5864321;-4224.624512
402562.4063;5864321;-4222.445313
402622.7188;5864321;-4220.44043
402683.0313;5864321;-4218.607422
402743.3125;5864321;-4216.953125
402803.625;5864321;-4215.503906
402863.9063;5864321;-4214.226563
402924.2188;5864321;-4213.14502
402984.5313;5864321;-4212.353516
403044.8125;5864321;-4211.876953
403105.125;5864321;-4211.546875
403165.4375;5864321;-4211.341797
403225.7188;5864321;-4211.235352
403286.0313;5864321;-4211.150879
403346.3125;5864321;-4211.05127
403406.625;5864321;-4210.900391
403466.9375;5864321;-4210.614258
403527.2188;5864321;-4210.143066
403587.5313;5864321;-4209.475586
403647.8438;5864321;-4208.57959
403708.125;5864321;-4207.481445
403768.4375;5864321;-4206.197266
403828.7188;5864321;-4204.736328
403889.0313;5864321;-4203.10791
403949.3438;5864321;-4201.278809
404009.625;5864321;-4199.255371
404069.9375;5864321;-4197.10498
404130.25;5864321;-4194.843262
404190.5313;5864321;-4192.427734
404250.8438;5864321;-4189.784668
404311.125;5864321;-4186.947754
404371.4375;5864321;-4183.946777
404431.75;5864321;-4180.790527
404492.0313;5864321;-4177.486328
404552.3438;5864321;-4174.083496
404612.625;5864321;-4170.600586
404672.9375;5864321;-4167.039063
404733.25;5864321;-4163.510254
404793.5313;5864321;-4160.106934
404853.8438;5864321;-4156.84082
404914.1563;5864321;-4153.816895
404974.4375;5864321;-4151.12207
405034.75;5864321;-4149.020508
405095.0313;5864321;-4148.131836
405155.3438;5864321;-4148.718262
405215.6563;5864321;-4150.200195
405275.9375;5864321;-4152.118652
405336.25;5864321;-4154.063477
405396.5625;5864321;-4156.172852
405456.8438;5864321;-4158.362305
405517.1563;5864321;-4160.624512
405577.4375;5864321;-4162.895508
405637.75;5864321;-4165.128906
405698.0625;5864321;-4167.39502
405758.3438;5864321;-4169.625
405818.6563;5864321;-4171.796875
405878.9688;5864321;-4173.977539
405939.25;5864321;-4176.077148
405999.5625;5864321;-4178.086426
406059.8438;5864321;-4180.089844
406120.1563;5864321;-4182.038574
406180.4688;5864321;-4183.909668
406240.75;5864321;-4185.763184
406301.0625;5864321;-4187.593262
406361.375;5864321;-4189.375
406421.6563;5864321;-4191.126465
406481.9688;5864321;-4192.848633
406542.25;5864321;-4194.526367
406602.5625;5864321;-4196.164063
406662.875;5864321;-4197.77832
406723.1563;5864321;-4199.374023
406783.4688;5864321;-4200.951172
406843.7813;5864321;-4202.502441
406904.0625;5864321;-4204.032227
406964.375;5864321;-4205.546875
407024.6563;5864321;-4207.041992
407084.9688;5864321;-4208.522949
407145.2813;5864321;-4209.987793
407205.5625;5864321;-4211.427246
407265.875;5864321;-4212.850586
407326.1875;5864321;-4214.251465
407386.4688;5864321;-4215.625
407446.7813;5864321;-4216.984375
407507.0625;5864321;-4218.327637
407567.375;5864321;-4219.638184
407627.6875;5864321;-4220.928223
407687.9688;5864321;-4222.20166
407748.2813;5864321;-4223.440918
407808.5938;5864321;-4224.64209
407868.875;5864321;-4225.8125
407929.1875;5864321;-4226.950195
407989.4688;5864321;-4228.062988
408049.7813;5864321;-4229.147461
408110.0938;5864321;-4230.197754
408170.375;5864321;-4231.209473
408230.6875;5864321;-4232.182617
408291;5864321;-4233.108887
408351.2813;5864321;-4234.00293
408411.5938;5864321;-4234.872559
408471.875;5864321;-4235.708984
408532.1875;5864321;-4236.495117
408592.5;5864321;-4237.243652
408652.7813;5864321;-4237.959961
408713.0938;5864321;-4238.641113
408773.4063;5864321;-4239.279297
408833.6875;5864321;-4239.87793
408894;5864321;-4240.440918
408954.2813;5864321;-4240.97168
409014.5938;5864321;-4241.459473
409074.9063;5864321;-4241.908691
409135.1875;5864321;-4242.321777
409195.5;5864321;-4242.69873
409255.8125;5864321;-4243.035645
409316.0938;5864321;-4243.344238
409376.4063;5864321;-4243.625977
401356.4063;5864381.5;-4254.710449
401416.6875;5864381.5;-4252.862793
401477;5864381.5;-4251.117676
401537.3125;5864381.5;-4249.567383
401597.5938;5864381.5;-4248.438965
401657.9063;5864381.5;-4247.760742
401718.2188;5864381.5;-4247.362305
401778.5;5864381.5;-4247.032227
401838.8125;5864381.5;-4246.516602
401899.0938;5864381.5;-4245.711426
401959.4063;5864381.5;-4244.560059
402019.7188;5864381.5;-4242.977051
402080;5864381.5;-4241.001953
402140.3125;5864381.5;-4238.833984
402200.625;5864381.5;-4236.52002
402260.9063;5864381.5;-4234.09082
402321.2188;5864381.5;-4231.67041
402381.5;5864381.5;-4229.312012
402441.8125;5864381.5;-4227.005371
402502.125;5864381.5;-4224.777344
402562.4063;5864381.5;-4222.683105
402622.7188;5864381.5;-4220.741699
402683.0313;5864381.5;-4218.954102
402743.3125;5864381.5;-4217.323242
402803.625;5864381.5;-4215.867676
402863.9063;5864381.5;-4214.555664
402924.2188;5864381.5;-4213.408691
402984.5313;5864381.5;-4212.503418
403044.8125;5864381.5;-4211.86084
403105.125;5864381.5;-4211.338867
403165.4375;5864381.5;-4210.924316
403225.7188;5864381.5;-4210.594727
403286.0313;5864381.5;-4210.287598
403346.3125;5864381.5;-4209.973145
403406.625;5864381.5;-4209.620605
403466.9375;5864381.5;-4209.15625
403527.2188;5864381.5;-4208.541016
403587.5313;5864381.5;-4207.763672
403647.8438;5864381.5;-4206.789063
403708.125;5864381.5;-4205.641602
403768.4375;5864381.5;-4204.331543
403828.7188;5864381.5;-4202.864746
403889.0313;5864381.5;-4201.246582
403949.3438;5864381.5;-4199.446777
404009.625;5864381.5;-4197.464844
404069.9375;5864381.5;-4195.364746
404130.25;5864381.5;-4193.160645
404190.5313;5864381.5;-4190.811035
404250.8438;5864381.5;-4188.248047
404311.125;5864381.5;-4185.500488
404371.4375;5864381.5;-4182.595703
404431.75;5864381.5;-4179.543457
404492.0313;5864381.5;-4176.353027
404552.3438;5864381.5;-4173.068848
404612.625;5864381.5;-4169.712402
404672.9375;5864381.5;-4166.291504
404733.25;5864381.5;-4162.92041
404793.5313;5864381.5;-4159.686523
404853.8438;5864381.5;-4156.623535
404914.1563;5864381.5;-4153.871582
404974.4375;5864381.5;-4151.553223
405034.75;5864381.5;-4149.842773
405095.0313;5864381.5;-4149.028809
405155.3438;5864381.5;-4149.339844
405215.6563;5864381.5;-4150.546875
405275.9375;5864381.5;-4152.230469
405336.25;5864381.5;-4154.010254
405396.5625;5864381.5;-4155.967773
405456.8438;5864381.5;-4158.029785
405517.1563;5864381.5;-4160.171387
405577.4375;5864381.5;-4162.351074
405637.75;5864381.5;-4164.533691
405698.0625;5864381.5;-4166.757324
405758.3438;5864381.5;-4168.95752
405818.6563;5864381.5;-4171.11377
405878.9688;5864381.5;-4173.281738
405939.25;5864381.5;-4175.378906
405999.5625;5864381.5;-4177.394531
406059.8438;5864381.5;-4179.40625
406120.1563;5864381.5;-4181.363281
406180.4688;5864381.5;-4183.248047
406240.75;5864381.5;-4185.11084
406301.0625;5864381.5;-4186.949219
406361.375;5864381.5;-4188.737793
406421.6563;5864381.5;-4190.493164
406481.9688;5864381.5;-4192.217773
406542.25;5864381.5;-4193.895996
406602.5625;5864381.5;-4195.530273
406662.875;5864381.5;-4197.14209
406723.1563;5864381.5;-4198.733887
406783.4688;5864381.5;-4200.307129
406843.7813;5864381.5;-4201.854004
406904.0625;5864381.5;-4203.378906
406964.375;5864381.5;-4204.886719
407024.6563;5864381.5;-4206.375977
407084.9688;5864381.5;-4207.850098
407145.2813;5864381.5;-4209.306641
407205.5625;5864381.5;-4210.739746
407265.875;5864381.5;-4212.153809
407326.1875;5864381.5;-4213.546875
407386.4688;5864381.5;-4214.911621
407446.7813;5864381.5;-4216.261719
407507.0625;5864381.5;-4217.594727
407567.375;5864381.5;-4218.897461
407627.6875;5864381.5;-4220.179688
407687.9688;5864381.5;-4221.443359
407748.2813;5864381.5;-4222.674316
407808.5938;5864381.5;-4223.868164
407868.875;5864381.5;-4225.030273
407929.1875;5864381.5;-4226.160156
407989.4688;5864381.5;-4227.265625
408049.7813;5864381.5;-4228.344238
408110.0938;5864381.5;-4229.387695
408170.375;5864381.5;-4230.393066
408230.6875;5864381.5;-4231.359375
408291;5864381.5;-4232.280273
408351.2813;5864381.5;-4233.169434
408411.5938;5864381.5;-4234.033691
408471.875;5864381.5;-4234.866211
408532.1875;5864381.5;-4235.648438
408592.5;5864381.5;-4236.393555
408652.7813;5864381.5;-4237.105469
408713.0938;5864381.5;-4237.78418
408773.4063;5864381.5;-4238.42041
408833.6875;5864381.5;-4239.016113
408894;5864381.5;-4239.577148
408954.2813;5864381.5;-4240.106445
409014.5938;5864381.5;-4240.592285
409074.9063;5864381.5;-4241.040039
409135.1875;5864381.5;-4241.452637
409195.5;5864381.5;-4241.828125
409255.8125;5864381.5;-4242.166016
409316.0938;5864381.5;-4242.473633
409376.4063;5864381.5;-4242.755859
401356.4063;5864442.5;-4252.859863
401416.6875;5864442.5;-4251.50293
401477;5864442.5;-4250.19043
401537.3125;5864442.5;-4248.978027
401597.5938;5864442.5;-4248.007324
401657.9063;5864442.5;-4247.304199
401718.2188;5864442.5;-4246.765137
401778.5;5864442.5;-4246.253906
401838.8125;5864442.5;-4245.585938
401899.0938;5864442.5;-4244.684082
401959.4063;5864442.5;-4243.503418
402019.7188;5864442.5;-4241.970215
402080;5864442.5;-4240.10791
402140.3125;5864442.5;-4238.077637
402200.625;5864442.5;-4235.91748
402260.9063;5864442.5;-4233.649414
402321.2188;5864442.5;-4231.374023
402381.5;5864442.5;-4229.143066
402441.8125;5864442.5;-4226.95166
402502.125;5864442.5;-4224.824219
402562.4063;5864442.5;-4222.810059
402622.7188;5864442.5;-4220.928711
402683.0313;5864442.5;-4219.180176
402743.3125;5864442.5;-4217.568848
402803.625;5864442.5;-4216.105957
402863.9063;5864442.5;-4214.763184
402924.2188;5864442.5;-4213.557129
402984.5313;5864442.5;-4212.552246
403044.8125;5864442.5;-4211.76416
403105.125;5864442.5;-4211.077148
403165.4375;5864442.5;-4210.479004
403225.7188;5864442.5;-4209.954102
403286.0313;5864442.5;-4209.45166
403346.3125;5864442.5;-4208.947266
403406.625;5864442.5;-4208.414551
403466.9375;5864442.5;-4207.790039
403527.2188;5864442.5;-4207.043945
403587.5313;5864442.5;-4206.164063
403647.8438;5864442.5;-4205.116699
403708.125;5864442.5;-4203.921875
403768.4375;5864442.5;-4202.586426
403828.7188;5864442.5;-4201.113281
403889.0313;5864442.5;-4199.505859
403949.3438;5864442.5;-4197.731934
404009.625;5864442.5;-4195.791992
404069.9375;5864442.5;-4193.743652
404130.25;5864442.5;-4191.598145
404190.5313;5864442.5;-4189.317383
404250.8438;5864442.5;-4186.839355
404311.125;5864442.5;-4184.188477
404371.4375;5864442.5;-4181.391113
404431.75;5864442.5;-4178.456543
404492.0313;5864442.5;-4175.395996
404552.3438;5864442.5;-4172.251953
404612.625;5864442.5;-4169.047363
404672.9375;5864442.5;-4165.79834
404733.25;5864442.5;-4162.618164
404793.5313;5864442.5;-4159.587891
404853.8438;5864442.5;-4156.760742
404914.1563;5864442.5;-4154.3125
404974.4375;5864442.5;-4152.367676
405034.75;5864442.5;-4150.970215
405095.0313;5864442.5;-4150.20459
405155.3438;5864442.5;-4150.271973
405215.6563;5864442.5;-4151.206543
405275.9375;5864442.5;-4152.626953
405336.25;5864442.5;-4154.219238
405396.5625;5864442.5;-4156.010254
405456.8438;5864442.5;-4157.932617
405517.1563;5864442.5;-4159.942871
405577.4375;5864442.5;-4162.023438
405637.75;5864442.5;-4164.144531
405698.0625;5864442.5;-4166.3125
405758.3438;5864442.5;-4168.469238
405818.6563;5864442.5;-4170.595703
405878.9688;5864442.5;-4172.73584
405939.25;5864442.5;-4174.817383
405999.5625;5864442.5;-4176.827148
406059.8438;5864442.5;-4178.833008
406120.1563;5864442.5;-4180.787598
406180.4688;5864442.5;-4182.673828
406240.75;5864442.5;-4184.537598
406301.0625;5864442.5;-4186.375488
406361.375;5864442.5;-4188.163574
406421.6563;5864442.5;-4189.916992
406481.9688;5864442.5;-4191.637695
406542.25;5864442.5;-4193.310547
406602.5625;5864442.5;-4194.939453
406662.875;5864442.5;-4196.546387
406723.1563;5864442.5;-4198.132813
406783.4688;5864442.5;-4199.700195
406843.7813;5864442.5;-4201.240723
406904.0625;5864442.5;-4202.758789
406964.375;5864442.5;-4204.258789
407024.6563;5864442.5;-4205.742188
407084.9688;5864442.5;-4207.208496
407145.2813;5864442.5;-4208.656738
407205.5625;5864442.5;-4210.081543
407265.875;5864442.5;-4211.488281
407326.1875;5864442.5;-4212.871094
407386.4688;5864442.5;-4214.228027
407446.7813;5864442.5;-4215.568848
407507.0625;5864442.5;-4216.892578
407567.375;5864442.5;-4218.186035
407627.6875;5864442.5;-4219.459473
407687.9688;5864442.5;-4220.714355
407748.2813;5864442.5;-4221.9375
407808.5938;5864442.5;-4223.123047
407868.875;5864442.5;-4224.276855
407929.1875;5864442.5;-4225.399414
407989.4688;5864442.5;-4226.497559
408049.7813;5864442.5;-4227.568848
408110.0938;5864442.5;-4228.60498
408170.375;5864442.5;-4229.605469
408230.6875;5864442.5;-4230.564941
408291;5864442.5;-4231.47998
408351.2813;5864442.5;-4232.364746
408411.5938;5864442.5;-4233.223633
408471.875;5864442.5;-4234.05127
408532.1875;5864442.5;-4234.82959
408592.5;5864442.5;-4235.570313
408652.7813;5864442.5;-4236.279785
408713.0938;5864442.5;-4236.955078
408773.4063;5864442.5;-4237.587891
408833.6875;5864442.5;-4238.181152
408894;5864442.5;-4238.740234
408954.2813;5864442.5;-4239.267578
409014.5938;5864442.5;-4239.752441
409074.9063;5864442.5;-4240.199219
409135.1875;5864442.5;-4240.610352
409195.5;5864442.5;-4240.98584
409255.8125;5864442.5;-4241.322754
409316.0938;5864442.5;-4241.630859
409376.4063;5864442.5;-4241.913086
401356.4063;5864503;-4251.141602
401416.6875;5864503;-4250.133789
401477;5864503;-4249.134277
401537.3125;5864503;-4248.173828
401597.5938;5864503;-4247.331055
401657.9063;5864503;-4246.627441
401718.2188;5864503;-4245.999023
401778.5;5864503;-4245.362305
401838.8125;5864503;-4244.581543
401899.0938;5864503;-4243.607422
401959.4063;5864503;-4242.404785
402019.7188;5864503;-4240.915527
402080;5864503;-4239.151855
402140.3125;5864503;-4237.245117
402200.625;5864503;-4235.224609
402260.9063;5864503;-4233.104492
402321.2188;5864503;-4230.96582
402381.5;5864503;-4228.856934
402441.8125;5864503;-4226.777832
402502.125;5864503;-4224.74707
402562.4063;5864503;-4222.810059
402622.7188;5864503;-4220.985352
402683.0313;5864503;-4219.273926
402743.3125;5864503;-4217.680664
402803.625;5864503;-4216.210938
402863.9063;5864503;-4214.843262
402924.2188;5864503;-4213.588379
402984.5313;5864503;-4212.500488
403044.8125;5864503;-4211.591797
403105.125;5864503;-4210.766113
403165.4375;5864503;-4210.01416
403225.7188;5864503;-4209.325684
403286.0313;5864503;-4208.657227
403346.3125;5864503;-4207.990723
403406.625;5864503;-4207.302734
403466.9375;5864503;-4206.539551
403527.2188;5864503;-4205.678711
403587.5313;5864503;-4204.707031
403647.8438;5864503;-4203.59375
403708.125;5864503;-4202.355957
403768.4375;5864503;-4200.997559
403828.7188;5864503;-4199.517578
403889.0313;5864503;-4197.919434
403949.3438;5864503;-4196.171875
404009.625;5864503;-4194.274902
404069.9375;5864503;-4192.27832
404130.25;5864503;-4190.193359
404190.5313;5864503;-4187.984375
404250.8438;5864503;-4185.595215
404311.125;5864503;-4183.049316
404371.4375;5864503;-4180.371094
404431.75;5864503;-4177.569824
404492.0313;5864503;-4174.658691
404552.3438;5864503;-4171.67627
404612.625;5864503;-4168.648926
404672.9375;5864503;-4165.600586
404733.25;5864503;-4162.640625
404793.5313;5864503;-4159.840332
404853.8438;5864503;-4157.253418
404914.1563;5864503;-4155.06543
404974.4375;5864503;-4153.399902
405034.75;5864503;-4152.200195
405095.0313;5864503;-4151.486816
405155.3438;5864503;-4151.429199
405215.6563;5864503;-4152.154785
405275.9375;5864503;-4153.338379
405336.25;5864503;-4154.731934
405396.5625;5864503;-4156.337891
405456.8438;5864503;-4158.102051
405517.1563;5864503;-4159.970215
405577.4375;5864503;-4161.937988
405637.75;5864503;-4163.979004
405698.0625;5864503;-4166.076172
405758.3438;5864503;-4168.173828
405818.6563;5864503;-4170.25293
405878.9688;5864503;-4172.351563
405939.25;5864503;-4174.403809
405999.5625;5864503;-4176.393555
406059.8438;5864503;-4178.379883
406120.1563;5864503;-4180.321289
406180.4688;5864503;-4182.19873
406240.75;5864503;-4184.052734
406301.0625;5864503;-4185.881836
406361.375;5864503;-4187.662598
406421.6563;5864503;-4189.407227
406481.9688;5864503;-4191.120117
406542.25;5864503;-4192.784668
406602.5625;5864503;-4194.405762
406662.875;5864503;-4196.004883
406723.1563;5864503;-4197.583008
406783.4688;5864503;-4199.143066
406843.7813;5864503;-4200.67627
406904.0625;5864503;-4202.186523
406964.375;5864503;-4203.678223
407024.6563;5864503;-4205.152832
407084.9688;5864503;-4206.610352
407145.2813;5864503;-4208.049805
407205.5625;5864503;-4209.467285
407265.875;5864503;-4210.864258
407326.1875;5864503;-4212.237793
407386.4688;5864503;-4213.585449
407446.7813;5864503;-4214.916504
407507.0625;5864503;-4216.230957
407567.375;5864503;-4217.515625
407627.6875;5864503;-4218.779297
407687.9688;5864503;-4220.024902
407748.2813;5864503;-4221.240234
407808.5938;5864503;-4222.41748
407868.875;5864503;-4223.563477
407929.1875;5864503;-4224.677734
407989.4688;5864503;-4225.768555
408049.7813;5864503;-4226.832031
408110.0938;5864503;-4227.861328
408170.375;5864503;-4228.854004
408230.6875;5864503;-4229.807129
408291;5864503;-4230.717773
408351.2813;5864503;-4231.596191
408411.5938;5864503;-4232.450684
408471.875;5864503;-4233.272461
408532.1875;5864503;-4234.046875
408592.5;5864503;-4234.783691
408652.7813;5864503;-4235.489258
408713.0938;5864503;-4236.161133
408773.4063;5864503;-4236.791016
408833.6875;5864503;-4237.381836
408894;5864503;-4237.938477
408954.2813;5864503;-4238.463867
409014.5938;5864503;-4238.946777
409074.9063;5864503;-4239.391602
409135.1875;5864503;-4239.801758
409195.5;5864503;-4240.17627
409255.8125;5864503;-4240.512695
409316.0938;5864503;-4240.821777
409376.4063;5864503;-4241.104492
401356.4063;5864563.5;-4249.585449
401416.6875;5864563.5;-4248.789063
401477;5864563.5;-4247.974121
401537.3125;5864563.5;-4247.165039
401597.5938;5864563.5;-4246.404785
401657.9063;5864563.5;-4245.707031
401718.2188;5864563.5;-4245.033203
401778.5;5864563.5;-4244.32373
401838.8125;5864563.5;-4243.477539
401899.0938;5864563.5;-4242.464355
401959.4063;5864563.5;-4241.259766
402019.7188;5864563.5;-4239.814941
402080;5864563.5;-4238.138672
402140.3125;5864563.5;-4236.339844
402200.625;5864563.5;-4234.44043
402260.9063;5864563.5;-4232.450684
402321.2188;5864563.5;-4230.43457
402381.5;5864563.5;-4228.436523
402441.8125;5864563.5;-4226.458496
402502.125;5864563.5;-4224.518555
402562.4063;5864563.5;-4222.65332
402622.7188;5864563.5;-4220.881348
402683.0313;5864563.5;-4219.205566
402743.3125;5864563.5;-4217.629395
402803.625;5864563.5;-4216.15918
402863.9063;5864563.5;-4214.773438
402924.2188;5864563.5;-4213.483398
402984.5313;5864563.5;-4212.333984
403044.8125;5864563.5;-4211.333984
403105.125;5864563.5;-4210.40332
403165.4375;5864563.5;-4209.536133
403225.7188;5864563.5;-4208.722168
403286.0313;5864563.5;-4207.92627
403346.3125;5864563.5;-4207.132324
403406.625;5864563.5;-4206.322754
403466.9375;5864563.5;-4205.450195
403527.2188;5864563.5;-4204.497559
403587.5313;5864563.5;-4203.45166
403647.8438;5864563.5;-4202.284668
403708.125;5864563.5;-4201.01123
403768.4375;5864563.5;-4199.633789
403828.7188;5864563.5;-4198.150391
403889.0313;5864563.5;-4196.562988
403949.3438;5864563.5;-4194.842773
404009.625;5864563.5;-4192.989258
404069.9375;5864563.5;-4191.04541
404130.25;5864563.5;-4189.023438
404190.5313;5864563.5;-4186.889648
404250.8438;5864563.5;-4184.595703
404311.125;5864563.5;-4182.164063
404371.4375;5864563.5;-4179.616211
404431.75;5864563.5;-4176.962891
404492.0313;5864563.5;-4174.21582
404552.3438;5864563.5;-4171.414063
404612.625;5864563.5;-4168.580078
404672.9375;5864563.5;-4165.745605
404733.25;5864563.5;-4163.015625
404793.5313;5864563.5;-4160.449707
404853.8438;5864563.5;-4158.094727
404914.1563;5864563.5;-4156.119629
404974.4375;5864563.5;-4154.635742
405034.75;5864563.5;-4153.556641
405095.0313;5864563.5;-4152.889648
405155.3438;5864563.5;-4152.775879
405215.6563;5864563.5;-4153.351074
405275.9375;5864563.5;-4154.344238
405336.25;5864563.5;-4155.553223
405396.5625;5864563.5;-4156.981934
405456.8438;5864563.5;-4158.587402
405517.1563;5864563.5;-4160.313965
405577.4375;5864563.5;-4162.162109
405637.75;5864563.5;-4164.10791
405698.0625;5864563.5;-4166.118652
405758.3438;5864563.5;-4168.140137
405818.6563;5864563.5;-4170.154785
405878.9688;5864563.5;-4172.194336
405939.25;5864563.5;-4174.197754
405999.5625;5864563.5;-4176.150879
406059.8438;5864563.5;-4178.103516
406120.1563;5864563.5;-4180.016113
406180.4688;5864563.5;-4181.870117
406240.75;5864563.5;-4183.703125
406301.0625;5864563.5;-4185.511719
406361.375;5864563.5;-4187.274902
406421.6563;5864563.5;-4189.003906
406481.9688;5864563.5;-4190.700684
406542.25;5864563.5;-4192.351074
406602.5625;5864563.5;-4193.959473
406662.875;5864563.5;-4195.546387
406723.1563;5864563.5;-4197.113281
406783.4688;5864563.5;-4198.662109
406843.7813;5864563.5;-4200.185547
406904.0625;5864563.5;-4201.68457
406964.375;5864563.5;-4203.166016
407024.6563;5864563.5;-4204.631348
407084.9688;5864563.5;-4206.079102
407145.2813;5864563.5;-4207.508789
407205.5625;5864563.5;-4208.916504
407265.875;5864563.5;-4210.304199
407326.1875;5864563.5;-4211.66748
407386.4688;5864563.5;-4213.005371
407446.7813;5864563.5;-4214.32666
407507.0625;5864563.5;-4215.631348
407567.375;5864563.5;-4216.90625
407627.6875;5864563.5;-4218.161133
407687.9688;5864563.5;-4219.397461
407748.2813;5864563.5;-4220.603027
407808.5938;5864563.5;-4221.771484
407868.875;5864563.5;-4222.908203
407929.1875;5864563.5;-4224.015137
407989.4688;5864563.5;-4225.098145
408049.7813;5864563.5;-4226.153809
408110.0938;5864563.5;-4227.175781
408170.375;5864563.5;-4228.161621
408230.6875;5864563.5;-4229.108887
408291;5864563.5;-4230.012695
408351.2813;5864563.5;-4230.885742
408411.5938;5864563.5;-4231.733887
408471.875;5864563.5;-4232.551758
408532.1875;5864563.5;-4233.319824
408592.5;5864563.5;-4234.053223
408652.7813;5864563.5;-4234.753906
408713.0938;5864563.5;-4235.422363
408773.4063;5864563.5;-4236.04834
408833.6875;5864563.5;-4236.637207
408894;5864563.5;-4237.191406
408954.2813;5864563.5;-4237.713379
409014.5938;5864563.5;-4238.194336
409074.9063;5864563.5;-4238.637695
409135.1875;5864563.5;-4239.046387
409195.5;5864563.5;-4239.419922
409255.8125;5864563.5;-4239.755371
409316.0938;5864563.5;-4240.063965
409376.4063;5864563.5;-4240.345703
401356.4063;5864624;-4248.158691
401416.6875;5864624;-4247.496582
401477;5864624;-4246.802246
401537.3125;5864624;-4246.093262
401597.5938;5864624;-4245.388184
401657.9063;5864624;-4244.697754
401718.2188;5864624;-4243.994141
401778.5;5864624;-4243.237793
401838.8125;5864624;-4242.349609
401899.0938;5864624;-4241.316406
401959.4063;5864624;-4240.119629
402019.7188;5864624;-4238.720703
402080;5864624;-4237.126465
402140.3125;5864624;-4235.424316
402200.625;5864624;-4233.633789
402260.9063;5864624;-4231.760742
402321.2188;5864624;-4229.854004
402381.5;5864624;-4227.957031
402441.8125;5864624;-4226.071777
402502.125;5864624;-4224.213867
402562.4063;5864624;-4222.413574
402622.7188;5864624;-4220.69043
402683.0313;5864624;-4219.04834
402743.3125;5864624;-4217.489258
402803.625;5864624;-4216.019043
402863.9063;5864624;-4214.620605
402924.2188;5864624;-4213.303711
402984.5313;5864624;-4212.104004
403044.8125;5864624;-4211.029297
403105.125;5864624;-4210.01416
403165.4375;5864624;-4209.05127
403225.7188;5864624;-4208.133301
403286.0313;5864624;-4207.231445
403346.3125;5864624;-4206.33252
403406.625;5864624;-4205.420898
403466.9375;5864624;-4204.45752
403527.2188;5864624;-4203.42627
403587.5313;5864624;-4202.317383
403647.8438;5864624;-4201.106445
403708.125;5864624;-4199.804199
403768.4375;5864624;-4198.412109
403828.7188;5864624;-4196.927734
403889.0313;5864624;-4195.352051
403949.3438;5864624;-4193.660645
404009.625;5864624;-4191.849609
404069.9375;5864624;-4189.960449
404130.25;5864624;-4188.000977
404190.5313;5864624;-4185.944824
404250.8438;5864624;-4183.747559
404311.125;5864624;-4181.432129
404371.4375;5864624;-4179.01709
404431.75;5864624;-4176.513184
404492.0313;5864624;-4173.934082
404552.3438;5864624;-4171.313477
404612.625;5864624;-4168.674316
404672.9375;5864624;-4166.049805
404733.25;5864624;-4163.539063
404793.5313;5864624;-4161.192383
404853.8438;5864624;-4159.050781
404914.1563;5864624;-4157.263672
404974.4375;5864624;-4155.919434
405034.75;5864624;-4154.929688
405095.0313;5864624;-4154.29834
405155.3438;5864624;-4154.148438
405215.6563;5864624;-4154.600098
405275.9375;5864624;-4155.431641
405336.25;5864624;-4156.48584
405396.5625;5864624;-4157.763672
405456.8438;5864624;-4159.229004
405517.1563;5864624;-4160.827148
405577.4375;5864624;-4162.560059
405637.75;5864624;-4164.40918
405698.0625;5864624;-4166.32959
405758.3438;5864624;-4168.268066
405818.6563;5864624;-4170.209961
405878.9688;5864624;-4172.181152
405939.25;5864624;-4174.128418
405999.5625;5864624;-4176.035156
406059.8438;5864624;-4177.943359
406120.1563;5864624;-4179.818359
406180.4688;5864624;-4181.642578
406240.75;5864624;-4183.446289
406301.0625;5864624;-4185.227051
406361.375;5864624;-4186.965332
406421.6563;5864624;-4188.671387
406481.9688;5864624;-4190.347656
406542.25;5864624;-4191.97998
406602.5625;5864624;-4193.571289
406662.875;5864624;-4195.144043
406723.1563;5864624;-4196.696777
406783.4688;5864624;-4198.230957
406843.7813;5864624;-4199.743164
406904.0625;5864624;-4201.230469
406964.375;5864624;-4202.700684
407024.6563;5864624;-4204.154785
407084.9688;5864624;-4205.591797
407145.2813;5864624;-4207.009766
407205.5625;5864624;-4208.407227
407265.875;5864624;-4209.78418
407326.1875;5864624;-4211.137207
407386.4688;5864624;-4212.465332
407446.7813;5864624;-4213.776855
407507.0625;5864624;-4215.070801
407567.375;5864624;-4216.336426
407627.6875;5864624;-4217.581543
407687.9688;5864624;-4218.808594
407748.2813;5864624;-4220.004883
407808.5938;5864624;-4221.164551
407868.875;5864624;-4222.292969
407929.1875;5864624;-4223.390625
407989.4688;5864624;-4224.466309
408049.7813;5864624;-4225.51416
408110.0938;5864624;-4226.529785
408170.375;5864624;-4227.508789
408230.6875;5864624;-4228.44873
408291;5864624;-4229.346191
408351.2813;5864624;-4230.213867
408411.5938;5864624;-4231.056152
408471.875;5864624;-4231.868652
408532.1875;5864624;-4232.632324
408592.5;5864624;-4233.36084
408652.7813;5864624;-4234.057617
408713.0938;5864624;-4234.722168
408773.4063;5864624;-4235.345215
408833.6875;5864624;-4235.930664
408894;5864624;-4236.481445
408954.2813;5864624;-4237.001953
409014.5938;5864624;-4237.480957
409074.9063;5864624;-4237.922852
409135.1875;5864624;-4238.330078
409195.5;5864624;-4238.702148
409255.8125;5864624;-4239.037109
409316.0938;5864624;-4239.345215
409376.4063;5864624;-4239.626465
401356.4063;5864685;-4246.83252
401416.6875;5864685;-4246.258301
401477;5864685;-4245.644531
401537.3125;5864685;-4245.001465
401597.5938;5864685;-4244.33252
401657.9063;5864685;-4243.64502
401718.2188;5864685;-4242.92041
401778.5;5864685;-4242.130371
401838.8125;5864685;-4241.214844
401899.0938;5864685;-4240.172363
401959.4063;5864685;-4238.990234
402019.7188;5864685;-4237.637207
402080;5864685;-4236.118652
402140.3125;5864685;-4234.505371
402200.625;5864685;-4232.812988
402260.9063;5864685;-4231.043945
402321.2188;5864685;-4229.236328
402381.5;5864685;-4227.431152
402441.8125;5864685;-4225.629883
402502.125;5864685;-4223.848145
402562.4063;5864685;-4222.109863
402622.7188;5864685;-4220.433594
402683.0313;5864685;-4218.822754
402743.3125;5864685;-4217.282227
402803.625;5864685;-4215.814941
402863.9063;5864685;-4214.408203
402924.2188;5864685;-4213.070313
402984.5313;5864685;-4211.82959
403044.8125;5864685;-4210.693848
403105.125;5864685;-4209.606934
403165.4375;5864685;-4208.564453
403225.7188;5864685;-4207.559082
403286.0313;5864685;-4206.567871
403346.3125;5864685;-4205.57959
403406.625;5864685;-4204.581055
403466.9375;5864685;-4203.540039
403527.2188;5864685;-4202.442871
403587.5313;5864685;-4201.280762
403647.8438;5864685;-4200.032227
403708.125;5864685;-4198.706543
403768.4375;5864685;-4197.303223
403828.7188;5864685;-4195.820801
403889.0313;5864685;-4194.259277
403949.3438;5864685;-4192.596191
404009.625;5864685;-4190.82959
404069.9375;5864685;-4188.994141
404130.25;5864685;-4187.099121
404190.5313;5864685;-4185.119141
404250.8438;5864685;-4183.019043
404311.125;5864685;-4180.819336
404371.4375;5864685;-4178.536621
404431.75;5864685;-4176.182129
404492.0313;5864685;-4173.769531
404552.3438;5864685;-4171.328613
404612.625;5864685;-4168.879395
404672.9375;5864685;-4166.458008
404733.25;5864685;-4164.154297
404793.5313;5864685;-4162.01123
404853.8438;5864685;-4160.064453
404914.1563;5864685;-4158.445801
404974.4375;5864685;-4157.22168
405034.75;5864685;-4156.308594
405095.0313;5864685;-4155.70752
405155.3438;5864685;-4155.527832
405215.6563;5864685;-4155.876465
405275.9375;5864685;-4156.573242
405336.25;5864685;-4157.494629
405396.5625;5864685;-4158.640137
405456.8438;5864685;-4159.976074
405517.1563;5864685;-4161.452637
405577.4375;5864685;-4163.072266
405637.75;5864685;-4164.821777
405698.0625;5864685;-4166.647949
405758.3438;5864685;-4168.5
405818.6563;5864685;-4170.36377
405878.9688;5864685;-4172.262207
405939.25;5864685;-4174.147461
405999.5625;5864685;-4176.00293
406059.8438;5864685;-4177.861816
406120.1563;5864685;-4179.693359
406180.4688;5864685;-4181.481445
406240.75;5864685;-4183.251953
406301.0625;5864685;-4185.000488
406361.375;5864685;-4186.710449
406421.6563;5864685;-4188.391113
406481.9688;5864685;-4190.043945
406542.25;5864685;-4191.655762
406602.5625;5864685;-4193.22998
406662.875;5864685;-4194.785156
406723.1563;5864685;-4196.322266
406783.4688;5864685;-4197.842773
406843.7813;5864685;-4199.341309
406904.0625;5864685;-4200.815918
406964.375;5864685;-4202.272949
407024.6563;5864685;-4203.715332
407084.9688;5864685;-4205.139648
407145.2813;5864685;-4206.547363
407205.5625;5864685;-4207.934082
407265.875;5864685;-4209.300293
407326.1875;5864685;-4210.64209
407386.4688;5864685;-4211.960938
407446.7813;5864685;-4213.262207
407507.0625;5864685;-4214.546387
407567.375;5864685;-4215.801758
407627.6875;5864685;-4217.037109
407687.9688;5864685;-4218.253418
407748.2813;5864685;-4219.441406
407808.5938;5864685;-4220.592285
407868.875;5864685;-4221.711426
407929.1875;5864685;-4222.80127
407989.4688;5864685;-4223.868652
408049.7813;5864685;-4224.908691
408110.0938;5864685;-4225.916504
408170.375;5864685;-4226.888672
408230.6875;5864685;-4227.821777
408291;5864685;-4228.713379
408351.2813;5864685;-4229.575195
408411.5938;5864685;-4230.412109
408471.875;5864685;-4231.218262
408532.1875;5864685;-4231.978027
408592.5;5864685;-4232.70166
408652.7813;5864685;-4233.394043
408713.0938;5864685;-4234.054199
408773.4063;5864685;-4234.673828
408833.6875;5864685;-4235.255859
408894;5864685;-4235.803711
408954.2813;5864685;-4236.321777
409014.5938;5864685;-4236.798828
409074.9063;5864685;-4237.23877
409135.1875;5864685;-4237.64502
409195.5;5864685;-4238.016113
409255.8125;5864685;-4238.350098
409316.0938;5864685;-4238.657715
409376.4063;5864685;-4238.938477
401356.4063;5864745.5;-4245.60498
401416.6875;5864745.5;-4245.081543
401477;5864745.5;-4244.51416
401537.3125;5864745.5;-4243.909668
401597.5938;5864745.5;-4243.258789
401657.9063;5864745.5;-4242.569824
401718.2188;5864745.5;-4241.830078
401778.5;5864745.5;-4241.01709
401838.8125;5864745.5;-4240.085938
401899.0938;5864745.5;-4239.041504
401959.4063;5864745.5;-4237.87793
402019.7188;5864745.5;-4236.569824
402080;5864745.5;-4235.118652
402140.3125;5864745.5;-4233.584961
402200.625;5864745.5;-4231.979004
402260.9063;5864745.5;-4230.301758
402321.2188;5864745.5;-4228.583008
402381.5;5864745.5;-4226.859863
402441.8125;5864745.5;-4225.136719
402502.125;5864745.5;-4223.42334
402562.4063;5864745.5;-4221.743652
402622.7188;5864745.5;-4220.111328
402683.0313;5864745.5;-4218.532715
402743.3125;5864745.5;-4217.011719
402803.625;5864745.5;-4215.55127
402863.9063;5864745.5;-4214.141113
402924.2188;5864745.5;-4212.788574
402984.5313;5864745.5;-4211.516113
403044.8125;5864745.5;-4210.330566
403105.125;5864745.5;-4209.186035
403165.4375;5864745.5;-4208.078125
403225.7188;5864745.5;-4207.000977
403286.0313;5864745.5;-4205.935547
403346.3125;5864745.5;-4204.872559
403406.625;5864745.5;-4203.802246
403466.9375;5864745.5;-4202.696777
403527.2188;5864745.5;-4201.54541
403587.5313;5864745.5;-4200.339355
403647.8438;5864745.5;-4199.060547
403708.125;5864745.5;-4197.716309
403768.4375;5864745.5;-4196.306152
403828.7188;5864745.5;-4194.828125
403889.0313;5864745.5;-4193.282715
403949.3438;5864745.5;-4191.649902
404009.625;5864745.5;-4189.926758
404069.9375;5864745.5;-4188.145508
404130.25;5864745.5;-4186.313477
404190.5313;5864745.5;-4184.40918
404250.8438;5864745.5;-4182.404785
404311.125;5864745.5;-4180.319336
404371.4375;5864745.5;-4178.16748
404431.75;5864745.5;-4175.959961
404492.0313;5864745.5;-4173.709961
404552.3438;5864745.5;-4171.443848
404612.625;5864745.5;-4169.180176
404672.9375;5864745.5;-4166.952637
404733.25;5864745.5;-4164.845215
404793.5313;5864745.5;-4162.88916
404853.8438;5864745.5;-4161.119141
404914.1563;5864745.5;-4159.648926
404974.4375;5864745.5;-4158.530762
405034.75;5864745.5;-4157.685059
405095.0313;5864745.5;-4157.112793
405155.3438;5864745.5;-4156.911133
405215.6563;5864745.5;-4157.179199
405275.9375;5864745.5;-4157.765137
405336.25;5864745.5;-4158.571777
405396.5625;5864745.5;-4159.596191
405456.8438;5864745.5;-4160.811035
405517.1563;5864745.5;-4162.170898
405577.4375;5864745.5;-4163.678711
405637.75;5864745.5;-4165.324707
405698.0625;5864745.5;-4167.052734
405758.3438;5864745.5;-4168.814453
405818.6563;5864745.5;-4170.596191
405878.9688;5864745.5;-4172.418457
405939.25;5864745.5;-4174.237305
405999.5625;5864745.5;-4176.036621
406059.8438;5864745.5;-4177.843262
406120.1563;5864745.5;-4179.629395
406180.4688;5864745.5;-4181.37793
406240.75;5864745.5;-4183.11084
406301.0625;5864745.5;-4184.826172
406361.375;5864745.5;-4186.505859
406421.6563;5864745.5;-4188.158691
406481.9688;5864745.5;-4189.787109
406542.25;5864745.5;-4191.376465
406602.5625;5864745.5;-4192.931641
406662.875;5864745.5;-4194.469727
406723.1563;5864745.5;-4195.990234
406783.4688;5864745.5;-4197.495117
406843.7813;5864745.5;-4198.97998
406904.0625;5864745.5;-4200.440918
406964.375;5864745.5;-4201.884766
407024.6563;5864745.5;-4203.314941
407084.9688;5864745.5;-4204.728027
407145.2813;5864745.5;-4206.123535
407205.5625;5864745.5;-4207.499023
407265.875;5864745.5;-4208.854004
407326.1875;5864745.5;-4210.185059
407386.4688;5864745.5;-4211.493164
407446.7813;5864745.5;-4212.783691
407507.0625;5864745.5;-4214.057129
407567.375;5864745.5;-4215.303223
407627.6875;5864745.5;-4216.528809
407687.9688;5864745.5;-4217.735352
407748.2813;5864745.5;-4218.914063
407808.5938;5864745.5;-4220.055664
407868.875;5864745.5;-4221.165527
407929.1875;5864745.5;-4222.247559
407989.4688;5864745.5;-4223.306641
408049.7813;5864745.5;-4224.338867
408110.0938;5864745.5;-4225.339355
408170.375;5864745.5;-4226.303223
408230.6875;5864745.5;-4227.22998
408291;5864745.5;-4228.115234
408351.2813;5864745.5;-4228.970703
408411.5938;5864745.5;-4229.801758
408471.875;5864745.5;-4230.602539
408532.1875;5864745.5;-4231.356445
408592.5;5864745.5;-4232.075195
408652.7813;5864745.5;-4232.763672
408713.0938;5864745.5;-4233.419922
408773.4063;5864745.5;-4234.035156
408833.6875;5864745.5;-4234.613281
408894;5864745.5;-4235.158691
408954.2813;5864745.5;-4235.67334
409014.5938;5864745.5;-4236.147461
409074.9063;5864745.5;-4236.586426
409135.1875;5864745.5;-4236.991211
409195.5;5864745.5;-4237.361328
409255.8125;5864745.5;-4237.694824
409316.0938;5864745.5;-4238.001465
409376.4063;5864745.5;-4238.283203
401356.4063;5864806;-4244.492676
401416.6875;5864806;-4243.991699
401477;5864806;-4243.444824
401537.3125;5864806;-4242.855957
401597.5938;5864806;-4242.211914
401657.9063;5864806;-4241.518066
401718.2188;5864806;-4240.766602
401778.5;5864806;-4239.939453
401838.8125;5864806;-4239.000977
401899.0938;5864806;-4237.963379
401959.4063;5864806;-4236.821777
402019.7188;5864806;-4235.554199
402080;5864806;-4234.162598
402140.3125;5864806;-4232.695313
402200.625;5864806;-4231.163086
402260.9063;5864806;-4229.563965
402321.2188;5864806;-4227.92041
402381.5;5864806;-4226.268066
402441.8125;5864806;-4224.611328
402502.125;5864806;-4222.959473
402562.4063;5864806;-4221.330566
402622.7188;5864806;-4219.73877
402683.0313;5864806;-4218.189941
402743.3125;5864806;-4216.687988
402803.625;5864806;-4215.236328
402863.9063;5864806;-4213.826172
402924.2188;5864806;-4212.463379
402984.5313;5864806;-4211.16748
403044.8125;5864806;-4209.943848
403105.125;5864806;-4208.753906
403165.4375;5864806;-4207.594238
403225.7188;5864806;-4206.459961
403286.0313;5864806;-4205.336914
403346.3125;5864806;-4204.216309
403406.625;5864806;-4203.088867
403466.9375;5864806;-4201.933105
403527.2188;5864806;-4200.73877
403587.5313;5864806;-4199.499023
403647.8438;5864806;-4198.197754
403708.125;5864806;-4196.841797
403768.4375;5864806;-4195.429199
403828.7188;5864806;-4193.959473
403889.0313;5864806;-4192.431641
403949.3438;5864806;-4190.829102
404009.625;5864806;-4189.149902
404069.9375;5864806;-4187.422852
404130.25;5864806;-4185.652344
404190.5313;5864806;-4183.822266
404250.8438;5864806;-4181.909668
404311.125;5864806;-4179.933594
404371.4375;5864806;-4177.90625
404431.75;5864806;-4175.838867
404492.0313;5864806;-4173.743652
404552.3438;5864806;-4171.641113
404612.625;5864806;-4169.550781
404672.9375;5864806;-4167.503418
404733.25;5864806;-4165.572754
404793.5313;5864806;-4163.785156
404853.8438;5864806;-4162.169434
404914.1563;5864806;-4160.827637
404974.4375;5864806;-4159.79834
405034.75;5864806;-4159.011719
405095.0313;5864806;-4158.466797
405155.3438;5864806;-4158.25293
405215.6563;5864806;-4158.461426
405275.9375;5864806;-4158.962891
405336.25;5864806;-4159.677734
405396.5625;5864806;-4160.603027
405456.8438;5864806;-4161.712891
405517.1563;5864806;-4162.967773
405577.4375;5864806;-4164.37207
405637.75;5864806;-4165.918945
405698.0625;5864806;-4167.552734
405758.3438;5864806;-4169.225586
405818.6563;5864806;-4170.925781
405878.9688;5864806;-4172.67041
405939.25;5864806;-4174.422363
405999.5625;5864806;-4176.163086
406059.8438;5864806;-4177.912598
406120.1563;5864806;-4179.647461
406180.4688;5864806;-4181.353027
406240.75;5864806;-4183.04541
406301.0625;5864806;-4184.722168
406361.375;5864806;-4186.367676
406421.6563;5864806;-4187.990234
406481.9688;5864806;-4189.589355
406542.25;5864806;-4191.154297
406602.5625;5864806;-4192.687988
406662.875;5864806;-4194.207031
406723.1563;5864806;-4195.709473
406783.4688;5864806;-4197.196777
406843.7813;5864806;-4198.665039
406904.0625;5864806;-4200.111328
406964.375;5864806;-4201.541992
407024.6563;5864806;-4202.958496
407084.9688;5864806;-4204.359375
407145.2813;5864806;-4205.742188
407205.5625;5864806;-4207.105469
407265.875;5864806;-4208.449219
407326.1875;5864806;-4209.768555
407386.4688;5864806;-4211.06543
407446.7813;5864806;-4212.345703
407507.0625;5864806;-4213.608887
407567.375;5864806;-4214.844727
407627.6875;5864806;-4216.060059
407687.9688;5864806;-4217.256836
407748.2813;5864806;-4218.426758
407808.5938;5864806;-4219.560059
407868.875;5864806;-4220.661133
407929.1875;5864806;-4221.734375
407989.4688;5864806;-4222.785156
408049.7813;5864806;-4223.80957
408110.0938;5864806;-4224.802246
408170.375;5864806;-4225.760254
408230.6875;5864806;-4226.679199
408291;5864806;-4227.557617
408351.2813;5864806;-4228.40625
408411.5938;5864806;-4229.231934
408471.875;5864806;-4230.027344
408532.1875;5864806;-4230.775879
408592.5;5864806;-4231.490234
408652.7813;5864806;-4232.173828
408713.0938;5864806;-4232.825195
408773.4063;5864806;-4233.4375
408833.6875;5864806;-4234.012207
408894;5864806;-4234.553711
408954.2813;5864806;-4235.065918
409014.5938;5864806;-4235.537598
409074.9063;5864806;-4235.974121
409135.1875;5864806;-4236.37793
409195.5;5864806;-4236.746582
409255.8125;5864806;-4237.07959
409316.0938;5864806;-4237.387207
409376.4063;5864806;-4237.668945
401356.4063;5864866.5;-4243.471191
401416.6875;5864866.5;-4242.977539
401477;5864866.5;-4242.437988
401537.3125;5864866.5;-4241.854004
401597.5938;5864866.5;-4241.209473
401657.9063;5864866.5;-4240.508789
401718.2188;5864866.5;-4239.748047
401778.5;5864866.5;-4238.911621
401838.8125;5864866.5;-4237.971191
401899.0938;5864866.5;-4236.942383
401959.4063;5864866.5;-4235.821777
402019.7188;5864866.5;-4234.590332
402080;5864866.5;-4233.249023
402140.3125;5864866.5;-4231.838867
402200.625;5864866.5;-4230.369629
402260.9063;5864866.5;-4228.836914
402321.2188;5864866.5;-4227.258301
402381.5;5864866.5;-4225.66748
402441.8125;5864866.5;-4224.068848
402502.125;5864866.5;-4222.47168
402562.4063;5864866.5;-4220.888184
402622.7188;5864866.5;-4219.334473
402683.0313;5864866.5;-4217.8125
402743.3125;5864866.5;-4216.328613
402803.625;5864866.5;-4214.88623
402863.9063;5864866.5;-4213.478027
402924.2188;5864866.5;-4212.109863
402984.5313;5864866.5;-4210.796387
403044.8125;5864866.5;-4209.54248
403105.125;5864866.5;-4208.317383
403165.4375;5864866.5;-4207.117188
403225.7188;5864866.5;-4205.938477
403286.0313;5864866.5;-4204.769043
403346.3125;5864866.5;-4203.601563
403406.625;5864866.5;-4202.429199
403466.9375;5864866.5;-4201.233887
403527.2188;5864866.5;-4200.006348
403587.5313;5864866.5;-4198.741211
403647.8438;5864866.5;-4197.424805
403708.125;5864866.5;-4196.062012
403768.4375;5864866.5;-4194.651367
403828.7188;5864866.5;-4193.191406
403889.0313;5864866.5;-4191.683105
403949.3438;5864866.5;-4190.111816
404009.625;5864866.5;-4188.477051
404069.9375;5864866.5;-4186.80127
404130.25;5864866.5;-4185.089844
404190.5313;5864866.5;-4183.330566
404250.8438;5864866.5;-4181.505859
404311.125;5864866.5;-4179.633301
404371.4375;5864866.5;-4177.723145
404431.75;5864866.5;-4175.785645
404492.0313;5864866.5;-4173.833496
404552.3438;5864866.5;-4171.884766
404612.625;5864866.5;-4169.953125
404672.9375;5864866.5;-4168.070801
404733.25;5864866.5;-4166.30127
404793.5313;5864866.5;-4164.666504
404853.8438;5864866.5;-4163.19043
404914.1563;5864866.5;-4161.961914
404974.4375;5864866.5;-4161.015137
405034.75;5864866.5;-4160.283203
405095.0313;5864866.5;-4159.766602
405155.3438;5864866.5;-4159.547852
405215.6563;5864866.5;-4159.710938
405275.9375;5864866.5;-4160.145508
405336.25;5864866.5;-4160.78418
405396.5625;5864866.5;-4161.62207
405456.8438;5864866.5;-4162.637695
405517.1563;5864866.5;-4163.79834
405577.4375;5864866.5;-4165.106445
405637.75;5864866.5;-4166.560547
405698.0625;5864866.5;-4168.104004
405758.3438;5864866.5;-4169.690918
405818.6563;5864866.5;-4171.311035
405878.9688;5864866.5;-4172.97998
405939.25;5864866.5;-4174.664551
405999.5625;5864866.5;-4176.344727
406059.8438;5864866.5;-4178.037598
406120.1563;5864866.5;-4179.721191
406180.4688;5864866.5;-4181.380859
406240.75;5864866.5;-4183.030762
406301.0625;5864866.5;-4184.66748
406361.375;5864866.5;-4186.277344
406421.6563;5864866.5;-4187.867188
406481.9688;5864866.5;-4189.436035
406542.25;5864866.5;-4190.975586
406602.5625;5864866.5;-4192.487305
406662.875;5864866.5;-4193.985352
406723.1563;5864866.5;-4195.468262
406783.4688;5864866.5;-4196.9375
406843.7813;5864866.5;-4198.390137
406904.0625;5864866.5;-4199.821289
406964.375;5864866.5;-4201.236816
407024.6563;5864866.5;-4202.640625
407084.9688;5864866.5;-4204.027344
407145.2813;5864866.5;-4205.397461
407205.5625;5864866.5;-4206.75
407265.875;5864866.5;-4208.081055
407326.1875;5864866.5;-4209.389648
407386.4688;5864866.5;-4210.675781
407446.7813;5864866.5;-4211.945313
407507.0625;5864866.5;-4213.197266
407567.375;5864866.5;-4214.42334
407627.6875;5864866.5;-4215.629395
407687.9688;5864866.5;-4216.815918
407748.2813;5864866.5;-4217.976563
407808.5938;5864866.5;-4219.100586
407868.875;5864866.5;-4220.192871
407929.1875;5864866.5;-4221.258301
407989.4688;5864866.5;-4222.30127
408049.7813;5864866.5;-4223.317383
408110.0938;5864866.5;-4224.303223
408170.375;5864866.5;-4225.253418
408230.6875;5864866.5;-4226.165527
408291;5864866.5;-4227.037109
408351.2813;5864866.5;-4227.880371
408411.5938;5864866.5;-4228.699707
408471.875;5864866.5;-4229.489746
408532.1875;5864866.5;-4230.233398
408592.5;5864866.5;-4230.942871
408652.7813;5864866.5;-4231.621094
408713.0938;5864866.5;-4232.268555
408773.4063;5864866.5;-4232.876465
408833.6875;5864866.5;-4233.447754
408894;5864866.5;-4233.98584
408954.2813;5864866.5;-4234.494629
409014.5938;5864866.5;-4234.964355
409074.9063;5864866.5;-4235.399414
409135.1875;5864866.5;-4235.80127
409195.5;5864866.5;-4236.169434
409255.8125;5864866.5;-4236.501953
409316.0938;5864866.5;-4236.808594
409376.4063;5864866.5;-4237.091797
401356.4063;5864927;-4242.52002
401416.6875;5864927;-4242.024414
401477;5864927;-4241.483887
401537.3125;5864927;-4240.898926
401597.5938;5864927;-4240.25
401657.9063;5864927;-4239.541992
401718.2188;5864927;-4238.772949
401778.5;5864927;-4237.929199
401838.8125;5864927;-4236.989258
401899.0938;5864927;-4235.970703
401959.4063;5864927;-4234.869629
402019.7188;5864927;-4233.669922
402080;5864927;-4232.370605
402140.3125;5864927;-4231.009766
402200.625;5864927;-4229.593262
402260.9063;5864927;-4228.117676
402321.2188;5864927;-4226.595703
402381.5;5864927;-4225.059082
402441.8125;5864927;-4223.512695
402502.125;5864927;-4221.963379
402562.4063;5864927;-4220.422363
402622.7188;5864927;-4218.902344
402683.0313;5864927;-4217.406738
402743.3125;5864927;-4215.941406
402803.625;5864927;-4214.509766
402863.9063;5864927;-4213.106934
402924.2188;5864927;-4211.736328
402984.5313;5864927;-4210.410645
403044.8125;5864927;-4209.132813
403105.125;5864927;-4207.881348
403165.4375;5864927;-4206.649414
403225.7188;5864927;-4205.435059
403286.0313;5864927;-4204.229492
403346.3125;5864927;-4203.025879
403406.625;5864927;-4201.817871
403466.9375;5864927;-4200.591309
403527.2188;5864927;-4199.338867
403587.5313;5864927;-4198.054199
403647.8438;5864927;-4196.727539
403708.125;5864927;-4195.361816
403768.4375;5864927;-4193.956543
403828.7188;5864927;-4192.510254
403889.0313;5864927;-4191.021484
403949.3438;5864927;-4189.481445
404009.625;5864927;-4187.888672
404069.9375;5864927;-4186.263184
404130.25;5864927;-4184.60791
404190.5313;5864927;-4182.915039
404250.8438;5864927;-4181.174316
404311.125;5864927;-4179.397949
404371.4375;5864927;-4177.597656
404431.75;5864927;-4175.783203
404492.0313;5864927;-4173.963867
404552.3438;5864927;-4172.155762
404612.625;5864927;-4170.371582
404672.9375;5864927;-4168.641602
404733.25;5864927;-4167.020508
404793.5313;5864927;-4165.525391
404853.8438;5864927;-4164.177246
404914.1563;5864927;-4163.054199
404974.4375;5864927;-4162.182617
405034.75;5864927;-4161.503906
405095.0313;5864927;-4161.018066
405155.3438;5864927;-4160.800781
405215.6563;5864927;-4160.929199
405275.9375;5864927;-4161.308105
405336.25;5864927;-4161.879883
405396.5625;5864927;-4162.640137
405456.8438;5864927;-4163.569336
405517.1563;5864927;-4164.640625
405577.4375;5864927;-4165.856934
405637.75;5864927;-4167.220703
405698.0625;5864927;-4168.676758
405758.3438;5864927;-4170.180664
405818.6563;5864927;-4171.72168
405878.9688;5864927;-4173.315918
405939.25;5864927;-4174.932617
405999.5625;5864927;-4176.553711
406059.8438;5864927;-4178.188477
406120.1563;5864927;-4179.820801
406180.4688;5864927;-4181.435547
406240.75;5864927;-4183.043457
406301.0625;5864927;-4184.639648
406361.375;5864927;-4186.214844
406421.6563;5864927;-4187.772461
406481.9688;5864927;-4189.312988
406542.25;5864927;-4190.827148
406602.5625;5864927;-4192.317383
406662.875;5864927;-4193.79541
406723.1563;5864927;-4195.259766
406783.4688;5864927;-4196.710938
406843.7813;5864927;-4198.147461
406904.0625;5864927;-4199.563965
406964.375;5864927;-4200.965332
407024.6563;5864927;-4202.35498
407084.9688;5864927;-4203.729492
407145.2813;5864927;-4205.087402
407205.5625;5864927;-4206.427246
407265.875;5864927;-4207.74707
407326.1875;5864927;-4209.043945
407386.4688;5864927;-4210.319824
407446.7813;5864927;-4211.579102
407507.0625;5864927;-4212.820801
407567.375;5864927;-4214.037109
407627.6875;5864927;-4215.23291
407687.9688;5864927;-4216.410156
407748.2813;5864927;-4217.561035
407808.5938;5864927;-4218.675781
407868.875;5864927;-4219.759766
407929.1875;5864927;-4220.816895
407989.4688;5864927;-4221.851074
408049.7813;5864927;-4222.859863
408110.0938;5864927;-4223.837402
408170.375;5864927;-4224.78125
408230.6875;5864927;-4225.686523
408291;5864927;-4226.551758
408351.2813;5864927;-4227.388672
408411.5938;5864927;-4228.20166
408471.875;5864927;-4228.986328
408532.1875;5864927;-4229.724609
408592.5;5864927;-4230.428711
408652.7813;5864927;-4231.103027
408713.0938;5864927;-4231.746094
408773.4063;5864927;-4232.350098
408833.6875;5864927;-4232.916504
408894;5864927;-4233.452148
408954.2813;5864927;-4233.958008
409014.5938;5864927;-4234.423828
409074.9063;5864927;-4234.855957
409135.1875;5864927;-4235.256348
409195.5;5864927;-4235.624023
409255.8125;5864927;-4235.956543
409316.0938;5864927;-4236.262695
409376.4063;5864927;-4236.54541
401356.4063;5864988;-4241.639648
401416.6875;5864988;-4241.13623
401477;5864988;-4240.589355
401537.3125;5864988;-4239.999023
401597.5938;5864988;-4239.344238
401657.9063;5864988;-4238.628418
401718.2188;5864988;-4237.853516
401778.5;5864988;-4237.005859
401838.8125;5864988;-4236.068848
401899.0938;5864988;-4235.059082
401959.4063;5864988;-4233.975098
402019.7188;5864988;-4232.802734
402080;5864988;-4231.541016
402140.3125;5864988;-4230.221191
402200.625;5864988;-4228.850098
402260.9063;5864988;-4227.423828
402321.2188;5864988;-4225.951172
402381.5;5864988;-4224.461426
402441.8125;5864988;-4222.960938
402502.125;5864988;-4221.455078
402562.4063;5864988;-4219.950684
402622.7188;5864988;-4218.460449
402683.0313;5864988;-4216.989258
402743.3125;5864988;-4215.541992
402803.625;5864988;-4214.120605
402863.9063;5864988;-4212.722168
402924.2188;5864988;-4211.352051
402984.5313;5864988;-4210.01709
403044.8125;5864988;-4208.721191
403105.125;5864988;-4207.44873
403165.4375;5864988;-4206.191406
403225.7188;5864988;-4204.949219
403286.0313;5864988;-4203.71582
403346.3125;5864988;-4202.483398
403406.625;5864988;-4201.247559
403466.9375;5864988;-4199.997559
403527.2188;5864988;-4198.725586
403587.5313;5864988;-4197.426758
403647.8438;5864988;-4196.094727
403708.125;5864988;-4194.730469
403768.4375;5864988;-4193.332031
403828.7188;5864988;-4191.900879
403889.0313;5864988;-4190.43457
403949.3438;5864988;-4188.924316
404009.625;5864988;-4187.373047
404069.9375;5864988;-4185.794434
404130.25;5864988;-4184.194824
404190.5313;5864988;-4182.56543
404250.8438;5864988;-4180.901855
404311.125;5864988;-4179.216797
404371.4375;5864988;-4177.517578
404431.75;5864988;-4175.81543
404492.0313;5864988;-4174.118164
404552.3438;5864988;-4172.437988
404612.625;5864988;-4170.788574
404672.9375;5864988;-4169.196289
404733.25;5864988;-4167.710449
404793.5313;5864988;-4166.342285
404853.8438;5864988;-4165.109375
404914.1563;5864988;-4164.082031
404974.4375;5864988;-4163.280273
405034.75;5864988;-4162.651367
405095.0313;5864988;-4162.196777
405155.3438;5864988;-4161.985352
405215.6563;5864988;-4162.088867
405275.9375;5864988;-4162.422363
405336.25;5864988;-4162.937988
405396.5625;5864988;-4163.630859
405456.8438;5864988;-4164.485352
405517.1563;5864988;-4165.477539
405577.4375;5864988;-4166.611328
405637.75;5864988;-4167.893555
405698.0625;5864988;-4169.269043
405758.3438;5864988;-4170.694336
405818.6563;5864988;-4172.161621
405878.9688;5864988;-4173.68457
405939.25;5864988;-4175.237305
405999.5625;5864988;-4176.798828
406059.8438;5864988;-4178.37793
406120.1563;5864988;-4179.958496
406180.4688;5864988;-4181.527832
406240.75;5864988;-4183.092773
406301.0625;5864988;-4184.649902
406361.375;5864988;-4186.189453
406421.6563;5864988;-4187.714844
406481.9688;5864988;-4189.225098
406542.25;5864988;-4190.713867
406602.5625;5864988;-4192.182617
406662.875;5864988;-4193.63916
406723.1563;5864988;-4195.084473
406783.4688;5864988;-4196.517578
406843.7813;5864988;-4197.936523
406904.0625;5864988;-4199.337891
406964.375;5864988;-4200.725586
407024.6563;5864988;-4202.101563
407084.9688;5864988;-4203.462402
407145.2813;5864988;-4204.807129
407205.5625;5864988;-4206.135254
407265.875;5864988;-4207.444336
407326.1875;5864988;-4208.72998
407386.4688;5864988;-4209.994629
407446.7813;5864988;-4211.243164
407507.0625;5864988;-4212.474121
407567.375;5864988;-4213.680664
407627.6875;5864988;-4214.866699
407687.9688;5864988;-4216.033691
407748.2813;5864988;-4217.17627
407808.5938;5864988;-4218.282715
407868.875;5864988;-4219.35791
407929.1875;5864988;-4220.407227
407989.4688;5864988;-4221.433594
408049.7813;5864988;-4222.43457
408110.0938;5864988;-4223.404785
408170.375;5864988;-4224.341797
408230.6875;5864988;-4225.240234
408291;5864988;-4226.098633
408351.2813;5864988;-4226.928711
408411.5938;5864988;-4227.73584
408471.875;5864988;-4228.515137
408532.1875;5864988;-4229.249023
408592.5;5864988;-4229.947754
408652.7813;5864988;-4230.617188
408713.0938;5864988;-4231.255371
408773.4063;5864988;-4231.854492
408833.6875;5864988;-4232.417969
408894;5864988;-4232.949707
408954.2813;5864988;-4233.452637
409014.5938;5864988;-4233.915527
409074.9063;5864988;-4234.345215
409135.1875;5864988;-4234.743652
409195.5;5864988;-4235.109863
409255.8125;5864988;-4235.442383
409316.0938;5864988;-4235.748535
409376.4063;5864988;-4236.032715
401356.4063;5865048.5;-4240.835449
401416.6875;5865048.5;-4240.322266
401477;5865048.5;-4239.767578
401537.3125;5865048.5;-4239.169922
401597.5938;5865048.5;-4238.508301
401657.9063;5865048.5;-4237.787109
401718.2188;5865048.5;-4237.007813
401778.5;5865048.5;-4236.157227
401838.8125;5865048.5;-4235.222168
401899.0938;5865048.5;-4234.222656
401959.4063;5865048.5;-4233.153809
402019.7188;5865048.5;-4232.004395
402080;5865048.5;-4230.772949
402140.3125;5865048.5;-4229.487793
402200.625;5865048.5;-4228.154297
402260.9063;5865048.5;-4226.768555
402321.2188;5865048.5;-4225.336914
402381.5;5865048.5;-4223.887695
402441.8125;5865048.5;-4222.425293
402502.125;5865048.5;-4220.955566
402562.4063;5865048.5;-4219.483398
402622.7188;5865048.5;-4218.019531
402683.0313;5865048.5;-4216.569336
402743.3125;5865048.5;-4215.137695
402803.625;5865048.5;-4213.726074
402863.9063;5865048.5;-4212.333984
402924.2188;5865048.5;-4210.963867
402984.5313;5865048.5;-4209.623535
403044.8125;5865048.5;-4208.31543
403105.125;5865048.5;-4207.027344
403165.4375;5865048.5;-4205.751953
403225.7188;5865048.5;-4204.48877
403286.0313;5865048.5;-4203.233887
403346.3125;5865048.5;-4201.980957
403406.625;5865048.5;-4200.724609
403466.9375;5865048.5;-4199.45752
403527.2188;5865048.5;-4198.172852
403587.5313;5865048.5;-4196.865234
403647.8438;5865048.5;-4195.532227
403708.125;5865048.5;-4194.172363
403768.4375;5865048.5;-4192.783691
403828.7188;5865048.5;-4191.367676
403889.0313;5865048.5;-4189.924805
403949.3438;5865048.5;-4188.444824
404009.625;5865048.5;-4186.932617
404069.9375;5865048.5;-4185.399902
404130.25;5865048.5;-4183.850586
404190.5313;5865048.5;-4182.28125
404250.8438;5865048.5;-4180.687988
404311.125;5865048.5;-4179.084961
404371.4375;5865048.5;-4177.477539
404431.75;5865048.5;-4175.875488
404492.0313;5865048.5;-4174.286133
404552.3438;5865048.5;-4172.720215
404612.625;5865048.5;-4171.187988
404672.9375;5865048.5;-4169.716797
404733.25;5865048.5;-4168.348145
404793.5313;5865048.5;-4167.09082
404853.8438;5865048.5;-4165.959961
404914.1563;5865048.5;-4165.01709
404974.4375;5865048.5;-4164.279297
405034.75;5865048.5;-4163.697754
405095.0313;5865048.5;-4163.273926
405155.3438;5865048.5;-4163.072266
405215.6563;5865048.5;-4163.158691
405275.9375;5865048.5;-4163.458496
405336.25;5865048.5;-4163.929688
405396.5625;5865048.5;-4164.567871
405456.8438;5865048.5;-4165.358887
405517.1563;5865048.5;-4166.284668
405577.4375;5865048.5;-4167.34668
405637.75;5865048.5;-4168.556152
405698.0625;5865048.5;-4169.859863
405758.3438;5865048.5;-4171.214844
405818.6563;5865048.5;-4172.615234
405878.9688;5865048.5;-4174.071777
405939.25;5865048.5;-4175.563477
405999.5625;5865048.5;-4177.070313
406059.8438;5865048.5;-4178.595215
406120.1563;5865048.5;-4180.127441
406180.4688;5865048.5;-4181.65332
406240.75;5865048.5;-4183.17627
406301.0625;5865048.5;-4184.693848
406361.375;5865048.5;-4186.197754
406421.6563;5865048.5;-4187.691406
406481.9688;5865048.5;-4189.172852
406542.25;5865048.5;-4190.636719
406602.5625;5865048.5;-4192.082031
406662.875;5865048.5;-4193.518066
406723.1563;5865048.5;-4194.943848
406783.4688;5865048.5;-4196.359375
406843.7813;5865048.5;-4197.761719
406904.0625;5865048.5;-4199.147461
406964.375;5865048.5;-4200.520996
407024.6563;5865048.5;-4201.883301
407084.9688;5865048.5;-4203.231445
407145.2813;5865048.5;-4204.563965
407205.5625;5865048.5;-4205.879883
407265.875;5865048.5;-4207.177734
407326.1875;5865048.5;-4208.45166
407386.4688;5865048.5;-4209.706543
407446.7813;5865048.5;-4210.944336
407507.0625;5865048.5;-4212.165039
407567.375;5865048.5;-4213.362305
407627.6875;5865048.5;-4214.538574
407687.9688;5865048.5;-4215.696289
407748.2813;5865048.5;-4216.830566
407808.5938;5865048.5;-4217.928711
407868.875;5865048.5;-4218.994629
407929.1875;5865048.5;-4220.035645
407989.4688;5865048.5;-4221.055176
408049.7813;5865048.5;-4222.04834
408110.0938;5865048.5;-4223.012207
408170.375;5865048.5;-4223.941406
408230.6875;5865048.5;-4224.833008
408291;5865048.5;-4225.685547
408351.2813;5865048.5;-4226.510254
408411.5938;5865048.5;-4227.311523
408471.875;5865048.5;-4228.084473
408532.1875;5865048.5;-4228.813477
408592.5;5865048.5;-4229.506836
408652.7813;5865048.5;-4230.171387
408713.0938;5865048.5;-4230.805176
408773.4063;5865048.5;-4231.399902
408833.6875;5865048.5;-4231.958496
408894;5865048.5;-4232.487305
408954.2813;5865048.5;-4232.986816
409014.5938;5865048.5;-4233.446777
409074.9063;5865048.5;-4233.874023
409135.1875;5865048.5;-4234.27002
409195.5;5865048.5;-4234.634766
409255.8125;5865048.5;-4234.966797
409316.0938;5865048.5;-4235.274414
409376.4063;5865048.5;-4235.559082
401356.4063;5865109;-4240.088379
401416.6875;5865109;-4239.564453
401477;5865109;-4238.999512
401537.3125;5865109;-4238.39502
401597.5938;5865109;-4237.726563
401657.9063;5865109;-4237.000977
401718.2188;5865109;-4236.217285
401778.5;5865109;-4235.365723
401838.8125;5865109;-4234.435059
401899.0938;5865109;-4233.443359
401959.4063;5865109;-4232.387695
402019.7188;5865109;-4231.258789
402080;5865109;-4230.053223
402140.3125;5865109;-4228.797852
402200.625;5865109;-4227.49707
402260.9063;5865109;-4226.145508
402321.2188;5865109;-4224.75
402381.5;5865109;-4223.335449
402441.8125;5865109;-4221.906738
402502.125;5865109;-4220.46875
402562.4063;5865109;-4219.025879
402622.7188;5865109;-4217.585449
402683.0313;5865109;-4216.153809
402743.3125;5865109;-4214.736816
402803.625;5865109;-4213.335449
402863.9063;5865109;-4211.94873
402924.2188;5865109;-4210.582031
402984.5313;5865109;-4209.237305
403044.8125;5865109;-4207.919434
403105.125;5865109;-4206.620117
403165.4375;5865109;-4205.331055
403225.7188;5865109;-4204.05127
403286.0313;5865109;-4202.78125
403346.3125;5865109;-4201.51123
403406.625;5865109;-4200.23877
403466.9375;5865109;-4198.960449
403527.2188;5865109;-4197.666992
403587.5313;5865109;-4196.354492
403647.8438;5865109;-4195.022461
403708.125;5865109;-4193.668945
403768.4375;5865109;-4192.291016
403828.7188;5865109;-4190.891602
403889.0313;5865109;-4189.469727
403949.3438;5865109;-4188.020508
404009.625;5865109;-4186.544922
404069.9375;5865109;-4185.055176
404130.25;5865109;-4183.553711
404190.5313;5865109;-4182.038574
404250.8438;5865109;-4180.51123
404311.125;5865109;-4178.981934
404371.4375;5865109;-4177.458496
404431.75;5865109;-4175.945801
404492.0313;5865109;-4174.45459
404552.3438;5865109;-4172.989746
404612.625;5865109;-4171.5625
404672.9375;5865109;-4170.199219
404733.25;5865109;-4168.936035
404793.5313;5865109;-4167.776855
404853.8438;5865109;-4166.737793
404914.1563;5865109;-4165.87207
404974.4375;5865109;-4165.192871
405034.75;5865109;-4164.65625
405095.0313;5865109;-4164.263672
405155.3438;5865109;-4164.074219
405215.6563;5865109;-4164.148926
405275.9375;5865109;-4164.421875
405336.25;5865109;-4164.856445
405396.5625;5865109;-4165.447266
405456.8438;5865109;-4166.18457
405517.1563;5865109;-4167.049805
405577.4375;5865109;-4168.04834
405637.75;5865109;-4169.191406
405698.0625;5865109;-4170.428223
405758.3438;5865109;-4171.719238
405818.6563;5865109;-4173.055664
405878.9688;5865109;-4174.452148
405939.25;5865109;-4175.88623
405999.5625;5865109;-4177.339844
406059.8438;5865109;-4178.814453
406120.1563;5865109;-4180.300293
406180.4688;5865109;-4181.784668
406240.75;5865109;-4183.268555
406301.0625;5865109;-4184.749023
406361.375;5865109;-4186.220703
406421.6563;5865109;-4187.683594
406481.9688;5865109;-4189.137695
406542.25;5865109;-4190.57666
406602.5625;5865109;-4192.000977
406662.875;5865109;-4193.417969
406723.1563;5865109;-4194.825684
406783.4688;5865109;-4196.224121
406843.7813;5865109;-4197.611328
406904.0625;5865109;-4198.982422
406964.375;5865109;-4200.341309
407024.6563;5865109;-4201.690918
407084.9688;5865109;-4203.026367
407145.2813;5865109;-4204.34668
407205.5625;5865109;-4205.651855
407265.875;5865109;-4206.9375
407326.1875;5865109;-4208.201172
407386.4688;5865109;-4209.445801
407446.7813;5865109;-4210.673828
407507.0625;5865109;-4211.885254
407567.375;5865109;-4213.072754
407627.6875;5865109;-4214.240234
407687.9688;5865109;-4215.388184
407748.2813;5865109;-4216.514648
407808.5938;5865109;-4217.604004
407868.875;5865109;-4218.662598
407929.1875;5865109;-4219.695801
407989.4688;5865109;-4220.708496
408049.7813;5865109;-4221.694336
408110.0938;5865109;-4222.650879
408170.375;5865109;-4223.574219
408230.6875;5865109;-4224.458496
408291;5865109;-4225.304199
408351.2813;5865109;-4226.123535
408411.5938;5865109;-4226.919434
408471.875;5865109;-4227.686523
408532.1875;5865109;-4228.409668
408592.5;5865109;-4229.098633
408652.7813;5865109;-4229.757813
408713.0938;5865109;-4230.387207
408773.4063;5865109;-4230.978027
408833.6875;5865109;-4231.532715
408894;5865109;-4232.056152
408954.2813;5865109;-4232.551758
409014.5938;5865109;-4233.009277
409074.9063;5865109;-4233.433594
409135.1875;5865109;-4233.828125
409195.5;5865109;-4234.19043
409255.8125;5865109;-4234.521484
409316.0938;5865109;-4234.830566
409376.4063;5865109;-4235.117188
401356.4063;5865169.5;-4239.399414
401416.6875;5865169.5;-4238.862793
401477;5865169.5;-4238.289551
401537.3125;5865169.5;-4237.677734
401597.5938;5865169.5;-4237.003418
401657.9063;5865169.5;-4236.273438
401718.2188;5865169.5;-4235.487793
401778.5;5865169.5;-4234.635742
401838.8125;5865169.5;-4233.708496
401899.0938;5865169.5;-4232.725098
401959.4063;5865169.5;-4231.682129
402019.7188;5865169.5;-4230.569824
402080;5865169.5;-4229.387207
402140.3125;5865169.5;-4228.157227
402200.625;5865169.5;-4226.883789
402260.9063;5865169.5;-4225.563477
402321.2188;5865169.5;-4224.198242
402381.5;5865169.5;-4222.813477
402441.8125;5865169.5;-4221.414551
402502.125;5865169.5;-4220.003906
402562.4063;5865169.5;-4218.585449
402622.7188;5865169.5;-4217.165527
402683.0313;5865169.5;-4215.750488
402743.3125;5865169.5;-4214.346191
402803.625;5865169.5;-4212.953125
402863.9063;5865169.5;-4211.572266
402924.2188;5865169.5;-4210.208008
402984.5313;5865169.5;-4208.860352
403044.8125;5865169.5;-4207.535156
403105.125;5865169.5;-4206.226563
403165.4375;5865169.5;-4204.926758
403225.7188;5865169.5;-4203.634277
403286.0313;5865169.5;-4202.351563
403346.3125;5865169.5;-4201.069336
403406.625;5865169.5;-4199.784668
403466.9375;5865169.5;-4198.497559
403527.2188;5865169.5;-4197.198242
403587.5313;5865169.5;-4195.883789
403647.8438;5865169.5;-4194.554688
403708.125;5865169.5;-4193.208496
403768.4375;5865169.5;-4191.842285
403828.7188;5865169.5;-4190.460938
403889.0313;5865169.5;-4189.061523
403949.3438;5865169.5;-4187.638672
404009.625;5865169.5;-4186.199219
404069.9375;5865169.5;-4184.75
404130.25;5865169.5;-4183.293945
404190.5313;5865169.5;-4181.829102
404250.8438;5865169.5;-4180.362305
404311.125;5865169.5;-4178.900879
404371.4375;5865169.5;-4177.45166
404431.75;5865169.5;-4176.020996
404492.0313;5865169.5;-4174.616699
404552.3438;5865169.5;-4173.241699
404612.625;5865169.5;-4171.908691
404672.9375;5865169.5;-4170.640625
404733.25;5865169.5;-4169.470703
404793.5313;5865169.5;-4168.399414
404853.8438;5865169.5;-4167.440918
404914.1563;5865169.5;-4166.643066
404974.4375;5865169.5;-4166.017578
405034.75;5865169.5;-4165.522461
405095.0313;5865169.5;-4165.160156
405155.3438;5865169.5;-4164.983887
405215.6563;5865169.5;-4165.052734
405275.9375;5865169.5;-4165.305664
405336.25;5865169.5;-4165.710449
405396.5625;5865169.5;-4166.262695
405456.8438;5865169.5;-4166.953613
405517.1563;5865169.5;-4167.768066
405577.4375;5865169.5;-4168.711426
405637.75;5865169.5;-4169.796875
405698.0625;5865169.5;-4170.974609
405758.3438;5865169.5;-4172.20752
405818.6563;5865169.5;-4173.487793
405878.9688;5865169.5;-4174.827148
405939.25;5865169.5;-4176.209961
405999.5625;5865169.5;-4177.615234
406059.8438;5865169.5;-4179.04248
406120.1563;5865169.5;-4180.484863
406180.4688;5865169.5;-4181.929199
406240.75;5865169.5;-4183.375977
406301.0625;5865169.5;-4184.822266
406361.375;5865169.5;-4186.262207
406421.6563;5865169.5;-4187.696289
406481.9688;5865169.5;-4189.123535
406542.25;5865169.5;-4190.539063
406602.5625;5865169.5;-4191.943359
406662.875;5865169.5;-4193.34082
406723.1563;5865169.5;-4194.730469
406783.4688;5865169.5;-4196.113281
406843.7813;5865169.5;-4197.484375
406904.0625;5865169.5;-4198.841797
406964.375;5865169.5;-4200.188477
407024.6563;5865169.5;-4201.524902
407084.9688;5865169.5;-4202.847656
407145.2813;5865169.5;-4204.15625
407205.5625;5865169.5;-4205.449219
407265.875;5865169.5;-4206.725098
407326.1875;5865169.5;-4207.978027
407386.4688;5865169.5;-4209.212891
407446.7813;5865169.5;-4210.432129
407507.0625;5865169.5;-4211.634277
407567.375;5865169.5;-4212.812012
407627.6875;5865169.5;-4213.971191
407687.9688;5865169.5;-4215.110352
407748.2813;5865169.5;-4216.228516
407808.5938;5865169.5;-4217.310547
407868.875;5865169.5;-4218.359863
407929.1875;5865169.5;-4219.38623
407989.4688;5865169.5;-4220.391602
408049.7813;5865169.5;-4221.370117
408110.0938;5865169.5;-4222.320313
408170.375;5865169.5;-4223.236816
408230.6875;5865169.5;-4224.115234
408291;5865169.5;-4224.955566
408351.2813;5865169.5;-4225.768555
408411.5938;5865169.5;-4226.558594
408471.875;5865169.5;-4227.321289
408532.1875;5865169.5;-4228.038574
408592.5;5865169.5;-4228.722656
408652.7813;5865169.5;-4229.377441
408713.0938;5865169.5;-4230.001465
408773.4063;5865169.5;-4230.587891
408833.6875;5865169.5;-4231.138184
408894;5865169.5;-4231.657227
408954.2813;5865169.5;-4232.149414
409014.5938;5865169.5;-4232.602539
409074.9063;5865169.5;-4233.023926
409135.1875;5865169.5;-4233.416016
409195.5;5865169.5;-4233.777344
409255.8125;5865169.5;-4234.106934
409316.0938;5865169.5;-4234.415527
409376.4063;5865169.5;-4234.70459
401356.4063;5865230;-4238.769043
401416.6875;5865230;-4238.221191
401477;5865230;-4237.63916
401537.3125;5865230;-4237.020996
401597.5938;5865230;-4236.341797
401657.9063;5865230;-4235.608398
401718.2188;5865230;-4234.821777
401778.5;5865230;-4233.970215
401838.8125;5865230;-4233.047852
401899.0938;5865230;-4232.072266
401959.4063;5865230;-4231.040039
402019.7188;5865230;-4229.942871
402080;5865230;-4228.779297
402140.3125;5865230;-4227.570801
402200.625;5865230;-4226.320801
402260.9063;5865230;-4225.025879
402321.2188;5865230;-4223.687012
402381.5;5865230;-4222.327637
402441.8125;5865230;-4220.953125
402502.125;5865230;-4219.566406
402562.4063;5865230;-4218.168457
402622.7188;5865230;-4216.766113
402683.0313;5865230;-4215.364746
402743.3125;5865230;-4213.971191
402803.625;5865230;-4212.585938
402863.9063;5865230;-4211.208984
402924.2188;5865230;-4209.84668
402984.5313;5865230;-4208.497559
403044.8125;5865230;-4207.166016
403105.125;5865230;-4205.850586
403165.4375;5865230;-4204.541992
403225.7188;5865230;-4203.23877
403286.0313;5865230;-4201.946777
403346.3125;5865230;-4200.654785
403406.625;5865230;-4199.361816
403466.9375;5865230;-4198.068848
403527.2188;5865230;-4196.766602
403587.5313;5865230;-4195.451172
403647.8438;5865230;-4194.126953
403708.125;5865230;-4192.788574
403768.4375;5865230;-4191.43457
403828.7188;5865230;-4190.070313
403889.0313;5865230;-4188.692383
403949.3438;5865230;-4187.296875
404009.625;5865230;-4185.890137
404069.9375;5865230;-4184.479004
404130.25;5865230;-4183.063965
404190.5313;5865230;-4181.646973
404250.8438;5865230;-4180.233887
404311.125;5865230;-4178.834473
404371.4375;5865230;-4177.452148
404431.75;5865230;-4176.092285
404492.0313;5865230;-4174.764648
404552.3438;5865230;-4173.470703
404612.625;5865230;-4172.218262
404672.9375;5865230;-4171.032715
404733.25;5865230;-4169.944336
404793.5313;5865230;-4168.949219
404853.8438;5865230;-4168.061035
404914.1563;5865230;-4167.323242
404974.4375;5865230;-4166.745605
405034.75;5865230;-4166.288086
405095.0313;5865230;-4165.954102
405155.3438;5865230;-4165.793945
405215.6563;5865230;-4165.859863
405275.9375;5865230;-4166.098145
405336.25;5865230;-4166.479492
405396.5625;5865230;-4167.001465
405456.8438;5865230;-4167.653809
405517.1563;5865230;-4168.425781
405577.4375;5865230;-4169.323242
405637.75;5865230;-4170.358398
405698.0625;5865230;-4171.484863
405758.3438;5865230;-4172.66748
405818.6563;5865230;-4173.898438
405878.9688;5865230;-4175.188965
405939.25;5865230;-4176.524902
405999.5625;5865230;-4177.88623
406059.8438;5865230;-4179.270996
406120.1563;5865230;-4180.67334
406180.4688;5865230;-4182.081543
406240.75;5865230;-4183.494141
406301.0625;5865230;-4184.907715
406361.375;5865230;-4186.318848
406421.6563;5865230;-4187.726074
406481.9688;5865230;-4189.12793
406542.25;5865230;-4190.521973
406602.5625;5865230;-4191.907227
406662.875;5865230;-4193.285645
406723.1563;5865230;-4194.658203
406783.4688;5865230;-4196.025391
406843.7813;5865230;-4197.382324
406904.0625;5865230;-4198.726074
406964.375;5865230;-4200.059082
407024.6563;5865230;-4201.382813
407084.9688;5865230;-4202.694336
407145.2813;5865230;-4203.991699
407205.5625;5865230;-4205.273926
407265.875;5865230;-4206.539551
407326.1875;5865230;-4207.782715
407386.4688;5865230;-4209.008301
407446.7813;5865230;-4210.21875
407507.0625;5865230;-4211.412109
407567.375;5865230;-4212.581055
407627.6875;5865230;-4213.731445
407687.9688;5865230;-4214.862793
407748.2813;5865230;-4215.972656
407808.5938;5865230;-4217.047363
407868.875;5865230;-4218.089844
407929.1875;5865230;-4219.109375
407989.4688;5865230;-4220.107422
408049.7813;5865230;-4221.079102
408110.0938;5865230;-4222.022949
408170.375;5865230;-4222.933594
408230.6875;5865230;-4223.806152
408291;5865230;-4224.641113
408351.2813;5865230;-4225.44873
408411.5938;5865230;-4226.233398
408471.875;5865230;-4226.990723
408532.1875;5865230;-4227.703125
408592.5;5865230;-4228.381348
408652.7813;5865230;-4229.03125
408713.0938;5865230;-4229.650879
408773.4063;5865230;-4230.231445
408833.6875;5865230;-4230.777344
408894;5865230;-4231.29248
408954.2813;5865230;-4231.780273
409014.5938;5865230;-4232.229492
409074.9063;5865230;-4232.647461
409135.1875;5865230;-4233.036133
409195.5;5865230;-4233.395508
409255.8125;5865230;-4233.724121
409316.0938;5865230;-4234.032227
409376.4063;5865230;-4234.322266
401356.4063;5865291;-4238.184082
401416.6875;5865291;-4237.625977
401477;5865291;-4237.037109
401537.3125;5865291;-4236.414063
401597.5938;5865291;-4235.73291
401657.9063;5865291;-4234.998047
401718.2188;5865291;-4234.211914
401778.5;5865291;-4233.362793
401838.8125;5865291;-4232.445313
401899.0938;5865291;-4231.477051
401959.4063;5865291;-4230.455078
402019.7188;5865291;-4229.371094
402080;5865291;-4228.226074
402140.3125;5865291;-4227.035645
402200.625;5865291;-4225.805176
402260.9063;5865291;-4224.533203
402321.2188;5865291;-4223.216797
402381.5;5865291;-4221.878418
402441.8125;5865291;-4220.525391
402502.125;5865291;-4219.158203
402562.4063;5865291;-4217.777832
402622.7188;5865291;-4216.390625
402683.0313;5865291;-4215.001953
402743.3125;5865291;-4213.617676
402803.625;5865291;-4212.237793
402863.9063;5865291;-4210.865234
402924.2188;5865291;-4209.504883
402984.5313;5865291;-4208.154297
403044.8125;5865291;-4206.817383
403105.125;5865291;-4205.495117
403165.4375;5865291;-4204.179688
403225.7188;5865291;-4202.869629
403286.0313;5865291;-4201.569824
403346.3125;5865291;-4200.270508
403406.625;5865291;-4198.971191
403466.9375;5865291;-4197.67334
403527.2188;5865291;-4196.369141
403587.5313;5865291;-4195.053711
403647.8438;5865291;-4193.734863
403708.125;5865291;-4192.405273
403768.4375;5865291;-4191.062988
403828.7188;5865291;-4189.714355
403889.0313;5865291;-4188.356445
403949.3438;5865291;-4186.985352
404009.625;5865291;-4185.609375
404069.9375;5865291;-4184.232422
404130.25;5865291;-4182.854004
404190.5313;5865291;-4181.479492
404250.8438;5865291;-4180.115723
404311.125;5865291;-4178.770996
404371.4375;5865291;-4177.446777
404431.75;5865291;-4176.150391
404492.0313;5865291;-4174.88916
404552.3438;5865291;-4173.664063
404612.625;5865291;-4172.483398
404672.9375;5865291;-4171.370605
404733.25;5865291;-4170.351563
404793.5313;5865291;-4169.422852
404853.8438;5865291;-4168.595703
404914.1563;5865291;-4167.910645
404974.4375;5865291;-4167.374512
405034.75;5865291;-4166.951172
405095.0313;5865291;-4166.643555
405155.3438;5865291;-4166.49707
405215.6563;5865291;-4166.5625
405275.9375;5865291;-4166.789063
405336.25;5865291;-4167.152344
405396.5625;5865291;-4167.649414
405456.8438;5865291;-4168.270508
405517.1563;5865291;-4169.007813
405577.4375;5865291;-4169.865723
405637.75;5865291;-4170.858398
405698.0625;5865291;-4171.940918
405758.3438;5865291;-4173.079102
405818.6563;5865291;-4174.267578
405878.9688;5865291;-4175.514648
405939.25;5865291;-4176.80957
405999.5625;5865291;-4178.131836
406059.8438;5865291;-4179.478027
406120.1563;5865291;-4180.845215
406180.4688;5865291;-4182.222656
406240.75;5865291;-4183.60498
406301.0625;5865291;-4184.989258
406361.375;5865291;-4186.374023
406421.6563;5865291;-4187.756836
406481.9688;5865291;-4189.135742
406542.25;5865291;-4190.510254
406602.5625;5865291;-4191.878418
406662.875;5865291;-4193.239746
406723.1563;5865291;-4194.597656
406783.4688;5865291;-4195.949707
406843.7813;5865291;-4197.29248
406904.0625;5865291;-4198.624512
406964.375;5865291;-4199.946289
407024.6563;5865291;-4201.258789
407084.9688;5865291;-4202.55957
407145.2813;5865291;-4203.84668
407205.5625;5865291;-4205.119629
407265.875;5865291;-4206.375977
407326.1875;5865291;-4207.610352
407386.4688;5865291;-4208.827637
407446.7813;5865291;-4210.029785
407507.0625;5865291;-4211.214355
407567.375;5865291;-4212.376465
407627.6875;5865291;-4213.518555
407687.9688;5865291;-4214.64209
407748.2813;5865291;-4215.745605
407808.5938;5865291;-4216.812988
407868.875;5865291;-4217.849121
407929.1875;5865291;-4218.862793
407989.4688;5865291;-4219.85498
408049.7813;5865291;-4220.820801
408110.0938;5865291;-4221.757813
408170.375;5865291;-4222.662598
408230.6875;5865291;-4223.529785
408291;5865291;-4224.359375
408351.2813;5865291;-4225.162109
408411.5938;5865291;-4225.941406
408471.875;5865291;-4226.693359
408532.1875;5865291;-4227.401367
408592.5;5865291;-4228.074707
408652.7813;5865291;-4228.719238
408713.0938;5865291;-4229.334473
408773.4063;5865291;-4229.910156
408833.6875;5865291;-4230.450195
408894;5865291;-4230.961426
408954.2813;5865291;-4231.443848
409014.5938;5865291;-4231.889648
409074.9063;5865291;-4232.302734
409135.1875;5865291;-4232.6875
409195.5;5865291;-4233.042969
409255.8125;5865291;-4233.370117
409316.0938;5865291;-4233.678223
409376.4063;5865291;-4233.96875
401356.4063;5865351.5;-4237.631348
401416.6875;5865351.5;-4237.064941
401477;5865351.5;-4236.471191
401537.3125;5865351.5;-4235.845703
401597.5938;5865351.5;-4235.163086
401657.9063;5865351.5;-4234.429199
401718.2188;5865351.5;-4233.64502
401778.5;5865351.5;-4232.798828
401838.8125;5865351.5;-4231.887207
401899.0938;5865351.5;-4230.926758
401959.4063;5865351.5;-4229.913574
402019.7188;5865351.5;-4228.841797
402080;5865351.5;-4227.710938
402140.3125;5865351.5;-4226.537598
402200.625;5865351.5;-4225.325195
402260.9063;5865351.5;-4224.072266
402321.2188;5865351.5;-4222.774902
402381.5;5865351.5;-4221.455566
402441.8125;5865351.5;-4220.120605
402502.125;5865351.5;-4218.770508
402562.4063;5865351.5;-4217.405273
402622.7188;5865351.5;-4216.030762
402683.0313;5865351.5;-4214.652344
402743.3125;5865351.5;-4213.275391
402803.625;5865351.5;-4211.900391
402863.9063;5865351.5;-4210.530762
402924.2188;5865351.5;-4209.171875
402984.5313;5865351.5;-4207.819336
403044.8125;5865351.5;-4206.478027
403105.125;5865351.5;-4205.151367
403165.4375;5865351.5;-4203.828613
403225.7188;5865351.5;-4202.51123
403286.0313;5865351.5;-4201.206055
403346.3125;5865351.5;-4199.900391
403406.625;5865351.5;-4198.595215
403466.9375;5865351.5;-4197.29541
403527.2188;5865351.5;-4195.989258
403587.5313;5865351.5;-4194.674805
403647.8438;5865351.5;-4193.361816
403708.125;5865351.5;-4192.040527
403768.4375;5865351.5;-4190.708984
403828.7188;5865351.5;-4189.375977
403889.0313;5865351.5;-4188.036621
403949.3438;5865351.5;-4186.688965
404009.625;5865351.5;-4185.342285
404069.9375;5865351.5;-4183.996094
404130.25;5865351.5;-4182.652832
404190.5313;5865351.5;-4181.316895
404250.8438;5865351.5;-4179.999023
404311.125;5865351.5;-4178.704102
404371.4375;5865351.5;-4177.433594
404431.75;5865351.5;-4176.194336
404492.0313;5865351.5;-4174.994141
404552.3438;5865351.5;-4173.831055
404612.625;5865351.5;-4172.715332
404672.9375;5865351.5;-4171.66748
404733.25;5865351.5;-4170.711426
404793.5313;5865351.5;-4169.841797
404853.8438;5865351.5;-4169.069824
404914.1563;5865351.5;-4168.431152
404974.4375;5865351.5;-4167.932129
405034.75;5865351.5;-4167.539551
405095.0313;5865351.5;-4167.256348
405155.3438;5865351.5;-4167.125
405215.6563;5865351.5;-4167.19043
405275.9375;5865351.5;-4167.407715
405336.25;5865351.5;-4167.755371
405396.5625;5865351.5;-4168.230957
405456.8438;5865351.5;-4168.827148
405517.1563;5865351.5;-4169.535156
405577.4375;5865351.5;-4170.358887
405637.75;5865351.5;-4171.313965
405698.0625;5865351.5;-4172.358398
405758.3438;5865351.5;-4173.458496
405818.6563;5865351.5;-4174.609863
405878.9688;5865351.5;-4175.819336
405939.25;5865351.5;-4177.077148
405999.5625;5865351.5;-4178.366211
406059.8438;5865351.5;-4179.678223
406120.1563;5865351.5;-4181.013184
406180.4688;5865351.5;-4182.362305
406240.75;5865351.5;-4183.716309
406301.0625;5865351.5;-4185.07373
406361.375;5865351.5;-4186.434082
406421.6563;5865351.5;-4187.793945
406481.9688;5865351.5;-4189.152344
406542.25;5865351.5;-4190.508301
406602.5625;5865351.5;-4191.859375
406662.875;5865351.5;-4193.205566
406723.1563;5865351.5;-4194.54834
406783.4688;5865351.5;-4195.886719
406843.7813;5865351.5;-4197.217285
406904.0625;5865351.5;-4198.536621
406964.375;5865351.5;-4199.847656
407024.6563;5865351.5;-4201.150391
407084.9688;5865351.5;-4202.44043
407145.2813;5865351.5;-4203.717773
407205.5625;5865351.5;-4204.981934
407265.875;5865351.5;-4206.228516
407326.1875;5865351.5;-4207.455566
407386.4688;5865351.5;-4208.665039
407446.7813;5865351.5;-4209.858398
407507.0625;5865351.5;-4211.035645
407567.375;5865351.5;-4212.190918
407627.6875;5865351.5;-4213.326172
407687.9688;5865351.5;-4214.442383
407748.2813;5865351.5;-4215.538574
407808.5938;5865351.5;-4216.600586
407868.875;5865351.5;-4217.630371
407929.1875;5865351.5;-4218.637207
407989.4688;5865351.5;-4219.624512
408049.7813;5865351.5;-4220.584473
408110.0938;5865351.5;-4221.515625
408170.375;5865351.5;-4222.415039
408230.6875;5865351.5;-4223.276367
408291;5865351.5;-4224.101563
408351.2813;5865351.5;-4224.899902
408411.5938;5865351.5;-4225.673828
408471.875;5865351.5;-4226.420898
408532.1875;5865351.5;-4227.124023
408592.5;5865351.5;-4227.79248
408652.7813;5865351.5;-4228.431641
408713.0938;5865351.5;-4229.041504
408773.4063;5865351.5;-4229.612793
408833.6875;5865351.5;-4230.148438
408894;5865351.5;-4230.653809
408954.2813;5865351.5;-4231.131348
409014.5938;5865351.5;-4231.571289
409074.9063;5865351.5;-4231.97998
409135.1875;5865351.5;-4232.360352
409195.5;5865351.5;-4232.711426
409255.8125;5865351.5;-4233.034668
409316.0938;5865351.5;-4233.341309
409376.4063;5865351.5;-4233.632324
401356.4063;5865412;-4237.104004
401416.6875;5865412;-4236.533203
401477;5865412;-4235.937988
401537.3125;5865412;-4235.313965
401597.5938;5865412;-4234.632324
401657.9063;5865412;-4233.900391
401718.2188;5865412;-4233.119141
401778.5;5865412;-4232.276367
401838.8125;5865412;-4231.371094
401899.0938;5865412;-4230.417969
401959.4063;5865412;-4229.412598
402019.7188;5865412;-4228.351074
402080;5865412;-4227.234375
402140.3125;5865412;-4226.074219
402200.625;5865412;-4224.878418
402260.9063;5865412;-4223.640625
402321.2188;5865412;-4222.361328
402381.5;5865412;-4221.057617
402441.8125;5865412;-4219.737305
402502.125;5865412;-4218.401855
402562.4063;5865412;-4217.049805
402622.7188;5865412;-4215.68457
402683.0313;5865412;-4214.314453
402743.3125;5865412;-4212.943848
402803.625;5865412;-4211.572266
402863.9063;5865412;-4210.204102
402924.2188;5865412;-4208.84668
402984.5313;5865412;-4207.492188
403044.8125;5865412;-4206.145996
403105.125;5865412;-4204.81543
403165.4375;5865412;-4203.486816
403225.7188;5865412;-4202.163086
403286.0313;5865412;-4200.852539
403346.3125;5865412;-4199.54248
403406.625;5865412;-4198.231445
403466.9375;5865412;-4196.930176
403527.2188;5865412;-4195.623535
403587.5313;5865412;-4194.311035
403647.8438;5865412;-4193.003418
403708.125;5865412;-4191.690918
403768.4375;5865412;-4190.370605
403828.7188;5865412;-4189.051758
403889.0313;5865412;-4187.730957
403949.3438;5865412;-4186.404785
404009.625;5865412;-4185.083496
404069.9375;5865412;-4183.767578
404130.25;5865412;-4182.455566
404190.5313;5865412;-4181.156738
404250.8438;5865412;-4179.879883
404311.125;5865412;-4178.630371
404371.4375;5865412;-4177.40918
404431.75;5865412;-4176.223633
404492.0313;5865412;-4175.07666
404552.3438;5865412;-4173.969727
404612.625;5865412;-4172.911133
404672.9375;5865412;-4171.922363
404733.25;5865412;-4171.021484
404793.5313;5865412;-4170.20459
404853.8438;5865412;-4169.481445
404914.1563;5865412;-4168.884277
404974.4375;5865412;-4168.417969
405034.75;5865412;-4168.052734
405095.0313;5865412;-4167.791504
405155.3438;5865412;-4167.675781
405215.6563;5865412;-4167.741211
405275.9375;5865412;-4167.951172
405336.25;5865412;-4168.287109
405396.5625;5865412;-4168.746094
405456.8438;5865412;-4169.320801
405517.1563;5865412;-4170.004883
405577.4375;5865412;-4170.801758
405637.75;5865412;-4171.725586
405698.0625;5865412;-4172.736328
405758.3438;5865412;-4173.804688
405818.6563;5865412;-4174.924805
405878.9688;5865412;-4176.102051
405939.25;5865412;-4177.328125
405999.5625;5865412;-4178.586914
406059.8438;5865412;-4179.868652
406120.1563;5865412;-4181.175293
406180.4688;5865412;-4182.497559
406240.75;5865412;-4183.82666
406301.0625;5865412;-4185.160645
406361.375;5865412;-4186.497559
406421.6563;5865412;-4187.836914
406481.9688;5865412;-4189.175781
406542.25;5865412;-4190.51416
406602.5625;5865412;-4191.849121
406662.875;5865412;-4193.180176
406723.1563;5865412;-4194.509277
406783.4688;5865412;-4195.834961
406843.7813;5865412;-4197.152344
406904.0625;5865412;-4198.461914
406964.375;5865412;-4199.762695
407024.6563;5865412;-4201.054688
407084.9688;5865412;-4202.336426
407145.2813;5865412;-4203.604492
407205.5625;5865412;-4204.858887
407265.875;5865412;-4206.098145
407326.1875;5865412;-4207.316406
407386.4688;5865412;-4208.519043
407446.7813;5865412;-4209.705566
407507.0625;5865412;-4210.875
407567.375;5865412;-4212.023926
407627.6875;5865412;-4213.152832
407687.9688;5865412;-4214.262207
407748.2813;5865412;-4215.351563
407808.5938;5865412;-4216.407715
407868.875;5865412;-4217.432617
407929.1875;5865412;-4218.435059
407989.4688;5865412;-4219.416016
408049.7813;5865412;-4220.370117
408110.0938;5865412;-4221.296875
408170.375;5865412;-4222.19043
408230.6875;5865412;-4223.047363
408291;5865412;-4223.867188
408351.2813;5865412;-4224.661133
408411.5938;5865412;-4225.430176
408471.875;5865412;-4226.171387
408532.1875;5865412;-4226.870117
408592.5;5865412;-4227.533691
408652.7813;5865412;-4228.167969
408713.0938;5865412;-4228.773438
408773.4063;5865412;-4229.338867
408833.6875;5865412;-4229.869629
408894;5865412;-4230.370117
408954.2813;5865412;-4230.841309
409014.5938;5865412;-4231.275391
409074.9063;5865412;-4231.678223
409135.1875;5865412;-4232.052246
409195.5;5865412;-4232.397949
409255.8125;5865412;-4232.716797
409316.0938;5865412;-4233.019531
409376.4063;5865412;-4233.308594
